population,dimension,group,classification,n,days,gross_R,cost_R,net_R,net_2x_cost_R,TARGET_rate,STOP_rate,TIMEOUT_rate,profitable_rate
COMBINED_DIAGNOSTIC,side,LONG,DIAGNOSTIC_ONLY,19174,546,-0.07982609132470246,0.076746656552289,-0.1565727478769915,-0.23331940442928048,0.19802858036925003,0.5472514863878168,0.2547199332429331,0.3569938458328987
COMBINED_DIAGNOSTIC,side,SHORT,DIAGNOSTIC_ONLY,21318,546,0.04177141756984536,0.08679478641597908,-0.04502336884613373,-0.1318181552621128,0.22746036213528473,0.4941833192607186,0.2783563186039966,0.4090440003752697
COMBINED_DIAGNOSTIC,symbol,1000BONKUSDT,DIAGNOSTIC_ONLY,361,203,0.015562282116025434,0.07718724073854509,-0.061624958622519654,-0.13881219936106476,0.23268698060941828,0.4903047091412742,0.2770083102493075,0.3850415512465374
COMBINED_DIAGNOSTIC,symbol,1000FLOKIUSDT,DIAGNOSTIC_ONLY,295,183,0.10301838740843793,0.07925245739372258,0.023765930014715334,-0.05548652737900722,0.24067796610169492,0.4610169491525424,0.2983050847457627,0.4067796610169492
COMBINED_DIAGNOSTIC,symbol,1000LUNCUSDT,DIAGNOSTIC_ONLY,287,171,-0.15454502357458674,0.08230586269639945,-0.23685088627098613,-0.3191567489673856,0.18815331010452963,0.5818815331010453,0.22996515679442509,0.33797909407665505
COMBINED_DIAGNOSTIC,symbol,1000PEPEUSDT,DIAGNOSTIC_ONLY,342,203,0.01646025318800991,0.0811420850903656,-0.06468183190235573,-0.14582391699272132,0.2046783625730994,0.49122807017543857,0.30409356725146197,0.4064327485380117
COMBINED_DIAGNOSTIC,symbol,1000SHIBUSDT,DIAGNOSTIC_ONLY,228,146,0.19869898684460213,0.09333278855086752,0.10536619829373456,0.012033409742867086,0.25877192982456143,0.4298245614035088,0.31140350877192985,0.44298245614035087
COMBINED_DIAGNOSTIC,symbol,1INCHUSDT,DIAGNOSTIC_ONLY,197,124,0.08922682151809469,0.0874259635222839,0.0018008579958107985,-0.08562510552647314,0.2182741116751269,0.5076142131979695,0.27411167512690354,0.43147208121827413
COMBINED_DIAGNOSTIC,symbol,AAVEUSDT,DIAGNOSTIC_ONLY,293,180,-0.104800046556757,0.0851060041649734,-0.18990605072173036,-0.27501205488670377,0.17747440273037543,0.5426621160409556,0.27986348122866894,0.3447098976109215
COMBINED_DIAGNOSTIC,symbol,ACEUSDT,DIAGNOSTIC_ONLY,397,214,-0.10418432599724248,0.07704583693319991,-0.18123016293044236,-0.2582759998636423,0.16876574307304787,0.5239294710327456,0.30730478589420657,0.327455919395466
COMBINED_DIAGNOSTIC,symbol,ADAUSDT,DIAGNOSTIC_ONLY,241,151,0.055926853152172266,0.08521098320952555,-0.029284130057353287,-0.11449511326687885,0.26141078838174275,0.47717842323651455,0.26141078838174275,0.4190871369294606
COMBINED_DIAGNOSTIC,symbol,ALGOUSDT,DIAGNOSTIC_ONLY,222,150,-0.04048366699192517,0.0858039691135967,-0.12628763610552188,-0.21209160521911857,0.22972972972972974,0.5675675675675675,0.20270270270270271,0.3783783783783784
COMBINED_DIAGNOSTIC,symbol,ALICEUSDT,DIAGNOSTIC_ONLY,330,183,-0.11762985974895948,0.07408498931195032,-0.19171484906090983,-0.26579983837286014,0.17575757575757575,0.5484848484848485,0.27575757575757576,0.32727272727272727
COMBINED_DIAGNOSTIC,symbol,ALTUSDT,DIAGNOSTIC_ONLY,375,205,-0.10264479065349928,0.08159305167201109,-0.18423784232551035,-0.2658308939975214,0.184,0.5733333333333334,0.24266666666666667,0.352
COMBINED_DIAGNOSTIC,symbol,APEUSDT,DIAGNOSTIC_ONLY,291,170,-0.1060207417337333,0.07919131362518046,-0.18521205535891375,-0.2644033689840942,0.17525773195876287,0.5292096219931272,0.29553264604810997,0.3539518900343643
COMBINED_DIAGNOSTIC,symbol,APTUSDT,DIAGNOSTIC_ONLY,274,171,0.027279226947454795,0.08798457693506585,-0.06070534998761107,-0.14868992692267693,0.27007299270072993,0.5145985401459854,0.21532846715328466,0.3905109489051095
COMBINED_DIAGNOSTIC,symbol,ARBUSDT,DIAGNOSTIC_ONLY,242,158,-0.04671231359973744,0.08398903436106937,-0.13070134796080682,-0.2146903823218762,0.2066115702479339,0.5165289256198347,0.2768595041322314,0.38016528925619836
COMBINED_DIAGNOSTIC,symbol,ARKMUSDT,DIAGNOSTIC_ONLY,303,182,-0.2020532215508984,0.07420160060593098,-0.27625482215682934,-0.35045642276276034,0.18151815181518152,0.5808580858085809,0.2376237623762376,0.31683168316831684
COMBINED_DIAGNOSTIC,symbol,ARKUSDT,DIAGNOSTIC_ONLY,303,186,-0.02661593149086244,0.08298462804343341,-0.10960055953429583,-0.19258518757772924,0.19141914191419143,0.49834983498349833,0.3102310231023102,0.38283828382838286
COMBINED_DIAGNOSTIC,symbol,ARUSDT,DIAGNOSTIC_ONLY,361,213,-0.08272152566678088,0.08002304977210163,-0.16274457543888252,-0.2427676252109842,0.1745152354570637,0.5346260387811634,0.29085872576177285,0.3739612188365651
COMBINED_DIAGNOSTIC,symbol,ATOMUSDT,DIAGNOSTIC_ONLY,208,131,-0.22497337917530588,0.09370660907439003,-0.318679988249696,-0.41238659732408595,0.16826923076923078,0.6105769230769231,0.22115384615384615,0.30288461538461536
COMBINED_DIAGNOSTIC,symbol,AVAXUSDT,DIAGNOSTIC_ONLY,207,144,-0.14740745833908797,0.08932843265849195,-0.23673589099757988,-0.3260643236560719,0.178743961352657,0.5652173913043478,0.2560386473429952,0.3285024154589372
COMBINED_DIAGNOSTIC,symbol,AXSUSDT,DIAGNOSTIC_ONLY,266,164,0.10786450119157152,0.07870295396251181,0.02916154722905973,-0.04954140673345211,0.22180451127819548,0.4548872180451128,0.3233082706766917,0.43609022556390975
COMBINED_DIAGNOSTIC,symbol,BBUSDT,DIAGNOSTIC_ONLY,492,249,0.0869511426661712,0.07624002987847826,0.010711112787692894,-0.06552891709078534,0.22560975609756098,0.5101626016260162,0.26422764227642276,0.40853658536585363
COMBINED_DIAGNOSTIC,symbol,BCHUSDT,DIAGNOSTIC_ONLY,256,157,-0.04666952186950502,0.09476639183571281,-0.14143591370521783,-0.23620230554093063,0.1484375,0.4609375,0.390625,0.38671875
COMBINED_DIAGNOSTIC,symbol,BEAMXUSDT,DIAGNOSTIC_ONLY,354,219,-0.03544254484431936,0.08582398909163681,-0.1212665339359561,-0.20709052302759295,0.2570621468926554,0.556497175141243,0.1864406779661017,0.3587570621468927
COMBINED_DIAGNOSTIC,symbol,BICOUSDT,DIAGNOSTIC_ONLY,384,233,0.10175563010474371,0.08463405527925831,0.01712157482548542,-0.06751248045377291,0.2526041666666667,0.4869791666666667,0.2604166666666667,0.4088541666666667
COMBINED_DIAGNOSTIC,symbol,BIGTIMEUSDT,DIAGNOSTIC_ONLY,321,190,-0.008928962762221873,0.08299679529705374,-0.0919257580592756,-0.1749225533563293,0.2336448598130841,0.5264797507788161,0.2398753894080997,0.37383177570093457
COMBINED_DIAGNOSTIC,symbol,BNBUSDT,DIAGNOSTIC_ONLY,138,86,-0.02500924041539537,0.10961740234080346,-0.13462664275619882,-0.2442440450970023,0.12318840579710146,0.41304347826086957,0.463768115942029,0.391304347826087
COMBINED_DIAGNOSTIC,symbol,BOMEUSDT,DIAGNOSTIC_ONLY,386,216,0.029185416322470854,0.07808472240635286,-0.04889930608388199,-0.12698402849023485,0.26424870466321243,0.5259067357512953,0.20984455958549222,0.38341968911917096
COMBINED_DIAGNOSTIC,symbol,BTCUSDT,DIAGNOSTIC_ONLY,69,56,-0.023964084045757887,0.10868614377326043,-0.13265022781901836,-0.2413363715922788,0.14492753623188406,0.5072463768115942,0.34782608695652173,0.4057971014492754
COMBINED_DIAGNOSTIC,symbol,CAKEUSDT,DIAGNOSTIC_ONLY,280,159,0.07786528678194334,0.08523726048349682,-0.007371973701553504,-0.09260923418505031,0.23214285714285715,0.4607142857142857,0.30714285714285716,0.4357142857142857
COMBINED_DIAGNOSTIC,symbol,CATIUSDT,DIAGNOSTIC_ONLY,440,247,-0.020960037072622353,0.07849088749160893,-0.09945092456423127,-0.17794181205584023,0.19545454545454546,0.5477272727272727,0.25681818181818183,0.3522727272727273
COMBINED_DIAGNOSTIC,symbol,CFXUSDT,DIAGNOSTIC_ONLY,332,210,-0.08495801407929156,0.08283495511521718,-0.16779296919450876,-0.25062792430972597,0.1897590361445783,0.5331325301204819,0.27710843373493976,0.3644578313253012
COMBINED_DIAGNOSTIC,symbol,CHZUSDT,DIAGNOSTIC_ONLY,312,189,-0.010344311406511642,0.09259737318520135,-0.10294168459171303,-0.19553905777691438,0.22435897435897437,0.532051282051282,0.24358974358974358,0.36217948717948717
COMBINED_DIAGNOSTIC,symbol,COMPUSDT,DIAGNOSTIC_ONLY,285,162,0.009331163935273896,0.08957270060469916,-0.08024153666942528,-0.1698142372741244,0.2,0.5087719298245614,0.2912280701754386,0.38596491228070173
COMBINED_DIAGNOSTIC,symbol,COTIUSDT,DIAGNOSTIC_ONLY,329,202,0.002715435207986687,0.08081925739462671,-0.07810382218664003,-0.15892307958126675,0.24924012158054712,0.5106382978723404,0.24012158054711247,0.3951367781155015
COMBINED_DIAGNOSTIC,symbol,CRVUSDT,DIAGNOSTIC_ONLY,280,178,-0.1282929587197422,0.08126625338051174,-0.20955921210025394,-0.2908254654807657,0.18928571428571428,0.5535714285714286,0.2571428571428571,0.3464285714285714
COMBINED_DIAGNOSTIC,symbol,DASHUSDT,DIAGNOSTIC_ONLY,341,184,0.08562042902189508,0.07305552265170737,0.012564906370187728,-0.06049061628151961,0.20527859237536658,0.5043988269794721,0.2903225806451613,0.41055718475073316
COMBINED_DIAGNOSTIC,symbol,DODOXUSDT,DIAGNOSTIC_ONLY,370,202,0.09247442339638709,0.08313181086835025,0.009342612528036863,-0.0737891983403134,0.25675675675675674,0.4702702702702703,0.27297297297297296,0.43243243243243246
COMBINED_DIAGNOSTIC,symbol,DOGEUSDT,DIAGNOSTIC_ONLY,260,177,-0.06462124546524803,0.09156426640904898,-0.156185511874297,-0.247749778283346,0.18076923076923077,0.5115384615384615,0.3076923076923077,0.3923076923076923
COMBINED_DIAGNOSTIC,symbol,DOGSUSDT,DIAGNOSTIC_ONLY,362,222,-0.08758390587038833,0.07681802457713792,-0.16440193044752627,-0.24121995502466417,0.22099447513812154,0.5773480662983426,0.20165745856353592,0.356353591160221
COMBINED_DIAGNOSTIC,symbol,DOTUSDT,DIAGNOSTIC_ONLY,206,135,0.11025613160082784,0.0886244877128727,0.021631643887955188,-0.06699284382491753,0.23786407766990292,0.46116504854368934,0.30097087378640774,0.46601941747572817
COMBINED_DIAGNOSTIC,symbol,DUSKUSDT,DIAGNOSTIC_ONLY,394,228,0.008973577376409697,0.07670751266471737,-0.06773393528830764,-0.144441447953025,0.233502538071066,0.5304568527918782,0.23604060913705585,0.3883248730964467
COMBINED_DIAGNOSTIC,symbol,DYDXUSDT,DIAGNOSTIC_ONLY,278,162,0.068620273068188,0.08026334684952832,-0.01164307378134029,-0.09190642063086861,0.22661870503597123,0.5107913669064749,0.26258992805755393,0.38848920863309355
COMBINED_DIAGNOSTIC,symbol,EGLDUSDT,DIAGNOSTIC_ONLY,209,147,0.07587892716046447,0.09015873539963724,-0.014279808239172779,-0.10443854363881,0.22488038277511962,0.45454545454545453,0.32057416267942584,0.42105263157894735
COMBINED_DIAGNOSTIC,symbol,ENAUSDT,DIAGNOSTIC_ONLY,386,220,0.08312192350858826,0.07064753877828374,0.01247438473030453,-0.05817315404797918,0.20984455958549222,0.46113989637305697,0.3290155440414508,0.45077720207253885
COMBINED_DIAGNOSTIC,symbol,ENJUSDT,DIAGNOSTIC_ONLY,341,181,0.11279790772616176,0.07560722033983193,0.03719068738632982,-0.038416532953502114,0.2785923753665689,0.4780058651026393,0.2434017595307918,0.4281524926686217
COMBINED_DIAGNOSTIC,symbol,ENSUSDT,DIAGNOSTIC_ONLY,242,155,0.072836417769884,0.0822400726574787,-0.009403654887594674,-0.09164372754507334,0.23140495867768596,0.4669421487603306,0.30165289256198347,0.43388429752066116
COMBINED_DIAGNOSTIC,symbol,ETCUSDT,DIAGNOSTIC_ONLY,182,126,0.20640708645116615,0.09386910819689538,0.11253797825427077,0.018668870057375407,0.22527472527472528,0.41208791208791207,0.3626373626373626,0.5384615384615384
COMBINED_DIAGNOSTIC,symbol,ETHFIUSDT,DIAGNOSTIC_ONLY,328,196,-0.1362681804887072,0.07762143142042309,-0.21388961190913033,-0.2915110433295534,0.21036585365853658,0.5945121951219512,0.1951219512195122,0.32926829268292684
COMBINED_DIAGNOSTIC,symbol,ETHUSDT,DIAGNOSTIC_ONLY,198,144,0.13088217664613333,0.1013563241261057,0.029525852520027627,-0.07183047160607807,0.21212121212121213,0.47474747474747475,0.31313131313131315,0.4292929292929293
COMBINED_DIAGNOSTIC,symbol,FETUSDT,DIAGNOSTIC_ONLY,287,181,0.029620618367882018,0.07465887026710359,-0.045038251899221546,-0.11969712216632514,0.2229965156794425,0.4912891986062718,0.2857142857142857,0.4250871080139373
COMBINED_DIAGNOSTIC,symbol,FILUSDT,DIAGNOSTIC_ONLY,288,166,-0.08946827368921759,0.08473248366990982,-0.1742007573591274,-0.25893324102903725,0.1840277777777778,0.5520833333333334,0.2638888888888889,0.3645833333333333
COMBINED_DIAGNOSTIC,symbol,GALAUSDT,DIAGNOSTIC_ONLY,225,142,0.023566627860185027,0.08241254190127961,-0.05884591404109461,-0.1412584559423742,0.25333333333333335,0.5066666666666667,0.24,0.4088888888888889
COMBINED_DIAGNOSTIC,symbol,GRTUSDT,DIAGNOSTIC_ONLY,192,140,0.021130365217156662,0.0932350158341096,-0.07210465061695293,-0.1653396664510625,0.23958333333333334,0.5260416666666666,0.234375,0.3854166666666667
COMBINED_DIAGNOSTIC,symbol,HBARUSDT,DIAGNOSTIC_ONLY,197,133,-0.04576689653649774,0.0856581090027599,-0.13142500553925765,-0.2170831145420175,0.16751269035532995,0.5177664974619289,0.3147208121827411,0.38578680203045684
COMBINED_DIAGNOSTIC,symbol,ICPUSDT,DIAGNOSTIC_ONLY,255,160,0.08466360776751028,0.07830877709199431,0.006354830675515934,-0.07195394641647834,0.20784313725490197,0.47843137254901963,0.3137254901960784,0.40784313725490196
COMBINED_DIAGNOSTIC,symbol,IDUSDT,DIAGNOSTIC_ONLY,293,184,0.06581493103530338,0.08477473203119044,-0.018959800995887024,-0.10373453302707748,0.24232081911262798,0.5119453924914675,0.24573378839590443,0.39590443686006827
COMBINED_DIAGNOSTIC,symbol,IMXUSDT,DIAGNOSTIC_ONLY,315,189,0.14660053481324087,0.07805115457485058,0.06854938023839029,-0.00950177433646031,0.21587301587301588,0.4634920634920635,0.32063492063492066,0.4507936507936508
COMBINED_DIAGNOSTIC,symbol,INJUSDT,DIAGNOSTIC_ONLY,269,175,-0.10972793599849417,0.07993869578138228,-0.18966663177987642,-0.2696053275612587,0.1895910780669145,0.5390334572490706,0.27137546468401486,0.3382899628252788
COMBINED_DIAGNOSTIC,symbol,IOSTUSDT,DIAGNOSTIC_ONLY,253,160,0.18622004980151738,0.08985946776363837,0.09636058203787898,0.006501114274240616,0.2648221343873518,0.41106719367588934,0.3241106719367589,0.4782608695652174
COMBINED_DIAGNOSTIC,symbol,IOTAUSDT,DIAGNOSTIC_ONLY,259,169,0.007236156406857895,0.08466048706791905,-0.07742433066106115,-0.16208481772898023,0.21235521235521235,0.4864864864864865,0.30115830115830117,0.4015444015444015
COMBINED_DIAGNOSTIC,symbol,IOUSDT,DIAGNOSTIC_ONLY,419,245,-0.03727448607541831,0.07864969664024818,-0.11592418271566647,-0.19457387935591466,0.22673031026252982,0.5298329355608592,0.24343675417661098,0.3723150357995227
COMBINED_DIAGNOSTIC,symbol,JASMYUSDT,DIAGNOSTIC_ONLY,283,175,0.018202677308063072,0.08201716622121306,-0.06381448891315,-0.14583165513436308,0.2332155477031802,0.5265017667844523,0.24028268551236748,0.3957597173144876
COMBINED_DIAGNOSTIC,symbol,JTOUSDT,DIAGNOSTIC_ONLY,386,228,0.09933287301880632,0.07950134280841231,0.019831530210393987,-0.059669812598018304,0.27979274611398963,0.5259067357512953,0.19430051813471502,0.4067357512953368
COMBINED_DIAGNOSTIC,symbol,JUPUSDT,DIAGNOSTIC_ONLY,353,215,-0.0313633556862162,0.07943541231877832,-0.11079876800499448,-0.19023418032377282,0.22662889518413598,0.5127478753541076,0.26062322946175637,0.3937677053824363
COMBINED_DIAGNOSTIC,symbol,KASUSDT,DIAGNOSTIC_ONLY,363,219,0.03494516593026339,0.08717992043603717,-0.05223475450577379,-0.13941467494181098,0.25068870523415976,0.4738292011019284,0.27548209366391185,0.41597796143250687
COMBINED_DIAGNOSTIC,symbol,KAVAUSDT,DIAGNOSTIC_ONLY,285,157,-0.07566349696592418,0.09032859842454037,-0.16599209539046456,-0.25632069381500494,0.20350877192982456,0.5543859649122806,0.24210526315789474,0.35789473684210527
COMBINED_DIAGNOSTIC,symbol,KSMUSDT,DIAGNOSTIC_ONLY,264,161,0.050331575955474314,0.08804164062117999,-0.03771006466570565,-0.12575170528688567,0.21212121212121213,0.49242424242424243,0.29545454545454547,0.3977272727272727
COMBINED_DIAGNOSTIC,symbol,LDOUSDT,DIAGNOSTIC_ONLY,314,198,-0.017949401970803754,0.08059954784371182,-0.09854894981451555,-0.17914849765822738,0.2229299363057325,0.5222929936305732,0.25477707006369427,0.3630573248407643
COMBINED_DIAGNOSTIC,symbol,LINKUSDT,DIAGNOSTIC_ONLY,194,137,-0.07343704589749946,0.09008090806326693,-0.16351795396076635,-0.2535988620240333,0.18041237113402062,0.5360824742268041,0.28350515463917525,0.37628865979381443
COMBINED_DIAGNOSTIC,symbol,LPTUSDT,DIAGNOSTIC_ONLY,281,176,-0.22663823983356365,0.08353741630524229,-0.31017565613880593,-0.3937130724440483,0.1601423487544484,0.5729537366548043,0.2669039145907473,0.30604982206405695
COMBINED_DIAGNOSTIC,symbol,LSKUSDT,DIAGNOSTIC_ONLY,256,157,-0.060837802366517715,0.09059134202698436,-0.15142914439350208,-0.24202048642048646,0.171875,0.52734375,0.30078125,0.37890625
COMBINED_DIAGNOSTIC,symbol,LTCUSDT,DIAGNOSTIC_ONLY,195,125,0.03459935806831015,0.08972278344866166,-0.0551234253803515,-0.1448462088290131,0.18974358974358974,0.4564102564102564,0.35384615384615387,0.41025641025641024
COMBINED_DIAGNOSTIC,symbol,MANAUSDT,DIAGNOSTIC_ONLY,222,161,-0.024798376044232497,0.08884987737270049,-0.11364825341693298,-0.2024981307896335,0.22972972972972974,0.509009009009009,0.26126126126126126,0.3963963963963964
COMBINED_DIAGNOSTIC,symbol,MEMEUSDT,DIAGNOSTIC_ONLY,416,209,0.010372186486895786,0.07306120004256028,-0.06268901355566446,-0.13575021359822476,0.20673076923076922,0.5144230769230769,0.27884615384615385,0.39903846153846156
COMBINED_DIAGNOSTIC,symbol,MINAUSDT,DIAGNOSTIC_ONLY,258,166,0.04457762669601243,0.0853684327096448,-0.04079080601363236,-0.12615923872327717,0.26356589147286824,0.5,0.2364341085271318,0.3953488372093023
COMBINED_DIAGNOSTIC,symbol,MOVRUSDT,DIAGNOSTIC_ONLY,354,214,0.14769743638645672,0.08446976497862808,0.06322767140782865,-0.021242093570799443,0.2514124293785311,0.4689265536723164,0.2796610169491525,0.4491525423728814
COMBINED_DIAGNOSTIC,symbol,NEARUSDT,DIAGNOSTIC_ONLY,261,181,-0.11074320697900081,0.08010226899132465,-0.19084547597032542,-0.2709477449616501,0.20689655172413793,0.5517241379310345,0.2413793103448276,0.36015325670498083
COMBINED_DIAGNOSTIC,symbol,NEIROUSDT,DIAGNOSTIC_ONLY,422,220,-0.0917291725432318,0.06798048269483317,-0.15970965523806496,-0.22769013793289816,0.2014218009478673,0.5616113744075829,0.23696682464454977,0.34834123222748814
COMBINED_DIAGNOSTIC,symbol,NEOUSDT,DIAGNOSTIC_ONLY,225,142,0.1748062997232907,0.09345621587238248,0.08135008385090825,-0.012106132021474272,0.24888888888888888,0.4533333333333333,0.29777777777777775,0.4622222222222222
COMBINED_DIAGNOSTIC,symbol,NOTUSDT,DIAGNOSTIC_ONLY,348,199,0.07936104505513447,0.08332547143490666,-0.003964426379772173,-0.08728989781467884,0.21551724137931033,0.5316091954022989,0.25287356321839083,0.3994252873563218
COMBINED_DIAGNOSTIC,symbol,ONDOUSDT,DIAGNOSTIC_ONLY,235,156,-0.11677611347803848,0.07783449458096134,-0.19461060805899988,-0.27244510263996113,0.19148936170212766,0.5787234042553191,0.2297872340425532,0.35319148936170214
COMBINED_DIAGNOSTIC,symbol,ONEUSDT,DIAGNOSTIC_ONLY,344,209,0.019216652138104282,0.08804727670946319,-0.06883062457135895,-0.15687790128082213,0.25,0.5232558139534884,0.22674418604651161,0.4011627906976744
COMBINED_DIAGNOSTIC,symbol,ONGUSDT,DIAGNOSTIC_ONLY,241,143,-0.16938843757851493,0.08940839625428589,-0.25879683383280083,-0.34820523008708676,0.15767634854771784,0.5975103734439834,0.24481327800829875,0.33195020746887965
COMBINED_DIAGNOSTIC,symbol,ONTUSDT,DIAGNOSTIC_ONLY,254,148,-0.07646994242932394,0.08446302369687152,-0.16093296612619545,-0.24539598982306698,0.20866141732283464,0.531496062992126,0.25984251968503935,0.3661417322834646
COMBINED_DIAGNOSTIC,symbol,OPUSDT,DIAGNOSTIC_ONLY,260,161,-0.05730604370274837,0.0813912158142136,-0.13869725951696196,-0.22008847533117556,0.19230769230769232,0.5,0.3076923076923077,0.36923076923076925
COMBINED_DIAGNOSTIC,symbol,ORDIUSDT,DIAGNOSTIC_ONLY,430,218,-0.02523113652890553,0.07718379875954828,-0.1024149352884538,-0.17959873404800208,0.2116279069767442,0.541860465116279,0.24651162790697675,0.3813953488372093
COMBINED_DIAGNOSTIC,symbol,PENDLEUSDT,DIAGNOSTIC_ONLY,365,221,-0.05916716455350718,0.0793502085167806,-0.13851737307028777,-0.21786758158706832,0.2,0.5643835616438356,0.2356164383561644,0.3643835616438356
COMBINED_DIAGNOSTIC,symbol,PEOPLEUSDT,DIAGNOSTIC_ONLY,344,201,-0.09248660283886863,0.07695172408648712,-0.16943832692535576,-0.24639005101184294,0.19767441860465115,0.5581395348837209,0.2441860465116279,0.36627906976744184
COMBINED_DIAGNOSTIC,symbol,POLUSDT,DIAGNOSTIC_ONLY,211,135,-0.14013137999700678,0.09495046349733023,-0.235081843494337,-0.3300323069916673,0.1848341232227488,0.5545023696682464,0.26066350710900477,0.3175355450236967
COMBINED_DIAGNOSTIC,symbol,POPCATUSDT,DIAGNOSTIC_ONLY,386,222,0.060755274980065534,0.07000286052012059,-0.009247585540055045,-0.07925044606017566,0.25129533678756477,0.5466321243523317,0.20207253886010362,0.3860103626943005
COMBINED_DIAGNOSTIC,symbol,PORTALUSDT,DIAGNOSTIC_ONLY,507,253,-0.020985347256940734,0.06861582414146393,-0.08960117139840466,-0.15821699553986857,0.20710059171597633,0.5207100591715976,0.27218934911242604,0.3747534516765286
COMBINED_DIAGNOSTIC,symbol,PYTHUSDT,DIAGNOSTIC_ONLY,339,204,-0.08730937453570203,0.07834789188385571,-0.16565726641955777,-0.24400515830341343,0.20058997050147492,0.5309734513274337,0.26843657817109146,0.35398230088495575
COMBINED_DIAGNOSTIC,symbol,QNTUSDT,DIAGNOSTIC_ONLY,277,177,-0.09635147939049934,0.09383388023609576,-0.1901853596265951,-0.28401923986269084,0.17328519855595667,0.5595667870036101,0.26714801444043323,0.36462093862815886
COMBINED_DIAGNOSTIC,symbol,RENDERUSDT,DIAGNOSTIC_ONLY,295,187,0.005391826734892889,0.08362341912434121,-0.07823159238944832,-0.1618550115137895,0.2271186440677966,0.5559322033898305,0.21694915254237288,0.37966101694915255
COMBINED_DIAGNOSTIC,symbol,REZUSDT,DIAGNOSTIC_ONLY,490,264,0.09945350243616335,0.07508618873582856,0.02436731370033479,-0.05071887503549376,0.24489795918367346,0.49795918367346936,0.2571428571428571,0.4326530612244898
COMBINED_DIAGNOSTIC,symbol,RIFUSDT,DIAGNOSTIC_ONLY,259,158,-0.11232370869285561,0.08183525706303273,-0.1941589657558883,-0.275994222818921,0.15057915057915058,0.528957528957529,0.3204633204633205,0.3552123552123552
COMBINED_DIAGNOSTIC,symbol,ROSEUSDT,DIAGNOSTIC_ONLY,319,192,-0.08359791070668984,0.07734454904755754,-0.16094245975424737,-0.2382870088018049,0.23197492163009403,0.5360501567398119,0.23197492163009403,0.3322884012539185
COMBINED_DIAGNOSTIC,symbol,RSRUSDT,DIAGNOSTIC_ONLY,346,198,0.04089708946787761,0.0863082762408691,-0.04541118677299147,-0.1317194630138606,0.23699421965317918,0.5086705202312138,0.2543352601156069,0.40173410404624277
COMBINED_DIAGNOSTIC,symbol,RUNEUSDT,DIAGNOSTIC_ONLY,246,162,-0.11951857435808813,0.08539890391256598,-0.20491747827065412,-0.29031638218322003,0.21544715447154472,0.5650406504065041,0.21951219512195122,0.3617886178861789
COMBINED_DIAGNOSTIC,symbol,RVNUSDT,DIAGNOSTIC_ONLY,171,116,-0.17378525516331977,0.08180844773384859,-0.2555937028971683,-0.3374021506310169,0.1695906432748538,0.5789473684210527,0.25146198830409355,0.3333333333333333
COMBINED_DIAGNOSTIC,symbol,SAGAUSDT,DIAGNOSTIC_ONLY,456,237,-0.1425565073424158,0.07573308530125934,-0.2182895926436751,-0.2940226779449345,0.18201754385964913,0.5899122807017544,0.22807017543859648,0.3355263157894737
COMBINED_DIAGNOSTIC,symbol,SANDUSDT,DIAGNOSTIC_ONLY,208,153,0.04878899081499317,0.08535351666840311,-0.036564525853409954,-0.1219180425218131,0.2403846153846154,0.4855769230769231,0.27403846153846156,0.40865384615384615
COMBINED_DIAGNOSTIC,symbol,SEIUSDT,DIAGNOSTIC_ONLY,263,162,0.020682316930117323,0.08585081165462394,-0.06516849472450661,-0.15101930637913055,0.22053231939163498,0.49429657794676807,0.28517110266159695,0.39543726235741444
COMBINED_DIAGNOSTIC,symbol,SNXUSDT,DIAGNOSTIC_ONLY,305,181,-0.049953620116357636,0.07800290358702446,-0.1279565237033821,-0.20595942729040656,0.23278688524590163,0.5540983606557377,0.21311475409836064,0.3737704918032787
COMBINED_DIAGNOSTIC,symbol,SOLUSDT,DIAGNOSTIC_ONLY,208,147,0.20441924112406135,0.0915727649133713,0.11284647621069008,0.021273711297318768,0.21634615384615385,0.4326923076923077,0.35096153846153844,0.47596153846153844
COMBINED_DIAGNOSTIC,symbol,STRKUSDT,DIAGNOSTIC_ONLY,303,191,0.12034182564306718,0.08061469252619617,0.03972713311687103,-0.04088755940932517,0.2739273927392739,0.48184818481848185,0.24422442244224424,0.44554455445544555
COMBINED_DIAGNOSTIC,symbol,STXUSDT,DIAGNOSTIC_ONLY,237,157,0.2105490514500675,0.09025550912530042,0.12029354232476706,0.030038033199466647,0.270042194092827,0.47257383966244726,0.25738396624472576,0.459915611814346
COMBINED_DIAGNOSTIC,symbol,SUIUSDT,DIAGNOSTIC_ONLY,305,197,0.02935587166838281,0.08550858051899002,-0.05615270885060721,-0.1416612893695972,0.24918032786885247,0.49508196721311476,0.25573770491803277,0.4
COMBINED_DIAGNOSTIC,symbol,SUPERUSDT,DIAGNOSTIC_ONLY,357,189,-0.14099047103208817,0.07936692004730878,-0.220357391079397,-0.2997243111267057,0.16526610644257703,0.5406162464985994,0.29411764705882354,0.33053221288515405
COMBINED_DIAGNOSTIC,symbol,SUSHIUSDT,DIAGNOSTIC_ONLY,273,178,-0.10244989740268705,0.0801393782545715,-0.18258927565725858,-0.26272865391183003,0.20512820512820512,0.5421245421245421,0.25274725274725274,0.38095238095238093
COMBINED_DIAGNOSTIC,symbol,SYNUSDT,DIAGNOSTIC_ONLY,473,256,0.06412207254943594,0.07256833901792013,-0.008446266468484176,-0.08101460548640434,0.2536997885835095,0.5010570824524313,0.2452431289640592,0.3953488372093023
COMBINED_DIAGNOSTIC,symbol,TAOUSDT,DIAGNOSTIC_ONLY,335,205,-0.060642332763782156,0.07464204039314822,-0.13528437315693037,-0.20992641355007857,0.21492537313432836,0.5253731343283582,0.25970149253731345,0.37910447761194027
COMBINED_DIAGNOSTIC,symbol,THETAUSDT,DIAGNOSTIC_ONLY,260,173,0.08430112179135549,0.09074051553089135,-0.0064393937395358725,-0.09717990927042722,0.23846153846153847,0.4807692307692308,0.28076923076923077,0.4461538461538462
COMBINED_DIAGNOSTIC,symbol,TIAUSDT,DIAGNOSTIC_ONLY,313,187,0.04649351161221981,0.08118568673699143,-0.034692175124771595,-0.11587786186176302,0.24600638977635783,0.4952076677316294,0.25878594249201275,0.402555910543131
COMBINED_DIAGNOSTIC,symbol,TLMUSDT,DIAGNOSTIC_ONLY,354,190,0.0129318939562115,0.07919648148163379,-0.06626458752542225,-0.14546106900705608,0.2288135593220339,0.53954802259887,0.23163841807909605,0.3785310734463277
COMBINED_DIAGNOSTIC,symbol,TRBUSDT,DIAGNOSTIC_ONLY,309,168,-0.07710958593656363,0.08030298002460114,-0.15741256596116476,-0.23771554598576597,0.15857605177993528,0.5080906148867314,0.3333333333333333,0.3883495145631068
COMBINED_DIAGNOSTIC,symbol,TRXUSDT,DIAGNOSTIC_ONLY,87,54,-0.19971892376313016,0.1079110711050518,-0.30762999486818193,-0.4155410659732338,0.10344827586206896,0.4367816091954023,0.45977011494252873,0.3448275862068966
COMBINED_DIAGNOSTIC,symbol,TURBOUSDT,DIAGNOSTIC_ONLY,414,229,-0.21840781864486844,0.07337998038556894,-0.2917877990304374,-0.36516777941600637,0.16666666666666666,0.5700483091787439,0.2632850241545894,0.2898550724637681
COMBINED_DIAGNOSTIC,symbol,TUSDT,DIAGNOSTIC_ONLY,247,153,0.035568465216325465,0.09085661589651502,-0.05528815068018957,-0.14614476657670458,0.15789473684210525,0.4291497975708502,0.41295546558704455,0.4251012145748988
COMBINED_DIAGNOSTIC,symbol,TWTUSDT,DIAGNOSTIC_ONLY,280,167,-0.06217528769498121,0.09247463048608148,-0.1546499181810627,-0.2471245486671442,0.18214285714285713,0.5071428571428571,0.3107142857142857,0.3821428571428571
COMBINED_DIAGNOSTIC,symbol,UNIUSDT,DIAGNOSTIC_ONLY,290,177,-0.12653894975702967,0.08585072709725979,-0.21238967685428947,-0.2982404039515492,0.15172413793103448,0.5517241379310345,0.296551724137931,0.3413793103448276
COMBINED_DIAGNOSTIC,symbol,VETUSDT,DIAGNOSTIC_ONLY,171,130,-0.019502950444749045,0.08988970486514411,-0.10939265530989313,-0.1992823601750372,0.21637426900584794,0.5087719298245614,0.27485380116959063,0.4093567251461988
COMBINED_DIAGNOSTIC,symbol,WIFUSDT,DIAGNOSTIC_ONLY,377,215,0.00880938958055848,0.07528251081075253,-0.06647312123019405,-0.14175563204094657,0.23342175066312998,0.5251989389920424,0.2413793103448276,0.40583554376657827
COMBINED_DIAGNOSTIC,symbol,WLDUSDT,DIAGNOSTIC_ONLY,356,205,-0.10966679829526699,0.07588455579607561,-0.18555135409134263,-0.2614359098874182,0.16573033707865167,0.5393258426966292,0.2949438202247191,0.3539325842696629
COMBINED_DIAGNOSTIC,symbol,WUSDT,DIAGNOSTIC_ONLY,341,209,0.009019914422111978,0.07829508399381886,-0.06927516957170687,-0.14757025356552575,0.20527859237536658,0.49266862170087977,0.3020527859237537,0.4046920821114369
COMBINED_DIAGNOSTIC,symbol,XLMUSDT,DIAGNOSTIC_ONLY,204,123,0.004716730128923011,0.08792726232408017,-0.08321053219515719,-0.17113779451923733,0.20588235294117646,0.4803921568627451,0.3137254901960784,0.4215686274509804
COMBINED_DIAGNOSTIC,symbol,XMRUSDT,DIAGNOSTIC_ONLY,335,209,-0.17592440611002744,0.09387230297779732,-0.26979670908782477,-0.363669012065622,0.1791044776119403,0.5791044776119403,0.2417910447761194,0.3402985074626866
COMBINED_DIAGNOSTIC,symbol,XRPUSDT,DIAGNOSTIC_ONLY,191,116,-0.09482477567412981,0.0914557460663264,-0.1862805217404562,-0.2777362678067826,0.13089005235602094,0.4712041884816754,0.39790575916230364,0.3769633507853403
COMBINED_DIAGNOSTIC,symbol,XTZUSDT,DIAGNOSTIC_ONLY,178,115,0.011351081807128096,0.09559568321125048,-0.08424460140412238,-0.17984028461537283,0.21348314606741572,0.5280898876404494,0.25842696629213485,0.38202247191011235
COMBINED_DIAGNOSTIC,symbol,XVGUSDT,DIAGNOSTIC_ONLY,341,203,-0.06631835316101944,0.07759222070103183,-0.14391057386205125,-0.22150279456308306,0.22287390029325513,0.5747800586510264,0.20234604105571846,0.36070381231671556
COMBINED_DIAGNOSTIC,symbol,ZECUSDT,DIAGNOSTIC_ONLY,422,245,-0.158793493160228,0.07890625512215547,-0.23769974828238347,-0.3166060034045389,0.1872037914691943,0.5947867298578199,0.21800947867298578,0.33175355450236965
COMBINED_DIAGNOSTIC,symbol,ZENUSDT,DIAGNOSTIC_ONLY,354,209,0.023349829176267173,0.0707102826997998,-0.04736045352353264,-0.11807073622333245,0.2711864406779661,0.5084745762711864,0.22033898305084745,0.4011299435028249
COMBINED_DIAGNOSTIC,symbol,ZILUSDT,DIAGNOSTIC_ONLY,174,109,-0.07683710782357794,0.09195864055971552,-0.16879574838329342,-0.26075438894300895,0.16666666666666666,0.4885057471264368,0.3448275862068966,0.39080459770114945
COMBINED_DIAGNOSTIC,symbol,ZKUSDT,DIAGNOSTIC_ONLY,379,216,0.011323177916994106,0.07860576143017904,-0.06728258351318495,-0.145888344943364,0.22163588390501318,0.48284960422163586,0.2955145118733509,0.40633245382585753
COMBINED_DIAGNOSTIC,symbol,ZROUSDT,DIAGNOSTIC_ONLY,363,205,-0.0842872704561396,0.07914184268316143,-0.163429113139301,-0.24257095582246246,0.2369146005509642,0.5482093663911846,0.21487603305785125,0.3443526170798898
COMBINED_DIAGNOSTIC,instrument_group,STATIC_GROUP_0,DIAGNOSTIC_ONLY,1220,362,0.03383746596944405,0.09505373681620442,-0.06121627084676037,-0.15627000766296475,0.19262295081967212,0.4852459016393443,0.3221311475409836,0.4122950819672131
COMBINED_DIAGNOSTIC,instrument_group,STATIC_GROUP_1,DIAGNOSTIC_ONLY,1675,437,-0.034123388995993,0.08721516134767873,-0.12133855034367173,-0.20855371169135048,0.21731343283582089,0.5116417910447761,0.271044776119403,0.38149253731343286
COMBINED_DIAGNOSTIC,instrument_group,STATIC_GROUP_2,DIAGNOSTIC_ONLY,1453,439,-0.0797668340854317,0.08389981162523574,-0.16366664571066744,-0.24756645733590316,0.19064005505849965,0.5423262216104611,0.26703372333103925,0.358568479008947
COMBINED_DIAGNOSTIC,instrument_group,STATIC_GROUP_3,DIAGNOSTIC_ONLY,637,303,-0.021162298193240107,0.08192812534066943,-0.10309042353390951,-0.185018548874579,0.2119309262166405,0.5196232339089482,0.2684458398744113,0.4003139717425432
COMBINED_DIAGNOSTIC,instrument_group,UNKNOWN,DIAGNOSTIC_ONLY,35507,546,-0.013936571192865892,0.08127090582822616,-0.09520747702109204,-0.17647838284931822,0.2150280226434224,0.5198974850029572,0.2650744923536204,0.3843467485284592
COMBINED_DIAGNOSTIC,year,2025,DIAGNOSTIC_ONLY,25720,354,-0.02410454450308131,0.07930665806363761,-0.10341120256671892,-0.18271786063035653,0.21469673405909798,0.523950233281493,0.261353032659409,0.3816485225505443
COMBINED_DIAGNOSTIC,year,2026,DIAGNOSTIC_ONLY,14772,192,-0.001362950899446971,0.0867901708741316,-0.08815312177357858,-0.1749432926477102,0.21148118061196858,0.5112374763065258,0.27728134308150554,0.38918223666395885
COMBINED_DIAGNOSTIC,month,2025-01,DIAGNOSTIC_ONLY,1699,20,0.1765472434903721,0.06881762932780668,0.10772961416256538,0.03891198483475873,0.2613301942319011,0.4785167745732784,0.26015303119482047,0.45909358446144793
COMBINED_DIAGNOSTIC,month,2025-02,DIAGNOSTIC_ONLY,2213,28,0.022101596200320445,0.06660397257915186,-0.04450237637883143,-0.11110634895798328,0.184365115228197,0.4957071848169905,0.31992769995481246,0.37867148666967915
COMBINED_DIAGNOSTIC,month,2025-03,DIAGNOSTIC_ONLY,2804,31,0.049671871416663356,0.0779022351377182,-0.028230363721054832,-0.10613259885877305,0.2239657631954351,0.5196148359486448,0.25641940085592013,0.41262482168330955
COMBINED_DIAGNOSTIC,month,2025-04,DIAGNOSTIC_ONLY,2430,30,-0.05038097196105468,0.08076080545422307,-0.13114177741527777,-0.21190258286950084,0.19094650205761318,0.5349794238683128,0.2740740740740741,0.37736625514403294
COMBINED_DIAGNOSTIC,month,2025-05,DIAGNOSTIC_ONLY,1871,31,-0.042969031195821725,0.08051068213835853,-0.12347971333418024,-0.20399039547253878,0.2068412613575628,0.5456974879743453,0.24746125066809194,0.39444147514698025
COMBINED_DIAGNOSTIC,month,2025-06,DIAGNOSTIC_ONLY,1656,30,-0.06229635235310469,0.09238389120885034,-0.15468024356195503,-0.24706413477080535,0.24214975845410627,0.5464975845410628,0.2113526570048309,0.36835748792270534
COMBINED_DIAGNOSTIC,month,2025-07,DIAGNOSTIC_ONLY,1886,31,0.0829947316393017,0.07764640536156442,0.0053483262777372755,-0.07229807908382714,0.2932131495227996,0.5227995758218452,0.18398727465535525,0.40986214209968186
COMBINED_DIAGNOSTIC,month,2025-08,DIAGNOSTIC_ONLY,1516,31,0.08672917366092384,0.0889774756767369,-0.0022483020158130624,-0.09122577769254997,0.2922163588390501,0.4953825857519789,0.21240105540897097,0.41424802110817943
COMBINED_DIAGNOSTIC,month,2025-09,DIAGNOSTIC_ONLY,1579,30,-0.1736171912848483,0.09775246874373388,-0.27136966002858215,-0.36912212877231604,0.17479417352754908,0.5877137428752375,0.23749208359721344,0.3286890436985434
COMBINED_DIAGNOSTIC,month,2025-10,DIAGNOSTIC_ONLY,3226,31,-0.06365974520329427,0.07026040954129566,-0.13392015474458993,-0.2041805642858856,0.18536887786732795,0.48171109733415995,0.33292002479851207,0.35523868567885925
COMBINED_DIAGNOSTIC,month,2025-11,DIAGNOSTIC_ONLY,2641,30,-0.09883975876546697,0.07481728054869234,-0.17365703931415932,-0.24847431986285162,0.2037107156380159,0.5452480121166224,0.2510412722453616,0.36539189700870883
COMBINED_DIAGNOSTIC,month,2025-12,DIAGNOSTIC_ONLY,2199,31,-0.15897937135107892,0.08968032117098133,-0.24865969252206022,-0.33834001369304156,0.17371532514779445,0.5566166439290586,0.2696680309231469,0.3387903592542065
COMBINED_DIAGNOSTIC,month,2026-01,DIAGNOSTIC_ONLY,2341,31,-0.049555427433836646,0.08775703880178153,-0.13731246623561819,-0.2250695050373997,0.19991456642460487,0.5335326783425887,0.26655275523280647,0.3605296881674498
COMBINED_DIAGNOSTIC,month,2026-02,DIAGNOSTIC_ONLY,2609,28,0.13300601764290987,0.07775000829187154,0.05525600935103835,-0.022493998940833183,0.23188961287849752,0.45496358758144884,0.31314679954005364,0.4618627826753545
COMBINED_DIAGNOSTIC,month,2026-03,DIAGNOSTIC_ONLY,2195,31,-0.14207811461103736,0.09408040307126954,-0.23615851768230692,-0.3302389207535764,0.15398633257403188,0.5325740318906605,0.3134396355353075,0.34214123006833713
COMBINED_DIAGNOSTIC,month,2026-04,DIAGNOSTIC_ONLY,2137,30,0.007166914200134001,0.08920514124019553,-0.08203822704006151,-0.17124336828025707,0.19700514740290126,0.5021057557323351,0.30088909686476367,0.3902667290594291
COMBINED_DIAGNOSTIC,month,2026-05,DIAGNOSTIC_ONLY,2276,31,0.047734445979579716,0.08876125699464232,-0.0410268110150626,-0.12978806800970494,0.22934973637961337,0.48550087873462217,0.2851493848857645,0.4099297012302285
COMBINED_DIAGNOSTIC,month,2026-06,DIAGNOSTIC_ONLY,2460,30,-0.013974168161486679,0.083846790319651,-0.09782095848113767,-0.1816677488007887,0.2475609756097561,0.5593495934959349,0.19308943089430894,0.3654471544715447
COMBINED_DIAGNOSTIC,month,2026-07,DIAGNOSTIC_ONLY,754,11,-0.03827365323752855,0.09065491778027424,-0.1289285710178028,-0.21958348879807704,0.21352785145888595,0.5212201591511937,0.26525198938992045,0.3753315649867374
COMBINED_DIAGNOSTIC,UTC_session,00-08,DIAGNOSTIC_ONLY,14499,543,-0.025441071531743818,0.0827541564488749,-0.10819522798061873,-0.1909493844294936,0.20594523760259328,0.5237602593282296,0.2702945030691772,0.3850610386923236
COMBINED_DIAGNOSTIC,UTC_session,08-16,DIAGNOSTIC_ONLY,18560,544,-0.02322465127462775,0.08314382646001378,-0.10636847773464153,-0.1895123041946553,0.22209051724137932,0.5407327586206897,0.23717672413793103,0.3774784482758621
COMBINED_DIAGNOSTIC,UTC_session,16-24,DIAGNOSTIC_ONLY,7433,533,0.02150103975379561,0.07787296059455649,-0.056371920840760883,-0.13424488143531735,0.20691510830082066,0.45715054486748286,0.3359343468316965,0.40037669850665947
COMBINED_DIAGNOSTIC,weekday,Friday,DIAGNOSTIC_ONLY,5435,78,-0.03408103957438129,0.0819887186825216,-0.1160697582569029,-0.19805847693942452,0.22704691812327507,0.5330266789328427,0.23992640294388223,0.37939282428702853
COMBINED_DIAGNOSTIC,weekday,Monday,DIAGNOSTIC_ONLY,5896,78,0.07062782868988655,0.07870148674425456,-0.008073658054368014,-0.08677514479862258,0.22082767978290366,0.48829715061058343,0.2908751696065129,0.435719131614654
COMBINED_DIAGNOSTIC,weekday,Saturday,DIAGNOSTIC_ONLY,6491,78,0.03016222604441069,0.08090103234773476,-0.050738806303324065,-0.13163983865105883,0.1887228470189493,0.43383145894315206,0.3774456940378986,0.39454629486981974
COMBINED_DIAGNOSTIC,weekday,Sunday,DIAGNOSTIC_ONLY,4849,78,-0.011627819286030364,0.08529434607404278,-0.09692216536007314,-0.1822165114341159,0.22788203753351208,0.5417611878737885,0.23035677459269951,0.3862652093215096
COMBINED_DIAGNOSTIC,weekday,Thursday,DIAGNOSTIC_ONLY,6230,78,-0.038461699389814606,0.08322109052914407,-0.12168278991895869,-0.20490388044810276,0.22086677367576243,0.5457463884430177,0.23338683788121992,0.37030497592295347
COMBINED_DIAGNOSTIC,weekday,Tuesday,DIAGNOSTIC_ONLY,5870,78,-0.0283900811943098,0.08117347716624525,-0.10956355836055505,-0.1907370355268003,0.21294718909710392,0.5260647359454855,0.26098807495741055,0.37257240204429304
COMBINED_DIAGNOSTIC,weekday,Wednesday,DIAGNOSTIC_ONLY,5721,78,-0.10565061578427823,0.08364314064345299,-0.18929375642773122,-0.2729368970711842,0.201712987239993,0.5804929208180388,0.2177940919419682,0.35063800034958925
COMBINED_DIAGNOSTIC,volatility_regime,CONTRACTED,DIAGNOSTIC_ONLY,12105,539,-0.026486798087492526,0.08530125883111747,-0.11178805691860996,-0.1970893157497274,0.193969434118133,0.5530772408095829,0.2529533250722842,0.36951672862453533
COMBINED_DIAGNOSTIC,volatility_regime,EXPANDED,DIAGNOSTIC_ONLY,3787,510,-0.009731174078001028,0.07103133897342628,-0.08076251305142733,-0.15179385202485363,0.2342223395827832,0.47504621072088726,0.2907314496963295,0.4114074465275944
COMBINED_DIAGNOSTIC,volatility_regime,NORMAL,DIAGNOSTIC_ONLY,24600,546,-0.011488932854609557,0.08212456222383696,-0.09361349507844649,-0.17573805730228345,0.21995934959349595,0.5095121951219512,0.2705284552845528,0.3875609756097561
COMBINED_DIAGNOSTIC,trend_regime,DOWN,DIAGNOSTIC_ONLY,14691,544,-0.04781396166554191,0.0795139726863346,-0.1273279343518765,-0.20684190703821112,0.201279695051392,0.5218841467565176,0.2768361581920904,0.37328976924647744
COMBINED_DIAGNOSTIC,trend_regime,FLAT,DIAGNOSTIC_ONLY,12849,544,-0.04311832437518893,0.0839318656114056,-0.1270501899865945,-0.2109820555980001,0.22787765584870417,0.5342828235660363,0.23783952058525956,0.37146859677795935
COMBINED_DIAGNOSTIC,trend_regime,UP,DIAGNOSTIC_ONLY,12952,538,0.04758800690390649,0.08301816982501074,-0.03543016292110426,-0.11844833274611502,0.21317171093267448,0.5015441630636195,0.285284126003706,0.4098208770846201
COMBINED_DIAGNOSTIC,BTC_market_regime,DOWN_24H,DIAGNOSTIC_ONLY,7734,217,-0.03695253259723043,0.07333916574367769,-0.11029169834090811,-0.1836308640845858,0.17377812257564004,0.49935350400827516,0.3268683734160848,0.39022498060512023
COMBINED_DIAGNOSTIC,BTC_market_regime,RANGE_24H,DIAGNOSTIC_ONLY,25418,536,-0.024532207254466216,0.08458398443208186,-0.10911619168654806,-0.1937001761186299,0.23156818002990007,0.5341490282476985,0.23428279172240143,0.3756393107246833
COMBINED_DIAGNOSTIC,BTC_market_regime,UP_24H,DIAGNOSTIC_ONLY,7340,228,0.03668230732903549,0.08238022144321142,-0.045697914114175904,-0.1280781355573873,0.19291553133514985,0.4889645776566757,0.3181198910081744,0.40858310626703
COMBINED_DIAGNOSTIC,ETH_market_regime,DOWN_24H,DIAGNOSTIC_ONLY,11155,298,0.017333912107355586,0.07573699694849018,-0.0584030848411346,-0.13414008178962475,0.20062752129090095,0.4899148363962349,0.3094576423128642,0.4024204392649036
COMBINED_DIAGNOSTIC,ETH_market_regime,RANGE_24H,DIAGNOSTIC_ONLY,18746,509,-0.037034864436792624,0.08572119743181995,-0.12275606186861258,-0.2084772593004325,0.23690387282620293,0.5430491838258829,0.22004694334791422,0.36999893310572923
COMBINED_DIAGNOSTIC,ETH_market_regime,UP_24H,DIAGNOSTIC_ONLY,10591,305,-0.013143859515751009,0.08215049396016678,-0.0952943534759178,-0.1774448474360846,0.18572372769332451,0.5082617316589557,0.30601454064771977,0.3908979322065905
COMBINED_DIAGNOSTIC,volume_regime,ABOVE_2X,DIAGNOSTIC_ONLY,23799,546,-0.016033236139358788,0.07811203586719974,-0.0941452720065585,-0.17225730787375823,0.19324341358880626,0.48913819908399514,0.3176183873271986,0.39299970586999455
COMBINED_DIAGNOSTIC,volume_regime,NORMAL_TO_2X,DIAGNOSTIC_ONLY,16693,545,-0.015487174769381303,0.08763213969603693,-0.10311931446541825,-0.1907514541614552,0.24243694961960102,0.562331516204397,0.19523153417600192,0.3721320313904032
COMBINED_DIAGNOSTIC,cost_R_decile,0,DIAGNOSTIC_ONLY,4050,453,-0.15560720062825442,0.029139948430729194,-0.18474714905898362,-0.21388709748971282,0.11234567901234568,0.4,0.4876543209876543,0.3506172839506173
COMBINED_DIAGNOSTIC,cost_R_decile,1,DIAGNOSTIC_ONLY,4049,500,0.009843984681548412,0.04510982483484032,-0.035265840153291914,-0.08037566498813224,0.17979748085947148,0.42454927142504323,0.3956532477154853,0.4314645591504075
COMBINED_DIAGNOSTIC,cost_R_decile,2,DIAGNOSTIC_ONLY,4049,532,0.011789697907063355,0.056022029303393284,-0.04423233139632992,-0.1002543606997232,0.20770560632254878,0.46554704865398866,0.3267473450234626,0.4119535687824154
COMBINED_DIAGNOSTIC,cost_R_decile,3,DIAGNOSTIC_ONLY,4049,522,-0.019935408858792292,0.06610017383312562,-0.08603558269191793,-0.15213575652504355,0.2091874536922697,0.5159298592244999,0.27488268708323044,0.39417140034576437
COMBINED_DIAGNOSTIC,cost_R_decile,4,DIAGNOSTIC_ONLY,4049,535,0.00641994611023641,0.0755959758738427,-0.06917602976360628,-0.14477200563744896,0.21906643615707583,0.512966164485058,0.2679673993578661,0.40750802667325264
COMBINED_DIAGNOSTIC,cost_R_decile,5,DIAGNOSTIC_ONLY,4049,529,-0.0027919498806916344,0.08498420151884777,-0.08777615139953943,-0.1727603529183872,0.2249938256359595,0.5411212645097555,0.233884909854285,0.3850333415658187
COMBINED_DIAGNOSTIC,cost_R_decile,6,DIAGNOSTIC_ONLY,4049,529,-0.005439877224346061,0.09553382273919506,-0.10097369996354112,-0.19650752270273616,0.23857742652506791,0.5554457890837243,0.2059767843912077,0.37540133366263273
COMBINED_DIAGNOSTIC,cost_R_decile,7,DIAGNOSTIC_ONLY,4049,529,-0.01634133499692077,0.10732627058816695,-0.12366760558508773,-0.2309938761732547,0.24376389231909112,0.5791553469992591,0.1770807606816498,0.36799209681402817
COMBINED_DIAGNOSTIC,cost_R_decile,8,DIAGNOSTIC_ONLY,4049,532,0.019645194210647875,0.12138539631144786,-0.10174020210080001,-0.22312559841224786,0.2538898493455174,0.5850827364781428,0.16102741417633984,0.3665102494443072
COMBINED_DIAGNOSTIC,cost_R_decile,9,DIAGNOSTIC_ONLY,4050,519,-0.005632237753560771,0.13916870403417272,-0.1448009417877335,-0.2839696458219062,0.24592592592592594,0.6133333333333333,0.14074074074074075,0.35333333333333333
COMBINED_DIAGNOSTIC,target_room_R_decile,0,DIAGNOSTIC_ONLY,4050,541,0.0038381530391674345,0.07714598756526286,-0.07330783452609543,-0.1504538220913583,0.351358024691358,0.46024691358024694,0.18839506172839507,0.44123456790123455
COMBINED_DIAGNOSTIC,target_room_R_decile,1,DIAGNOSTIC_ONLY,4050,535,0.009560450507638367,0.07824231589173562,-0.06868186538409725,-0.14692418127583287,0.32296296296296295,0.4720987654320988,0.20493827160493827,0.4390123456790124
COMBINED_DIAGNOSTIC,target_room_R_decile,2,DIAGNOSTIC_ONLY,4048,539,-0.029287600881239502,0.07903121474242113,-0.10831881562366062,-0.18735003036608175,0.27939723320158105,0.48987154150197626,0.2307312252964427,0.4066205533596838
COMBINED_DIAGNOSTIC,target_room_R_decile,3,DIAGNOSTIC_ONLY,4049,537,0.0032326125179117263,0.08022110308693431,-0.07698849056902257,-0.15720959365595688,0.26772042479624597,0.5025932328970116,0.2296863423067424,0.41318844159051615
COMBINED_DIAGNOSTIC,target_room_R_decile,4,DIAGNOSTIC_ONLY,4049,532,-0.00565250486169276,0.08138132638849095,-0.08703383125018371,-0.16841515763867462,0.24326994319585082,0.5072857495677945,0.24944430723635466,0.3939244257841442
COMBINED_DIAGNOSTIC,target_room_R_decile,5,DIAGNOSTIC_ONLY,4049,533,-0.02877721894671543,0.08313034304562271,-0.11190756199233814,-0.19503790503796084,0.20103729315880464,0.5305013583600889,0.2684613484811064,0.3815756977031366
COMBINED_DIAGNOSTIC,target_room_R_decile,6,DIAGNOSTIC_ONLY,4049,531,-0.042140706261814986,0.0831804942137802,-0.1253212004755952,-0.2085016946893754,0.17411706594220797,0.5450728574956779,0.2808100765621141,0.3551494196097802
COMBINED_DIAGNOSTIC,target_room_R_decile,7,DIAGNOSTIC_ONLY,4049,525,0.01040594456323715,0.08563463080328204,-0.07522868624004489,-0.16086331704332696,0.15040750802667324,0.5455668066189182,0.3040256853544085,0.3650284020745863
COMBINED_DIAGNOSTIC,target_room_R_decile,8,DIAGNOSTIC_ONLY,4049,520,-0.01969952552862548,0.08832581151495046,-0.10802533704357596,-0.1963511485585264,0.1022474685107434,0.5838478636700419,0.3139046678192146,0.33637935292664856
COMBINED_DIAGNOSTIC,target_room_R_decile,9,DIAGNOSTIC_ONLY,4050,493,-0.05956444412469666,0.08407506550998123,-0.14363950963467792,-0.22771457514465915,0.04271604938271605,0.5560493827160494,0.4012345679012346,0.3118518518518518
COMBINED_DIAGNOSTIC,cross_sectional_dispersion_decile,0,DIAGNOSTIC_ONLY,4055,191,-0.0691708192435562,0.09190945299459806,-0.16108027223815427,-0.25298972523275237,0.23945745992601727,0.5652281134401973,0.19531442663378545,0.3637484586929716
COMBINED_DIAGNOSTIC,cross_sectional_dispersion_decile,1,DIAGNOSTIC_ONLY,4044,277,-0.014004761461274988,0.08894257622516678,-0.10294733768644178,-0.19188991391160856,0.23021760633036598,0.526706231454006,0.24307616221562808,0.38006923837784373
COMBINED_DIAGNOSTIC,cross_sectional_dispersion_decile,2,DIAGNOSTIC_ONLY,4053,314,0.006514023213417085,0.08749398279201769,-0.08097995957860059,-0.16847394237061825,0.21835677276091783,0.5215889464594128,0.26005428077966936,0.3992104613866272
COMBINED_DIAGNOSTIC,cross_sectional_dispersion_decile,3,DIAGNOSTIC_ONLY,4045,326,0.005127376368168795,0.08433172209802088,-0.07920434572985208,-0.16353606782787294,0.2054388133498146,0.4880098887515451,0.3065512978986403,0.3980222496909765
COMBINED_DIAGNOSTIC,cross_sectional_dispersion_decile,4,DIAGNOSTIC_ONLY,4049,319,-0.042267624172686945,0.08416702345975062,-0.12643464763243759,-0.21060167109218816,0.2054828352679674,0.5228451469498642,0.27167201778216843,0.37441343541615213
COMBINED_DIAGNOSTIC,cross_sectional_dispersion_decile,5,DIAGNOSTIC_ONLY,4049,317,-0.03551817957305803,0.08265089568451847,-0.1181690752575765,-0.20081997094209494,0.19659175104964188,0.5369226969622128,0.2664855519881452,0.3716967152383305
COMBINED_DIAGNOSTIC,cross_sectional_dispersion_decile,6,DIAGNOSTIC_ONLY,4049,285,0.04635789931004479,0.07978836770458518,-0.0334304683945404,-0.11321883609912557,0.23018029142998273,0.5191405285255619,0.25067918004445544,0.41442331439861696
COMBINED_DIAGNOSTIC,cross_sectional_dispersion_decile,7,DIAGNOSTIC_ONLY,4049,250,-0.044478572351015114,0.07944968729942212,-0.12392825965043724,-0.20337794694985933,0.20400098789824647,0.5342059767843912,0.2617930353173623,0.38429241788095825
COMBINED_DIAGNOSTIC,cross_sectional_dispersion_decile,8,DIAGNOSTIC_ONLY,4049,180,0.03441615231149944,0.07680888273008056,-0.042392730418581125,-0.11920161314866169,0.23931835020992837,0.4941960978019264,0.2664855519881452,0.38799703630526056
COMBINED_DIAGNOSTIC,cross_sectional_dispersion_decile,9,DIAGNOSTIC_ONLY,4050,101,-0.04496955990541697,0.06481982858240798,-0.10978938848782493,-0.17460921707023289,0.16617283950617284,0.48419753086419753,0.3496296296296296,0.3701234567901235
COMBINED_DIAGNOSTIC,realized_volatility_24h_decile,0,DIAGNOSTIC_ONLY,4050,450,0.04256998904575164,0.11309666289593918,-0.07052667385018754,-0.18362333674612671,0.24839506172839507,0.4955555555555556,0.2560493827160494,0.41975308641975306
COMBINED_DIAGNOSTIC,realized_volatility_24h_decile,1,DIAGNOSTIC_ONLY,4049,482,-0.027806000045234654,0.10389696020905634,-0.131702960254291,-0.23559992046334735,0.22795752037540135,0.525808841689306,0.24623363793529265,0.38429241788095825
COMBINED_DIAGNOSTIC,realized_volatility_24h_decile,2,DIAGNOSTIC_ONLY,4049,501,0.017767491449691888,0.09738738100872621,-0.0796198895590343,-0.17700727056776053,0.24944430723635466,0.5193875030871821,0.23116818967646333,0.401580637194369
COMBINED_DIAGNOSTIC,realized_volatility_24h_decile,3,DIAGNOSTIC_ONLY,4049,507,-0.012794745689562858,0.09217080140602867,-0.10496554709559154,-0.19713634850162018,0.22771054581378117,0.5223511978266239,0.24993825635959496,0.3850333415658187
COMBINED_DIAGNOSTIC,realized_volatility_24h_decile,4,DIAGNOSTIC_ONLY,4049,511,-0.01658108201231122,0.08663259779506559,-0.10321367980737679,-0.18984627760244238,0.22252408001975796,0.5260558162509261,0.2514201037293159,0.38552729068905905
COMBINED_DIAGNOSTIC,realized_volatility_24h_decile,5,DIAGNOSTIC_ONLY,4049,507,-0.004942104820206358,0.08093608810720049,-0.08587819292740687,-0.16681428103460735,0.22425290195109904,0.5342059767843912,0.24154112126450974,0.38602123981229935
COMBINED_DIAGNOSTIC,realized_volatility_24h_decile,6,DIAGNOSTIC_ONLY,4049,482,0.01663976545028119,0.07633769229668877,-0.059697926846407595,-0.13603561914309636,0.20844653000740923,0.5248209434428254,0.26673252654976537,0.3961471968387256
COMBINED_DIAGNOSTIC,realized_volatility_24h_decile,7,DIAGNOSTIC_ONLY,4049,474,0.026355029338491667,0.07038572845977227,-0.04403069912128061,-0.11441642758105287,0.20968140281551,0.5124722153618178,0.27784638182267224,0.4067671029883922
COMBINED_DIAGNOSTIC,realized_volatility_24h_decile,8,DIAGNOSTIC_ONLY,4049,462,-0.07671356574806508,0.0604604279029298,-0.13717399365099486,-0.1976344215539247,0.17979748085947148,0.5487774759199803,0.2714250432205483,0.3509508520622376
COMBINED_DIAGNOSTIC,realized_volatility_24h_decile,9,DIAGNOSTIC_ONLY,4050,409,-0.12256402894857914,0.03906599503627581,-0.16163002398485496,-0.20069601902113077,0.13703703703703704,0.4837037037037037,0.37925925925925924,0.3279012345679012
COMBINED_DIAGNOSTIC,structural_risk_pct_decile,0,DIAGNOSTIC_ONLY,4050,519,0.017756056357371836,0.13914363603284458,-0.12138757967547273,-0.2605312157083174,0.25037037037037035,0.6054320987654321,0.14419753086419754,0.36098765432098767
COMBINED_DIAGNOSTIC,structural_risk_pct_decile,1,DIAGNOSTIC_ONLY,4049,531,0.021067339614877972,0.12137767311709691,-0.10031033350221892,-0.22168800661931584,0.25685354408495925,0.5858236601630032,0.15732279575203753,0.36626327488268706
COMBINED_DIAGNOSTIC,structural_risk_pct_decile,2,DIAGNOSTIC_ONLY,4049,532,-0.02110082015458642,0.10732540156099853,-0.12842622171558496,-0.23575162327658347,0.2417880958261299,0.5801432452457397,0.1780686589281304,0.3665102494443072
COMBINED_DIAGNOSTIC,structural_risk_pct_decile,3,DIAGNOSTIC_ONLY,4049,530,-0.005718952258428932,0.09552989993651856,-0.10124885219494748,-0.19677875213146606,0.2398122993331687,0.5519881452210422,0.20819955544578908,0.37910595208693504
COMBINED_DIAGNOSTIC,structural_risk_pct_decile,4,DIAGNOSTIC_ONLY,4049,531,-0.014681031700429103,0.08497929779548227,-0.09966032949591137,-0.18463962729139363,0.21980735984193628,0.5485305013583601,0.23166213879970363,0.37811805384045444
COMBINED_DIAGNOSTIC,structural_risk_pct_decile,5,DIAGNOSTIC_ONLY,4050,533,-0.0041020145955148295,0.07560473036186356,-0.0797067449573784,-0.15531147531924197,0.21530864197530863,0.5165432098765432,0.26814814814814814,0.40444444444444444
COMBINED_DIAGNOSTIC,structural_risk_pct_decile,6,DIAGNOSTIC_ONLY,4048,522,-0.018997601241415547,0.06609846410705032,-0.08509606534846587,-0.15119452945551617,0.21319169960474307,0.5160573122529645,0.2707509881422925,0.3950098814229249
COMBINED_DIAGNOSTIC,structural_risk_pct_decile,7,DIAGNOSTIC_ONLY,4049,528,0.00523099126712039,0.05602649512254063,-0.05079550385542024,-0.10682199897796087,0.20523586070634725,0.46702889602370956,0.3277352432699432,0.4099777722894542
COMBINED_DIAGNOSTIC,structural_risk_pct_decile,8,DIAGNOSTIC_ONLY,4049,502,0.0014502132071274312,0.045119497098439154,-0.04366928389131172,-0.08878878098975088,0.17732773524326995,0.4272659916028649,0.3954062731538652,0.4272659916028649
COMBINED_DIAGNOSTIC,structural_risk_pct_decile,9,DIAGNOSTIC_ONLY,4050,453,-0.13896693179695963,0.029158906038097943,-0.16812583783505758,-0.19728474387315553,0.11555555555555555,0.394320987654321,0.4901234567901235,0.3562962962962963
COMBINED_DIAGNOSTIC,signal_frequency_decile,0,DIAGNOSTIC_ONLY,16287,546,-0.03363343706059909,0.08428684051393347,-0.11792027757453256,-0.20220711808846606,0.22570147970774238,0.5427027690796341,0.23159575121262357,0.3727512740222263
COMBINED_DIAGNOSTIC,signal_frequency_decile,1,DIAGNOSTIC_ONLY,4089,465,-0.04031583846496213,0.08488107444190034,-0.12519691290686247,-0.21007798734876282,0.21790168745414526,0.5436537050623624,0.2384446074834923,0.3685497676693568
COMBINED_DIAGNOSTIC,signal_frequency_decile,2,DIAGNOSTIC_ONLY,4606,411,-0.01867184462172034,0.08523647446200708,-0.10390831908372741,-0.1891447935457345,0.2175423360833695,0.5238818931828051,0.2585757707338254,0.38254450716456795
COMBINED_DIAGNOSTIC,signal_frequency_decile,3,DIAGNOSTIC_ONLY,3774,318,-0.018457680869589668,0.08630311719555106,-0.10476079806514073,-0.1910639152606918,0.22443031266560678,0.5312665606783253,0.24430312665606782,0.3913619501854796
COMBINED_DIAGNOSTIC,signal_frequency_decile,4,DIAGNOSTIC_ONLY,4042,230,0.07855858800983975,0.08421355572246662,-0.00565496771262686,-0.08986852343509351,0.21622958931222167,0.47501237011380504,0.30875804057397327,0.4309747649678377
COMBINED_DIAGNOSTIC,signal_frequency_decile,5,DIAGNOSTIC_ONLY,3717,127,-0.020332858069510136,0.08145462828935501,-0.10178748635886516,-0.18324211464822016,0.18993812214151198,0.5108958837772397,0.29916599408124833,0.38875437180521927
COMBINED_DIAGNOSTIC,signal_frequency_decile,6,DIAGNOSTIC_ONLY,3977,56,-0.0034593708269052507,0.060474717992534434,-0.06393408881943968,-0.12440880681197415,0.16343977872768417,0.43474981141563995,0.4018104098566759,0.39250691475986926
CROSS_SECTIONAL_RELATIVE_STRENGTH,side,LONG,DIAGNOSTIC_ONLY,10022,541,-0.09992638378961868,0.07544180000770842,-0.1753681837973271,-0.25080998380503555,0.2103372580323289,0.5755338255837158,0.2141289163839553,0.3404510077828777
CROSS_SECTIONAL_RELATIVE_STRENGTH,side,SHORT,DIAGNOSTIC_ONLY,10385,530,0.032673088379457385,0.08956998031148546,-0.05689689193202807,-0.1464668722435135,0.24304285026480502,0.5219065960519981,0.2350505536831969,0.3985556090515166
CROSS_SECTIONAL_RELATIVE_STRENGTH,symbol,1000BONKUSDT,DIAGNOSTIC_ONLY,175,102,0.04599869607010951,0.0827365732981271,-0.03673787722801759,-0.11947445052614465,0.2571428571428571,0.5142857142857142,0.22857142857142856,0.38857142857142857
CROSS_SECTIONAL_RELATIVE_STRENGTH,symbol,1000FLOKIUSDT,DIAGNOSTIC_ONLY,122,72,0.08408375677095727,0.07612402873933484,0.0079597280316224,-0.06816430070771243,0.26229508196721313,0.5081967213114754,0.22950819672131148,0.36885245901639346
CROSS_SECTIONAL_RELATIVE_STRENGTH,symbol,1000LUNCUSDT,DIAGNOSTIC_ONLY,164,97,-0.1619894637327499,0.08095076396216869,-0.2429402276949186,-0.3238909916570873,0.21341463414634146,0.6097560975609756,0.17682926829268292,0.32926829268292684
CROSS_SECTIONAL_RELATIVE_STRENGTH,symbol,1000PEPEUSDT,DIAGNOSTIC_ONLY,147,82,-0.09534373033337411,0.08223237581919211,-0.17757610615256622,-0.2598084819717583,0.23809523809523808,0.5782312925170068,0.1836734693877551,0.32653061224489793
CROSS_SECTIONAL_RELATIVE_STRENGTH,symbol,1000SHIBUSDT,DIAGNOSTIC_ONLY,68,39,0.2460129170482619,0.09673609398076499,0.14927682306749687,0.05254072908673189,0.29411764705882354,0.4411764705882353,0.2647058823529412,0.47058823529411764
CROSS_SECTIONAL_RELATIVE_STRENGTH,symbol,1INCHUSDT,DIAGNOSTIC_ONLY,89,49,0.18709317879674853,0.085230286762376,0.10186289203437254,0.016632605271996535,0.21348314606741572,0.47191011235955055,0.3146067415730337,0.48314606741573035
CROSS_SECTIONAL_RELATIVE_STRENGTH,symbol,AAVEUSDT,DIAGNOSTIC_ONLY,109,67,-0.049617097610551004,0.0859904576045709,-0.13560755521512194,-0.22159801281969277,0.24770642201834864,0.5688073394495413,0.1834862385321101,0.3853211009174312
CROSS_SECTIONAL_RELATIVE_STRENGTH,symbol,ACEUSDT,DIAGNOSTIC_ONLY,235,131,-0.07128720358540913,0.07874372860805168,-0.15003093219346078,-0.2287746608015125,0.16595744680851063,0.5319148936170213,0.3021276595744681,0.32340425531914896
CROSS_SECTIONAL_RELATIVE_STRENGTH,symbol,ADAUSDT,DIAGNOSTIC_ONLY,69,41,-0.07201675276643847,0.08237700663450759,-0.15439375940094607,-0.2367707660354537,0.2318840579710145,0.5362318840579711,0.2318840579710145,0.391304347826087
CROSS_SECTIONAL_RELATIVE_STRENGTH,symbol,ALGOUSDT,DIAGNOSTIC_ONLY,101,64,-0.02262348998163747,0.0900602900670021,-0.11268378004863962,-0.2027440701156417,0.2871287128712871,0.6039603960396039,0.10891089108910891,0.36633663366336633
CROSS_SECTIONAL_RELATIVE_STRENGTH,symbol,ALICEUSDT,DIAGNOSTIC_ONLY,219,123,-0.18714987555733345,0.07368413519604569,-0.2608340107533792,-0.3345181459494248,0.1689497716894977,0.589041095890411,0.2420091324200913,0.2968036529680365
CROSS_SECTIONAL_RELATIVE_STRENGTH,symbol,ALTUSDT,DIAGNOSTIC_ONLY,239,137,-0.09478577682410494,0.08136675371784746,-0.1761525305419524,-0.2575192842597998,0.18410041841004185,0.5648535564853556,0.2510460251046025,0.3472803347280335
CROSS_SECTIONAL_RELATIVE_STRENGTH,symbol,APEUSDT,DIAGNOSTIC_ONLY,155,82,-0.21364001313060768,0.08062280519154848,-0.29426281832215617,-0.37488562351370475,0.16129032258064516,0.567741935483871,0.2709677419354839,0.3096774193548387
CROSS_SECTIONAL_RELATIVE_STRENGTH,symbol,APTUSDT,DIAGNOSTIC_ONLY,134,82,0.048412766712170124,0.08980729011238105,-0.04139452340021094,-0.13120181351259197,0.29850746268656714,0.5149253731343284,0.1865671641791045,0.39552238805970147
CROSS_SECTIONAL_RELATIVE_STRENGTH,symbol,ARBUSDT,DIAGNOSTIC_ONLY,82,53,0.027091441403366064,0.09200188333032963,-0.06491044192696359,-0.1569123252572932,0.2804878048780488,0.573170731707317,0.14634146341463414,0.4024390243902439
CROSS_SECTIONAL_RELATIVE_STRENGTH,symbol,ARKMUSDT,DIAGNOSTIC_ONLY,145,95,-0.3093188917430123,0.07345547682510606,-0.3827743685681183,-0.4562298453932244,0.18620689655172415,0.6413793103448275,0.1724137931034483,0.25517241379310346
CROSS_SECTIONAL_RELATIVE_STRENGTH,symbol,ARKUSDT,DIAGNOSTIC_ONLY,138,87,0.05327351521495598,0.0770151555036559,-0.0237416402886999,-0.10075679579235582,0.2391304347826087,0.5,0.2608695652173913,0.39855072463768115
CROSS_SECTIONAL_RELATIVE_STRENGTH,symbol,ARUSDT,DIAGNOSTIC_ONLY,196,115,-0.08757766224937687,0.08078522784411472,-0.16836289009349162,-0.24914811793760638,0.17857142857142858,0.5612244897959183,0.2602040816326531,0.37755102040816324
CROSS_SECTIONAL_RELATIVE_STRENGTH,symbol,ATOMUSDT,DIAGNOSTIC_ONLY,101,60,-0.1461446959821253,0.09168590261248093,-0.23783059859460629,-0.32951650120708714,0.2079207920792079,0.6237623762376238,0.16831683168316833,0.3465346534653465
CROSS_SECTIONAL_RELATIVE_STRENGTH,symbol,AVAXUSDT,DIAGNOSTIC_ONLY,62,40,-0.2582001085108924,0.09328658277193444,-0.35148669128282684,-0.44477327405476136,0.16129032258064516,0.5806451612903226,0.25806451612903225,0.2903225806451613
CROSS_SECTIONAL_RELATIVE_STRENGTH,symbol,AXSUSDT,DIAGNOSTIC_ONLY,129,72,0.1280046613062723,0.07611419086038135,0.05189047044589099,-0.024223720414490404,0.2248062015503876,0.4728682170542636,0.3023255813953488,0.43410852713178294
CROSS_SECTIONAL_RELATIVE_STRENGTH,symbol,BBUSDT,DIAGNOSTIC_ONLY,308,171,-0.03433579940682045,0.0791468821680165,-0.11348268157483699,-0.19262956374285345,0.21753246753246752,0.564935064935065,0.21753246753246752,0.35064935064935066
CROSS_SECTIONAL_RELATIVE_STRENGTH,symbol,BCHUSDT,DIAGNOSTIC_ONLY,111,70,-0.04228264911099225,0.10125928014220381,-0.14354192925319603,-0.24480120939539984,0.1981981981981982,0.5315315315315315,0.2702702702702703,0.36036036036036034
CROSS_SECTIONAL_RELATIVE_STRENGTH,symbol,BEAMXUSDT,DIAGNOSTIC_ONLY,201,129,-0.003505371777181976,0.08851173579787852,-0.09201710757506049,-0.180528843372939,0.29850746268656714,0.5621890547263682,0.13930348258706468,0.35323383084577115
CROSS_SECTIONAL_RELATIVE_STRENGTH,symbol,BICOUSDT,DIAGNOSTIC_ONLY,209,121,0.10645537450963041,0.08642575886184076,0.02002961564778969,-0.06639614321405106,0.2583732057416268,0.5023923444976076,0.23923444976076555,0.4019138755980861
CROSS_SECTIONAL_RELATIVE_STRENGTH,symbol,BIGTIMEUSDT,DIAGNOSTIC_ONLY,154,91,-0.15967881940663423,0.08479081421608965,-0.24446963362272386,-0.32926044783881353,0.22077922077922077,0.6103896103896104,0.16883116883116883,0.3051948051948052
CROSS_SECTIONAL_RELATIVE_STRENGTH,symbol,BNBUSDT,DIAGNOSTIC_ONLY,59,37,0.14395295331364855,0.11129605958444523,0.03265689372920328,-0.07863916585524193,0.13559322033898305,0.3559322033898305,0.5084745762711864,0.4915254237288136
CROSS_SECTIONAL_RELATIVE_STRENGTH,symbol,BOMEUSDT,DIAGNOSTIC_ONLY,207,132,0.019561393992561082,0.08222691356284777,-0.06266551957028667,-0.14489243313313446,0.2995169082125604,0.5700483091787439,0.13043478260869565,0.3719806763285024
CROSS_SECTIONAL_RELATIVE_STRENGTH,symbol,CAKEUSDT,DIAGNOSTIC_ONLY,124,75,0.06711849739272749,0.08226510464267237,-0.015146607249944908,-0.09741171189261724,0.2661290322580645,0.5080645161290323,0.22580645161290322,0.4032258064516129
CROSS_SECTIONAL_RELATIVE_STRENGTH,symbol,CATIUSDT,DIAGNOSTIC_ONLY,277,168,0.0737082566480368,0.08082533736686894,-0.007117080718832133,-0.08794241808570105,0.22743682310469315,0.5415162454873647,0.23104693140794225,0.3898916967509025
CROSS_SECTIONAL_RELATIVE_STRENGTH,symbol,CFXUSDT,DIAGNOSTIC_ONLY,160,102,-0.13798198783236143,0.08267693564127504,-0.22065892347363653,-0.3033358591149115,0.19375,0.5875,0.21875,0.34375
CROSS_SECTIONAL_RELATIVE_STRENGTH,symbol,CHZUSDT,DIAGNOSTIC_ONLY,159,97,0.028889703378062435,0.09216237349749892,-0.06327267011943649,-0.15543504361693541,0.25157232704402516,0.5283018867924528,0.22012578616352202,0.37735849056603776
CROSS_SECTIONAL_RELATIVE_STRENGTH,symbol,COMPUSDT,DIAGNOSTIC_ONLY,130,81,0.10243483529119603,0.09155140038331112,0.01088343490788487,-0.0806679654754262,0.23846153846153847,0.4846153846153846,0.27692307692307694,0.4230769230769231
CROSS_SECTIONAL_RELATIVE_STRENGTH,symbol,COTIUSDT,DIAGNOSTIC_ONLY,174,107,0.0044530475898576045,0.08202035684854328,-0.07756730925868568,-0.15958766610722894,0.26436781609195403,0.5114942528735632,0.22413793103448276,0.3793103448275862
CROSS_SECTIONAL_RELATIVE_STRENGTH,symbol,CRVUSDT,DIAGNOSTIC_ONLY,167,112,-0.22587555072433232,0.08456431421494272,-0.310439864939275,-0.3950041791542177,0.17964071856287425,0.6167664670658682,0.20359281437125748,0.31736526946107785
CROSS_SECTIONAL_RELATIVE_STRENGTH,symbol,DASHUSDT,DIAGNOSTIC_ONLY,199,107,0.1460262601253947,0.07175341642571222,0.0742728436996825,0.0025194272739703116,0.23618090452261306,0.5025125628140703,0.2613065326633166,0.4120603015075377
CROSS_SECTIONAL_RELATIVE_STRENGTH,symbol,DODOXUSDT,DIAGNOSTIC_ONLY,218,118,0.11179372017442528,0.08354770425691879,0.028246015917506483,-0.055301688339412305,0.25688073394495414,0.44495412844036697,0.2981651376146789,0.44954128440366975
CROSS_SECTIONAL_RELATIVE_STRENGTH,symbol,DOGEUSDT,DIAGNOSTIC_ONLY,56,39,-0.0813926628213806,0.09863902246960835,-0.18003168529098904,-0.2786707077605973,0.25,0.5178571428571429,0.23214285714285715,0.375
CROSS_SECTIONAL_RELATIVE_STRENGTH,symbol,DOGSUSDT,DIAGNOSTIC_ONLY,231,149,-0.1342998224691637,0.07948902917580716,-0.21378885164497086,-0.29327788082077805,0.2077922077922078,0.6190476190476191,0.17316017316017315,0.329004329004329
CROSS_SECTIONAL_RELATIVE_STRENGTH,symbol,DOTUSDT,DIAGNOSTIC_ONLY,73,46,-0.031041723510232596,0.09030857476858638,-0.12135029827881896,-0.21165887304740533,0.1917808219178082,0.5068493150684932,0.3013698630136986,0.3835616438356164
CROSS_SECTIONAL_RELATIVE_STRENGTH,symbol,DUSKUSDT,DIAGNOSTIC_ONLY,231,137,-0.05755802050252746,0.07791930989344012,-0.13547733039596763,-0.21339664028940772,0.24675324675324675,0.5670995670995671,0.18614718614718614,0.3722943722943723
CROSS_SECTIONAL_RELATIVE_STRENGTH,symbol,DYDXUSDT,DIAGNOSTIC_ONLY,163,95,0.08390310539534739,0.08245902309727059,0.0014440822980768136,-0.08101494079919373,0.22699386503067484,0.5153374233128835,0.25766871165644173,0.3987730061349693
CROSS_SECTIONAL_RELATIVE_STRENGTH,symbol,EGLDUSDT,DIAGNOSTIC_ONLY,69,46,0.22109765179535404,0.08459756784253367,0.1365000839528204,0.05190251611028675,0.3188405797101449,0.42028985507246375,0.2608695652173913,0.463768115942029
CROSS_SECTIONAL_RELATIVE_STRENGTH,symbol,ENAUSDT,DIAGNOSTIC_ONLY,219,125,0.12475564266119557,0.0726328863428444,0.05212275631835116,-0.020510130024493246,0.2557077625570776,0.4931506849315068,0.2511415525114155,0.4520547945205479
CROSS_SECTIONAL_RELATIVE_STRENGTH,symbol,ENJUSDT,DIAGNOSTIC_ONLY,198,101,0.2119684666856788,0.07429675834353759,0.13767170834214124,0.06337494999860364,0.32323232323232326,0.4696969696969697,0.20707070707070707,0.4696969696969697
CROSS_SECTIONAL_RELATIVE_STRENGTH,symbol,ENSUSDT,DIAGNOSTIC_ONLY,65,39,-0.22379159924562117,0.08085455806454266,-0.3046461573101638,-0.3855007153747064,0.15384615384615385,0.5538461538461539,0.2923076923076923,0.3384615384615385
CROSS_SECTIONAL_RELATIVE_STRENGTH,symbol,ETCUSDT,DIAGNOSTIC_ONLY,49,32,0.2039270655148877,0.09085770566618524,0.11306935984870253,0.02221165418251725,0.20408163265306123,0.3469387755102041,0.4489795918367347,0.5510204081632653
CROSS_SECTIONAL_RELATIVE_STRENGTH,symbol,ETHFIUSDT,DIAGNOSTIC_ONLY,187,122,-0.16573750442523927,0.08309252710015845,-0.24883003152539773,-0.33192255862555614,0.24064171122994651,0.6524064171122995,0.10695187165775401,0.2994652406417112
CROSS_SECTIONAL_RELATIVE_STRENGTH,symbol,FETUSDT,DIAGNOSTIC_ONLY,157,98,0.0014788473831077534,0.07679025371461193,-0.07531140633150418,-0.1521016600461161,0.20382165605095542,0.5095541401273885,0.28662420382165604,0.4267515923566879
CROSS_SECTIONAL_RELATIVE_STRENGTH,symbol,FILUSDT,DIAGNOSTIC_ONLY,118,66,0.04713018520947764,0.08270851779763382,-0.03557833258815613,-0.11828685038578993,0.22033898305084745,0.5338983050847458,0.2457627118644068,0.4067796610169492
CROSS_SECTIONAL_RELATIVE_STRENGTH,symbol,GALAUSDT,DIAGNOSTIC_ONLY,76,46,-0.08362378214544854,0.08284288310871045,-0.16646666525415899,-0.24930954836286945,0.23684210526315788,0.5394736842105263,0.2236842105263158,0.35526315789473684
CROSS_SECTIONAL_RELATIVE_STRENGTH,symbol,GRTUSDT,DIAGNOSTIC_ONLY,65,42,-0.21419579344425016,0.09225335561516146,-0.3064491490594117,-0.3987025046745731,0.18461538461538463,0.6153846153846154,0.2,0.3076923076923077
CROSS_SECTIONAL_RELATIVE_STRENGTH,symbol,HBARUSDT,DIAGNOSTIC_ONLY,69,45,0.09088761093399904,0.08580077303782589,0.005086837896173153,-0.08071393514165272,0.2463768115942029,0.5507246376811594,0.2028985507246377,0.391304347826087
CROSS_SECTIONAL_RELATIVE_STRENGTH,symbol,ICPUSDT,DIAGNOSTIC_ONLY,136,79,0.13362068243648273,0.08038645182626478,0.05323423061021793,-0.027152221216046813,0.25,0.4852941176470588,0.2647058823529412,0.4117647058823529
CROSS_SECTIONAL_RELATIVE_STRENGTH,symbol,IDUSDT,DIAGNOSTIC_ONLY,177,104,0.10133255771954042,0.08447801098095498,0.016854546738585392,-0.0676234642423696,0.2598870056497175,0.5254237288135594,0.21468926553672316,0.4067796610169492
CROSS_SECTIONAL_RELATIVE_STRENGTH,symbol,IMXUSDT,DIAGNOSTIC_ONLY,138,87,0.09573345789230273,0.07863937223965227,0.01709408565265042,-0.06154528658700184,0.21739130434782608,0.5072463768115942,0.2753623188405797,0.41304347826086957
CROSS_SECTIONAL_RELATIVE_STRENGTH,symbol,INJUSDT,DIAGNOSTIC_ONLY,137,83,-0.14715508997978738,0.08157235445781941,-0.22872744443760673,-0.3102997988954262,0.18248175182481752,0.5547445255474452,0.26277372262773724,0.31386861313868614
CROSS_SECTIONAL_RELATIVE_STRENGTH,symbol,IOSTUSDT,DIAGNOSTIC_ONLY,114,69,0.13559846864169944,0.08753376996047342,0.04806469868122601,-0.03946907127924738,0.21929824561403508,0.43859649122807015,0.34210526315789475,0.47368421052631576
CROSS_SECTIONAL_RELATIVE_STRENGTH,symbol,IOTAUSDT,DIAGNOSTIC_ONLY,119,74,-0.004238251974309411,0.08843148667528773,-0.09266973864959714,-0.18110122532488487,0.23529411764705882,0.5042016806722689,0.2605042016806723,0.40336134453781514
CROSS_SECTIONAL_RELATIVE_STRENGTH,symbol,IOUSDT,DIAGNOSTIC_ONLY,249,154,-0.07350047029467711,0.08170868326080069,-0.1552091535554778,-0.23691783681627845,0.23694779116465864,0.5742971887550201,0.18875502008032127,0.3413654618473896
CROSS_SECTIONAL_RELATIVE_STRENGTH,symbol,JASMYUSDT,DIAGNOSTIC_ONLY,145,85,0.03513374057814665,0.08111393670896885,-0.045980196130822173,-0.12709413283979104,0.2413793103448276,0.5379310344827586,0.2206896551724138,0.3931034482758621
CROSS_SECTIONAL_RELATIVE_STRENGTH,symbol,JTOUSDT,DIAGNOSTIC_ONLY,219,132,0.13325160835650102,0.08035752847310276,0.05289407988339825,-0.02746344858970448,0.2968036529680365,0.5388127853881278,0.1643835616438356,0.4018264840182648
CROSS_SECTIONAL_RELATIVE_STRENGTH,symbol,JUPUSDT,DIAGNOSTIC_ONLY,179,114,0.06872257919527781,0.08118703153793934,-0.012464452342661516,-0.0936514838806009,0.2569832402234637,0.4692737430167598,0.2737430167597765,0.441340782122905
CROSS_SECTIONAL_RELATIVE_STRENGTH,symbol,KASUSDT,DIAGNOSTIC_ONLY,187,118,0.0240928958807692,0.090596895526259,-0.0665039996454898,-0.15710089517174877,0.29411764705882354,0.5294117647058824,0.17647058823529413,0.40106951871657753
CROSS_SECTIONAL_RELATIVE_STRENGTH,symbol,KAVAUSDT,DIAGNOSTIC_ONLY,173,102,-0.04860823399847149,0.08979354220368597,-0.13840177620215743,-0.22819531840584337,0.20809248554913296,0.5722543352601156,0.21965317919075145,0.3468208092485549
CROSS_SECTIONAL_RELATIVE_STRENGTH,symbol,KSMUSDT,DIAGNOSTIC_ONLY,121,71,0.060566719221746675,0.0881228165377334,-0.027556097315986718,-0.11567891385372013,0.2231404958677686,0.5041322314049587,0.2727272727272727,0.4049586776859504
CROSS_SECTIONAL_RELATIVE_STRENGTH,symbol,LDOUSDT,DIAGNOSTIC_ONLY,152,100,0.008464352732774114,0.0838295980940762,-0.07536524536130208,-0.15919484345537827,0.25,0.506578947368421,0.24342105263157895,0.3684210526315789
CROSS_SECTIONAL_RELATIVE_STRENGTH,symbol,LINKUSDT,DIAGNOSTIC_ONLY,40,26,-0.3106005483819445,0.09184943803976475,-0.4024499864217093,-0.4942994244614741,0.15,0.675,0.175,0.275
CROSS_SECTIONAL_RELATIVE_STRENGTH,symbol,LPTUSDT,DIAGNOSTIC_ONLY,146,91,-0.35740183803224906,0.08708722573947572,-0.4444890637717249,-0.5315762895112006,0.13013698630136986,0.6301369863013698,0.23972602739726026,0.2534246575342466
CROSS_SECTIONAL_RELATIVE_STRENGTH,symbol,LSKUSDT,DIAGNOSTIC_ONLY,113,71,-0.04482887735804701,0.0903975979088186,-0.13522647526686563,-0.22562407317568423,0.17699115044247787,0.5398230088495575,0.2831858407079646,0.3805309734513274
CROSS_SECTIONAL_RELATIVE_STRENGTH,symbol,LTCUSDT,DIAGNOSTIC_ONLY,84,49,0.03442182547778405,0.08889049625426597,-0.05446867077648191,-0.14335916703074789,0.16666666666666666,0.4523809523809524,0.38095238095238093,0.36904761904761907
CROSS_SECTIONAL_RELATIVE_STRENGTH,symbol,MANAUSDT,DIAGNOSTIC_ONLY,80,57,-0.10726815628385027,0.08707152533734115,-0.1943396816211914,-0.28141120695853256,0.25,0.6,0.15,0.35
CROSS_SECTIONAL_RELATIVE_STRENGTH,symbol,MEMEUSDT,DIAGNOSTIC_ONLY,261,128,0.003012018182277716,0.07449544911314687,-0.07148343093086917,-0.14597888004401602,0.21839080459770116,0.5325670498084292,0.24904214559386972,0.38697318007662834
CROSS_SECTIONAL_RELATIVE_STRENGTH,symbol,MINAUSDT,DIAGNOSTIC_ONLY,102,66,0.1035793988429661,0.08547285020825145,0.018106548634714663,-0.06736630157353678,0.27450980392156865,0.49019607843137253,0.23529411764705882,0.4117647058823529
CROSS_SECTIONAL_RELATIVE_STRENGTH,symbol,MOVRUSDT,DIAGNOSTIC_ONLY,189,117,0.19434706949948516,0.08312936151280123,0.11121770798668394,0.028088346473882732,0.291005291005291,0.48148148148148145,0.2275132275132275,0.4444444444444444
CROSS_SECTIONAL_RELATIVE_STRENGTH,symbol,NEARUSDT,DIAGNOSTIC_ONLY,121,84,-0.10584892199819712,0.08152653453358678,-0.1873754565317839,-0.2689019910653707,0.2231404958677686,0.5950413223140496,0.18181818181818182,0.36363636363636365
CROSS_SECTIONAL_RELATIVE_STRENGTH,symbol,NEIROUSDT,DIAGNOSTIC_ONLY,235,134,-0.07592650291100016,0.06995282230157754,-0.14587932521257765,-0.2158321475141552,0.225531914893617,0.5659574468085107,0.20851063829787234,0.3404255319148936
CROSS_SECTIONAL_RELATIVE_STRENGTH,symbol,NEOUSDT,DIAGNOSTIC_ONLY,94,59,0.29686297970881315,0.0907523258762191,0.20611065383259417,0.11535832795637492,0.32978723404255317,0.4574468085106383,0.2127659574468085,0.4787234042553192
CROSS_SECTIONAL_RELATIVE_STRENGTH,symbol,NOTUSDT,DIAGNOSTIC_ONLY,218,132,0.07819302771679537,0.08480047774517874,-0.006607450028383353,-0.09140792777356219,0.22477064220183487,0.5596330275229358,0.21559633027522937,0.3853211009174312
CROSS_SECTIONAL_RELATIVE_STRENGTH,symbol,ONDOUSDT,DIAGNOSTIC_ONLY,101,68,-0.17753268858478258,0.08292539504228391,-0.2604580836270665,-0.3433834786693505,0.22772277227722773,0.6435643564356436,0.12871287128712872,0.3465346534653465
CROSS_SECTIONAL_RELATIVE_STRENGTH,symbol,ONEUSDT,DIAGNOSTIC_ONLY,167,103,-0.11498261042746111,0.08840884351358975,-0.20339145394105085,-0.29180029745464064,0.2275449101796407,0.5868263473053892,0.18562874251497005,0.32335329341317365
CROSS_SECTIONAL_RELATIVE_STRENGTH,symbol,ONGUSDT,DIAGNOSTIC_ONLY,113,74,-0.2956364140058834,0.08895060741263294,-0.3845870214185164,-0.47353762883114936,0.1504424778761062,0.672566371681416,0.17699115044247787,0.26548672566371684
CROSS_SECTIONAL_RELATIVE_STRENGTH,symbol,ONTUSDT,DIAGNOSTIC_ONLY,134,79,-0.19996543897932506,0.0814505471849581,-0.2814159861642831,-0.3628665333492413,0.1791044776119403,0.6044776119402985,0.21641791044776118,0.29850746268656714
CROSS_SECTIONAL_RELATIVE_STRENGTH,symbol,OPUSDT,DIAGNOSTIC_ONLY,101,70,-0.17177513106893033,0.0861661096180198,-0.25794124068695007,-0.3441073503049699,0.2079207920792079,0.5445544554455446,0.24752475247524752,0.32673267326732675
CROSS_SECTIONAL_RELATIVE_STRENGTH,symbol,ORDIUSDT,DIAGNOSTIC_ONLY,252,125,-0.10426338922382601,0.07948493245881076,-0.18374832168263683,-0.26323325414144755,0.21825396825396826,0.5873015873015873,0.19444444444444445,0.3492063492063492
CROSS_SECTIONAL_RELATIVE_STRENGTH,symbol,PENDLEUSDT,DIAGNOSTIC_ONLY,191,131,-0.12653884848599553,0.08207674647834545,-0.20861559496434096,-0.2906923414426864,0.19895287958115182,0.612565445026178,0.18848167539267016,0.33507853403141363
CROSS_SECTIONAL_RELATIVE_STRENGTH,symbol,PEOPLEUSDT,DIAGNOSTIC_ONLY,179,108,-0.2616480577399308,0.08026575616300557,-0.3419138139029363,-0.4221795700659419,0.16759776536312848,0.6480446927374302,0.18435754189944134,0.30726256983240224
CROSS_SECTIONAL_RELATIVE_STRENGTH,symbol,POLUSDT,DIAGNOSTIC_ONLY,97,64,-0.08255752928433137,0.09752805222715369,-0.18008558151148507,-0.27761363373863873,0.20618556701030927,0.5567010309278351,0.23711340206185566,0.32989690721649484
CROSS_SECTIONAL_RELATIVE_STRENGTH,symbol,POPCATUSDT,DIAGNOSTIC_ONLY,213,135,0.1539255085110927,0.07025256513288762,0.0836729433782051,0.013420378245317537,0.323943661971831,0.5539906103286385,0.12206572769953052,0.39906103286384975
CROSS_SECTIONAL_RELATIVE_STRENGTH,symbol,PORTALUSDT,DIAGNOSTIC_ONLY,313,173,0.016336897844021925,0.07008511162216483,-0.05374821377814294,-0.12383332540030775,0.23003194888178913,0.5271565495207667,0.24281150159744408,0.3769968051118211
CROSS_SECTIONAL_RELATIVE_STRENGTH,symbol,PYTHUSDT,DIAGNOSTIC_ONLY,189,113,-0.22899503825775916,0.07989835892916572,-0.3088933971869248,-0.3887917561160906,0.1693121693121693,0.5661375661375662,0.26455026455026454,0.30158730158730157
CROSS_SECTIONAL_RELATIVE_STRENGTH,symbol,QNTUSDT,DIAGNOSTIC_ONLY,152,93,-0.09722541137560024,0.09689221113302833,-0.1941176225086286,-0.29100983364165695,0.17105263157894737,0.5526315789473685,0.27631578947368424,0.375
CROSS_SECTIONAL_RELATIVE_STRENGTH,symbol,RENDERUSDT,DIAGNOSTIC_ONLY,145,90,-0.001176904932753282,0.08998155263473885,-0.09115845756749213,-0.18114001020223103,0.23448275862068965,0.5793103448275863,0.18620689655172415,0.3724137931034483
CROSS_SECTIONAL_RELATIVE_STRENGTH,symbol,REZUSDT,DIAGNOSTIC_ONLY,306,179,0.1496510058417968,0.07725526344237343,0.07239574239942338,-0.004859521042950046,0.28104575163398693,0.5032679738562091,0.21568627450980393,0.4444444444444444
CROSS_SECTIONAL_RELATIVE_STRENGTH,symbol,RIFUSDT,DIAGNOSTIC_ONLY,149,92,-0.3193481634159378,0.08301858697718012,-0.402366750393118,-0.48538533737029815,0.087248322147651,0.6174496644295302,0.2953020134228188,0.28187919463087246
CROSS_SECTIONAL_RELATIVE_STRENGTH,symbol,ROSEUSDT,DIAGNOSTIC_ONLY,185,114,-0.18076862031806928,0.07855035398338484,-0.259318974301454,-0.33786932828483895,0.20540540540540542,0.572972972972973,0.22162162162162163,0.3081081081081081
CROSS_SECTIONAL_RELATIVE_STRENGTH,symbol,RSRUSDT,DIAGNOSTIC_ONLY,178,100,0.020222636278410012,0.09113322060975579,-0.07091058433134578,-0.16204380494110152,0.2303370786516854,0.5337078651685393,0.23595505617977527,0.39325842696629215
CROSS_SECTIONAL_RELATIVE_STRENGTH,symbol,RUNEUSDT,DIAGNOSTIC_ONLY,104,62,-0.17572456079708393,0.08164888268829228,-0.2573734434853762,-0.3390223261736685,0.21153846153846154,0.5865384615384616,0.20192307692307693,0.3173076923076923
CROSS_SECTIONAL_RELATIVE_STRENGTH,symbol,RVNUSDT,DIAGNOSTIC_ONLY,72,47,-0.35497177999719676,0.07668117328452594,-0.4316529532817226,-0.5083341265662487,0.1527777777777778,0.6805555555555556,0.16666666666666666,0.25
CROSS_SECTIONAL_RELATIVE_STRENGTH,symbol,SAGAUSDT,DIAGNOSTIC_ONLY,278,161,-0.2787593888697911,0.07864869237772831,-0.35740808124751944,-0.43605677362524775,0.17266187050359713,0.6546762589928058,0.17266187050359713,0.28776978417266186
CROSS_SECTIONAL_RELATIVE_STRENGTH,symbol,SANDUSDT,DIAGNOSTIC_ONLY,56,39,0.16409616504678876,0.08150276383485666,0.08259340121193211,0.0010906373770754557,0.2857142857142857,0.48214285714285715,0.23214285714285715,0.44642857142857145
CROSS_SECTIONAL_RELATIVE_STRENGTH,symbol,SEIUSDT,DIAGNOSTIC_ONLY,125,75,0.05870059082605167,0.08562316758344725,-0.026922576757395605,-0.11254574434084286,0.248,0.536,0.216,0.416
CROSS_SECTIONAL_RELATIVE_STRENGTH,symbol,SNXUSDT,DIAGNOSTIC_ONLY,179,105,-0.15097844717382544,0.08035345224575385,-0.2313318994195793,-0.3116853516653331,0.2011173184357542,0.5977653631284916,0.2011173184357542,0.3407821229050279
CROSS_SECTIONAL_RELATIVE_STRENGTH,symbol,SOLUSDT,DIAGNOSTIC_ONLY,47,37,0.11940963173757303,0.0960410695803318,0.023368562157241285,-0.07267250742309053,0.2978723404255319,0.5531914893617021,0.14893617021276595,0.44680851063829785
CROSS_SECTIONAL_RELATIVE_STRENGTH,symbol,STRKUSDT,DIAGNOSTIC_ONLY,147,94,-0.02169092178264962,0.08369370452325907,-0.10538462630590867,-0.18907833082916778,0.2585034013605442,0.5510204081632653,0.19047619047619047,0.38095238095238093
CROSS_SECTIONAL_RELATIVE_STRENGTH,symbol,STXUSDT,DIAGNOSTIC_ONLY,103,61,0.3109705186621762,0.08975429746025078,0.2212162212019254,0.13146192374167465,0.30097087378640774,0.44660194174757284,0.2524271844660194,0.5048543689320388
CROSS_SECTIONAL_RELATIVE_STRENGTH,symbol,SUIUSDT,DIAGNOSTIC_ONLY,99,62,0.07487228956903513,0.08746112376692287,-0.012588834197887717,-0.10004995796481055,0.30303030303030304,0.5050505050505051,0.1919191919191919,0.3838383838383838
CROSS_SECTIONAL_RELATIVE_STRENGTH,symbol,SUPERUSDT,DIAGNOSTIC_ONLY,191,96,-0.17817529729357973,0.08333263181480083,-0.26150792910838055,-0.3448405609231814,0.19895287958115182,0.6073298429319371,0.193717277486911,0.29842931937172773
CROSS_SECTIONAL_RELATIVE_STRENGTH,symbol,SUSHIUSDT,DIAGNOSTIC_ONLY,112,72,-0.1338067867497337,0.08104166064733569,-0.2148484473970694,-0.29589010804440513,0.20535714285714285,0.5714285714285714,0.22321428571428573,0.35714285714285715
CROSS_SECTIONAL_RELATIVE_STRENGTH,symbol,SYNUSDT,DIAGNOSTIC_ONLY,308,182,0.13328540285274876,0.075740664098105,0.05754473875464375,-0.018195925343461237,0.2922077922077922,0.5032467532467533,0.20454545454545456,0.4155844155844156
CROSS_SECTIONAL_RELATIVE_STRENGTH,symbol,TAOUSDT,DIAGNOSTIC_ONLY,169,106,-0.07904389379981232,0.07765163884227513,-0.15669553264208747,-0.23434717148436257,0.21301775147928995,0.5562130177514792,0.23076923076923078,0.3431952662721893
CROSS_SECTIONAL_RELATIVE_STRENGTH,symbol,THETAUSDT,DIAGNOSTIC_ONLY,113,72,0.20733629566450207,0.09612418199288766,0.11121211367161439,0.015087931678726687,0.2743362831858407,0.48672566371681414,0.23893805309734514,0.4690265486725664
CROSS_SECTIONAL_RELATIVE_STRENGTH,symbol,TIAUSDT,DIAGNOSTIC_ONLY,169,99,0.08249647936050447,0.08418767074568957,-0.0016911913851851213,-0.08587886213087474,0.27218934911242604,0.5088757396449705,0.21893491124260356,0.40236686390532544
CROSS_SECTIONAL_RELATIVE_STRENGTH,symbol,TLMUSDT,DIAGNOSTIC_ONLY,186,105,-0.0806225691819607,0.07826683751619347,-0.15888940669815413,-0.23715624421434758,0.20967741935483872,0.5967741935483871,0.1935483870967742,0.3333333333333333
CROSS_SECTIONAL_RELATIVE_STRENGTH,symbol,TRBUSDT,DIAGNOSTIC_ONLY,165,88,-0.2055103731918328,0.07850511001065666,-0.2840154832024895,-0.3625205932131461,0.12121212121212122,0.5393939393939394,0.3393939393939394,0.3575757575757576
CROSS_SECTIONAL_RELATIVE_STRENGTH,symbol,TRXUSDT,DIAGNOSTIC_ONLY,39,25,-0.2711064773121219,0.10626583181792376,-0.3773723091300457,-0.4836381409479695,0.07692307692307693,0.5128205128205128,0.41025641025641024,0.3333333333333333
CROSS_SECTIONAL_RELATIVE_STRENGTH,symbol,TURBOUSDT,DIAGNOSTIC_ONLY,222,127,-0.28237859672921267,0.07560190038823428,-0.357980497117447,-0.43358239750568117,0.17567567567567569,0.6216216216216216,0.20270270270270271,0.26576576576576577
CROSS_SECTIONAL_RELATIVE_STRENGTH,symbol,TUSDT,DIAGNOSTIC_ONLY,113,69,-0.04754872481883526,0.09153433307018528,-0.13908305788902053,-0.23061739095920578,0.12389380530973451,0.4778761061946903,0.39823008849557523,0.3893805309734513
CROSS_SECTIONAL_RELATIVE_STRENGTH,symbol,TWTUSDT,DIAGNOSTIC_ONLY,162,102,-0.05257612287401662,0.09140293284498249,-0.1439790557189991,-0.2353819885639816,0.18518518518518517,0.5061728395061729,0.30864197530864196,0.37037037037037035
CROSS_SECTIONAL_RELATIVE_STRENGTH,symbol,UNIUSDT,DIAGNOSTIC_ONLY,128,73,-0.28573103061484084,0.0861984241441799,-0.37192945475902073,-0.4581278789032006,0.1484375,0.625,0.2265625,0.265625
CROSS_SECTIONAL_RELATIVE_STRENGTH,symbol,VETUSDT,DIAGNOSTIC_ONLY,50,38,0.17378898219846348,0.09166916055471636,0.08211982164374712,-0.009549338910969212,0.38,0.56,0.06,0.42
CROSS_SECTIONAL_RELATIVE_STRENGTH,symbol,WIFUSDT,DIAGNOSTIC_ONLY,218,129,0.02519166518855737,0.07998269028162389,-0.05479102509306654,-0.13477371537469043,0.27522935779816515,0.5412844036697247,0.1834862385321101,0.3944954128440367
CROSS_SECTIONAL_RELATIVE_STRENGTH,symbol,WLDUSDT,DIAGNOSTIC_ONLY,170,111,-0.14446827237722548,0.07592521610081529,-0.22039348847804074,-0.296318704578856,0.18235294117647058,0.5705882352941176,0.24705882352941178,0.35294117647058826
CROSS_SECTIONAL_RELATIVE_STRENGTH,symbol,WUSDT,DIAGNOSTIC_ONLY,201,119,0.03744221834233751,0.08045608691343048,-0.04301386857109294,-0.12346995548452343,0.23383084577114427,0.48756218905472637,0.27860696517412936,0.4079601990049751
CROSS_SECTIONAL_RELATIVE_STRENGTH,symbol,XLMUSDT,DIAGNOSTIC_ONLY,96,54,0.10615802942642756,0.08863949443002432,0.01751853499640324,-0.07112095943362105,0.23958333333333334,0.46875,0.2916666666666667,0.46875
CROSS_SECTIONAL_RELATIVE_STRENGTH,symbol,XMRUSDT,DIAGNOSTIC_ONLY,216,142,-0.11131385847312877,0.09658818026034643,-0.2079020387334752,-0.30449021899382167,0.21296296296296297,0.5694444444444444,0.2175925925925926,0.3611111111111111
CROSS_SECTIONAL_RELATIVE_STRENGTH,symbol,XRPUSDT,DIAGNOSTIC_ONLY,68,37,-0.24747284983544376,0.09771246392844417,-0.3451853137638879,-0.442897777692332,0.11764705882352941,0.6029411764705882,0.27941176470588236,0.3235294117647059
CROSS_SECTIONAL_RELATIVE_STRENGTH,symbol,XTZUSDT,DIAGNOSTIC_ONLY,88,54,-0.0023640869079877484,0.10544986802525468,-0.1078139549332424,-0.21326382295849705,0.20454545454545456,0.5568181818181818,0.23863636363636365,0.3522727272727273
CROSS_SECTIONAL_RELATIVE_STRENGTH,symbol,XVGUSDT,DIAGNOSTIC_ONLY,202,122,-0.12169210834105747,0.07827340768203692,-0.19996551602309434,-0.2782389237051313,0.23267326732673269,0.6138613861386139,0.15346534653465346,0.32673267326732675
CROSS_SECTIONAL_RELATIVE_STRENGTH,symbol,ZECUSDT,DIAGNOSTIC_ONLY,235,155,-0.06695069221487415,0.08193716984786581,-0.14888786206273993,-0.23082503191060574,0.23404255319148937,0.6,0.16595744680851063,0.3574468085106383
CROSS_SECTIONAL_RELATIVE_STRENGTH,symbol,ZENUSDT,DIAGNOSTIC_ONLY,193,122,0.08743237468311606,0.06969612095317368,0.017736253729942357,-0.051959867223231315,0.30569948186528495,0.48704663212435234,0.20725388601036268,0.41450777202072536
CROSS_SECTIONAL_RELATIVE_STRENGTH,symbol,ZILUSDT,DIAGNOSTIC_ONLY,92,44,-0.20164403726190905,0.09213927674088883,-0.2937833140027979,-0.3859225907436867,0.11956521739130435,0.5108695652173914,0.3695652173913043,0.32608695652173914
CROSS_SECTIONAL_RELATIVE_STRENGTH,symbol,ZKUSDT,DIAGNOSTIC_ONLY,206,121,0.06566250183250334,0.07773678481440172,-0.01207428298189836,-0.08981106779630009,0.24271844660194175,0.46116504854368934,0.2961165048543689,0.44660194174757284
CROSS_SECTIONAL_RELATIVE_STRENGTH,symbol,ZROUSDT,DIAGNOSTIC_ONLY,229,140,-0.03896017771745525,0.08383873430591951,-0.12279891202337474,-0.20663764632929424,0.2663755458515284,0.5720524017467249,0.1615720524017467,0.3537117903930131
CROSS_SECTIONAL_RELATIVE_STRENGTH,instrument_group,STATIC_GROUP_0,DIAGNOSTIC_ONLY,281,148,-0.05904981331682881,0.09655042490147757,-0.15560023821830635,-0.25215066311978396,0.18505338078291814,0.5231316725978647,0.2918149466192171,0.3807829181494662
CROSS_SECTIONAL_RELATIVE_STRENGTH,instrument_group,STATIC_GROUP_1,DIAGNOSTIC_ONLY,676,258,-0.048187193548479015,0.08818502612527006,-0.13637221967374907,-0.22455724579901917,0.23076923076923078,0.5473372781065089,0.22189349112426035,0.3698224852071006
CROSS_SECTIONAL_RELATIVE_STRENGTH,instrument_group,STATIC_GROUP_2,DIAGNOSTIC_ONLY,713,297,-0.13101215425732463,0.08529249459336476,-0.21630464885068937,-0.3015971434440541,0.2005610098176718,0.5820476858345021,0.21739130434782608,0.3436185133239832
CROSS_SECTIONAL_RELATIVE_STRENGTH,instrument_group,STATIC_GROUP_3,DIAGNOSTIC_ONLY,274,153,0.0034080069091539707,0.08379566328354773,-0.08038765637439375,-0.1641833196579415,0.27007299270072993,0.5364963503649635,0.19343065693430658,0.3905109489051095
CROSS_SECTIONAL_RELATIVE_STRENGTH,instrument_group,UNKNOWN,DIAGNOSTIC_ONLY,18463,546,-0.028191885557370344,0.0820963363358756,-0.11028822189324594,-0.19238455822912154,0.22786112766072686,0.5475274874072469,0.2246113849320262,0.3705789958294968
CROSS_SECTIONAL_RELATIVE_STRENGTH,year,2025,DIAGNOSTIC_ONLY,12867,354,-0.025358124008806177,0.07990342156381376,-0.10526154557261996,-0.18516496713643377,0.22864692624543406,0.5444159477733738,0.2269371259811922,0.3732804849615295
CROSS_SECTIONAL_RELATIVE_STRENGTH,year,2026,DIAGNOSTIC_ONLY,7540,192,-0.04454498858058149,0.08728708752658332,-0.1318320761071648,-0.21911916363374812,0.22413793103448276,0.5547745358090186,0.22108753315649868,0.36445623342175065
CROSS_SECTIONAL_RELATIVE_STRENGTH,month,2025-01,DIAGNOSTIC_ONLY,833,20,0.3145876226940258,0.07444855173311354,0.24013907096091222,0.16569051922779865,0.3241296518607443,0.46938775510204084,0.2064825930372149,0.4885954381752701
CROSS_SECTIONAL_RELATIVE_STRENGTH,month,2025-02,DIAGNOSTIC_ONLY,1073,28,-0.03358922937981666,0.07011984599747893,-0.1037090753772956,-0.17382892137477454,0.21994408201304752,0.5806150978564771,0.19944082013047532,0.353215284249767
CROSS_SECTIONAL_RELATIVE_STRENGTH,month,2025-03,DIAGNOSTIC_ONLY,1697,31,0.10393452826288768,0.07839422441529285,0.025540303847594804,-0.052853920567698054,0.24926340601060695,0.5126694166175604,0.23806717737183264,0.4236888626988804
CROSS_SECTIONAL_RELATIVE_STRENGTH,month,2025-04,DIAGNOSTIC_ONLY,1338,30,-0.065679598966542,0.08283654697591922,-0.14851614594246124,-0.23135269291838045,0.19730941704035873,0.554559043348281,0.24813153961136025,0.37369207772795215
CROSS_SECTIONAL_RELATIVE_STRENGTH,month,2025-05,DIAGNOSTIC_ONLY,918,31,-0.15735688258741856,0.08166720508047565,-0.23902408766789418,-0.3206912927483698,0.1895424836601307,0.6274509803921569,0.1830065359477124,0.3442265795206972
CROSS_SECTIONAL_RELATIVE_STRENGTH,month,2025-06,DIAGNOSTIC_ONLY,778,30,-0.04060279363092238,0.09186090104878755,-0.13246369467970992,-0.22432459572849744,0.2712082262210797,0.5616966580976864,0.16709511568123395,0.3676092544987147
CROSS_SECTIONAL_RELATIVE_STRENGTH,month,2025-07,DIAGNOSTIC_ONLY,869,31,-0.01721077123928956,0.07944806468672835,-0.09665883592601791,-0.17610690061274625,0.2911392405063291,0.5753739930955121,0.1334867663981588,0.3739930955120829
CROSS_SECTIONAL_RELATIVE_STRENGTH,month,2025-08,DIAGNOSTIC_ONLY,612,31,0.005574493817666577,0.09033450258700337,-0.08476000876933679,-0.17509451135634016,0.27124183006535946,0.5343137254901961,0.19444444444444445,0.37745098039215685
CROSS_SECTIONAL_RELATIVE_STRENGTH,month,2025-09,DIAGNOSTIC_ONLY,687,30,-0.183271617659548,0.0939000656447662,-0.2771716833043142,-0.3710717489490804,0.1819505094614265,0.5851528384279476,0.2328966521106259,0.3318777292576419
CROSS_SECTIONAL_RELATIVE_STRENGTH,month,2025-10,DIAGNOSTIC_ONLY,1625,31,-0.13838978720680473,0.06780289286832478,-0.20619268007512948,-0.2739955729434543,0.14707692307692308,0.4849230769230769,0.368,0.31876923076923075
CROSS_SECTIONAL_RELATIVE_STRENGTH,month,2025-11,DIAGNOSTIC_ONLY,1568,30,-0.04194184386997239,0.07506546083851028,-0.1170073047084827,-0.19207276554699293,0.2385204081632653,0.5561224489795918,0.20535714285714285,0.3667091836734694
CROSS_SECTIONAL_RELATIVE_STRENGTH,month,2025-12,DIAGNOSTIC_ONLY,869,31,-0.042172429072329175,0.09647611110065477,-0.13864854017298398,-0.23512465127363874,0.238204833141542,0.5489067894131185,0.21288837744533948,0.3670886075949367
CROSS_SECTIONAL_RELATIVE_STRENGTH,month,2026-01,DIAGNOSTIC_ONLY,1213,31,-0.07615927042242039,0.08741986374171688,-0.16357913416413727,-0.2509989979058542,0.20280296784830998,0.5770816158285244,0.2201154163231657,0.34954657873042044
CROSS_SECTIONAL_RELATIVE_STRENGTH,month,2026-02,DIAGNOSTIC_ONLY,1143,28,-0.03673675170399084,0.0806475437510176,-0.11738429545500843,-0.19803183920602602,0.23097112860892388,0.558180227471566,0.21084864391951005,0.37182852143482065
CROSS_SECTIONAL_RELATIVE_STRENGTH,month,2026-03,DIAGNOSTIC_ONLY,1227,31,-0.16740568245422702,0.09564325206001859,-0.2630489345142456,-0.35869218657426416,0.18092909535452323,0.5656071719641402,0.2534637326813366,0.33088834555827223
CROSS_SECTIONAL_RELATIVE_STRENGTH,month,2026-04,DIAGNOSTIC_ONLY,1168,30,0.005044397899959058,0.08811122583540623,-0.08306682793544717,-0.1711780537708534,0.20804794520547945,0.521404109589041,0.2705479452054795,0.3878424657534247
CROSS_SECTIONAL_RELATIVE_STRENGTH,month,2026-05,DIAGNOSTIC_ONLY,1103,31,0.020107592003364417,0.08751760913183147,-0.06741001712846707,-0.15492762626029855,0.25385312783318226,0.5339981867633726,0.21214868540344514,0.3825929283771532
CROSS_SECTIONAL_RELATIVE_STRENGTH,month,2026-06,DIAGNOSTIC_ONLY,1281,30,-0.01993395563402054,0.08335219283823124,-0.10328614847225177,-0.186638341310483,0.26619828259172523,0.5784543325526932,0.15534738485558158,0.36065573770491804
CROSS_SECTIONAL_RELATIVE_STRENGTH,month,2026-07,DIAGNOSTIC_ONLY,405,11,0.003391918849695603,0.08975293524133542,-0.08636101639163982,-0.17611395163297522,0.23209876543209876,0.5234567901234568,0.24444444444444444,0.3851851851851852
CROSS_SECTIONAL_RELATIVE_STRENGTH,UTC_session,00-08,DIAGNOSTIC_ONLY,7679,535,-0.03480282156721245,0.08337287369710752,-0.11817569526432,-0.20154856896142753,0.2187784867821331,0.5564526631071754,0.2247688501106915,0.3754395103529105
CROSS_SECTIONAL_RELATIVE_STRENGTH,UTC_session,08-16,DIAGNOSTIC_ONLY,8853,536,-0.038775716937337945,0.08450488914102762,-0.12328060607836556,-0.20778549521939313,0.24443691404043827,0.5679430701457133,0.1876200158138484,0.3652998983395459
CROSS_SECTIONAL_RELATIVE_STRENGTH,UTC_session,16-24,DIAGNOSTIC_ONLY,3875,509,-0.013321266234326792,0.07688255084552877,-0.09020381707985554,-0.16708636792538434,0.2033548387096774,0.48696774193548387,0.3096774193548387,0.37006451612903224
CROSS_SECTIONAL_RELATIVE_STRENGTH,weekday,Friday,DIAGNOSTIC_ONLY,2831,78,-0.02769746358511765,0.08267203047738914,-0.1103694940625068,-0.19304152453989595,0.25008830801836807,0.5623454609678559,0.18756623101377606,0.3677145884846344
CROSS_SECTIONAL_RELATIVE_STRENGTH,weekday,Monday,DIAGNOSTIC_ONLY,3167,78,0.12411916199097248,0.08098390847911545,0.04313525351185703,-0.037848654967258435,0.26113040732554466,0.49479002210293654,0.2440795705715188,0.4404799494790022
CROSS_SECTIONAL_RELATIVE_STRENGTH,weekday,Saturday,DIAGNOSTIC_ONLY,3124,78,0.008732149235798795,0.07891069671571616,-0.07017854747991735,-0.1490892441956335,0.19526248399487836,0.46094750320102434,0.3437900128040973,0.3786811779769526
CROSS_SECTIONAL_RELATIVE_STRENGTH,weekday,Sunday,DIAGNOSTIC_ONLY,2264,78,-0.04010070267756246,0.0855696165354972,-0.12567031921305968,-0.21123993574855682,0.24425795053003532,0.5852473498233216,0.1704946996466431,0.3590989399293286
CROSS_SECTIONAL_RELATIVE_STRENGTH,weekday,Thursday,DIAGNOSTIC_ONLY,3129,78,-0.043238966170733986,0.08521819560304662,-0.1284571617737806,-0.21367535737682722,0.23553851070629594,0.5580057526366251,0.20645573665707895,0.36593160754234577
CROSS_SECTIONAL_RELATIVE_STRENGTH,weekday,Tuesday,DIAGNOSTIC_ONLY,2976,78,-0.1083675594500363,0.08210009483126543,-0.19046765428130175,-0.27256774911256715,0.20631720430107528,0.5853494623655914,0.20833333333333334,0.34576612903225806
CROSS_SECTIONAL_RELATIVE_STRENGTH,weekday,Wednesday,DIAGNOSTIC_ONLY,2916,78,-0.15621423985388708,0.08385362281932136,-0.24006786267320845,-0.32392148549252975,0.19993141289437585,0.6090534979423868,0.1910150891632373,0.32407407407407407
CROSS_SECTIONAL_RELATIVE_STRENGTH,volatility_regime,CONTRACTED,DIAGNOSTIC_ONLY,7056,533,-0.06518835146172151,0.08484568316505509,-0.15003403462677659,-0.2348797177918317,0.20337301587301587,0.5861678004535147,0.21045918367346939,0.3450963718820862
CROSS_SECTIONAL_RELATIVE_STRENGTH,volatility_regime,EXPANDED,DIAGNOSTIC_ONLY,1799,462,-0.07136866880860378,0.07210456499050005,-0.14347323379910382,-0.21557779878960384,0.23457476375764313,0.5247359644246804,0.2406892718176765,0.3779877709838799
CROSS_SECTIONAL_RELATIVE_STRENGTH,volatility_regime,NORMAL,DIAGNOSTIC_ONLY,11552,545,-0.006387720950338321,0.08291851734604327,-0.0893062382963816,-0.17222475564242487,0.24021814404432132,0.5287396121883656,0.23104224376731303,0.3840027700831025
CROSS_SECTIONAL_RELATIVE_STRENGTH,trend_regime,DOWN,DIAGNOSTIC_ONLY,7193,535,-0.0906439457734982,0.07824778469732055,-0.16889173047081876,-0.2471395151681393,0.19866536910885582,0.5483108577783956,0.2530237731127485,0.3483942722090922
CROSS_SECTIONAL_RELATIVE_STRENGTH,trend_regime,FLAT,DIAGNOSTIC_ONLY,6402,536,-0.0460468767417447,0.08532988281244391,-0.13137675955418862,-0.21670664236663256,0.24835988753514526,0.5615432677288348,0.19009684473601998,0.3641049671977507
CROSS_SECTIONAL_RELATIVE_STRENGTH,trend_regime,UP,DIAGNOSTIC_ONLY,6812,525,0.041785351046759914,0.08472456549015521,-0.04293921444339529,-0.1276637799335505,0.23678802113916617,0.5356723429242514,0.2275396359365825,0.39841456253669993
CROSS_SECTIONAL_RELATIVE_STRENGTH,BTC_market_regime,DOWN_24H,DIAGNOSTIC_ONLY,3896,205,-0.08269620014147847,0.07175774988164942,-0.1544539500231279,-0.2262116999047773,0.17761806981519507,0.5320841889117043,0.2902977412731006,0.35395277207392195
CROSS_SECTIONAL_RELATIVE_STRENGTH,BTC_market_regime,RANGE_24H,DIAGNOSTIC_ONLY,12140,530,-0.043105974015924635,0.0846915320122895,-0.12779750602821416,-0.21248903804050365,0.2468698517298188,0.564497528830313,0.1886326194398682,0.3615321252059308
CROSS_SECTIONAL_RELATIVE_STRENGTH,BTC_market_regime,UP_24H,DIAGNOSTIC_ONLY,4371,212,0.041944343350636376,0.08660228163896808,-0.04465793828833168,-0.13126021992729978,0.21574010523907572,0.5175017158544956,0.2667581789064287,0.4079158087394189
CROSS_SECTIONAL_RELATIVE_STRENGTH,ETH_market_regime,DOWN_24H,DIAGNOSTIC_ONLY,5285,278,-0.07776634255430034,0.0738940649399824,-0.15166040749428275,-0.22555447243426516,0.1922421948912015,0.5396404919583727,0.26811731315042575,0.35137180700094606
CROSS_SECTIONAL_RELATIVE_STRENGTH,ETH_market_regime,RANGE_24H,DIAGNOSTIC_ONLY,9316,498,-0.06237655712133163,0.08543338975951646,-0.14780994688084811,-0.23324333664036456,0.24388149420352082,0.5736367539716617,0.18248175182481752,0.35412194074710174
CROSS_SECTIONAL_RELATIVE_STRENGTH,ETH_market_regime,UP_24H,DIAGNOSTIC_ONLY,5806,284,0.05682792473698057,0.08608928229496517,-0.029261357557984587,-0.11535063985294977,0.231484671029969,0.5153289700310024,0.2531863589390286,0.41250430589045817
CROSS_SECTIONAL_RELATIVE_STRENGTH,volume_regime,ABOVE_2X,DIAGNOSTIC_ONLY,6496,533,-0.048276754042738804,0.07823043783069597,-0.12650719187343476,-0.20473762970413076,0.21767241379310345,0.5304802955665024,0.2518472906403941,0.36976600985221675
CROSS_SECTIONAL_RELATIVE_STRENGTH,volume_regime,NORMAL_TO_2X,DIAGNOSTIC_ONLY,13911,545,-0.02505545260996781,0.08468672568929834,-0.10974217829926614,-0.19442890398856444,0.23132772625979442,0.5565379915175042,0.21213428222270145,0.3701387391273093
CROSS_SECTIONAL_RELATIVE_STRENGTH,cost_R_decile,0,DIAGNOSTIC_ONLY,2041,378,-0.1894958349840545,0.028745048145952905,-0.21824088313000745,-0.24698593127596033,0.13032827045565898,0.4463498285154336,0.4233219010289074,0.32435080842724157
CROSS_SECTIONAL_RELATIVE_STRENGTH,cost_R_decile,1,DIAGNOSTIC_ONLY,2041,447,-0.03025259853425489,0.04541839935454281,-0.07567099788879769,-0.1210893972433405,0.18961293483586478,0.4659480646741793,0.3444390004899559,0.4027437530622244
CROSS_SECTIONAL_RELATIVE_STRENGTH,cost_R_decile,2,DIAGNOSTIC_ONLY,2040,465,-0.02292993495023164,0.05654719920539654,-0.07947713415562817,-0.1360243333610247,0.22058823529411764,0.5112745098039215,0.2681372549019608,0.3862745098039216
CROSS_SECTIONAL_RELATIVE_STRENGTH,cost_R_decile,3,DIAGNOSTIC_ONLY,2041,469,-0.021014204641592846,0.06699449513779378,-0.0880086997793866,-0.15500319491718037,0.23174914257716805,0.5394414502694758,0.2288094071533562,0.3880450759431651
CROSS_SECTIONAL_RELATIVE_STRENGTH,cost_R_decile,4,DIAGNOSTIC_ONLY,2041,468,0.018950446916570718,0.07652872409031948,-0.05757827717374876,-0.13410700126406824,0.24399804017638413,0.5306222439980401,0.2253797158255757,0.40764331210191085
CROSS_SECTIONAL_RELATIVE_STRENGTH,cost_R_decile,5,DIAGNOSTIC_ONLY,2040,480,-0.011361089156326793,0.08594113036916279,-0.09730221952548956,-0.18324334989465235,0.2299019607843137,0.5583333333333333,0.21176470588235294,0.37598039215686274
CROSS_SECTIONAL_RELATIVE_STRENGTH,cost_R_decile,6,DIAGNOSTIC_ONLY,2041,481,-0.00021254512790860232,0.0965048977334641,-0.09671744286137271,-0.1932223405948368,0.2596766291033807,0.5810877021068104,0.1592356687898089,0.3708966193042626
CROSS_SECTIONAL_RELATIVE_STRENGTH,cost_R_decile,7,DIAGNOSTIC_ONLY,2040,482,-0.03378648325703683,0.1082355619796178,-0.14202204523665463,-0.25025760721627244,0.2519607843137255,0.6044117647058823,0.14362745098039215,0.35343137254901963
CROSS_SECTIONAL_RELATIVE_STRENGTH,cost_R_decile,8,DIAGNOSTIC_ONLY,2041,487,0.005234373747225684,0.12201173559732642,-0.11677736185010075,-0.23878909744742716,0.26555609995100443,0.6065654091131798,0.12787849093581577,0.3547280744732974
CROSS_SECTIONAL_RELATIVE_STRENGTH,cost_R_decile,9,DIAGNOSTIC_ONLY,2041,469,-0.039590862509331554,0.13938965753075672,-0.17898052004008827,-0.318370177570845,0.24644781969622734,0.6384125428711416,0.11513963743263106,0.33610975012248895
CROSS_SECTIONAL_RELATIVE_STRENGTH,target_room_R_decile,0,DIAGNOSTIC_ONLY,2042,512,0.018934012450244116,0.07751634863378869,-0.058582336183544574,-0.13609868481733325,0.3751224289911851,0.47600391772771794,0.14887365328109697,0.44613124387855047
CROSS_SECTIONAL_RELATIVE_STRENGTH,target_room_R_decile,1,DIAGNOSTIC_ONLY,2040,506,-0.012662378156994124,0.07881527437916669,-0.0914776525361608,-0.17029292691532755,0.33284313725490194,0.5,0.16715686274509803,0.42598039215686273
CROSS_SECTIONAL_RELATIVE_STRENGTH,target_room_R_decile,2,DIAGNOSTIC_ONLY,2040,495,-0.018416263435443562,0.08056449453808716,-0.09898075797353072,-0.17954525251161788,0.3044117647058823,0.509313725490196,0.18627450980392157,0.40980392156862744
CROSS_SECTIONAL_RELATIVE_STRENGTH,target_room_R_decile,3,DIAGNOSTIC_ONLY,2041,495,-0.04229086993914463,0.08131974534103188,-0.12361061528017653,-0.20493036062120837,0.2748652621264086,0.5374816266536012,0.1876531112199902,0.3855952964233219
CROSS_SECTIONAL_RELATIVE_STRENGTH,target_room_R_decile,4,DIAGNOSTIC_ONLY,2041,488,-0.006773506924913565,0.08295526398046418,-0.08972877090537774,-0.17268403488584194,0.2621264086232239,0.5301322880940715,0.20774130328270457,0.3880450759431651
CROSS_SECTIONAL_RELATIVE_STRENGTH,target_room_R_decile,5,DIAGNOSTIC_ONLY,2040,486,-0.046121792361450406,0.08450066036721635,-0.13062245272866677,-0.2151231130958831,0.2122549019607843,0.557843137254902,0.2299019607843137,0.36764705882352944
CROSS_SECTIONAL_RELATIVE_STRENGTH,target_room_R_decile,6,DIAGNOSTIC_ONLY,2041,489,-0.06843375150312311,0.08434873428699483,-0.15278248579011794,-0.23713122007711274,0.18716315531602157,0.589906908378246,0.2229299363057325,0.3410093091621754
CROSS_SECTIONAL_RELATIVE_STRENGTH,target_room_R_decile,7,DIAGNOSTIC_ONLY,2040,485,-0.010114444064416979,0.08703845712355614,-0.09715290118797311,-0.18419135831152925,0.1642156862745098,0.5897058823529412,0.246078431372549,0.33872549019607845
CROSS_SECTIONAL_RELATIVE_STRENGTH,target_room_R_decile,8,DIAGNOSTIC_ONLY,2041,458,-0.03556361731729791,0.08926526544833072,-0.12482888276562862,-0.21409414821395936,0.116609505144537,0.6197942185203331,0.26359627633512983,0.31161195492405686
CROSS_SECTIONAL_RELATIVE_STRENGTH,target_room_R_decile,9,DIAGNOSTIC_ONLY,2041,402,-0.10303482353891602,0.07999391746422686,-0.18302874100314287,-0.2630226584673698,0.04017638412542871,0.5722684958353749,0.38755512003919645,0.28564429201371877
CROSS_SECTIONAL_RELATIVE_STRENGTH,cross_sectional_dispersion_decile,0,DIAGNOSTIC_ONLY,2041,212,-0.0713270581116609,0.0936681888377973,-0.16499524694945822,-0.2586634357872555,0.23958843704066635,0.5703086722195002,0.1901028907398334,0.35864772170504655
CROSS_SECTIONAL_RELATIVE_STRENGTH,cross_sectional_dispersion_decile,1,DIAGNOSTIC_ONLY,2041,274,-0.04087155144084741,0.08901966142066413,-0.12989121286151153,-0.21891087428217573,0.2484076433121019,0.560999510044096,0.19059284664380205,0.3659970602645762
CROSS_SECTIONAL_RELATIVE_STRENGTH,cross_sectional_dispersion_decile,2,DIAGNOSTIC_ONLY,2040,284,-0.10004188632565243,0.08812809462327427,-0.1881699809489267,-0.276298075572201,0.22745098039215686,0.5720588235294117,0.20049019607843138,0.34558823529411764
CROSS_SECTIONAL_RELATIVE_STRENGTH,cross_sectional_dispersion_decile,3,DIAGNOSTIC_ONLY,2041,300,0.028201717100564624,0.08634392129403008,-0.05814220419346546,-0.14448612548749556,0.23615874571288584,0.5296423321901029,0.23419892209701126,0.3924546790788829
CROSS_SECTIONAL_RELATIVE_STRENGTH,cross_sectional_dispersion_decile,4,DIAGNOSTIC_ONLY,2041,298,-0.029146112494200897,0.08733598930455355,-0.11648210179875446,-0.203818091103308,0.22097011268985792,0.5482606565409113,0.23076923076923078,0.3762861342479177
CROSS_SECTIONAL_RELATIVE_STRENGTH,cross_sectional_dispersion_decile,5,DIAGNOSTIC_ONLY,2040,272,0.009708364027116879,0.08249990051769523,-0.07279153649057835,-0.15529143700827358,0.22745098039215686,0.5416666666666666,0.23088235294117648,0.375
CROSS_SECTIONAL_RELATIVE_STRENGTH,cross_sectional_dispersion_decile,6,DIAGNOSTIC_ONLY,2041,268,0.042029772526382285,0.0803898214827258,-0.038360048956343505,-0.11874987043906929,0.25330720235178833,0.54875061244488,0.1979421852033317,0.3939245467907888
CROSS_SECTIONAL_RELATIVE_STRENGTH,cross_sectional_dispersion_decile,7,DIAGNOSTIC_ONLY,2044,218,-0.11900110938252892,0.07853562005733315,-0.19753672943986206,-0.2760723494971952,0.2089041095890411,0.5743639921722113,0.21673189823874756,0.3561643835616438
CROSS_SECTIONAL_RELATIVE_STRENGTH,cross_sectional_dispersion_decile,8,DIAGNOSTIC_ONLY,2037,163,0.006940488784978302,0.07795059125936153,-0.07101010247438323,-0.14896069373374474,0.25282277859597446,0.5488463426607757,0.19833087874324987,0.38340697103583704
CROSS_SECTIONAL_RELATIVE_STRENGTH,cross_sectional_dispersion_decile,9,DIAGNOSTIC_ONLY,2041,93,-0.05077374362482012,0.062443149327031634,-0.11321689295185178,-0.1756600422788834,0.15482606565409113,0.4875061244487996,0.3576678098971093,0.3527682508574228
CROSS_SECTIONAL_RELATIVE_STRENGTH,realized_volatility_24h_decile,0,DIAGNOSTIC_ONLY,2041,394,0.018358567035884264,0.11579199273436833,-0.09743342569848408,-0.21322541843285236,0.26604605585497304,0.5178833904948554,0.21607055365017147,0.4061734443900049
CROSS_SECTIONAL_RELATIVE_STRENGTH,realized_volatility_24h_decile,1,DIAGNOSTIC_ONLY,2041,439,0.01509478405791973,0.10730130494102351,-0.09220652088310377,-0.19950782582412727,0.26506614404703577,0.5325820676139148,0.2023517883390495,0.4042136207741303
CROSS_SECTIONAL_RELATIVE_STRENGTH,realized_volatility_24h_decile,2,DIAGNOSTIC_ONLY,2040,443,-0.04056730894105627,0.0996630636839194,-0.14023037262497567,-0.23989343630889506,0.2514705882352941,0.5573529411764706,0.19117647058823528,0.3681372549019608
CROSS_SECTIONAL_RELATIVE_STRENGTH,realized_volatility_24h_decile,3,DIAGNOSTIC_ONLY,2041,460,-0.03078510855328571,0.09417086533601207,-0.12495597388929777,-0.21912683922530984,0.24742773150416464,0.5644292013718766,0.18814306712395884,0.37236648701616853
CROSS_SECTIONAL_RELATIVE_STRENGTH,realized_volatility_24h_decile,4,DIAGNOSTIC_ONLY,2041,455,0.00491843149639243,0.08749671126564403,-0.0825782797692516,-0.17007499103489562,0.2513473787359138,0.5605095541401274,0.18814306712395884,0.3753062224399804
CROSS_SECTIONAL_RELATIVE_STRENGTH,realized_volatility_24h_decile,5,DIAGNOSTIC_ONLY,2040,419,-0.03455502753503948,0.08187607053587251,-0.11643109807091201,-0.19830716860678446,0.21372549019607842,0.5553921568627451,0.23088235294117648,0.3656862745098039
CROSS_SECTIONAL_RELATIVE_STRENGTH,realized_volatility_24h_decile,6,DIAGNOSTIC_ONLY,2041,413,0.012354925802579424,0.07693802007678342,-0.06458309427420401,-0.14152111435098744,0.22929936305732485,0.5526702596766291,0.21803037726604604,0.38951494365507106
CROSS_SECTIONAL_RELATIVE_STRENGTH,realized_volatility_24h_decile,7,DIAGNOSTIC_ONLY,2040,402,-0.033282786234897443,0.06900038602395646,-0.10228317225885393,-0.17128355828281036,0.21568627450980393,0.5627450980392157,0.22156862745098038,0.3656862745098039
CROSS_SECTIONAL_RELATIVE_STRENGTH,realized_volatility_24h_decile,8,DIAGNOSTIC_ONLY,2041,401,-0.06986640008707662,0.057471915731905,-0.12733831581898164,-0.18481023155088663,0.20186183243508085,0.5722684958353749,0.22586967172954434,0.3478686918177364
CROSS_SECTIONAL_RELATIVE_STRENGTH,realized_volatility_24h_decile,9,DIAGNOSTIC_ONLY,2041,328,-0.16614856829159402,0.0366064284810365,-0.2027549967726305,-0.23936142525366702,0.12787849093581577,0.5066144047035767,0.36550710436060757,0.3052425281724645
CROSS_SECTIONAL_RELATIVE_STRENGTH,structural_risk_pct_decile,0,DIAGNOSTIC_ONLY,2041,470,-0.01761539411825408,0.13936771103416254,-0.1569831051524166,-0.29635081618657916,0.24889759921607055,0.6305732484076433,0.12052915237628613,0.34345908868201863
CROSS_SECTIONAL_RELATIVE_STRENGTH,structural_risk_pct_decile,1,DIAGNOSTIC_ONLY,2041,491,0.014289696499830957,0.12199912986645918,-0.10770943336662822,-0.22970856323308741,0.27045565899069085,0.6065654091131798,0.12297893189612935,0.35619794218520334
CROSS_SECTIONAL_RELATIVE_STRENGTH,structural_risk_pct_decile,2,DIAGNOSTIC_ONLY,2040,486,-0.04607864378418136,0.10823413052720395,-0.15431277431138532,-0.2625469048385893,0.24901960784313726,0.6063725490196078,0.14460784313725492,0.3495098039215686
CROSS_SECTIONAL_RELATIVE_STRENGTH,structural_risk_pct_decile,3,DIAGNOSTIC_ONLY,2041,478,-0.014968474050109589,0.0965036459008791,-0.11147211995098869,-0.2079757658518678,0.2562469377756002,0.5825575698187163,0.16119549240568348,0.3699167074963253
CROSS_SECTIONAL_RELATIVE_STRENGTH,structural_risk_pct_decile,4,DIAGNOSTIC_ONLY,2041,478,-0.011165470994578977,0.08593669634283987,-0.09710216733741883,-0.1830388636802587,0.233219010289074,0.5605095541401274,0.20627143557079863,0.37432631063204314
CROSS_SECTIONAL_RELATIVE_STRENGTH,structural_risk_pct_decile,5,DIAGNOSTIC_ONLY,2040,467,0.024252600277289038,0.07653040314693199,-0.05227780286964294,-0.1288082060165749,0.24362745098039215,0.5303921568627451,0.22598039215686275,0.40784313725490196
CROSS_SECTIONAL_RELATIVE_STRENGTH,structural_risk_pct_decile,6,DIAGNOSTIC_ONLY,2041,471,-0.042534231742096425,0.06699323335591029,-0.10952746509800673,-0.17652069845391702,0.2288094071533562,0.5453209211170995,0.22586967172954434,0.3836354728074473
CROSS_SECTIONAL_RELATIVE_STRENGTH,structural_risk_pct_decile,7,DIAGNOSTIC_ONLY,2040,463,-0.024175290518759728,0.05655760424758241,-0.08073289476634213,-0.1372904990139245,0.21568627450980393,0.513235294117647,0.271078431372549,0.38480392156862747
CROSS_SECTIONAL_RELATIVE_STRENGTH,structural_risk_pct_decile,8,DIAGNOSTIC_ONLY,2041,448,-0.04386627377226906,0.0454234314391606,-0.08928970521142963,-0.13471313665059023,0.1876531112199902,0.47035766780989713,0.3419892209701127,0.3968642822146007
CROSS_SECTIONAL_RELATIVE_STRENGTH,structural_risk_pct_decile,9,DIAGNOSTIC_ONLY,2041,377,-0.16258643394234812,0.028766256838503514,-0.19135269078085163,-0.22011894761935516,0.1362077413032827,0.43655071043606075,0.4272415482606565,0.33365997060264574
CROSS_SECTIONAL_RELATIVE_STRENGTH,signal_frequency_decile,0,DIAGNOSTIC_ONLY,12284,545,-0.0432098290853136,0.0840327238121106,-0.12724255289742423,-0.21127527670953483,0.23835884076847932,0.5603223705633344,0.20131878866818625,0.3647020514490394
CROSS_SECTIONAL_RELATIVE_STRENGTH,signal_frequency_decile,1,DIAGNOSTIC_ONLY,2043,320,-0.024966533121926832,0.08515044971740937,-0.11011698283933621,-0.1952674325567456,0.23201174743024963,0.5462555066079295,0.22173274596182085,0.37151248164464024
CROSS_SECTIONAL_RELATIVE_STRENGTH,signal_frequency_decile,2,DIAGNOSTIC_ONLY,2090,254,0.06442827118824226,0.08727980657618266,-0.02285153538794039,-0.11013134196412305,0.23301435406698565,0.5244019138755981,0.24258373205741626,0.4143540669856459
CROSS_SECTIONAL_RELATIVE_STRENGTH,signal_frequency_decile,3,DIAGNOSTIC_ONLY,2006,163,-0.09908849380514434,0.08441557388070574,-0.1835040676858501,-0.26791964156655584,0.1984047856430708,0.580259222333001,0.2213359920239282,0.34995014955134596
CROSS_SECTIONAL_RELATIVE_STRENGTH,signal_frequency_decile,4,DIAGNOSTIC_ONLY,1984,58,-0.008185280280802166,0.06466188517262023,-0.07284716545342242,-0.13750905062604266,0.17389112903225806,0.4682459677419355,0.35786290322580644,0.375
FLOW_CONFIRMED_DIRECTIONAL,side,LONG,DIAGNOSTIC_ONLY,7947,530,-0.056343772313076676,0.0756550623481266,-0.1319988346612033,-0.20765389700932987,0.17163709575940606,0.4991820812885365,0.32918082295205736,0.38077261859821315
FLOW_CONFIRMED_DIRECTIONAL,side,SHORT,DIAGNOSTIC_ONLY,8603,517,0.03440916841997531,0.07823442341687702,-0.0438252549969017,-0.12205967841377872,0.18470301057770544,0.44263628966639545,0.3726606997558991,0.42194583284900616
FLOW_CONFIRMED_DIRECTIONAL,symbol,1000BONKUSDT,DIAGNOSTIC_ONLY,153,123,0.03293021826881571,0.06761565369639556,-0.03468543542757987,-0.10230108912397544,0.1895424836601307,0.42483660130718953,0.38562091503267976,0.39869281045751637
FLOW_CONFIRMED_DIRECTIONAL,symbol,1000FLOKIUSDT,DIAGNOSTIC_ONLY,143,118,0.10723349927430077,0.07710538238746695,0.03012811688683383,-0.046977265500633074,0.1958041958041958,0.40559440559440557,0.3986013986013986,0.4405594405594406
FLOW_CONFIRMED_DIRECTIONAL,symbol,1000LUNCUSDT,DIAGNOSTIC_ONLY,100,85,-0.24562975341813703,0.08133250245999195,-0.326962255878129,-0.40829475833812096,0.11,0.55,0.34,0.32
FLOW_CONFIRMED_DIRECTIONAL,symbol,1000PEPEUSDT,DIAGNOSTIC_ONLY,165,131,0.0982411270974447,0.0760064352151022,0.022234691882342485,-0.05377174333275971,0.15757575757575756,0.40606060606060607,0.43636363636363634,0.4666666666666667
FLOW_CONFIRMED_DIRECTIONAL,symbol,1000SHIBUSDT,DIAGNOSTIC_ONLY,139,109,0.07576458328365594,0.08857278382567123,-0.012808200542015294,-0.10138098436768653,0.2014388489208633,0.4316546762589928,0.3669064748201439,0.41007194244604317
FLOW_CONFIRMED_DIRECTIONAL,symbol,1INCHUSDT,DIAGNOSTIC_ONLY,85,72,0.013419481206611242,0.0847764646964606,-0.07135698348984933,-0.15613344818630995,0.2235294117647059,0.5058823529411764,0.27058823529411763,0.4
FLOW_CONFIRMED_DIRECTIONAL,symbol,AAVEUSDT,DIAGNOSTIC_ONLY,155,123,-0.13514168288965836,0.08152656444252607,-0.21666824733218443,-0.29819481177471047,0.12258064516129032,0.5096774193548387,0.36774193548387096,0.3096774193548387
FLOW_CONFIRMED_DIRECTIONAL,symbol,ACEUSDT,DIAGNOSTIC_ONLY,133,111,-0.21266603506422063,0.06997840050677112,-0.2826444355709917,-0.35262283607776285,0.14285714285714285,0.5037593984962406,0.3533834586466165,0.3233082706766917
FLOW_CONFIRMED_DIRECTIONAL,symbol,ADAUSDT,DIAGNOSTIC_ONLY,149,115,0.10888243764090945,0.08324311066471875,0.025639326976190705,-0.057603783688528046,0.26174496644295303,0.4429530201342282,0.2953020134228188,0.42953020134228187
FLOW_CONFIRMED_DIRECTIONAL,symbol,ALGOUSDT,DIAGNOSTIC_ONLY,101,86,0.0064257280600510365,0.07799285048716577,-0.07156712242711472,-0.14955997291428047,0.1782178217821782,0.504950495049505,0.31683168316831684,0.4158415841584158
FLOW_CONFIRMED_DIRECTIONAL,symbol,ALICEUSDT,DIAGNOSTIC_ONLY,78,69,-0.03670833573244295,0.06679716428208722,-0.10350550001453016,-0.1703026642966174,0.14102564102564102,0.44871794871794873,0.41025641025641024,0.3717948717948718
FLOW_CONFIRMED_DIRECTIONAL,symbol,ALTUSDT,DIAGNOSTIC_ONLY,115,100,-0.11208933495447392,0.0772761029040288,-0.18936543785850274,-0.2666415407625315,0.16521739130434782,0.5739130434782609,0.2608695652173913,0.3652173913043478
FLOW_CONFIRMED_DIRECTIONAL,symbol,APEUSDT,DIAGNOSTIC_ONLY,121,101,-0.022682993442492205,0.07386148130025293,-0.09654447474274515,-0.17040595604299807,0.1652892561983471,0.48760330578512395,0.34710743801652894,0.39669421487603307
FLOW_CONFIRMED_DIRECTIONAL,symbol,APTUSDT,DIAGNOSTIC_ONLY,121,101,0.07846290736298385,0.08252667718683525,-0.0040637698238513865,-0.08659044701068662,0.256198347107438,0.4793388429752066,0.2644628099173554,0.4214876033057851
FLOW_CONFIRMED_DIRECTIONAL,symbol,ARBUSDT,DIAGNOSTIC_ONLY,126,102,0.004250029836469481,0.07456547085517748,-0.07031544101870801,-0.1448809118738855,0.18253968253968253,0.4444444444444444,0.373015873015873,0.40476190476190477
FLOW_CONFIRMED_DIRECTIONAL,symbol,ARKMUSDT,DIAGNOSTIC_ONLY,122,102,-0.08900000377523988,0.06930690638095442,-0.15830691015619427,-0.22761381653714874,0.1557377049180328,0.48360655737704916,0.36065573770491804,0.38524590163934425
FLOW_CONFIRMED_DIRECTIONAL,symbol,ARKUSDT,DIAGNOSTIC_ONLY,139,116,-0.055749571671183655,0.0846733711131805,-0.14042294278436415,-0.22509631389754467,0.1366906474820144,0.4676258992805755,0.39568345323741005,0.38848920863309355
FLOW_CONFIRMED_DIRECTIONAL,symbol,ARUSDT,DIAGNOSTIC_ONLY,131,114,-0.0666298268715845,0.07492188991179927,-0.14155171678338377,-0.21647360669518304,0.1450381679389313,0.46564885496183206,0.3893129770992366,0.3816793893129771
FLOW_CONFIRMED_DIRECTIONAL,symbol,ATOMUSDT,DIAGNOSTIC_ONLY,90,81,-0.35702151615179734,0.09186564869518647,-0.44888716484698377,-0.5407528135421702,0.08888888888888889,0.6,0.3111111111111111,0.24444444444444444
FLOW_CONFIRMED_DIRECTIONAL,symbol,AVAXUSDT,DIAGNOSTIC_ONLY,128,104,-0.06741515603705563,0.08472415965567828,-0.15213931569273392,-0.23686347534841223,0.1796875,0.53125,0.2890625,0.359375
FLOW_CONFIRMED_DIRECTIONAL,symbol,AXSUSDT,DIAGNOSTIC_ONLY,117,103,0.0814188267451537,0.07752594488554847,0.003892881859605255,-0.07363306302594316,0.20512820512820512,0.4188034188034188,0.37606837606837606,0.4444444444444444
FLOW_CONFIRMED_DIRECTIONAL,symbol,BBUSDT,DIAGNOSTIC_ONLY,149,120,0.22489455562478378,0.06430729604190416,0.16058725958287964,0.09627996354097546,0.2080536912751678,0.4161073825503356,0.37583892617449666,0.4966442953020134
FLOW_CONFIRMED_DIRECTIONAL,symbol,BCHUSDT,DIAGNOSTIC_ONLY,135,108,0.0011029632149657422,0.08818796014086139,-0.08708499692589566,-0.17527295706675702,0.1111111111111111,0.37037037037037035,0.5185185185185185,0.42962962962962964
FLOW_CONFIRMED_DIRECTIONAL,symbol,BEAMXUSDT,DIAGNOSTIC_ONLY,127,111,-0.18170371940554508,0.07826696988281075,-0.2599706892883558,-0.3382376591711665,0.14960629921259844,0.5669291338582677,0.28346456692913385,0.33070866141732286
FLOW_CONFIRMED_DIRECTIONAL,symbol,BICOUSDT,DIAGNOSTIC_ONLY,151,125,0.1297860841279838,0.07737978753881898,0.05240629658916479,-0.02497349094965418,0.23841059602649006,0.4304635761589404,0.33112582781456956,0.4370860927152318
FLOW_CONFIRMED_DIRECTIONAL,symbol,BIGTIMEUSDT,DIAGNOSTIC_ONLY,149,117,0.11558118893341794,0.07965325498370343,0.035927933949714524,-0.0437253210339889,0.2348993288590604,0.4429530201342282,0.3221476510067114,0.42953020134228187
FLOW_CONFIRMED_DIRECTIONAL,symbol,BNBUSDT,DIAGNOSTIC_ONLY,74,61,-0.10221442835442157,0.10754458476661846,-0.20975901312104003,-0.3173035978876585,0.12162162162162163,0.44594594594594594,0.43243243243243246,0.33783783783783783
FLOW_CONFIRMED_DIRECTIONAL,symbol,BOMEUSDT,DIAGNOSTIC_ONLY,140,109,-0.05648354299750568,0.06711394467818645,-0.12359748767569213,-0.1907114323538786,0.17142857142857143,0.4642857142857143,0.36428571428571427,0.37142857142857144
FLOW_CONFIRMED_DIRECTIONAL,symbol,BTCUSDT,DIAGNOSTIC_ONLY,68,55,-0.009610614693489623,0.10824788713125295,-0.11785850182474256,-0.2261063889559956,0.14705882352941177,0.5,0.35294117647058826,0.4117647058823529
FLOW_CONFIRMED_DIRECTIONAL,symbol,CAKEUSDT,DIAGNOSTIC_ONLY,123,98,0.0666648472951103,0.08243469027850431,-0.015769842983393994,-0.09820453326189832,0.17073170731707318,0.3902439024390244,0.43902439024390244,0.4878048780487805
FLOW_CONFIRMED_DIRECTIONAL,symbol,CATIUSDT,DIAGNOSTIC_ONLY,136,112,-0.08476890725220931,0.06927573658788033,-0.15404464384008967,-0.22332038042796998,0.16176470588235295,0.5073529411764706,0.33088235294117646,0.3235294117647059
FLOW_CONFIRMED_DIRECTIONAL,symbol,CFXUSDT,DIAGNOSTIC_ONLY,144,121,0.031626259796317474,0.0788127323882252,-0.0471864725919077,-0.12599920498013287,0.18055555555555555,0.4305555555555556,0.3888888888888889,0.4097222222222222
FLOW_CONFIRMED_DIRECTIONAL,symbol,CHZUSDT,DIAGNOSTIC_ONLY,129,112,-0.09332633791540684,0.0904909722497324,-0.18381731016513922,-0.27430828241487154,0.17054263565891473,0.5348837209302325,0.29457364341085274,0.3333333333333333
FLOW_CONFIRMED_DIRECTIONAL,symbol,COMPUSDT,DIAGNOSTIC_ONLY,130,107,-0.05082300906222255,0.08591687247105137,-0.13673988153327393,-0.22265675400432536,0.16153846153846155,0.5,0.3384615384615385,0.36923076923076925
FLOW_CONFIRMED_DIRECTIONAL,symbol,COTIUSDT,DIAGNOSTIC_ONLY,122,105,-0.020951341429765163,0.07140235886843575,-0.09235370029820093,-0.1637560591666367,0.1885245901639344,0.4918032786885246,0.319672131147541,0.4098360655737705
FLOW_CONFIRMED_DIRECTIONAL,symbol,CRVUSDT,DIAGNOSTIC_ONLY,90,74,0.0072107572622018435,0.06937835344922605,-0.062167596187024186,-0.13154594963625027,0.2,0.45555555555555555,0.34444444444444444,0.3888888888888889
FLOW_CONFIRMED_DIRECTIONAL,symbol,DASHUSDT,DIAGNOSTIC_ONLY,113,92,0.04154675086822736,0.06991060092640361,-0.02836385005817626,-0.0982744509845799,0.1504424778761062,0.45132743362831856,0.39823008849557523,0.46017699115044247
FLOW_CONFIRMED_DIRECTIONAL,symbol,DODOXUSDT,DIAGNOSTIC_ONLY,123,99,0.08863477142777516,0.07828883113147181,0.01034594029630336,-0.06794289083516848,0.23577235772357724,0.4796747967479675,0.2845528455284553,0.42276422764227645
FLOW_CONFIRMED_DIRECTIONAL,symbol,DOGEUSDT,DIAGNOSTIC_ONLY,183,141,-0.03199779518118197,0.08787758021639096,-0.11987537539757288,-0.20775295561396387,0.15300546448087432,0.4918032786885246,0.3551912568306011,0.4098360655737705
FLOW_CONFIRMED_DIRECTIONAL,symbol,DOGSUSDT,DIAGNOSTIC_ONLY,103,93,-0.023575020406013666,0.06929112322361647,-0.09286614362963015,-0.16215726685324655,0.21359223300970873,0.4854368932038835,0.30097087378640774,0.4077669902912621
FLOW_CONFIRMED_DIRECTIONAL,symbol,DOTUSDT,DIAGNOSTIC_ONLY,112,90,0.16786411752446373,0.08377669619756427,0.08408742132689946,0.0003107251293351654,0.22321428571428573,0.42857142857142855,0.3482142857142857,0.5089285714285714
FLOW_CONFIRMED_DIRECTIONAL,symbol,DUSKUSDT,DIAGNOSTIC_ONLY,124,105,0.19534391322682979,0.06622763044035614,0.12911628278647366,0.06288865234611751,0.20967741935483872,0.41935483870967744,0.3709677419354839,0.4435483870967742
FLOW_CONFIRMED_DIRECTIONAL,symbol,DYDXUSDT,DIAGNOSTIC_ONLY,85,75,0.06525816216801562,0.06970909482317901,-0.004450932655163381,-0.07416002747834242,0.2235294117647059,0.4588235294117647,0.3176470588235294,0.4
FLOW_CONFIRMED_DIRECTIONAL,symbol,EGLDUSDT,DIAGNOSTIC_ONLY,118,100,0.009718337884982789,0.0878482405538331,-0.07812990266885034,-0.16597814322268342,0.15254237288135594,0.4491525423728814,0.3983050847457627,0.4067796610169492
FLOW_CONFIRMED_DIRECTIONAL,symbol,ENAUSDT,DIAGNOSTIC_ONLY,143,111,0.01862833111352453,0.06300297829192139,-0.04437464717839684,-0.10737762547031818,0.13286713286713286,0.40559440559440557,0.46153846153846156,0.46153846153846156
FLOW_CONFIRMED_DIRECTIONAL,symbol,ENJUSDT,DIAGNOSTIC_ONLY,115,94,-0.13907786452639745,0.07291120211066657,-0.21198906663706393,-0.28490026874773056,0.1565217391304348,0.48695652173913045,0.3565217391304348,0.3391304347826087
FLOW_CONFIRMED_DIRECTIONAL,symbol,ENSUSDT,DIAGNOSTIC_ONLY,154,123,0.13518558687475293,0.07899365371948362,0.056191933155269276,-0.022801720564214357,0.22077922077922077,0.42857142857142855,0.35064935064935066,0.461038961038961
FLOW_CONFIRMED_DIRECTIONAL,symbol,ETCUSDT,DIAGNOSTIC_ONLY,119,97,0.17432730803469476,0.09279780724687524,0.08152950078781948,-0.011268306459055787,0.21008403361344538,0.4369747899159664,0.35294117647058826,0.5294117647058824
FLOW_CONFIRMED_DIRECTIONAL,symbol,ETHFIUSDT,DIAGNOSTIC_ONLY,110,90,-0.0549536094217654,0.061992890595382086,-0.1169465000171475,-0.1789393906125296,0.15454545454545454,0.4727272727272727,0.37272727272727274,0.38181818181818183
FLOW_CONFIRMED_DIRECTIONAL,symbol,ETHUSDT,DIAGNOSTIC_ONLY,183,137,0.05632167956548093,0.1001743227329365,-0.04385264316745555,-0.14402696590039205,0.19672131147540983,0.4808743169398907,0.3224043715846995,0.41530054644808745
FLOW_CONFIRMED_DIRECTIONAL,symbol,FETUSDT,DIAGNOSTIC_ONLY,106,90,0.0573452313489904,0.0635126934823981,-0.006167462133407665,-0.06968015561580579,0.22641509433962265,0.4528301886792453,0.32075471698113206,0.42452830188679247
FLOW_CONFIRMED_DIRECTIONAL,symbol,FILUSDT,DIAGNOSTIC_ONLY,135,115,-0.20239978329888092,0.08171176853289086,-0.2841115518317718,-0.3658233203646626,0.13333333333333333,0.5481481481481482,0.31851851851851853,0.3333333333333333
FLOW_CONFIRMED_DIRECTIONAL,symbol,GALAUSDT,DIAGNOSTIC_ONLY,115,97,0.07343508856294016,0.07508598866272685,-0.0016509000997866998,-0.07673688876251357,0.23478260869565218,0.46956521739130436,0.2956521739130435,0.43478260869565216
FLOW_CONFIRMED_DIRECTIONAL,symbol,GRTUSDT,DIAGNOSTIC_ONLY,112,99,0.15346196013453342,0.09088058286566879,0.06258137726886463,-0.02829920559680418,0.25892857142857145,0.4642857142857143,0.2767857142857143,0.42857142857142855
FLOW_CONFIRMED_DIRECTIONAL,symbol,HBARUSDT,DIAGNOSTIC_ONLY,106,90,-0.09113531004349643,0.08323143861108415,-0.17436674865458057,-0.25759818726566475,0.12264150943396226,0.4528301886792453,0.42452830188679247,0.4056603773584906
FLOW_CONFIRMED_DIRECTIONAL,symbol,ICPUSDT,DIAGNOSTIC_ONLY,99,85,-0.04882226300090868,0.07226263821474267,-0.12108490121565142,-0.19334753943039412,0.1111111111111111,0.45454545454545453,0.43434343434343436,0.3939393939393939
FLOW_CONFIRMED_DIRECTIONAL,symbol,IDUSDT,DIAGNOSTIC_ONLY,95,91,0.05896777859377734,0.07850664560232883,-0.019538867008551494,-0.09804551261088032,0.23157894736842105,0.45263157894736844,0.3157894736842105,0.4
FLOW_CONFIRMED_DIRECTIONAL,symbol,IMXUSDT,DIAGNOSTIC_ONLY,150,122,0.08576988361893488,0.07430545781217036,0.011464425806764543,-0.06284103200540582,0.18,0.4533333333333333,0.36666666666666664,0.44
FLOW_CONFIRMED_DIRECTIONAL,symbol,INJUSDT,DIAGNOSTIC_ONLY,113,100,-0.12925843463024836,0.07311341024133602,-0.20237184487158436,-0.2754852551129204,0.17699115044247787,0.5132743362831859,0.30973451327433627,0.35398230088495575
FLOW_CONFIRMED_DIRECTIONAL,symbol,IOSTUSDT,DIAGNOSTIC_ONLY,117,101,0.18982989180976897,0.08789613291599783,0.1019337588937711,0.014037625977773296,0.28205128205128205,0.38461538461538464,0.3333333333333333,0.46153846153846156
FLOW_CONFIRMED_DIRECTIONAL,symbol,IOTAUSDT,DIAGNOSTIC_ONLY,118,101,0.03847902323418684,0.07585410060234377,-0.037375077368156956,-0.11322917797050072,0.19491525423728814,0.4406779661016949,0.3644067796610169,0.4067796610169492
FLOW_CONFIRMED_DIRECTIONAL,symbol,IOUSDT,DIAGNOSTIC_ONLY,139,120,0.00207907316094068,0.06545493253918791,-0.06337585937824722,-0.12883079191743513,0.17985611510791366,0.43884892086330934,0.381294964028777,0.4172661870503597
FLOW_CONFIRMED_DIRECTIONAL,symbol,JASMYUSDT,DIAGNOSTIC_ONLY,109,94,-0.10262364548082108,0.0787187487339629,-0.18134239421478393,-0.26006114294874694,0.1743119266055046,0.5321100917431193,0.29357798165137616,0.3577981651376147
FLOW_CONFIRMED_DIRECTIONAL,symbol,JTOUSDT,DIAGNOSTIC_ONLY,141,117,0.07343992934019997,0.07307149739942716,0.00036843194077277534,-0.07270306545865436,0.23404255319148937,0.48936170212765956,0.2765957446808511,0.41843971631205673
FLOW_CONFIRMED_DIRECTIONAL,symbol,JUPUSDT,DIAGNOSTIC_ONLY,143,125,-0.22692487113027643,0.07418694920001662,-0.30111182033029305,-0.37529876953030966,0.15384615384615385,0.5734265734265734,0.2727272727272727,0.3146853146853147
FLOW_CONFIRMED_DIRECTIONAL,symbol,KASUSDT,DIAGNOSTIC_ONLY,144,119,-0.006668510883123535,0.07889996486640408,-0.08556847574952758,-0.1644684406159317,0.1597222222222222,0.4097222222222222,0.4305555555555556,0.4166666666666667
FLOW_CONFIRMED_DIRECTIONAL,symbol,KAVAUSDT,DIAGNOSTIC_ONLY,89,72,-0.15980880514304943,0.08679941095016463,-0.24660821609321407,-0.33340762704337873,0.15730337078651685,0.5168539325842697,0.3258426966292135,0.3595505617977528
FLOW_CONFIRMED_DIRECTIONAL,symbol,KSMUSDT,DIAGNOSTIC_ONLY,118,96,-0.05147624871022504,0.08393284496982001,-0.13540909368004495,-0.21934193864986506,0.1694915254237288,0.4830508474576271,0.3474576271186441,0.3728813559322034
FLOW_CONFIRMED_DIRECTIONAL,symbol,LDOUSDT,DIAGNOSTIC_ONLY,132,115,-0.03486274533966295,0.07262771528280781,-0.1074904606224708,-0.1801181759052786,0.18181818181818182,0.5151515151515151,0.30303030303030304,0.36363636363636365
FLOW_CONFIRMED_DIRECTIONAL,symbol,LINKUSDT,DIAGNOSTIC_ONLY,132,105,0.0017116998557274964,0.08616617091012092,-0.08445447105439342,-0.1706206419645144,0.18181818181818182,0.4696969696969697,0.3484848484848485,0.4166666666666667
FLOW_CONFIRMED_DIRECTIONAL,symbol,LPTUSDT,DIAGNOSTIC_ONLY,113,97,-0.08755736741007394,0.07637197976752919,-0.16392934717760307,-0.24030132694513234,0.19469026548672566,0.504424778761062,0.3008849557522124,0.36283185840707965
FLOW_CONFIRMED_DIRECTIONAL,symbol,LSKUSDT,DIAGNOSTIC_ONLY,122,97,-0.016077775979751803,0.09064099284424297,-0.1067187688239948,-0.19735976166823777,0.16393442622950818,0.48360655737704916,0.3524590163934426,0.4098360655737705
FLOW_CONFIRMED_DIRECTIONAL,symbol,LTCUSDT,DIAGNOSTIC_ONLY,90,73,0.030800262657494592,0.08891071810913069,-0.05811045545163607,-0.14702117356076677,0.18888888888888888,0.4444444444444444,0.36666666666666664,0.45555555555555555
FLOW_CONFIRMED_DIRECTIONAL,symbol,MANAUSDT,DIAGNOSTIC_ONLY,118,98,0.03867377005491871,0.08293121027096924,-0.04425744021605051,-0.12718865048701972,0.2033898305084746,0.423728813559322,0.3728813559322034,0.4322033898305085
FLOW_CONFIRMED_DIRECTIONAL,symbol,MEMEUSDT,DIAGNOSTIC_ONLY,127,107,0.07142714506980163,0.06635403133362812,0.005073113736173498,-0.061280917597454625,0.1889763779527559,0.44881889763779526,0.36220472440944884,0.44881889763779526
FLOW_CONFIRMED_DIRECTIONAL,symbol,MINAUSDT,DIAGNOSTIC_ONLY,129,102,0.0696727274736715,0.08202355628221197,-0.01235082880854048,-0.09437438509075248,0.26356589147286824,0.4573643410852713,0.27906976744186046,0.4108527131782946
FLOW_CONFIRMED_DIRECTIONAL,symbol,MOVRUSDT,DIAGNOSTIC_ONLY,132,112,0.08852814240888866,0.0790149709109727,0.00951317149791596,-0.06950179941305672,0.18181818181818182,0.4318181818181818,0.38636363636363635,0.45454545454545453
FLOW_CONFIRMED_DIRECTIONAL,symbol,NEARUSDT,DIAGNOSTIC_ONLY,127,108,-0.1621096641164706,0.07596757751099495,-0.23807724162746552,-0.31404481913846055,0.16535433070866143,0.5275590551181102,0.30708661417322836,0.33858267716535434
FLOW_CONFIRMED_DIRECTIONAL,symbol,NEIROUSDT,DIAGNOSTIC_ONLY,139,114,-0.047763227431222695,0.06122021042269535,-0.10898343785391806,-0.17020364827661338,0.17266187050359713,0.5107913669064749,0.31654676258992803,0.38848920863309355
FLOW_CONFIRMED_DIRECTIONAL,symbol,NEOUSDT,DIAGNOSTIC_ONLY,104,87,0.1791958186473685,0.09001063160216825,0.08918518704520026,-0.0008254445569679802,0.18269230769230768,0.38461538461538464,0.4326923076923077,0.5
FLOW_CONFIRMED_DIRECTIONAL,symbol,NOTUSDT,DIAGNOSTIC_ONLY,94,82,0.033234265572721404,0.0750421831583049,-0.04180791758558352,-0.11685010074388838,0.19148936170212766,0.4574468085106383,0.35106382978723405,0.44680851063829785
FLOW_CONFIRMED_DIRECTIONAL,symbol,ONDOUSDT,DIAGNOSTIC_ONLY,117,98,-0.0551770849148743,0.06992462672724493,-0.12510171164211925,-0.1950263383693642,0.15384615384615385,0.5128205128205128,0.3333333333333333,0.37606837606837606
FLOW_CONFIRMED_DIRECTIONAL,symbol,ONEUSDT,DIAGNOSTIC_ONLY,129,113,0.020534031195123714,0.07578268825105247,-0.05524865705592877,-0.13103134530698124,0.17829457364341086,0.4573643410852713,0.3643410852713178,0.4573643410852713
FLOW_CONFIRMED_DIRECTIONAL,symbol,ONGUSDT,DIAGNOSTIC_ONLY,109,87,-0.05905255393865686,0.08603777156230324,-0.1450903255009601,-0.2311280970632634,0.1559633027522936,0.5045871559633027,0.3394495412844037,0.4036697247706422
FLOW_CONFIRMED_DIRECTIONAL,symbol,ONTUSDT,DIAGNOSTIC_ONLY,95,77,0.15471723635060414,0.0800614469674269,0.07465578938317723,-0.005405657584249662,0.25263157894736843,0.4,0.3473684210526316,0.47368421052631576
FLOW_CONFIRMED_DIRECTIONAL,symbol,OPUSDT,DIAGNOSTIC_ONLY,131,106,0.042322795522411374,0.07255898995858763,-0.030236194436176252,-0.10279518439476387,0.19083969465648856,0.45038167938931295,0.35877862595419846,0.4122137404580153
FLOW_CONFIRMED_DIRECTIONAL,symbol,ORDIUSDT,DIAGNOSTIC_ONLY,142,116,0.1416767083994529,0.06703883345427449,0.07463787494517844,0.007599041490903932,0.19014084507042253,0.4225352112676056,0.3873239436619718,0.4647887323943662
FLOW_CONFIRMED_DIRECTIONAL,symbol,PENDLEUSDT,DIAGNOSTIC_ONLY,151,126,0.024106148431461687,0.07234868883547105,-0.04824254040400935,-0.12059122923948036,0.18543046357615894,0.48344370860927155,0.33112582781456956,0.4105960264900662
FLOW_CONFIRMED_DIRECTIONAL,symbol,PEOPLEUSDT,DIAGNOSTIC_ONLY,126,103,-0.009282984797394762,0.06486052325797365,-0.0741435080553684,-0.13900403131334196,0.19047619047619047,0.4603174603174603,0.3492063492063492,0.40476190476190477
FLOW_CONFIRMED_DIRECTIONAL,symbol,POLUSDT,DIAGNOSTIC_ONLY,92,84,-0.32374801796192104,0.08622581708317789,-0.40997383504509893,-0.4961996521282769,0.11956521739130435,0.5760869565217391,0.30434782608695654,0.2608695652173913
FLOW_CONFIRMED_DIRECTIONAL,symbol,POPCATUSDT,DIAGNOSTIC_ONLY,123,96,-0.063158271810032,0.061723245137827946,-0.12488151694785997,-0.1866047620856879,0.13008130081300814,0.4959349593495935,0.37398373983739835,0.37398373983739835
FLOW_CONFIRMED_DIRECTIONAL,symbol,PORTALUSDT,DIAGNOSTIC_ONLY,142,118,-0.08638232893885466,0.05652649729510647,-0.14290882623396112,-0.19943532352906765,0.14788732394366197,0.4788732394366197,0.3732394366197183,0.36619718309859156
FLOW_CONFIRMED_DIRECTIONAL,symbol,PYTHUSDT,DIAGNOSTIC_ONLY,126,107,0.08641873466570067,0.07064255825670031,0.015776176409000368,-0.054866381847699916,0.2222222222222222,0.4603174603174603,0.31746031746031744,0.42857142857142855
FLOW_CONFIRMED_DIRECTIONAL,symbol,QNTUSDT,DIAGNOSTIC_ONLY,108,96,-0.13308876248909332,0.08760981366116519,-0.22069857615025854,-0.30830838981142367,0.1388888888888889,0.5740740740740741,0.28703703703703703,0.3425925925925926
FLOW_CONFIRMED_DIRECTIONAL,symbol,RENDERUSDT,DIAGNOSTIC_ONLY,125,103,-0.03478398785162657,0.07148859721973015,-0.1062725850713567,-0.17776118229108684,0.192,0.528,0.28,0.376
FLOW_CONFIRMED_DIRECTIONAL,symbol,REZUSDT,DIAGNOSTIC_ONLY,149,119,0.10376627788175086,0.06408631219061563,0.03967996569113523,-0.024406346499480393,0.18120805369127516,0.4228187919463087,0.3959731543624161,0.4563758389261745
FLOW_CONFIRMED_DIRECTIONAL,symbol,RIFUSDT,DIAGNOSTIC_ONLY,94,77,0.21562290859484096,0.07701427371567732,0.13860863487916372,0.061594361163486426,0.22340425531914893,0.3617021276595745,0.4148936170212766,0.4787234042553192
FLOW_CONFIRMED_DIRECTIONAL,symbol,ROSEUSDT,DIAGNOSTIC_ONLY,102,88,0.08238566338394479,0.06895297269358613,0.013432690690358684,-0.05552028200322744,0.24509803921568626,0.4411764705882353,0.3137254901960784,0.37254901960784315
FLOW_CONFIRMED_DIRECTIONAL,symbol,RSRUSDT,DIAGNOSTIC_ONLY,139,114,0.04491666300797829,0.07545215273734593,-0.03053548972936766,-0.10598764246671362,0.2158273381294964,0.4676258992805755,0.31654676258992803,0.41007194244604317
FLOW_CONFIRMED_DIRECTIONAL,symbol,RUNEUSDT,DIAGNOSTIC_ONLY,124,104,-0.10603611265202609,0.08508061612743831,-0.19111672877946437,-0.2761973449069026,0.1935483870967742,0.5483870967741935,0.25806451612903225,0.3870967741935484
FLOW_CONFIRMED_DIRECTIONAL,symbol,RVNUSDT,DIAGNOSTIC_ONLY,86,70,-0.07032830336374665,0.0842255867462317,-0.15455389010997836,-0.23877947685621007,0.16279069767441862,0.5,0.3372093023255814,0.38372093023255816
FLOW_CONFIRMED_DIRECTIONAL,symbol,SAGAUSDT,DIAGNOSTIC_ONLY,137,107,0.13102859470036735,0.06359141066961739,0.06743718403074997,0.0038457733611325586,0.17518248175182483,0.4306569343065693,0.39416058394160586,0.43795620437956206
FLOW_CONFIRMED_DIRECTIONAL,symbol,SANDUSDT,DIAGNOSTIC_ONLY,138,120,-0.025406455471609444,0.08443719824599746,-0.10984365371760692,-0.19428085196360442,0.2028985507246377,0.4855072463768116,0.3115942028985507,0.38405797101449274
FLOW_CONFIRMED_DIRECTIONAL,symbol,SEIUSDT,DIAGNOSTIC_ONLY,117,98,-0.0335013468841881,0.08135848119030645,-0.11485982807449453,-0.19621830926480097,0.18803418803418803,0.4358974358974359,0.37606837606837606,0.36752136752136755
FLOW_CONFIRMED_DIRECTIONAL,symbol,SNXUSDT,DIAGNOSTIC_ONLY,92,78,0.02393193698342044,0.0635068114002197,-0.03957487441679927,-0.10308168581701906,0.22826086956521738,0.4782608695652174,0.29347826086956524,0.40217391304347827
FLOW_CONFIRMED_DIRECTIONAL,symbol,SOLUSDT,DIAGNOSTIC_ONLY,142,114,0.16935148263397282,0.08940438038627589,0.07994710224769687,-0.009457278138579044,0.16901408450704225,0.4084507042253521,0.4225352112676056,0.4647887323943662
FLOW_CONFIRMED_DIRECTIONAL,symbol,STRKUSDT,DIAGNOSTIC_ONLY,122,101,0.10496152937409729,0.0714660781982773,0.03349545117582001,-0.03797062702245729,0.21311475409836064,0.4426229508196721,0.3442622950819672,0.4672131147540984
FLOW_CONFIRMED_DIRECTIONAL,symbol,STXUSDT,DIAGNOSTIC_ONLY,117,102,0.1448108778972561,0.08768012661348583,0.057130751283770285,-0.030549375329715574,0.23076923076923078,0.47863247863247865,0.2905982905982906,0.42735042735042733
FLOW_CONFIRMED_DIRECTIONAL,symbol,SUIUSDT,DIAGNOSTIC_ONLY,181,148,-0.061836744247501706,0.08104042577991402,-0.14287717002741573,-0.2239175958073297,0.19337016574585636,0.49171270718232046,0.3149171270718232,0.39226519337016574
FLOW_CONFIRMED_DIRECTIONAL,symbol,SUPERUSDT,DIAGNOSTIC_ONLY,139,115,-0.054860039868629355,0.07172369420791916,-0.12658373407654855,-0.1983074282844677,0.11510791366906475,0.4316546762589928,0.45323741007194246,0.39568345323741005
FLOW_CONFIRMED_DIRECTIONAL,symbol,SUSHIUSDT,DIAGNOSTIC_ONLY,133,112,-0.09010808063507962,0.07396052889798764,-0.1640686095330673,-0.23802913843105492,0.18796992481203006,0.49624060150375937,0.3157894736842105,0.41353383458646614
FLOW_CONFIRMED_DIRECTIONAL,symbol,SYNUSDT,DIAGNOSTIC_ONLY,130,113,-0.18548113176046477,0.06520404616506878,-0.2506851779255335,-0.3158892240906023,0.13076923076923078,0.5153846153846153,0.35384615384615387,0.3153846153846154
FLOW_CONFIRMED_DIRECTIONAL,symbol,TAOUSDT,DIAGNOSTIC_ONLY,133,110,-0.08861088624665683,0.06548525008790523,-0.1540961363345621,-0.21958138642246733,0.18045112781954886,0.48872180451127817,0.3308270676691729,0.39849624060150374
FLOW_CONFIRMED_DIRECTIONAL,symbol,THETAUSDT,DIAGNOSTIC_ONLY,130,112,0.03653216912788221,0.08241972791550657,-0.045887558787624384,-0.12830728670313093,0.2153846153846154,0.4461538461538462,0.3384615384615385,0.4461538461538462
FLOW_CONFIRMED_DIRECTIONAL,symbol,TIAUSDT,DIAGNOSTIC_ONLY,113,97,-0.05364736072954085,0.07052938041222075,-0.12417674114176161,-0.19470612155398237,0.17699115044247787,0.4778761061946903,0.34513274336283184,0.3805309734513274
FLOW_CONFIRMED_DIRECTIONAL,symbol,TLMUSDT,DIAGNOSTIC_ONLY,133,107,0.02790471029849082,0.07491350278142608,-0.047008792482935276,-0.12192229526436135,0.20300751879699247,0.46616541353383456,0.3308270676691729,0.41353383458646614
FLOW_CONFIRMED_DIRECTIONAL,symbol,TRBUSDT,DIAGNOSTIC_ONLY,118,102,-0.09423526609630861,0.07754025666960426,-0.1717755227659129,-0.24931577943551725,0.16101694915254236,0.5084745762711864,0.3305084745762712,0.3644067796610169
FLOW_CONFIRMED_DIRECTIONAL,symbol,TRXUSDT,DIAGNOSTIC_ONLY,48,37,-0.14171653650457441,0.1092478280258433,-0.25096436453041765,-0.36021219255626097,0.125,0.375,0.5,0.3541666666666667
FLOW_CONFIRMED_DIRECTIONAL,symbol,TURBOUSDT,DIAGNOSTIC_ONLY,149,127,-0.1748832875432652,0.06296389215235487,-0.2378471796956201,-0.30081107184797495,0.12080536912751678,0.47651006711409394,0.40268456375838924,0.3087248322147651
FLOW_CONFIRMED_DIRECTIONAL,symbol,TUSDT,DIAGNOSTIC_ONLY,118,95,0.10338959331782155,0.08792430484582854,0.015465288471993016,-0.07245901637383552,0.17796610169491525,0.3728813559322034,0.4491525423728814,0.4576271186440678
FLOW_CONFIRMED_DIRECTIONAL,symbol,TWTUSDT,DIAGNOSTIC_ONLY,97,88,-0.11995259871666475,0.09266906952967272,-0.2126216682463375,-0.30529073777601023,0.15463917525773196,0.5154639175257731,0.32989690721649484,0.3711340206185567
FLOW_CONFIRMED_DIRECTIONAL,symbol,UNIUSDT,DIAGNOSTIC_ONLY,130,112,0.14354882754027,0.08172588715474723,0.06182294038552273,-0.019902946769224446,0.16153846153846155,0.4153846153846154,0.4230769230769231,0.46153846153846156
FLOW_CONFIRMED_DIRECTIONAL,symbol,VETUSDT,DIAGNOSTIC_ONLY,97,85,-0.04535905316930185,0.08322128618348736,-0.12858033935278923,-0.21180162553627652,0.14432989690721648,0.4639175257731959,0.3917525773195876,0.4329896907216495
FLOW_CONFIRMED_DIRECTIONAL,symbol,WIFUSDT,DIAGNOSTIC_ONLY,134,107,-0.06023978419062947,0.06364441588559863,-0.12388420007622812,-0.18752861596182677,0.13432835820895522,0.4925373134328358,0.373134328358209,0.417910447761194
FLOW_CONFIRMED_DIRECTIONAL,symbol,WLDUSDT,DIAGNOSTIC_ONLY,138,119,-0.0313054186267987,0.06938238589868448,-0.1006878045254832,-0.17007019042416768,0.13768115942028986,0.45652173913043476,0.4057971014492754,0.38405797101449274
FLOW_CONFIRMED_DIRECTIONAL,symbol,WUSDT,DIAGNOSTIC_ONLY,118,101,-0.1281811878082935,0.07067564959209349,-0.198856837400387,-0.2695324869924805,0.1271186440677966,0.5084745762711864,0.3644067796610169,0.3813559322033898
FLOW_CONFIRMED_DIRECTIONAL,symbol,XLMUSDT,DIAGNOSTIC_ONLY,94,79,-0.02253338550471928,0.08520940803605424,-0.10774279354077354,-0.1929522015768278,0.18085106382978725,0.44680851063829785,0.3723404255319149,0.40425531914893614
FLOW_CONFIRMED_DIRECTIONAL,symbol,XMRUSDT,DIAGNOSTIC_ONLY,94,82,-0.28402468811778986,0.08648838293106814,-0.37051307104885806,-0.4570014539799262,0.10638297872340426,0.574468085106383,0.3191489361702128,0.30851063829787234
FLOW_CONFIRMED_DIRECTIONAL,symbol,XRPUSDT,DIAGNOSTIC_ONLY,109,86,-0.0062930300281837095,0.08783130458051548,-0.09412433460869916,-0.18195563918921467,0.11009174311926606,0.3761467889908257,0.5137614678899083,0.41284403669724773
FLOW_CONFIRMED_DIRECTIONAL,symbol,XTZUSDT,DIAGNOSTIC_ONLY,73,58,0.060206452592309216,0.08224764911596678,-0.02204119652365757,-0.10428884563962432,0.2191780821917808,0.4794520547945205,0.3013698630136986,0.4383561643835616
FLOW_CONFIRMED_DIRECTIONAL,symbol,XVGUSDT,DIAGNOSTIC_ONLY,102,91,-0.12286462742548092,0.06609424896320398,-0.1889588763886849,-0.25505312535188884,0.13725490196078433,0.5,0.3627450980392157,0.4019607843137255
FLOW_CONFIRMED_DIRECTIONAL,symbol,ZECUSDT,DIAGNOSTIC_ONLY,153,119,-0.2715735373681726,0.0689876887991492,-0.3405612261673217,-0.4095489149664709,0.1111111111111111,0.5555555555555556,0.3333333333333333,0.3137254901960784
FLOW_CONFIRMED_DIRECTIONAL,symbol,ZENUSDT,DIAGNOSTIC_ONLY,132,103,-0.09045847180771538,0.06949231280924408,-0.15995078461695944,-0.22944309742620353,0.19696969696969696,0.5303030303030303,0.2727272727272727,0.3712121212121212
FLOW_CONFIRMED_DIRECTIONAL,symbol,ZILUSDT,DIAGNOSTIC_ONLY,71,64,0.05135073715834422,0.08749150732788083,-0.03614077016953659,-0.12363227749741743,0.18309859154929578,0.4507042253521127,0.36619718309859156,0.4647887323943662
FLOW_CONFIRMED_DIRECTIONAL,symbol,ZKUSDT,DIAGNOSTIC_ONLY,126,101,-0.04679550694333556,0.06982252857726683,-0.11661803552060238,-0.18644056409786922,0.1746031746031746,0.4603174603174603,0.36507936507936506,0.373015873015873
FLOW_CONFIRMED_DIRECTIONAL,symbol,ZROUSDT,DIAGNOSTIC_ONLY,111,89,-0.1570283989798723,0.06472319878523043,-0.22175159776510273,-0.2864747965503332,0.17117117117117117,0.4774774774774775,0.35135135135135137,0.34234234234234234
FLOW_CONFIRMED_DIRECTIONAL,instrument_group,STATIC_GROUP_0,DIAGNOSTIC_ONLY,839,299,0.04354585693453576,0.09290595428226878,-0.04936009734773302,-0.14226605163000178,0.1799761620977354,0.466030989272944,0.3539928486293206,0.42073897497020263
FLOW_CONFIRMED_DIRECTIONAL,instrument_group,STATIC_GROUP_1,DIAGNOSTIC_ONLY,867,341,-0.04164790788896458,0.08367778091162131,-0.1253256888005859,-0.2090034697122072,0.18800461361014995,0.4786620530565167,0.3333333333333333,0.3886966551326413
FLOW_CONFIRMED_DIRECTIONAL,instrument_group,STATIC_GROUP_2,DIAGNOSTIC_ONLY,597,305,-0.010120432311018474,0.07791767956314224,-0.08803811187416073,-0.165955791437303,0.16750418760469013,0.474036850921273,0.35845896147403683,0.38190954773869346
FLOW_CONFIRMED_DIRECTIONAL,instrument_group,STATIC_GROUP_3,DIAGNOSTIC_ONLY,317,204,-0.043936049210412165,0.0776339082279803,-0.12156995743839244,-0.1992038656663728,0.14511041009463724,0.4921135646687697,0.3627760252365931,0.41324921135646686
FLOW_CONFIRMED_DIRECTIONAL,instrument_group,UNKNOWN,DIAGNOSTIC_ONLY,13930,544,-0.009490200631294849,0.07556769489126276,-0.0850578955225576,-0.16062559041382035,0.1789662598707825,0.4687724335965542,0.3522613065326633,0.40251256281407033
FLOW_CONFIRMED_DIRECTIONAL,year,2025,DIAGNOSTIC_ONLY,10417,353,-0.029450837903711957,0.07327262013149574,-0.1027234580352077,-0.17599607816670343,0.1789382739752328,0.48084861284438896,0.3402131131803782,0.3946433714121148
FLOW_CONFIRMED_DIRECTIONAL,year,2026,DIAGNOSTIC_ONLY,6133,192,0.025280856968530045,0.08331985019177628,-0.058038993223246245,-0.14135884341502253,0.17756399804337192,0.4510027718897766,0.37143323006685147,0.4149682047937388
FLOW_CONFIRMED_DIRECTIONAL,month,2025-01,DIAGNOSTIC_ONLY,746,20,-0.03771466146877672,0.058623906253415674,-0.0963385677221924,-0.15496247397560808,0.16085790884718498,0.4879356568364611,0.3512064343163539,0.4168900804289544
FLOW_CONFIRMED_DIRECTIONAL,month,2025-02,DIAGNOSTIC_ONLY,963,28,0.14287740483024555,0.058271910172652104,0.08460549465759339,0.026333584484941296,0.14849428868120457,0.3582554517133956,0.4932502596053998,0.42990654205607476
FLOW_CONFIRMED_DIRECTIONAL,month,2025-03,DIAGNOSTIC_ONLY,915,31,-0.01537020519144559,0.07116182814576777,-0.08653203333721339,-0.1576938614829812,0.16721311475409836,0.5081967213114754,0.32459016393442625,0.4065573770491803
FLOW_CONFIRMED_DIRECTIONAL,month,2025-04,DIAGNOSTIC_ONLY,881,30,-0.02823420391844584,0.07346120446537248,-0.10169540838381831,-0.1751566128491908,0.15096481271282633,0.4778660612939841,0.3711691259931896,0.3938706015891033
FLOW_CONFIRMED_DIRECTIONAL,month,2025-05,DIAGNOSTIC_ONLY,662,30,0.07067273922283385,0.07038021081149502,0.0002925284113388237,-0.07008768240015621,0.17220543806646527,0.41842900302114805,0.4093655589123867,0.4637462235649547
FLOW_CONFIRMED_DIRECTIONAL,month,2025-06,DIAGNOSTIC_ONLY,692,30,-0.11579195340575921,0.08705137853520654,-0.2028433319409657,-0.28989471047617227,0.18786127167630057,0.5130057803468208,0.2991329479768786,0.36560693641618497
FLOW_CONFIRMED_DIRECTIONAL,month,2025-07,DIAGNOSTIC_ONLY,823,31,0.23925645491304393,0.07154378064238204,0.1677126742706619,0.09616889362827986,0.29526123936816523,0.43256379100850545,0.27217496962332927,0.4690157958687728
FLOW_CONFIRMED_DIRECTIONAL,month,2025-08,DIAGNOSTIC_ONLY,688,31,-0.03999430991770547,0.08134028667500054,-0.12133459659270604,-0.2026748832677066,0.2194767441860465,0.5,0.2805232558139535,0.3851744186046512
FLOW_CONFIRMED_DIRECTIONAL,month,2025-09,DIAGNOSTIC_ONLY,655,30,-0.1647398339467263,0.09566360551673983,-0.26040343946346617,-0.35606704498020597,0.17709923664122137,0.5709923664122137,0.25190839694656486,0.3267175572519084
FLOW_CONFIRMED_DIRECTIONAL,month,2025-10,DIAGNOSTIC_ONLY,1366,31,0.04142878676474214,0.06821984946260645,-0.026791062697864305,-0.09501091216047074,0.22913616398243045,0.45021961932650073,0.3206442166910688,0.4033674963396779
FLOW_CONFIRMED_DIRECTIONAL,month,2025-11,DIAGNOSTIC_ONLY,813,30,-0.19048359908408702,0.06938703430022719,-0.2598706333843142,-0.32925766768454134,0.12915129151291513,0.5092250922509225,0.36162361623616235,0.37884378843788435
FLOW_CONFIRMED_DIRECTIONAL,month,2025-12,DIAGNOSTIC_ONLY,1213,31,-0.2532402099302693,0.08216460790683038,-0.33540481783709974,-0.4175694257439301,0.11788953009068426,0.5597691673536686,0.32234130255564714,0.31574608408903543
FLOW_CONFIRMED_DIRECTIONAL,month,2026-01,DIAGNOSTIC_ONLY,934,31,-0.09903652371860718,0.08416875748328358,-0.18320528120189075,-0.26737403868517434,0.15524625267665954,0.4828693790149893,0.3618843683083512,0.35224839400428265
FLOW_CONFIRMED_DIRECTIONAL,month,2026-02,DIAGNOSTIC_ONLY,1269,28,0.2372953744665287,0.07118755894443583,0.1661078155220929,0.09492025657765706,0.22379826635145783,0.3750985027580772,0.40110323089046496,0.5256107171000788
FLOW_CONFIRMED_DIRECTIONAL,month,2026-03,DIAGNOSTIC_ONLY,857,31,-0.10046145848888448,0.09023069432767868,-0.19069215281656315,-0.2809228471442418,0.10618436406067679,0.4725787631271879,0.42123687281213534,0.3617269544924154
FLOW_CONFIRMED_DIRECTIONAL,month,2026-04,DIAGNOSTIC_ONLY,877,30,0.028791385426594304,0.09023605625128991,-0.0614446708246956,-0.15168072707598548,0.18244013683010263,0.4606613454960091,0.35689851767388825,0.4047890535917902
FLOW_CONFIRMED_DIRECTIONAL,month,2026-05,DIAGNOSTIC_ONLY,1010,31,0.1270957334190677,0.08702748406355354,0.04006824935551418,-0.04695923470803938,0.20693069306930692,0.39603960396039606,0.39702970297029705,0.4613861386138614
FLOW_CONFIRMED_DIRECTIONAL,month,2026-06,DIAGNOSTIC_ONLY,878,30,-0.12160898077199671,0.07920860166213933,-0.20081758243413603,-0.28002618409627533,0.16173120728929385,0.5455580865603644,0.29271070615034167,0.3428246013667426
FLOW_CONFIRMED_DIRECTIONAL,month,2026-07,DIAGNOSTIC_ONLY,308,11,-0.04652208437157639,0.0913713373426582,-0.1378934217142346,-0.2292647590568928,0.18831168831168832,0.4902597402597403,0.32142857142857145,0.37987012987012986
FLOW_CONFIRMED_DIRECTIONAL,UTC_session,00-08,DIAGNOSTIC_ONLY,5623,519,-0.041445664892331535,0.0775159452728125,-0.11896161016514405,-0.19647755543795653,0.16592566245776277,0.47110083585274765,0.3629735016894896,0.39498488351413835
FLOW_CONFIRMED_DIRECTIONAL,UTC_session,08-16,DIAGNOSTIC_ONLY,8040,528,-0.004439388277084258,0.07768504114844657,-0.08212442942553083,-0.1598094705739774,0.18619402985074626,0.49502487562189057,0.3187810945273632,0.395771144278607
FLOW_CONFIRMED_DIRECTIONAL,UTC_session,16-24,DIAGNOSTIC_ONLY,2887,434,0.040526419391189804,0.07406360721628676,-0.033537187825096945,-0.10760079504138371,0.18115691028749567,0.39695185313474196,0.4218912365777624,0.4340145479736751
FLOW_CONFIRMED_DIRECTIONAL,weekday,Friday,DIAGNOSTIC_ONLY,1947,78,-0.06268667946410764,0.0752230765227974,-0.13790975598690502,-0.21313283250970244,0.15921931176168463,0.46635850025680536,0.37442218798151,0.3975346687211094
FLOW_CONFIRMED_DIRECTIONAL,weekday,Monday,DIAGNOSTIC_ONLY,2230,78,0.007510572219524239,0.07139728815820791,-0.06388671593868367,-0.1352840040968916,0.15022421524663676,0.45739910313901344,0.3923766816143498,0.43946188340807174
FLOW_CONFIRMED_DIRECTIONAL,weekday,Saturday,DIAGNOSTIC_ONLY,2789,77,0.02323958397858621,0.07766905168792389,-0.054429467709337674,-0.13209851939726155,0.1556113302258874,0.38544281104338474,0.45894585873072785,0.40659734671925424
FLOW_CONFIRMED_DIRECTIONAL,weekday,Sunday,DIAGNOSTIC_ONLY,2184,78,-0.028610528016723914,0.08204737026287469,-0.1106578982795986,-0.19270526854247327,0.1945970695970696,0.5064102564102564,0.298992673992674,0.39789377289377287
FLOW_CONFIRMED_DIRECTIONAL,weekday,Thursday,DIAGNOSTIC_ONLY,2701,78,-0.018619428957341897,0.07776481235817213,-0.09638424131551403,-0.17414905367368616,0.19696408737504628,0.5138837467604591,0.28915216586449466,0.38430211032950756
FLOW_CONFIRMED_DIRECTIONAL,weekday,Tuesday,DIAGNOSTIC_ONLY,2378,78,0.049383291335160596,0.07540912737997542,-0.026025836044814815,-0.10143496342479023,0.2001682085786375,0.4394449116904962,0.36038687973086625,0.40370058873002523
FLOW_CONFIRMED_DIRECTIONAL,weekday,Wednesday,DIAGNOSTIC_ONLY,2321,78,-0.0499404090895638,0.07903064957023799,-0.12897105865980177,-0.2080017082300398,0.19000430848772082,0.5312365359758725,0.27875915553640673,0.38819474364498063
FLOW_CONFIRMED_DIRECTIONAL,volatility_regime,CONTRACTED,DIAGNOSTIC_ONLY,4337,503,0.028644328697520045,0.0818855964673409,-0.053241267769820855,-0.13512686423716175,0.17177772653908233,0.4897394512335716,0.3384828222273461,0.4108830989163016
FLOW_CONFIRMED_DIRECTIONAL,volatility_regime,EXPANDED,DIAGNOSTIC_ONLY,1392,346,0.0553677689950033,0.06268964281739944,-0.007321873822396143,-0.07001151663979559,0.1925287356321839,0.3706896551724138,0.4367816091954023,0.46048850574712646
FLOW_CONFIRMED_DIRECTIONAL,volatility_regime,NORMAL,DIAGNOSTIC_ONLY,10821,544,-0.03262584517670841,0.07687641719390792,-0.10950226237061633,-0.18637867956452425,0.17928102763145734,0.4745402458183162,0.3461787265502264,0.39118380925977264
FLOW_CONFIRMED_DIRECTIONAL,trend_regime,DOWN,DIAGNOSTIC_ONLY,6057,510,-0.0163637963074301,0.07503301573531496,-0.09139681204274505,-0.16642982777806,0.17698530625722306,0.473831929998349,0.3491827637444279,0.4015189037477299
FLOW_CONFIRMED_DIRECTIONAL,trend_regime,FLAT,DIAGNOSTIC_ONLY,5151,523,-0.0652658139871722,0.07744821190694416,-0.14271402589411636,-0.22016223780106056,0.186371578334304,0.49058435255290234,0.32304406911279365,0.37623762376237624
FLOW_CONFIRMED_DIRECTIONAL,trend_regime,UP,DIAGNOSTIC_ONLY,5342,493,0.05308083852996169,0.0787852507103113,-0.025704412180349603,-0.10448966289066092,0.1724073380756271,0.44515162860351926,0.3824410333208536,0.42792961437663796
FLOW_CONFIRMED_DIRECTIONAL,BTC_market_regime,DOWN_24H,DIAGNOSTIC_ONLY,2889,173,0.033303753989562423,0.06787533611765587,-0.03457158212809344,-0.1024469182457493,0.14295604015230184,0.4188300449982693,0.43821391484942884,0.4475597092419522
FLOW_CONFIRMED_DIRECTIONAL,BTC_market_regime,RANGE_24H,DIAGNOSTIC_ONLY,11085,523,-0.028719214796462462,0.08042587553555795,-0.1091450903320204,-0.18957096586757838,0.19548940009021198,0.4934596301308074,0.3110509697789806,0.38709968425800634
FLOW_CONFIRMED_DIRECTIONAL,BTC_market_regime,UP_24H,DIAGNOSTIC_ONLY,2576,179,0.027327666183217317,0.07246461520977773,-0.04513694902656041,-0.11760156423633814,0.14479813664596272,0.42507763975155277,0.4301242236024845,0.4161490683229814
FLOW_CONFIRMED_DIRECTIONAL,ETH_market_regime,DOWN_24H,DIAGNOSTIC_ONLY,4380,256,0.1035265452380289,0.0693267981825602,0.03419974705546872,-0.035127051127091476,0.17168949771689498,0.4038812785388128,0.42442922374429226,0.46141552511415523
FLOW_CONFIRMED_DIRECTIONAL,ETH_market_regime,RANGE_24H,DIAGNOSTIC_ONLY,8075,483,-0.02124456230227485,0.08290753522770321,-0.10415209752997805,-0.18705963275768125,0.2164705882352941,0.5013003095975233,0.28222910216718267,0.38674922600619194
FLOW_CONFIRMED_DIRECTIONAL,ETH_market_regime,UP_24H,DIAGNOSTIC_ONLY,4095,261,-0.10589458124705006,0.07354134362213384,-0.1794359248691839,-0.2529772684913177,0.11062271062271062,0.47814407814407817,0.4112332112332112,0.36923076923076925
FLOW_CONFIRMED_DIRECTIONAL,volume_regime,ABOVE_2X,DIAGNOSTIC_ONLY,16550,545,-0.009168693816010435,0.07699586254597915,-0.0861645563619896,-0.16316041890796876,0.17842900302114803,0.4697885196374622,0.35178247734138973,0.4021752265861027
FLOW_CONFIRMED_DIRECTIONAL,cost_R_decile,0,DIAGNOSTIC_ONLY,1655,343,-0.1608438915535718,0.02828481963914437,-0.18912871119271618,-0.21741353083186055,0.07492447129909366,0.3450151057401813,0.5800604229607251,0.3619335347432024
FLOW_CONFIRMED_DIRECTIONAL,cost_R_decile,1,DIAGNOSTIC_ONLY,1655,384,0.05334782391774793,0.04246916756361552,0.010878656354132406,-0.03159051120948311,0.14984894259818732,0.3595166163141994,0.4906344410876133,0.47129909365558914
FLOW_CONFIRMED_DIRECTIONAL,cost_R_decile,2,DIAGNOSTIC_ONLY,1655,426,0.06299039839184525,0.05229447660947276,0.0106959217823725,-0.041598554827100266,0.19093655589123867,0.39516616314199393,0.41389728096676737,0.44954682779456195
FLOW_CONFIRMED_DIRECTIONAL,cost_R_decile,3,DIAGNOSTIC_ONLY,1655,429,0.017208334178658417,0.061316968168599044,-0.04410863398994064,-0.10542560215853967,0.19093655589123867,0.4507552870090634,0.3583081570996979,0.41570996978851965
FLOW_CONFIRMED_DIRECTIONAL,cost_R_decile,4,DIAGNOSTIC_ONLY,1655,423,-0.028547028220872368,0.06989589987060063,-0.09844292809147301,-0.16833882796207364,0.17039274924471298,0.4918429003021148,0.3377643504531722,0.40725075528700905
FLOW_CONFIRMED_DIRECTIONAL,cost_R_decile,5,DIAGNOSTIC_ONLY,1655,439,-0.0008618307034549938,0.0786978974939238,-0.07955972819737878,-0.15825762569130258,0.18972809667673715,0.5057401812688822,0.30453172205438067,0.40060422960725073
FLOW_CONFIRMED_DIRECTIONAL,cost_R_decile,6,DIAGNOSTIC_ONLY,1655,447,-0.03352892704508311,0.08831797126422197,-0.12184689830930508,-0.21016486957352706,0.1957703927492447,0.525679758308157,0.2785498489425982,0.3770392749244713
FLOW_CONFIRMED_DIRECTIONAL,cost_R_decile,7,DIAGNOSTIC_ONLY,1655,438,-0.04235080828751566,0.09976516009589324,-0.14211596838340892,-0.24188112847930218,0.18670694864048337,0.5299093655589124,0.28338368580060425,0.3806646525679758
FLOW_CONFIRMED_DIRECTIONAL,cost_R_decile,8,DIAGNOSTIC_ONLY,1655,429,-0.021475618556972175,0.1138815699056902,-0.1353571884626624,-0.24923875836835258,0.2108761329305136,0.5558912386706949,0.23323262839879155,0.36918429003021147
FLOW_CONFIRMED_DIRECTIONAL,cost_R_decile,9,DIAGNOSTIC_ONLY,1655,415,0.06237460971911417,0.13503469484863004,-0.07266008512951586,-0.20769477997814587,0.22416918429003022,0.538368580060423,0.23746223564954683,0.38851963746223567
FLOW_CONFIRMED_DIRECTIONAL,target_room_R_decile,0,DIAGNOSTIC_ONLY,1655,471,-0.00924110518339157,0.07175679895161038,-0.08099790413500195,-0.15275470308661232,0.30151057401812686,0.4151057401812689,0.28338368580060425,0.4416918429003021
FLOW_CONFIRMED_DIRECTIONAL,target_room_R_decile,1,DIAGNOSTIC_ONLY,1655,467,-0.00817852707256724,0.07109924829482613,-0.07927777536739337,-0.15037702366221947,0.2682779456193353,0.43202416918429004,0.29969788519637464,0.44108761329305135
FLOW_CONFIRMED_DIRECTIONAL,target_room_R_decile,2,DIAGNOSTIC_ONLY,1655,453,-0.018225705711774287,0.0735378809894535,-0.09176358670122779,-0.16530146769068133,0.24350453172205438,0.44410876132930516,0.31238670694864046,0.41570996978851965
FLOW_CONFIRMED_DIRECTIONAL,target_room_R_decile,3,DIAGNOSTIC_ONLY,1655,458,0.027545902889470585,0.07393318489536647,-0.046387282005895876,-0.12032046690126234,0.2283987915407855,0.4422960725075529,0.3293051359516616,0.43746223564954684
FLOW_CONFIRMED_DIRECTIONAL,target_room_R_decile,4,DIAGNOSTIC_ONLY,1655,465,-0.029300871683157186,0.07580234842836842,-0.1051032201115256,-0.18090556853989403,0.19456193353474321,0.47673716012084594,0.3287009063444109,0.4060422960725076
FLOW_CONFIRMED_DIRECTIONAL,target_room_R_decile,5,DIAGNOSTIC_ONLY,1655,449,-0.00850036923651497,0.07752371722413533,-0.08602408646065032,-0.16354780368478564,0.17039274924471298,0.4755287009063444,0.3540785498489426,0.40060422960725073
FLOW_CONFIRMED_DIRECTIONAL,target_room_R_decile,6,DIAGNOSTIC_ONLY,1655,445,-0.014694713741126946,0.07806191760721043,-0.09275663134833739,-0.17081854895554785,0.14259818731117824,0.4725075528700906,0.3848942598187311,0.38006042296072506
FLOW_CONFIRMED_DIRECTIONAL,target_room_R_decile,7,DIAGNOSTIC_ONLY,1655,441,0.015378081180154731,0.08086276382176226,-0.06548468264160752,-0.14634744646336978,0.11661631419939578,0.4882175226586103,0.39516616314199393,0.397583081570997
FLOW_CONFIRMED_DIRECTIONAL,target_room_R_decile,8,DIAGNOSTIC_ONLY,1655,419,-0.0007638885304526095,0.08396223539129419,-0.08472612392174679,-0.16868835931304096,0.08217522658610273,0.5329305135951662,0.3848942598187311,0.36555891238670696
FLOW_CONFIRMED_DIRECTIONAL,target_room_R_decile,9,DIAGNOSTIC_ONLY,1655,384,-0.04570574107074487,0.08341852985576446,-0.12912427092650935,-0.21254280078227383,0.03625377643504532,0.518429003021148,0.4453172205438066,0.33595166163141993
FLOW_CONFIRMED_DIRECTIONAL,cross_sectional_dispersion_decile,0,DIAGNOSTIC_ONLY,1706,139,-0.09307937137990016,0.08639022089001674,-0.1794695922699169,-0.2658598131599336,0.22450175849941384,0.5638921453692849,0.2116060961313013,0.35990621336459555
FLOW_CONFIRMED_DIRECTIONAL,cross_sectional_dispersion_decile,1,DIAGNOSTIC_ONLY,1606,196,-0.03135531605309775,0.08323546623501676,-0.1145907822881145,-0.19782624852313127,0.18368617683686178,0.4937733499377335,0.32254047322540474,0.3916562889165629
FLOW_CONFIRMED_DIRECTIONAL,cross_sectional_dispersion_decile,2,DIAGNOSTIC_ONLY,1653,227,0.048186246686981425,0.08123040437130176,-0.03304415768432034,-0.11427456205562211,0.16636418632788869,0.4573502722323049,0.3762855414398064,0.4307320024198427
FLOW_CONFIRMED_DIRECTIONAL,cross_sectional_dispersion_decile,3,DIAGNOSTIC_ONLY,1657,266,-0.05178832341532454,0.078880458701796,-0.13066878211712052,-0.20954924081891652,0.14423657211828605,0.4447797223898612,0.41098370549185276,0.39529269764634883
FLOW_CONFIRMED_DIRECTIONAL,cross_sectional_dispersion_decile,4,DIAGNOSTIC_ONLY,1654,249,-0.03915244766027505,0.08027158256528848,-0.11942403022556355,-0.19969561279085202,0.17835550181378476,0.47339782345828296,0.3482466747279323,0.38694074969770254
FLOW_CONFIRMED_DIRECTIONAL,cross_sectional_dispersion_decile,5,DIAGNOSTIC_ONLY,1670,238,0.034064216686106374,0.07582380980245568,-0.0417595931163493,-0.11758340291880501,0.18742514970059881,0.4664670658682635,0.3461077844311377,0.4125748502994012
FLOW_CONFIRMED_DIRECTIONAL,cross_sectional_dispersion_decile,6,DIAGNOSTIC_ONLY,1639,228,0.009995397965938731,0.0735343571729008,-0.06353895920696206,-0.13707331637986286,0.17388651616839537,0.4582062233068944,0.3679072605247102,0.4325808419768151
FLOW_CONFIRMED_DIRECTIONAL,cross_sectional_dispersion_decile,7,DIAGNOSTIC_ONLY,1655,206,0.0923442184961156,0.0773390658624737,0.015005152633641907,-0.062333913228831785,0.1903323262839879,0.4489425981873112,0.3607250755287009,0.4459214501510574
FLOW_CONFIRMED_DIRECTIONAL,cross_sectional_dispersion_decile,8,DIAGNOSTIC_ONLY,1656,158,-0.04538554132700037,0.0693303882223577,-0.11471592954935808,-0.18404631777171576,0.18538647342995168,0.4613526570048309,0.3532608695652174,0.357487922705314
FLOW_CONFIRMED_DIRECTIONAL,cross_sectional_dispersion_decile,9,DIAGNOSTIC_ONLY,1654,93,-0.013671842351517895,0.06379674896700177,-0.07746859131851966,-0.14126534028552143,0.1487303506650544,0.4274486094316808,0.4238210399032648,0.40991535671100365
FLOW_CONFIRMED_DIRECTIONAL,realized_volatility_24h_decile,0,DIAGNOSTIC_ONLY,1655,355,0.013732910435966486,0.11479560243703485,-0.10106269200106838,-0.21585829443810325,0.22658610271903323,0.49667673716012084,0.2767371601208459,0.4120845921450151
FLOW_CONFIRMED_DIRECTIONAL,realized_volatility_24h_decile,1,DIAGNOSTIC_ONLY,1655,378,0.06592705212305132,0.1025293990757825,-0.0366023469527312,-0.1391317460285137,0.24712990936555893,0.4845921450151057,0.2682779456193353,0.4199395770392749
FLOW_CONFIRMED_DIRECTIONAL,realized_volatility_24h_decile,2,DIAGNOSTIC_ONLY,1655,411,-0.06606677361037573,0.09555621538288246,-0.1616229889932582,-0.25717920437614067,0.1933534743202417,0.5178247734138973,0.28882175226586104,0.36978851963746223
FLOW_CONFIRMED_DIRECTIONAL,realized_volatility_24h_decile,3,DIAGNOSTIC_ONLY,1655,401,0.0019471327106503672,0.08674857553668307,-0.08480144282603269,-0.17155001836271577,0.2066465256797583,0.5021148036253776,0.29123867069486403,0.39939577039274926
FLOW_CONFIRMED_DIRECTIONAL,realized_volatility_24h_decile,4,DIAGNOSTIC_ONLY,1655,431,-0.016700805535877033,0.0802134582440492,-0.09691426377992625,-0.17712772202397545,0.18308157099697886,0.48036253776435045,0.3365558912386707,0.39274924471299094
FLOW_CONFIRMED_DIRECTIONAL,realized_volatility_24h_decile,5,DIAGNOSTIC_ONLY,1655,403,-0.034551501892788015,0.07225509750268815,-0.10680659939547615,-0.1790616968981643,0.16978851963746225,0.47492447129909365,0.3552870090634441,0.3969788519637462
FLOW_CONFIRMED_DIRECTIONAL,realized_volatility_24h_decile,6,DIAGNOSTIC_ONLY,1655,397,-0.024697775616938887,0.0657343662165751,-0.09043214183351399,-0.15616650805008908,0.16676737160120847,0.46948640483383686,0.3637462235649547,0.40483383685800606
FLOW_CONFIRMED_DIRECTIONAL,realized_volatility_24h_decile,7,DIAGNOSTIC_ONLY,1655,365,0.05194985982155651,0.060827714043633525,-0.00887785422207701,-0.06970556826571055,0.15589123867069488,0.4489425981873112,0.39516616314199393,0.4380664652567976
FLOW_CONFIRMED_DIRECTIONAL,realized_volatility_24h_decile,8,DIAGNOSTIC_ONLY,1655,361,0.05376951175268986,0.054619826895632106,-0.0008503151429422413,-0.05547014203857435,0.1486404833836858,0.4175226586102719,0.43383685800604227,0.44833836858006043
FLOW_CONFIRMED_DIRECTIONAL,realized_volatility_24h_decile,9,DIAGNOSTIC_ONLY,1655,355,-0.13699654834803923,0.03667837012483062,-0.1736749184728699,-0.2103532885977005,0.086404833836858,0.4054380664652568,0.5081570996978853,0.3395770392749245
FLOW_CONFIRMED_DIRECTIONAL,structural_risk_pct_decile,0,DIAGNOSTIC_ONLY,1655,412,0.0604723118253834,0.13500775086397557,-0.07453543903859218,-0.20954318990256773,0.22658610271903323,0.5401812688821752,0.23323262839879155,0.3879154078549849
FLOW_CONFIRMED_DIRECTIONAL,structural_risk_pct_decile,1,DIAGNOSTIC_ONLY,1655,438,-0.008842822335446284,0.11387250072642333,-0.1227153230618696,-0.2365878237882929,0.2108761329305136,0.5498489425981873,0.23927492447129908,0.37462235649546827
FLOW_CONFIRMED_DIRECTIONAL,structural_risk_pct_decile,2,DIAGNOSTIC_ONLY,1655,434,-0.031251046894927526,0.09977182809306921,-0.13102287498799672,-0.23079470308106592,0.18851963746223566,0.5293051359516616,0.2821752265861027,0.38308157099697887
FLOW_CONFIRMED_DIRECTIONAL,structural_risk_pct_decile,3,DIAGNOSTIC_ONLY,1655,441,-0.054059763408681856,0.08830799544488464,-0.14236775885356648,-0.23067575429845116,0.1879154078549849,0.5311178247734138,0.2809667673716012,0.36978851963746223
FLOW_CONFIRMED_DIRECTIONAL,structural_risk_pct_decile,4,DIAGNOSTIC_ONLY,1655,444,0.0032278047283610272,0.07869853712486714,-0.07547073239650612,-0.15416926952137328,0.1957703927492447,0.5039274924471299,0.3003021148036254,0.402416918429003
FLOW_CONFIRMED_DIRECTIONAL,structural_risk_pct_decile,5,DIAGNOSTIC_ONLY,1655,425,-0.039310145127236594,0.06988868689612784,-0.10919883202336446,-0.1790875189194923,0.16555891238670695,0.49425981873111785,0.3401812688821752,0.4060422960725076
FLOW_CONFIRMED_DIRECTIONAL,structural_risk_pct_decile,6,DIAGNOSTIC_ONLY,1655,428,0.019367249385427294,0.06132824539843748,-0.0419609960130102,-0.10328924141144767,0.19637462235649547,0.4507552870090634,0.3528700906344411,0.41268882175226584
FLOW_CONFIRMED_DIRECTIONAL,structural_risk_pct_decile,7,DIAGNOSTIC_ONLY,1655,425,0.047143340743666204,0.05230447839482024,-0.005161137651154038,-0.057465616045974284,0.18429003021148035,0.40181268882175225,0.41389728096676737,0.4459214501510574
FLOW_CONFIRMED_DIRECTIONAL,structural_risk_pct_decile,8,DIAGNOSTIC_ONLY,1655,387,0.04559468838306404,0.04247538278122391,0.003119305601840129,-0.03935607717938376,0.14682779456193354,0.3583081570996979,0.49486404833836856,0.46827794561933533
FLOW_CONFIRMED_DIRECTIONAL,structural_risk_pct_decile,9,DIAGNOSTIC_ONLY,1655,344,-0.13402855545971407,0.028303219735962233,-0.1623317751956763,-0.19063499493163852,0.08157099697885196,0.338368580060423,0.5800604229607251,0.37099697885196375
FLOW_CONFIRMED_DIRECTIONAL,signal_frequency_decile,0,DIAGNOSTIC_ONLY,6474,545,-0.057166043793238856,0.07923572094438922,-0.13640176473762808,-0.2156374856820173,0.1706827309236948,0.49737411183194313,0.3319431572443621,0.38291628050664195
FLOW_CONFIRMED_DIRECTIONAL,signal_frequency_decile,1,DIAGNOSTIC_ONLY,1056,242,-0.013443579531846606,0.0814855994362877,-0.09492917896813433,-0.17641477840442202,0.1865530303030303,0.4943181818181818,0.3191287878787879,0.39204545454545453
FLOW_CONFIRMED_DIRECTIONAL,signal_frequency_decile,2,DIAGNOSTIC_ONLY,792,164,-0.06408425398426819,0.084264580491993,-0.14834883447626118,-0.23261341496825413,0.15782828282828282,0.4684343434343434,0.37373737373737376,0.3939393939393939
FLOW_CONFIRMED_DIRECTIONAL,signal_frequency_decile,3,DIAGNOSTIC_ONLY,2030,224,0.055539788343496266,0.08017688388842135,-0.024637095544925096,-0.10481397943334644,0.19753694581280787,0.4433497536945813,0.35911330049261087,0.4320197044334975
FLOW_CONFIRMED_DIRECTIONAL,signal_frequency_decile,4,DIAGNOSTIC_ONLY,1340,114,0.129406246965297,0.08080068672221,0.04860556024308702,-0.032195126479122954,0.18582089552238806,0.39477611940298507,0.41940298507462687,0.45597014925373136
FLOW_CONFIRMED_DIRECTIONAL,signal_frequency_decile,5,DIAGNOSTIC_ONLY,1617,89,0.12399117723361326,0.0785482496531847,0.045442927580428574,-0.03310532207275612,0.22820037105751392,0.4199134199134199,0.3518862090290662,0.4644403215831787
FLOW_CONFIRMED_DIRECTIONAL,signal_frequency_decile,6,DIAGNOSTIC_ONLY,1647,49,-0.13713469312331947,0.06891395836777955,-0.20604865149109902,-0.27496260985887855,0.15604128718882818,0.5506982392228293,0.29326047358834245,0.3521554341226472
FLOW_CONFIRMED_DIRECTIONAL,signal_frequency_decile,7,DIAGNOSTIC_ONLY,1594,22,0.014127477239764805,0.06083897325308135,-0.04671149601331655,-0.1075504692663979,0.15683814303638646,0.40589711417816815,0.4372647427854454,0.39648682559598497
MULTI_TIMEFRAME_TREND_PULLBACK,side,LONG,DIAGNOSTIC_ONLY,1197,274,-0.06474145566227728,0.09511009152830012,-0.15985154719057737,-0.2549616387188775,0.27151211361737676,0.6307435254803676,0.09774436090225563,0.3391812865497076
MULTI_TIMEFRAME_TREND_PULLBACK,side,SHORT,DIAGNOSTIC_ONLY,2326,274,0.1098228170104434,0.10612757257679042,0.0036952444336529667,-0.10243232814313745,0.31599312123817713,0.5614789337919175,0.12252794496990542,0.40842648323301806
MULTI_TIMEFRAME_TREND_PULLBACK,symbol,1000BONKUSDT,DIAGNOSTIC_ONLY,33,26,-0.22636701101553908,0.09213632011800048,-0.3185033311335395,-0.4106396512515401,0.30303030303030304,0.6666666666666666,0.030303030303030304,0.30303030303030304
MULTI_TIMEFRAME_TREND_PULLBACK,symbol,1000FLOKIUSDT,DIAGNOSTIC_ONLY,30,26,0.15992718544024653,0.10220912478471791,0.057718060655528626,-0.04449106412918931,0.36666666666666664,0.5333333333333333,0.1,0.4
MULTI_TIMEFRAME_TREND_PULLBACK,symbol,1000LUNCUSDT,DIAGNOSTIC_ONLY,23,21,0.29455763600340396,0.0962003068726861,0.1983573291307179,0.10215702225803176,0.34782608695652173,0.5217391304347826,0.13043478260869565,0.4782608695652174
MULTI_TIMEFRAME_TREND_PULLBACK,symbol,1000PEPEUSDT,DIAGNOSTIC_ONLY,30,27,0.11450496594090014,0.10404573483306455,0.010459231107835568,-0.093586503725229,0.3,0.5333333333333333,0.16666666666666666,0.4666666666666667
MULTI_TIMEFRAME_TREND_PULLBACK,symbol,1000SHIBUSDT,DIAGNOSTIC_ONLY,21,20,0.8592006459456811,0.11381925938749884,0.7453813865581822,0.6315621271706833,0.5238095238095238,0.38095238095238093,0.09523809523809523,0.5714285714285714
MULTI_TIMEFRAME_TREND_PULLBACK,symbol,1INCHUSDT,DIAGNOSTIC_ONLY,23,23,-0.009315868539474853,0.1057139040364919,-0.11502977257596682,-0.2207436766124587,0.21739130434782608,0.6521739130434783,0.13043478260869565,0.34782608695652173
MULTI_TIMEFRAME_TREND_PULLBACK,symbol,AAVEUSDT,DIAGNOSTIC_ONLY,29,23,-0.15004100529940323,0.1009131673395668,-0.2509541726389701,-0.35186733997853686,0.20689655172413793,0.6206896551724138,0.1724137931034483,0.3793103448275862
MULTI_TIMEFRAME_TREND_PULLBACK,symbol,ACEUSDT,DIAGNOSTIC_ONLY,28,25,0.16749006544393324,0.09613572284737641,0.07135434259655683,-0.02478138025081963,0.32142857142857145,0.5357142857142857,0.14285714285714285,0.39285714285714285
MULTI_TIMEFRAME_TREND_PULLBACK,symbol,ADAUSDT,DIAGNOSTIC_ONLY,23,19,0.09669758008966362,0.10646130463789315,-0.009763724548229515,-0.11622502918612268,0.34782608695652173,0.5217391304347826,0.13043478260869565,0.43478260869565216
MULTI_TIMEFRAME_TREND_PULLBACK,symbol,ALGOUSDT,DIAGNOSTIC_ONLY,20,17,-0.36757000590635786,0.10375569736237562,-0.4713257032687335,-0.575081400631109,0.2,0.7,0.1,0.25
MULTI_TIMEFRAME_TREND_PULLBACK,symbol,ALICEUSDT,DIAGNOSTIC_ONLY,33,30,0.15246118839484685,0.09397097124263004,0.05849021715221684,-0.03548075409041318,0.30303030303030304,0.5151515151515151,0.18181818181818182,0.42424242424242425
MULTI_TIMEFRAME_TREND_PULLBACK,symbol,ALTUSDT,DIAGNOSTIC_ONLY,21,18,-0.1403677292541267,0.10780897164168109,-0.24817670089580784,-0.35598567253748886,0.2857142857142857,0.6666666666666666,0.047619047619047616,0.3333333333333333
MULTI_TIMEFRAME_TREND_PULLBACK,symbol,APEUSDT,DIAGNOSTIC_ONLY,15,15,0.3337872264846245,0.10739321486045973,0.2263940116241648,0.11900079676370505,0.4,0.4666666666666667,0.13333333333333333,0.4666666666666667
MULTI_TIMEFRAME_TREND_PULLBACK,symbol,APTUSDT,DIAGNOSTIC_ONLY,19,17,-0.4477270708815379,0.10988785608115406,-0.5576149269626919,-0.6675027830438459,0.15789473684210525,0.7368421052631579,0.10526315789473684,0.15789473684210525
MULTI_TIMEFRAME_TREND_PULLBACK,symbol,ARBUSDT,DIAGNOSTIC_ONLY,33,28,-0.42060374847857723,0.10132427619379944,-0.5219280246723766,-0.623252300866176,0.12121212121212122,0.6666666666666666,0.21212121212121213,0.24242424242424243
MULTI_TIMEFRAME_TREND_PULLBACK,symbol,ARKMUSDT,DIAGNOSTIC_ONLY,36,27,-0.15313573240572664,0.0937943962633409,-0.24693012866906752,-0.3407245249324085,0.25,0.6666666666666666,0.08333333333333333,0.3333333333333333
MULTI_TIMEFRAME_TREND_PULLBACK,symbol,ARKUSDT,DIAGNOSTIC_ONLY,25,21,-0.2669094422852784,0.10900775438672312,-0.3759171966720015,-0.48492495105872474,0.24,0.64,0.12,0.28
MULTI_TIMEFRAME_TREND_PULLBACK,symbol,ARUSDT,DIAGNOSTIC_ONLY,34,28,-0.11672769543095474,0.09528378623048527,-0.21201148166143996,-0.30729526789192524,0.2647058823529412,0.6470588235294118,0.08823529411764706,0.3235294117647059
MULTI_TIMEFRAME_TREND_PULLBACK,symbol,ATOMUSDT,DIAGNOSTIC_ONLY,17,16,0.005769875258399357,0.1154582435909276,-0.10968836833252829,-0.22514661192345586,0.35294117647058826,0.5882352941176471,0.058823529411764705,0.35294117647058826
MULTI_TIMEFRAME_TREND_PULLBACK,symbol,AVAXUSDT,DIAGNOSTIC_ONLY,17,17,-0.3456351279866327,0.10956029367771013,-0.4551954216643428,-0.5647557153420529,0.23529411764705882,0.7647058823529411,0.0,0.23529411764705882
MULTI_TIMEFRAME_TREND_PULLBACK,symbol,AXSUSDT,DIAGNOSTIC_ONLY,20,17,0.1326676639632956,0.10228597907148891,0.030381684891806614,-0.07190429417968226,0.3,0.55,0.15,0.4
MULTI_TIMEFRAME_TREND_PULLBACK,symbol,BBUSDT,DIAGNOSTIC_ONLY,35,31,0.5670314177418324,0.1014590823491001,0.4655723353927324,0.36411325304363223,0.37142857142857144,0.42857142857142855,0.2,0.5428571428571428
MULTI_TIMEFRAME_TREND_PULLBACK,symbol,BCHUSDT,DIAGNOSTIC_ONLY,10,9,-0.7402923581293523,0.11150415951415713,-0.8517965176435094,-0.9633006771576665,0.1,0.9,0.0,0.1
MULTI_TIMEFRAME_TREND_PULLBACK,symbol,BEAMXUSDT,DIAGNOSTIC_ONLY,26,25,0.43208812372418287,0.10195877184418792,0.33012935187999504,0.22817058003580706,0.46153846153846156,0.46153846153846156,0.07692307692307693,0.5384615384615384
MULTI_TIMEFRAME_TREND_PULLBACK,symbol,BICOUSDT,DIAGNOSTIC_ONLY,24,24,-0.11552958398402995,0.11467273778120048,-0.2302023217652304,-0.34487505954643094,0.2916666666666667,0.7083333333333334,0.0,0.2916666666666667
MULTI_TIMEFRAME_TREND_PULLBACK,symbol,BIGTIMEUSDT,DIAGNOSTIC_ONLY,18,16,0.2501524439371769,0.09532505047247962,0.15482739346469726,0.05950234299221762,0.3333333333333333,0.5,0.16666666666666666,0.5
MULTI_TIMEFRAME_TREND_PULLBACK,symbol,BNBUSDT,DIAGNOSTIC_ONLY,5,4,-0.8761263449205255,0.12048694696376827,-0.9966132918842938,-1.1171002388480622,0.0,0.6,0.4,0.0
MULTI_TIMEFRAME_TREND_PULLBACK,symbol,BOMEUSDT,DIAGNOSTIC_ONLY,39,36,0.38779636317088206,0.09548152529222073,0.2923148378786613,0.19683331258644063,0.41025641025641024,0.5128205128205128,0.07692307692307693,0.48717948717948717
MULTI_TIMEFRAME_TREND_PULLBACK,symbol,BTCUSDT,DIAGNOSTIC_ONLY,1,1,-1.0,0.1384875954297693,-1.1384875954297693,-1.2769751908595386,0.0,1.0,0.0,0.0
MULTI_TIMEFRAME_TREND_PULLBACK,symbol,CAKEUSDT,DIAGNOSTIC_ONLY,33,24,0.15999425469537457,0.10685130471005178,0.05314294998532277,-0.05370835472472893,0.3333333333333333,0.5454545454545454,0.12121212121212122,0.36363636363636365
MULTI_TIMEFRAME_TREND_PULLBACK,symbol,CATIUSDT,DIAGNOSTIC_ONLY,27,24,-0.6707789635985023,0.10095821739753763,-0.7717371809960402,-0.8726953983935778,0.037037037037037035,0.8148148148148148,0.14814814814814814,0.1111111111111111
MULTI_TIMEFRAME_TREND_PULLBACK,symbol,CFXUSDT,DIAGNOSTIC_ONLY,28,27,-0.3815401439934528,0.10442364041941696,-0.4859637844128698,-0.5903874248322867,0.21428571428571427,0.75,0.03571428571428571,0.25
MULTI_TIMEFRAME_TREND_PULLBACK,symbol,CHZUSDT,DIAGNOSTIC_ONLY,24,21,0.17575873313099669,0.10680115114437572,0.068957581986621,-0.037843569157754754,0.3333333333333333,0.5416666666666666,0.125,0.4166666666666667
MULTI_TIMEFRAME_TREND_PULLBACK,symbol,COMPUSDT,DIAGNOSTIC_ONLY,25,22,-0.16200622752853966,0.09829376805088526,-0.2602999955794249,-0.3585937636303102,0.2,0.68,0.12,0.28
MULTI_TIMEFRAME_TREND_PULLBACK,symbol,COTIUSDT,DIAGNOSTIC_ONLY,33,28,0.08104883506738629,0.10930017603746954,-0.028251340970083246,-0.13755151700755283,0.3939393939393939,0.5757575757575758,0.030303030303030304,0.42424242424242425
MULTI_TIMEFRAME_TREND_PULLBACK,symbol,CRVUSDT,DIAGNOSTIC_ONLY,23,21,0.0500095815581526,0.10383733313989173,-0.053827751581739164,-0.15766508472163093,0.21739130434782608,0.4782608695652174,0.30434782608695654,0.391304347826087
MULTI_TIMEFRAME_TREND_PULLBACK,symbol,DASHUSDT,DIAGNOSTIC_ONLY,29,26,-0.15715318333093167,0.09424501554592654,-0.2513981988768582,-0.3456432144227848,0.20689655172413793,0.7241379310344828,0.06896551724137931,0.20689655172413793
MULTI_TIMEFRAME_TREND_PULLBACK,symbol,DODOXUSDT,DIAGNOSTIC_ONLY,29,22,-0.036467973344063126,0.10054635393483667,-0.13701432727889976,-0.23756068121373633,0.3448275862068966,0.6206896551724138,0.034482758620689655,0.3448275862068966
MULTI_TIMEFRAME_TREND_PULLBACK,symbol,DOGEUSDT,DIAGNOSTIC_ONLY,21,18,-0.3041875326100415,0.10482508706929149,-0.40901261967933294,-0.5138377067486244,0.23809523809523808,0.6666666666666666,0.09523809523809523,0.2857142857142857
MULTI_TIMEFRAME_TREND_PULLBACK,symbol,DOGSUSDT,DIAGNOSTIC_ONLY,28,27,0.06236114882555887,0.08247048090285625,-0.020109332077297457,-0.10257981298015362,0.35714285714285715,0.5714285714285714,0.07142857142857142,0.39285714285714285
MULTI_TIMEFRAME_TREND_PULLBACK,symbol,DOTUSDT,DIAGNOSTIC_ONLY,21,17,0.2941917982513131,0.10862516841036995,0.1855666298409431,0.07694146143057325,0.47619047619047616,0.47619047619047616,0.047619047619047616,0.5238095238095238
MULTI_TIMEFRAME_TREND_PULLBACK,symbol,DUSKUSDT,DIAGNOSTIC_ONLY,39,33,-0.18951674404455432,0.10285059563871296,-0.2923673396832673,-0.3952179353219803,0.23076923076923078,0.6666666666666666,0.10256410256410256,0.3076923076923077
MULTI_TIMEFRAME_TREND_PULLBACK,symbol,DYDXUSDT,DIAGNOSTIC_ONLY,30,25,-0.00489046835888951,0.09823721997811836,-0.10312768833700788,-0.20136490831512616,0.23333333333333334,0.6333333333333333,0.13333333333333333,0.3
MULTI_TIMEFRAME_TREND_PULLBACK,symbol,EGLDUSDT,DIAGNOSTIC_ONLY,21,19,-0.004326751367067051,0.12118257157154078,-0.1255093229386079,-0.24669189451014867,0.3333333333333333,0.6190476190476191,0.047619047619047616,0.38095238095238093
MULTI_TIMEFRAME_TREND_PULLBACK,symbol,ENAUSDT,DIAGNOSTIC_ONLY,24,17,0.0874885575949683,0.09808008181624332,-0.010591524221275036,-0.10867160603751835,0.25,0.5,0.25,0.375
MULTI_TIMEFRAME_TREND_PULLBACK,symbol,ENJUSDT,DIAGNOSTIC_ONLY,28,23,0.4460101625497303,0.09594699075484259,0.3500631717948877,0.2541161810400452,0.4642857142857143,0.5,0.03571428571428571,0.5
MULTI_TIMEFRAME_TREND_PULLBACK,symbol,ENSUSDT,DIAGNOSTIC_ONLY,23,22,0.4936646379376243,0.10789254939626482,0.3857720885413594,0.27787953914509467,0.5217391304347826,0.4782608695652174,0.0,0.5217391304347826
MULTI_TIMEFRAME_TREND_PULLBACK,symbol,ETCUSDT,DIAGNOSTIC_ONLY,14,12,0.48776527626814786,0.11351507512955197,0.3742502011385959,0.2607351260090439,0.42857142857142855,0.42857142857142855,0.14285714285714285,0.5714285714285714
MULTI_TIMEFRAME_TREND_PULLBACK,symbol,ETHFIUSDT,DIAGNOSTIC_ONLY,31,27,-0.24703718827038812,0.1000744829895844,-0.34711167125997244,-0.4471861542495568,0.22580645161290322,0.6774193548387096,0.0967741935483871,0.3225806451612903
MULTI_TIMEFRAME_TREND_PULLBACK,symbol,ETHUSDT,DIAGNOSTIC_ONLY,15,12,1.0405202410300924,0.11577674112276991,0.9247434999073226,0.8089667587845527,0.4,0.4,0.2,0.6
MULTI_TIMEFRAME_TREND_PULLBACK,symbol,FETUSDT,DIAGNOSTIC_ONLY,24,23,0.09126432956005193,0.10994501768043578,-0.018680688120383898,-0.1286257058008196,0.3333333333333333,0.5416666666666666,0.125,0.4166666666666667
MULTI_TIMEFRAME_TREND_PULLBACK,symbol,FILUSDT,DIAGNOSTIC_ONLY,35,30,-0.11440725519611729,0.10320746985351356,-0.21761472504963084,-0.32082219490314434,0.2571428571428571,0.6285714285714286,0.11428571428571428,0.34285714285714286
MULTI_TIMEFRAME_TREND_PULLBACK,symbol,GALAUSDT,DIAGNOSTIC_ONLY,34,29,0.09449598608404702,0.10623159162683324,-0.011735605542786201,-0.11796719716961937,0.35294117647058826,0.5588235294117647,0.08823529411764706,0.4411764705882353
MULTI_TIMEFRAME_TREND_PULLBACK,symbol,GRTUSDT,DIAGNOSTIC_ONLY,15,13,0.05280114403350682,0.11506864294724298,-0.0622674989137361,-0.17733614186097899,0.3333333333333333,0.6,0.06666666666666667,0.4
MULTI_TIMEFRAME_TREND_PULLBACK,symbol,HBARUSDT,DIAGNOSTIC_ONLY,22,16,-0.25577185943297126,0.09690280187085422,-0.35267466130382547,-0.44957746317467984,0.13636363636363635,0.7272727272727273,0.13636363636363635,0.2727272727272727
MULTI_TIMEFRAME_TREND_PULLBACK,symbol,ICPUSDT,DIAGNOSTIC_ONLY,20,20,0.41251056032217165,0.09410897634135088,0.3184015839808208,0.22429260763946995,0.4,0.55,0.05,0.45
MULTI_TIMEFRAME_TREND_PULLBACK,symbol,IDUSDT,DIAGNOSTIC_ONLY,20,19,-0.1631442072627971,0.12021887193140943,-0.2833630791942065,-0.4035819511256159,0.15,0.65,0.2,0.3
MULTI_TIMEFRAME_TREND_PULLBACK,symbol,IMXUSDT,DIAGNOSTIC_ONLY,27,24,0.7445358790441801,0.09585413519186536,0.6486817438523147,0.5528276086604493,0.4074074074074074,0.2962962962962963,0.2962962962962963,0.7037037037037037
MULTI_TIMEFRAME_TREND_PULLBACK,symbol,INJUSDT,DIAGNOSTIC_ONLY,19,17,0.2762966135186316,0.1087516445894527,0.16754496892917897,0.05879332433972623,0.3157894736842105,0.5789473684210527,0.10526315789473684,0.42105263157894735
MULTI_TIMEFRAME_TREND_PULLBACK,symbol,IOSTUSDT,DIAGNOSTIC_ONLY,22,19,0.42933408331305417,0.11235218261521784,0.31698190069783627,0.20462971808261846,0.4090909090909091,0.4090909090909091,0.18181818181818182,0.5909090909090909
MULTI_TIMEFRAME_TREND_PULLBACK,symbol,IOTAUSDT,DIAGNOSTIC_ONLY,22,18,-0.09827310215068322,0.11149706205251038,-0.20977016420319358,-0.3212672262557039,0.18181818181818182,0.6363636363636364,0.18181818181818182,0.36363636363636365
MULTI_TIMEFRAME_TREND_PULLBACK,symbol,IOUSDT,DIAGNOSTIC_ONLY,31,26,0.07724568607753453,0.11324274636701595,-0.035997060289481374,-0.14923980665649733,0.3548387096774194,0.5806451612903226,0.06451612903225806,0.41935483870967744
MULTI_TIMEFRAME_TREND_PULLBACK,symbol,JASMYUSDT,DIAGNOSTIC_ONLY,29,24,0.3876876776468993,0.09893081399313304,0.2887568636537663,0.1898260496606332,0.41379310344827586,0.4482758620689655,0.13793103448275862,0.5517241379310345
MULTI_TIMEFRAME_TREND_PULLBACK,symbol,JTOUSDT,DIAGNOSTIC_ONLY,26,24,-0.045947818530103,0.10715917135070839,-0.15310698988081134,-0.2602661612315198,0.38461538461538464,0.6153846153846154,0.0,0.38461538461538464
MULTI_TIMEFRAME_TREND_PULLBACK,symbol,JUPUSDT,DIAGNOSTIC_ONLY,31,26,0.29282743027227376,0.09353187637532992,0.1992955538969438,0.10576367752161402,0.3870967741935484,0.4838709677419355,0.12903225806451613,0.4838709677419355
MULTI_TIMEFRAME_TREND_PULLBACK,symbol,KASUSDT,DIAGNOSTIC_ONLY,32,28,0.2856246646922361,0.1044717723159024,0.18115289237633367,0.07668112006043126,0.40625,0.4375,0.15625,0.5
MULTI_TIMEFRAME_TREND_PULLBACK,symbol,KAVAUSDT,DIAGNOSTIC_ONLY,23,19,0.04643963061645988,0.10800957283442086,-0.06156994221796099,-0.16957951505238184,0.34782608695652173,0.5652173913043478,0.08695652173913043,0.43478260869565216
MULTI_TIMEFRAME_TREND_PULLBACK,symbol,KSMUSDT,DIAGNOSTIC_ONLY,25,23,0.48132641496881695,0.10704226465948065,0.37428415030933626,0.26724188564985574,0.36,0.48,0.16,0.48
MULTI_TIMEFRAME_TREND_PULLBACK,symbol,LDOUSDT,DIAGNOSTIC_ONLY,30,26,-0.07736038164595097,0.09931002317650987,-0.17667040482246085,-0.27598042799897077,0.26666666666666666,0.6333333333333333,0.1,0.3333333333333333
MULTI_TIMEFRAME_TREND_PULLBACK,symbol,LINKUSDT,DIAGNOSTIC_ONLY,22,19,-0.09312315226332467,0.11035382193396504,-0.20347697419728963,-0.3138307961312546,0.22727272727272727,0.6818181818181818,0.09090909090909091,0.3181818181818182
MULTI_TIMEFRAME_TREND_PULLBACK,symbol,LPTUSDT,DIAGNOSTIC_ONLY,22,18,-0.0732133874174846,0.09678387773085607,-0.16999726514834063,-0.26678114287919674,0.18181818181818182,0.5454545454545454,0.2727272727272727,0.36363636363636365
MULTI_TIMEFRAME_TREND_PULLBACK,symbol,LSKUSDT,DIAGNOSTIC_ONLY,19,17,-0.39027493390408313,0.09731008453670124,-0.4875850184407843,-0.5848951029774856,0.21052631578947367,0.7894736842105263,0.0,0.21052631578947367
MULTI_TIMEFRAME_TREND_PULLBACK,symbol,LTCUSDT,DIAGNOSTIC_ONLY,21,16,0.05159132590533829,0.09653221225280563,-0.04494088634746737,-0.14147309860027293,0.2857142857142857,0.5238095238095238,0.19047619047619047,0.38095238095238093
MULTI_TIMEFRAME_TREND_PULLBACK,symbol,MANAUSDT,DIAGNOSTIC_ONLY,24,20,-0.06197049356633338,0.12387783074074371,-0.18584832430707707,-0.3097261550478208,0.2916666666666667,0.625,0.08333333333333333,0.375
MULTI_TIMEFRAME_TREND_PULLBACK,symbol,MEMEUSDT,DIAGNOSTIC_ONLY,28,23,-0.1979483782460943,0.09011375070724892,-0.2880621289533432,-0.3781758796605921,0.17857142857142858,0.6428571428571429,0.17857142857142858,0.2857142857142857
MULTI_TIMEFRAME_TREND_PULLBACK,symbol,MINAUSDT,DIAGNOSTIC_ONLY,27,25,-0.29821677179685024,0.10095504286819865,-0.3991718146650489,-0.5001268575332476,0.2222222222222222,0.7407407407407407,0.037037037037037035,0.25925925925925924
MULTI_TIMEFRAME_TREND_PULLBACK,symbol,MOVRUSDT,DIAGNOSTIC_ONLY,33,28,0.11719944083120228,0.11396579746262153,0.0032336433685807146,-0.11073215409404083,0.30303030303030304,0.5454545454545454,0.15151515151515152,0.45454545454545453
MULTI_TIMEFRAME_TREND_PULLBACK,symbol,NEARUSDT,DIAGNOSTIC_ONLY,13,12,0.34551306792726205,0.10723839879041332,0.23827466913684875,0.13103627034643545,0.46153846153846156,0.38461538461538464,0.15384615384615385,0.5384615384615384
MULTI_TIMEFRAME_TREND_PULLBACK,symbol,NEIROUSDT,DIAGNOSTIC_ONLY,47,37,-0.32953989608245077,0.07764659731007671,-0.4071864933925276,-0.4848330907026044,0.1702127659574468,0.7021276595744681,0.1276595744680851,0.2553191489361702
MULTI_TIMEFRAME_TREND_PULLBACK,symbol,NEOUSDT,DIAGNOSTIC_ONLY,27,21,-0.2670395479338648,0.11614163897392456,-0.3831811869077893,-0.499322825881714,0.2222222222222222,0.7037037037037037,0.07407407407407407,0.25925925925925924
MULTI_TIMEFRAME_TREND_PULLBACK,symbol,NOTUSDT,DIAGNOSTIC_ONLY,36,30,0.20687618536359986,0.09602207483383024,0.11085411052976954,0.014832035695939359,0.2222222222222222,0.5555555555555556,0.2222222222222222,0.3611111111111111
MULTI_TIMEFRAME_TREND_PULLBACK,symbol,ONDOUSDT,DIAGNOSTIC_ONLY,17,16,-0.17975683442563,0.10202705883338725,-0.2817838932590173,-0.3838109520924046,0.23529411764705882,0.6470588235294118,0.11764705882352941,0.23529411764705882
MULTI_TIMEFRAME_TREND_PULLBACK,symbol,ONEUSDT,DIAGNOSTIC_ONLY,48,37,0.4825777969317273,0.11975040701875178,0.36282738991297564,0.24307698289422383,0.5208333333333334,0.4791666666666667,0.0,0.5208333333333334
MULTI_TIMEFRAME_TREND_PULLBACK,symbol,ONGUSDT,DIAGNOSTIC_ONLY,19,15,-0.05152475233914013,0.11146777680864875,-0.16299252914778886,-0.27446030595643756,0.21052631578947367,0.6842105263157895,0.10526315789473684,0.3157894736842105
MULTI_TIMEFRAME_TREND_PULLBACK,symbol,ONTUSDT,DIAGNOSTIC_ONLY,25,20,-0.29304536028504474,0.11733588937261687,-0.41038124965766165,-0.5277171390302785,0.2,0.64,0.16,0.32
MULTI_TIMEFRAME_TREND_PULLBACK,symbol,OPUSDT,DIAGNOSTIC_ONLY,28,21,-0.11052033350673243,0.10548969127501998,-0.21601002478175252,-0.32149971605677247,0.14285714285714285,0.5714285714285714,0.2857142857142857,0.32142857142857145
MULTI_TIMEFRAME_TREND_PULLBACK,symbol,ORDIUSDT,DIAGNOSTIC_ONLY,36,29,-0.13036408932632038,0.10109211490217969,-0.23145620422850013,-0.3325483191306799,0.25,0.6944444444444444,0.05555555555555555,0.2777777777777778
MULTI_TIMEFRAME_TREND_PULLBACK,symbol,PENDLEUSDT,DIAGNOSTIC_ONLY,23,21,-0.04639667018937776,0.10267458770020908,-0.14907125788958678,-0.251745845589796,0.30434782608695654,0.6956521739130435,0.0,0.30434782608695654
MULTI_TIMEFRAME_TREND_PULLBACK,symbol,PEOPLEUSDT,DIAGNOSTIC_ONLY,39,32,0.4151094113679112,0.10080504620689479,0.31430436516101634,0.21349931895412155,0.358974358974359,0.46153846153846156,0.1794871794871795,0.5128205128205128
MULTI_TIMEFRAME_TREND_PULLBACK,symbol,POLUSDT,DIAGNOSTIC_ONLY,22,16,0.37387167335038407,0.12007052546592757,0.2538011478844565,0.13373062241852887,0.36363636363636365,0.45454545454545453,0.18181818181818182,0.5
MULTI_TIMEFRAME_TREND_PULLBACK,symbol,POPCATUSDT,DIAGNOSTIC_ONLY,50,40,-0.031322594758470254,0.08930697271017292,-0.1206295674686432,-0.20993654017881613,0.24,0.64,0.12,0.36
MULTI_TIMEFRAME_TREND_PULLBACK,symbol,PORTALUSDT,DIAGNOSTIC_ONLY,52,41,-0.06705248798327804,0.09278500550152867,-0.15983749348480666,-0.2526224989863354,0.23076923076923078,0.5961538461538461,0.17307692307692307,0.38461538461538464
MULTI_TIMEFRAME_TREND_PULLBACK,symbol,PYTHUSDT,DIAGNOSTIC_ONLY,24,22,0.11639265396813331,0.10659096544460522,0.009801688523528121,-0.09678927692107715,0.3333333333333333,0.625,0.041666666666666664,0.375
MULTI_TIMEFRAME_TREND_PULLBACK,symbol,QNTUSDT,DIAGNOSTIC_ONLY,17,16,0.1448522992202938,0.10602993281013953,0.038822366410154276,-0.06720756639998525,0.4117647058823529,0.5294117647058824,0.058823529411764705,0.4117647058823529
MULTI_TIMEFRAME_TREND_PULLBACK,symbol,RENDERUSDT,DIAGNOSTIC_ONLY,25,23,0.24436954333983793,0.10742035428709001,0.13694918905274786,0.029528834765657833,0.36,0.56,0.08,0.44
MULTI_TIMEFRAME_TREND_PULLBACK,symbol,REZUSDT,DIAGNOSTIC_ONLY,35,31,-0.3577761999500188,0.10295032430822847,-0.4607265242582472,-0.5636768485664757,0.2,0.7714285714285715,0.02857142857142857,0.22857142857142856
MULTI_TIMEFRAME_TREND_PULLBACK,symbol,RIFUSDT,DIAGNOSTIC_ONLY,16,13,-0.11109485064937011,0.09913877440324806,-0.2102336250526181,-0.30937239945586625,0.3125,0.6875,0.0,0.3125
MULTI_TIMEFRAME_TREND_PULLBACK,symbol,ROSEUSDT,DIAGNOSTIC_ONLY,32,31,-0.050902388179800556,0.09712163889058986,-0.14802402707039042,-0.24514566596098022,0.34375,0.625,0.03125,0.34375
MULTI_TIMEFRAME_TREND_PULLBACK,symbol,RSRUSDT,DIAGNOSTIC_ONLY,29,25,0.14852922552481684,0.10872762345907222,0.03980160206574463,-0.06892602139332764,0.3793103448275862,0.5517241379310345,0.06896551724137931,0.41379310344827586
MULTI_TIMEFRAME_TREND_PULLBACK,symbol,RUNEUSDT,DIAGNOSTIC_ONLY,18,18,0.1123479444254601,0.1092583423948045,0.003089602030655595,-0.10616874036414894,0.3888888888888889,0.5555555555555556,0.05555555555555555,0.4444444444444444
MULTI_TIMEFRAME_TREND_PULLBACK,symbol,RVNUSDT,DIAGNOSTIC_ONLY,13,13,0.1453018166271302,0.09421535583279311,0.05108646079433713,-0.043128895038455954,0.3076923076923077,0.5384615384615384,0.15384615384615385,0.46153846153846156
MULTI_TIMEFRAME_TREND_PULLBACK,symbol,SAGAUSDT,DIAGNOSTIC_ONLY,41,37,-0.13320913942170742,0.0965348086494682,-0.22974394807117557,-0.32627875672064377,0.2682926829268293,0.6829268292682927,0.04878048780487805,0.3170731707317073
MULTI_TIMEFRAME_TREND_PULLBACK,symbol,SANDUSDT,DIAGNOSTIC_ONLY,14,13,0.31891540728432205,0.10978880959487311,0.209126597689449,0.09933778809457587,0.42857142857142855,0.5,0.07142857142857142,0.5
MULTI_TIMEFRAME_TREND_PULLBACK,symbol,SEIUSDT,DIAGNOSTIC_ONLY,21,19,0.09626348022925744,0.11223453418901595,-0.01597105395975849,-0.12820558814877447,0.23809523809523808,0.5714285714285714,0.19047619047619047,0.42857142857142855
MULTI_TIMEFRAME_TREND_PULLBACK,symbol,SNXUSDT,DIAGNOSTIC_ONLY,34,30,0.2819867560632646,0.10485267627153835,0.17713407979172624,0.0722814035201879,0.4117647058823529,0.5294117647058824,0.058823529411764705,0.47058823529411764
MULTI_TIMEFRAME_TREND_PULLBACK,symbol,SOLUSDT,DIAGNOSTIC_ONLY,19,14,0.6767915225323523,0.09672541141339253,0.5800661111189598,0.4833406997055673,0.3684210526315789,0.3157894736842105,0.3157894736842105,0.631578947368421
MULTI_TIMEFRAME_TREND_PULLBACK,symbol,STRKUSDT,DIAGNOSTIC_ONLY,34,27,0.7896127084782053,0.10012987442142725,0.6894828340567781,0.5893529596353507,0.5588235294117647,0.3235294117647059,0.11764705882352941,0.6470588235294118
MULTI_TIMEFRAME_TREND_PULLBACK,symbol,STXUSDT,DIAGNOSTIC_ONLY,17,15,0.054546415146052005,0.11101695355956052,-0.05647053841350849,-0.167487491973069,0.35294117647058826,0.5882352941176471,0.058823529411764705,0.4117647058823529
MULTI_TIMEFRAME_TREND_PULLBACK,symbol,SUIUSDT,DIAGNOSTIC_ONLY,25,22,0.5093453960128034,0.1101259495680861,0.39921944644471735,0.2890934968766313,0.44,0.48,0.08,0.52
MULTI_TIMEFRAME_TREND_PULLBACK,symbol,SUPERUSDT,DIAGNOSTIC_ONLY,24,22,-0.3692956534666993,0.09789063093852712,-0.46718628440522636,-0.5650769153437536,0.16666666666666666,0.6666666666666666,0.16666666666666666,0.20833333333333334
MULTI_TIMEFRAME_TREND_PULLBACK,symbol,SUSHIUSDT,DIAGNOSTIC_ONLY,28,22,-0.03564596966063577,0.1058797831272879,-0.14152575278792362,-0.24740553591521147,0.2857142857142857,0.6428571428571429,0.07142857142857142,0.32142857142857145
MULTI_TIMEFRAME_TREND_PULLBACK,symbol,SYNUSDT,DIAGNOSTIC_ONLY,35,28,0.382582381888486,0.07200496605145557,0.3105774158370304,0.23857244978557485,0.37142857142857144,0.42857142857142855,0.2,0.5142857142857142
MULTI_TIMEFRAME_TREND_PULLBACK,symbol,TAOUSDT,DIAGNOSTIC_ONLY,33,31,0.14631771051838252,0.09613388805056848,0.05018382246781406,-0.04595006558275443,0.36363636363636365,0.5151515151515151,0.12121212121212122,0.48484848484848486
MULTI_TIMEFRAME_TREND_PULLBACK,symbol,THETAUSDT,DIAGNOSTIC_ONLY,17,16,-0.36822892535064655,0.11858452022468174,-0.4868134455753283,-0.60539796580001,0.17647058823529413,0.7058823529411765,0.11764705882352941,0.29411764705882354
MULTI_TIMEFRAME_TREND_PULLBACK,symbol,TIAUSDT,DIAGNOSTIC_ONLY,31,27,0.21524889952057016,0.10366398729276885,0.11158491222780131,0.007920924935032398,0.3548387096774194,0.4838709677419355,0.16129032258064516,0.4838709677419355
MULTI_TIMEFRAME_TREND_PULLBACK,symbol,TLMUSDT,DIAGNOSTIC_ONLY,35,30,0.4532103388184081,0.10041219418733446,0.35279814463107356,0.2523859504437391,0.42857142857142855,0.5142857142857142,0.05714285714285714,0.4857142857142857
MULTI_TIMEFRAME_TREND_PULLBACK,symbol,TRBUSDT,DIAGNOSTIC_ONLY,26,23,0.8154658046776411,0.10425105341654248,0.7112147512610988,0.6069636978445561,0.38461538461538464,0.3076923076923077,0.3076923076923077,0.6923076923076923
MULTI_TIMEFRAME_TREND_PULLBACK,symbol,TURBOUSDT,DIAGNOSTIC_ONLY,43,41,-0.03895764188706516,0.09800162936596886,-0.13695927125303406,-0.23496090061900288,0.27906976744186046,0.627906976744186,0.09302325581395349,0.3488372093023256
MULTI_TIMEFRAME_TREND_PULLBACK,symbol,TUSDT,DIAGNOSTIC_ONLY,15,14,0.18668008148906928,0.11055223291159963,0.07612784857746961,-0.03442438433413001,0.26666666666666666,0.5333333333333333,0.2,0.4666666666666667
MULTI_TIMEFRAME_TREND_PULLBACK,symbol,TWTUSDT,DIAGNOSTIC_ONLY,21,18,0.13065016316725908,0.09984388908749516,0.030806274079763926,-0.06903761500773123,0.2857142857142857,0.47619047619047616,0.23809523809523808,0.5238095238095238
MULTI_TIMEFRAME_TREND_PULLBACK,symbol,UNIUSDT,DIAGNOSTIC_ONLY,32,27,-0.5870022215960649,0.10121710117603666,-0.6882193227721016,-0.7894364239481382,0.125,0.8125,0.0625,0.15625
MULTI_TIMEFRAME_TREND_PULLBACK,symbol,VETUSDT,DIAGNOSTIC_ONLY,24,20,-0.3176927282730409,0.11313403101689794,-0.4308267592899388,-0.5439607903068366,0.16666666666666666,0.5833333333333334,0.25,0.2916666666666667
MULTI_TIMEFRAME_TREND_PULLBACK,symbol,WIFUSDT,DIAGNOSTIC_ONLY,25,20,0.23605951769237557,0.09667713462357895,0.13938238306879658,0.042705248445217656,0.4,0.56,0.04,0.44
MULTI_TIMEFRAME_TREND_PULLBACK,symbol,WLDUSDT,DIAGNOSTIC_ONLY,48,40,-0.21170054413517722,0.09443428900512213,-0.3061348331402993,-0.40056912214542145,0.1875,0.6666666666666666,0.14583333333333334,0.2708333333333333
MULTI_TIMEFRAME_TREND_PULLBACK,symbol,WUSDT,DIAGNOSTIC_ONLY,22,20,0.485240231477681,0.09941925092843965,0.3858209805492414,0.2864017296208017,0.36363636363636365,0.45454545454545453,0.18181818181818182,0.5
MULTI_TIMEFRAME_TREND_PULLBACK,symbol,XLMUSDT,DIAGNOSTIC_ONLY,14,12,-0.5079156886566529,0.10129183524578003,-0.6092075239024329,-0.7104993591482129,0.14285714285714285,0.7857142857142857,0.07142857142857142,0.21428571428571427
MULTI_TIMEFRAME_TREND_PULLBACK,symbol,XMRUSDT,DIAGNOSTIC_ONLY,25,23,-0.3277024773436448,0.09817066263227456,-0.4258731399759194,-0.5240438026081938,0.16,0.68,0.16,0.28
MULTI_TIMEFRAME_TREND_PULLBACK,symbol,XRPUSDT,DIAGNOSTIC_ONLY,14,12,-0.042674149419757,0.0892848394469965,-0.13195898886675347,-0.22124382831374995,0.35714285714285715,0.5714285714285714,0.07142857142857142,0.35714285714285715
MULTI_TIMEFRAME_TREND_PULLBACK,symbol,XTZUSDT,DIAGNOSTIC_ONLY,17,14,-0.12744346056863823,0.10190381411262343,-0.22934727468126165,-0.33125108879388504,0.23529411764705882,0.5882352941176471,0.17647058823529413,0.29411764705882354
MULTI_TIMEFRAME_TREND_PULLBACK,symbol,XVGUSDT,DIAGNOSTIC_ONLY,37,30,0.39187674201040607,0.1055704192711781,0.28630632273922796,0.1807359034680499,0.40540540540540543,0.5675675675675675,0.02702702702702703,0.43243243243243246
MULTI_TIMEFRAME_TREND_PULLBACK,symbol,ZECUSDT,DIAGNOSTIC_ONLY,34,28,-0.2860791242879531,0.10259083414797995,-0.3886699584359331,-0.49126079258391314,0.20588235294117646,0.7352941176470589,0.058823529411764705,0.23529411764705882
MULTI_TIMEFRAME_TREND_PULLBACK,symbol,ZENUSDT,DIAGNOSTIC_ONLY,29,23,0.11489343079915894,0.08300356692918598,0.031889863869972924,-0.051113703059213055,0.3793103448275862,0.5517241379310345,0.06896551724137931,0.4482758620689655
MULTI_TIMEFRAME_TREND_PULLBACK,symbol,ZILUSDT,DIAGNOSTIC_ONLY,11,10,0.13960839350460288,0.11928117972265362,0.02032721378194926,-0.09895396594070437,0.45454545454545453,0.5454545454545454,0.0,0.45454545454545453
MULTI_TIMEFRAME_TREND_PULLBACK,symbol,ZKUSDT,DIAGNOSTIC_ONLY,47,40,-0.071037384512652,0.10596100658586144,-0.17699839109851342,-0.28295939768437484,0.2553191489361702,0.6382978723404256,0.10638297872340426,0.3191489361702128
MULTI_TIMEFRAME_TREND_PULLBACK,symbol,ZROUSDT,DIAGNOSTIC_ONLY,23,20,-0.18453244310937383,0.1019627683813676,-0.28649521149074153,-0.3884579798721091,0.2608695652173913,0.6521739130434783,0.08695652173913043,0.2608695652173913
MULTI_TIMEFRAME_TREND_PULLBACK,instrument_group,STATIC_GROUP_0,DIAGNOSTIC_ONLY,100,61,0.2133973205667513,0.10886793875630689,0.1045293818104444,-0.004338556945862506,0.32,0.54,0.14,0.43
MULTI_TIMEFRAME_TREND_PULLBACK,instrument_group,STATIC_GROUP_1,DIAGNOSTIC_ONLY,132,88,0.08732274553193813,0.1054824359568457,-0.018159690424907577,-0.12364212638175331,0.3409090909090909,0.5454545454545454,0.11363636363636363,0.3939393939393939
MULTI_TIMEFRAME_TREND_PULLBACK,instrument_group,STATIC_GROUP_2,DIAGNOSTIC_ONLY,143,98,-0.11501850245441789,0.10193023040001788,-0.21694873285443575,-0.3188789632544536,0.23776223776223776,0.6293706293706294,0.13286713286713286,0.3356643356643357
MULTI_TIMEFRAME_TREND_PULLBACK,instrument_group,STATIC_GROUP_3,DIAGNOSTIC_ONLY,46,34,-0.010575005271771305,0.10039685204444772,-0.1109718573162191,-0.21136870936066682,0.32608695652173914,0.6086956521739131,0.06521739130434782,0.3695652173913043
MULTI_TIMEFRAME_TREND_PULLBACK,instrument_group,UNKNOWN,DIAGNOSTIC_ONLY,3102,451,0.05223085479211403,0.10209373301412258,-0.04986287822200858,-0.15195661123613116,0.3010960670535139,0.5857511283043197,0.11315280464216634,0.38555770470664086
MULTI_TIMEFRAME_TREND_PULLBACK,year,2025,DIAGNOSTIC_ONLY,2429,295,0.006249579354754583,0.10213979228431296,-0.09589021292955839,-0.19803000521387132,0.2943598188554961,0.6010703993412927,0.10456978180321119,0.3709345409633594
MULTI_TIMEFRAME_TREND_PULLBACK,year,2026,DIAGNOSTIC_ONLY,1094,165,0.1487862172631138,0.10292683538792831,0.04585938187518551,-0.05706745351274279,0.3153564899451554,0.5493601462522852,0.13528336380255943,0.41590493601462525
MULTI_TIMEFRAME_TREND_PULLBACK,month,2025-01,DIAGNOSTIC_ONLY,120,14,0.5503117870143843,0.09310062141009876,0.4572111656042855,0.3641105441941867,0.45,0.48333333333333334,0.06666666666666667,0.5166666666666667
MULTI_TIMEFRAME_TREND_PULLBACK,month,2025-02,DIAGNOSTIC_ONLY,177,25,-0.29739471941058765,0.09062229980849829,-0.38801701921908593,-0.4786393190275842,0.1638418079096045,0.7288135593220338,0.10734463276836158,0.2542372881355932
MULTI_TIMEFRAME_TREND_PULLBACK,month,2025-03,DIAGNOSTIC_ONLY,192,26,-0.11996473572720616,0.1056760194793351,-0.22564075520654128,-0.33131677468587634,0.2708333333333333,0.6354166666666666,0.09375,0.34375
MULTI_TIMEFRAME_TREND_PULLBACK,month,2025-04,DIAGNOSTIC_ONLY,210,28,-0.041322280828619655,0.09844132320349219,-0.1397636040321118,-0.238204927235604,0.319047619047619,0.6476190476190476,0.03333333333333333,0.3333333333333333
MULTI_TIMEFRAME_TREND_PULLBACK,month,2025-05,DIAGNOSTIC_ONLY,291,26,0.05935810131392361,0.09990822151127993,-0.04055012019735628,-0.14045834170863622,0.3402061855670103,0.5773195876288659,0.08247422680412371,0.3951890034364261
MULTI_TIMEFRAME_TREND_PULLBACK,month,2025-06,DIAGNOSTIC_ONLY,185,21,0.03900937632467931,0.11484673079143252,-0.07583735446675319,-0.19068408525818578,0.31891891891891894,0.6108108108108108,0.07027027027027027,0.3783783783783784
MULTI_TIMEFRAME_TREND_PULLBACK,month,2025-07,DIAGNOSTIC_ONLY,192,28,-0.12484840638389365,0.09579517261286734,-0.220643578996761,-0.3164387516096283,0.296875,0.671875,0.03125,0.3229166666666667
MULTI_TIMEFRAME_TREND_PULLBACK,month,2025-08,DIAGNOSTIC_ONLY,215,23,0.7244994438267189,0.10977106451229161,0.6147283793144274,0.5049573148021356,0.586046511627907,0.37209302325581395,0.04186046511627907,0.6139534883720931
MULTI_TIMEFRAME_TREND_PULLBACK,month,2025-09,DIAGNOSTIC_ONLY,237,21,-0.17016604418379855,0.1146925798942482,-0.2848586240780468,-0.399551203972295,0.14767932489451477,0.6413502109704642,0.2109704641350211,0.32489451476793246
MULTI_TIMEFRAME_TREND_PULLBACK,month,2025-10,DIAGNOSTIC_ONLY,235,28,-0.15776449589535085,0.0991151740564751,-0.25687966995182593,-0.35599484400830095,0.19574468085106383,0.6425531914893617,0.16170212765957448,0.3276595744680851
MULTI_TIMEFRAME_TREND_PULLBACK,month,2025-11,DIAGNOSTIC_ONLY,260,27,-0.1554147140619953,0.09030052480087572,-0.24571523886287105,-0.3360157636637468,0.22692307692307692,0.5923076923076923,0.18076923076923077,0.3153846153846154
MULTI_TIMEFRAME_TREND_PULLBACK,month,2025-12,DIAGNOSTIC_ONLY,115,28,-0.043321795270325675,0.11875762396580493,-0.16207941923613065,-0.2808370432019356,0.2782608695652174,0.591304347826087,0.13043478260869565,0.3739130434782609
MULTI_TIMEFRAME_TREND_PULLBACK,month,2026-01,DIAGNOSTIC_ONLY,194,25,0.35501058016991466,0.10714079189113976,0.24786978827877496,0.14072899638763517,0.39690721649484534,0.5051546391752577,0.0979381443298969,0.4690721649484536
MULTI_TIMEFRAME_TREND_PULLBACK,month,2026-02,DIAGNOSTIC_ONLY,196,23,0.4508808646952221,0.10345678176062668,0.3474240829345954,0.2439673011739688,0.29081632653061223,0.37244897959183676,0.336734693877551,0.576530612244898
MULTI_TIMEFRAME_TREND_PULLBACK,month,2026-03,DIAGNOSTIC_ONLY,111,26,-0.18341638986411246,0.10652711193669552,-0.28994350180080786,-0.39647061373750353,0.22522522522522523,0.6306306306306306,0.14414414414414414,0.3153153153153153
MULTI_TIMEFRAME_TREND_PULLBACK,month,2026-04,DIAGNOSTIC_ONLY,89,24,-0.17139087702471342,0.09440303138713121,-0.2657939084118446,-0.3601969397989759,0.20224719101123595,0.6629213483146067,0.1348314606741573,0.2808988764044944
MULTI_TIMEFRAME_TREND_PULLBACK,month,2026-05,DIAGNOSTIC_ONLY,163,28,-0.2570660471377048,0.10791987204421295,-0.36498591918191786,-0.4729057912261308,0.20245398773006135,0.7116564417177914,0.08588957055214724,0.27607361963190186
MULTI_TIMEFRAME_TREND_PULLBACK,month,2026-06,DIAGNOSTIC_ONLY,300,28,0.3298181745165305,0.09953433122915942,0.23028384328737103,0.13074951205821161,0.42,0.5166666666666667,0.06333333333333334,0.4533333333333333
MULTI_TIMEFRAME_TREND_PULLBACK,month,2026-07,DIAGNOSTIC_ONLY,41,11,-0.3878843826531149,0.09418286175724917,-0.48206724441036414,-0.5762501061676133,0.21951219512195122,0.7317073170731707,0.04878048780487805,0.24390243902439024
MULTI_TIMEFRAME_TREND_PULLBACK,UTC_session,00-08,DIAGNOSTIC_ONLY,1192,333,0.11300203105497206,0.10370230003123641,0.009299731023735634,-0.0944025690075008,0.31291946308724833,0.5620805369127517,0.125,0.40184563758389263
MULTI_TIMEFRAME_TREND_PULLBACK,UTC_session,08-16,DIAGNOSTIC_ONLY,1663,344,-0.03108098543634253,0.10230264670064185,-0.13338363213698437,-0.23568627883762622,0.2772098616957306,0.6175586289837642,0.10523150932050511,0.35417919422730004
MULTI_TIMEFRAME_TREND_PULLBACK,UTC_session,16-24,DIAGNOSTIC_ONLY,668,226,0.14212815524200054,0.1002351351386056,0.04189302010339492,-0.058342115035210695,0.3383233532934132,0.5449101796407185,0.11676646706586827,0.4311377245508982
MULTI_TIMEFRAME_TREND_PULLBACK,weekday,Friday,DIAGNOSTIC_ONLY,657,67,0.023184222586489098,0.09909412141267838,-0.07590989882618927,-0.17500402023886763,0.3287671232876712,0.604261796042618,0.0669710806697108,0.3759512937595129
MULTI_TIMEFRAME_TREND_PULLBACK,weekday,Monday,DIAGNOSTIC_ONLY,497,63,0.01156514536430858,0.09706869982763242,-0.08550355446332383,-0.18257225429095625,0.2796780684104628,0.5875251509054326,0.13279678068410464,0.38832997987927564
MULTI_TIMEFRAME_TREND_PULLBACK,weekday,Saturday,DIAGNOSTIC_ONLY,577,67,0.17996457809468772,0.1073836817533309,0.07258089634135681,-0.0348027854119741,0.31369150779896016,0.5216637781629117,0.16464471403812825,0.42287694974003465
MULTI_TIMEFRAME_TREND_PULLBACK,weekday,Sunday,DIAGNOSTIC_ONLY,399,63,0.24742603382859907,0.10171048327785097,0.1457155505507481,0.04400506727289718,0.3182957393483709,0.48872180451127817,0.19298245614035087,0.47869674185463656
MULTI_TIMEFRAME_TREND_PULLBACK,weekday,Thursday,DIAGNOSTIC_ONLY,396,65,-0.13546171554064354,0.1047128750998771,-0.2401745906405206,-0.3448874657403978,0.2702020202020202,0.6691919191919192,0.06060606060606061,0.3106060606060606
MULTI_TIMEFRAME_TREND_PULLBACK,weekday,Tuesday,DIAGNOSTIC_ONLY,514,71,0.0779134022180024,0.10272332837289452,-0.024809926154892137,-0.12753325452778666,0.311284046692607,0.5836575875486382,0.10505836575875487,0.3852140077821012
MULTI_TIMEFRAME_TREND_PULLBACK,weekday,Wednesday,DIAGNOSTIC_ONLY,483,64,-0.06624173911189137,0.10464301297675606,-0.1708847520886474,-0.27552776506540344,0.2691511387163561,0.6438923395445134,0.08695652173913043,0.33126293995859213
MULTI_TIMEFRAME_TREND_PULLBACK,volatility_regime,CONTRACTED,DIAGNOSTIC_ONLY,712,242,0.021230145370316866,0.11062186216178464,-0.08939171679146778,-0.20001357895325245,0.23595505617977527,0.6109550561797753,0.15308988764044945,0.3595505617977528
MULTI_TIMEFRAME_TREND_PULLBACK,volatility_regime,EXPANDED,DIAGNOSTIC_ONLY,591,217,0.031180696023553715,0.08770902203498608,-0.05652832601143237,-0.14423734804641844,0.3333333333333333,0.5702199661590525,0.09644670050761421,0.4010152284263959
MULTI_TIMEFRAME_TREND_PULLBACK,volatility_regime,NORMAL,DIAGNOSTIC_ONLY,2220,409,0.06504896174998179,0.10364897094194697,-0.038600009191965205,-0.14224898013391216,0.3130630630630631,0.5806306306306306,0.1063063063063063,0.38873873873873876
MULTI_TIMEFRAME_TREND_PULLBACK,trend_regime,DOWN,DIAGNOSTIC_ONLY,1435,283,0.03438293712582578,0.10487790538894697,-0.07049496826312118,-0.17537287365206816,0.3177700348432056,0.5944250871080139,0.08780487804878048,0.3797909407665505
MULTI_TIMEFRAME_TREND_PULLBACK,trend_regime,FLAT,DIAGNOSTIC_ONLY,1292,341,0.06253106159907779,0.10296378268003976,-0.04043272108096197,-0.14339650376100171,0.29256965944272445,0.5727554179566563,0.1346749226006192,0.39009287925696595
MULTI_TIMEFRAME_TREND_PULLBACK,trend_regime,UP,DIAGNOSTIC_ONLY,796,268,0.06007877333791067,0.09694787929301446,-0.03686910595510378,-0.13381698524811822,0.28391959798994976,0.5879396984924623,0.12814070351758794,0.38567839195979897
MULTI_TIMEFRAME_TREND_PULLBACK,BTC_market_regime,DOWN_24H,DIAGNOSTIC_ONLY,946,123,-0.061515713081483556,0.09665298699079979,-0.15816870007228334,-0.25482168706308306,0.2526427061310782,0.6120507399577167,0.13530655391120508,0.3657505285412262
MULTI_TIMEFRAME_TREND_PULLBACK,BTC_market_regime,RANGE_24H,DIAGNOSTIC_ONLY,2187,391,0.10058341877227935,0.10511665146180767,-0.0045332326895283406,-0.109649884151336,0.33013260173754,0.5724737082761774,0.09739368998628258,0.39643347050754457
MULTI_TIMEFRAME_TREND_PULLBACK,BTC_market_regime,UP_24H,DIAGNOSTIC_ONLY,390,112,0.04146225040680502,0.10096325880184559,-0.05950100839504054,-0.16046426719688614,0.25384615384615383,0.5897435897435898,0.1564102564102564,0.36666666666666664
MULTI_TIMEFRAME_TREND_PULLBACK,ETH_market_regime,DOWN_24H,DIAGNOSTIC_ONLY,1484,180,0.10239519094840835,0.10132491169327643,0.0010702792551319207,-0.1002546324381445,0.316711590296496,0.568733153638814,0.11455525606469003,0.4110512129380054
MULTI_TIMEFRAME_TREND_PULLBACK,ETH_market_regime,RANGE_24H,DIAGNOSTIC_ONLY,1351,323,0.04445313044382216,0.10465668816731269,-0.0602035577234905,-0.1648602458908032,0.31088082901554404,0.5810510732790526,0.1080680977054034,0.37971872686898595
MULTI_TIMEFRAME_TREND_PULLBACK,ETH_market_regime,UP_24H,DIAGNOSTIC_ONLY,688,165,-0.049503332352465575,0.100206626026349,-0.14970995837881454,-0.2499165844051635,0.24709302325581395,0.627906976744186,0.125,0.3386627906976744
MULTI_TIMEFRAME_TREND_PULLBACK,volume_regime,ABOVE_2X,DIAGNOSTIC_ONLY,741,292,0.11866849811952124,0.10247401685678012,0.0161944812627411,-0.086279535594039,0.3117408906882591,0.5614035087719298,0.12685560053981107,0.39541160593792174
MULTI_TIMEFRAME_TREND_PULLBACK,volume_regime,NORMAL_TO_2X,DIAGNOSTIC_ONLY,2782,435,0.032357653785758514,0.10236026846948801,-0.07000261468372951,-0.17236288315321752,0.29798705966930267,0.5913012221423436,0.11071171818835371,0.38209920920201296
MULTI_TIMEFRAME_TREND_PULLBACK,cost_R_decile,0,DIAGNOSTIC_ONLY,353,167,0.03455395753393986,0.0449570424928359,-0.010403084958896053,-0.05536012745173192,0.29461756373937675,0.5552407932011332,0.1501416430594901,0.3881019830028329
MULTI_TIMEFRAME_TREND_PULLBACK,cost_R_decile,1,DIAGNOSTIC_ONLY,352,162,-0.029584151686059264,0.06760328232836303,-0.0971874340144223,-0.16479071634278533,0.26988636363636365,0.5681818181818182,0.16193181818181818,0.39204545454545453
MULTI_TIMEFRAME_TREND_PULLBACK,cost_R_decile,2,DIAGNOSTIC_ONLY,352,165,0.05588477487303518,0.08099624774497706,-0.025111472871941917,-0.10610772061691896,0.30113636363636365,0.5482954545454546,0.15056818181818182,0.4090909090909091
MULTI_TIMEFRAME_TREND_PULLBACK,cost_R_decile,3,DIAGNOSTIC_ONLY,352,156,0.14019972305186484,0.09123655800076579,0.04896316505109907,-0.042273392949666706,0.3380681818181818,0.53125,0.13068181818181818,0.4147727272727273
MULTI_TIMEFRAME_TREND_PULLBACK,cost_R_decile,4,DIAGNOSTIC_ONLY,353,169,0.16692653839528307,0.10115727021074185,0.0657692681845412,-0.035388002026200634,0.35127478753541075,0.5495750708215298,0.09915014164305949,0.42492917847025496
MULTI_TIMEFRAME_TREND_PULLBACK,cost_R_decile,5,DIAGNOSTIC_ONLY,352,172,0.03074447744453198,0.10985549331249943,-0.07911101586796745,-0.1889665091804669,0.3096590909090909,0.5965909090909091,0.09375,0.3721590909090909
MULTI_TIMEFRAME_TREND_PULLBACK,cost_R_decile,6,DIAGNOSTIC_ONLY,352,179,0.1941311026784672,0.11866723827862243,0.0754638643998448,-0.0432033738787776,0.34375,0.5568181818181818,0.09943181818181818,0.4289772727272727
MULTI_TIMEFRAME_TREND_PULLBACK,cost_R_decile,7,DIAGNOSTIC_ONLY,352,179,-0.02679871170889929,0.1273876991282342,-0.15418641083713347,-0.2815741099653677,0.2585227272727273,0.6306818181818182,0.11079545454545454,0.3465909090909091
MULTI_TIMEFRAME_TREND_PULLBACK,cost_R_decile,8,DIAGNOSTIC_ONLY,352,181,0.009682141032769863,0.13642879034336863,-0.12674664931059876,-0.2631754396539674,0.2897727272727273,0.6420454545454546,0.06818181818181818,0.3465909090909091
MULTI_TIMEFRAME_TREND_PULLBACK,cost_R_decile,9,DIAGNOSTIC_ONLY,353,173,-0.07056532103637499,0.14559618179167838,-0.2161615028280534,-0.3617576846197318,0.2521246458923513,0.6713881019830028,0.0764872521246459,0.32577903682719545
MULTI_TIMEFRAME_TREND_PULLBACK,target_room_R_decile,0,DIAGNOSTIC_ONLY,353,202,0.028503514657560115,0.09683531068934882,-0.06833179603178868,-0.16516710672113752,0.43342776203966005,0.5325779036827195,0.0339943342776204,0.4447592067988669
MULTI_TIMEFRAME_TREND_PULLBACK,target_room_R_decile,1,DIAGNOSTIC_ONLY,352,184,0.07612337437137548,0.10156477700889371,-0.025441402637518228,-0.12700617964641195,0.4318181818181818,0.53125,0.036931818181818184,0.45170454545454547
MULTI_TIMEFRAME_TREND_PULLBACK,target_room_R_decile,2,DIAGNOSTIC_ONLY,352,202,-0.022255090605102567,0.10283396106680302,-0.12508905167190554,-0.22792301273870857,0.3721590909090909,0.5795454545454546,0.048295454545454544,0.4005681818181818
MULTI_TIMEFRAME_TREND_PULLBACK,target_room_R_decile,3,DIAGNOSTIC_ONLY,352,191,0.13730494806483676,0.10133689317125348,0.03596805489358334,-0.06536883827767016,0.40625,0.5454545454545454,0.048295454545454544,0.4375
MULTI_TIMEFRAME_TREND_PULLBACK,target_room_R_decile,4,DIAGNOSTIC_ONLY,353,165,0.16623240405477702,0.09985253963928561,0.06637986441549139,-0.03347267522379422,0.38526912181303113,0.5382436260623229,0.0764872521246459,0.43059490084985835
MULTI_TIMEFRAME_TREND_PULLBACK,target_room_R_decile,5,DIAGNOSTIC_ONLY,352,175,-0.05864801647596495,0.10121308276197293,-0.15986109923793787,-0.26107418199991084,0.28125,0.6278409090909091,0.09090909090909091,0.32386363636363635
MULTI_TIMEFRAME_TREND_PULLBACK,target_room_R_decile,6,DIAGNOSTIC_ONLY,352,177,-0.05828707513606904,0.10210561395920847,-0.1603926890952775,-0.26249830305448596,0.2556818181818182,0.6676136363636364,0.07670454545454546,0.3096590909090909
MULTI_TIMEFRAME_TREND_PULLBACK,target_room_R_decile,7,DIAGNOSTIC_ONLY,352,160,0.059213047892226374,0.10561316311022591,-0.0464001152179996,-0.15201327832822548,0.23295454545454544,0.625,0.14204545454545456,0.32954545454545453
MULTI_TIMEFRAME_TREND_PULLBACK,target_room_R_decile,8,DIAGNOSTIC_ONLY,352,162,0.02791109977857422,0.10495853662913988,-0.07704743685056563,-0.18200597347970557,0.14488636363636365,0.6278409090909091,0.22727272727272727,0.3380681818181818
MULTI_TIMEFRAME_TREND_PULLBACK,target_room_R_decile,9,DIAGNOSTIC_ONLY,353,124,0.14847321613556363,0.10753637522363375,0.04093684091192985,-0.06659953431170386,0.06515580736543909,0.5750708215297451,0.3597733711048159,0.38243626062322944
MULTI_TIMEFRAME_TREND_PULLBACK,cross_sectional_dispersion_decile,0,DIAGNOSTIC_ONLY,353,76,0.2779831554518753,0.11458225373976218,0.16340090171211313,0.048818647972350984,0.39943342776203966,0.5240793201133145,0.0764872521246459,0.45609065155807366
MULTI_TIMEFRAME_TREND_PULLBACK,cross_sectional_dispersion_decile,1,DIAGNOSTIC_ONLY,355,107,0.058536255020711664,0.10781665453532932,-0.049280399514617663,-0.15709705404994695,0.3352112676056338,0.5859154929577465,0.07887323943661972,0.4
MULTI_TIMEFRAME_TREND_PULLBACK,cross_sectional_dispersion_decile,2,DIAGNOSTIC_ONLY,349,116,0.08893522083052434,0.11140759708353452,-0.022472376253010153,-0.13387997333654464,0.332378223495702,0.5902578796561605,0.07736389684813753,0.40114613180515757
MULTI_TIMEFRAME_TREND_PULLBACK,cross_sectional_dispersion_decile,3,DIAGNOSTIC_ONLY,352,126,0.08171146617312934,0.10927621024215671,-0.027564744069027366,-0.13684095431118407,0.3125,0.5539772727272727,0.13352272727272727,0.3977272727272727
MULTI_TIMEFRAME_TREND_PULLBACK,cross_sectional_dispersion_decile,4,DIAGNOSTIC_ONLY,353,140,0.07408703078040317,0.10725335790476634,-0.03316632712436315,-0.14041968502912947,0.26062322946175637,0.5892351274787535,0.1501416430594901,0.3881019830028329
MULTI_TIMEFRAME_TREND_PULLBACK,cross_sectional_dispersion_decile,5,DIAGNOSTIC_ONLY,352,116,-0.3382365963484306,0.09774077621540384,-0.43597737256383445,-0.5337181487792383,0.14488636363636365,0.7045454545454546,0.15056818181818182,0.2528409090909091
MULTI_TIMEFRAME_TREND_PULLBACK,cross_sectional_dispersion_decile,6,DIAGNOSTIC_ONLY,352,112,-0.024609825252400984,0.09332938375272706,-0.11793920900512807,-0.2112685927578551,0.2585227272727273,0.5880681818181818,0.1534090909090909,0.3835227272727273
MULTI_TIMEFRAME_TREND_PULLBACK,cross_sectional_dispersion_decile,7,DIAGNOSTIC_ONLY,353,105,-0.04330428947707869,0.09791710958204171,-0.1412213990591204,-0.23913850864116212,0.26345609065155806,0.6260623229461756,0.11048158640226628,0.34844192634560905
MULTI_TIMEFRAME_TREND_PULLBACK,cross_sectional_dispersion_decile,8,DIAGNOSTIC_ONLY,360,81,0.22874205996773136,0.09377695683058439,0.134965103137147,0.0411881463065626,0.3888888888888889,0.5055555555555555,0.10555555555555556,0.41944444444444445
MULTI_TIMEFRAME_TREND_PULLBACK,cross_sectional_dispersion_decile,9,DIAGNOSTIC_ONLY,344,69,0.09811508286023887,0.09066573332785874,0.007449349532380148,-0.08321638379547859,0.311046511627907,0.5843023255813954,0.10465116279069768,0.4011627906976744
MULTI_TIMEFRAME_TREND_PULLBACK,realized_volatility_24h_decile,0,DIAGNOSTIC_ONLY,353,172,0.07347045994182665,0.12841492142168914,-0.05494446147986251,-0.1833593829015517,0.3286118980169972,0.5580736543909348,0.11331444759206799,0.42209631728045327
MULTI_TIMEFRAME_TREND_PULLBACK,realized_volatility_24h_decile,1,DIAGNOSTIC_ONLY,352,154,0.07040738793872742,0.120369949480546,-0.04996256154181856,-0.17033251102236455,0.3522727272727273,0.5710227272727273,0.07670454545454546,0.4147727272727273
MULTI_TIMEFRAME_TREND_PULLBACK,realized_volatility_24h_decile,2,DIAGNOSTIC_ONLY,352,169,0.030843168252085943,0.11700459785845485,-0.08616142960636887,-0.2031660274648237,0.3096590909090909,0.5710227272727273,0.11931818181818182,0.38636363636363635
MULTI_TIMEFRAME_TREND_PULLBACK,realized_volatility_24h_decile,3,DIAGNOSTIC_ONLY,352,166,0.13066174841760708,0.11355960612056859,0.017102142297038492,-0.0964574638235301,0.32670454545454547,0.5653409090909091,0.10795454545454546,0.42329545454545453
MULTI_TIMEFRAME_TREND_PULLBACK,realized_volatility_24h_decile,4,DIAGNOSTIC_ONLY,353,165,0.08405090945921546,0.1106021878210313,-0.026551278361815835,-0.13715346618284713,0.32011331444759206,0.5779036827195467,0.10198300283286119,0.38243626062322944
MULTI_TIMEFRAME_TREND_PULLBACK,realized_volatility_24h_decile,5,DIAGNOSTIC_ONLY,352,149,0.05029030288937472,0.10567423797866106,-0.055383935089286344,-0.1610581730679474,0.32386363636363635,0.6136363636363636,0.0625,0.3693181818181818
MULTI_TIMEFRAME_TREND_PULLBACK,realized_volatility_24h_decile,6,DIAGNOSTIC_ONLY,352,157,0.11528271157399411,0.09839564944885067,0.016887062125143435,-0.08150858732370725,0.3352272727272727,0.5880681818181818,0.07670454545454546,0.38920454545454547
MULTI_TIMEFRAME_TREND_PULLBACK,realized_volatility_24h_decile,7,DIAGNOSTIC_ONLY,352,139,-0.0377916977685457,0.0931250626190124,-0.13091676038755812,-0.22404182300657058,0.25,0.6107954545454546,0.13920454545454544,0.3522727272727273
MULTI_TIMEFRAME_TREND_PULLBACK,realized_volatility_24h_decile,8,DIAGNOSTIC_ONLY,352,128,-0.08545021057992273,0.0798932321256738,-0.16534344270559662,-0.24523667483127037,0.21875,0.6136363636363636,0.16761363636363635,0.33238636363636365
MULTI_TIMEFRAME_TREND_PULLBACK,realized_volatility_24h_decile,9,DIAGNOSTIC_ONLY,353,146,0.07312641916535019,0.05683459396013402,0.0162918252052162,-0.040542768754917795,0.24362606232294617,0.5807365439093485,0.17563739376770537,0.37677053824362605
MULTI_TIMEFRAME_TREND_PULLBACK,structural_risk_pct_decile,0,DIAGNOSTIC_ONLY,353,176,0.054858786283678955,0.1455483661561181,-0.09068957987243914,-0.23623794602855724,0.28611898016997167,0.6373937677053825,0.0764872521246459,0.3597733711048159
MULTI_TIMEFRAME_TREND_PULLBACK,structural_risk_pct_decile,1,DIAGNOSTIC_ONLY,352,181,-0.024602482530601103,0.1364326778787194,-0.16103516040932053,-0.2974678382880399,0.2784090909090909,0.6505681818181818,0.07102272727272728,0.3380681818181818
MULTI_TIMEFRAME_TREND_PULLBACK,structural_risk_pct_decile,2,DIAGNOSTIC_ONLY,352,181,-0.0501805527940314,0.12736970547134677,-0.17755025826537815,-0.304919963736725,0.25,0.6306818181818182,0.11931818181818182,0.34375
MULTI_TIMEFRAME_TREND_PULLBACK,structural_risk_pct_decile,3,DIAGNOSTIC_ONLY,352,170,0.186334507647242,0.11868244368613791,0.06765206396110411,-0.05103037972503382,0.3522727272727273,0.5596590909090909,0.08806818181818182,0.4289772727272727
MULTI_TIMEFRAME_TREND_PULLBACK,structural_risk_pct_decile,4,DIAGNOSTIC_ONLY,353,169,0.04972102655763553,0.10983453137765868,-0.06011350482002314,-0.16994803619768184,0.31728045325779036,0.5892351274787535,0.09348441926345609,0.37960339943342775
MULTI_TIMEFRAME_TREND_PULLBACK,structural_risk_pct_decile,5,DIAGNOSTIC_ONLY,352,171,0.15000148694861104,0.10114937816869209,0.048852108779918926,-0.05229726938877319,0.3409090909090909,0.5625,0.09659090909090909,0.4147727272727273
MULTI_TIMEFRAME_TREND_PULLBACK,structural_risk_pct_decile,6,DIAGNOSTIC_ONLY,352,162,0.10828203272934322,0.09125668079862347,0.017025351930719787,-0.07423132886790364,0.32670454545454547,0.5397727272727273,0.13352272727272727,0.4090909090909091
MULTI_TIMEFRAME_TREND_PULLBACK,structural_risk_pct_decile,7,DIAGNOSTIC_ONLY,352,163,0.018061758561292548,0.08099131569702804,-0.0629295571357355,-0.1439208728327635,0.2869318181818182,0.5625,0.15056818181818182,0.39204545454545453
MULTI_TIMEFRAME_TREND_PULLBACK,structural_risk_pct_decile,8,DIAGNOSTIC_ONLY,352,163,-0.0017332329250947067,0.06762277893692575,-0.06935601186202046,-0.13697879079894626,0.2840909090909091,0.5539772727272727,0.16193181818181818,0.4034090909090909
MULTI_TIMEFRAME_TREND_PULLBACK,structural_risk_pct_decile,9,DIAGNOSTIC_ONLY,353,164,0.014464922938870613,0.044973363623727725,-0.030508440684857113,-0.07548180430858482,0.28611898016997167,0.5637393767705382,0.1501416430594901,0.37960339943342775
MULTI_TIMEFRAME_TREND_PULLBACK,signal_frequency_decile,0,DIAGNOSTIC_ONLY,2156,460,-0.001484814906044003,0.10285294621446328,-0.10433776112050729,-0.20719070733497058,0.2940630797773655,0.6080705009276438,0.09786641929499072,0.36410018552875695
MULTI_TIMEFRAME_TREND_PULLBACK,signal_frequency_decile,1,DIAGNOSTIC_ONLY,421,86,0.046279508865574005,0.10338986676330912,-0.057110357897735144,-0.16050022466104422,0.2992874109263658,0.5866983372921615,0.11401425178147269,0.38954869358669836
MULTI_TIMEFRAME_TREND_PULLBACK,signal_frequency_decile,2,DIAGNOSTIC_ONLY,314,40,0.08985859801341012,0.10253881693586794,-0.012680218922457848,-0.11521903585832581,0.3089171974522293,0.5732484076433121,0.1178343949044586,0.40764331210191085
MULTI_TIMEFRAME_TREND_PULLBACK,signal_frequency_decile,3,DIAGNOSTIC_ONLY,322,30,0.31755493196722767,0.10209425017432912,0.2154606817928985,0.11336643161856944,0.36024844720496896,0.4937888198757764,0.14596273291925466,0.4813664596273292
MULTI_TIMEFRAME_TREND_PULLBACK,signal_frequency_decile,4,DIAGNOSTIC_ONLY,310,15,0.10065048314165019,0.09790287210728145,0.002747611034368745,-0.09515526107291271,0.2806451612903226,0.5290322580645161,0.19032258064516128,0.4
VOLATILITY_TRANSITION_CONTINUATION,side,LONG,DIAGNOSTIC_ONLY,8,7,-0.48297196506506507,0.04813912704977433,-0.5311110921148393,-0.5792502191646137,0.0,0.375,0.625,0.125
VOLATILITY_TRANSITION_CONTINUATION,side,SHORT,DIAGNOSTIC_ONLY,4,4,-0.07422283751013944,0.05088320301453583,-0.12510604052467522,-0.17598924353921108,0.25,0.25,0.5,0.25
VOLATILITY_TRANSITION_CONTINUATION,symbol,ACEUSDT,DIAGNOSTIC_ONLY,1,1,-1.0138237472229121,0.08349353246112119,-1.0973172796840334,-1.1808108121451546,0.0,1.0,0.0,0.0
VOLATILITY_TRANSITION_CONTINUATION,symbol,ARBUSDT,DIAGNOSTIC_ONLY,1,1,-0.18145814581458375,0.04224144014401438,-0.22369958595859812,-0.2659410261026125,0.0,0.0,1.0,0.0
VOLATILITY_TRANSITION_CONTINUATION,symbol,ARKUSDT,DIAGNOSTIC_ONLY,1,1,-0.9944458219687569,0.02145839325564093,-1.0159042152243978,-1.0373626084800387,0.0,1.0,0.0,0.0
VOLATILITY_TRANSITION_CONTINUATION,symbol,EGLDUSDT,DIAGNOSTIC_ONLY,1,1,-0.4529442890619151,0.09501712903469671,-0.5479614180966118,-0.6429785471313085,0.0,0.0,1.0,0.0
VOLATILITY_TRANSITION_CONTINUATION,symbol,IDUSDT,DIAGNOSTIC_ONLY,1,1,-0.9911427441676556,0.02387977066034008,-1.0150225148279957,-1.0389022854883356,0.0,1.0,0.0,0.0
VOLATILITY_TRANSITION_CONTINUATION,symbol,LSKUSDT,DIAGNOSTIC_ONLY,2,2,-0.5660509253309596,0.03468113100826658,-0.6007320563392262,-0.6354131873474929,0.0,0.0,1.0,0.0
VOLATILITY_TRANSITION_CONTINUATION,symbol,NEIROUSDT,DIAGNOSTIC_ONLY,1,1,1.2604810996563567,0.08985113402061856,1.1706299656357382,1.0807788316151195,0.0,0.0,1.0,1.0
VOLATILITY_TRANSITION_CONTINUATION,symbol,SUPERUSDT,DIAGNOSTIC_ONLY,3,3,0.06217494985284045,0.03282971427895364,0.029345235573886862,-0.003484478705066796,0.3333333333333333,0.3333333333333333,0.3333333333333333,0.3333333333333333
VOLATILITY_TRANSITION_CONTINUATION,symbol,TUSDT,DIAGNOSTIC_ONLY,1,1,-0.8417564208782131,0.06485302402651202,-0.9066094449047252,-0.9714624689312372,0.0,0.0,1.0,0.0
VOLATILITY_TRANSITION_CONTINUATION,instrument_group,UNKNOWN,DIAGNOSTIC_ONLY,12,11,-0.3467222558800898,0.04905381903802816,-0.395776074918118,-0.4448298939561461,0.08333333333333333,0.3333333333333333,0.5833333333333334,0.16666666666666666
VOLATILITY_TRANSITION_CONTINUATION,year,2025,DIAGNOSTIC_ONLY,7,7,-0.2966789725247973,0.03878296668284529,-0.3354619392076426,-0.37424490589048787,0.14285714285714285,0.2857142857142857,0.5714285714285714,0.14285714285714285
VOLATILITY_TRANSITION_CONTINUATION,year,2026,DIAGNOSTIC_ONLY,5,4,-0.41678285257749936,0.0634330123352842,-0.48021586491278356,-0.5436488772480678,0.0,0.4,0.6,0.2
VOLATILITY_TRANSITION_CONTINUATION,month,2025-04,DIAGNOSTIC_ONLY,1,1,-0.9944458219687569,0.02145839325564093,-1.0159042152243978,-1.0373626084800387,0.0,1.0,0.0,0.0
VOLATILITY_TRANSITION_CONTINUATION,month,2025-06,DIAGNOSTIC_ONLY,1,1,1.337511084835941,0.03374368312148972,1.3037674017144514,1.2700237185929617,1.0,0.0,0.0,1.0
VOLATILITY_TRANSITION_CONTINUATION,month,2025-07,DIAGNOSTIC_ONLY,2,2,-0.7264721445309575,0.0637738443963196,-0.790245988927277,-0.8540198333235968,0.0,0.5,0.5,0.0
VOLATILITY_TRANSITION_CONTINUATION,month,2025-08,DIAGNOSTIC_ONLY,1,1,-0.18145814581458375,0.04224144014401438,-0.22369958595859812,-0.2659410261026125,0.0,0.0,1.0,0.0
VOLATILITY_TRANSITION_CONTINUATION,month,2025-12,DIAGNOSTIC_ONLY,2,2,-0.39270781783213327,0.02324478073306638,-0.4159525985651996,-0.43919737929826597,0.0,0.0,1.0,0.0
VOLATILITY_TRANSITION_CONTINUATION,month,2026-02,DIAGNOSTIC_ONLY,1,1,-0.49767245027507245,0.0550876005078291,-0.5527600507829016,-0.6078476512907307,0.0,0.0,1.0,0.0
VOLATILITY_TRANSITION_CONTINUATION,month,2026-04,DIAGNOSTIC_ONLY,3,2,-0.190806021796504,0.05952797623582356,-0.25033399803232753,-0.30986197426815115,0.0,0.3333333333333333,0.6666666666666666,0.3333333333333333
VOLATILITY_TRANSITION_CONTINUATION,month,2026-06,DIAGNOSTIC_ONLY,1,1,-1.0138237472229121,0.08349353246112119,-1.0973172796840334,-1.1808108121451546,0.0,1.0,0.0,0.0
VOLATILITY_TRANSITION_CONTINUATION,UTC_session,00-08,DIAGNOSTIC_ONLY,5,5,-0.6537353304151503,0.029383065177988575,-0.6831183955931389,-0.7125014607711273,0.0,0.4,0.6,0.0
VOLATILITY_TRANSITION_CONTINUATION,UTC_session,08-16,DIAGNOSTIC_ONLY,4,4,-0.0969362706107636,0.07765080891511271,-0.17458707952587632,-0.25223788844098904,0.0,0.25,0.75,0.25
VOLATILITY_TRANSITION_CONTINUATION,UTC_session,16-24,DIAGNOSTIC_ONLY,3,3,-0.16808177868075735,0.04370908896864808,-0.21179086764940538,-0.2554999566180535,0.3333333333333333,0.3333333333333333,0.3333333333333333,0.3333333333333333
VOLATILITY_TRANSITION_CONTINUATION,weekday,Monday,DIAGNOSTIC_ONLY,2,2,0.4199193172804343,0.04441564181465941,0.3755036754657749,0.3310880336511155,0.5,0.0,0.5,0.5
VOLATILITY_TRANSITION_CONTINUATION,weekday,Saturday,DIAGNOSTIC_ONLY,1,1,-0.1509862352774197,0.032214899957428704,-0.1832011352348484,-0.2154160351922771,0.0,0.0,1.0,0.0
VOLATILITY_TRANSITION_CONTINUATION,weekday,Sunday,DIAGNOSTIC_ONLY,2,1,-0.9164495825229344,0.04436639734342605,-0.9608159798663605,-1.0051823772097865,0.0,0.5,0.5,0.0
VOLATILITY_TRANSITION_CONTINUATION,weekday,Thursday,DIAGNOSTIC_ONLY,4,4,-0.0969362706107636,0.07765080891511271,-0.17458707952587632,-0.25223788844098904,0.0,0.25,0.75,0.25
VOLATILITY_TRANSITION_CONTINUATION,weekday,Tuesday,DIAGNOSTIC_ONLY,2,2,-0.8144376111778018,0.017866527382172495,-0.8323041385599743,-0.8501706659421469,0.0,0.5,0.5,0.0
VOLATILITY_TRANSITION_CONTINUATION,weekday,Wednesday,DIAGNOSTIC_ONLY,1,1,-1.0,0.03253055975794249,-1.0325305597579424,-1.065061119515885,0.0,1.0,0.0,0.0
VOLATILITY_TRANSITION_CONTINUATION,volatility_regime,EXPANDED,DIAGNOSTIC_ONLY,5,4,-0.7918893675353089,0.03591068999180524,-0.8278000575271143,-0.8637107475189193,0.0,0.4,0.6,0.0
VOLATILITY_TRANSITION_CONTINUATION,volatility_regime,NORMAL,DIAGNOSTIC_ONLY,7,7,-0.02874574755493329,0.05844176835675883,-0.08718751591169209,-0.14562928426845095,0.14285714285714285,0.2857142857142857,0.5714285714285714,0.2857142857142857
VOLATILITY_TRANSITION_CONTINUATION,trend_regime,DOWN,DIAGNOSTIC_ONLY,6,6,-0.10950157019324686,0.05478114419554859,-0.1642827143887954,-0.21906385858434405,0.0,0.0,1.0,0.16666666666666666
VOLATILITY_TRANSITION_CONTINUATION,trend_regime,FLAT,DIAGNOSTIC_ONLY,4,3,-0.9602921835593845,0.04842118010090356,-1.0087133636602879,-1.0571345437611916,0.0,0.75,0.25,0.0
VOLATILITY_TRANSITION_CONTINUATION,trend_regime,UP,DIAGNOSTIC_ONLY,2,2,0.16875554241797053,0.0331371214397161,0.1356184209782545,0.10248129953853835,0.5,0.5,0.0,0.5
VOLATILITY_TRANSITION_CONTINUATION,BTC_market_regime,DOWN_24H,DIAGNOSTIC_ONLY,3,3,-0.5423906855141599,0.03711419516421493,-0.5795048806783748,-0.6166190758425897,0.0,0.0,1.0,0.0
VOLATILITY_TRANSITION_CONTINUATION,BTC_market_regime,RANGE_24H,DIAGNOSTIC_ONLY,6,6,-0.3127600461476304,0.06492843447143667,-0.37768848061906707,-0.4426169150905037,0.0,0.3333333333333333,0.6666666666666666,0.16666666666666666
VOLATILITY_TRANSITION_CONTINUATION,BTC_market_regime,UP_24H,DIAGNOSTIC_ONLY,3,3,-0.2189782457109386,0.02924421204502438,-0.24822245775596294,-0.27746666980098733,0.3333333333333333,0.6666666666666666,0.0,0.3333333333333333
VOLATILITY_TRANSITION_CONTINUATION,ETH_market_regime,DOWN_24H,DIAGNOSTIC_ONLY,6,6,-0.17430359216262983,0.04975379336085114,-0.224057385523481,-0.27381117888433215,0.0,0.0,1.0,0.16666666666666666
VOLATILITY_TRANSITION_CONTINUATION,ETH_market_regime,RANGE_24H,DIAGNOSTIC_ONLY,4,4,-0.4154753071308459,0.04064384487464798,-0.45611915200549374,-0.4967629968801418,0.25,0.75,0.0,0.25
VOLATILITY_TRANSITION_CONTINUATION,ETH_market_regime,UP_24H,DIAGNOSTIC_ONLY,2,2,-0.7264721445309575,0.0637738443963196,-0.790245988927277,-0.8540198333235968,0.0,0.5,0.5,0.0
VOLATILITY_TRANSITION_CONTINUATION,volume_regime,ABOVE_2X,DIAGNOSTIC_ONLY,12,11,-0.3467222558800898,0.04905381903802816,-0.395776074918118,-0.4448298939561461,0.08333333333333333,0.3333333333333333,0.5833333333333334,0.16666666666666666
VOLATILITY_TRANSITION_CONTINUATION,cost_R_decile,0,DIAGNOSTIC_ONLY,2,2,-0.8144376111778018,0.017866527382172495,-0.8323041385599743,-0.8501706659421469,0.0,0.5,0.5,0.0
VOLATILITY_TRANSITION_CONTINUATION,cost_R_decile,1,DIAGNOSTIC_ONLY,1,1,-0.9911427441676556,0.02387977066034008,-1.0150225148279957,-1.0389022854883356,0.0,1.0,0.0,0.0
VOLATILITY_TRANSITION_CONTINUATION,cost_R_decile,2,DIAGNOSTIC_ONLY,1,1,-0.1509862352774197,0.032214899957428704,-0.1832011352348484,-0.2154160351922771,0.0,0.0,1.0,0.0
VOLATILITY_TRANSITION_CONTINUATION,cost_R_decile,3,DIAGNOSTIC_ONLY,1,1,-1.0,0.03253055975794249,-1.0325305597579424,-1.065061119515885,0.0,1.0,0.0,0.0
VOLATILITY_TRANSITION_CONTINUATION,cost_R_decile,4,DIAGNOSTIC_ONLY,1,1,1.337511084835941,0.03374368312148972,1.3037674017144514,1.2700237185929617,1.0,0.0,0.0,1.0
VOLATILITY_TRANSITION_CONTINUATION,cost_R_decile,5,DIAGNOSTIC_ONLY,1,1,-0.18145814581458375,0.04224144014401438,-0.22369958595859812,-0.2659410261026125,0.0,0.0,1.0,0.0
VOLATILITY_TRANSITION_CONTINUATION,cost_R_decile,6,DIAGNOSTIC_ONLY,1,1,-0.49767245027507245,0.0550876005078291,-0.5527600507829016,-0.6078476512907307,0.0,0.0,1.0,0.0
VOLATILITY_TRANSITION_CONTINUATION,cost_R_decile,7,DIAGNOSTIC_ONLY,1,1,-0.8417564208782131,0.06485302402651202,-0.9066094449047252,-0.9714624689312372,0.0,0.0,1.0,0.0
VOLATILITY_TRANSITION_CONTINUATION,cost_R_decile,8,DIAGNOSTIC_ONLY,1,1,-1.0138237472229121,0.08349353246112119,-1.0973172796840334,-1.1808108121451546,0.0,1.0,0.0,0.0
VOLATILITY_TRANSITION_CONTINUATION,cost_R_decile,9,DIAGNOSTIC_ONLY,2,2,0.4037684052972208,0.09243413152765764,0.3113342737695632,0.21890014224190546,0.0,0.0,1.0,0.5
VOLATILITY_TRANSITION_CONTINUATION,target_room_R_decile,0,DIAGNOSTIC_ONLY,2,2,-0.6697144355766428,0.05997031226717056,-0.7296847478438133,-0.789655060110984,0.0,0.0,1.0,0.0
VOLATILITY_TRANSITION_CONTINUATION,target_room_R_decile,1,DIAGNOSTIC_ONLY,1,1,1.337511084835941,0.03374368312148972,1.3037674017144514,1.2700237185929617,1.0,0.0,0.0,1.0
VOLATILITY_TRANSITION_CONTINUATION,target_room_R_decile,2,DIAGNOSTIC_ONLY,1,1,-0.1509862352774197,0.032214899957428704,-0.1832011352348484,-0.2154160351922771,0.0,0.0,1.0,0.0
VOLATILITY_TRANSITION_CONTINUATION,target_room_R_decile,3,DIAGNOSTIC_ONLY,1,1,-0.6344294003868468,0.014274661508704057,-0.6487040618955509,-0.6629787234042549,0.0,0.0,1.0,0.0
VOLATILITY_TRANSITION_CONTINUATION,target_room_R_decile,4,DIAGNOSTIC_ONLY,1,1,-0.18145814581458375,0.04224144014401438,-0.22369958595859812,-0.2659410261026125,0.0,0.0,1.0,0.0
VOLATILITY_TRANSITION_CONTINUATION,target_room_R_decile,5,DIAGNOSTIC_ONLY,1,1,-1.0,0.03253055975794249,-1.0325305597579424,-1.065061119515885,0.0,1.0,0.0,0.0
VOLATILITY_TRANSITION_CONTINUATION,target_room_R_decile,6,DIAGNOSTIC_ONLY,1,1,-0.9911427441676556,0.02387977066034008,-1.0150225148279957,-1.0389022854883356,0.0,1.0,0.0,0.0
VOLATILITY_TRANSITION_CONTINUATION,target_room_R_decile,7,DIAGNOSTIC_ONLY,1,1,-0.9944458219687569,0.02145839325564093,-1.0159042152243978,-1.0373626084800387,0.0,1.0,0.0,0.0
VOLATILITY_TRANSITION_CONTINUATION,target_room_R_decile,8,DIAGNOSTIC_ONLY,1,1,1.2604810996563567,0.08985113402061856,1.1706299656357382,1.0807788316151195,0.0,0.0,1.0,1.0
VOLATILITY_TRANSITION_CONTINUATION,target_room_R_decile,9,DIAGNOSTIC_ONLY,2,2,-0.7333840181424136,0.08925533074790895,-0.8226393488903225,-0.9118946796382316,0.0,0.5,0.5,0.0
VOLATILITY_TRANSITION_CONTINUATION,cross_sectional_dispersion_decile,0,DIAGNOSTIC_ONLY,2,2,-0.5660509253309596,0.03468113100826658,-0.6007320563392262,-0.6354131873474929,0.0,0.0,1.0,0.0
VOLATILITY_TRANSITION_CONTINUATION,cross_sectional_dispersion_decile,1,DIAGNOSTIC_ONLY,1,1,-0.18145814581458375,0.04224144014401438,-0.22369958595859812,-0.2659410261026125,0.0,0.0,1.0,0.0
VOLATILITY_TRANSITION_CONTINUATION,cross_sectional_dispersion_decile,2,DIAGNOSTIC_ONLY,1,1,-0.4529442890619151,0.09501712903469671,-0.5479614180966118,-0.6429785471313085,0.0,0.0,1.0,0.0
VOLATILITY_TRANSITION_CONTINUATION,cross_sectional_dispersion_decile,3,DIAGNOSTIC_ONLY,1,1,-0.9911427441676556,0.02387977066034008,-1.0150225148279957,-1.0389022854883356,0.0,1.0,0.0,0.0
VOLATILITY_TRANSITION_CONTINUATION,cross_sectional_dispersion_decile,4,DIAGNOSTIC_ONLY,1,1,-0.8417564208782131,0.06485302402651202,-0.9066094449047252,-0.9714624689312372,0.0,0.0,1.0,0.0
VOLATILITY_TRANSITION_CONTINUATION,cross_sectional_dispersion_decile,5,DIAGNOSTIC_ONLY,1,1,-0.9944458219687569,0.02145839325564093,-1.0159042152243978,-1.0373626084800387,0.0,1.0,0.0,0.0
VOLATILITY_TRANSITION_CONTINUATION,cross_sectional_dispersion_decile,6,DIAGNOSTIC_ONLY,1,1,-1.0,0.03253055975794249,-1.0325305597579424,-1.065061119515885,0.0,1.0,0.0,0.0
VOLATILITY_TRANSITION_CONTINUATION,cross_sectional_dispersion_decile,7,DIAGNOSTIC_ONLY,1,1,1.337511084835941,0.03374368312148972,1.3037674017144514,1.2700237185929617,1.0,0.0,0.0,1.0
VOLATILITY_TRANSITION_CONTINUATION,cross_sectional_dispersion_decile,8,DIAGNOSTIC_ONLY,1,1,1.2604810996563567,0.08985113402061856,1.1706299656357382,1.0807788316151195,0.0,0.0,1.0,1.0
VOLATILITY_TRANSITION_CONTINUATION,cross_sectional_dispersion_decile,9,DIAGNOSTIC_ONLY,2,2,-0.5824049912501659,0.057854216209274945,-0.6402592074594409,-0.6981134236687159,0.0,0.5,0.5,0.0
VOLATILITY_TRANSITION_CONTINUATION,realized_volatility_24h_decile,0,DIAGNOSTIC_ONLY,2,2,0.20936233938907178,0.07735207902356529,0.1320102603655065,0.054658181341941114,0.0,0.0,1.0,0.5
VOLATILITY_TRANSITION_CONTINUATION,realized_volatility_24h_decile,1,DIAGNOSTIC_ONLY,1,1,-0.4529442890619151,0.09501712903469671,-0.5479614180966118,-0.6429785471313085,0.0,0.0,1.0,0.0
VOLATILITY_TRANSITION_CONTINUATION,realized_volatility_24h_decile,2,DIAGNOSTIC_ONLY,1,1,-0.49767245027507245,0.0550876005078291,-0.5527600507829016,-0.6078476512907307,0.0,0.0,1.0,0.0
VOLATILITY_TRANSITION_CONTINUATION,realized_volatility_24h_decile,3,DIAGNOSTIC_ONLY,1,1,1.337511084835941,0.03374368312148972,1.3037674017144514,1.2700237185929617,1.0,0.0,0.0,1.0
VOLATILITY_TRANSITION_CONTINUATION,realized_volatility_24h_decile,4,DIAGNOSTIC_ONLY,1,1,-1.0138237472229121,0.08349353246112119,-1.0973172796840334,-1.1808108121451546,0.0,1.0,0.0,0.0
VOLATILITY_TRANSITION_CONTINUATION,realized_volatility_24h_decile,5,DIAGNOSTIC_ONLY,1,1,-0.1509862352774197,0.032214899957428704,-0.1832011352348484,-0.2154160351922771,0.0,0.0,1.0,0.0
VOLATILITY_TRANSITION_CONTINUATION,realized_volatility_24h_decile,6,DIAGNOSTIC_ONLY,1,1,-1.0,0.03253055975794249,-1.0325305597579424,-1.065061119515885,0.0,1.0,0.0,0.0
VOLATILITY_TRANSITION_CONTINUATION,realized_volatility_24h_decile,7,DIAGNOSTIC_ONLY,1,1,-0.18145814581458375,0.04224144014401438,-0.22369958595859812,-0.2659410261026125,0.0,0.0,1.0,0.0
VOLATILITY_TRANSITION_CONTINUATION,realized_volatility_24h_decile,8,DIAGNOSTIC_ONLY,1,1,-0.9944458219687569,0.02145839325564093,-1.0159042152243978,-1.0373626084800387,0.0,1.0,0.0,0.0
VOLATILITY_TRANSITION_CONTINUATION,realized_volatility_24h_decile,9,DIAGNOSTIC_ONLY,2,2,-0.8127860722772512,0.019077216084522067,-0.8318632883617733,-0.8509405044462952,0.0,0.5,0.5,0.0
VOLATILITY_TRANSITION_CONTINUATION,structural_risk_pct_decile,0,DIAGNOSTIC_ONLY,2,2,0.4037684052972208,0.09243413152765764,0.3113342737695632,0.21890014224190546,0.0,0.0,1.0,0.5
VOLATILITY_TRANSITION_CONTINUATION,structural_risk_pct_decile,1,DIAGNOSTIC_ONLY,1,1,-1.0138237472229121,0.08349353246112119,-1.0973172796840334,-1.1808108121451546,0.0,1.0,0.0,0.0
VOLATILITY_TRANSITION_CONTINUATION,structural_risk_pct_decile,2,DIAGNOSTIC_ONLY,1,1,-0.8417564208782131,0.06485302402651202,-0.9066094449047252,-0.9714624689312372,0.0,0.0,1.0,0.0
VOLATILITY_TRANSITION_CONTINUATION,structural_risk_pct_decile,3,DIAGNOSTIC_ONLY,1,1,-0.49767245027507245,0.0550876005078291,-0.5527600507829016,-0.6078476512907307,0.0,0.0,1.0,0.0
VOLATILITY_TRANSITION_CONTINUATION,structural_risk_pct_decile,4,DIAGNOSTIC_ONLY,1,1,-0.18145814581458375,0.04224144014401438,-0.22369958595859812,-0.2659410261026125,0.0,0.0,1.0,0.0
VOLATILITY_TRANSITION_CONTINUATION,structural_risk_pct_decile,5,DIAGNOSTIC_ONLY,1,1,1.337511084835941,0.03374368312148972,1.3037674017144514,1.2700237185929617,1.0,0.0,0.0,1.0
VOLATILITY_TRANSITION_CONTINUATION,structural_risk_pct_decile,6,DIAGNOSTIC_ONLY,1,1,-0.1509862352774197,0.032214899957428704,-0.1832011352348484,-0.2154160351922771,0.0,0.0,1.0,0.0
VOLATILITY_TRANSITION_CONTINUATION,structural_risk_pct_decile,7,DIAGNOSTIC_ONLY,1,1,-1.0,0.03253055975794249,-1.0325305597579424,-1.065061119515885,0.0,1.0,0.0,0.0
VOLATILITY_TRANSITION_CONTINUATION,structural_risk_pct_decile,8,DIAGNOSTIC_ONLY,1,1,-0.9911427441676556,0.02387977066034008,-1.0150225148279957,-1.0389022854883356,0.0,1.0,0.0,0.0
VOLATILITY_TRANSITION_CONTINUATION,structural_risk_pct_decile,9,DIAGNOSTIC_ONLY,2,2,-0.8144376111778018,0.017866527382172495,-0.8323041385599743,-0.8501706659421469,0.0,0.5,0.5,0.0
VOLATILITY_TRANSITION_CONTINUATION,signal_frequency_decile,CONSTANT,DIAGNOSTIC_ONLY,12,11,-0.3467222558800898,0.04905381903802816,-0.395776074918118,-0.4448298939561461,0.08333333333333333,0.3333333333333333,0.5833333333333334,0.16666666666666666
