day,symbol,kind,quantity,price
2020-04-30,BCHUSDT,ENTRY,0.289,258.18903
2020-04-30,BTCUSDT,ENTRY,0.025,8788.442024999998
2020-04-30,ETHUSDT,ENTRY,0.769,215.60774999999998
2020-05-05,BCHUSDT,ADJUST,-0.14200000000000002,245.71708
2020-05-05,XRPUSDT,ENTRY,784.3000000000001,0.218109
2020-05-06,ETHUSDT,ADJUST,-0.23900000000000002,205.25732000000002
2020-05-07,EOSUSDT,ENTRY,27.088316357833268,2.6543265
2020-05-07,XRPUSDT,ADJUST,-174.3,0.21159415
2020-05-08,LTCUSDT,ENTRY,2.5220000000000002,47.413695
2020-05-10,BCHUSDT,ADJUST,0.296,265.822845
2020-05-10,BTCUSDT,STOP,-0.025,8615.3611645
2020-05-10,ETHUSDT,STOP,-0.53,178.391455402125
2020-05-10,LTCUSDT,STOP,-2.5220000000000002,39.264358
2020-05-10,XRPUSDT,STOP,-610.0,0.18283853500000005
2020-05-11,BCHUSDT,TARGET_ZERO,-0.44299999999999995,232.63362500000002
2020-05-11,BTCUSDT,ENTRY,0.017,8727.591615
2020-05-11,EOSUSDT,TARGET_ZERO,-27.088316357833268,2.4417785000000003
2020-05-11,ETHUSDT,ENTRY,0.177,187.57374
2020-05-11,LTCUSDT,ENTRY,0.78,42.06102
2020-05-11,XRPUSDT,ENTRY,354.40000000000003,0.19699845
2020-05-12,XRPUSDT,ADJUST,-183.9,0.19240375
2020-05-14,TRXUSDT,ENTRY,2129.0,0.014997495
2020-05-15,ETCUSDT,ENTRY,4.22,6.2741355
2020-05-16,LINKUSDT,ENTRY,8.39,3.665832
2020-05-16,TRXUSDT,TARGET_ZERO,-2129.0,0.014892550000000001
2020-05-19,BTCUSDT,ADJUST,-0.006,9726.244445
2020-05-19,ETHUSDT,ADJUST,0.159,214.937415
2020-05-19,XLMUSDT,ENTRY,1362.0,0.07027512
2020-05-19,XRPUSDT,TARGET_ZERO,-170.50000000000003,0.20519735000000003
2020-05-21,LINKUSDT,ADJUST,38.15,4.088043
2020-05-21,XLMUSDT,ADJUST,605.0,0.071085525
2020-05-22,ETHUSDT,ADJUST,-0.152,198.590655
2020-05-22,XLMUSDT,ADJUST,-519.0,0.06648674
2020-05-25,LINKUSDT,ADJUST,-11.540000000000001,3.7921030000000004
2020-05-26,ETCUSDT,ADJUST,5.75,6.807402
2020-05-29,ETHUSDT,ADJUST,0.801,220.420155
2020-05-30,ADAUSDT,ENTRY,3221.0,0.064662315
2020-05-30,ETCUSDT,ADJUST,5.92,7.2266115
2020-05-30,LTCUSDT,TARGET_ZERO,-0.78,44.487745000000004
2020-05-31,BTCUSDT,TARGET_ZERO,-0.011000000000000001,9689.53281
2020-05-31,ETCUSDT,ADJUST,11.700000000000001,7.493745
2020-05-31,LINKUSDT,ADJUST,12.85,4.1850914999999995
2020-05-31,TRXUSDT,ENTRY,13058.0,0.016398194999999997
2020-05-31,XLMUSDT,ADJUST,1245.0,0.07263629999999999
2020-06-01,ADAUSDT,ADJUST,-689.0,0.07387304500000001
2020-06-02,BTCUSDT,ENTRY,0.023,10237.526205
2020-06-02,TRXUSDT,TARGET_ZERO,-13058.0,0.01709145
2020-06-03,ETHUSDT,ADJUST,-0.242,237.62113000000002
2020-06-04,ADAUSDT,ADJUST,-580.0,0.08556719500000001
2020-06-05,ETCUSDT,TARGET_ZERO,-27.59,6.908544
2020-06-05,XTZUSDT,ENTRY,52.800000000000004,3.0025004999999996
2020-06-07,LINKUSDT,TARGET_ZERO,-47.85,4.353822
2020-06-07,TRXUSDT,ENTRY,10047.0,0.017048519999999998
2020-06-08,XLMUSDT,ADJUST,-638.0,0.07882057
2020-06-08,XTZUSDT,TARGET_ZERO,-52.800000000000004,2.8875555
2020-06-08,ZECUSDT,ENTRY,3.1910000000000003,52.316145
2020-06-09,BNBUSDT,ENTRY,13.35,17.461726499999997
2020-06-09,ZECUSDT,TARGET_ZERO,-3.1910000000000003,52.543715000000006
2020-06-10,BNBUSDT,TARGET_ZERO,-13.35,17.373309000000003
2020-06-10,ONTUSDT,ENTRY,256.90000000000003,0.5994995999999999
2020-06-11,ADAUSDT,ADJUST,-428.0,0.083608175
2020-06-11,ONTUSDT,TARGET_ZERO,-256.90000000000003,0.6055970500000001
2020-06-11,XLMUSDT,TARGET_ZERO,-2055.0,0.07898049000000001
2020-06-11,XMRUSDT,ENTRY,3.9170000000000003,69.67482
2020-06-11,ZECUSDT,ENTRY,3.912,55.30764
2020-06-11,TRXUSDT,STOP,-10047.0,0.015044474000000004
2020-06-12,ATOMUSDT,ENTRY,53.78,2.7673829999999997
2020-06-12,BATUSDT,ENTRY,752.2,0.22241114999999997
2020-06-12,ETHUSDT,TARGET_ZERO,-0.743,230.36476
2020-06-12,XLMUSDT,ENTRY,1847.0,0.071185575
2020-06-12,XMRUSDT,TARGET_ZERO,-3.9170000000000003,63.648160000000004
2020-06-12,ZECUSDT,ADJUST,-1.033,49.625175
2020-06-13,ATOMUSDT,TARGET_ZERO,-53.78,2.8685650000000003
2020-06-13,VETUSDT,ENTRY,18425.0,0.0096998475
2020-06-15,ADAUSDT,STOP,-1524.0,0.069275345
2020-06-16,ADAUSDT,ENTRY,1285.0,0.07825910999999999
2020-06-16,BATUSDT,ADJUST,-198.10000000000002,0.22208890000000003
2020-06-19,BATUSDT,TARGET_ZERO,-554.1,0.21799095
2020-06-19,ETHUSDT,ENTRY,0.522,231.37562999999997
2020-06-19,TRXUSDT,ENTRY,6339.0,0.016007999999999998
2020-06-19,XLMUSDT,TARGET_ZERO,-1847.0,0.070574695
2020-06-20,ETHUSDT,TARGET_ZERO,-0.522,228.86551
2020-06-20,IOSTUSDT,ENTRY,28818.0,0.005874935999999999
2020-06-20,VETUSDT,ADJUST,-5087.0,0.0083768095
2020-06-22,ONTUSDT,ENTRY,259.2,0.58559265
2020-06-22,TRXUSDT,TARGET_ZERO,-6339.0,0.015822085
2020-06-23,ADAUSDT,ADJUST,730.0,0.08353174499999999
2020-06-23,BTCUSDT,ADJUST,0.009000000000000001,9691.833494999999
2020-06-23,ONTUSDT,ADJUST,103.10000000000001,0.6459227999999999
2020-06-23,VETUSDT,ADJUST,-2936.0,0.009267364000000002
2020-06-24,ADAUSDT,TARGET_ZERO,-2015.0,0.082688635
2020-06-24,BATUSDT,ENTRY,692.6,0.2575287
2020-06-24,IOSTUSDT,ADJUST,-6332.0,0.006538729
2020-06-24,LINKUSDT,ENTRY,59.160000000000004,4.807402499999999
2020-06-24,VETUSDT,TARGET_ZERO,-10402.0,0.00889555
2020-06-26,ADAUSDT,ENTRY,1853.0,0.08160077999999998
2020-06-26,BTCUSDT,TARGET_ZERO,-0.032,9242.126625
2020-06-26,ONTUSDT,ADJUST,-79.5,0.6306845000000001
2020-06-27,IOSTUSDT,STOP,-22486.0,0.0053367303
2020-06-28,VETUSDT,ENTRY,10680.0,0.008604299999999999
2020-06-30,LINKUSDT,ADJUST,-12.47,4.6166905
2020-07-01,ADAUSDT,ADJUST,680.0,0.082931445
2020-07-02,VETUSDT,ADJUST,3855.0,0.0094317135
2020-07-02,ONTUSDT,STOP,-282.8,0.53901036
2020-07-03,IOSTUSDT,ENTRY,13934.0,0.0054517244999999995
2020-07-04,BATUSDT,ADJUST,-150.5,0.24137925000000002
2020-07-04,VETUSDT,ADJUST,4961.0,0.010200097499999998
2020-07-06,IOSTUSDT,ADJUST,9638.0,0.006865431
2020-07-06,VETUSDT,ADJUST,-6827.0,0.014288852000000001
2020-07-08,ATOMUSDT,ENTRY,65.72,3.2526254999999997
2020-07-08,VETUSDT,ADJUST,-2718.0,0.017311339999999998
2020-07-08,ZECUSDT,TARGET_ZERO,-2.879,55.132419999999996
2020-07-09,ADAUSDT,ADJUST,-845.0,0.13001496
2020-07-09,ATOMUSDT,TARGET_ZERO,-65.72,3.5532225000000004
2020-07-09,BATUSDT,TARGET_ZERO,-542.1,0.2646676
2020-07-09,ONTUSDT,ENTRY,254.9,0.6535266
2020-07-09,XLMUSDT,ENTRY,2602.0,0.08545270499999999
2020-07-10,LINKUSDT,ADJUST,-13.200000000000001,6.086955000000001
2020-07-10,VETUSDT,ADJUST,-2895.0,0.0182498705
2020-07-10,VETUSDT,STOP,-7056.0,0.01580479365
2020-07-11,IOSTUSDT,TARGET_ZERO,-23572.0,0.006418789
2020-07-11,TRXUSDT,ENTRY,12507.0,0.01814907
2020-07-11,VETUSDT,ENTRY,6195.0,0.0171115515
2020-07-13,BNBUSDT,ENTRY,15.69,18.3221565
2020-07-13,TRXUSDT,TARGET_ZERO,-12507.0,0.018170910000000002
2020-07-13,XLMUSDT,ADJUST,-577.0,0.09548223500000001
2020-07-14,ADAUSDT,ADJUST,-410.0,0.12400796500000001
2020-07-14,LINKUSDT,ADJUST,-9.18,7.1534215
2020-07-15,ONTUSDT,ADJUST,-53.400000000000006,0.7612192000000001
2020-07-16,BNBUSDT,TARGET_ZERO,-15.69,17.6421745
2020-07-16,XTZUSDT,ENTRY,52.2,3.2226105
2020-07-17,ATOMUSDT,ENTRY,33.480000000000004,4.080039
2020-07-17,VETUSDT,TARGET_ZERO,-6195.0,0.0180379765
2020-07-17,XLMUSDT,ADJUST,-422.0,0.102138905
2020-07-18,ADAUSDT,ADJUST,-261.0,0.12205894000000002
2020-07-19,LINKUSDT,ADJUST,-4.9,7.964016
2020-07-21,ATOMUSDT,TARGET_ZERO,-33.480000000000004,3.8840570000000003
2020-07-21,BNBUSDT,ENTRY,11.950000000000001,17.490741
2020-07-22,BNBUSDT,TARGET_ZERO,-11.950000000000001,17.721135
2020-07-22,XTZUSDT,ADJUST,-12.200000000000001,3.0254865000000004
2020-07-22,ZECUSDT,ENTRY,3.404,62.561265
2020-07-23,ETHUSDT,ENTRY,1.298,264.43215
2020-07-23,LINKUSDT,ADJUST,-4.5,7.4752605
2020-07-23,XTZUSDT,TARGET_ZERO,-40.0,3.1094445000000004
2020-07-24,BNBUSDT,ENTRY,12.68,18.773381999999998
2020-07-24,ONTUSDT,TARGET_ZERO,-201.5,0.7239378500000001
2020-07-26,BNBUSDT,TARGET_ZERO,-12.68,19.830080000000002
2020-07-26,TRXUSDT,ENTRY,14059.0,0.018829409999999998
2020-07-27,BTCUSDT,ENTRY,0.05,9944.64984
2020-07-27,ETHUSDT,ADJUST,-0.278,311.20432000000005
2020-07-27,LINKUSDT,TARGET_ZERO,-14.910000000000004,7.4952505
2020-07-28,XLMUSDT,ADJUST,-499.0,0.09483256000000001
2020-07-30,BTCUSDT,ADJUST,-0.012,11107.453495000002
2020-07-30,QTUMUSDT,ENTRY,75.2,2.3541765
2020-07-30,XLMUSDT,TARGET_ZERO,-1104.0,0.095082435
2020-08-01,ETHUSDT,ADJUST,-0.23900000000000002,346.24679000000003
2020-08-01,QTUMUSDT,TARGET_ZERO,-75.2,2.4217885000000003
2020-08-01,XRPUSDT,ENTRY,1023.0,0.2597298
2020-08-01,XRPUSDT,STOP,-1023.0,0.22539994365000002
2020-08-02,BNBUSDT,ENTRY,11.76,21.651820499999996
2020-08-02,TRXUSDT,TARGET_ZERO,-14059.0,0.020499745000000003
2020-08-02,XLMUSDT,ENTRY,1554.0,0.10777385999999999
2020-08-02,XRPUSDT,ENTRY,765.7,0.2913456
2020-08-02,ZECUSDT,TARGET_ZERO,-3.404,89.90502500000001
2020-08-02,BNBUSDT,STOP,-11.76,18.64618726767681
2020-08-02,BTCUSDT,STOP,-0.038000000000000006,10733.988321
2020-08-02,ETHUSDT,STOP,-0.781,335.77203000000003
2020-08-02,XRPUSDT,STOP,-765.7,0.24516493870875
2020-08-03,ADAUSDT,TARGET_ZERO,-1017.0,0.13387303
2020-08-03,BNBUSDT,ENTRY,10.31,20.9714805
2020-08-03,BTCUSDT,ENTRY,0.026000000000000002,11086.24035
2020-08-03,ETHUSDT,ENTRY,0.513,373.04643
2020-08-03,XRPUSDT,ENTRY,614.9000000000001,0.28864424999999994
2020-08-03,ZECUSDT,ENTRY,2.15,84.52224
2020-08-04,LINKUSDT,ENTRY,14.74,9.238617
2020-08-04,ZECUSDT,TARGET_ZERO,-2.15,82.39878
2020-08-05,BNBUSDT,TARGET_ZERO,-10.31,22.312838000000003
2020-08-05,XTZUSDT,ENTRY,41.300000000000004,3.2526254999999997
2020-08-08,XRPUSDT,ADJUST,-124.7,0.29455265
2020-08-09,ADAUSDT,ENTRY,1040.0,0.147483705
2020-08-09,LINKUSDT,ADJUST,-3.3200000000000003,12.710641500000001
2020-08-09,XLMUSDT,TARGET_ZERO,-1554.0,0.103378285
2020-08-10,ETHUSDT,ADJUST,-0.109,390.34473
2020-08-10,XLMUSDT,ENTRY,1583.0,0.105302625
2020-08-10,XRPUSDT,TARGET_ZERO,-490.2000000000001,0.2882558
2020-08-11,BTCUSDT,ADJUST,-0.005,11890.911570000002
2020-08-12,ADAUSDT,TARGET_ZERO,-1040.0,0.13695149
2020-08-12,ATOMUSDT,ENTRY,28.73,4.92246
2020-08-12,BTCUSDT,TARGET_ZERO,-0.021,11386.94368
2020-08-12,ETHUSDT,TARGET_ZERO,-0.404,379.15033
2020-08-12,ONTUSDT,ENTRY,207.8,0.7596796499999999
2020-08-12,TRXUSDT,ENTRY,8655.0,0.020140065
2020-08-12,VETUSDT,ENTRY,6364.0,0.019983986999999998
2020-08-12,XLMUSDT,TARGET_ZERO,-1583.0,0.100159895
2020-08-12,XTZUSDT,ADJUST,-9.200000000000001,4.0209885
2020-08-13,LINKUSDT,ADJUST,-2.91,16.459766000000002
2020-08-14,ETHUSDT,ENTRY,0.376,425.48263499999996
2020-08-14,VETUSDT,TARGET_ZERO,-6364.0,0.0196411745
2020-08-15,ATOMUSDT,ADJUST,-6.46,6.1079445
2020-08-16,EOSUSDT,ENTRY,40.83469932955243,3.729864
2020-08-16,ONTUSDT,TARGET_ZERO,-207.8,0.831584
2020-08-16,TRXUSDT,ADJUST,-1753.0,0.025257365000000004
2020-08-17,ATOMUSDT,TARGET_ZERO,-22.27,6.2458755
2020-08-17,BTCUSDT,ENTRY,0.021,11927.280659999999
2020-08-17,LTCUSDT,ENTRY,2.461,64.05201
2020-08-17,TRXUSDT,TARGET_ZERO,-6902.0,0.02826586
2020-08-18,LINKUSDT,ADJUST,-2.2,16.803594
2020-08-18,XRPUSDT,ENTRY,416.5,0.31605795
2020-08-18,XTZUSDT,TARGET_ZERO,-32.1,4.0429775
2020-08-19,BNBUSDT,ENTRY,8.31,23.027507999999997
2020-08-19,ETHUSDT,TARGET_ZERO,-0.376,422.118835
2020-08-19,LINKUSDT,TARGET_ZERO,-6.31,16.193899000000002
2020-08-19,XLMUSDT,ENTRY,1382.0,0.10831413
2020-08-20,BNBUSDT,TARGET_ZERO,-8.31,22.3818035
2020-08-20,IOSTUSDT,ENTRY,20731.0,0.0068484225
2020-08-20,NEOUSDT,ENTRY,9.36,15.863928
2020-08-20,TRXUSDT,ENTRY,5131.0,0.026533259999999996
2020-08-20,XLMUSDT,TARGET_ZERO,-1382.0,0.102198875
2020-08-20,XRPUSDT,TARGET_ZERO,-416.5,0.28975505
2020-08-21,ATOMUSDT,ENTRY,18.830000000000002,6.3051509999999995
2020-08-21,BTCUSDT,TARGET_ZERO,-0.021,11852.600735000002
2020-08-21,IOSTUSDT,TARGET_ZERO,-20731.0,0.0075572195
2020-08-21,XMRUSDT,ENTRY,1.873,101.90092499999999
2020-08-22,ATOMUSDT,TARGET_ZERO,-18.830000000000002,5.6091940000000005
2020-08-22,BTCUSDT,ENTRY,0.02,11544.299265
2020-08-22,EOSUSDT,TARGET_ZERO,-40.83469932955243,3.254372
2020-08-22,ETHUSDT,ENTRY,0.35000000000000003,388.46413499999994
2020-08-22,IOSTUSDT,ENTRY,19498.0,0.0072866415
2020-08-22,LINKUSDT,ENTRY,5.84,13.859926499999998
2020-08-22,LTCUSDT,TARGET_ZERO,-2.461,59.220375000000004
2020-08-22,TRXUSDT,TARGET_ZERO,-5131.0,0.024267860000000002
2020-08-23,ATOMUSDT,ENTRY,17.92,6.4152059999999995
2020-08-23,ETHUSDT,TARGET_ZERO,-0.35000000000000003,395.24228
2020-08-23,LINKUSDT,TARGET_ZERO,-5.84,15.809091500000001
2020-08-23,ONTUSDT,ENTRY,145.0,0.9188592
2020-08-26,BTCUSDT,TARGET_ZERO,-0.02,11321.51641
2020-08-26,ETHUSDT,ENTRY,0.37,383.261535
2020-08-26,LINKUSDT,ENTRY,6.05,14.131062
2020-08-26,XMRUSDT,TARGET_ZERO,-1.873,88.51572
2020-08-27,IOSTUSDT,TARGET_ZERO,-19498.0,0.006822587
2020-08-27,QTUMUSDT,ENTRY,23.700000000000003,3.7908945
2020-08-29,ATOMUSDT,ADJUST,-3.64,7.570213
2020-08-30,NEOUSDT,ADJUST,-2.44,21.115437000000004
2020-08-31,BNBUSDT,ENTRY,9.65,23.652820499999997
2020-08-31,LTCUSDT,ENTRY,2.329,63.031499999999994
2020-08-31,ONTUSDT,TARGET_ZERO,-145.0,0.8912541500000001
2020-08-31,QTUMUSDT,TARGET_ZERO,-23.700000000000003,3.4512735
2020-09-01,ATOMUSDT,TARGET_ZERO,-14.280000000000001,7.204396000000001
2020-09-01,TRXUSDT,ENTRY,3823.0,0.029244614999999998
2020-09-03,BNBUSDT,STOP,-9.65,20.773458074999997
2020-09-03,ETHUSDT,STOP,-0.37,394.4876575
2020-09-03,LTCUSDT,STOP,-2.329,49.214380500000004
2020-09-04,ATOMUSDT,ENTRY,11.46,4.905451499999999
2020-09-04,BTCUSDT,ENTRY,0.011,10146.4707
2020-09-04,ETHUSDT,ENTRY,0.249,381.71075999999994
2020-09-05,LINKUSDT,STOP,-6.05,9.8938506
2020-09-05,TRXUSDT,STOP,-3823.0,0.027935525250000006
2020-09-06,ETHUSDT,ADJUST,-0.105,334.68257500000004
2020-09-06,LINKUSDT,ENTRY,5.2700000000000005,10.6053
2020-09-06,NEOUSDT,ADJUST,-1.42,16.943524000000004
2020-09-06,TRXUSDT,ENTRY,4366.0,0.029904945
2020-09-11,ETHUSDT,TARGET_ZERO,-0.14400000000000002,367.50615500000004
2020-09-11,IOSTUSDT,ENTRY,22648.0,0.007727861999999999
2020-09-12,BNBUSDT,ENTRY,6.78,25.3596735
2020-09-12,BTCUSDT,TARGET_ZERO,-0.011,10382.616095
2020-09-12,TRXUSDT,ADJUST,-939.0,0.03342328
2020-09-13,ATOMUSDT,ADJUST,-3.17,5.6061955
2020-09-13,IOSTUSDT,ADJUST,-5220.0,0.0083688135
2020-09-13,LINKUSDT,ADJUST,-1.62,12.715639
2020-09-15,ATOMUSDT,TARGET_ZERO,-8.290000000000001,5.383307
2020-09-15,BTCUSDT,ENTRY,0.013000000000000001,10669.43205
2020-09-16,TRXUSDT,ADJUST,-920.0,0.027796095000000003
2020-09-18,BNBUSDT,ADJUST,-1.8900000000000001,26.974506
2020-09-18,ETHUSDT,ENTRY,0.192,389.424615
2020-09-18,LINKUSDT,TARGET_ZERO,-3.6500000000000004,11.010492000000001
2020-09-21,BNBUSDT,STOP,-4.890000000000001,23.546970625
2020-09-21,IOSTUSDT,STOP,-17428.0,0.005884006525000002
2020-09-22,BNBUSDT,ENTRY,4.0200000000000005,23.13156
2020-09-22,IOSTUSDT,ENTRY,17205.0,0.0054097035
2020-09-24,ETHUSDT,TARGET_ZERO,-0.192,320.47968000000003
2020-09-24,THETAUSDT,ENTRY,220.0,0.55397685
2020-09-25,IOSTUSDT,ADJUST,-4315.0,0.0057881045
2020-09-28,BTCUSDT,TARGET_ZERO,-0.013000000000000001,10762.616
2020-09-28,XMRUSDT,ENTRY,2.301,97.16856
2020-09-29,TRXUSDT,ADJUST,940.0,0.026243114999999997
2020-10-01,NEOUSDT,ADJUST,-1.61,19.0634635
2020-10-02,NEOUSDT,STOP,-3.8899999999999997,18.015037975000002
2020-10-03,NEOUSDT,ENTRY,3.1,18.079034999999998
2020-10-04,IOSTUSDT,ADJUST,5835.0,0.0053586779999999995
2020-10-05,BNBUSDT,ADJUST,1.6,28.987486499999996
2020-10-07,NEOUSDT,TARGET_ZERO,-3.1,16.547722
2020-10-07,THETAUSDT,ADJUST,-80.10000000000001,0.6846575000000001
2020-10-07,ZECUSDT,ENTRY,1.76,61.520745
2020-10-08,BTCUSDT,ENTRY,0.016,10664.079375
2020-10-08,IOSTUSDT,TARGET_ZERO,-18725.0,0.0053663155
2020-10-08,TRXUSDT,ADJUST,1202.0,0.025502744999999997
2020-10-09,BTCUSDT,ADJUST,0.008,10924.909725
2020-10-09,XRPUSDT,ENTRY,686.7,0.2515257
2020-10-09,ZECUSDT,TARGET_ZERO,-1.76,61.959005000000005
2020-10-10,BCHUSDT,ENTRY,0.664,237.468675
2020-10-10,TRXUSDT,TARGET_ZERO,-4649.0,0.02624687
2020-10-10,XRPUSDT,ADJUST,233.70000000000002,0.2531265
2020-10-11,BTCUSDT,ADJUST,0.016,11300.42739
2020-10-12,ATOMUSDT,ENTRY,19.93,6.0780375
2020-10-12,BCHUSDT,TARGET_ZERO,-0.664,238.93047500000003
2020-10-13,BNBUSDT,ADJUST,2.79,30.65532
2020-10-15,ETHUSDT,ENTRY,0.47300000000000003,378.939375
2020-10-15,XRPUSDT,TARGET_ZERO,-920.4000000000001,0.24907540000000003
2020-10-17,ATOMUSDT,TARGET_ZERO,-19.93,5.4002985
2020-10-17,BCHUSDT,ENTRY,0.656,250.60523999999998
2020-10-17,ETHUSDT,TARGET_ZERO,-0.47300000000000003,365.23729000000003
2020-10-17,TRXUSDT,ENTRY,5985.0,0.025702845
2020-10-17,XMRUSDT,ADJUST,-0.6,120.25984
2020-10-18,ATOMUSDT,ENTRY,15.450000000000001,5.464731
2020-10-18,THETAUSDT,TARGET_ZERO,-139.89999999999998,0.62338815
2020-10-19,BNBUSDT,ADJUST,2.88,30.6153
2020-10-20,ATOMUSDT,TARGET_ZERO,-15.450000000000001,5.5012479999999995
2020-10-20,XLMUSDT,ENTRY,2684.0,0.085232595
2020-10-21,BCHUSDT,TARGET_ZERO,-0.656,240.79954
2020-10-21,ETHUSDT,ENTRY,0.33,368.92437
2020-10-22,BNBUSDT,ADJUST,-2.27,29.717134
2020-10-22,ETHUSDT,ADJUST,0.353,391.145475
2020-10-22,LTCUSDT,ENTRY,4.329,53.06652
2020-10-22,TRXUSDT,TARGET_ZERO,-5985.0,0.026686650000000003
2020-10-23,XLMUSDT,TARGET_ZERO,-2684.0,0.08545725000000001
2020-10-23,XRPUSDT,ENTRY,852.1,0.25732859999999996
2020-10-27,LINKUSDT,ENTRY,9.09,11.7068505
2020-10-27,XRPUSDT,TARGET_ZERO,-852.1,0.24797595
2020-10-28,LTCUSDT,ADJUST,-0.874,57.92102500000001
2020-10-29,BCHUSDT,ENTRY,0.635,268.45416
2020-10-29,ETHUSDT,ADJUST,-0.221,387.97591500000004
2020-10-29,LINKUSDT,TARGET_ZERO,-9.09,11.4272835
2020-10-31,BNBUSDT,ADJUST,-2.37,28.495745000000003
2020-11-03,BCHUSDT,TARGET_ZERO,-0.635,257.22132500000004
2020-11-03,LINKUSDT,ENTRY,6.05,10.7843895
2020-11-03,LTCUSDT,ADJUST,-1.188,53.79309000000001
2020-11-03,BNBUSDT,STOP,-6.6499999999999995,27.36261185
2020-11-03,LTCUSDT,STOP,-2.2669999999999995,51.02697375
2020-11-04,BCHUSDT,ENTRY,0.337,244.111995
2020-11-04,LTCUSDT,ENTRY,2.216,53.996984999999995
2020-11-05,BCHUSDT,TARGET_ZERO,-0.337,240.66960500000002
2020-11-05,BNBUSDT,ENTRY,3.65,26.975481
2020-11-05,BTCUSDT,ADJUST,-0.008,14127.252840000001
2020-11-05,XMRUSDT,ADJUST,-0.746,115.632155
2020-11-06,ETHUSDT,ADJUST,0.163,417.33856499999996
2020-11-07,BNBUSDT,TARGET_ZERO,-3.65,29.039473
2020-11-07,BTCUSDT,ADJUST,-0.007,15583.154525000002
2020-11-07,LTCUSDT,ADJUST,1.597,63.341654999999996
2020-11-07,XRPUSDT,ENTRY,913.7,0.2589294
2020-11-07,XMRUSDT,STOP,-0.9550000000000001,109.38478025
2020-11-08,XMRUSDT,ENTRY,0.8270000000000001,111.11552999999999
2020-11-09,LINKUSDT,ADJUST,4.16,12.716355
2020-11-10,BTCUSDT,ADJUST,-0.005,15321.05564
2020-11-11,LTCUSDT,ADJUST,-1.041,57.971000000000004
2020-11-18,ETCUSDT,ENTRY,32.160000000000004,5.780888999999999
2020-11-18,XMRUSDT,TARGET_ZERO,-0.8270000000000001,125.33730000000001
2020-11-19,BTCUSDT,ADJUST,-0.004,17779.42584
2020-11-21,ADAUSDT,ENTRY,1249.0,0.11858926499999999
2020-11-21,ETCUSDT,TARGET_ZERO,-32.160000000000004,6.0679645
2020-11-21,ETHUSDT,ADJUST,-0.149,510.17478500000004
2020-11-22,ADAUSDT,TARGET_ZERO,-1249.0,0.1335332
2020-11-22,TRXUSDT,ENTRY,8412.0,0.03065532
2020-11-22,XRPUSDT,ADJUST,-347.8,0.46356810000000004
2020-11-23,ADAUSDT,ENTRY,1179.0,0.14632312499999997
2020-11-23,LTCUSDT,ADJUST,-0.662,82.89853000000001
2020-11-23,TRXUSDT,TARGET_ZERO,-8412.0,0.028745620000000003
2020-11-24,BCHUSDT,ENTRY,0.601,323.911875
2020-11-24,ETHUSDT,ADJUST,-0.106,608.8154400000001
2020-11-24,LINKUSDT,TARGET_ZERO,-10.21,15.270361000000001
2020-11-24,XRPUSDT,ADJUST,-216.60000000000002,0.6151922500000001
2020-11-25,ADAUSDT,TARGET_ZERO,-1179.0,0.16749621
2020-11-25,BNBUSDT,ENTRY,8.2,33.943963499999995
2020-11-25,XRPUSDT,ADJUST,-77.5,0.6950523000000001
2020-11-26,ADAUSDT,ENTRY,988.0,0.155107515
2020-11-26,LTCUSDT,TARGET_ZERO,-2.1100000000000003,81.80907499999999
2020-11-26,ADAUSDT,STOP,-988.0,0.11737597239681194
2020-11-26,BCHUSDT,STOP,-0.601,280.95195375000003
2020-11-26,BNBUSDT,STOP,-8.2,29.345062242729625
2020-11-26,BTCUSDT,STOP,-0.016,16295.641603250002
2020-11-26,ETHUSDT,STOP,-0.3700000000000001,507.70152225000004
2020-11-26,XRPUSDT,STOP,-271.80000000000007,0.5565515850000001
2020-11-27,ADAUSDT,ENTRY,958.0,0.13884939
2020-11-27,BCHUSDT,ENTRY,0.40900000000000003,271.785825
2020-11-27,BNBUSDT,ENTRY,6.11,28.2771315
2020-11-27,BTCUSDT,ENTRY,0.011,17163.947685
2020-11-27,ETHUSDT,ENTRY,0.306,520.4601
2020-11-27,XRPUSDT,ENTRY,218.9,0.5372685
2020-11-28,BTCUSDT,TARGET_ZERO,-0.011,17135.537945
2020-11-28,TRXUSDT,ENTRY,4801.0,0.029404694999999998
2020-12-01,BTCUSDT,ENTRY,0.012,19731.951044999998
2020-12-01,TRXUSDT,TARGET_ZERO,-4801.0,0.03240379
2020-12-01,XRPUSDT,ADJUST,-46.400000000000006,0.6644675999999999
2020-12-02,ADAUSDT,ADJUST,-228.0,0.15556218000000002
2020-12-04,BNBUSDT,TARGET_ZERO,-6.11,30.70464
2020-12-04,XLMUSDT,ENTRY,564.0,0.18442216499999997
2020-12-05,BNBUSDT,ENTRY,5.65,29.054519999999997
2020-12-05,XLMUSDT,TARGET_ZERO,-564.0,0.16141925000000001
2020-12-08,BNBUSDT,TARGET_ZERO,-5.65,29.369308
2020-12-08,XMRUSDT,ENTRY,1.333,138.80937
2020-12-09,ADAUSDT,TARGET_ZERO,-730.0,0.14106943
2020-12-09,BCHUSDT,TARGET_ZERO,-0.40900000000000003,267.74606
2020-12-09,LTCUSDT,ENTRY,1.072,76.79838
2020-12-09,VETUSDT,ENTRY,5610.0,0.016389190499999998
2020-12-10,WAVESUSDT,ENTRY,11.600000000000001,8.547171449999999
2020-12-10,XMRUSDT,TARGET_ZERO,-1.333,132.38377499999999
2020-12-11,BCHUSDT,ENTRY,0.34700000000000003,266.102985
2020-12-11,VETUSDT,TARGET_ZERO,-5610.0,0.0159410255
2020-12-12,ADAUSDT,ENTRY,636.0,0.13942968
2020-12-12,BCHUSDT,TARGET_ZERO,-0.34700000000000003,259.360255
2020-12-12,COMPUSDT,ENTRY,0.713,142.721325
2020-12-12,XRPUSDT,TARGET_ZERO,-172.5,0.51244365
2020-12-14,COMPUSDT,TARGET_ZERO,-0.713,147.096415
2020-12-14,XMRUSDT,ENTRY,1.499,152.10601499999999
2020-12-17,LTCUSDT,ADJUST,0.63,93.076515
2020-12-17,WAVESUSDT,TARGET_ZERO,-11.600000000000001,8.356919450000001
2020-12-17,XLMUSDT,ENTRY,449.0,0.19336663499999998
2020-12-19,VETUSDT,ENTRY,6895.0,0.017460726
2020-12-19,XLMUSDT,TARGET_ZERO,-449.0,0.18544723000000002
2020-12-20,BCHUSDT,ENTRY,0.522,318.41913
2020-12-20,VETUSDT,TARGET_ZERO,-6895.0,0.017385303
2020-12-21,ADAUSDT,TARGET_ZERO,-636.0,0.16196897500000002
2020-12-21,BNBUSDT,ENTRY,7.62,34.314148499999995
2020-12-21,LTCUSDT,ADJUST,-0.361,114.612665
2020-12-23,XMRUSDT,TARGET_ZERO,-1.499,156.32180000000002
2020-12-23,ZILUSDT,ENTRY,2500.0,0.051325649999999994
2020-12-23,BCHUSDT,STOP,-0.522,282.67908975000006
2020-12-24,ETHUSDT,ADJUST,-0.062,585.197255
2020-12-24,XMRUSDT,ENTRY,1.226,150.885405
2020-12-25,LTCUSDT,ADJUST,-0.28200000000000003,111.18438
2020-12-25,THETAUSDT,ENTRY,144.0,1.18689315
2020-12-25,XMRUSDT,TARGET_ZERO,-1.226,156.64164
2020-12-27,THETAUSDT,ADJUST,-31.400000000000002,1.6623684
2020-12-27,ZILUSDT,ADJUST,-725.0,0.08646674500000001
2020-12-27,THETAUSDT,STOP,-112.6,1.30996469
2020-12-28,BNBUSDT,ADJUST,-1.8,33.663160000000005
2020-12-28,BTCUSDT,ADJUST,-0.002,26288.60912
2020-12-28,THETAUSDT,ENTRY,92.5,1.34877405
2020-12-29,ADAUSDT,ENTRY,812.0,0.17664828
2020-12-29,BCHUSDT,ENTRY,0.40900000000000003,361.34058
2020-12-29,THETAUSDT,TARGET_ZERO,-92.5,1.5531230500000002
2020-12-29,ZILUSDT,TARGET_ZERO,-1775.0,0.08905545000000001
2021-01-01,LTCUSDT,TARGET_ZERO,-1.059,124.307815
2021-01-01,ZILUSDT,ENTRY,1179.0,0.082571265
2021-01-03,BTCUSDT,ADJUST,-0.002,32182.310795
2021-01-03,LTCUSDT,ENTRY,0.904,137.158545
2021-01-03,ZILUSDT,TARGET_ZERO,-1179.0,0.07223386500000001
2021-01-05,ADAUSDT,ADJUST,-184.0,0.22512738000000002
2021-01-05,BCHUSDT,ADJUST,-0.099,405.567115
2021-01-05,BNBUSDT,ADJUST,-1.4000000000000001,41.105437
2021-01-05,ETHUSDT,ADJUST,-0.069,1042.59844
2021-01-06,BTCUSDT,ADJUST,-0.002,33982.510245000005
2021-01-07,ADAUSDT,ADJUST,-131.0,0.333003415
2021-01-07,BNBUSDT,TARGET_ZERO,-4.42,42.264857000000006
2021-01-07,LINKUSDT,ENTRY,7.51,17.3036475
2021-01-09,ETHUSDT,ADJUST,-0.043000000000000003,1217.940725
2021-01-10,ADAUSDT,TARGET_ZERO,-497.0,0.3310344
2021-01-10,BNBUSDT,ENTRY,4.2700000000000005,43.9329555
2021-01-11,LTCUSDT,ADJUST,-0.187,170.22484500000002
2021-01-11,BCHUSDT,STOP,-0.31000000000000005,443.8604587500001
2021-01-11,BTCUSDT,STOP,-0.006,32721.426102500005
2021-01-11,ETHUSDT,STOP,-0.13199999999999998,967.1446857500001
2021-01-11,LTCUSDT,STOP,-0.7170000000000001,123.762088
2021-01-12,BCHUSDT,ENTRY,0.225,476.928345
2021-01-12,BNBUSDT,TARGET_ZERO,-4.2700000000000005,38.094943
2021-01-12,BTCUSDT,ENTRY,0.003,35424.623459999995
2021-01-12,ETCUSDT,ENTRY,16.28,7.229613
2021-01-12,ETHUSDT,ENTRY,0.094,1087.38342
2021-01-12,LINKUSDT,TARGET_ZERO,-7.51,14.6476725
2021-01-12,LTCUSDT,ENTRY,0.639,139.139535
2021-01-12,XMRUSDT,ENTRY,0.8150000000000001,158.02897499999997
2021-01-13,BNBUSDT,ENTRY,3.75,38.293137
2021-01-13,LINKUSDT,ENTRY,6.5200000000000005,13.984988999999999
2021-01-13,LTCUSDT,TARGET_ZERO,-0.639,133.48322500000003
2021-01-13,XMRUSDT,TARGET_ZERO,-0.8150000000000001,159.170375
2021-01-14,BNBUSDT,TARGET_ZERO,-3.75,40.187896
2021-01-14,SNXUSDT,ENTRY,7.0,15.563777999999997
2021-01-17,ADAUSDT,ENTRY,287.0,0.35145563999999996
2021-01-17,ETHUSDT,TARGET_ZERO,-0.094,1229.70484
2021-01-18,BNBUSDT,ENTRY,3.6,45.88393049999999
2021-01-18,BTCUSDT,TARGET_ZERO,-0.003,35857.78214
2021-01-18,LINKUSDT,ADJUST,-1.41,23.267360500000002
2021-01-19,SNXUSDT,TARGET_ZERO,-7.0,15.606193000000001
2021-01-19,VETUSDT,ENTRY,3139.0,0.030954469499999998
2021-01-20,ETHUSDT,ENTRY,0.08,1368.06369
2021-01-20,VETUSDT,TARGET_ZERO,-3139.0,0.029083451
2021-01-21,DOTUSDT,ENTRY,5.9,18.031010999999996
2021-01-21,ETCUSDT,TARGET_ZERO,-16.28,7.9050455
2021-01-22,BCHUSDT,TARGET_ZERO,-0.225,418.45067000000006
2021-01-22,VETUSDT,ENTRY,3898.0,0.027984985499999997
2021-01-28,DOTUSDT,TARGET_ZERO,-5.9,15.440276
2021-01-28,SUSHIUSDT,ENTRY,13.0,7.08063855
2021-01-28,UNIUSDT,ENTRY,7.0,14.746569599999999
2021-01-28,VETUSDT,TARGET_ZERO,-3898.0,0.026401792500000004
2021-01-29,LINKUSDT,ADJUST,-1.02,23.0194845
2021-01-30,SUSHIUSDT,ADJUST,-2.0,8.981507
2021-01-31,UNIUSDT,TARGET_ZERO,-7.0,19.566411900000002
2021-01-31,XLMUSDT,ENTRY,280.0,0.32908445999999997
2021-02-02,SUSHIUSDT,ADJUST,-2.0,13.0264835
2021-02-03,MKRUSDT,ENTRY,0.069,1706.0626049999998
2021-02-03,XLMUSDT,TARGET_ZERO,-280.0,0.33973005
2021-02-04,BNBUSDT,TARGET_ZERO,-3.6,52.0689525
2021-02-04,DOTUSDT,ENTRY,5.300000000000001,20.8894395
2021-02-04,MKRUSDT,TARGET_ZERO,-0.069,1764.867125
2021-02-04,XLMUSDT,ENTRY,308.0,0.347983905
2021-02-07,SUSHIUSDT,ADJUST,-1.0,13.81199055
2021-02-08,ADAUSDT,ADJUST,-66.0,0.6605495600000001
2021-02-09,BTCUSDT,ENTRY,0.003,46474.545659999996
2021-02-09,SUSHIUSDT,TARGET_ZERO,-8.0,14.153219850000001
2021-02-10,LTCUSDT,ENTRY,0.907,182.19105
2021-02-10,XLMUSDT,TARGET_ZERO,-308.0,0.401109345
2021-02-13,ADAUSDT,ADJUST,-49.0,0.92415769
2021-02-15,ADAUSDT,STOP,-172.0,0.7253591389999999
2021-02-16,ADAUSDT,ENTRY,134.0,0.86099028
2021-02-16,LTCUSDT,ADJUST,-0.197,208.11589
2021-02-19,BTCUSDT,ADJUST,0.001,51638.266229999994
2021-02-21,DOTUSDT,ADJUST,-1.4000000000000001,38.956512000000004
2021-02-22,LINKUSDT,STOP,-4.09,25.559563825
2021-02-22,LTCUSDT,STOP,-0.71,177.57766675000002
2021-02-23,ADAUSDT,ADJUST,-31.0,1.09677134
2021-02-23,BNBUSDT,ENTRY,0.37,267.577722
2021-02-23,ETHUSDT,TARGET_ZERO,-0.08,1777.3308900000002
2021-02-23,SUSHIUSDT,ENTRY,6.0,16.61640405
2021-02-23,UNIUSDT,ENTRY,3.0,27.72835725
2021-02-23,BTCUSDT,STOP,-0.004,47158.09065925
2021-02-23,DOTUSDT,STOP,-3.9000000000000004,29.037374049999993
2021-02-24,BTCUSDT,ENTRY,0.002,48954.475005
2021-02-24,DOTUSDT,ENTRY,3.1,34.571277
2021-02-24,UNIUSDT,ADJUST,1.0,24.85512135
2021-02-26,SUSHIUSDT,TARGET_ZERO,-6.0,14.35331975
2021-02-26,SXPUSDT,ENTRY,42.28275244317721,2.27723805
2021-02-27,BTCUSDT,TARGET_ZERO,-0.002,46289.96344000001
2021-02-27,TRXUSDT,ENTRY,1880.0,0.045152565
2021-03-01,BNBUSDT,ADJUST,0.12,210.301098
2021-03-01,BTCUSDT,ENTRY,0.002,45185.22132
2021-03-01,SXPUSDT,TARGET_ZERO,-42.28275244317721,1.9928031000000002
2021-03-02,BNBUSDT,ADJUST,-0.11,254.9414655
2021-03-02,BTCUSDT,TARGET_ZERO,-0.002,49570.192505
2021-03-02,SUSHIUSDT,ENTRY,5.0,18.87653355
2021-03-04,ADAUSDT,ADJUST,-21.0,1.213502945
2021-03-06,SUSHIUSDT,ADJUST,1.0,16.6211064
2021-03-09,DOGEUSDT,ENTRY,1751.0,0.06307252049999999
2021-03-09,TRXUSDT,TARGET_ZERO,-1880.0,0.053053460000000004
2021-03-12,BTCUSDT,ENTRY,0.003,57871.56131999999
2021-03-12,DOGEUSDT,TARGET_ZERO,-1751.0,0.0560229745
2021-03-13,ADAUSDT,TARGET_ZERO,-82.0,1.033193145
2021-03-13,DOGEUSDT,ENTRY,1868.0,0.0553906815
2021-03-14,SUSHIUSDT,ADJUST,-1.0,22.807990300000004
2021-03-17,DOGEUSDT,ADJUST,769.0,0.05879538299999999
2021-03-18,ADAUSDT,ENTRY,100.0,1.38099015
2021-03-18,DOGEUSDT,TARGET_ZERO,-2637.0,0.057973998500000005
2021-03-18,TRXUSDT,ENTRY,4221.0,0.05484741
2021-03-18,UNIUSDT,TARGET_ZERO,-4.0,31.327028650000003
2021-03-19,ENJUSDT,ENTRY,41.0,2.655597135
2021-03-19,SUSHIUSDT,TARGET_ZERO,-5.0,19.726231950000003
2021-03-19,TRXUSDT,TARGET_ZERO,-4221.0,0.053253360000000007
2021-03-19,UNIUSDT,ENTRY,4.0,30.027906449999996
2021-03-20,DOTUSDT,TARGET_ZERO,-3.1,38.22088
2021-03-20,SXPUSDT,ENTRY,30.650468235241696,3.9844912499999996
2021-03-21,DOTUSDT,ENTRY,3.9000000000000004,37.290636
2021-03-21,ENJUSDT,TARGET_ZERO,-41.0,2.2036976000000004
2021-03-23,BTCUSDT,TARGET_ZERO,-0.003,54102.49522
2021-03-23,VETUSDT,ENTRY,1513.0,0.0883871715
2021-03-24,BNBUSDT,ADJUST,0.14,255.73280249999996
2021-03-24,DOTUSDT,TARGET_ZERO,-3.9000000000000004,34.214884
2021-03-24,ENJUSDT,ENTRY,45.0,2.053896435
2021-03-24,SXPUSDT,STOP,-30.650468235241696,2.6219559966989414
2021-03-25,BTCUSDT,ENTRY,0.002,52334.043945
2021-03-26,BNBUSDT,ADJUST,-0.13,233.7320755
2021-03-26,THETAUSDT,ENTRY,11.4,13.11305325
2021-03-26,UNIUSDT,TARGET_ZERO,-4.0,26.50674
2021-03-28,BNBUSDT,TARGET_ZERO,-0.39,269.47019750000004
2021-03-28,FILUSDT,ENTRY,1.4000000000000001,132.44118749999998
2021-03-30,BNBUSDT,ENTRY,0.46,275.55871049999996
2021-03-30,BTCUSDT,TARGET_ZERO,-0.002,57647.30193
2021-03-30,THETAUSDT,ADJUST,-2.2,13.1586174
2021-03-31,EOSUSDT,ENTRY,34.26053139515063,4.347172499999999
2021-03-31,FILUSDT,ADJUST,-0.30000000000000004,149.78906800000001
2021-03-31,VETUSDT,TARGET_ZERO,-1513.0,0.08947923800000002
2021-04-02,ETHUSDT,ENTRY,0.117,1970.7348749999999
2021-04-02,FILUSDT,ADJUST,-0.30000000000000004,185.4542265
2021-04-02,THETAUSDT,TARGET_ZERO,-9.2,11.5286328
2021-04-03,ADAUSDT,TARGET_ZERO,-100.0,1.19232354
2021-04-03,DOTUSDT,ENTRY,4.0,41.1555675
2021-04-04,ENJUSDT,TARGET_ZERO,-45.0,2.3137025700000002
2021-04-04,EOSUSDT,ADJUST,-7.199580893881713,5.4142915
2021-04-04,FILUSDT,ADJUST,-0.1,178.138886
2021-04-04,TRXUSDT,ENTRY,1641.0,0.10175084999999999
2021-04-05,SXPUSDT,ENTRY,26.234133084889542,4.47093435
2021-04-05,TRXUSDT,TARGET_ZERO,-1641.0,0.12755619
2021-04-06,SXPUSDT,TARGET_ZERO,-26.234133084889542,4.731932850000001
2021-04-06,XRPUSDT,ENTRY,195.8,0.9180588
2021-04-07,ADAUSDT,ENTRY,126.0,1.255917645
2021-04-07,EOSUSDT,TARGET_ZERO,-27.060950501268916,6.651672500000001
2021-04-07,FILUSDT,TARGET_ZERO,-0.7000000000000001,165.77007350000002
2021-04-07,LTCUSDT,ENTRY,0.9440000000000001,237.65876999999998
2021-04-08,DOTUSDT,TARGET_ZERO,-4.0,39.5552125
2021-04-08,EOSUSDT,ENTRY,20.402199533469773,5.894946
2021-04-08,ETHUSDT,TARGET_ZERO,-0.117,1964.4173000000003
2021-04-08,LINKUSDT,ENTRY,5.19,31.166575499999997
2021-04-08,XRPUSDT,ADJUST,-54.900000000000006,0.9176409500000001
2021-04-11,EOSUSDT,TARGET_ZERO,-20.402199533469773,6.622687000000001
2021-04-11,TRXUSDT,ENTRY,994.0,0.12688340999999997
2021-04-11,XRPUSDT,ADJUST,-29.0,1.3754119500000002
2021-04-12,BNBUSDT,ADJUST,-0.09,525.924906
2021-04-12,ETHUSDT,ENTRY,0.11,2156.147535
2021-04-12,LINKUSDT,TARGET_ZERO,-5.19,33.9440195
2021-04-14,BTCUSDT,ENTRY,0.005,63676.872525
2021-04-14,TRXUSDT,TARGET_ZERO,-994.0,0.14634679
2021-04-15,BNBUSDT,ADJUST,-0.07,549.513106
2021-04-15,LTCUSDT,ADJUST,-0.224,279.40023
2021-04-15,XRPUSDT,ADJUST,-29.3,1.8374808
2021-04-16,LTCUSDT,TARGET_ZERO,-0.7200000000000001,285.986935
2021-04-16,TRXUSDT,ENTRY,779.0,0.16464228
2021-04-17,BNBUSDT,TARGET_ZERO,-0.3,508.6645405
2021-04-17,FILUSDT,ENTRY,0.5,183.0224655
2021-04-18,ADAUSDT,STOP,-126.0,1.2233390245
2021-04-18,BTCUSDT,STOP,-0.005,55880.71952202343
2021-04-18,ETHUSDT,STOP,-0.11,2132.5721805
2021-04-18,XRPUSDT,STOP,-82.60000000000001,1.3552070575000001
2021-04-19,BCHUSDT,ENTRY,0.146,973.7166149999999
2021-04-19,FILUSDT,TARGET_ZERO,-0.5,156.15588300000002
2021-04-19,LINKUSDT,ENTRY,3.5700000000000003,39.1225515
2021-04-19,LTCUSDT,ENTRY,0.503,273.746805
2021-04-19,SOLUSDT,ENTRY,4.07,32.39008695
2021-04-19,VETUSDT,ENTRY,530.0,0.2541620175
2021-04-20,BNBUSDT,ENTRY,0.22,504.894321
2021-04-20,ETHUSDT,ENTRY,0.075,2163.8413800000003
2021-04-20,LINKUSDT,TARGET_ZERO,-3.5700000000000003,35.760111
2021-04-20,LTCUSDT,TARGET_ZERO,-0.503,261.50918
2021-04-20,TRXUSDT,TARGET_ZERO,-779.0,0.129845045
2021-04-20,XRPUSDT,ENTRY,70.5,1.3108551
2021-04-21,BNBUSDT,TARGET_ZERO,-0.22,586.6655205
2021-04-21,DOGEUSDT,ENTRY,332.0,0.3176337375
2021-04-22,BNBUSDT,ENTRY,0.19,544.676202
2021-04-22,TRXUSDT,ENTRY,755.0,0.12276134999999999
2021-04-22,VETUSDT,TARGET_ZERO,-530.0,0.2262758055
2021-04-22,XRPUSDT,TARGET_ZERO,-70.5,1.29045445
2021-04-23,DOGEUSDT,TARGET_ZERO,-332.0,0.2606486105
2021-04-23,LINKUSDT,ENTRY,2.97,35.181582
2021-04-23,LTCUSDT,ENTRY,0.422,252.80634
2021-04-23,SOLUSDT,TARGET_ZERO,-4.07,38.9107349
2021-04-23,TRXUSDT,TARGET_ZERO,-755.0,0.10990502
2021-04-23,UNIUSDT,ENTRY,3.0,33.931957499999996
2021-04-23,BCHUSDT,STOP,-0.146,697.5036580395074
2021-04-24,BCHUSDT,ENTRY,0.11900000000000001,839.989785
2021-04-24,LTCUSDT,TARGET_ZERO,-0.422,241.23932000000002
2021-04-24,VETUSDT,ENTRY,495.0,0.202088994
2021-04-25,BCHUSDT,TARGET_ZERO,-0.11900000000000001,771.23419
2021-04-25,DOGEUSDT,ENTRY,368.0,0.27018002249999995
2021-04-25,LINKUSDT,TARGET_ZERO,-2.97,31.240372
2021-04-25,SOLUSDT,ENTRY,3.2600000000000002,40.8808302
2021-04-25,UNIUSDT,TARGET_ZERO,-3.0,30.155714600000003
2021-04-25,XRPUSDT,ENTRY,79.0,1.0508251499999999
2021-04-26,BCHUSDT,ENTRY,0.109,759.9397799999999
2021-04-26,ETCUSDT,ENTRY,3.4,29.284634999999998
2021-04-26,VETUSDT,TARGET_ZERO,-495.0,0.1681009075
2021-04-26,XRPUSDT,TARGET_ZERO,-79.0,1.03498225
2021-04-27,BCHUSDT,TARGET_ZERO,-0.109,848.7853950000001
2021-04-27,UNIUSDT,ENTRY,3.0,38.212496699999996
2021-04-29,DOGEUSDT,ADJUST,-80.0,0.32332125850000004
2021-04-29,ETCUSDT,ADJUST,-0.75,35.0594615
2021-04-30,SOLUSDT,ADJUST,-0.67,42.47125375
2021-05-01,SOLUSDT,TARGET_ZERO,-2.5900000000000003,42.85566145
2021-05-01,SXPUSDT,ENTRY,19.173462643086157,5.2532253
2021-05-04,ETCUSDT,TARGET_ZERO,-2.65,52.079947000000004
2021-05-04,ETHUSDT,ADJUST,-0.017,3431.98315
2021-05-04,SOLUSDT,ENTRY,2.31,46.0456113
2021-05-05,DOGEUSDT,ADJUST,-99.0,0.5384596355000001
2021-05-05,LINKUSDT,ENTRY,2.74,45.596787
2021-05-05,SOLUSDT,TARGET_ZERO,-2.31,42.64526670000001
2021-05-06,ADAUSDT,ENTRY,94.0,1.48308117
2021-05-06,LTCUSDT,ENTRY,0.391,356.92837499999996
2021-05-06,SXPUSDT,TARGET_ZERO,-19.173462643086157,5.0528723
2021-05-06,UNIUSDT,TARGET_ZERO,-3.0,42.46345765
2021-05-08,DOGEUSDT,ADJUST,-41.0,0.6909653445
2021-05-10,BCHUSDT,ENTRY,0.094,1430.39484
2021-05-10,LINKUSDT,TARGET_ZERO,-2.74,52.285844
2021-05-11,BCHUSDT,TARGET_ZERO,-0.094,1320.449445
2021-05-11,DOGEUSDT,TARGET_ZERO,-148.0,0.4505676035
2021-05-11,EOSUSDT,ENTRY,11.015761603358285,9.2756355
2021-05-11,ETCUSDT,ENTRY,0.97,105.19156949999999
2021-05-12,BCHUSDT,ENTRY,0.083,1549.524375
2021-05-12,EOSUSDT,TARGET_ZERO,-11.015761603358285,14.515738500000001
2021-05-13,BNBUSDT,TARGET_ZERO,-0.19,593.812945
2021-05-13,DOGEUSDT,ENTRY,246.0,0.39101540999999995
2021-05-13,EOSUSDT,ENTRY,10.851583282065494,10.371182999999998
2021-05-13,ETCUSDT,TARGET_ZERO,-0.97,84.881538
2021-05-14,ETHUSDT,ADJUST,-0.016,3717.58028
2021-05-15,BCHUSDT,TARGET_ZERO,-0.083,1295.4819350000002
2021-05-15,DOGEUSDT,ADJUST,-80.0,0.5596500350000001
2021-05-15,DOTUSDT,ENTRY,3.3000000000000003,48.088032
2021-05-15,LTCUSDT,TARGET_ZERO,-0.391,326.35674
2021-05-15,MATICUSDT,ENTRY,78.06393704136617,1.47441684
2021-05-16,ADAUSDT,ADJUST,-20.0,2.1743123
2021-05-17,EOSUSDT,TARGET_ZERO,-10.851583282065494,10.106944
2021-05-17,ETCUSDT,ENTRY,1.01,93.8038785
2021-05-17,DOTUSDT,STOP,-3.3000000000000003,35.11632183698376
2021-05-17,ETHUSDT,STOP,-0.041999999999999996,3320.7098145
2021-05-18,DOTUSDT,ENTRY,2.9000000000000004,38.7443625
2021-05-18,XLMUSDT,ENTRY,148.0,0.64334151
2021-05-19,MATICUSDT,ADJUST,-20.323728183816236,2.4426680550000004
2021-05-19,SOLUSDT,ENTRY,2.34,55.995984
2021-05-19,XLMUSDT,TARGET_ZERO,-148.0,0.645686995
2021-05-19,ADAUSDT,STOP,-74.0,1.66790513025
2021-05-19,DOGEUSDT,STOP,-166.0,0.33579002100000005
2021-05-19,DOTUSDT,STOP,-2.9000000000000004,25.37065832499999
2021-05-19,ETCUSDT,STOP,-1.01,56.25418593645
2021-05-19,MATICUSDT,STOP,-57.74020885754994,1.6975662922500003
2021-05-19,SOLUSDT,STOP,-2.34,37.613742643746974
2021-05-20,ADAUSDT,ENTRY,73.0,1.4672332499999998
2021-05-20,DOGEUSDT,ENTRY,262.0,0.32962473
2021-05-20,ETCUSDT,ENTRY,1.45,59.388679499999995
2021-05-20,ETHUSDT,ENTRY,0.026000000000000002,2445.24201
2021-05-20,MATICUSDT,ENTRY,93.26686607750023,1.621980585
2021-05-20,XRPUSDT,ENTRY,61.2,1.05842895
2021-05-22,EOSUSDT,ENTRY,11.67632017625152,5.556777
2021-05-22,XRPUSDT,TARGET_ZERO,-61.2,1.0062966
2021-05-23,ADAUSDT,STOP,-73.0,1.07934006
2021-05-23,ETCUSDT,STOP,-1.45,44.1828975
2021-05-23,MATICUSDT,STOP,-93.26686607750023,1.0970731889999998
2021-05-24,ADAUSDT,ENTRY,65.0,1.3142568000000001
2021-05-24,DOGEUSDT,ADJUST,-52.0,0.30602691000000004
2021-05-24,EOSUSDT,TARGET_ZERO,-11.67632017625152,4.285856000000001
2021-05-24,ETCUSDT,ENTRY,1.6600000000000001,51.519746999999995
2021-05-24,MATICUSDT,ENTRY,119.83770910860659,1.0706850749999999
2021-05-24,XRPUSDT,ENTRY,54.1,0.79029495
2021-05-25,ETCUSDT,ADJUST,-0.48,73.659152
2021-05-25,ETHUSDT,ADJUST,-0.009000000000000001,2648.165255
2021-05-25,MATICUSDT,ADJUST,-45.48117517506874,1.7485652800000002
2021-05-27,ADAUSDT,ADJUST,-15.0,1.777111
2021-05-27,MATICUSDT,ADJUST,-15.084861478174432,2.20505692
2021-05-27,XRPUSDT,ADJUST,-11.8,1.0298848
2021-05-31,DOGEUSDT,ADJUST,-66.0,0.30173905500000003
2021-06-01,XRPUSDT,ADJUST,20.200000000000003,1.0415204999999998
2021-06-04,ETHUSDT,TARGET_ZERO,-0.017,2856.9108300000003
2021-06-04,SOLUSDT,ENTRY,1.6400000000000001,39.665822999999996
2021-06-06,ETHUSDT,ENTRY,0.016,2628.7537199999997
2021-06-06,XRPUSDT,TARGET_ZERO,-62.5,0.92223865
2021-06-08,DOGEUSDT,TARGET_ZERO,-144.0,0.33116433500000003
2021-06-08,XRPUSDT,ENTRY,50.1,0.86213085
2021-06-08,MATICUSDT,STOP,-59.271672455363415,1.322608365
2021-06-09,MATICUSDT,ENTRY,58.5078236241262,1.4779385999999999
2021-06-12,DOGEUSDT,ENTRY,135.0,0.31881932999999996
2021-06-12,SOLUSDT,TARGET_ZERO,-1.6400000000000001,36.138921499999995
2021-06-15,DOGEUSDT,TARGET_ZERO,-135.0,0.32753615
2021-06-16,ADAUSDT,ADJUST,18.0,1.5555773999999998
2021-06-16,ETCUSDT,ADJUST,0.42,58.1680695
2021-06-19,SOLUSDT,ENTRY,1.17,36.8184
2021-06-19,XRPUSDT,ADJUST,17.1,0.79749855
2021-06-20,BCHUSDT,ENTRY,0.111,552.13593
2021-06-20,ETCUSDT,ADJUST,-0.6,50.82757350000001
2021-06-20,XRPUSDT,TARGET_ZERO,-67.2,0.7573211500000001
2021-06-20,ETCUSDT,STOP,-1.0,47.8104828
2021-06-21,ETCUSDT,ENTRY,1.03,50.953464
2021-06-21,ETHUSDT,ADJUST,0.01,2243.8213499999997
2021-06-22,ADAUSDT,ADJUST,-47.0,1.17271335
2021-06-22,BCHUSDT,TARGET_ZERO,-0.111,454.94241500000004
2021-06-22,BNBUSDT,ENTRY,0.07,270.445155
2021-06-22,DOGEUSDT,ENTRY,119.0,0.17840915999999998
2021-06-22,ETHUSDT,TARGET_ZERO,-0.026000000000000002,1883.8076250000001
2021-06-22,SOLUSDT,ADJUST,0.43,26.581284
2021-06-22,ADAUSDT,STOP,-21.0,1.10680632
2021-06-22,ETCUSDT,STOP,-1.03,34.28583954302335
2021-06-22,MATICUSDT,STOP,-58.5078236241262,0.97673139
2021-06-22,SOLUSDT,STOP,-1.5999999999999999,22.155044461237498
2021-06-23,ADAUSDT,ENTRY,19.0,1.15687815
2021-06-23,ETCUSDT,ENTRY,0.58,36.534257999999994
2021-06-23,MATICUSDT,ENTRY,59.63108920138473,1.07463705
2021-06-23,SOLUSDT,ENTRY,1.58,26.969478
2021-06-24,DOGEUSDT,ADJUST,-27.0,0.23462263000000003
2021-06-26,MATICUSDT,ADJUST,-18.488999568068664,1.0384805
2021-06-30,ADAUSDT,TARGET_ZERO,-19.0,1.3723135
2021-06-30,ETCUSDT,ADJUST,0.37,56.7873795
2021-06-30,SOLUSDT,ADJUST,-0.31,33.9280275
2021-07-01,DOGEUSDT,TARGET_ZERO,-92.0,0.25363312
2021-07-01,ETHUSDT,ENTRY,0.014,2276.1274949999997
2021-07-01,SOLUSDT,ADJUST,0.58,35.5107465
2021-07-03,ADAUSDT,ENTRY,43.0,1.3947970499999998
2021-07-03,BNBUSDT,TARGET_ZERO,-0.07,286.69658
2021-07-06,SOLUSDT,ADJUST,-0.48,32.88355
2021-07-07,AAVEUSDT,ENTRY,0.1,316.36810499999996
2021-07-07,BNBUSDT,ENTRY,0.19,319.65975
2021-07-07,ETHUSDT,TARGET_ZERO,-0.014,2320.65909
2021-07-08,ETCUSDT,TARGET_ZERO,-0.95,52.74661350000001
2021-07-08,SOLUSDT,ADJUST,0.6900000000000001,36.682332
2021-07-09,ADAUSDT,ADJUST,-19.0,1.32603665
2021-07-09,DOGEUSDT,ENTRY,103.0,0.20704347
2021-07-11,MATICUSDT,ADJUST,-17.536911301854946,1.029485
2021-07-11,SOLUSDT,ADJUST,-0.65,31.683150500000004
2021-07-14,AAVEUSDT,TARGET_ZERO,-0.1,271.0644
2021-07-14,BNBUSDT,ADJUST,-0.05,308.66559
2021-07-14,ETCUSDT,ENTRY,0.56,45.550763999999994
2021-07-14,MATICUSDT,ADJUST,9.081348011638642,0.94577265
2021-07-15,ADAUSDT,ADJUST,8.0,1.2636314999999998
2021-07-16,DOGEUSDT,ADJUST,43.0,0.185402655
2021-07-16,SOLUSDT,ADJUST,0.48,28.587286499999998
2021-07-17,AXSUSDT,ENTRY,7.0,20.97048
2021-07-17,DOGEUSDT,TARGET_ZERO,-146.0,0.17179406000000003
2021-07-17,SOLUSDT,ADJUST,-0.9400000000000001,26.2418725
2021-07-19,MATICUSDT,STOP,-32.686526343099764,0.7336529899999998
2021-07-19,SOLUSDT,STOP,-0.9500000000000001,24.178754574999996
2021-07-20,ADAUSDT,TARGET_ZERO,-32.0,1.1208393
2021-07-20,BNBUSDT,STOP,-0.14,254.6775975
2021-07-21,BNBUSDT,ENTRY,0.14,264.322095
2021-07-22,AXSUSDT,ADJUST,-2.0,22.3178355
2021-07-23,SANDUSDT,ENTRY,128.0,0.4976487
2021-07-24,ALICEUSDT,ENTRY,11.200000000000001,7.671834
2021-07-24,AXSUSDT,ADJUST,-1.0,42.44376750000001
2021-07-24,BNBUSDT,TARGET_ZERO,-0.14,299.17034
2021-07-24,ETCUSDT,ADJUST,0.99,45.797887499999995
2021-07-24,ETHUSDT,ENTRY,0.019,2125.40217
2021-07-25,SANDUSDT,ADJUST,49.0,0.730715175
2021-07-26,BTCUSDT,ENTRY,0.003,35388.35533499999
2021-07-27,BNBUSDT,ENTRY,0.29,303.941895
2021-07-27,ETHUSDT,TARGET_ZERO,-0.019,2226.32628
2021-07-28,ALICEUSDT,ADJUST,-3.2,13.585204000000001
2021-07-29,BNBUSDT,TARGET_ZERO,-0.29,313.50317000000007
2021-07-29,ETCUSDT,TARGET_ZERO,-1.55,49.29134200000001
2021-07-29,ETHUSDT,ENTRY,0.041,2301.27006
2021-07-29,XRPUSDT,ENTRY,193.8,0.7325660999999999
2021-07-30,ETHUSDT,ADJUST,0.021,2383.641225
2021-07-31,AAVEUSDT,ENTRY,0.30000000000000004,320.60022
2021-07-31,BTCUSDT,ADJUST,0.002,42223.70129999999
2021-07-31,CHRUSDT,ENTRY,300.0,0.32746364999999994
2021-07-31,ETHUSDT,TARGET_ZERO,-0.062,2460.28924
2021-07-31,XRPUSDT,TARGET_ZERO,-193.8,0.7516240000000001
2021-08-01,AAVEUSDT,TARGET_ZERO,-0.30000000000000004,331.244295
2021-08-01,BNBUSDT,ENTRY,0.54,332.66625
2021-08-01,CHRUSDT,TARGET_ZERO,-300.0,0.32233875
2021-08-01,ETHUSDT,ENTRY,0.075,2531.6351849999996
2021-08-05,ALICEUSDT,TARGET_ZERO,-8.0,12.847573
2021-08-05,AXSUSDT,ADJUST,-1.0,43.728125000000006
2021-08-05,LUNAUSDT,ENTRY,11.939901105881203,14.530261499999998
2021-08-06,BNBUSDT,ADJUST,0.21,338.24904
2021-08-07,ETCUSDT,ENTRY,2.7,53.1675705
2021-08-07,LUNAUSDT,TARGET_ZERO,-11.939901105881203,14.518737
2021-08-12,AXSUSDT,ADJUST,-1.0,66.14691
2021-08-12,ETCUSDT,TARGET_ZERO,-2.7,60.776596500000004
2021-08-12,XRPUSDT,ENTRY,188.10000000000002,1.01240595
2021-08-14,ETCUSDT,ENTRY,2.95,64.35215999999998
2021-08-14,ETHUSDT,ADJUST,-0.018000000000000002,3322.4579400000002
2021-08-14,XRPUSDT,TARGET_ZERO,-188.10000000000002,1.09035455
2021-08-17,SANDUSDT,TARGET_ZERO,-177.0,0.63302333
2021-08-17,SOLUSDT,ENTRY,3.5300000000000002,62.155062
2021-08-18,ETHUSDT,TARGET_ZERO,-0.056999999999999995,3013.1226850000003
2021-08-18,XRPUSDT,ENTRY,117.9,1.0987491
2021-08-18,ETCUSDT,STOP,-2.95,60.023223375
2021-08-19,BNBUSDT,TARGET_ZERO,-0.75,396.111845
2021-08-19,DOGEUSDT,ENTRY,406.0,0.3035517
2021-08-19,ETCUSDT,ENTRY,2.36,63.997983
2021-08-19,SOLUSDT,ADJUST,-0.8200000000000001,72.7346145
2021-08-20,ADAUSDT,ENTRY,92.0,2.447223
2021-08-20,BNBUSDT,ENTRY,0.53,431.725755
2021-08-20,DOGEUSDT,TARGET_ZERO,-406.0,0.31795094500000004
2021-08-20,XRPUSDT,TARGET_ZERO,-117.9,1.23508215
2021-08-22,ALICEUSDT,ENTRY,7.2,17.090540999999998
2021-08-22,BTCUSDT,TARGET_ZERO,-0.005,48821.686945
2021-08-23,SOLUSDT,ADJUST,-0.56,72.77159600000002
2021-08-24,ALICEUSDT,TARGET_ZERO,-7.2,17.243374
2021-08-24,BTCUSDT,ENTRY,0.005,49547.991615
2021-08-25,ADAUSDT,ADJUST,-19.0,2.7196395000000004
2021-08-25,ALICEUSDT,ENTRY,6.9,16.02801
2021-08-25,ETCUSDT,TARGET_ZERO,-2.36,62.8135775
2021-08-25,LUNAUSDT,ENTRY,4.924638809584863,29.633809499999998
2021-08-25,SOLUSDT,TARGET_ZERO,-2.15,70.470747
2021-08-27,BNBUSDT,ADJUST,-0.11,478.00088000000005
2021-08-27,BTCUSDT,TARGET_ZERO,-0.005,46830.792890000004
2021-08-27,LUNAUSDT,ADJUST,-1.0071768467439082,26.860563
2021-08-27,SOLUSDT,ENTRY,1.6300000000000001,74.92744499999999
2021-08-29,ADAUSDT,ADJUST,-15.0,2.8485750000000003
2021-08-31,BNBUSDT,TARGET_ZERO,-0.42000000000000004,460.04986
2021-08-31,BTCUSDT,ENTRY,0.004,47048.202345
2021-09-01,ALICEUSDT,TARGET_ZERO,-6.9,18.058966
2021-09-01,BTCUSDT,TARGET_ZERO,-0.004,47126.74484
2021-09-01,DOTUSDT,ENTRY,4.6000000000000005,31.3726785
2021-09-01,ETHUSDT,ENTRY,0.064,3432.2052449999996
2021-09-01,SOLUSDT,ADJUST,-0.36,108.29482550000002
2021-09-04,BTCUSDT,ENTRY,0.005,50052.10354499999
2021-09-04,DOTUSDT,TARGET_ZERO,-4.6000000000000005,33.589197000000006
2021-09-05,LUNAUSDT,TARGET_ZERO,-3.917461962840955,31.415284500000002
2021-09-05,XRPUSDT,ENTRY,121.2,1.2562278
2021-09-06,BNBUSDT,ENTRY,0.47000000000000003,505.95284999999996
2021-09-06,XRPUSDT,TARGET_ZERO,-121.2,1.3083455
2021-09-07,ADAUSDT,STOP,-58.0,2.3291798275
2021-09-07,AXSUSDT,STOP,-2.0,59.407781250000006
2021-09-07,BNBUSDT,STOP,-0.47000000000000003,413.079728254038
2021-09-07,BTCUSDT,STOP,-0.005,46347.752531000006
2021-09-07,ETHUSDT,STOP,-0.064,3357.70880575
2021-09-08,BCHUSDT,ENTRY,0.29,673.786725
2021-09-08,DOTUSDT,ENTRY,3.5,28.0029945
2021-09-08,ETHUSDT,ENTRY,0.052000000000000005,3436.7174999999997
2021-09-08,FILUSDT,ENTRY,1.5,84.5752665
2021-09-08,XRPUSDT,ENTRY,104.80000000000001,1.1298646499999998
2021-09-09,BCHUSDT,TARGET_ZERO,-0.29,662.3786450000001
2021-09-09,LTCUSDT,ENTRY,0.763,179.74982999999997
2021-09-09,LUNAUSDT,ENTRY,3.2166217006109767,29.5057455
2021-09-09,SOLUSDT,ADJUST,-0.33,191.1113965
2021-09-09,XRPUSDT,TARGET_ZERO,-104.80000000000001,1.09954995
2021-09-11,AVAXUSDT,ENTRY,1.0,49.398687
2021-09-11,ETHUSDT,TARGET_ZERO,-0.052000000000000005,3208.2450750000003
2021-09-11,FILUSDT,ADJUST,-0.30000000000000004,82.39278300000001
2021-09-12,AVAXUSDT,ADJUST,1.0,57.14155649999999
2021-09-12,SOLUSDT,ADJUST,-0.19,179.16237400000003
2021-09-14,LTCUSDT,ADJUST,-0.176,179.33029
2021-09-15,FILUSDT,TARGET_ZERO,-1.2,80.77259350000001
2021-09-15,FTMUSDT,ENTRY,84.0,1.20532236
2021-09-17,SOLUSDT,ADJUST,-0.17,152.28981700000003
2021-09-17,SOLUSDT,STOP,-0.58,134.577427625
2021-09-18,DOTUSDT,ADJUST,-0.7000000000000001,33.037473000000006
2021-09-18,SOLUSDT,ENTRY,0.62,147.71381999999997
2021-09-20,LUNAUSDT,STOP,-3.2166217006109767,28.700892375000006
2021-09-21,LTCUSDT,TARGET_ZERO,-0.587,157.14139
2021-09-21,LUNAUSDT,ENTRY,2.4213538188425643,27.532759499999997
2021-09-21,XTZUSDT,ENTRY,16.7,5.296646999999999
2021-09-22,ADAUSDT,ENTRY,22.0,1.9868929499999999
2021-09-22,LUNAUSDT,TARGET_ZERO,-2.4213538188425643,25.124431500000004
2021-09-23,ADAUSDT,TARGET_ZERO,-22.0,2.25457215
2021-09-23,ATOMUSDT,ENTRY,3.37,39.7128465
2021-09-23,DOTUSDT,ADJUST,-0.6000000000000001,31.54422
2021-09-25,XTZUSDT,ADJUST,-3.9000000000000004,6.9855055
2021-09-26,ALGOUSDT,ENTRY,60.1,1.7308649999999999
2021-09-26,DOTUSDT,TARGET_ZERO,-2.1999999999999997,29.793096000000002
2021-09-26,FTMUSDT,ADJUST,-16.0,1.241129125
2021-10-01,ALGOUSDT,TARGET_ZERO,-60.1,1.6267862
2021-10-01,AXSUSDT,ENTRY,1.0,74.65731
2021-10-04,ATOMUSDT,ADJUST,-0.8,38.775602500000005
2021-10-05,ATOMUSDT,TARGET_ZERO,-2.5700000000000003,36.801590000000004
2021-10-05,LUNAUSDT,ENTRY,2.862063572866387,46.8544155
2021-10-07,ATOMUSDT,ENTRY,2.74,35.2145985
2021-10-07,AVAXUSDT,TARGET_ZERO,-2.0,60.055957
2021-10-07,BTCUSDT,ENTRY,0.004,55355.113724999996
2021-10-07,SOLUSDT,TARGET_ZERO,-0.62,153.92999650000002
2021-10-11,ATOMUSDT,TARGET_ZERO,-2.74,32.3967935
2021-10-11,SOLUSDT,ENTRY,0.75,147.679803
2021-10-12,BTCUSDT,ADJUST,0.001,57528.760005
2021-10-14,DOTUSDT,ENTRY,4.1000000000000005,41.77187549999999
2021-10-14,LUNAUSDT,TARGET_ZERO,-2.862063572866387,36.5807005
2021-10-14,OMGUSDT,ENTRY,7.4,15.006299399999998
2021-10-14,SOLUSDT,TARGET_ZERO,-0.75,148.0309475
2021-10-15,1000SHIBUSDT,ENTRY,4102.0,0.027467726999999997
2021-10-15,OMGUSDT,TARGET_ZERO,-7.4,14.462265250000002
2021-10-16,OMGUSDT,ENTRY,7.1000000000000005,13.923158099999998
2021-10-16,XTZUSDT,TARGET_ZERO,-12.799999999999999,6.8515725000000005
2021-10-17,FTMUSDT,ADJUST,-13.0,2.140679125
2021-10-21,1000SHIBUSDT,TARGET_ZERO,-4102.0,0.029237374000000003
2021-10-21,ETHUSDT,ENTRY,0.067,4166.212065
2021-10-21,OMGUSDT,TARGET_ZERO,-7.1000000000000005,14.6812557
2021-10-21,SOLUSDT,ENTRY,1.05,176.9294205
2021-10-23,BTCUSDT,ADJUST,-0.001,60703.912860000004
2021-10-24,1000SHIBUSDT,ENTRY,3178.0,0.0339239535
2021-10-24,AXSUSDT,TARGET_ZERO,-1.0,125.41726000000001
2021-10-26,1000SHIBUSDT,ADJUST,-675.0,0.042283847500000006
2021-10-26,AXSUSDT,ENTRY,1.0,131.76584999999997
2021-10-26,BTCUSDT,TARGET_ZERO,-0.004,63097.685375
2021-10-28,ATOMUSDT,ENTRY,4.0200000000000005,36.828405000000004
2021-10-28,DOTUSDT,TARGET_ZERO,-4.1000000000000005,40.424777500000005
2021-10-29,1000SHIBUSDT,ADJUST,-630.0,0.0686186735
2021-10-29,ATOMUSDT,TARGET_ZERO,-4.0200000000000005,38.036972
2021-10-29,MATICUSDT,ENTRY,92.00883689049753,2.1360675
2021-10-29,SOLUSDT,ADJUST,-0.25,195.40225
2021-10-30,BNBUSDT,ENTRY,0.48,530.995365
2021-10-30,SOLUSDT,TARGET_ZERO,-0.8,200.40974500000002
2021-10-31,FTMUSDT,TARGET_ZERO,-55.0,2.6654466100000005
2021-10-31,SOLUSDT,ENTRY,0.76,195.961932
2021-10-31,1000SHIBUSDT,STOP,-1873.0,0.05834081500000001
2021-11-01,1000SHIBUSDT,ENTRY,1619.0,0.0669644655
2021-11-02,DOTUSDT,ENTRY,3.5,50.053014
2021-11-02,SOLUSDT,TARGET_ZERO,-0.76,204.04292750000002
2021-11-03,MATICUSDT,TARGET_ZERO,-92.00883689049753,1.9406292
2021-11-03,SOLUSDT,ENTRY,0.84,221.13751349999998
2021-11-04,1000SHIBUSDT,TARGET_ZERO,-1619.0,0.055575198500000006
2021-11-04,LUNAUSDT,ENTRY,3.8174169433545027,48.050013
2021-11-09,AXSUSDT,TARGET_ZERO,-1.0,153.14339
2021-11-09,BTCUSDT,ENTRY,0.004,67640.76348000001
2021-11-09,FTMUSDT,ENTRY,42.0,3.16922382
2021-11-09,LUNAUSDT,TARGET_ZERO,-3.8174169433545027,54.164904
2021-11-10,DOTUSDT,TARGET_ZERO,-3.5,50.76060700000001
2021-11-11,1000SHIBUSDT,ENTRY,1857.0,0.050281128
2021-11-11,AVAXUSDT,ENTRY,2.0,85.192575
2021-11-11,FTMUSDT,TARGET_ZERO,-42.0,2.634791945
2021-11-11,LTCUSDT,ENTRY,0.889,260.43014999999997
2021-11-11,SOLUSDT,TARGET_ZERO,-0.84,233.133375
2021-11-13,AVAXUSDT,TARGET_ZERO,-2.0,84.779589
2021-11-13,SOLUSDT,ENTRY,0.65,228.6572715
2021-11-14,AVAXUSDT,ENTRY,1.0,97.7258385
2021-11-14,SOLUSDT,TARGET_ZERO,-0.65,241.4482155
2021-11-15,1000SHIBUSDT,TARGET_ZERO,-1857.0,0.0531734
2021-11-15,BNBUSDT,ADJUST,-0.09,649.95486
2021-11-15,ETHUSDT,ADJUST,-0.014,4627.435125
2021-11-15,SANDUSDT,ENTRY,38.0,2.84404131
2021-11-16,ETHUSDT,TARGET_ZERO,-0.053000000000000005,4564.726495000001
2021-11-16,LRCUSDT,ENTRY,37.0,2.9131058249999997
2021-11-16,BTCUSDT,STOP,-0.004,58377.01190574339
2021-11-16,LTCUSDT,STOP,-0.889,220.3807545
2021-11-17,BNBUSDT,TARGET_ZERO,-0.39,588.435635
2021-11-17,LTCUSDT,ENTRY,0.659,230.425155
2021-11-17,MANAUSDT,ENTRY,31.0,3.2430206999999998
2021-11-17,SOLUSDT,ENTRY,0.62,219.15452249999998
2021-11-19,ETHUSDT,ENTRY,0.039,3999.7188599999995
2021-11-19,SANDUSDT,ADJUST,-9.0,4.30928428
2021-11-19,SOLUSDT,TARGET_ZERO,-0.62,195.106398
2021-11-20,LTCUSDT,ADJUST,-0.133,217.841025
2021-11-21,CHRUSDT,ENTRY,81.0,1.4131062
2021-11-21,ETHUSDT,TARGET_ZERO,-0.039,4410.163815
2021-11-25,SANDUSDT,ADJUST,-6.0,7.465605330000001
2021-11-26,BNBUSDT,ENTRY,0.26,639.669675
2021-11-26,LTCUSDT,TARGET_ZERO,-0.526,223.0884
2021-11-27,CHRUSDT,TARGET_ZERO,-81.0,1.02198875
2021-11-27,MATICUSDT,ENTRY,68.84636615658056,1.6405198499999998
2021-11-29,MANAUSDT,ADJUST,-6.0,5.143027200000001
2021-11-29,SANDUSDT,ADJUST,-5.0,7.508853695
2021-12-01,ETHUSDT,ENTRY,0.042,4633.745715
2021-12-01,MATICUSDT,TARGET_ZERO,-68.84636615658056,1.78460725
2021-12-02,BNBUSDT,TARGET_ZERO,-0.26,627.1362750000001
2021-12-02,LUNAUSDT,ENTRY,3.0744487797025766,64.0209945
2021-12-03,LRCUSDT,TARGET_ZERO,-37.0,2.6318434200000005
2021-12-03,MATICUSDT,ENTRY,75.43818262235878,2.12256075
2021-12-04,ETHUSDT,TARGET_ZERO,-0.042,4211.5631650000005
2021-12-04,LRCUSDT,ENTRY,37.0,2.381560185
2021-12-04,AVAXUSDT,STOP,-1.0,96.251800025
2021-12-04,LUNAUSDT,STOP,-3.0744487797025766,50.236019424999995
2021-12-04,MANAUSDT,STOP,-25.0,3.5274703825
2021-12-04,MATICUSDT,STOP,-75.43818262235878,1.677670745
2021-12-04,SANDUSDT,STOP,-18.0,5.45532247425
2021-12-05,BNBUSDT,ENTRY,0.21,568.3540350000001
2021-12-05,ETHUSDT,ENTRY,0.029,4117.847895
2021-12-05,LRCUSDT,TARGET_ZERO,-37.0,2.26688599
2021-12-05,LUNAUSDT,ENTRY,2.6196376676928272,75.123543
2021-12-05,MANAUSDT,ENTRY,23.0,4.1216598
2021-12-05,MATICUSDT,ENTRY,76.7072724442809,1.9753872
2021-12-05,SANDUSDT,ENTRY,18.0,6.0718344
2021-12-11,ETHUSDT,TARGET_ZERO,-0.029,3893.902075
2021-12-11,LRCUSDT,ENTRY,29.0,2.29968927
2021-12-12,LUNAUSDT,ADJUST,-0.7456036799879213,60.051959000000004
2021-12-13,LUNAUSDT,STOP,-1.874033987704906,54.553889466047146
2021-12-14,BNBUSDT,ADJUST,-0.07,520.509615
2021-12-14,LUNAUSDT,ENTRY,2.117016544660822,52.9474605
2021-12-15,MANAUSDT,ADJUST,-8.0,3.16291775
2021-12-15,MATICUSDT,ADJUST,-18.76612093813877,1.93693105
2021-12-15,SANDUSDT,ADJUST,-3.0,4.7666155
2021-12-16,BNBUSDT,TARGET_ZERO,-0.13999999999999999,540.9393950000001
2021-12-19,LUNAUSDT,ADJUST,-0.5967257265944084,74.1499065
2021-12-20,LUNAUSDT,ADJUST,0.5626921167429937,78.16206150000001
2021-12-21,BNBUSDT,ENTRY,0.15,524.22198
2021-12-21,LRCUSDT,TARGET_ZERO,-29.0,2.012883055
2021-12-24,BNBUSDT,ADJUST,0.09,549.21447
2021-12-24,SANDUSDT,ADJUST,7.0,6.3255612
2021-12-25,BNBUSDT,TARGET_ZERO,-0.24,541.9388950000001
2021-12-25,NEARUSDT,ENTRY,9.0,14.9508717
2021-12-26,MANAUSDT,ADJUST,5.0,3.7515748499999995
2021-12-27,MANAUSDT,ADJUST,7.0,3.8628304499999997
2021-12-28,FTMUSDT,ENTRY,50.0,2.2021005
2021-12-30,MATICUSDT,ADJUST,24.57078163965592,2.4754371
2022-01-02,ATOMUSDT,ENTRY,3.74,36.3331575
2022-01-02,MANAUSDT,TARGET_ZERO,-27.0,3.3449267000000003
2022-01-04,MATICUSDT,ADJUST,-21.5120636215957,2.4311838
2022-01-04,SANDUSDT,ADJUST,-5.0,5.6865553
2022-01-05,MATICUSDT,STOP,-60.99986952420235,2.1141174125
2022-01-05,SANDUSDT,STOP,-17.0,5.05323461875
2022-01-06,ATOMUSDT,TARGET_ZERO,-3.74,38.6276765
2022-01-06,CRVUSDT,ENTRY,28.700000000000003,5.396697
2022-01-06,LUNAUSDT,ADJUST,-0.7732712395387908,78.40078
2022-01-06,MATICUSDT,ENTRY,49.60286650570753,2.1815902499999997
2022-01-06,SANDUSDT,ENTRY,16.0,5.0020998
2022-01-07,LUNAUSDT,STOP,-1.3097116952706163,72.015524225
2022-01-08,LUNAUSDT,ENTRY,1.429165017786711,68.856411
2022-01-08,MATICUSDT,ADJUST,-10.03732180372053,2.0518735500000003
2022-01-09,ATOMUSDT,ENTRY,2.7800000000000002,35.86392299999999
2022-01-09,CRVUSDT,ADJUST,-9.1,4.5986995
2022-01-09,FTMUSDT,ADJUST,-10.0,2.2837575500000002
2022-01-09,SANDUSDT,TARGET_ZERO,-16.0,4.60819475
2022-01-10,LINKUSDT,ENTRY,5.15,27.549768
2022-01-10,MATICUSDT,TARGET_ZERO,-39.565544701987,2.1126431500000002
2022-01-10,FTMUSDT,STOP,-40.0,2.1535227
2022-01-11,FTMUSDT,ENTRY,30.0,2.22381135
2022-01-13,FTMUSDT,ADJUST,14.0,2.9429707499999997
2022-01-14,LINKUSDT,TARGET_ZERO,-5.15,24.845571000000003
2022-01-14,MATICUSDT,ENTRY,40.78740814243947,2.2657323000000003
2022-01-18,ADAUSDT,ENTRY,98.0,1.6012001999999999
2022-01-18,CRVUSDT,TARGET_ZERO,-19.6,4.771613
2022-01-18,MATICUSDT,TARGET_ZERO,-40.78740814243947,2.216891
2022-01-18,ONEUSDT,ENTRY,408.0,0.31665825
2022-01-20,ADAUSDT,STOP,-98.0,1.289982696442929
2022-01-21,ADAUSDT,ENTRY,75.0,1.25812875
2022-01-21,FTMUSDT,STOP,-44.0,2.285571642500001
2022-01-21,LUNAUSDT,STOP,-1.429165017786711,64.17559615
2022-01-21,NEARUSDT,STOP,-9.0,14.392370215000001
2022-01-22,ADAUSDT,TARGET_ZERO,-75.0,1.11934005
2022-01-22,ATOMUSDT,ADJUST,-0.84,34.540721000000005
2022-01-22,FTMUSDT,ENTRY,48.0,2.2727357999999995
2022-01-22,LUNAUSDT,ENTRY,0.6998032583012807,64.71033899999999
2022-01-22,MATICUSDT,ENTRY,13.95729604246826,1.6989490499999997
2022-01-22,NEARUSDT,ENTRY,5.0,13.216605
2022-01-22,ONEUSDT,ADJUST,-200.0,0.21424282500000003
2022-01-22,ATOMUSDT,STOP,-1.9400000000000004,29.651067050000005
2022-01-22,ONEUSDT,STOP,-208.0,0.20401771870018556
2022-01-23,ATOMUSDT,ENTRY,1.51,29.272629
2022-01-23,FTMUSDT,ADJUST,-14.0,1.965017
2022-01-23,MATICUSDT,TARGET_ZERO,-13.95729604246826,1.53513205
2022-01-23,ONEUSDT,ENTRY,229.0,0.193346625
2022-01-23,SANDUSDT,ENTRY,7.0,3.00160005
2022-01-25,MATICUSDT,ENTRY,14.760768380613001,1.5053522999999998
2022-01-25,SANDUSDT,TARGET_ZERO,-7.0,2.9941022000000004
2022-01-26,NEARUSDT,ADJUST,-1.0,12.1069435
2022-01-29,LUNAUSDT,ADJUST,-0.2592118436206177,50.298838
2022-01-31,ATOMUSDT,ADJUST,-0.6900000000000001,27.1334265
2022-02-01,ATOMUSDT,TARGET_ZERO,-0.82,28.031977
2022-02-01,ETHUSDT,ENTRY,0.013000000000000001,2686.68267
2022-02-01,LUNAUSDT,TARGET_ZERO,-0.44059141468066293,52.099937
2022-02-01,MATICUSDT,TARGET_ZERO,-14.760768380613001,1.6401795000000001
2022-02-01,SANDUSDT,ENTRY,13.0,4.09234515
2022-02-03,FTMUSDT,ADJUST,-10.0,1.91834035
2022-02-03,LUNAUSDT,ENTRY,0.4656846218474462,47.5747755
2022-02-05,ETHUSDT,TARGET_ZERO,-0.013000000000000001,2992.14318
2022-02-05,LUNAUSDT,TARGET_ZERO,-0.4656846218474462,53.8860435
2022-02-05,MATICUSDT,ENTRY,31.388763691255914,1.6956474
2022-02-05,ONEUSDT,ADJUST,110.0,0.19593792
2022-02-07,BTCUSDT,ENTRY,0.002,42382.52066999999
2022-02-07,MANAUSDT,ENTRY,30.0,3.3002493
2022-02-07,MATICUSDT,TARGET_ZERO,-31.388763691255914,1.7375308
2022-02-07,SANDUSDT,ADJUST,6.0,4.64282025
2022-02-08,1000SHIBUSDT,ENTRY,3163.0,0.0325652745
2022-02-08,BTCUSDT,TARGET_ZERO,-0.002,43808.075005
2022-02-09,BTCUSDT,ENTRY,0.003,44043.59079
2022-02-09,ONEUSDT,TARGET_ZERO,-339.0,0.21149420000000002
2022-02-10,1000SHIBUSDT,TARGET_ZERO,-3163.0,0.032919532
2022-02-10,FTMUSDT,ADJUST,9.0,2.2544266499999996
2022-02-10,MATICUSDT,ENTRY,47.318618201575106,2.03691795
2022-02-10,NEARUSDT,ADJUST,1.0,12.990492
2022-02-11,1000SHIBUSDT,ENTRY,2965.0,0.030837411
2022-02-11,NEARUSDT,TARGET_ZERO,-5.0,11.7711115
2022-02-12,FTMUSDT,ADJUST,-6.0,1.9374308
2022-02-12,MANAUSDT,TARGET_ZERO,-30.0,2.91544155
2022-02-12,MATICUSDT,TARGET_ZERO,-47.318618201575106,1.7139426000000002
2022-02-12,NEARUSDT,ENTRY,4.0,10.847421
2022-02-12,SANDUSDT,ADJUST,-4.0,4.195601150000001
2022-02-12,XRPUSDT,ENTRY,164.70000000000002,0.7588792499999999
2022-02-14,FTMUSDT,TARGET_ZERO,-27.0,1.8886552
2022-02-14,MATICUSDT,ENTRY,37.52288177770351,1.65852885
2022-02-15,GALAUSDT,ENTRY,150.0,0.29476730999999995
2022-02-15,MATICUSDT,TARGET_ZERO,-37.52288177770351,1.6549721
2022-02-16,AVAXUSDT,ENTRY,1.0,93.00647999999998
2022-02-16,NEARUSDT,TARGET_ZERO,-4.0,11.4952495
2022-02-18,1000SHIBUSDT,TARGET_ZERO,-2965.0,0.028181902
2022-02-18,MANAUSDT,ENTRY,19.0,3.07783815
2022-02-18,NEARUSDT,ENTRY,5.0,10.447220999999999
2022-02-18,SANDUSDT,TARGET_ZERO,-15.0,3.7361310000000003
2022-02-18,XRPUSDT,ADJUST,-66.7,0.76771595
2022-02-19,LUNAUSDT,ENTRY,0.6026851841411088,50.6122935
2022-02-19,NEARUSDT,TARGET_ZERO,-5.0,10.260867000000001
2022-02-20,BTCUSDT,STOP,-0.003,38695.66498875
2022-02-21,1000SHIBUSDT,ENTRY,918.0,0.025478732999999996
2022-02-21,FTMUSDT,ENTRY,17.0,1.72456185
2022-02-21,GALAUSDT,TARGET_ZERO,-150.0,0.24995496000000003
2022-02-21,MANAUSDT,TARGET_ZERO,-19.0,2.6905540500000003
2022-02-21,SANDUSDT,ENTRY,7.0,3.1963973999999995
2022-02-21,AVAXUSDT,STOP,-1.0,72.26085150000002
2022-02-22,1000SHIBUSDT,TARGET_ZERO,-918.0,0.024019984
2022-02-22,NEARUSDT,ENTRY,2.0,8.540268
2022-02-22,SANDUSDT,TARGET_ZERO,-7.0,2.89725065
2022-02-22,XRPUSDT,ADJUST,-56.0,0.70094935
2022-02-22,XRPUSDT,STOP,-42.000000000000014,0.682408625
2022-02-23,XRPUSDT,ENTRY,41.2,0.7207602
2022-02-24,LUNAUSDT,ADJUST,1.1966925481898905,59.583777
2022-02-24,XRPUSDT,TARGET_ZERO,-41.2,0.6956519999999999
2022-02-27,ATOMUSDT,ENTRY,1.16,29.897941499999998
2022-03-01,ATOMUSDT,ADJUST,1.02,31.373679
2022-03-01,ETHUSDT,ENTRY,0.013000000000000001,2921.510025
2022-03-01,NEARUSDT,TARGET_ZERO,-2.0,9.7441255
2022-03-01,SOLUSDT,ENTRY,0.31,99.66981
2022-03-02,FTMUSDT,TARGET_ZERO,-17.0,1.8280855
2022-03-02,NEARUSDT,ENTRY,5.0,11.8109025
2022-03-03,ATOMUSDT,ADJUST,1.03,32.24911649999999
2022-03-03,FTMUSDT,ENTRY,29.0,2.01530715
2022-03-03,SOLUSDT,TARGET_ZERO,-0.31,100.62966000000002
2022-03-06,FTMUSDT,STOP,-29.0,1.423868955986604
2022-03-07,ATOMUSDT,ADJUST,-1.2,28.1269295
2022-03-07,BNBUSDT,ENTRY,0.11,374.86734
2022-03-07,ETHUSDT,TARGET_ZERO,-0.013000000000000001,2548.08532
2022-03-07,NEARUSDT,ADJUST,-2.0,10.0799575
2022-03-11,BNBUSDT,TARGET_ZERO,-0.11,371.56412500000005
2022-03-12,ATOMUSDT,ADJUST,-1.03,27.442272000000003
2022-03-12,XRPUSDT,ENTRY,46.0,0.8030012999999999
2022-03-14,ATOMUSDT,TARGET_ZERO,-0.9799999999999998,26.208889000000003
2022-03-14,WAVESUSDT,ENTRY,5.6000000000000005,26.603295
2022-03-17,DOTUSDT,ENTRY,4.3,19.0425165
2022-03-17,ETHUSDT,ENTRY,0.016,2774.16639
2022-03-17,GALAUSDT,ENTRY,128.0,0.23889939
2022-03-17,NEARUSDT,TARGET_ZERO,-3.0,10.802596000000001
2022-03-19,SOLUSDT,ENTRY,0.41000000000000003,89.81488499999999
2022-03-19,XRPUSDT,TARGET_ZERO,-46.0,0.79630165
2022-03-20,AVAXUSDT,ENTRY,1.0,89.56475999999999
2022-03-20,DOTUSDT,ADJUST,2.8000000000000003,19.393691999999998
2022-03-20,ETHUSDT,TARGET_ZERO,-0.016,2948.4250500000003
2022-03-20,GALAUSDT,TARGET_ZERO,-128.0,0.24869559000000002
2022-03-20,SOLUSDT,TARGET_ZERO,-0.41000000000000003,92.27383999999999
2022-03-20,XRPUSDT,ENTRY,121.4,0.8196096
2022-03-21,RUNEUSDT,ENTRY,18.0,8.606301
2022-03-22,XRPUSDT,ADJUST,61.6,0.8376186
2022-03-23,ADAUSDT,ENTRY,164.0,0.9748872
2022-03-23,DOTUSDT,TARGET_ZERO,-7.1,20.192898500000002
2022-03-24,ADAUSDT,TARGET_ZERO,-164.0,1.1058468000000001
2022-03-24,ETHUSDT,ENTRY,0.057,3037.05777
2022-03-24,LUNAUSDT,ADJUST,0.6834841180046962,94.9044285
2022-03-24,NEARUSDT,ENTRY,12.0,12.497245499999998
2022-03-24,XRPUSDT,TARGET_ZERO,-183.0,0.8369813
2022-03-25,AVAXUSDT,TARGET_ZERO,-1.0,87.51622
2022-03-25,SOLUSDT,ENTRY,1.48,102.37115999999999
2022-03-27,BTCUSDT,ENTRY,0.004,44511.54465
2022-03-27,SOLUSDT,TARGET_ZERO,-1.48,101.62916000000001
2022-03-28,BTCUSDT,ADJUST,0.002,46844.31045
2022-03-28,ETHUSDT,ADJUST,0.032,3296.657505
2022-03-29,RUNEUSDT,ADJUST,-4.0,10.046974
2022-03-30,WAVESUSDT,ADJUST,-1.2000000000000002,50.3817965
2022-04-02,WAVESUSDT,ADJUST,-0.9,52.135919
2022-04-04,RUNEUSDT,TARGET_ZERO,-14.0,11.212391
2022-04-04,SOLUSDT,ENTRY,1.3900000000000001,136.938435
2022-04-04,WAVESUSDT,STOP,-3.5000000000000004,40.64906530000001
2022-04-05,WAVESUSDT,ENTRY,3.2,34.713347999999996
2022-04-06,ADAUSDT,ENTRY,170.0,1.1704849499999999
2022-04-06,BTCUSDT,TARGET_ZERO,-0.006,45454.76125
2022-04-06,RUNEUSDT,ENTRY,10.0,10.847421
2022-04-06,WAVESUSDT,TARGET_ZERO,-3.2,30.4217815
2022-04-07,ADAUSDT,TARGET_ZERO,-170.0,1.0512741
2022-04-07,DOGEUSDT,ENTRY,1150.0,0.14329160999999999
2022-04-07,ETHUSDT,TARGET_ZERO,-0.089,3165.186615
2022-04-07,WAVESUSDT,ENTRY,2.9000000000000004,28.778381999999997
2022-04-08,LUNAUSDT,STOP,-2.4828618503356954,96.08358417499998
2022-04-08,SOLUSDT,STOP,-1.3900000000000001,110.15106818747269
2022-04-09,ETHUSDT,ENTRY,0.058,3192.8656349999997
2022-04-09,LUNAUSDT,ENTRY,1.9186999292474336,94.5662595
2022-04-09,SOLUSDT,ENTRY,0.85,109.87490999999999
2022-04-09,WAVESUSDT,TARGET_ZERO,-2.9000000000000004,26.281852500000003
2022-04-11,DOGEUSDT,ADJUST,-230.0,0.1481259
2022-04-12,DOGEUSDT,TARGET_ZERO,-920.0,0.133982975
2022-04-12,ETCUSDT,ENTRY,1.29,36.9974895
2022-04-12,ETHUSDT,ADJUST,-0.019,2977.200655
2022-04-12,LUNAUSDT,ADJUST,-1.1868908899581365,82.4417585
2022-04-12,RUNEUSDT,TARGET_ZERO,-10.0,7.720138
2022-04-12,SOLUSDT,ADJUST,-0.3,99.56019500000001
2022-04-12,ZILUSDT,ENTRY,1004.0,0.11047521
2022-04-15,NEARUSDT,ADJUST,-2.0,16.359816
2022-04-16,ETCUSDT,TARGET_ZERO,-1.29,37.3163325
2022-04-16,WAVESUSDT,ENTRY,2.0,22.156072499999997
2022-04-17,ETCUSDT,ENTRY,1.53,38.1580695
2022-04-17,WAVESUSDT,TARGET_ZERO,-2.0,21.4502695
2022-04-18,NEARUSDT,ADJUST,-3.0,15.667162500000002
2022-04-22,ETCUSDT,TARGET_ZERO,-1.53,34.848567
2022-04-22,WAVESUSDT,ENTRY,2.3000000000000003,19.1945925
2022-04-23,DOGEUSDT,ENTRY,491.0,0.136338135
2022-04-23,ETHUSDT,TARGET_ZERO,-0.03900000000000001,2958.9098050000002
2022-04-23,NEARUSDT,ADJUST,-2.0,15.5532195
2022-04-24,BNBUSDT,ENTRY,0.35000000000000003,401.0404199999999
2022-04-24,DOGEUSDT,TARGET_ZERO,-491.0,0.13375309
2022-04-25,FILUSDT,ENTRY,3.6,18.911451
2022-04-25,SOLUSDT,TARGET_ZERO,-0.55,99.10042500000002
2022-04-25,ZILUSDT,ADJUST,-322.0,0.10631681500000001
2022-04-26,DOGEUSDT,ENTRY,500.0,0.158189055
2022-04-26,FILUSDT,TARGET_ZERO,-3.6,18.622684000000003
2022-04-26,KNCUSDT,ENTRY,33.0,5.0675325
2022-04-26,LUNAUSDT,ADJUST,0.3875662923377974,96.94644899999999
2022-04-26,NEARUSDT,ADJUST,-1.0,14.263864500000002
2022-04-26,WAVESUSDT,TARGET_ZERO,-2.3000000000000003,16.9325295
2022-04-26,NEARUSDT,STOP,-4.0,13.102445499999998
2022-04-27,BNBUSDT,TARGET_ZERO,-0.35000000000000003,385.457175
2022-04-27,LUNAUSDT,ADJUST,-0.36574236915220315,88.325815
2022-04-27,NEARUSDT,ENTRY,3.0,12.678336
2022-04-27,WAVESUSDT,ENTRY,1.4000000000000001,15.235613999999998
2022-04-29,ZILUSDT,ADJUST,-151.0,0.09096449499999999
2022-04-30,ZILUSDT,STOP,-531.0,0.075634164
2022-05-01,DOGEUSDT,TARGET_ZERO,-500.0,0.12716638500000002
2022-05-01,ETCUSDT,ENTRY,1.17,25.857922499999997
2022-05-01,ZILUSDT,ENTRY,611.0,0.07194595499999999
2022-05-02,KNCUSDT,ADJUST,-7.0,4.518739500000001
2022-05-03,KNCUSDT,STOP,-26.0,3.7291844750000003
2022-05-04,KNCUSDT,ENTRY,18.0,3.48174
2022-05-05,ADAUSDT,ENTRY,56.0,0.8988491999999999
2022-05-05,ETCUSDT,TARGET_ZERO,-1.17,30.603690500000003
2022-05-07,LUNAUSDT,STOP,-0.7536329624748913,73.91907197500001
2022-05-08,ADAUSDT,TARGET_ZERO,-56.0,0.7594201
2022-05-08,ETCUSDT,ENTRY,1.1300000000000001,26.838412499999997
2022-05-08,KNCUSDT,ADJUST,-9.0,2.6156915
2022-05-08,LUNAUSDT,ENTRY,0.3834258582462896,68.16006300000001
2022-05-09,KNCUSDT,STOP,-9.0,2.2374807
2022-05-09,LUNAUSDT,STOP,-0.3834258582462896,45.25893868526251
2022-05-10,ETCUSDT,TARGET_ZERO,-1.1300000000000001,22.6636625
2022-05-10,KNCUSDT,ENTRY,10.0,2.0490239999999997
2022-05-10,NEARUSDT,STOP,-3.0,8.974610450000004
2022-05-10,ZILUSDT,STOP,-611.0,0.06018539225
2022-05-11,NEARUSDT,ENTRY,2.0,9.5677815
2022-05-11,ZILUSDT,ENTRY,635.0,0.06879438
2022-05-11,NEARUSDT,STOP,-2.0,5.73779856555
2022-05-11,WAVESUSDT,STOP,-1.4000000000000001,9.859567750000004
2022-05-12,KNCUSDT,TARGET_ZERO,-10.0,1.4502745000000001
2022-05-12,ZILUSDT,STOP,-635.0,0.04125598968600001
2022-05-13,ZILUSDT,ENTRY,481.0,0.04531264499999999
2022-05-14,TRXUSDT,ENTRY,1174.0,0.07427712
2022-05-20,KNCUSDT,ENTRY,8.0,2.66133
2022-05-22,BNBUSDT,ENTRY,0.09,312.29607
2022-05-22,FTMUSDT,ENTRY,52.0,0.41230605
2022-05-23,ZILUSDT,ADJUST,274.0,0.057818894999999995
2022-05-25,KNCUSDT,TARGET_ZERO,-8.0,2.144927
2022-05-27,BNBUSDT,TARGET_ZERO,-0.09,302.42871
2022-05-27,FTMUSDT,TARGET_ZERO,-52.0,0.3770114
2022-05-27,TRXUSDT,ADJUST,442.0,0.0822411
2022-05-27,ZILUSDT,ADJUST,-300.0,0.047985995
2022-05-31,ADAUSDT,ENTRY,42.0,0.5700848999999999
2022-05-31,BTCUSDT,ENTRY,0.003,31742.36325
2022-05-31,DOTUSDT,ENTRY,2.1,10.464229499999998
2022-06-01,ADAUSDT,ADJUST,48.0,0.62661315
2022-06-01,WAVESUSDT,ENTRY,5.1000000000000005,8.995495499999999
2022-06-01,ZILUSDT,TARGET_ZERO,-455.0,0.05479259
2022-06-02,AXSUSDT,ENTRY,1.0,20.880435
2022-06-03,DOTUSDT,ADJUST,0.7000000000000001,9.876935999999999
2022-06-04,DOTUSDT,TARGET_ZERO,-2.8000000000000003,9.359318000000002
2022-06-04,ZILUSDT,ENTRY,505.0,0.049954965
2022-06-06,WAVESUSDT,ADJUST,-2.4000000000000004,8.089953
2022-06-07,GALAUSDT,ENTRY,329.0,0.08800398
2022-06-07,ZILUSDT,TARGET_ZERO,-505.0,0.05163417
2022-06-08,AXSUSDT,TARGET_ZERO,-1.0,19.660165000000003
2022-06-08,PEOPLEUSDT,ENTRY,931.0,0.0234117
2022-06-09,ADAUSDT,ADJUST,73.0,0.6406201499999999
2022-06-11,BTCUSDT,TARGET_ZERO,-0.003,29063.161150000004
2022-06-11,GALAUSDT,TARGET_ZERO,-329.0,0.06904546
2022-06-11,WAVESUSDT,TARGET_ZERO,-2.7,6.958519
2022-06-11,ZILUSDT,ENTRY,605.0,0.045552764999999995
2022-06-12,ADAUSDT,ADJUST,-61.0,0.55342315
2022-06-12,PEOPLEUSDT,TARGET_ZERO,-931.0,0.0177911
2022-06-12,ZILUSDT,TARGET_ZERO,-605.0,0.041749115
2022-06-13,ADAUSDT,ADJUST,-52.0,0.48925525000000003
2022-06-13,ADAUSDT,STOP,-50.0,0.47989993
2022-06-13,TRXUSDT,STOP,-1616.0,0.06678509075000001
2022-06-14,BELUSDT,ENTRY,138.0,0.9400698
2022-06-14,TRXUSDT,ENTRY,505.0,0.06385191
2022-06-15,TRXUSDT,TARGET_ZERO,-505.0,0.055502235000000004
2022-06-16,PEOPLEUSDT,ENTRY,1718.0,0.02523261
2022-06-19,BELUSDT,ADJUST,-28.0,0.7864066000000001
2022-06-22,SOLUSDT,ENTRY,0.59,36.408195
2022-06-22,UNFIUSDT,ENTRY,21.1,5.1115545
2022-06-22,WAVESUSDT,ENTRY,3.1,6.9234599999999995
2022-06-24,FTMUSDT,ENTRY,80.0,0.27253619999999995
2022-06-24,UNFIUSDT,ADJUST,-4.2,5.13743
2022-06-25,AVAXUSDT,ENTRY,1.0,20.480234999999997
2022-06-25,BNBUSDT,ENTRY,0.13,240.16001999999997
2022-06-25,FTMUSDT,TARGET_ZERO,-80.0,0.30074955000000003
2022-06-25,WAVESUSDT,TARGET_ZERO,-3.1,6.5707130000000005
2022-06-26,1000SHIBUSDT,ENTRY,5182.0,0.0117988965
2022-06-26,BNBUSDT,TARGET_ZERO,-0.13,239.330275
2022-06-26,ETHUSDT,ENTRY,0.019,1242.2207999999998
2022-06-26,PEOPLEUSDT,TARGET_ZERO,-1718.0,0.026466760000000002
2022-06-29,1000SHIBUSDT,TARGET_ZERO,-5182.0,0.009965015
2022-06-29,AVAXUSDT,TARGET_ZERO,-1.0,18.090950000000003
2022-06-29,DOGEUSDT,ENTRY,378.0,0.06607302
2022-06-29,ETHUSDT,TARGET_ZERO,-0.019,1142.938245
2022-06-29,SANDUSDT,ENTRY,20.0,1.08284115
2022-06-29,SOLUSDT,TARGET_ZERO,-0.59,35.292345000000005
2022-06-29,TRXUSDT,ENTRY,479.0,0.0658329
2022-06-29,XRPUSDT,ENTRY,100.7,0.33736859999999996
2022-06-30,1000SHIBUSDT,ENTRY,2342.0,0.0102141045
2022-06-30,SANDUSDT,TARGET_ZERO,-20.0,1.06036955
2022-06-30,XRPUSDT,TARGET_ZERO,-100.7,0.32923530000000006
2022-07-02,UNFIUSDT,ADJUST,5.800000000000001,4.743370499999999
2022-07-03,BELUSDT,TARGET_ZERO,-110.0,0.8747624
2022-07-03,TRXUSDT,TARGET_ZERO,-479.0,0.06462767
2022-07-03,UNFIUSDT,ADJUST,-5.1000000000000005,6.1879045
2022-07-05,BELUSDT,ENTRY,100.0,0.8617306499999999
2022-07-05,TRXUSDT,ENTRY,1254.0,0.067323645
2022-07-06,ATOMUSDT,ENTRY,7.2,8.914455
2022-07-06,BELUSDT,TARGET_ZERO,-100.0,0.8369813
2022-07-07,BNBUSDT,ENTRY,0.19,238.489185
2022-07-07,DOGEUSDT,TARGET_ZERO,-378.0,0.068355805
2022-07-07,SANDUSDT,ENTRY,22.0,1.2620307
2022-07-08,1000SHIBUSDT,ADJUST,2965.0,0.0112846395
2022-07-08,ATOMUSDT,ADJUST,3.7,9.360678
2022-07-08,BNBUSDT,ADJUST,0.2,241.370625
2022-07-08,BTCUSDT,ENTRY,0.004,21625.307249999998
2022-07-08,SANDUSDT,ADJUST,22.0,1.2814404
2022-07-08,TRXUSDT,TARGET_ZERO,-1254.0,0.068515725
2022-07-11,ATOMUSDT,ADJUST,-3.2600000000000002,8.7686135
2022-07-11,ETHUSDT,ENTRY,0.034,1168.393905
2022-07-11,SANDUSDT,TARGET_ZERO,-44.0,1.1624185
2022-07-12,1000SHIBUSDT,TARGET_ZERO,-5307.0,0.010293850500000002
2022-07-12,BNBUSDT,ADJUST,-0.14,225.31728500000003
2022-07-12,ETHUSDT,TARGET_ZERO,-0.034,1095.3320600000002
2022-07-12,MATICUSDT,ENTRY,47.35873556757352,0.5628812999999999
2022-07-12,SANDUSDT,ENTRY,23.0,1.09504725
2022-07-13,ATOMUSDT,ADJUST,-3.85,7.8030965000000005
2022-07-13,GMTUSDT,ENTRY,57.0,0.84812385
2022-07-13,MATICUSDT,TARGET_ZERO,-47.35873556757352,0.53563205
2022-07-14,ATOMUSDT,TARGET_ZERO,-3.7900000000000005,8.197899
2022-07-14,MATICUSDT,ENTRY,143.30458003227278,0.6389192999999999
2022-07-17,BNBUSDT,ADJUST,0.49,249.834855
2022-07-17,BTCUSDT,TARGET_ZERO,-0.004,21173.0082
2022-07-17,ETHUSDT,ENTRY,0.091,1356.05769
2022-07-17,SANDUSDT,TARGET_ZERO,-23.0,1.2511741
2022-07-17,SOLUSDT,ENTRY,1.85,39.589785
2022-07-18,MATICUSDT,ADJUST,90.36588592784133,0.7528762499999999
2022-07-19,1000SHIBUSDT,ENTRY,14355.0,0.011955975
2022-07-19,BNBUSDT,TARGET_ZERO,-0.74,263.82802
2022-07-19,ETHUSDT,TARGET_ZERO,-0.091,1579.32994
2022-07-19,GMTUSDT,ADJUST,70.0,1.12866405
2022-07-19,SANDUSDT,ENTRY,110.0,1.37778855
2022-07-19,SOLUSDT,ADJUST,1.8900000000000001,43.551764999999996
2022-07-22,1000SHIBUSDT,TARGET_ZERO,-14355.0,0.0119850045
2022-07-22,APEUSDT,ENTRY,24.0,6.421209
2022-07-22,MATICUSDT,ADJUST,-50.584283236853594,0.90484735
2022-07-24,DYDXUSDT,ENTRY,56.0,2.155077
2022-07-24,FTMUSDT,ENTRY,413.0,0.342171
2022-07-24,GMTUSDT,TARGET_ZERO,-127.0,0.943528
2022-07-24,SOLUSDT,TARGET_ZERO,-3.74,39.93002500000001
2022-07-26,DYDXUSDT,TARGET_ZERO,-56.0,1.913043
2022-07-26,FTMUSDT,ADJUST,-131.0,0.30364810000000003
2022-07-26,GMTUSDT,ENTRY,92.0,0.91635795
2022-07-26,MATICUSDT,ADJUST,-51.19408562906557,0.76971495
2022-07-26,SANDUSDT,ADJUST,-29.0,1.2001996000000001
2022-07-26,MATICUSDT,STOP,-131.89209709419495,0.7470512875
2022-07-27,APEUSDT,ADJUST,-8.0,5.7481245
2022-07-27,MATICUSDT,ENTRY,129.9638292710846,0.78269115
2022-07-28,BNBUSDT,ENTRY,0.85,271.67577
2022-07-28,ETHUSDT,ENTRY,0.089,1636.27773
2022-07-28,FTMUSDT,TARGET_ZERO,-282.0,0.33083450000000003
2022-07-28,SANDUSDT,TARGET_ZERO,-81.0,1.3121436
2022-07-29,BTCUSDT,ENTRY,0.009000000000000001,23848.1181
2022-07-29,CRVUSDT,ENTRY,89.60000000000001,1.5457724999999998
2022-07-29,GMTUSDT,TARGET_ZERO,-92.0,1.0102946
2022-07-29,UNFIUSDT,TARGET_ZERO,-17.6,6.474761
2022-07-30,APEUSDT,TARGET_ZERO,-16.0,6.662667000000001
2022-07-30,ATOMUSDT,ENTRY,13.84,11.175585
2022-07-30,BNBUSDT,TARGET_ZERO,-0.85,293.75305
2022-07-30,UNFIUSDT,ENTRY,18.2,10.549272
2022-08-01,DYDXUSDT,ENTRY,48.900000000000006,2.4992490000000003
2022-08-01,ETHUSDT,TARGET_ZERO,-0.089,1676.7911850000003
2022-08-02,ATOMUSDT,TARGET_ZERO,-13.84,10.381806500000001
2022-08-02,BNBUSDT,ENTRY,0.68,283.26156
2022-08-02,CRVUSDT,TARGET_ZERO,-89.60000000000001,1.3043475
2022-08-02,ETCUSDT,ENTRY,4.0,34.970476500000004
2022-08-03,BTCUSDT,TARGET_ZERO,-0.009000000000000001,22963.61245
2022-08-03,DOTUSDT,ENTRY,17.7,7.922959499999999
2022-08-03,DYDXUSDT,TARGET_ZERO,-48.900000000000006,2.250874
2022-08-03,XRPUSDT,ENTRY,481.20000000000005,0.3713855999999999
2022-08-04,APEUSDT,ENTRY,14.0,7.168582499999999
2022-08-04,DOTUSDT,TARGET_ZERO,-17.7,7.982007
2022-08-05,ETCUSDT,ADJUST,-0.92,34.7636095
2022-08-06,ETHUSDT,ENTRY,0.079,1737.9885599999998
2022-08-06,FTMUSDT,ENTRY,363.0,0.3817908
2022-08-06,MATICUSDT,TARGET_ZERO,-129.9638292710846,0.9271362000000001
2022-08-06,XRPUSDT,TARGET_ZERO,-481.20000000000005,0.3760119
2022-08-07,AVAXUSDT,ENTRY,5.0,26.65332
2022-08-07,ETHUSDT,TARGET_ZERO,-0.079,1688.99508
2022-08-07,UNFIUSDT,ADJUST,-3.7,9.200397500000001
2022-08-09,FTMUSDT,TARGET_ZERO,-363.0,0.3790104
2022-08-09,NEARUSDT,ENTRY,28.0,5.4887429999999995
2022-08-10,1000SHIBUSDT,ENTRY,18008.0,0.0120350145
2022-08-10,APEUSDT,TARGET_ZERO,-14.0,7.013491500000001
2022-08-10,FTMUSDT,ENTRY,410.0,0.37238609999999994
2022-08-10,UNFIUSDT,TARGET_ZERO,-14.5,8.379808
2022-08-11,1000SHIBUSDT,TARGET_ZERO,-18008.0,0.01237381
2022-08-11,DOTUSDT,ENTRY,19.0,9.5257605
2022-08-11,FTMUSDT,TARGET_ZERO,-410.0,0.40889545000000005
2022-08-11,MATICUSDT,ENTRY,175.9330783461686,0.9380687999999999
2022-08-12,DOTUSDT,TARGET_ZERO,-19.0,9.185405
2022-08-12,ETHUSDT,ENTRY,0.107,1880.2896749999998
2022-08-13,NEARUSDT,TARGET_ZERO,-28.0,5.9690140000000005
2022-08-13,SOLUSDT,ENTRY,4.04,45.472725
2022-08-15,BNBUSDT,TARGET_ZERO,-0.68,317.431205
2022-08-15,NEARUSDT,ENTRY,28.0,5.6158065
2022-08-16,1000SHIBUSDT,ENTRY,12368.0,0.015264628499999999
2022-08-16,AVAXUSDT,TARGET_ZERO,-5.0,27.856065
2022-08-16,DOGEUSDT,ENTRY,2689.0,0.076628295
2022-08-16,NEARUSDT,TARGET_ZERO,-28.0,5.393302
2022-08-17,ETHUSDT,TARGET_ZERO,-0.107,1874.8521050000002
2022-08-17,TRBUSDT,ENTRY,3.2,40.50024
2022-08-18,ETHUSDT,ENTRY,0.099,1834.4667749999999
2022-08-18,MATICUSDT,TARGET_ZERO,-175.9330783461686,0.88365795
2022-08-19,BTCUSDT,ENTRY,0.009000000000000001,23196.5925
2022-08-19,SOLUSDT,TARGET_ZERO,-4.04,39.46026
2022-08-19,DOGEUSDT,STOP,-2689.0,0.07090752850000001
2022-08-20,1000SHIBUSDT,ADJUST,-2679.0,0.0131464235
2022-08-20,BNBUSDT,ENTRY,0.35000000000000003,279.129495
2022-08-20,BTCUSDT,TARGET_ZERO,-0.009000000000000001,20814.5875
2022-08-20,DOGEUSDT,ENTRY,1499.0,0.06776386499999999
2022-08-20,ETCUSDT,ADJUST,-1.58,32.8685575
2022-08-20,ETHUSDT,ADJUST,-0.024,1607.4858550000001
2022-08-20,1000SHIBUSDT,STOP,-9689.0,0.012552420650000002
2022-08-20,ETHUSDT,STOP,-0.07500000000000001,1526.3419472499997
2022-08-21,1000SHIBUSDT,ENTRY,9395.0,0.012878435999999998
2022-08-21,UNFIUSDT,ENTRY,12.0,8.900448
2022-08-27,1000SHIBUSDT,ADJUST,-3161.0,0.012415789000000002
2022-08-27,CHZUSDT,ENTRY,722.0,0.207153525
2022-08-27,DOGEUSDT,TARGET_ZERO,-1499.0,0.06342827000000001
2022-08-27,UNFIUSDT,ADJUST,-3.2,7.3473245
2022-08-28,1000SHIBUSDT,ADJUST,-2134.0,0.012146923500000002
2022-08-28,BNBUSDT,TARGET_ZERO,-0.35000000000000003,277.52117000000004
2022-08-28,ETHUSDT,ENTRY,0.023,1490.745
2022-08-29,1000SHIBUSDT,ADJUST,-2058.0,0.011790102
2022-08-29,BNBUSDT,ENTRY,0.19,276.368115
2022-08-29,ETCUSDT,ADJUST,-0.6900000000000001,30.869557500000003
2022-08-29,ETHUSDT,TARGET_ZERO,-0.023,1425.576855
2022-08-29,TRBUSDT,ADJUST,-0.9,37.171405
2022-08-29,ETCUSDT,STOP,-0.8099999999999999,30.346669075000005
2022-08-30,ETCUSDT,ENTRY,0.79,33.506745
2022-08-30,TRBUSDT,STOP,-2.3000000000000003,29.095444999999994
2022-08-31,CHZUSDT,ADJUST,-167.0,0.19648171
2022-08-31,TRBUSDT,ENTRY,1.9000000000000001,22.301144999999998
2022-09-01,1000SHIBUSDT,TARGET_ZERO,-2042.0,0.012081956
2022-09-01,MATICUSDT,ENTRY,45.357599116676916,0.8324159999999999
2022-09-02,EOSUSDT,ENTRY,65.13269127783124,1.48074
2022-09-02,MATICUSDT,TARGET_ZERO,-45.357599116676916,0.8834580500000001
2022-09-06,BNBUSDT,TARGET_ZERO,-0.19,276.56165
2022-09-06,ETCUSDT,ADJUST,0.9500000000000001,39.64281149999999
2022-09-06,ETHUSDT,ENTRY,0.026000000000000002,1617.738465
2022-09-07,ATOMUSDT,ENTRY,13.030000000000001,11.773884
2022-09-07,CHZUSDT,ADJUST,-208.0,0.18478756
2022-09-07,TRBUSDT,ADJUST,0.7000000000000001,15.917955
2022-09-07,UNFIUSDT,TARGET_ZERO,-8.8,6.746625000000001
2022-09-09,ETHUSDT,TARGET_ZERO,-0.026000000000000002,1633.4128850000002
2022-09-09,NEARUSDT,ENTRY,18.0,4.688343
2022-09-10,ETHUSDT,ENTRY,0.054,1718.348745
2022-09-10,TRBUSDT,TARGET_ZERO,-2.6,17.241375
2022-09-11,BTCUSDT,ENTRY,0.006,21650.31975
2022-09-11,ETCUSDT,TARGET_ZERO,-1.7400000000000002,39.2293755
2022-09-11,NEARUSDT,TARGET_ZERO,-18.0,4.809594000000001
2022-09-11,UNFIUSDT,ENTRY,9.9,7.830913499999999
2022-09-12,EOSUSDT,ADJUST,22.58058082787454,1.7118555
2022-09-12,ETCUSDT,ENTRY,1.72,38.51925
2022-09-12,UNFIUSDT,TARGET_ZERO,-9.9,7.874061
2022-09-14,EOSUSDT,ADJUST,-18.999609885047505,1.467266
2022-09-14,ETCUSDT,TARGET_ZERO,-1.72,35.2573625
2022-09-14,ETHUSDT,TARGET_ZERO,-0.054,1571.1240450000003
2022-09-14,FILUSDT,ENTRY,11.5,5.8659315
2022-09-14,MATICUSDT,ENTRY,98.95870230836252,0.8458227
2022-09-14,BTCUSDT,STOP,-0.006,19796.037030000003
2022-09-15,BTCUSDT,ENTRY,0.005,20227.1085
2022-09-16,CHZUSDT,ADJUST,116.0,0.19114552499999998
2022-09-16,ETCUSDT,ENTRY,0.81,35.662822500000004
2022-09-16,FILUSDT,TARGET_ZERO,-11.5,5.7181395
2022-09-16,MATICUSDT,TARGET_ZERO,-98.95870230836252,0.82408775
2022-09-16,SOLUSDT,ENTRY,1.27,33.07653
2022-09-18,CHZUSDT,ADJUST,311.0,0.22541265
2022-09-18,SOLUSDT,TARGET_ZERO,-1.27,33.653165
2022-09-18,XRPUSDT,ENTRY,490.5,0.37628805
2022-09-19,EOSUSDT,ADJUST,-32.9235289754395,1.2713640000000002
2022-09-19,ETCUSDT,TARGET_ZERO,-0.81,29.4722565
2022-09-19,LINKUSDT,ENTRY,15.450000000000001,7.522759499999999
2022-09-19,EOSUSDT,STOP,-35.790133245218776,1.2222885500000005
2022-09-20,APEUSDT,ENTRY,17.0,5.868932999999999
2022-09-20,BTCUSDT,TARGET_ZERO,-0.005,19518.8357
2022-09-20,EOSUSDT,ENTRY,36.73757600973043,1.298649
2022-09-20,LINKUSDT,ADJUST,-5.3,7.2913525
2022-09-21,ATOMUSDT,ADJUST,-3.79,13.902045500000002
2022-09-21,LINKUSDT,ADJUST,-5.16,6.8775595
2022-09-21,XRPUSDT,ADJUST,258.7,0.4136067
2022-09-22,ATOMUSDT,ADJUST,-2.04,13.3583175
2022-09-22,EOSUSDT,ADJUST,-18.73784818352664,1.177411
2022-09-22,LINKUSDT,TARGET_ZERO,-4.990000000000002,6.668664
2022-09-22,RVNUSDT,ENTRY,2774.0,0.03827913
2022-09-23,XRPUSDT,ADJUST,-176.8,0.48545715000000006
2022-09-25,APEUSDT,ADJUST,-7.0,5.4142915
2022-09-26,EOSUSDT,TARGET_ZERO,-17.99972782620379,1.163418
2022-09-26,LINKUSDT,ENTRY,4.66,7.864930499999999
2022-09-26,XRPUSDT,ADJUST,-128.0,0.49095440000000007
2022-09-27,LINKUSDT,TARGET_ZERO,-4.66,7.932032
2022-09-27,SOLUSDT,ENTRY,1.1400000000000001,33.876929999999994
2022-09-28,RVNUSDT,ADJUST,-1015.0,0.036371805
2022-09-28,XRPUSDT,ADJUST,-95.60000000000001,0.44517730000000005
2022-09-29,ATOMUSDT,ADJUST,-2.05,12.977508
2022-09-30,ATOMUSDT,ADJUST,-1.3800000000000001,12.759617
2022-09-30,SOLUSDT,TARGET_ZERO,-1.1400000000000001,33.903040000000004
2022-10-02,APEUSDT,TARGET_ZERO,-10.0,5.2443765
2022-10-02,BNBUSDT,ENTRY,0.23,282.95140499999997
2022-10-02,ATOMUSDT,STOP,-3.7700000000000022,12.310491675
2022-10-03,ATOMUSDT,ENTRY,3.94,11.9889915
2022-10-03,CHZUSDT,ADJUST,-280.0,0.215482205
2022-10-03,LINKUSDT,ENTRY,4.93,7.109552999999999
2022-10-04,BNBUSDT,ADJUST,0.27,286.98341999999997
2022-10-04,BTCUSDT,ENTRY,0.003,19631.71095
2022-10-04,LINKUSDT,TARGET_ZERO,-4.93,7.319338500000001
2022-10-05,BTCUSDT,ADJUST,0.003,20343.066450000002
2022-10-07,RVNUSDT,ADJUST,596.0,0.03613806
2022-10-08,BNBUSDT,TARGET_ZERO,-0.5,282.008925
2022-10-08,DOGEUSDT,ENTRY,2318.0,0.062351159999999996
2022-10-09,ATOMUSDT,ADJUST,3.96,13.144568999999999
2022-10-09,BTCUSDT,TARGET_ZERO,-0.006,19396.59685
2022-10-09,MATICUSDT,ENTRY,132.71529962888079,0.81450705
2022-10-09,RSRUSDT,ENTRY,8759.0,0.007672834499999999
2022-10-09,RVNUSDT,TARGET_ZERO,-2355.0,0.03520239
2022-10-10,CHZUSDT,STOP,-494.0,0.20461614075000004
2022-10-11,ATOMUSDT,ADJUST,-2.0,12.419787000000001
2022-10-11,BTCUSDT,ENTRY,0.003,19133.66205
2022-10-11,CHZUSDT,ENTRY,441.0,0.18916453499999997
2022-10-11,DOGEUSDT,ADJUST,-639.0,0.05931033
2022-10-11,MATICUSDT,TARGET_ZERO,-132.71529962888079,0.8127934000000001
2022-10-13,ATOMUSDT,ADJUST,-2.43,11.7231355
2022-10-14,CHZUSDT,ADJUST,-273.0,0.18401794500000002
2022-10-15,DOGEUSDT,TARGET_ZERO,-1679.0,0.05858069500000001
2022-10-15,RSRUSDT,ADJUST,-1805.0,0.006098949
2022-10-16,XRPUSDT,ADJUST,116.5,0.48184079999999996
2022-10-17,ATOMUSDT,ADJUST,-1.48,11.685154500000001
2022-10-17,CHZUSDT,ADJUST,-77.0,0.18124933000000001
2022-10-17,RSRUSDT,ADJUST,-3526.0,0.006182907
2022-10-17,XRPUSDT,ADJUST,-264.6,0.47596190000000005
2022-10-18,ATOMUSDT,TARGET_ZERO,-1.9900000000000002,12.416788500000001
2022-10-18,BTCUSDT,ADJUST,0.005,19550.47035
2022-10-18,CHZUSDT,ADJUST,99.0,0.18739365
2022-10-18,ETHUSDT,ENTRY,0.053,1331.2853099999998
2022-10-18,REEFUSDT,ENTRY,38027.0,0.0068944455
2022-10-18,RSRUSDT,ADJUST,3137.0,0.00708354
2022-10-18,XRPUSDT,ADJUST,220.60000000000002,0.48034005
2022-10-19,CHZUSDT,TARGET_ZERO,-190.0,0.18313838500000001
2022-10-19,MATICUSDT,ENTRY,237.26091164120405,0.86393175
2022-10-20,BTCUSDT,ADJUST,-0.003,19107.041699999998
2022-10-20,ETHUSDT,ADJUST,-0.024,1283.8077750000002
2022-10-20,MATICUSDT,ADJUST,-120.41627689767024,0.84367795
2022-10-20,REEFUSDT,ADJUST,-19075.0,0.00711644
2022-10-20,RSRUSDT,ADJUST,-3138.0,0.0061779095
2022-10-20,XRPUSDT,ADJUST,-232.10000000000002,0.44987495000000005
2022-10-21,BTCUSDT,TARGET_ZERO,-0.005,19025.2826
2022-10-21,CHZUSDT,ENTRY,94.0,0.168134025
2022-10-21,XRPUSDT,ADJUST,-49.900000000000006,0.44607685
2022-10-22,REEFUSDT,ADJUST,-3826.0,0.0064037965
2022-10-22,REEFUSDT,STOP,-15126.0,0.0060519725
2022-10-23,REEFUSDT,ENTRY,15136.0,0.006041019
2022-10-24,CHZUSDT,TARGET_ZERO,-94.0,0.18532729
2022-10-24,ETHUSDT,ADJUST,0.058,1364.111715
2022-10-24,SUSHIUSDT,ENTRY,44.0,1.4377185
2022-10-25,CHZUSDT,ENTRY,196.0,0.19265627999999999
2022-10-25,RSRUSDT,TARGET_ZERO,-3427.0,0.0056881545000000006
2022-10-26,REEFUSDT,ADJUST,-3296.0,0.0055182395
2022-10-27,BTCUSDT,ENTRY,0.014,20768.7792
2022-10-27,CHZUSDT,TARGET_ZERO,-196.0,0.20158915500000002
2022-10-27,DOGEUSDT,ENTRY,4833.0,0.07265631
2022-10-27,ETHUSDT,ADJUST,0.053,1566.2327249999998
2022-10-27,MATICUSDT,ADJUST,211.66718922546892,0.9374685
2022-10-27,REEFUSDT,ADJUST,12658.0,0.00566283
2022-10-27,SUSHIUSDT,ADJUST,84.0,1.6698344999999999
2022-10-27,XRPUSDT,TARGET_ZERO,-139.30000000000004,0.46836570000000005
2022-10-28,BTCUSDT,ADJUST,-0.006,20275.4572
2022-10-28,DOGEUSDT,ADJUST,-2806.0,0.07680158000000001
2022-10-28,ETHUSDT,ADJUST,-0.07200000000000001,1512.94315
2022-10-28,MATICUSDT,ADJUST,-169.11970488052052,0.9028483500000001
2022-10-28,REEFUSDT,ADJUST,-14809.0,0.005404296500000001
2022-10-28,SUSHIUSDT,ADJUST,-63.0,1.6081955000000001
2022-10-29,ATOMUSDT,ENTRY,15.36,13.534764
2022-10-29,BNBUSDT,ENTRY,1.43,297.998925
2022-10-29,BTCUSDT,TARGET_ZERO,-0.008,20572.40865
2022-10-29,DOGEUSDT,ADJUST,1337.0,0.08385190499999999
2022-10-29,ETHUSDT,TARGET_ZERO,-0.06799999999999998,1553.0231
2022-10-29,MATICUSDT,ADJUST,151.18397886898978,0.9442718999999999
2022-10-29,REEFUSDT,TARGET_ZERO,-9689.0,0.005419289
2022-10-29,SUSHIUSDT,ADJUST,58.0,1.7088539999999999
2022-10-29,XRPUSDT,ENTRY,417.3,0.47423699999999996
2022-10-30,ATOMUSDT,TARGET_ZERO,-15.36,13.455269000000001
2022-10-30,BTCUSDT,ENTRY,0.016,20807.09835
2022-10-30,DOGEUSDT,ADJUST,-1054.0,0.12162915500000002
2022-10-31,ATOMUSDT,ENTRY,13.44,13.921957499999998
2022-10-31,XRPUSDT,TARGET_ZERO,-417.3,0.4575711
2022-11-01,MATICUSDT,ADJUST,-85.47690549468936,0.901549
2022-11-02,ATOMUSDT,TARGET_ZERO,-13.44,14.0639645
2022-11-02,CHZUSDT,ENTRY,648.0,0.22795391999999998
2022-11-02,DOGEUSDT,ADJUST,-668.0,0.141938995
2022-11-03,1000SHIBUSDT,ENTRY,11181.0,0.0117588765
2022-11-03,MATICUSDT,TARGET_ZERO,-225.0991924627826,0.8722636500000001
2022-11-04,1000SHIBUSDT,TARGET_ZERO,-11181.0,0.011724135000000002
2022-11-04,MATICUSDT,ENTRY,249.51590418490832,0.9512753999999999
2022-11-05,BTCUSDT,TARGET_ZERO,-0.016,21127.0312
2022-11-05,CHZUSDT,TARGET_ZERO,-648.0,0.25638174500000005
2022-11-05,DOGEUSDT,ADJUST,-555.0,0.12595699
2022-11-05,LINKUSDT,ENTRY,23.27,8.716356
2022-11-05,SUSHIUSDT,ADJUST,-32.0,1.9790100000000002
2022-11-05,XRPUSDT,ENTRY,455.6,0.506253
2022-11-07,BNBUSDT,ADJUST,-0.36,337.521155
2022-11-07,CHZUSDT,ENTRY,738.0,0.27303645
2022-11-07,DOGEUSDT,ADJUST,-275.0,0.11458268
2022-11-07,LINKUSDT,TARGET_ZERO,-23.27,8.091952000000001
2022-11-07,DOGEUSDT,STOP,-812.0,0.107674136
2022-11-08,DOGEUSDT,ENTRY,838.0,0.11121558
2022-11-08,MATICUSDT,ADJUST,-58.35443202840639,1.25587175
2022-11-08,BNBUSDT,STOP,-1.0699999999999998,316.83350400000006
2022-11-08,CHZUSDT,STOP,-738.0,0.21405241561816182
2022-11-08,MATICUSDT,STOP,-191.16147215650193,1.0284305275
2022-11-08,SUSHIUSDT,STOP,-91.0,1.4831080750000003
2022-11-08,XRPUSDT,STOP,-455.6,0.4355298911175
2022-11-09,BNBUSDT,ENTRY,0.78,327.133485
2022-11-09,CHZUSDT,ENTRY,580.0,0.21329659499999998
2022-11-09,LINKUSDT,ENTRY,15.14,7.705850999999999
2022-11-09,MATICUSDT,ENTRY,187.84460090386779,1.0439217
2022-11-09,SUSHIUSDT,ENTRY,53.0,1.3896944999999998
2022-11-09,BNBUSDT,STOP,-0.78,269.7699337656356
2022-11-09,MATICUSDT,STOP,-187.84460090386779,0.7649214982760464
2022-11-10,BNBUSDT,ENTRY,0.12,266.66326499999997
2022-11-10,CHZUSDT,TARGET_ZERO,-580.0,0.154472725
2022-11-10,LINKUSDT,TARGET_ZERO,-15.14,6.223886500000001
2022-11-10,MATICUSDT,ENTRY,52.833632012870225,0.8163079499999999
2022-11-10,OPUSDT,ENTRY,13.4,0.7810903499999999
2022-11-10,SUSHIUSDT,ADJUST,-32.0,1.0144925
2022-11-10,XRPUSDT,ENTRY,43.400000000000006,0.332166
2022-11-11,DOGEUSDT,ADJUST,-250.0,0.08967514
2022-11-13,MASKUSDT,ENTRY,19.0,3.227613
2022-11-13,OPUSDT,TARGET_ZERO,-13.4,0.9203396
2022-11-15,SUSHIUSDT,ADJUST,-4.0,1.2703645
2022-11-19,LTCUSDT,ENTRY,0.9470000000000001,62.631299999999996
2022-11-19,XRPUSDT,TARGET_ZERO,-43.400000000000006,0.38250865
2022-11-21,BNBUSDT,TARGET_ZERO,-0.12,263.97794500000003
2022-11-21,MATICUSDT,ADJUST,-26.772716960893447,0.8058968500000001
2022-11-21,XRPUSDT,ENTRY,35.800000000000004,0.36088035
2022-11-22,DYDXUSDT,ENTRY,34.1,1.846923
2022-11-22,XRPUSDT,TARGET_ZERO,-35.800000000000004,0.36401790000000006
2022-11-23,LTCUSDT,ADJUST,0.612,70.63529999999999
2022-11-24,DYDXUSDT,ADJUST,-8.0,2.024987
2022-11-25,SUSHIUSDT,TARGET_ZERO,-17.0,1.167416
2022-11-25,XRPUSDT,ENTRY,72.2,0.40190085
2022-11-28,MATICUSDT,TARGET_ZERO,-26.060915051976778,0.8429783000000001
2022-11-28,SUSHIUSDT,ENTRY,24.0,1.268634
2022-11-29,DOGEUSDT,ADJUST,254.0,0.09510753
2022-11-30,BANDUSDT,ENTRY,28.900000000000002,1.8225108
2022-11-30,SUSHIUSDT,ADJUST,20.0,1.3876935
2022-11-30,XRPUSDT,TARGET_ZERO,-72.2,0.3976011
2022-12-02,DOGEUSDT,ADJUST,296.0,0.101720835
2022-12-02,MATICUSDT,ENTRY,66.19610053937356,0.9088542
2022-12-02,SUSHIUSDT,TARGET_ZERO,-44.0,1.385307
2022-12-03,MATICUSDT,ADJUST,28.898970180543657,0.9484739999999999
2022-12-12,APEUSDT,ENTRY,12.0,4.294146
2022-12-12,DOGEUSDT,ADJUST,-256.0,0.092563695
2022-12-12,MATICUSDT,TARGET_ZERO,-95.09507071991722,0.89105425
2022-12-12,DOGEUSDT,STOP,-882.0,0.08071362300000001
2022-12-13,DOGEUSDT,ENTRY,679.0,0.09025510499999999
2022-12-14,APEUSDT,TARGET_ZERO,-12.0,4.075961
2022-12-14,BTCUSDT,ENTRY,0.01,17785.98855
2022-12-14,DYDXUSDT,TARGET_ZERO,-26.1,1.65917
2022-12-14,ETHUSDT,ENTRY,0.081,1321.710525
2022-12-15,APEUSDT,ENTRY,12.0,4.024011
2022-12-15,BANDUSDT,TARGET_ZERO,-28.900000000000002,1.93753075
2022-12-15,MASKUSDT,ADJUST,-5.0,3.0474755
2022-12-16,APEUSDT,TARGET_ZERO,-12.0,3.966016
2022-12-16,DYDXUSDT,ENTRY,29.400000000000002,1.6278134999999998
2022-12-16,LTCUSDT,ADJUST,-0.562,72.373795
2022-12-16,BTCUSDT,STOP,-0.01,16528.1058679725
2022-12-16,ETHUSDT,STOP,-0.081,1165.5683855604293
2022-12-16,MASKUSDT,STOP,-14.0,2.5053966750000005
2022-12-17,DOGEUSDT,ADJUST,-181.0,0.07560218
2022-12-17,DYDXUSDT,ADJUST,-10.8,1.3993
2022-12-17,MASKUSDT,ENTRY,12.0,2.479239
2022-12-17,MATICUSDT,ENTRY,30.56357357287173,0.7951973999999999
2022-12-17,XRPUSDT,ENTRY,83.60000000000001,0.3509754
2022-12-17,LTCUSDT,STOP,-0.9970000000000001,64.29533625000002
2022-12-18,LTCUSDT,ENTRY,0.9570000000000001,64.882425
2022-12-20,DOGEUSDT,ADJUST,-305.0,0.07126435
2022-12-20,MASKUSDT,ADJUST,-7.0,2.184907
2022-12-20,MATICUSDT,TARGET_ZERO,-30.56357357287173,0.7728134000000001
2022-12-21,DYDXUSDT,STOP,-18.6,1.1990866928481778
2022-12-27,BTCUSDT,ENTRY,0.003,16921.2564
2022-12-27,ETHUSDT,ENTRY,0.029,1228.183785
2022-12-27,LTCUSDT,ADJUST,0.548,70.765365
2022-12-27,XRPUSDT,ADJUST,102.9,0.36568274999999995
2022-12-28,APEUSDT,ENTRY,5.0,3.6468225
2022-12-28,BTCUSDT,TARGET_ZERO,-0.003,16689.8509
2022-12-28,EOSUSDT,ENTRY,32.035891349484814,0.8954475
2022-12-28,ETHUSDT,TARGET_ZERO,-0.029,1210.684355
2022-12-29,EOSUSDT,TARGET_ZERO,-32.035891349484814,0.869565
2022-12-30,DOGEUSDT,ADJUST,71.0,0.07093545
2022-12-30,OCEANUSDT,ENTRY,278.0,0.16516254
2022-12-30,XRPUSDT,ADJUST,-94.5,0.34172905
2022-12-30,DOGEUSDT,STOP,-264.0,0.06567564575
2022-12-31,DOGEUSDT,ENTRY,253.0,0.06839418
2023-01-01,OCEANUSDT,ADJUST,-81.0,0.1633183
2023-01-02,XRPUSDT,STOP,-92.0,0.32334824500000003
2023-01-03,APEUSDT,ADJUST,2.0,3.9509744999999996
2023-01-03,XRPUSDT,ENTRY,84.80000000000001,0.3479739
2023-01-04,APEUSDT,TARGET_ZERO,-7.0,3.9960010000000006
2023-01-04,SOLUSDT,ENTRY,1.31,13.332663
2023-01-05,APEUSDT,ENTRY,14.0,4.050024
2023-01-05,ETCUSDT,ENTRY,2.82,19.18959
2023-01-05,ETHUSDT,ENTRY,0.037,1257.018195
2023-01-05,MASKUSDT,TARGET_ZERO,-5.0,2.3238375000000002
2023-01-05,OCEANUSDT,ADJUST,247.0,0.17726859
2023-01-05,SOLUSDT,TARGET_ZERO,-1.31,13.397298000000001
2023-01-05,XRPUSDT,TARGET_ZERO,-84.80000000000001,0.34672655
2023-01-06,ADAUSDT,ENTRY,281.0,0.26923455
2023-01-06,DOGEUSDT,TARGET_ZERO,-253.0,0.07144426000000001
2023-01-06,ETHUSDT,TARGET_ZERO,-0.037,1250.45446
2023-01-06,LTCUSDT,ADJUST,0.59,74.25711
2023-01-06,SOLUSDT,ENTRY,2.69,13.423708499999998
2023-01-07,ADAUSDT,TARGET_ZERO,-281.0,0.27816085
2023-01-07,APEUSDT,TARGET_ZERO,-14.0,4.031983
2023-01-07,BNBUSDT,ENTRY,0.39,259.819845
2023-01-07,BTCUSDT,ENTRY,0.009000000000000001,16952.37195
2023-01-07,ETCUSDT,ADJUST,2.5100000000000002,20.4252075
2023-01-07,ETHUSDT,ENTRY,0.08600000000000001,1269.17427
2023-01-07,SOLUSDT,TARGET_ZERO,-2.69,13.477258
2023-01-09,APEUSDT,ENTRY,32.0,4.4472225
2023-01-09,BNBUSDT,TARGET_ZERO,-0.39,274.56265
2023-01-09,ETHUSDT,TARGET_ZERO,-0.08600000000000001,1288.9951800000001
2023-01-09,SOLUSDT,ENTRY,3.68,14.471231999999999
2023-01-10,BTCUSDT,TARGET_ZERO,-0.009000000000000001,17161.015199999998
2023-01-10,LTCUSDT,ADJUST,0.75,81.690825
2023-01-10,MASKUSDT,ENTRY,23.0,2.619309
2023-01-11,ETHUSDT,ENTRY,0.179,1335.957645
2023-01-11,MASKUSDT,TARGET_ZERO,-23.0,2.672663
2023-01-11,OCEANUSDT,TARGET_ZERO,-444.0,0.23301343500000002
2023-01-11,RLCUSDT,ENTRY,85.60000000000001,1.4513252999999997
2023-01-12,BTCUSDT,ENTRY,0.018000000000000002,17944.567799999997
2023-01-12,ETCUSDT,TARGET_ZERO,-5.33,20.496746500000004
2023-01-13,OCEANUSDT,ENTRY,482.0,0.24740363999999998
2023-01-13,SOLUSDT,TARGET_ZERO,-3.68,16.575708
2023-01-14,APEUSDT,TARGET_ZERO,-32.0,4.9445265
2023-01-14,BTCUSDT,ADJUST,0.011,19934.26215
2023-01-14,ETHUSDT,ADJUST,0.105,1451.675475
2023-01-14,FTMUSDT,ENTRY,952.0,0.29324655
2023-01-14,OCEANUSDT,ADJUST,223.0,0.260860365
2023-01-14,RLCUSDT,ADJUST,47.0,1.5957975
2023-01-16,FTMUSDT,TARGET_ZERO,-952.0,0.3260369
2023-01-16,SOLUSDT,ENTRY,5.69,22.9144515
2023-01-17,BTCUSDT,ADJUST,-0.006,21177.605900000002
2023-01-17,ETHUSDT,ADJUST,-0.061,1576.461375
2023-01-19,RLCUSDT,ADJUST,-34.1,1.5056468
2023-01-20,MATICUSDT,ENTRY,252.3276100016977,0.9531763499999999
2023-01-20,RLCUSDT,TARGET_ZERO,-98.50000000000003,1.54352785
2023-01-21,LDOUSDT,ENTRY,39.0,2.34947415
2023-01-21,MATICUSDT,TARGET_ZERO,-252.3276100016977,1.02658645
2023-01-21,OCEANUSDT,ADJUST,-220.0,0.28335825
2023-01-21,SOLUSDT,TARGET_ZERO,-5.69,25.500243500000003
2023-01-21,XRPUSDT,ENTRY,584.0,0.41270624999999994
2023-01-22,APEUSDT,ENTRY,29.0,5.5117545
2023-01-22,LDOUSDT,TARGET_ZERO,-39.0,2.3950019
2023-01-23,APEUSDT,TARGET_ZERO,-29.0,5.53723
2023-01-23,ETHUSDT,ADJUST,-0.044,1627.3159350000003
2023-01-23,OCEANUSDT,ADJUST,-97.0,0.31164410000000003
2023-01-23,OPUSDT,ENTRY,68.9,2.1838914
2023-01-24,APEUSDT,ENTRY,27.0,5.5997985
2023-01-24,GALAUSDT,ENTRY,2054.0,0.0530265
2023-01-24,OCEANUSDT,TARGET_ZERO,-388.0,0.356371725
2023-01-24,OPUSDT,TARGET_ZERO,-68.9,2.16821535
2023-01-26,BTCUSDT,ADJUST,-0.006,23049.0697
2023-01-26,OPUSDT,ENTRY,52.300000000000004,2.3826907499999996
2023-01-26,XRPUSDT,TARGET_ZERO,-584.0,0.41669155
2023-01-27,OPUSDT,TARGET_ZERO,-52.300000000000004,2.21519185
2023-01-27,XRPUSDT,ENTRY,535.9,0.40920449999999997
2023-01-28,OPUSDT,ENTRY,48.1,2.2792390499999997
2023-01-28,XRPUSDT,TARGET_ZERO,-535.9,0.41249365000000004
2023-01-30,ETHUSDT,ADJUST,-0.038,1644.8471650000001
2023-01-31,APEUSDT,TARGET_ZERO,-27.0,5.7980995
2023-01-31,AVAXUSDT,ENTRY,6.0,19.757874
2023-01-31,BTCUSDT,ADJUST,-0.003,22808.490050000004
2023-01-31,ETHUSDT,TARGET_ZERO,-0.141,1565.1470350000002
2023-01-31,MANAUSDT,ENTRY,147.0,0.7528762499999999
2023-02-03,FTMUSDT,ENTRY,258.0,0.6089043
2023-02-03,MANAUSDT,TARGET_ZERO,-147.0,0.78410775
2023-02-04,AVAXUSDT,ADJUST,2.0,21.3876885
2023-02-05,1000SHIBUSDT,ENTRY,12960.0,0.01472736
2023-02-05,BTCUSDT,TARGET_ZERO,-0.014000000000000002,23310.9387
2023-02-05,OPUSDT,ADJUST,-9.700000000000001,2.9941022000000004
2023-02-06,BTCUSDT,ENTRY,0.013000000000000001,22940.764649999997
2023-02-06,GALAUSDT,TARGET_ZERO,-2054.0,0.053992990000000005
2023-02-07,AVAXUSDT,TARGET_ZERO,-8.0,19.566212
2023-02-07,ETHUSDT,ENTRY,0.14,1614.696945
2023-02-08,BTCUSDT,TARGET_ZERO,-0.013000000000000001,23222.48295
2023-02-08,FTMUSDT,ADJUST,-52.0,0.58840565
2023-02-08,MATICUSDT,ENTRY,167.52369965882008,1.27133535
2023-02-09,FTMUSDT,STOP,-206.0,0.46902537000000005
2023-02-10,DYDXUSDT,ENTRY,39.900000000000006,2.5182585
2023-02-10,ETHUSDT,TARGET_ZERO,-0.14,1543.8976650000002
2023-02-10,FTMUSDT,ENTRY,186.0,0.44892434999999997
2023-02-11,BTCUSDT,ENTRY,0.011,21629.409299999996
2023-02-11,FTMUSDT,TARGET_ZERO,-186.0,0.43548215
2023-02-12,BTCUSDT,TARGET_ZERO,-0.011,21840.274400000002
2023-02-12,SANDUSDT,ENTRY,144.0,0.74607285
2023-02-13,BTCUSDT,ENTRY,0.012,21781.8855
2023-02-13,SANDUSDT,TARGET_ZERO,-144.0,0.7020488
2023-02-14,FTMUSDT,ENTRY,179.0,0.4630314
2023-02-14,LTCUSDT,TARGET_ZERO,-2.845,90.944505
2023-02-16,ADAUSDT,ENTRY,517.0,0.41950964999999996
2023-02-16,BTCUSDT,ADJUST,0.005,24344.86635
2023-02-16,DYDXUSDT,TARGET_ZERO,-39.900000000000006,2.9875055
2023-02-16,ETHUSDT,ENTRY,0.184,1675.827495
2023-02-16,FTMUSDT,TARGET_ZERO,-179.0,0.5695151
2023-02-16,LTCUSDT,ENTRY,2.6710000000000003,102.87140999999998
2023-02-16,OPUSDT,TARGET_ZERO,-38.4,2.8170907499999998
2023-02-21,ADAUSDT,TARGET_ZERO,-517.0,0.40369805000000003
2023-02-21,SOLUSDT,ENTRY,6.890000000000001,26.303144999999997
2023-02-24,1000SHIBUSDT,TARGET_ZERO,-12960.0,0.0131304315
2023-02-24,OPUSDT,ENTRY,43.1,2.875437
2023-02-25,BTCUSDT,ADJUST,-0.003,23163.91225
2023-02-25,LDOUSDT,ENTRY,35.0,2.8723354499999996
2023-02-25,LTCUSDT,TARGET_ZERO,-2.6710000000000003,91.464245
2023-02-25,MATICUSDT,ADJUST,-36.058579676703886,1.2641676
2023-02-25,MATICUSDT,STOP,-131.4651199821162,1.2264614624999999
2023-02-26,MATICUSDT,ENTRY,118.84186379827464,1.2468230999999999
2023-03-01,DYDXUSDT,ENTRY,41.0,2.9184585
2023-03-01,SOLUSDT,TARGET_ZERO,-6.890000000000001,21.8660615
2023-03-02,DYDXUSDT,ADJUST,13.9,3.2406194999999998
2023-03-02,LTCUSDT,ENTRY,3.0300000000000002,97.778865
2023-03-02,MATICUSDT,TARGET_ZERO,-118.84186379827464,1.24787575
2023-03-03,LDOUSDT,ADJUST,13.0,3.01940895
2023-03-03,BTCUSDT,STOP,-0.014000000000000002,22111.2238575
2023-03-04,BTCUSDT,ENTRY,0.01,22353.9714
2023-03-04,DYDXUSDT,ADJUST,-19.0,2.6136925000000004
2023-03-04,ETHUSDT,ADJUST,-0.039,1568.065575
2023-03-04,FILUSDT,ENTRY,16.400000000000002,6.257126999999999
2023-03-04,LTCUSDT,TARGET_ZERO,-3.0300000000000002,90.46474500000001
2023-03-04,DYDXUSDT,STOP,-35.9,2.3838574749999997
2023-03-05,LDOUSDT,ADJUST,-14.0,2.55082395
2023-03-05,SOLUSDT,ENTRY,5.01,20.986487999999998
2023-03-07,MATICUSDT,ENTRY,93.96714648637924,1.1311653
2023-03-07,SOLUSDT,TARGET_ZERO,-5.01,20.6106895
2023-03-09,MATICUSDT,ADJUST,-29.070699806365027,1.0490752
2023-03-09,OPUSDT,ADJUST,-13.700000000000001,2.2316836
2023-03-09,ETHUSDT,STOP,-0.145,1473.6188220000001
2023-03-10,BTCUSDT,TARGET_ZERO,-0.01,20338.225800000004
2023-03-10,DYDXUSDT,ENTRY,10.200000000000001,2.0560275
2023-03-10,FILUSDT,ADJUST,-8.700000000000001,5.5022475
2023-03-10,LDOUSDT,ADJUST,-19.0,2.2756616000000003
2023-03-10,MATICUSDT,ADJUST,-31.447583331720914,1.01519215
2023-03-10,OPUSDT,ADJUST,-19.6,2.19880005
2023-03-10,XRPUSDT,ENTRY,171.10000000000002,0.3705852
2023-03-10,LDOUSDT,STOP,-15.0,2.1530379425000006
2023-03-10,OPUSDT,STOP,-9.799999999999997,2.0861713925
2023-03-11,FILUSDT,ADJUST,-1.7000000000000002,5.305346
2023-03-11,LDOUSDT,ENTRY,15.0,2.30525205
2023-03-11,OPUSDT,ENTRY,9.9,2.1344667
2023-03-12,ETHUSDT,ENTRY,0.021,1471.7655149999998
2023-03-12,LDOUSDT,ADJUST,-5.0,2.1261364000000005
2023-03-12,OPUSDT,TARGET_ZERO,-9.9,1.88295805
2023-03-12,XRPUSDT,TARGET_ZERO,-171.10000000000002,0.3634182
2023-03-14,ETHUSDT,ADJUST,0.036000000000000004,1674.746955
2023-03-14,LDOUSDT,TARGET_ZERO,-10.0,2.6700643000000004
2023-03-14,MATICUSDT,ADJUST,15.07526213179412,1.19349645
2023-03-14,OPUSDT,ENTRY,8.3,2.61640755
2023-03-15,BTCUSDT,ENTRY,0.003,24694.841249999998
2023-03-15,LDOUSDT,ENTRY,13.0,2.75587725
2023-03-15,OPUSDT,TARGET_ZERO,-8.3,2.7082452000000004
2023-03-16,DYDXUSDT,ADJUST,3.7,2.2711349999999997
2023-03-17,BNBUSDT,ENTRY,0.34,329.214525
2023-03-17,BTCUSDT,ADJUST,0.006,25002.99525
2023-03-17,LDOUSDT,TARGET_ZERO,-13.0,2.3884052000000002
2023-03-18,BNBUSDT,ADJUST,0.92,338.78931
2023-03-18,BTCUSDT,ADJUST,0.006,27397.591949999998
2023-03-18,DYDXUSDT,ADJUST,10.3,2.7023505
2023-03-18,ETHUSDT,ADJUST,0.169,1790.104605
2023-03-18,FILUSDT,ADJUST,7.9,6.3941954999999995
2023-03-18,MATICUSDT,ADJUST,39.997299357705124,1.2234114
2023-03-19,BNBUSDT,ADJUST,-0.61,330.65459
2023-03-19,BTCUSDT,ADJUST,-0.006,26893.5465
2023-03-19,DYDXUSDT,ADJUST,-11.700000000000001,2.660669
2023-03-19,ETHUSDT,ADJUST,-0.107,1757.64074
2023-03-19,FILUSDT,ADJUST,-6.6000000000000005,5.87706
2023-03-19,MATICUSDT,ADJUST,-41.9020922485074,1.16931505
2023-03-20,BNBUSDT,ADJUST,0.54,335.9679
2023-03-20,BTCUSDT,ADJUST,0.005,27969.777899999997
2023-03-20,DYDXUSDT,ADJUST,10.700000000000001,2.7363674999999996
2023-03-20,ETHUSDT,ADJUST,0.099,1780.86999
2023-03-20,FILUSDT,ADJUST,6.2,6.2841404999999995
2023-03-20,MATICUSDT,ADJUST,41.124921395053164,1.1659826999999998
2023-03-21,BNBUSDT,ADJUST,-0.55,331.91396
2023-03-21,BTCUSDT,ADJUST,-0.006,27690.24795
2023-03-21,DYDXUSDT,ADJUST,-10.4,2.4897545
2023-03-21,ETHUSDT,ADJUST,-0.10300000000000001,1730.844145
2023-03-21,FILUSDT,ADJUST,-6.1000000000000005,5.713142
2023-03-21,FTMUSDT,ENTRY,77.0,0.45532754999999997
2023-03-21,MATICUSDT,TARGET_ZERO,-87.7442539843383,1.1010492
2023-03-22,FTMUSDT,TARGET_ZERO,-77.0,0.483758
2023-03-22,XRPUSDT,ENTRY,384.70000000000005,0.4697347499999999
2023-03-23,BNBUSDT,ADJUST,-0.15,320.89947
2023-03-23,FILUSDT,ADJUST,-1.7000000000000002,5.6421775
2023-03-24,DYDXUSDT,TARGET_ZERO,-12.800000000000002,2.6216885000000003
2023-03-24,MASKUSDT,ENTRY,14.0,6.178087499999999
2023-03-27,FILUSDT,TARGET_ZERO,-5.700000000000001,5.676160500000001
2023-03-27,LTCUSDT,ENTRY,0.579,93.31663499999999
2023-03-28,BNBUSDT,ADJUST,-0.12,310.03490500000004
2023-03-28,BTCUSDT,ADJUST,-0.002,27098.444000000003
2023-03-28,ETHUSDT,ADJUST,-0.044,1713.48283
2023-03-28,XRPUSDT,ADJUST,-89.5,0.4783607
2023-03-29,FILUSDT,ENTRY,5.800000000000001,5.556777
2023-03-29,LTCUSDT,TARGET_ZERO,-0.579,89.025465
2023-04-01,ETHUSDT,ADJUST,0.03,1821.7204049999998
2023-04-02,AVAXUSDT,ENTRY,4.0,17.796893999999998
2023-04-02,FILUSDT,TARGET_ZERO,-5.800000000000001,5.7571200000000005
2023-04-03,MASKUSDT,ADJUST,-2.0,5.693152
2023-04-03,BNBUSDT,STOP,-0.3699999999999999,300.727561
2023-04-04,AVAXUSDT,TARGET_ZERO,-4.0,17.085453
2023-04-04,BNBUSDT,ENTRY,0.32,308.624235
2023-04-04,DOGEUSDT,ENTRY,849.0,0.096017985
2023-04-04,XRPUSDT,ADJUST,-86.4,0.49545215
2023-04-05,BNBUSDT,TARGET_ZERO,-0.32,310.56464000000005
2023-04-05,MATICUSDT,ENTRY,63.95002982274346,1.138569
2023-04-06,MASKUSDT,ADJUST,-2.0,5.605196
2023-04-08,FILUSDT,ENTRY,13.3,5.7878925
2023-04-08,MATICUSDT,TARGET_ZERO,-63.95002982274346,1.10574685
2023-04-09,DOGEUSDT,TARGET_ZERO,-849.0,0.08124935500000001
2023-04-09,MATICUSDT,ENTRY,73.69768262184071,1.1018506499999998
2023-04-10,BTCUSDT,ADJUST,0.002,28323.5547
2023-04-10,DOGEUSDT,ENTRY,612.0,0.08318157
2023-04-10,MATICUSDT,TARGET_ZERO,-73.69768262184071,1.09974985
2023-04-11,DOGEUSDT,TARGET_ZERO,-612.0,0.08465765
2023-04-11,ETHUSDT,ADJUST,0.035,1909.864455
2023-04-11,FILUSDT,ADJUST,5.4,6.175085999999999
2023-04-11,LTCUSDT,ENTRY,1.182,93.796875
2023-04-14,ADAUSDT,ENTRY,528.0,0.4254126
2023-04-14,FILUSDT,TARGET_ZERO,-18.700000000000003,6.0759605
2023-04-14,FTMUSDT,ENTRY,215.0,0.5114556
2023-04-14,LINAUSDT,ENTRY,4423.900000000001,0.014377185
2023-04-14,LTCUSDT,TARGET_ZERO,-1.182,94.09293000000001
2023-04-14,MASKUSDT,TARGET_ZERO,-10.0,5.573212
2023-04-14,XRPUSDT,ADJUST,70.0,0.51235605
2023-04-15,ADAUSDT,ADJUST,217.0,0.43811895
2023-04-15,BTCUSDT,ADJUST,0.006,30468.226499999997
2023-04-15,ETHUSDT,ADJUST,0.059000000000000004,2100.819885
2023-04-15,FTMUSDT,TARGET_ZERO,-215.0,0.5129434
2023-04-15,LINAUSDT,ADJUST,1814.7,0.01466733
2023-04-15,MASKUSDT,ENTRY,18.0,5.8539255
2023-04-15,XRPUSDT,ADJUST,194.4,0.5230614
2023-04-17,BNBUSDT,ENTRY,1.51,348.03393
2023-04-17,LINAUSDT,TARGET_ZERO,-6238.6,0.014602695
2023-04-17,LINKUSDT,ENTRY,39.96,8.1450705
2023-04-17,MASKUSDT,TARGET_ZERO,-18.0,5.7341315
2023-04-18,ADAUSDT,ADJUST,-235.0,0.43428275
2023-04-18,BNBUSDT,ADJUST,-0.4,340.08987
2023-04-18,BTCUSDT,ADJUST,-0.004,29405.38995
2023-04-18,ETHUSDT,ADJUST,-0.051000000000000004,2073.452755
2023-04-18,LINKUSDT,ADJUST,-10.8,8.1629165
2023-04-19,ADAUSDT,ADJUST,193.0,0.44372174999999997
2023-04-19,BNBUSDT,ADJUST,0.39,343.44163499999996
2023-04-19,ETHUSDT,ADJUST,0.049,2104.341645
2023-04-19,BNBUSDT,STOP,-1.5,321.7261682963378
2023-04-19,XRPUSDT,STOP,-473.20000000000005,0.4639029324999999
2023-04-20,ADAUSDT,ADJUST,-292.0,0.4159919
2023-04-20,BNBUSDT,ENTRY,0.87,322.531185
2023-04-20,ETHUSDT,ADJUST,-0.082,1931.863585
2023-04-20,INJUSDT,ENTRY,12.100000000000001,8.318157
2023-04-20,ETHUSDT,STOP,-0.111,1905.5032717500003
2023-04-20,LINKUSDT,STOP,-29.16,7.5338312
2023-04-21,BTCUSDT,ADJUST,-0.002,28215.785050000002
2023-04-21,ETHUSDT,ENTRY,0.109,1943.0710499999998
2023-04-21,LINKUSDT,ENTRY,21.98,7.5127545
2023-04-21,ADAUSDT,STOP,-411.0,0.39230375000000006
2023-04-21,BTCUSDT,STOP,-0.008000000000000002,27648.638765000003
2023-04-22,ADAUSDT,ENTRY,267.0,0.382191
2023-04-22,BNBUSDT,ADJUST,-0.21,320.91946
2023-04-22,DYDXUSDT,ENTRY,32.300000000000004,2.475237
2023-04-22,ETHUSDT,ADJUST,-0.04,1847.0859950000001
2023-04-22,LINKUSDT,TARGET_ZERO,-21.98,7.104446
2023-04-22,SXPUSDT,ENTRY,79.01999164234327,0.5275636499999999
2023-04-24,BTCUSDT,ENTRY,0.004,27589.68795
2023-04-24,DYDXUSDT,TARGET_ZERO,-32.300000000000004,2.4037975
2023-04-26,INJUSDT,ADJUST,-2.6,8.25587
2023-05-02,ETHUSDT,ADJUST,-0.021,1829.0550150000001
2023-05-04,CTSIUSDT,ENTRY,182.0,0.22881434999999997
2023-05-04,ETHUSDT,TARGET_ZERO,-0.048,1903.78763
2023-05-05,SXPUSDT,ADJUST,30.96894929816824,0.53196585
2023-05-06,ETHUSDT,ENTRY,0.065,1993.546275
2023-05-06,SXPUSDT,TARGET_ZERO,-109.98894094051151,0.5441278
2023-05-07,ADAUSDT,TARGET_ZERO,-267.0,0.3784107
2023-05-07,XRPUSDT,ENTRY,161.3,0.458229
2023-05-08,BNBUSDT,ADJUST,-0.16,320.80951500000003
2023-05-09,BNBUSDT,ADJUST,-0.13,313.39322500000003
2023-05-09,ETHUSDT,ADJUST,-0.018000000000000002,1845.61673
2023-05-09,INJUSDT,ADJUST,-4.4,6.651672500000001
2023-05-09,XRPUSDT,ADJUST,-56.800000000000004,0.42768605000000004
2023-05-11,BNBUSDT,STOP,-0.37,305.2443015
2023-05-11,INJUSDT,STOP,-5.100000000000001,6.06806445
2023-05-12,ADAUSDT,ENTRY,151.0,0.35987985
2023-05-12,BTCUSDT,ADJUST,-0.002,26942.921800000004
2023-05-12,ETHUSDT,ADJUST,-0.012,1792.3533750000001
2023-05-12,INJUSDT,ENTRY,5.300000000000001,5.783890499999999
2023-05-12,XRPUSDT,ADJUST,-40.1,0.4201898
2023-05-12,BTCUSDT,STOP,-0.002,26131.6926175
2023-05-12,ETHUSDT,STOP,-0.035,1737.3408464793104
2023-05-13,ETHUSDT,ENTRY,0.033,1807.433265
2023-05-14,TOMOUSDT,ENTRY,86.67107291122724,0.94317135
2023-05-14,XRPUSDT,TARGET_ZERO,-64.4,0.4235881
2023-05-17,LTCUSDT,ENTRY,0.666,90.00497999999999
2023-05-18,CTSIUSDT,ADJUST,101.0,0.20840415
2023-05-18,LTCUSDT,ADJUST,0.314,93.86690999999999
2023-05-19,ADAUSDT,TARGET_ZERO,-151.0,0.37111435000000004
2023-05-19,MASKUSDT,ENTRY,13.0,4.7373675
2023-05-20,INJUSDT,ADJUST,3.1,7.015505999999999
2023-05-23,CTSIUSDT,TARGET_ZERO,-283.0,0.18060965
2023-05-23,XRPUSDT,ENTRY,147.8,0.46163069999999995
2023-05-24,ADAUSDT,ENTRY,197.0,0.37038509999999997
2023-05-24,ETHUSDT,ADJUST,0.032,1854.2966849999998
2023-05-24,MASKUSDT,TARGET_ZERO,-13.0,4.2148915
2023-05-25,ETHUSDT,ADJUST,-0.022,1797.94058
2023-05-25,INJUSDT,ADJUST,-1.6,6.364816
2023-05-25,LTCUSDT,ADJUST,-0.358,85.73711
2023-05-25,MASKUSDT,ENTRY,8.0,3.9179579999999996
2023-05-25,XRPUSDT,TARGET_ZERO,-147.8,0.4525736
2023-05-26,ADAUSDT,TARGET_ZERO,-197.0,0.35772105000000004
2023-05-26,KAVAUSDT,ENTRY,88.10000000000001,1.09464705
2023-05-26,LINAUSDT,ENTRY,4537.1,0.010595295
2023-05-26,MASKUSDT,TARGET_ZERO,-8.0,3.9290345
2023-05-28,LINAUSDT,TARGET_ZERO,-4537.1,0.012343825000000001
2023-05-28,XRPUSDT,ENTRY,221.20000000000002,0.47143559999999995
2023-05-29,ARPAUSDT,ENTRY,918.0,0.07967982
2023-05-29,ETHUSDT,ADJUST,0.059000000000000004,1909.3141799999999
2023-05-29,INJUSDT,TARGET_ZERO,-6.800000000000001,7.082457000000001
2023-05-29,LINAUSDT,ENTRY,6256.900000000001,0.015017505
2023-05-29,LTCUSDT,TARGET_ZERO,-0.622,91.384285
2023-05-29,TOMOUSDT,ADJUST,-31.12893606879316,1.6241875000000001
2023-05-29,XRPUSDT,ADJUST,98.0,0.482241
2023-05-30,INJUSDT,ENTRY,11.600000000000001,7.407702
2023-05-30,XRPUSDT,TARGET_ZERO,-319.20000000000005,0.49385295
2023-06-01,LINAUSDT,ADJUST,-1304.0,0.02300849
2023-06-03,ETHUSDT,TARGET_ZERO,-0.10200000000000001,1904.637205
2023-06-03,LINAUSDT,ADJUST,-1031.6000000000001,0.021939025
2023-06-03,RNDRUSDT,ENTRY,26.8007401479676,2.5708847999999995
2023-06-03,LINAUSDT,STOP,-3921.3,0.017322334500000005
2023-06-04,KAVAUSDT,TARGET_ZERO,-88.10000000000001,1.00379785
2023-06-04,LINAUSDT,ENTRY,3578.3,0.017518755
2023-06-04,LTCUSDT,ENTRY,1.766,96.078015
2023-06-05,RNDRUSDT,TARGET_ZERO,-26.8007401479676,2.65537165
2023-06-05,XRPUSDT,ENTRY,332.90000000000003,0.53556765
2023-06-05,LTCUSDT,STOP,-1.766,84.19824686336783
2023-06-05,TOMOUSDT,STOP,-55.54213684243408,1.0978458025
2023-06-06,ARPAUSDT,TARGET_ZERO,-918.0,0.052593690000000005
2023-06-06,KAVAUSDT,ENTRY,73.0,1.0141068
2023-06-06,LTCUSDT,ENTRY,1.347,87.70383
2023-06-06,TOMOUSDT,ENTRY,50.25011916504157,1.24092015
2023-06-08,ARPAUSDT,ENTRY,834.0,0.049814895
2023-06-08,INJUSDT,ADJUST,-2.4000000000000004,6.8895535
2023-06-08,KAVAUSDT,TARGET_ZERO,-73.0,0.99240355
2023-06-10,INJUSDT,STOP,-9.200000000000001,6.15482105
2023-06-10,LINAUSDT,STOP,-3578.3,0.010505997373500001
2023-06-10,LTCUSDT,STOP,-1.347,78.44026025000001
2023-06-10,XRPUSDT,STOP,-332.90000000000003,0.4725815983282354
2023-06-11,KAVAUSDT,ENTRY,38.6,0.8028012
2023-06-11,LINAUSDT,ENTRY,4137.3,0.009994995
2023-06-11,RNDRUSDT,ENTRY,10.900383070393849,1.8987488999999997
2023-06-11,XRPUSDT,ENTRY,262.3,0.5067532499999999
2023-06-13,ARPAUSDT,ADJUST,-238.0,0.052273850000000004
2023-06-13,LINAUSDT,ADJUST,-1668.3000000000002,0.016821585000000003
2023-06-14,INJUSDT,ENTRY,2.1,6.024010499999999
2023-06-14,KAVAUSDT,TARGET_ZERO,-38.6,0.80609675
2023-06-15,XRPUSDT,ADJUST,-130.6,0.47936020000000007
2023-06-18,INJUSDT,TARGET_ZERO,-2.1,6.300848
2023-06-19,MTLUSDT,ENTRY,41.0,1.2418206
2023-06-20,TOMOUSDT,ADJUST,-23.27132301524025,1.15092425
2023-06-21,BTCUSDT,ENTRY,0.004,28304.84535
2023-06-21,RNDRUSDT,TARGET_ZERO,-10.900383070393849,2.07606145
2023-06-22,ARPAUSDT,ADJUST,365.0,0.05328663
2023-06-24,BTCUSDT,ADJUST,0.004,30688.83675
2023-06-26,TOMOUSDT,ADJUST,-5.63593590273377,1.4588702
2023-06-27,LINAUSDT,ADJUST,939.9000000000001,0.015227609999999999
2023-06-28,MTLUSDT,ADJUST,14.0,1.29794865
2023-06-28,XRPUSDT,STOP,-131.70000000000002,0.4426535625000001
2023-06-29,ARPAUSDT,TARGET_ZERO,-961.0,0.054322825000000005
2023-06-29,INJUSDT,ENTRY,6.5,7.397697
2023-06-29,RNDRUSDT,ENTRY,14.955696396079325,1.9171580999999998
2023-06-29,TOMOUSDT,ADJUST,8.501513713384227,1.47863895
2023-06-30,RNDRUSDT,TARGET_ZERO,-14.955696396079325,1.9738126000000003
2023-06-30,SOLUSDT,ENTRY,2.1,17.996993999999997
2023-06-30,TOMOUSDT,ADJUST,-11.138489076175137,1.10714615
2023-06-30,TOMOUSDT,STOP,-18.70588488427664,0.9534630300000001
2023-07-01,ETHUSDT,ENTRY,0.079,1934.38671
2023-07-01,INJUSDT,ADJUST,4.6000000000000005,8.024009999999999
2023-07-01,LTCUSDT,ENTRY,1.718,108.704325
2023-07-01,SOLUSDT,TARGET_ZERO,-2.1,18.848571000000003
2023-07-06,ETHUSDT,ADJUST,-0.017,1908.9250600000003
2023-07-06,LTCUSDT,ADJUST,-0.509,102.50872000000001
2023-07-07,BCHUSDT,ENTRY,0.277,274.70728499999996
2023-07-07,BTCUSDT,ADJUST,-0.002,29859.36285
2023-07-07,INJUSDT,ADJUST,-2.6,7.8430765000000005
2023-07-07,LINAUSDT,TARGET_ZERO,-3408.9,0.012713640000000002
2023-07-07,LTCUSDT,STOP,-1.209,94.4877325
2023-07-08,ETCUSDT,ENTRY,3.8000000000000003,19.216603499999998
2023-07-08,LTCUSDT,ENTRY,1.12,98.20907999999999
2023-07-08,MTLUSDT,TARGET_ZERO,-55.0,1.36801565
2023-07-12,ETHUSDT,TARGET_ZERO,-0.062,1876.7211700000003
2023-07-12,SOLUSDT,ENTRY,4.8,22.060024499999997
2023-07-13,COMPUSDT,ENTRY,1.1300000000000001,70.865415
2023-07-13,ETCUSDT,TARGET_ZERO,-3.8000000000000003,18.7536185
2023-07-14,BTCUSDT,ADJUST,0.005,31457.320799999998
2023-07-14,INJUSDT,TARGET_ZERO,-8.500000000000002,8.7566195
2023-07-14,XRPUSDT,ENTRY,230.20000000000002,0.8158076999999999
2023-07-14,XRPUSDT,STOP,-230.20000000000002,0.6893548276612501
2023-07-15,BCHUSDT,TARGET_ZERO,-0.277,263.778045
2023-07-15,INJUSDT,ENTRY,14.8,9.441718499999999
2023-07-15,XRPUSDT,ENTRY,196.5,0.7181588999999999
2023-07-16,ETHUSDT,ENTRY,0.106,1931.3652
2023-07-16,LTCUSDT,TARGET_ZERO,-1.12,94.682635
2023-07-18,BTCUSDT,ADJUST,-0.002,30110.937
2023-07-19,BTCUSDT,TARGET_ZERO,-0.009,29830.77715
2023-07-19,LINKUSDT,ENTRY,17.96,6.915456
2023-07-19,SOLUSDT,ADJUST,-1.24,25.5302285
2023-07-21,ARBUSDT,ENTRY,96.0,1.2615304499999997
2023-07-21,INJUSDT,TARGET_ZERO,-14.8,9.286354500000002
2023-07-21,XRPUSDT,ADJUST,-42.0,0.79370295
2023-07-22,ARBUSDT,TARGET_ZERO,-96.0,1.23208365
2023-07-22,INJUSDT,ENTRY,15.4,8.992493999999999
2023-07-23,ETHUSDT,TARGET_ZERO,-0.106,1864.6672
2023-07-23,LTCUSDT,ENTRY,0.999,92.096025
2023-07-24,XRPUSDT,ADJUST,-31.1,0.7375310500000001
2023-07-25,DOGEUSDT,ENTRY,1605.0,0.07420708499999999
2023-07-25,INJUSDT,TARGET_ZERO,-15.4,8.1449255
2023-07-25,LTCUSDT,TARGET_ZERO,-0.999,89.045455
2023-07-25,MKRUSDT,ENTRY,0.101,1068.7341
2023-07-25,XRPUSDT,ADJUST,-24.8,0.7012492
2023-07-26,INJUSDT,ENTRY,11.4,7.9889925
2023-07-26,LINKUSDT,TARGET_ZERO,-17.96,7.3833065
2023-07-28,INJUSDT,TARGET_ZERO,-11.4,7.9790085
2023-07-28,XLMUSDT,ENTRY,466.0,0.15926959499999999
2023-08-01,XRPUSDT,ADJUST,-26.200000000000003,0.6969513500000001
2023-08-02,OPUSDT,ENTRY,53.800000000000004,1.6498245
2023-08-02,XRPUSDT,TARGET_ZERO,-72.4,0.7062467
2023-08-03,COMPUSDT,TARGET_ZERO,-1.1300000000000001,61.44926
2023-08-03,DOGEUSDT,TARGET_ZERO,-1605.0,0.07414291
2023-08-03,SOLUSDT,ADJUST,-0.88,23.123432500000003
2023-08-03,TOMOUSDT,ENTRY,57.480188554351535,1.36718325
2023-08-03,XRPUSDT,ENTRY,101.60000000000001,0.68484225
2023-08-06,SOLUSDT,ADJUST,0.9,22.653321
2023-08-06,STMXUSDT,ENTRY,9016.0,0.006853425
2023-08-06,XRPUSDT,TARGET_ZERO,-101.60000000000001,0.6282857000000001
2023-08-09,1000SHIBUSDT,ENTRY,12394.0,0.0095257605
2023-08-09,MKRUSDT,ADJUST,-0.03,1210.3945
2023-08-09,TOMOUSDT,TARGET_ZERO,-57.480188554351535,1.3439277
2023-08-10,OPUSDT,TARGET_ZERO,-53.800000000000004,1.54952485
2023-08-10,SOLUSDT,ADJUST,1.6400000000000001,24.386186999999996
2023-08-10,TOMOUSDT,ENTRY,42.584032892965745,1.4087039999999997
2023-08-12,XLMUSDT,ADJUST,161.0,0.139759845
2023-08-13,DOGEUSDT,ENTRY,1394.0,0.07669833
2023-08-13,TOMOUSDT,TARGET_ZERO,-42.584032892965745,1.49375275
2023-08-14,DOGEUSDT,TARGET_ZERO,-1394.0,0.07469263500000001
2023-08-14,TOMOUSDT,ENTRY,68.56761832854656,1.5066529499999999
2023-08-15,SOLUSDT,ADJUST,1.79,25.188587999999996
2023-08-15,XLMUSDT,TARGET_ZERO,-627.0,0.135922005
2023-08-15,XRPUSDT,ENTRY,146.0,0.6341169
2023-08-16,XLMUSDT,ENTRY,555.0,0.13021507499999999
2023-08-16,XRPUSDT,TARGET_ZERO,-146.0,0.609695
2023-08-17,1000SHIBUSDT,ADJUST,-3613.0,0.009206394500000001
2023-08-17,MKRUSDT,ADJUST,-0.016,1131.6339
2023-08-17,SOLUSDT,ADJUST,-2.38,22.800594000000004
2023-08-17,XLMUSDT,TARGET_ZERO,-555.0,0.12652670500000002
2023-08-17,XRPUSDT,ENTRY,89.9,0.58899435
2023-08-17,1000SHIBUSDT,STOP,-8781.0,0.008710792424999999
2023-08-17,MKRUSDT,STOP,-0.05500000000000001,1025.2721075000004
2023-08-17,SOLUSDT,STOP,-4.63,21.6457717
2023-08-17,STMXUSDT,STOP,-9016.0,0.004603197250000001
2023-08-17,XRPUSDT,STOP,-89.9,0.49763487559125
2023-08-18,1000SHIBUSDT,ENTRY,4772.0,0.008118057
2023-08-18,MKRUSDT,ENTRY,0.049,1087.9437
2023-08-18,SOLUSDT,ENTRY,2.06,21.674832
2023-08-18,STMXUSDT,ENTRY,6292.0,0.004872435
2023-08-18,XRPUSDT,ENTRY,70.10000000000001,0.50595285
2023-08-22,1000SHIBUSDT,ADJUST,-1574.0,0.007962017000000002
2023-08-24,STMXUSDT,TARGET_ZERO,-6292.0,0.0053573200000000005
2023-08-24,TOMOUSDT,ADJUST,-25.52385227411635,1.36321805
2023-08-24,XLMUSDT,ENTRY,347.0,0.127453695
2023-08-24,TOMOUSDT,STOP,-43.04376605443021,1.19864038
2023-08-25,LPTUSDT,ENTRY,7.4,6.809403
2023-08-25,TOMOUSDT,ENTRY,20.016636719241195,1.1157576
2023-08-25,XLMUSDT,TARGET_ZERO,-347.0,0.12369812000000001
2023-08-27,SOLUSDT,ADJUST,-1.02,20.2628635
2023-08-27,TOMOUSDT,TARGET_ZERO,-20.016636719241195,0.98600675
2023-08-28,BCHUSDT,ENTRY,0.22,197.708805
2023-08-28,RUNEUSDT,ENTRY,37.0,1.4667329999999998
2023-08-28,SOLUSDT,TARGET_ZERO,-1.04,20.767611
2023-08-29,BLZUSDT,ENTRY,566.0,0.10806400499999999
2023-08-29,LPTUSDT,ADJUST,2.5,7.192594499999999
2023-08-29,MKRUSDT,TARGET_ZERO,-0.049,1027.8858000000002
2023-08-30,BCHUSDT,TARGET_ZERO,-0.22,224.76756
2023-08-30,BTCUSDT,ENTRY,0.003,27713.950049999996
2023-08-30,XRPUSDT,ADJUST,48.6,0.5396696999999999
2023-09-01,BTCUSDT,TARGET_ZERO,-0.003,25915.036
2023-09-01,MKRUSDT,ENTRY,0.053,1154.7771
2023-09-01,XRPUSDT,ADJUST,-41.800000000000004,0.51044465
2023-09-02,1000SHIBUSDT,TARGET_ZERO,-3198.0,0.0078850555
2023-09-02,BCHUSDT,ENTRY,0.177,199.59975
2023-09-02,XRPUSDT,ADJUST,-39.1,0.4973512
2023-09-03,UNFIUSDT,ENTRY,11.700000000000001,7.491744
2023-09-03,XRPUSDT,TARGET_ZERO,-37.800000000000004,0.49825075
2023-09-05,BCHUSDT,TARGET_ZERO,-0.177,193.593155
2023-09-05,MKRUSDT,TARGET_ZERO,-0.053,1116.8413
2023-09-05,TOMOUSDT,ENTRY,18.88061237106847,1.2243118499999999
2023-09-05,XRPUSDT,ENTRY,40.800000000000004,0.5086542
2023-09-07,MKRUSDT,ENTRY,0.059000000000000004,1137.3683999999998
2023-09-07,UNFIUSDT,ADJUST,-2.4000000000000004,10.353820500000001
2023-09-07,XRPUSDT,TARGET_ZERO,-40.800000000000004,0.50284845
2023-09-09,LINKUSDT,ENTRY,10.97,6.2781375
2023-09-09,MKRUSDT,TARGET_ZERO,-0.059000000000000004,1136.73135
2023-09-09,RUNEUSDT,ADJUST,16.0,1.588794
2023-09-10,LPTUSDT,ADJUST,-2.1,6.3458255
2023-09-10,UNFIUSDT,ADJUST,-2.0,8.4267845
2023-09-10,UNFIUSDT,STOP,-7.300000000000001,7.735730199999999
2023-09-11,LINKUSDT,TARGET_ZERO,-10.97,6.007994500000001
2023-09-11,SOLUSDT,ENTRY,1.24,18.22911
2023-09-11,UNFIUSDT,ENTRY,7.800000000000001,7.867932
2023-09-12,TOMOUSDT,TARGET_ZERO,-18.88061237106847,1.2117938
2023-09-12,XRPUSDT,ENTRY,73.9,0.47413694999999995
2023-09-13,BCHUSDT,ENTRY,0.231,198.38914499999998
2023-09-13,XRPUSDT,TARGET_ZERO,-73.9,0.47976
2023-09-14,SOLUSDT,TARGET_ZERO,-1.24,18.380805000000002
2023-09-14,TRBUSDT,ENTRY,3.1,29.690837999999996
2023-09-15,RUNEUSDT,ADJUST,40.0,1.6408199999999997
2023-09-16,TRBUSDT,ADJUST,-0.6000000000000001,41.4862465
2023-09-17,TRBUSDT,STOP,-2.5,29.784350375000002
2023-09-18,LPTUSDT,ADJUST,-2.9000000000000004,5.77711
2023-09-18,TRBUSDT,ENTRY,2.3000000000000003,26.134060499999997
2023-09-19,BCHUSDT,TARGET_ZERO,-0.231,216.93148
2023-09-19,LINKUSDT,ENTRY,15.75,6.563279999999999
2023-09-19,LPTUSDT,TARGET_ZERO,-4.9,5.761118000000001
2023-09-19,SOLUSDT,ENTRY,2.7,19.6368135
2023-09-19,UNFIUSDT,ADJUST,-2.3000000000000003,7.545225500000001
2023-09-20,BCHUSDT,ENTRY,0.358,218.72931
2023-09-20,SOLUSDT,TARGET_ZERO,-2.7,20.007991
2023-09-20,TRBUSDT,ADJUST,-0.5,36.2208805
2023-09-21,BCHUSDT,TARGET_ZERO,-0.358,215.23233000000002
2023-09-21,LINKUSDT,TARGET_ZERO,-15.75,6.8995485
2023-09-21,SOLUSDT,ENTRY,4.38,20.2871385
2023-09-21,XRPUSDT,ENTRY,263.3,0.5212605
2023-09-24,BLZUSDT,ADJUST,-161.0,0.178600655
2023-09-24,PERPUSDT,ENTRY,101.60000000000001,0.6107052000000001
2023-09-24,XRPUSDT,TARGET_ZERO,-263.3,0.50704635
2023-09-25,LINKUSDT,ENTRY,13.77,6.971483999999999
2023-09-25,SOLUSDT,TARGET_ZERO,-4.38,19.340325000000004
2023-09-27,CRVUSDT,ENTRY,147.5,0.522261
2023-09-27,RUNEUSDT,TARGET_ZERO,-93.0,1.7441275000000003
2023-09-28,BCHUSDT,ENTRY,0.47700000000000004,229.34461499999998
2023-09-28,CRVUSDT,TARGET_ZERO,-147.5,0.515742
2023-09-28,STORJUSDT,ENTRY,119.0,0.40030004999999996
2023-09-28,TRBUSDT,ADJUST,-0.5,59.0154775
2023-09-28,UNFIUSDT,TARGET_ZERO,-5.5,7.148424
2023-09-28,BLZUSDT,STOP,-405.0,0.14942574975
2023-09-29,BLZUSDT,ENTRY,340.0,0.152566245
2023-09-30,LINKUSDT,TARGET_ZERO,-13.77,7.9370295
2023-09-30,PERPUSDT,ADJUST,34.0,0.6044020499999999
2023-09-30,STMXUSDT,ENTRY,7868.0,0.006903449999999999
2023-10-01,LINKUSDT,ENTRY,18.79,8.188092
2023-10-01,STMXUSDT,TARGET_ZERO,-7868.0,0.006646675
2023-10-02,LINKUSDT,TARGET_ZERO,-18.79,8.0449755
2023-10-02,PERPUSDT,ADJUST,69.5,0.6561279
2023-10-02,SOLUSDT,ENTRY,7.0,23.8849365
2023-10-04,BCHUSDT,TARGET_ZERO,-0.47700000000000004,230.14487
2023-10-04,BLZUSDT,TARGET_ZERO,-340.0,0.14264864000000002
2023-10-04,BTCUSDT,ENTRY,0.008,27425.706
2023-10-04,ETHUSDT,ENTRY,0.11900000000000001,1657.018095
2023-10-05,BCHUSDT,ENTRY,0.441,233.01645
2023-10-05,ETHUSDT,TARGET_ZERO,-0.11900000000000001,1644.93712
2023-10-05,PERPUSDT,TARGET_ZERO,-205.10000000000002,0.56661655
2023-10-05,XRPUSDT,ENTRY,296.8,0.53256615
2023-10-07,BCHUSDT,TARGET_ZERO,-0.441,230.54467
2023-10-07,MKRUSDT,ENTRY,0.1,1441.7205
2023-10-07,RUNEUSDT,ENTRY,52.0,1.7618804999999997
2023-10-07,XRPUSDT,TARGET_ZERO,-296.8,0.52483745
2023-10-08,MKRUSDT,TARGET_ZERO,-0.1,1404.59735
2023-10-08,XRPUSDT,ENTRY,298.40000000000003,0.52156065
2023-10-09,MKRUSDT,ENTRY,0.083,1403.5013999999999
2023-10-09,XRPUSDT,TARGET_ZERO,-298.40000000000003,0.51684145
2023-10-10,LINKUSDT,ENTRY,9.61,7.2776369999999995
2023-10-10,RUNEUSDT,TARGET_ZERO,-52.0,1.6151920000000002
2023-10-10,SOLUSDT,ADJUST,-2.19,22.066961
2023-10-10,STORJUSDT,ADJUST,87.0,0.5147572499999999
2023-10-11,BCHUSDT,ENTRY,0.354,212.24606999999997
2023-10-11,LINKUSDT,TARGET_ZERO,-9.61,7.254371000000001
2023-10-12,BTCUSDT,TARGET_ZERO,-0.008,26851.067750000002
2023-10-12,RUNEUSDT,ENTRY,27.0,1.6328159999999998
2023-10-12,SOLUSDT,ADJUST,-1.18,21.987001000000003
2023-10-12,SOLUSDT,STOP,-3.630000000000001,20.9031447742125
2023-10-13,LEVERUSDT,ENTRY,21876.0,0.0014147069999999999
2023-10-13,MKRUSDT,TARGET_ZERO,-0.083,1360.3195
2023-10-13,SOLUSDT,ENTRY,3.5300000000000002,21.284637
2023-10-13,STORJUSDT,ADJUST,-64.0,0.40889545000000005
2023-10-14,LEVERUSDT,TARGET_ZERO,-21876.0,0.001387306
2023-10-14,MKRUSDT,ENTRY,0.063,1431.1152
2023-10-17,BTCUSDT,ENTRY,0.006,28500.543149999998
2023-10-17,RUNEUSDT,TARGET_ZERO,-27.0,1.635182
2023-10-17,SOLUSDT,ADJUST,1.6600000000000001,23.9509695
2023-10-17,STORJUSDT,STOP,-142.0,0.3739079525
2023-10-18,STORJUSDT,ENTRY,117.0,0.38209095
2023-10-19,LQTYUSDT,ENTRY,59.300000000000004,1.4823408
2023-10-19,STORJUSDT,TARGET_ZERO,-117.0,0.35402290000000003
2023-10-20,BCHUSDT,ADJUST,0.12,227.25356999999997
2023-10-22,LINKUSDT,ENTRY,22.68,8.915455499999998
2023-10-22,MKRUSDT,TARGET_ZERO,-0.063,1424.0876
2023-10-23,BCHUSDT,TARGET_ZERO,-0.474,243.13837
2023-10-23,BTCUSDT,ADJUST,0.002,29996.3907
2023-10-23,MATICUSDT,ENTRY,263.551599364698,0.60920445
2023-10-24,BCHUSDT,ENTRY,0.787,261.90088499999996
2023-10-24,MATICUSDT,TARGET_ZERO,-263.551599364698,0.6366815
2023-10-25,LINKUSDT,ADJUST,-4.92,10.3658145
2023-10-25,LQTYUSDT,TARGET_ZERO,-59.300000000000004,1.6336827500000002
2023-10-25,MKRUSDT,ENTRY,0.135,1503.0511499999998
2023-10-26,TRBUSDT,ADJUST,-0.30000000000000004,118.3717845
2023-10-27,MKRUSDT,TARGET_ZERO,-0.135,1417.7907500000001
2023-10-27,RUNEUSDT,ENTRY,74.0,2.3741865
2023-10-28,BCHUSDT,TARGET_ZERO,-0.787,239.04042
2023-10-28,LQTYUSDT,ENTRY,43.7,1.7330660999999998
2023-10-29,LINKUSDT,ADJUST,-3.62,10.916539000000002
2023-10-31,RUNEUSDT,TARGET_ZERO,-74.0,2.7476255000000003
2023-10-31,TRBUSDT,ADJUST,-0.2,117.4522445
2023-10-31,XRPUSDT,ENTRY,363.70000000000005,0.5788892999999999
2023-11-01,LQTYUSDT,TARGET_ZERO,-43.7,1.6432779499999999
2023-11-01,RUNEUSDT,ENTRY,61.0,2.935467
2023-11-02,RUNEUSDT,ADJUST,20.0,2.96148
2023-11-03,RUNEUSDT,ADJUST,-24.0,2.8045970000000002
2023-11-03,SOLUSDT,ADJUST,-1.86,40.227876
2023-11-06,ETHUSDT,ENTRY,0.177,1893.4362449999999
2023-11-06,XRPUSDT,TARGET_ZERO,-363.70000000000005,0.6606695
2023-11-07,ETHUSDT,TARGET_ZERO,-0.177,1900.76914
2023-11-07,XRPUSDT,ENTRY,400.5,0.71565765
2023-11-08,INJUSDT,ENTRY,9.9,16.963477499999996
2023-11-08,RUNEUSDT,TARGET_ZERO,-57.0,3.3853065
2023-11-09,TRBUSDT,STOP,-0.8000000000000003,95.39882672499999
2023-11-09,XRPUSDT,STOP,-400.5,0.6156248460937501
2023-11-10,ETHUSDT,ENTRY,0.17500000000000002,2123.98146
2023-11-10,INJUSDT,TARGET_ZERO,-9.9,16.4107905
2023-11-10,LINKUSDT,ADJUST,-3.37,14.602695
2023-11-10,MATICUSDT,ENTRY,293.55227649781557,0.8555275499999999
2023-11-10,XRPUSDT,ENTRY,336.3,0.66743355
2023-11-11,INJUSDT,ENTRY,8.0,18.0480195
2023-11-11,XRPUSDT,TARGET_ZERO,-336.3,0.6595700500000001
2023-11-12,AVAXUSDT,ENTRY,12.0,16.816404
2023-11-12,INJUSDT,TARGET_ZERO,-8.0,17.7081415
2023-11-13,BTCUSDT,ADJUST,0.003,37104.142799999994
2023-11-14,APTUSDT,ENTRY,20.0,7.322659499999999
2023-11-14,LINKUSDT,TARGET_ZERO,-10.769999999999996,14.363814500000002
2023-11-15,APTUSDT,TARGET_ZERO,-20.0,7.1194385
2023-11-15,DOTUSDT,ENTRY,38.300000000000004,5.2026
2023-11-15,MATICUSDT,ADJUST,-59.36725441076237,0.91784085
2023-11-16,AVAXUSDT,ADJUST,-3.0,20.693648000000003
2023-11-16,ETHUSDT,TARGET_ZERO,-0.17500000000000002,2058.2703500000002
2023-11-16,OPUSDT,ENTRY,105.5,1.8635313
2023-11-16,SOLUSDT,ADJUST,-0.9,65.473247
2023-11-18,AVAXUSDT,ADJUST,-1.0,21.917036000000003
2023-11-18,DOGEUSDT,ENTRY,2560.0,0.08649322499999999
2023-11-18,ETHUSDT,ENTRY,0.14,1962.190605
2023-11-18,MATICUSDT,TARGET_ZERO,-234.1850220870532,0.8301847
2023-11-18,OPUSDT,TARGET_ZERO,-105.5,1.7095448
2023-11-20,AVAXUSDT,ADJUST,-1.0,22.8495695
2023-11-20,ETHUSDT,TARGET_ZERO,-0.14,2011.4437750000002
2023-11-20,RUNEUSDT,ENTRY,23.0,5.562779999999999
2023-11-21,ETHUSDT,ENTRY,0.138,2023.4212049999999
2023-11-21,RUNEUSDT,TARGET_ZERO,-23.0,5.2623675
2023-11-21,SOLUSDT,ADJUST,-0.62,56.574698500000004
2023-11-22,DOGEUSDT,TARGET_ZERO,-2560.0,0.07172412
2023-11-22,DOTUSDT,TARGET_ZERO,-38.300000000000004,4.851573
2023-11-22,DYDXUSDT,ENTRY,32.800000000000004,3.0225104999999997
2023-11-22,ETHUSDT,TARGET_ZERO,-0.138,1932.4732800000002
2023-11-22,RUNEUSDT,ENTRY,21.0,4.886442
2023-11-22,WLDUSDT,ENTRY,46.0,2.2385186999999998
2023-11-23,ETHUSDT,ENTRY,0.145,2064.95196
2023-11-23,RUNEUSDT,TARGET_ZERO,-21.0,5.785106000000001
2023-11-24,ADAUSDT,ENTRY,538.0,0.3875937
2023-11-24,AVAXUSDT,ADJUST,-1.0,20.634677500000002
2023-11-24,DYDXUSDT,TARGET_ZERO,-32.800000000000004,3.3053465
2023-11-25,DYDXUSDT,ENTRY,27.5,3.5957969999999997
2023-11-25,WLDUSDT,TARGET_ZERO,-46.0,2.47786045
2023-11-26,DYDXUSDT,TARGET_ZERO,-27.5,3.4992495
2023-11-26,GALAUSDT,ENTRY,4424.0,0.02637318
2023-11-28,DYDXUSDT,ENTRY,30.900000000000002,3.2226105
2023-11-28,ETHUSDT,TARGET_ZERO,-0.145,2026.556215
2023-11-29,DYDXUSDT,TARGET_ZERO,-30.900000000000002,3.2073955
2023-11-29,RUNEUSDT,ENTRY,21.0,5.999998499999999
2023-12-02,ADAUSDT,TARGET_ZERO,-538.0,0.38430775
2023-12-02,ETHUSDT,ENTRY,0.163,2088.0334949999997
2023-12-02,GALAUSDT,TARGET_ZERO,-4424.0,0.02602698
2023-12-02,LINKUSDT,ENTRY,10.07,14.997494999999999
2023-12-03,ADAUSDT,ENTRY,587.0,0.39829905
2023-12-03,LINKUSDT,TARGET_ZERO,-10.07,15.990001
2023-12-04,SOLUSDT,ADJUST,0.6900000000000001,63.05151
2023-12-05,DOGEUSDT,ENTRY,2817.0,0.09202599
2023-12-05,RUNEUSDT,TARGET_ZERO,-21.0,6.707644500000001
2023-12-06,ADAUSDT,TARGET_ZERO,-587.0,0.42598690000000006
2023-12-06,RUNEUSDT,ENTRY,21.0,6.565281
2023-12-07,ADAUSDT,ENTRY,646.0,0.44352165
2023-12-07,RUNEUSDT,TARGET_ZERO,-21.0,6.354821
2023-12-09,ADAUSDT,TARGET_ZERO,-646.0,0.54582695
2023-12-09,LINKUSDT,ENTRY,12.98,16.952471999999997
2023-12-11,LINKUSDT,STOP,-12.98,13.788032811474263
2023-12-12,ADAUSDT,ENTRY,400.0,0.55157565
2023-12-12,BTCUSDT,TARGET_ZERO,-0.011,41250.46445
2023-12-12,DOGEUSDT,TARGET_ZERO,-2817.0,0.094082935
2023-12-12,DOTUSDT,ENTRY,34.5,6.710353499999999
2023-12-12,ETHUSDT,TARGET_ZERO,-0.163,2224.437225
2023-12-12,GALAUSDT,ENTRY,5328.0,0.030685334999999998
2023-12-12,MATICUSDT,ENTRY,282.8788095087352,0.8428211999999999
2023-12-14,ATOMUSDT,ENTRY,18.23,11.6588265
2023-12-14,AVAXUSDT,ADJUST,-1.0,39.002489
2023-12-14,DOTUSDT,TARGET_ZERO,-34.5,7.603196500000001
2023-12-15,ADAUSDT,ADJUST,-91.0,0.64317825
2023-12-16,BTCUSDT,ENTRY,0.007,41988.984
2023-12-16,DOTUSDT,ENTRY,27.5,6.9564765
2023-12-16,GALAUSDT,TARGET_ZERO,-5328.0,0.029575205000000004
2023-12-16,MATICUSDT,TARGET_ZERO,-282.8788095087352,0.83808075
2023-12-17,AVAXUSDT,ADJUST,-1.0,42.1958915
2023-12-18,ARBUSDT,ENTRY,137.8,1.1078536499999998
2023-12-18,DOTUSDT,TARGET_ZERO,-27.5,6.786605000000001
2023-12-18,ADAUSDT,STOP,-309.0,0.5438729275000002
2023-12-19,ADAUSDT,ENTRY,282.0,0.6024010499999999
2023-12-19,ARBUSDT,TARGET_ZERO,-137.8,1.1014490000000001
2023-12-19,DOTUSDT,ENTRY,22.8,6.885440999999999
2023-12-20,ATOMUSDT,TARGET_ZERO,-18.23,10.4097925
2023-12-20,DOTUSDT,TARGET_ZERO,-22.8,6.7036465000000005
2023-12-20,INJUSDT,ENTRY,4.4,36.442212
2023-12-20,SEIUSDT,ENTRY,342.0,0.35887935
2023-12-21,ADAUSDT,TARGET_ZERO,-282.0,0.589705
2023-12-21,BNBUSDT,ENTRY,1.52,260.099985
2023-12-21,FILUSDT,ENTRY,32.300000000000004,5.3356665
2023-12-21,SEIUSDT,TARGET_ZERO,-342.0,0.3854072
2023-12-22,DOTUSDT,ENTRY,22.200000000000003,8.436216
2023-12-22,FILUSDT,TARGET_ZERO,-32.300000000000004,5.5012479999999995
2023-12-22,INJUSDT,TARGET_ZERO,-4.4,40.3248275
2023-12-22,OPUSDT,ENTRY,58.1,2.5248618
2023-12-22,SOLUSDT,ADJUST,-0.58,93.8820355
2023-12-23,AVAXUSDT,ADJUST,-1.0,45.3403185
2023-12-24,OPUSDT,ADJUST,-12.100000000000001,3.4472755
2023-12-25,INJUSDT,ENTRY,3.2,40.661320499999995
2023-12-25,OPUSDT,TARGET_ZERO,-46.0,3.5680151
2023-12-26,DOTUSDT,TARGET_ZERO,-22.200000000000003,9.1983985
2023-12-26,OPUSDT,ENTRY,42.0,3.3763873499999995
2023-12-26,SOLUSDT,ADJUST,-0.4,120.88652650000002
2023-12-27,AVAXUSDT,TARGET_ZERO,-3.0,44.3907935
2023-12-27,BNBUSDT,ADJUST,-0.34,297.35125
2023-12-27,BTCUSDT,TARGET_ZERO,-0.007,42517.3307
2023-12-27,DOTUSDT,ENTRY,17.900000000000002,8.829412499999998
2023-12-27,MATICUSDT,ENTRY,202.82972514938632,1.02051
2023-12-28,DOTUSDT,TARGET_ZERO,-17.900000000000002,8.699648000000002
2023-12-28,ETHUSDT,ENTRY,0.134,2381.51016
2023-12-29,DOTUSDT,ENTRY,17.8,8.440218
2023-12-29,INJUSDT,TARGET_ZERO,-3.2,35.528227
2023-12-29,SOLUSDT,TARGET_ZERO,-1.52,101.863043
2023-12-29,TRBUSDT,ENTRY,0.6000000000000001,216.116004
2023-12-30,ARBUSDT,ENTRY,106.0,1.5114553499999999
2023-12-30,DOTUSDT,TARGET_ZERO,-17.8,8.292851500000001
2023-12-31,TRBUSDT,STOP,-0.6000000000000001,189.154225575
2024-01-01,TRBUSDT,ENTRY,0.5,194.77333799999997
2024-01-02,BTCUSDT,ENTRY,0.008,44252.41515
2024-01-02,OPUSDT,ADJUST,-8.700000000000001,3.9930025000000002
2024-01-02,TRBUSDT,TARGET_ZERO,-0.5,182.89350750000003
2024-01-03,BTCUSDT,STOP,-0.008,40405.13732500001
2024-01-03,ETHUSDT,STOP,-0.134,2069.935178555668
2024-01-03,MATICUSDT,STOP,-202.82972514938632,0.8231382250000001
2024-01-04,BNBUSDT,ADJUST,-0.29,315.4422
2024-01-04,BTCUSDT,ENTRY,0.008,42870.92475
2024-01-04,FILUSDT,ENTRY,20.6,6.291144
2024-01-04,MATICUSDT,ENTRY,154.8808651173996,0.85452705
2024-01-05,ARBUSDT,ADJUST,-23.700000000000003,2.0041974
2024-01-05,OPUSDT,ADJUST,-7.800000000000001,3.7151415
2024-01-06,ETHUSDT,ENTRY,0.1,2270.05446
2024-01-06,MATICUSDT,TARGET_ZERO,-154.8808651173996,0.8519738000000001
2024-01-06,OPUSDT,TARGET_ZERO,-25.499999999999996,3.44157835
2024-01-06,SEIUSDT,ENTRY,136.0,0.7180588499999999
2024-01-07,BNBUSDT,ADJUST,-0.22,307.0464
2024-01-08,FILUSDT,TARGET_ZERO,-20.6,5.617190000000001
2024-01-08,INJUSDT,ENTRY,2.5,36.46722449999999
2024-01-10,ARBUSDT,ADJUST,-18.0,1.84257825
2024-01-10,INJUSDT,TARGET_ZERO,-2.5,39.816082
2024-01-10,STXUSDT,ENTRY,74.0,1.8281135999999998
2024-01-11,BNBUSDT,TARGET_ZERO,-0.6699999999999999,305.83700500000003
2024-01-11,ICPUSDT,ENTRY,6.0,13.908950999999998
2024-01-11,SEIUSDT,ADJUST,-28.0,0.74072945
2024-01-12,BTCUSDT,STOP,-0.008,41568.075565
2024-01-13,BTCUSDT,ENTRY,0.004,42810.394499999995
2024-01-13,ICPUSDT,ADJUST,2.0,12.240117
2024-01-15,BTCUSDT,TARGET_ZERO,-0.004,41714.03255
2024-01-15,ICPUSDT,TARGET_ZERO,-8.0,12.591701000000002
2024-01-15,INJUSDT,ENTRY,2.2,36.92845499999999
2024-01-15,SUIUSDT,ENTRY,120.0,1.2524259
2024-01-16,BNBUSDT,ENTRY,0.5700000000000001,317.29857
2024-01-16,INJUSDT,TARGET_ZERO,-2.2,41.025477
2024-01-17,SEIUSDT,ADJUST,36.0,0.7729862999999999
2024-01-18,SOLUSDT,ENTRY,1.05,102.20607749999999
2024-01-18,STXUSDT,TARGET_ZERO,-74.0,1.57411255
2024-01-21,ARBUSDT,ADJUST,-12.8,1.8156917000000001
2024-01-21,BNBUSDT,ADJUST,0.23,317.18851499999994
2024-01-21,ETCUSDT,ENTRY,6.07,24.744366
2024-01-21,SOLUSDT,TARGET_ZERO,-1.05,92.8545495
2024-01-22,SEIUSDT,TARGET_ZERO,-144.0,0.6497749500000001
2024-01-22,SOLUSDT,ENTRY,1.07,91.1565555
2024-01-23,SEIUSDT,ENTRY,146.0,0.5972985
2024-01-23,SOLUSDT,TARGET_ZERO,-1.07,83.8410585
2024-01-23,ARBUSDT,STOP,-51.5,1.5453369449999996
2024-01-23,ETHUSDT,STOP,-0.1,2252.183345
2024-01-24,ARBUSDT,ENTRY,53.800000000000004,1.6907449499999998
2024-01-24,ETHUSDT,ENTRY,0.095,2242.790835
2024-01-25,BNBUSDT,ADJUST,-0.16,292.77354
2024-01-29,BNBUSDT,TARGET_ZERO,-0.64,305.097375
2024-01-29,ENSUSDT,ENTRY,5.7,18.4882395
2024-01-31,ARBUSDT,ADJUST,28.5,1.8855423
2024-02-01,ETCUSDT,ADJUST,2.49,24.345166499999998
2024-02-02,ARBUSDT,TARGET_ZERO,-82.30000000000001,1.7831080000000001
2024-02-02,LINKUSDT,ENTRY,16.53,17.199595499999997
2024-02-03,BLURUSDT,ENTRY,182.0,0.60340155
2024-02-03,SEIUSDT,TARGET_ZERO,-146.0,0.63358305
2024-02-04,ARBUSDT,ENTRY,78.80000000000001,1.76618265
2024-02-04,BLURUSDT,TARGET_ZERO,-182.0,0.5755121
2024-02-06,AVAXUSDT,ENTRY,4.0,34.5462645
2024-02-06,ENSUSDT,TARGET_ZERO,-5.7,20.177906
2024-02-06,ETHUSDT,ADJUST,0.037,2301.980415
2024-02-07,AVAXUSDT,TARGET_ZERO,-4.0,34.127927500000006
2024-02-07,ENSUSDT,ENTRY,8.4,22.3141515
2024-02-08,ARBUSDT,ADJUST,35.4,1.89944925
2024-02-09,BNBUSDT,ENTRY,1.42,318.69927
2024-02-09,ETHUSDT,TARGET_ZERO,-0.132,2417.5606150000003
2024-02-10,ARBUSDT,TARGET_ZERO,-114.20000000000002,1.9804093000000003
2024-02-10,BTCUSDT,ENTRY,0.01,47139.65805
2024-02-10,SUIUSDT,ADJUST,-31.900000000000002,1.76101905
2024-02-11,LINKUSDT,ADJUST,-3.59,19.0694605
2024-02-13,ENSUSDT,TARGET_ZERO,-8.4,22.572708000000002
2024-02-13,ETHUSDT,ENTRY,0.181,2662.2404549999997
2024-02-15,ETCUSDT,TARGET_ZERO,-8.56,26.8915475
2024-02-15,SEIUSDT,ENTRY,227.0,0.8819407499999999
2024-02-17,API3USDT,ENTRY,33.4,4.18799295
2024-02-17,LINKUSDT,TARGET_ZERO,-12.940000000000001,19.557216500000003
2024-02-21,API3USDT,TARGET_ZERO,-33.4,3.9116432000000003
2024-02-21,ETCUSDT,ENTRY,10.93,27.103544999999997
2024-02-21,ETHUSDT,ADJUST,-0.037,3015.71139
2024-02-21,OPUSDT,ENTRY,58.300000000000004,4.072235099999999
2024-02-21,SUIUSDT,TARGET_ZERO,-88.1,1.7181405
2024-02-22,FILUSDT,ENTRY,34.300000000000004,7.249623
2024-02-22,SEIUSDT,TARGET_ZERO,-227.0,0.87686135
2024-02-23,ETCUSDT,TARGET_ZERO,-10.93,25.814086500000002
2024-02-23,SEIUSDT,ENTRY,160.0,0.8376186
2024-02-24,API3USDT,ENTRY,31.900000000000002,3.7623802499999996
2024-02-24,OPUSDT,TARGET_ZERO,-58.300000000000004,3.5085448500000003
2024-02-26,API3USDT,TARGET_ZERO,-31.900000000000002,3.8959510500000003
2024-02-26,NEARUSDT,ENTRY,51.0,3.709854
2024-02-27,BNBUSDT,ADJUST,-0.42,401.25927
2024-02-27,ETCUSDT,ENTRY,10.43,27.814900499999997
2024-02-27,FILUSDT,ADJUST,-8.6,8.1449255
2024-02-27,MATICUSDT,ENTRY,223.58362088127177,1.06103025
2024-02-27,NEARUSDT,TARGET_ZERO,-51.0,4.0999490000000005
2024-02-27,SEIUSDT,TARGET_ZERO,-160.0,0.89165395
2024-02-28,BTCUSDT,ADJUST,-0.002,57045.962750000006
2024-02-28,DOGEUSDT,ENTRY,2900.0,0.09773884499999999
2024-02-28,FILUSDT,TARGET_ZERO,-25.700000000000003,7.669163500000001
2024-02-29,ETHUSDT,ADJUST,-0.037,3385.3764650000003
2024-03-01,ADAUSDT,ENTRY,364.0,0.6558277499999999
2024-03-01,DOGEUSDT,TARGET_ZERO,-2900.0,0.11737128500000002
2024-03-01,ETCUSDT,TARGET_ZERO,-10.43,28.8885485
2024-03-01,SOLUSDT,ENTRY,1.92,125.83288499999999
2024-03-02,AVAXUSDT,ENTRY,5.0,42.748363499999996
2024-03-02,MATICUSDT,TARGET_ZERO,-223.58362088127177,1.0253870500000002
2024-03-03,ADAUSDT,TARGET_ZERO,-364.0,0.7420288
2024-03-03,LINKUSDT,ENTRY,12.72,21.436712999999997
2024-03-05,BNBUSDT,TARGET_ZERO,-1.0,418.660565
2024-03-05,BTCUSDT,ADJUST,-0.001,68262.35175
2024-03-05,FILUSDT,ENTRY,15.4,10.0340145
2024-03-05,AVAXUSDT,STOP,-5.0,36.44526825
2024-03-05,BTCUSDT,STOP,-0.007,61193.39299749999
2024-03-05,LINKUSDT,STOP,-12.72,18.04335336473807
2024-03-05,SOLUSDT,STOP,-1.92,109.497973625
2024-03-06,ADAUSDT,ENTRY,258.0,0.6923459999999999
2024-03-06,BTCUSDT,ENTRY,0.005,63779.37375
2024-03-06,DOGEUSDT,ENTRY,871.0,0.15313653
2024-03-06,ETHUSDT,ADJUST,-0.024,3553.652285
2024-03-06,MATICUSDT,ENTRY,164.67871882327518,1.0343169
2024-03-07,BNBUSDT,ENTRY,0.67,429.85481999999996
2024-03-07,DOGEUSDT,TARGET_ZERO,-871.0,0.157891015
2024-03-08,ADAUSDT,TARGET_ZERO,-258.0,0.7433281500000001
2024-03-08,SOLUSDT,ENTRY,1.35,144.0709995
2024-03-09,FILUSDT,ADJUST,-3.7,11.464265000000001
2024-03-10,MATICUSDT,TARGET_ZERO,-164.67871882327518,1.157421
2024-03-10,WLDUSDT,ENTRY,9.0,11.707650899999999
2024-03-11,BNBUSDT,TARGET_ZERO,-0.67,528.825455
2024-03-11,DOGEUSDT,ENTRY,697.0,0.17016504
2024-03-12,DOGEUSDT,TARGET_ZERO,-697.0,0.18226882
2024-03-12,XRPUSDT,ENTRY,289.40000000000003,0.7245620999999999
2024-03-14,1000PEPEUSDT,ENTRY,11972.0,0.0090457206
2024-03-14,DOGEUSDT,ENTRY,640.0,0.169194555
2024-03-14,FILUSDT,TARGET_ZERO,-11.7,10.630682
2024-03-14,XRPUSDT,TARGET_ZERO,-289.40000000000003,0.6894551
2024-03-15,BTCUSDT,ADJUST,-0.001,71419.87220000001
2024-03-15,ETHUSDT,ADJUST,-0.017,3883.047505
2024-03-16,BNBUSDT,ENTRY,0.37,633.33651
2024-03-16,DOGEUSDT,TARGET_ZERO,-640.0,0.163628145
2024-03-16,ETHUSDT,TARGET_ZERO,-0.06599999999999999,3743.1374950000004
2024-03-16,SOLUSDT,ADJUST,-0.3,184.06392200000002
2024-03-16,XRPUSDT,ENTRY,244.0,0.63501735
2024-03-17,1000FLOKIUSDT,ENTRY,462.0,0.21442716
2024-03-17,AVAXUSDT,ENTRY,2.0,53.5057395
2024-03-17,BTCUSDT,TARGET_ZERO,-0.004,65318.3245
2024-03-17,XRPUSDT,TARGET_ZERO,-244.0,0.6032982
2024-03-19,1000FLOKIUSDT,TARGET_ZERO,-462.0,0.19284353
2024-03-19,1000PEPEUSDT,TARGET_ZERO,-11972.0,0.006813691450000001
2024-03-19,BTCUSDT,ENTRY,0.002,67693.83
2024-03-19,NEARUSDT,ENTRY,16.0,7.0325145
2024-03-19,BNBUSDT,STOP,-0.37,518.7255647783795
2024-03-20,1000PEPEUSDT,ENTRY,13861.0,0.0066059013
2024-03-20,BNBUSDT,ENTRY,0.32,508.223985
2024-03-20,BTCUSDT,TARGET_ZERO,-0.002,61943.11295
2024-03-20,WLDUSDT,ADJUST,3.0,7.5093528
2024-03-21,1000PEPEUSDT,ADJUST,-2872.0,0.008382706549999999
2024-03-22,SOLUSDT,ADJUST,-0.22,179.4452325
2024-03-25,AVAXUSDT,TARGET_ZERO,-2.0,55.70613300000001
2024-03-25,BCHUSDT,ENTRY,0.28400000000000003,485.712735
2024-03-25,FTMUSDT,ENTRY,117.0,1.0693344
2024-03-25,WLDUSDT,TARGET_ZERO,-12.0,8.46366605
2024-03-26,1000PEPEUSDT,TARGET_ZERO,-10989.0,0.0080987486
2024-03-26,BTCUSDT,ENTRY,0.002,69955.5603
2024-03-27,1000FLOKIUSDT,ENTRY,422.0,0.241350615
2024-03-27,BCHUSDT,TARGET_ZERO,-0.28400000000000003,479.48014000000006
2024-03-27,BTCUSDT,TARGET_ZERO,-0.002,70009.1779
2024-03-27,DOGEUSDT,ENTRY,748.0,0.18253122
2024-03-28,1000FLOKIUSDT,TARGET_ZERO,-422.0,0.22520734
2024-03-28,BCHUSDT,ENTRY,0.34500000000000003,539.72973
2024-03-29,1000FLOKIUSDT,ENTRY,404.0,0.252516195
2024-03-29,FTMUSDT,TARGET_ZERO,-117.0,1.0204895
2024-03-30,LTCUSDT,ENTRY,1.735,109.19457
2024-03-30,NEARUSDT,TARGET_ZERO,-16.0,6.981507500000001
2024-04-01,1000FLOKIUSDT,TARGET_ZERO,-404.0,0.248365755
2024-04-01,1000PEPEUSDT,ENTRY,10774.0,0.0088082019
2024-04-02,BCHUSDT,ADJUST,-0.076,648.005835
2024-04-04,DOGEUSDT,ADJUST,-154.0,0.17524233500000003
2024-04-06,1000PEPEUSDT,TARGET_ZERO,-10774.0,0.0065721123
2024-04-06,BTCUSDT,ENTRY,0.003,67859.7129
2024-04-08,BNBUSDT,ADJUST,0.12,583.741725
2024-04-09,BNBUSDT,TARGET_ZERO,-0.44,586.436635
2024-04-09,BTCUSDT,ADJUST,0.001,71714.13915
2024-04-09,ETHUSDT,ENTRY,0.063,3699.438795
2024-04-10,BNBUSDT,ENTRY,0.48,581.11041
2024-04-10,SOLUSDT,TARGET_ZERO,-0.8300000000000001,172.471721
2024-04-12,FTMUSDT,ENTRY,139.0,0.9178586999999999
2024-04-12,LTCUSDT,TARGET_ZERO,-1.735,98.800575
2024-04-12,BCHUSDT,STOP,-0.269,522.1173107500001
2024-04-12,DOGEUSDT,STOP,-594.0,0.15413089600000004
2024-04-12,ETHUSDT,STOP,-0.063,3102.8438327565027
2024-04-13,BCHUSDT,ENTRY,0.186,532.96635
2024-04-13,BNBUSDT,ADJUST,0.17,595.487595
2024-04-13,DOGEUSDT,ENTRY,589.0,0.174157035
2024-04-13,ETHUSDT,ENTRY,0.046,3239.929155
2024-04-13,FTMUSDT,TARGET_ZERO,-139.0,0.7426285
2024-04-13,LTCUSDT,ENTRY,1.3860000000000001,86.14304999999999
2024-04-13,BNBUSDT,STOP,-0.65,529.1462945000001
2024-04-13,BTCUSDT,STOP,-0.004,61747.6457325
2024-04-14,BNBUSDT,ENTRY,0.46,553.61667
2024-04-14,BTCUSDT,ENTRY,0.003,63971.66984999999
2024-04-14,DOGEUSDT,ADJUST,-145.0,0.15249371500000003
2024-04-14,ETHUSDT,ADJUST,-0.017,3003.9672649999998
2024-04-14,LTCUSDT,TARGET_ZERO,-1.3860000000000001,77.28134
2024-04-14,SOLUSDT,ENTRY,0.42,138.5362335
2024-04-17,BNBUSDT,ADJUST,-0.18,537.241245
2024-04-17,POLYXUSDT,ENTRY,151.0,0.44808392999999996
2024-04-17,SOLUSDT,TARGET_ZERO,-0.42,136.11590800000002
2024-04-18,BTCUSDT,ADJUST,-0.001,61223.87275
2024-04-18,ETHUSDT,TARGET_ZERO,-0.028999999999999998,2981.7683700000002
2024-04-18,SOLUSDT,ENTRY,0.38,131.847891
2024-04-19,BCHUSDT,ADJUST,-0.045,482.29873000000003
2024-04-23,1000PEPEUSDT,ENTRY,9877.0,0.0068736351
2024-04-23,BTCUSDT,TARGET_ZERO,-0.002,66744.51105
2024-04-23,SOLUSDT,ADJUST,0.19,156.9594405
2024-04-24,1000SHIBUSDT,ENTRY,3482.0,0.026822404499999997
2024-04-24,POLYXUSDT,TARGET_ZERO,-151.0,0.465677045
2024-04-26,BNBUSDT,ADJUST,0.26,612.876285
2024-04-26,NEARUSDT,ENTRY,12.0,7.128562499999999
2024-04-26,SOLUSDT,TARGET_ZERO,-0.5700000000000001,144.713607
2024-04-27,1000SHIBUSDT,TARGET_ZERO,-3482.0,0.0251943965
2024-04-27,LTCUSDT,ENTRY,1.407,88.074015
2024-04-29,BTCUSDT,ENTRY,0.001,63119.9442
2024-04-29,DOGEUSDT,TARGET_ZERO,-444.0,0.146516705
2024-05-01,BTCUSDT,TARGET_ZERO,-0.001,60620.8744
2024-05-01,DOGEUSDT,ENTRY,373.0,0.133356645
2024-05-01,LTCUSDT,TARGET_ZERO,-1.407,79.38029
2024-05-01,NEARUSDT,ADJUST,-4.0,6.182907
2024-05-01,ONGUSDT,ENTRY,191.0,0.5875236149999999
2024-05-02,1000SHIBUSDT,ENTRY,2250.0,0.022656322499999996
2024-05-02,BNBUSDT,ADJUST,-0.19,561.1792700000001
2024-05-02,ONGUSDT,TARGET_ZERO,-191.0,0.5540228500000001
2024-05-04,1000PEPEUSDT,ADJUST,6477.0,0.0080758359
2024-05-04,BCHUSDT,TARGET_ZERO,-0.14100000000000001,452.003885
2024-05-04,ONGUSDT,ENTRY,163.0,0.5518057649999999
2024-05-05,DOGEUSDT,ADJUST,345.0,0.16013002499999998
2024-05-06,1000SHIBUSDT,TARGET_ZERO,-2250.0,0.024683652
2024-05-06,NEARUSDT,ADJUST,15.0,7.489742999999999
2024-05-06,WLDUSDT,ENTRY,15.0,5.7454713
2024-05-07,BNBUSDT,ADJUST,0.12,588.11391
2024-05-09,DOGEUSDT,ADJUST,-204.0,0.143038445
2024-05-09,NEARUSDT,ADJUST,-4.0,6.7995985
2024-05-10,BNBUSDT,ADJUST,0.17,596.7282149999999
2024-05-12,1000SHIBUSDT,ENTRY,3609.0,0.022505247
2024-05-12,ONGUSDT,TARGET_ZERO,-163.0,0.51750112
2024-05-14,1000SHIBUSDT,TARGET_ZERO,-3609.0,0.0233393245
2024-05-14,JTOUSDT,ENTRY,33.0,4.1244612
2024-05-15,1000SHIBUSDT,ENTRY,3675.0,0.02297148
2024-05-15,JTOUSDT,ADJUST,-8.0,3.71584115
2024-05-15,WLDUSDT,TARGET_ZERO,-15.0,4.7694141
2024-05-16,1000SHIBUSDT,TARGET_ZERO,-3675.0,0.025226380500000003
2024-05-16,BTCUSDT,ENTRY,0.003,66208.48769999998
2024-05-16,DOGEUSDT,TARGET_ZERO,-514.0,0.155192365
2024-05-16,NEARUSDT,ADJUST,8.0,8.0530245
2024-05-16,SOLUSDT,ENTRY,1.16,158.503212
2024-05-18,BTCUSDT,ADJUST,0.001,67013.48999999999
2024-05-18,JTOUSDT,TARGET_ZERO,-25.0,4.6242867
2024-05-18,TRBUSDT,ENTRY,0.8,107.69882249999999
2024-05-21,1000BONKUSDT,ENTRY,4321.0,0.0305382615
2024-05-21,BTCUSDT,TARGET_ZERO,-0.004,71430.76675000001
2024-05-21,DOGEUSDT,ENTRY,1019.0,0.16581286499999998
2024-05-21,TRBUSDT,TARGET_ZERO,-0.8,117.793074
2024-05-22,1000BONKUSDT,TARGET_ZERO,-4321.0,0.0329265285
2024-05-22,ETHUSDT,ENTRY,0.078,3794.2261649999996
2024-05-24,1000PEPEUSDT,ADJUST,-4150.0,0.014932130200000001
2024-05-25,1000BONKUSDT,ENTRY,3984.0,0.033160572
2024-05-25,SOLUSDT,TARGET_ZERO,-1.16,167.57317150000003
2024-05-27,BNBUSDT,ADJUST,0.22,600.9503249999999
2024-05-28,DOGEUSDT,TARGET_ZERO,-1019.0,0.1691154
2024-05-28,PEOPLEUSDT,ENTRY,1541.0,0.08123059499999999
2024-05-29,1000PEPEUSDT,ADJUST,-2669.0,0.0160045937
2024-05-30,1000SHIBUSDT,ENTRY,7556.0,0.027584785499999997
2024-05-30,NEARUSDT,TARGET_ZERO,-27.0,7.585205500000001
2024-05-31,BNBUSDT,ADJUST,-0.2,595.0523250000001
2024-05-31,ETHUSDT,TARGET_ZERO,-0.078,3748.5048100000004
2024-05-31,WIFUSDT,ENTRY,32.2,3.36958395
2024-06-02,1000FLOKIUSDT,ENTRY,572.0,0.25283635499999996
2024-06-02,WIFUSDT,TARGET_ZERO,-32.2,3.27646095
2024-06-03,1000BONKUSDT,ADJUST,-955.0,0.03169414500000001
2024-06-03,PEOPLEUSDT,ADJUST,-367.0,0.11532231
2024-06-04,BNBUSDT,ADJUST,0.23,627.1734299999999
2024-06-05,1000BONKUSDT,TARGET_ZERO,-3029.0,0.0331564135
2024-06-05,1000PEPEUSDT,ADJUST,-2613.0,0.014365213800000002
2024-06-05,ONDOUSDT,ENTRY,122.0,1.4495244
2024-06-07,1000BONKUSDT,ENTRY,2819.0,0.031837911
2024-06-07,ONDOUSDT,TARGET_ZERO,-122.0,1.34982475
2024-06-07,1000PEPEUSDT,STOP,-6922.0,0.0120148345775
2024-06-07,1000SHIBUSDT,STOP,-7556.0,0.022227094443224998
2024-06-08,1000BONKUSDT,TARGET_ZERO,-2819.0,0.028786599500000003
2024-06-08,1000PEPEUSDT,ENTRY,5899.0,0.0127855896
2024-06-08,ONDOUSDT,ENTRY,105.9,1.32976455
2024-06-08,ORDIUSDT,ENTRY,2.0,58.6383045
2024-06-10,BNBUSDT,ADJUST,-0.23,672.833415
2024-06-10,BNBUSDT,STOP,-0.6599999999999999,645.2402185000001
2024-06-11,1000BONKUSDT,ENTRY,3042.0,0.0271065465
2024-06-11,BNBUSDT,ENTRY,0.66,625.302495
2024-06-11,ORDIUSDT,TARGET_ZERO,-2.0,56.879546000000005
2024-06-12,1000FLOKIUSDT,ADJUST,-187.0,0.23646171000000002
2024-06-12,1000FLOKIUSDT,STOP,-385.0,0.22610339175000005
2024-06-13,JASMYUSDT,ENTRY,3492.0,0.0377718765
2024-06-17,ONDOUSDT,TARGET_ZERO,-105.9,1.16571685
2024-06-17,UNIUSDT,ENTRY,14.0,11.98599
2024-06-18,1000BONKUSDT,ADJUST,-1073.0,0.022945521500000003
2024-06-18,PEOPLEUSDT,STOP,-1174.0,0.081055452
2024-06-19,1000BONKUSDT,TARGET_ZERO,-1969.0,0.021071459
2024-06-19,1000FLOKIUSDT,ENTRY,267.0,0.16817404499999997
2024-06-19,BNBUSDT,ADJUST,-0.34,588.215745
2024-06-19,PEOPLEUSDT,ENTRY,1010.0,0.08910453
2024-06-19,UNIUSDT,ADJUST,-2.0,9.7561195
2024-06-22,BNBUSDT,ADJUST,-0.11,585.82694
2024-06-24,1000FLOKIUSDT,TARGET_ZERO,-267.0,0.15862065000000003
2024-06-24,1000PEPEUSDT,ADJUST,-1529.0,0.010902346100000002
2024-06-24,ONDOUSDT,ENTRY,48.2,1.0967481
2024-06-24,PEOPLEUSDT,ADJUST,-211.0,0.08439778
2024-06-24,BNBUSDT,STOP,-0.21000000000000002,550.8655482915786
2024-06-24,UNIUSDT,STOP,-12.0,8.9018477745375
2024-06-25,BNBUSDT,ENTRY,0.22,568.233975
2024-06-25,UNIUSDT,ENTRY,9.0,9.3256605
2024-06-26,1000PEPEUSDT,ADJUST,1873.0,0.01285392375
2024-06-28,ONDOUSDT,TARGET_ZERO,-48.2,1.1662166
2024-06-28,SOLUSDT,ENTRY,0.64,149.724825
2024-06-29,1000BONKUSDT,ENTRY,2217.0,0.0225962925
2024-06-29,UNIUSDT,TARGET_ZERO,-9.0,8.993501
2024-06-30,JASMYUSDT,ADJUST,-1034.0,0.0280849505
2024-07-01,1000BONKUSDT,TARGET_ZERO,-2217.0,0.022626681
2024-07-01,BNBUSDT,ADJUST,0.07,582.9313199999999
2024-07-01,ONDOUSDT,ENTRY,51.0,1.20150045
2024-07-02,1000BONKUSDT,ENTRY,2230.0,0.025576782
2024-07-02,ONDOUSDT,TARGET_ZERO,-51.0,1.1889052500000001
2024-07-03,1000BONKUSDT,TARGET_ZERO,-2230.0,0.025389299000000004
2024-07-03,1000FLOKIUSDT,ENTRY,351.0,0.18321156
2024-07-03,JASMYUSDT,ADJUST,-606.0,0.0278550655
2024-07-03,JASMYUSDT,STOP,-1852.0,0.025156128372088783
2024-07-04,1000BONKUSDT,ENTRY,2335.0,0.022452220499999998
2024-07-04,1000FLOKIUSDT,TARGET_ZERO,-351.0,0.16223884
2024-07-04,BNBUSDT,TARGET_ZERO,-0.29000000000000004,556.64154
2024-07-04,JASMYUSDT,ENTRY,1846.0,0.025044515999999996
2024-07-04,ONDOUSDT,ENTRY,58.400000000000006,1.11965955
2024-07-04,PEOPLEUSDT,STOP,-799.0,0.057927021999999995
2024-07-04,SOLUSDT,STOP,-0.64,127.87203200000002
2024-07-05,1000BONKUSDT,ADJUST,-1142.0,0.020653668
2024-07-05,1000PEPEUSDT,ADJUST,-3717.0,0.008920637450000001
2024-07-05,ENSUSDT,ENTRY,3.9000000000000004,22.574281499999998
2024-07-05,ONDOUSDT,TARGET_ZERO,-58.400000000000006,1.0372811000000002
2024-07-05,PEOPLEUSDT,ENTRY,816.0,0.054597284999999995
2024-07-05,SOLUSDT,ENTRY,0.32,127.8148755
2024-07-05,1000PEPEUSDT,STOP,-2526.0,0.008627294195
2024-07-06,1000PEPEUSDT,ENTRY,2507.0,0.0088858407
2024-07-07,JASMYUSDT,TARGET_ZERO,-1846.0,0.024838574500000002
2024-07-09,CRVUSDT,ENTRY,107.4,0.28814399999999996
2024-07-10,1000BONKUSDT,ADJUST,2021.0,0.025926956999999997
2024-07-13,CRVUSDT,TARGET_ZERO,-107.4,0.27986000000000005
2024-07-13,TONUSDT,ENTRY,20.0,7.334165249999999
2024-07-14,1000PEPEUSDT,TARGET_ZERO,-2507.0,0.00868155705
2024-07-14,1000SATSUSDT,ENTRY,232654.0,0.00019169579999999997
2024-07-14,TONUSDT,TARGET_ZERO,-20.0,7.2647658
2024-07-14,XRPUSDT,ENTRY,365.70000000000005,0.52576275
2024-07-15,SOLUSDT,ADJUST,0.27,147.645786
2024-07-16,1000SATSUSDT,ADJUST,79537.0,0.0002597298
2024-07-16,SOLUSDT,ADJUST,0.58,159.373647
2024-07-17,XRPUSDT,ADJUST,175.5,0.5792894999999999
2024-07-19,1000SATSUSDT,TARGET_ZERO,-312191.0,0.00027406290000000003
2024-07-19,WIFUSDT,ENTRY,36.0,2.43931905
2024-07-20,1000PEPEUSDT,ENTRY,7334.0,0.01270004685
2024-07-20,BTCUSDT,ENTRY,0.003,66661.21394999999
2024-07-20,PEOPLEUSDT,TARGET_ZERO,-816.0,0.085067445
2024-07-20,WIFUSDT,TARGET_ZERO,-36.0,2.5423282
2024-07-21,ENSUSDT,ADJUST,1.4000000000000001,26.479233
2024-07-22,1000BONKUSDT,ADJUST,1504.0,0.032482233
2024-07-22,1000PEPEUSDT,TARGET_ZERO,-7334.0,0.0124891523
2024-07-22,ETHUSDT,ENTRY,0.057,3536.06715
2024-07-25,1000BONKUSDT,ADJUST,-955.0,0.027450268
2024-07-25,1000PEPEUSDT,ENTRY,7409.0,0.01220680035
2024-07-25,BTCUSDT,TARGET_ZERO,-0.003,65318.02465
2024-07-25,DOGEUSDT,ENTRY,1020.0,0.12791392499999998
2024-07-25,ETHUSDT,TARGET_ZERO,-0.057,3332.5628850000003
2024-07-26,1000PEPEUSDT,TARGET_ZERO,-7409.0,0.01146656385
2024-07-26,1000SATSUSDT,ENTRY,312692.0,0.000308154
2024-07-26,BTCUSDT,ENTRY,0.002,65805.8865
2024-07-26,DOGEUSDT,TARGET_ZERO,-1020.0,0.125107415
2024-07-26,ENSUSDT,ADJUST,1.8,26.454220499999998
2024-07-28,XRPUSDT,ADJUST,-159.10000000000002,0.5951023000000001
2024-07-29,BTCUSDT,ADJUST,0.002,68249.60775
2024-07-29,SOLUSDT,ADJUST,0.6,184.90040399999998
2024-07-30,1000PEPEUSDT,ENTRY,5475.0,0.011795094599999998
2024-07-30,ENSUSDT,TARGET_ZERO,-7.1000000000000005,27.475255500000003
2024-07-31,1000BONKUSDT,TARGET_ZERO,-3763.0,0.025923032000000002
2024-07-31,1000PEPEUSDT,TARGET_ZERO,-5475.0,0.011295549400000002
2024-07-31,1000SATSUSDT,ADJUST,-73936.0,0.000289855
2024-07-31,BNBUSDT,ENTRY,0.27,588.61416
2024-07-31,DOGEUSDT,ENTRY,718.0,0.125492715
2024-08-01,BTCUSDT,ADJUST,-0.001,64569.49910000001
2024-08-01,DOGEUSDT,TARGET_ZERO,-718.0,0.12179907000000001
2024-08-01,PEOPLEUSDT,ENTRY,752.0,0.06891444
2024-08-01,SOLUSDT,ADJUST,-0.6,171.546184
2024-08-02,BOMEUSDT,ENTRY,12148.0,0.009570783
2024-08-02,PEOPLEUSDT,TARGET_ZERO,-752.0,0.065377295
2024-08-02,SOLUSDT,STOP,-1.17,155.33779225
2024-08-03,BNBUSDT,TARGET_ZERO,-0.27,542.878425
2024-08-03,BOMEUSDT,ADJUST,-3532.0,0.008415790000000001
2024-08-03,BTCUSDT,ADJUST,-0.001,61452.95815
2024-08-03,PEOPLEUSDT,ENTRY,724.0,0.06319158
2024-08-03,SOLUSDT,ENTRY,0.78,152.78735550000002
2024-08-03,XRPUSDT,ADJUST,-163.10000000000002,0.56021975
2024-08-03,BTCUSDT,STOP,-0.002,60880.554495000004
2024-08-04,1000PEPEUSDT,ENTRY,2577.0,0.008616105899999999
2024-08-04,1000SATSUSDT,ADJUST,-140277.0,0.00022538725000000002
2024-08-04,BOMEUSDT,TARGET_ZERO,-8616.0,0.007506245000000001
2024-08-04,BTCUSDT,ENTRY,0.001,60714.842249999994
2024-08-04,1000SATSUSDT,STOP,-98479.0,0.00020715636999999996
2024-08-04,XRPUSDT,STOP,-219.0,0.5351772775000001
2024-08-05,1000PEPEUSDT,TARGET_ZERO,-2577.0,0.00808965315
2024-08-05,BTCUSDT,TARGET_ZERO,-0.001,58115.42775
2024-08-05,SOLUSDT,ADJUST,-0.28,138.2218545
2024-08-05,XRPUSDT,ENTRY,208.60000000000002,0.52296135
2024-08-05,SOLUSDT,STOP,-0.5,118.62767034307502
2024-08-06,SOLUSDT,ENTRY,0.45,129.8398875
2024-08-06,XRPUSDT,ADJUST,-74.7,0.4884556500000001
2024-08-09,TIAUSDT,ENTRY,4.0,5.6598285
2024-08-11,1000SATSUSDT,ENTRY,81693.0,0.00027183584999999997
2024-08-14,1000SATSUSDT,ADJUST,308455.0,0.00032826405
2024-08-14,TIAUSDT,ADJUST,5.0,6.19579635
2024-08-18,BNBUSDT,ENTRY,0.09,542.0809049999999
2024-08-18,TIAUSDT,ADJUST,-4.0,5.121138150000001
2024-08-19,TIAUSDT,TARGET_ZERO,-5.0,4.9929023
2024-08-20,XRPUSDT,ADJUST,63.5,0.5983990499999999
2024-08-21,AVAXUSDT,ENTRY,1.0,22.257122999999996
2024-08-21,CRVUSDT,ENTRY,365.1,0.32916449999999997
2024-08-21,PEOPLEUSDT,TARGET_ZERO,-724.0,0.056421775
2024-08-22,AAVEUSDT,ENTRY,1.9000000000000001,140.14003499999998
2024-08-22,AVAXUSDT,TARGET_ZERO,-1.0,23.507240499999998
2024-08-22,BNBUSDT,TARGET_ZERO,-0.09,569.505105
2024-08-23,SUIUSDT,ENTRY,95.80000000000001,0.8520257999999999
2024-08-24,SOLUSDT,ADJUST,0.33,153.304614
2024-08-24,SUIUSDT,ADJUST,54.6,1.0159077
2024-08-26,CRVUSDT,ADJUST,141.8,0.3331665
2024-08-27,BTCUSDT,ENTRY,0.002,62839.10384999999
2024-08-27,XRPUSDT,TARGET_ZERO,-197.40000000000003,0.58680645
2024-08-28,BNBUSDT,ENTRY,0.23,533.4365849999999
2024-08-28,BTCUSDT,TARGET_ZERO,-0.002,59354.707800000004
2024-08-28,CRVUSDT,TARGET_ZERO,-506.90000000000003,0.293853
2024-08-28,SUIUSDT,ADJUST,-33.9,0.84647655
2024-08-28,XRPUSDT,ENTRY,198.10000000000002,0.5664831
2024-08-28,1000SATSUSDT,STOP,-390148.0,0.00028827579000000004
2024-08-29,1000SATSUSDT,ENTRY,369200.0,0.0002983491
2024-08-29,SUIUSDT,ADJUST,-52.800000000000004,0.80889535
2024-09-01,BNBUSDT,TARGET_ZERO,-0.23,532.5735800000001
2024-09-01,CRVUSDT,ENTRY,200.70000000000002,0.28414199999999995
2024-09-01,FTMUSDT,ENTRY,143.0,0.42391185
2024-09-01,SUIUSDT,TARGET_ZERO,-63.699999999999996,0.7954021
2024-09-01,SOLUSDT,STOP,-0.78,128.99896825000002
2024-09-02,1000SATSUSDT,ADJUST,-125342.0,0.00026976505
2024-09-02,FTMUSDT,TARGET_ZERO,-143.0,0.40329825
2024-09-02,PEOPLEUSDT,ENTRY,866.0,0.058879425
2024-09-02,SOLUSDT,ENTRY,0.36,128.4752055
2024-09-04,AAVEUSDT,ADJUST,-0.5,118.68063000000001
2024-09-04,CRVUSDT,ADJUST,-86.80000000000001,0.261869
2024-09-04,SOLUSDT,TARGET_ZERO,-0.36,127.4412475
2024-09-04,SUIUSDT,ENTRY,37.800000000000004,0.78529245
2024-09-08,SUIUSDT,ADJUST,35.800000000000004,0.8909452499999999
2024-09-10,CRVUSDT,TARGET_ZERO,-113.9,0.28185899999999997
2024-09-10,WIFUSDT,ENTRY,16.8,1.6708349999999998
2024-09-11,SOLUSDT,ENTRY,0.33,135.631782
2024-09-11,WIFUSDT,TARGET_ZERO,-16.8,1.6453769000000003
2024-09-13,FETUSDT,ENTRY,90.0,1.38319125
2024-09-13,SOLUSDT,TARGET_ZERO,-0.33,135.92900150000003
2024-09-13,SUIUSDT,ADJUST,109.30000000000001,1.0391192999999999
2024-09-14,XRPUSDT,ADJUST,170.60000000000002,0.5724861
2024-09-16,FETUSDT,ADJUST,-18.0,1.3349322
2024-09-17,PEOPLEUSDT,TARGET_ZERO,-866.0,0.055402285
2024-09-17,REEFUSDT,ENTRY,71665.0,0.002551275
2024-09-18,FETUSDT,TARGET_ZERO,-72.0,1.3484254500000001
2024-09-18,FTMUSDT,ENTRY,335.0,0.57558765
2024-09-19,1000SATSUSDT,TARGET_ZERO,-243858.0,0.00029555215
2024-09-19,FETUSDT,ENTRY,91.0,1.4528260499999999
2024-09-19,REEFUSDT,ADJUST,-17630.0,0.0027766110000000004
2024-09-20,REEFUSDT,ADJUST,-12847.0,0.0044167905
2024-09-21,AVAXUSDT,ENTRY,6.0,27.667827
2024-09-21,FTMUSDT,ADJUST,-74.0,0.6404796
2024-09-21,XRPUSDT,TARGET_ZERO,-368.70000000000005,0.5844076500000001
2024-09-22,AVAXUSDT,TARGET_ZERO,-6.0,27.751117500000003
2024-09-22,REEFUSDT,ADJUST,-9339.0,0.004251873000000001
2024-09-22,XRPUSDT,ENTRY,393.8,0.5976987
2024-09-24,BNBUSDT,ENTRY,0.52,605.272485
2024-09-24,SUIUSDT,ADJUST,-40.1,1.53353285
2024-09-24,XRPUSDT,TARGET_ZERO,-393.8,0.5841078000000001
2024-09-27,1000SATSUSDT,ENTRY,498085.0,0.0003349674
2024-09-27,FETUSDT,TARGET_ZERO,-91.0,1.6275858
2024-09-27,REEFUSDT,ADJUST,-7355.0,0.0047486245000000005
2024-09-29,AAVEUSDT,TARGET_ZERO,-1.4000000000000001,163.73809
2024-09-29,XRPUSDT,ENTRY,579.5,0.61400685
2024-09-30,SUIUSDT,ADJUST,-30.8,1.75722095
2024-10-01,AAVEUSDT,ENTRY,1.3,156.69831
2024-10-01,BNBUSDT,TARGET_ZERO,-0.52,567.366175
2024-10-01,1000SATSUSDT,STOP,-498085.0,0.0002687905375
2024-10-02,FTMUSDT,ADJUST,-83.0,0.6676660000000001
2024-10-02,PEOPLEUSDT,ENTRY,1860.0,0.06737367
2024-10-02,XRPUSDT,STOP,-579.5,0.5655720725000001
2024-10-03,1000PEPEUSDT,ENTRY,9588.0,0.00924171855
2024-10-03,AAVEUSDT,TARGET_ZERO,-1.3,139.000465
2024-10-03,XRPUSDT,ENTRY,369.5,0.53816895
2024-10-04,BNBUSDT,ENTRY,0.39,544.9123199999999
2024-10-04,FTMUSDT,TARGET_ZERO,-178.0,0.60659655
2024-10-04,PEOPLEUSDT,TARGET_ZERO,-1860.0,0.06015990500000001
2024-10-04,WIFUSDT,ENTRY,40.6,2.03751825
2024-10-04,XRPUSDT,ADJUST,-81.2,0.5211393
2024-10-07,WIFUSDT,ADJUST,18.8,2.5622805
2024-10-08,1000PEPEUSDT,ADJUST,-2317.0,0.009794700200000001
2024-10-08,BNBUSDT,TARGET_ZERO,-0.39,564.0578300000001
2024-10-08,SAGAUSDT,ENTRY,39.2,2.7524755499999998
2024-10-08,TAOUSDT,ENTRY,0.243,610.92531
2024-10-08,WIFUSDT,ADJUST,-13.5,2.52563655
2024-10-08,XRPUSDT,TARGET_ZERO,-288.3,0.5279359
2024-10-09,REEFUSDT,ADJUST,-6843.0,0.0062968500000000005
2024-10-11,1000PEPEUSDT,TARGET_ZERO,-7271.0,0.009285255050000002
2024-10-11,SEIUSDT,ENTRY,249.0,0.40950464999999997
2024-10-12,SUIUSDT,ADJUST,-31.200000000000003,2.0523733
2024-10-15,FTMUSDT,ENTRY,193.0,0.7335666
2024-10-15,SEIUSDT,TARGET_ZERO,-249.0,0.4931533
2024-10-15,REEFUSDT,STOP,-17651.0,0.007042626925
2024-10-16,1000SHIBUSDT,ENTRY,7682.0,0.018241116
2024-10-17,APTUSDT,ENTRY,19.0,10.040917949999999
2024-10-17,WIFUSDT,TARGET_ZERO,-45.900000000000006,2.63218325
2024-10-18,SUIUSDT,ADJUST,-17.900000000000002,2.0233878
2024-10-19,1000SHIBUSDT,TARGET_ZERO,-7682.0,0.018772609000000003
2024-10-19,BTCUSDT,ENTRY,0.006,68442.0039
2024-10-20,1000SHIBUSDT,ENTRY,10415.0,0.019022506499999998
2024-10-20,DOGEUSDT,ENTRY,1830.0,0.14408200499999999
2024-10-20,FTMUSDT,TARGET_ZERO,-193.0,0.7192402000000001
2024-10-20,TAOUSDT,TARGET_ZERO,-0.243,557.431145
2024-10-21,APTUSDT,TARGET_ZERO,-19.0,9.990202400000001
2024-10-21,FTMUSDT,ENTRY,227.0,0.76368165
2024-10-22,APTUSDT,ENTRY,19.900000000000002,10.1088519
2024-10-22,SAGAUSDT,TARGET_ZERO,-39.2,2.67416225
2024-10-22,SOLUSDT,ENTRY,1.67,166.20306
2024-10-22,SUIUSDT,TARGET_ZERO,-62.900000000000034,2.00789555
2024-10-23,1000SHIBUSDT,TARGET_ZERO,-10415.0,0.0181399255
2024-10-23,FTMUSDT,TARGET_ZERO,-227.0,0.7088454000000001
2024-10-23,SUIUSDT,ENTRY,65.5,1.9395693
2024-10-23,WLDUSDT,ENTRY,59.0,2.3055521999999997
2024-10-24,1000SHIBUSDT,ENTRY,11122.0,0.0176498205
2024-10-24,WLDUSDT,TARGET_ZERO,-59.0,2.2448770000000002
2024-10-26,1000SHIBUSDT,TARGET_ZERO,-11122.0,0.016530730500000004
2024-10-26,WIFUSDT,ENTRY,34.6,2.3135562
2024-10-29,BTCUSDT,ADJUST,0.002,69974.86995
2024-10-29,TURBOUSDT,ENTRY,9117.0,0.00924512025
2024-10-29,WIFUSDT,TARGET_ZERO,-34.6,2.46566655
2024-10-30,1000SHIBUSDT,ENTRY,10379.0,0.019081535999999996
2024-10-30,APTUSDT,ADJUST,-4.2,10.042676150000002
2024-10-30,BNBUSDT,ENTRY,0.86,607.0033500000001
2024-10-30,SUIUSDT,TARGET_ZERO,-65.5,2.06926485
2024-10-30,TURBOUSDT,TARGET_ZERO,-9117.0,0.009403196050000001
2024-11-01,SOLUSDT,ADJUST,-0.5,168.53569000000002
2024-11-02,APTUSDT,TARGET_ZERO,-15.700000000000003,8.928233650000001
2024-11-02,BNBUSDT,TARGET_ZERO,-0.86,572.6435349999999
2024-11-02,MEWUSDT,ENTRY,10791.0,0.0092996475
2024-11-02,SUIUSDT,ENTRY,58.2,1.9901946
2024-11-03,APTUSDT,ENTRY,16.3,8.63441505
2024-11-03,MEWUSDT,TARGET_ZERO,-10791.0,0.008772611500000001
2024-11-03,DOGEUSDT,STOP,-1830.0,0.14533079825
2024-11-04,APTUSDT,ADJUST,-3.8000000000000003,8.1881039
2024-11-04,DOGEUSDT,ENTRY,1439.0,0.151365645
2024-11-04,SOLUSDT,STOP,-1.17,155.1086069
2024-11-05,APEUSDT,ENTRY,98.0,0.9121558499999999
2024-11-05,APTUSDT,TARGET_ZERO,-12.5,8.0547706
2024-11-05,MEWUSDT,ENTRY,8591.0,0.0078049005
2024-11-07,APEUSDT,TARGET_ZERO,-98.0,1.07376285
2024-11-07,BTCUSDT,ADJUST,-0.001,75542.11005
2024-11-07,DOGEUSDT,ADJUST,-422.0,0.19636177000000002
2024-11-07,ENAUSDT,ENTRY,288.0,0.48514244999999995
2024-11-07,MEWUSDT,TARGET_ZERO,-8591.0,0.0096721615
2024-11-07,SOLUSDT,ENTRY,1.48,186.6933
2024-11-10,1000SHIBUSDT,TARGET_ZERO,-10379.0,0.0205167365
2024-11-10,BNBUSDT,ENTRY,0.7000000000000001,625.382535
2024-11-11,1000SHIBUSDT,ENTRY,8958.0,0.026095041
2024-11-11,BTCUSDT,ADJUST,-0.001,80369.69505
2024-11-11,DOGEUSDT,ADJUST,-294.0,0.27780103000000006
2024-11-11,ENAUSDT,TARGET_ZERO,-288.0,0.5540228500000001
2024-11-12,1000PEPEUSDT,ENTRY,15310.0,0.0130097016
2024-11-12,1000SHIBUSDT,TARGET_ZERO,-8958.0,0.027912037
2024-11-12,BNBUSDT,TARGET_ZERO,-0.7000000000000001,660.199735
2024-11-12,WIFUSDT,ENTRY,54.1,3.1300642499999998
2024-11-13,BTCUSDT,ADJUST,-0.001,87928.01400000001
2024-11-13,DOGEUSDT,ADJUST,-211.0,0.3800099
2024-11-14,1000PEPEUSDT,ADJUST,-5605.0,0.02081888535
2024-11-14,SOLUSDT,ADJUST,-0.3,215.182355
2024-11-14,WIFUSDT,ADJUST,-14.9,4.165216350000001
2024-11-16,1000PEPEUSDT,ADJUST,-2195.0,0.023337625350000002
2024-11-17,DOGEUSDT,ADJUST,-113.0,0.36417782000000004
2024-11-18,SUIUSDT,ADJUST,-12.100000000000001,3.7849066000000002
2024-11-19,1000PEPEUSDT,TARGET_ZERO,-7510.0,0.020482753500000003
2024-11-19,1000SHIBUSDT,ENTRY,5722.0,0.0248874375
2024-11-19,WIFUSDT,TARGET_ZERO,-39.2,3.4521730500000003
2024-11-19,XRPUSDT,ENTRY,183.5,1.1155575
2024-11-20,BTCUSDT,ADJUST,-0.001,92289.73205
2024-11-21,1000SHIBUSDT,TARGET_ZERO,-5722.0,0.023871058500000004
2024-11-21,APTUSDT,ENTRY,12.100000000000001,11.7928935
2024-11-21,LINKUSDT,ENTRY,13.370000000000001,14.249121
2024-11-21,SUIUSDT,TARGET_ZERO,-46.1,3.52213805
2024-11-22,ADAUSDT,ENTRY,214.0,0.8231113499999999
2024-11-22,LINKUSDT,TARGET_ZERO,-13.370000000000001,14.901545500000001
2024-11-23,ADAUSDT,TARGET_ZERO,-214.0,1.0172911
2024-11-23,APEUSDT,ENTRY,121.0,1.2188090999999999
2024-11-23,SOLUSDT,ADJUST,-0.24,256.981445
2024-11-23,XRPUSDT,ADJUST,-45.300000000000004,1.4731630500000001
2024-11-24,1000SHIBUSDT,ENTRY,5296.0,0.025954970999999997
2024-11-24,ADAUSDT,ENTRY,174.0,1.0671332999999998
2024-11-24,APEUSDT,TARGET_ZERO,-121.0,1.30824555
2024-11-24,APTUSDT,TARGET_ZERO,-12.100000000000001,12.747123250000001
2024-11-25,DOGEUSDT,ADJUST,-88.0,0.430234775
2024-11-26,BTCUSDT,TARGET_ZERO,-0.004,93017.46800000001
2024-11-26,ENAUSDT,ENTRY,177.0,0.6317156999999999
2024-11-26,SOLUSDT,TARGET_ZERO,-0.94,234.16286000000002
2024-11-26,TIAUSDT,ENTRY,20.0,7.7674818
2024-11-26,XRPUSDT,ADJUST,-29.900000000000002,1.4142925000000002
2024-11-27,1000SHIBUSDT,TARGET_ZERO,-5296.0,0.024352817500000002
2024-11-27,AVAXUSDT,ENTRY,3.0,42.771375
2024-11-28,ENAUSDT,TARGET_ZERO,-177.0,0.7079458500000001
2024-11-28,ETHUSDT,ENTRY,0.074,3657.717945
2024-11-29,ADAUSDT,ADJUST,-36.0,1.0322836
2024-11-30,1000SHIBUSDT,ENTRY,4961.0,0.026072029499999996
2024-11-30,AVAXUSDT,TARGET_ZERO,-3.0,44.86355700000001
2024-12-01,TIAUSDT,TARGET_ZERO,-20.0,8.369713050000001
2024-12-01,WLDUSDT,ENTRY,44.0,3.63131475
2024-12-01,XRPUSDT,ADJUST,-22.900000000000002,1.9519235500000003
2024-12-02,WLDUSDT,TARGET_ZERO,-44.0,3.40479675
2024-12-02,XLMUSDT,ENTRY,211.0,0.56192082
2024-12-03,XRPUSDT,ADJUST,-17.900000000000002,2.7228379000000005
2024-12-04,1000SHIBUSDT,TARGET_ZERO,-4961.0,0.028617684000000004
2024-12-04,BNBUSDT,ENTRY,0.4,736.0278299999999
2024-12-05,BTCUSDT,ENTRY,0.004,98719.1349
2024-12-05,XLMUSDT,TARGET_ZERO,-211.0,0.48938518500000006
2024-12-06,BNBUSDT,TARGET_ZERO,-0.4,717.411115
2024-12-06,SUIUSDT,ENTRY,42.2,4.2325152
2024-12-08,1000PEPEUSDT,ENTRY,5800.0,0.024943765649999998
2024-12-08,ADAUSDT,TARGET_ZERO,-138.0,1.2109942
2024-12-09,XRPUSDT,STOP,-67.49999999999997,2.05007445
2024-12-10,XRPUSDT,ENTRY,47.1,2.2133061
2024-12-11,BNBUSDT,ENTRY,0.3,677.55861
2024-12-11,DOGEUSDT,TARGET_ZERO,-311.0,0.39352314000000005
2024-12-13,BNBUSDT,TARGET_ZERO,-0.3,705.8369050000001
2024-12-13,LINKUSDT,ENTRY,5.37,29.144564999999997
2024-12-16,1000PEPEUSDT,TARGET_ZERO,-5800.0,0.024151018450000002
2024-12-16,ENAUSDT,ENTRY,119.0,1.2520257
2024-12-18,ENSUSDT,ENTRY,2.8000000000000003,42.3621705
2024-12-18,LINKUSDT,TARGET_ZERO,-5.37,27.84607
2024-12-19,BNBUSDT,ENTRY,0.33,686.853255
2024-12-19,ENSUSDT,TARGET_ZERO,-2.8000000000000003,39.516232
2024-12-19,ETHUSDT,TARGET_ZERO,-0.074,3623.597295
2024-12-19,LINKUSDT,ENTRY,4.5200000000000005,24.867427499999998
2024-12-19,SUIUSDT,ADJUST,-9.3,4.3305336500000005
2024-12-20,BNBUSDT,ADJUST,-0.1,665.1572550000001
2024-12-20,BTCUSDT,STOP,-0.004,93779.6317275
2024-12-20,ENAUSDT,STOP,-119.0,0.8532547866862499
2024-12-21,BTCUSDT,ENTRY,0.003,97813.38225
2024-12-21,ENAUSDT,ENTRY,100.0,1.1797895999999999
2024-12-23,AAVEUSDT,ENTRY,0.30000000000000004,319.03943999999996
2024-12-23,BTCUSDT,TARGET_ZERO,-0.003,95105.8233
2024-12-23,ENAUSDT,ADJUST,34.0,1.03001475
2024-12-24,AAVEUSDT,ADJUST,0.1,383.621715
2024-12-24,LINKUSDT,ADJUST,-0.96,24.527730000000002
2024-12-25,HBARUSDT,ENTRY,322.0,0.32892437999999996
2024-12-25,LINKUSDT,TARGET_ZERO,-3.5600000000000005,25.404291500000003
2024-12-27,ENAUSDT,ADJUST,-37.0,0.92543705
2024-12-27,LINKUSDT,ENTRY,3.94,22.676332499999997
2024-12-27,XRPUSDT,TARGET_ZERO,-47.1,2.15382255
2024-12-28,LINKUSDT,TARGET_ZERO,-3.94,21.547221
2024-12-28,LTCUSDT,ENTRY,0.996,100.57025999999999
2024-12-29,BNBUSDT,ADJUST,0.12,722.5010699999999
2024-12-30,CRVUSDT,ENTRY,91.10000000000001,0.9484739999999999
2024-12-30,LTCUSDT,TARGET_ZERO,-0.996,98.38078500000002
2024-12-31,HBARUSDT,ADJUST,118.0,0.27861924
