day,equity,return,pnl_price,fees,slippage,funding,gross_notional,positions,drawdown,paused,halved,halted,funding_events,funding_events_imputed
2020-01-01,10000.0,0.0,0.0,0.0,0.0,0.0,0.0,0.0,0.0,0.0,0.0,0.0,0.0,0.0
2020-01-02,10000.0,0.0,0.0,0.0,0.0,0.0,0.0,0.0,0.0,0.0,0.0,0.0,0.0,0.0
2020-01-03,10000.0,0.0,0.0,0.0,0.0,0.0,0.0,0.0,0.0,0.0,0.0,0.0,0.0,0.0
2020-01-04,10000.0,0.0,0.0,0.0,0.0,0.0,0.0,0.0,0.0,0.0,0.0,0.0,0.0,0.0
2020-01-05,10000.0,0.0,0.0,0.0,0.0,0.0,0.0,0.0,0.0,0.0,0.0,0.0,0.0,0.0
2020-01-06,10000.0,0.0,0.0,0.0,0.0,0.0,0.0,0.0,0.0,0.0,0.0,0.0,0.0,0.0
2020-01-07,10000.0,0.0,0.0,0.0,0.0,0.0,0.0,0.0,0.0,0.0,0.0,0.0,0.0,0.0
2020-01-08,10000.0,0.0,0.0,0.0,0.0,0.0,0.0,0.0,0.0,0.0,0.0,0.0,0.0,0.0
2020-01-09,10000.0,0.0,0.0,0.0,0.0,0.0,0.0,0.0,0.0,0.0,0.0,0.0,0.0,0.0
2020-01-10,10000.0,0.0,0.0,0.0,0.0,0.0,0.0,0.0,0.0,0.0,0.0,0.0,0.0,0.0
2020-01-11,10000.0,0.0,0.0,0.0,0.0,0.0,0.0,0.0,0.0,0.0,0.0,0.0,0.0,0.0
2020-01-12,10000.0,0.0,0.0,0.0,0.0,0.0,0.0,0.0,0.0,0.0,0.0,0.0,0.0,0.0
2020-01-13,10000.0,0.0,0.0,0.0,0.0,0.0,0.0,0.0,0.0,0.0,0.0,0.0,0.0,0.0
2020-01-14,10000.0,0.0,0.0,0.0,0.0,0.0,0.0,0.0,0.0,0.0,0.0,0.0,0.0,0.0
2020-01-15,10000.0,0.0,0.0,0.0,0.0,0.0,0.0,0.0,0.0,0.0,0.0,0.0,0.0,0.0
2020-01-16,10000.0,0.0,0.0,0.0,0.0,0.0,0.0,0.0,0.0,0.0,0.0,0.0,0.0,0.0
2020-01-17,10000.0,0.0,0.0,0.0,0.0,0.0,0.0,0.0,0.0,0.0,0.0,0.0,0.0,0.0
2020-01-18,10000.0,0.0,0.0,0.0,0.0,0.0,0.0,0.0,0.0,0.0,0.0,0.0,0.0,0.0
2020-01-19,10000.0,0.0,0.0,0.0,0.0,0.0,0.0,0.0,0.0,0.0,0.0,0.0,0.0,0.0
2020-01-20,10000.0,0.0,0.0,0.0,0.0,0.0,0.0,0.0,0.0,0.0,0.0,0.0,0.0,0.0
2020-01-21,10000.0,0.0,0.0,0.0,0.0,0.0,0.0,0.0,0.0,0.0,0.0,0.0,0.0,0.0
2020-01-22,10000.0,0.0,0.0,0.0,0.0,0.0,0.0,0.0,0.0,0.0,0.0,0.0,0.0,0.0
2020-01-23,10000.0,0.0,0.0,0.0,0.0,0.0,0.0,0.0,0.0,0.0,0.0,0.0,0.0,0.0
2020-01-24,10000.0,0.0,0.0,0.0,0.0,0.0,0.0,0.0,0.0,0.0,0.0,0.0,0.0,0.0
2020-01-25,10000.0,0.0,0.0,0.0,0.0,0.0,0.0,0.0,0.0,0.0,0.0,0.0,0.0,0.0
2020-01-26,10000.0,0.0,0.0,0.0,0.0,0.0,0.0,0.0,0.0,0.0,0.0,0.0,0.0,0.0
2020-01-27,10000.0,0.0,0.0,0.0,0.0,0.0,0.0,0.0,0.0,0.0,0.0,0.0,0.0,0.0
2020-01-28,10000.0,0.0,0.0,0.0,0.0,0.0,0.0,0.0,0.0,0.0,0.0,0.0,0.0,0.0
2020-01-29,10000.0,0.0,0.0,0.0,0.0,0.0,0.0,0.0,0.0,0.0,0.0,0.0,0.0,0.0
2020-01-30,10000.0,0.0,0.0,0.0,0.0,0.0,0.0,0.0,0.0,0.0,0.0,0.0,0.0,0.0
2020-01-31,10000.0,0.0,0.0,0.0,0.0,0.0,0.0,0.0,0.0,0.0,0.0,0.0,0.0,0.0
2020-02-01,10000.0,0.0,0.0,0.0,0.0,0.0,0.0,0.0,0.0,0.0,0.0,0.0,0.0,0.0
2020-02-02,10000.0,0.0,0.0,0.0,0.0,0.0,0.0,0.0,0.0,0.0,0.0,0.0,0.0,0.0
2020-02-03,10000.0,0.0,0.0,0.0,0.0,0.0,0.0,0.0,0.0,0.0,0.0,0.0,0.0,0.0
2020-02-04,10000.0,0.0,0.0,0.0,0.0,0.0,0.0,0.0,0.0,0.0,0.0,0.0,0.0,0.0
2020-02-05,10000.0,0.0,0.0,0.0,0.0,0.0,0.0,0.0,0.0,0.0,0.0,0.0,0.0,0.0
2020-02-06,10000.0,0.0,0.0,0.0,0.0,0.0,0.0,0.0,0.0,0.0,0.0,0.0,0.0,0.0
2020-02-07,10000.0,0.0,0.0,0.0,0.0,0.0,0.0,0.0,0.0,0.0,0.0,0.0,0.0,0.0
2020-02-08,10000.0,0.0,0.0,0.0,0.0,0.0,0.0,0.0,0.0,0.0,0.0,0.0,0.0,0.0
2020-02-09,10000.0,0.0,0.0,0.0,0.0,0.0,0.0,0.0,0.0,0.0,0.0,0.0,0.0,0.0
2020-02-10,10000.0,0.0,0.0,0.0,0.0,0.0,0.0,0.0,0.0,0.0,0.0,0.0,0.0,0.0
2020-02-11,10000.0,0.0,0.0,0.0,0.0,0.0,0.0,0.0,0.0,0.0,0.0,0.0,0.0,0.0
2020-02-12,10000.0,0.0,0.0,0.0,0.0,0.0,0.0,0.0,0.0,0.0,0.0,0.0,0.0,0.0
2020-02-13,10000.0,0.0,0.0,0.0,0.0,0.0,0.0,0.0,0.0,0.0,0.0,0.0,0.0,0.0
2020-02-14,10000.0,0.0,0.0,0.0,0.0,0.0,0.0,0.0,0.0,0.0,0.0,0.0,0.0,0.0
2020-02-15,10000.0,0.0,0.0,0.0,0.0,0.0,0.0,0.0,0.0,0.0,0.0,0.0,0.0,0.0
2020-02-16,10000.0,0.0,0.0,0.0,0.0,0.0,0.0,0.0,0.0,0.0,0.0,0.0,0.0,0.0
2020-02-17,10000.0,0.0,0.0,0.0,0.0,0.0,0.0,0.0,0.0,0.0,0.0,0.0,0.0,0.0
2020-02-18,10000.0,0.0,0.0,0.0,0.0,0.0,0.0,0.0,0.0,0.0,0.0,0.0,0.0,0.0
2020-02-19,10000.0,0.0,0.0,0.0,0.0,0.0,0.0,0.0,0.0,0.0,0.0,0.0,0.0,0.0
2020-02-20,10000.0,0.0,0.0,0.0,0.0,0.0,0.0,0.0,0.0,0.0,0.0,0.0,0.0,0.0
2020-02-21,10000.0,0.0,0.0,0.0,0.0,0.0,0.0,0.0,0.0,0.0,0.0,0.0,0.0,0.0
2020-02-22,10000.0,0.0,0.0,0.0,0.0,0.0,0.0,0.0,0.0,0.0,0.0,0.0,0.0,0.0
2020-02-23,10000.0,0.0,0.0,0.0,0.0,0.0,0.0,0.0,0.0,0.0,0.0,0.0,0.0,0.0
2020-02-24,10000.0,0.0,0.0,0.0,0.0,0.0,0.0,0.0,0.0,0.0,0.0,0.0,0.0,0.0
2020-02-25,10000.0,0.0,0.0,0.0,0.0,0.0,0.0,0.0,0.0,0.0,0.0,0.0,0.0,0.0
2020-02-26,10000.0,0.0,0.0,0.0,0.0,0.0,0.0,0.0,0.0,0.0,0.0,0.0,0.0,0.0
2020-02-27,10000.0,0.0,0.0,0.0,0.0,0.0,0.0,0.0,0.0,0.0,0.0,0.0,0.0,0.0
2020-02-28,10000.0,0.0,0.0,0.0,0.0,0.0,0.0,0.0,0.0,0.0,0.0,0.0,0.0,0.0
2020-02-29,10000.0,0.0,0.0,0.0,0.0,0.0,0.0,0.0,0.0,0.0,0.0,0.0,0.0,0.0
2020-03-01,10000.0,0.0,0.0,0.0,0.0,0.0,0.0,0.0,0.0,0.0,0.0,0.0,0.0,0.0
2020-03-02,10000.0,0.0,0.0,0.0,0.0,0.0,0.0,0.0,0.0,0.0,0.0,0.0,0.0,0.0
2020-03-03,10000.0,0.0,0.0,0.0,0.0,0.0,0.0,0.0,0.0,0.0,0.0,0.0,0.0,0.0
2020-03-04,10000.0,0.0,0.0,0.0,0.0,0.0,0.0,0.0,0.0,0.0,0.0,0.0,0.0,0.0
2020-03-05,10000.0,0.0,0.0,0.0,0.0,0.0,0.0,0.0,0.0,0.0,0.0,0.0,0.0,0.0
2020-03-06,10000.0,0.0,0.0,0.0,0.0,0.0,0.0,0.0,0.0,0.0,0.0,0.0,0.0,0.0
2020-03-07,10000.0,0.0,0.0,0.0,0.0,0.0,0.0,0.0,0.0,0.0,0.0,0.0,0.0,0.0
2020-03-08,10000.0,0.0,0.0,0.0,0.0,0.0,0.0,0.0,0.0,0.0,0.0,0.0,0.0,0.0
2020-03-09,10000.0,0.0,0.0,0.0,0.0,0.0,0.0,0.0,0.0,0.0,0.0,0.0,0.0,0.0
2020-03-10,10000.0,0.0,0.0,0.0,0.0,0.0,0.0,0.0,0.0,0.0,0.0,0.0,0.0,0.0
2020-03-11,10000.0,0.0,0.0,0.0,0.0,0.0,0.0,0.0,0.0,0.0,0.0,0.0,0.0,0.0
2020-03-12,10000.0,0.0,0.0,0.0,0.0,0.0,0.0,0.0,0.0,0.0,0.0,0.0,0.0,0.0
2020-03-13,10000.0,0.0,0.0,0.0,0.0,0.0,0.0,0.0,0.0,0.0,0.0,0.0,0.0,0.0
2020-03-14,10000.0,0.0,0.0,0.0,0.0,0.0,0.0,0.0,0.0,0.0,0.0,0.0,0.0,0.0
2020-03-15,10000.0,0.0,0.0,0.0,0.0,0.0,0.0,0.0,0.0,0.0,0.0,0.0,0.0,0.0
2020-03-16,10000.0,0.0,0.0,0.0,0.0,0.0,0.0,0.0,0.0,0.0,0.0,0.0,0.0,0.0
2020-03-17,10000.0,0.0,0.0,0.0,0.0,0.0,0.0,0.0,0.0,0.0,0.0,0.0,0.0,0.0
2020-03-18,10000.0,0.0,0.0,0.0,0.0,0.0,0.0,0.0,0.0,0.0,0.0,0.0,0.0,0.0
2020-03-19,10000.0,0.0,0.0,0.0,0.0,0.0,0.0,0.0,0.0,0.0,0.0,0.0,0.0,0.0
2020-03-20,10000.0,0.0,0.0,0.0,0.0,0.0,0.0,0.0,0.0,0.0,0.0,0.0,0.0,0.0
2020-03-21,10000.0,0.0,0.0,0.0,0.0,0.0,0.0,0.0,0.0,0.0,0.0,0.0,0.0,0.0
2020-03-22,10000.0,0.0,0.0,0.0,0.0,0.0,0.0,0.0,0.0,0.0,0.0,0.0,0.0,0.0
2020-03-23,10000.0,0.0,0.0,0.0,0.0,0.0,0.0,0.0,0.0,0.0,0.0,0.0,0.0,0.0
2020-03-24,10000.0,0.0,0.0,0.0,0.0,0.0,0.0,0.0,0.0,0.0,0.0,0.0,0.0,0.0
2020-03-25,10000.0,0.0,0.0,0.0,0.0,0.0,0.0,0.0,0.0,0.0,0.0,0.0,0.0,0.0
2020-03-26,10000.0,0.0,0.0,0.0,0.0,0.0,0.0,0.0,0.0,0.0,0.0,0.0,0.0,0.0
2020-03-27,10000.0,0.0,0.0,0.0,0.0,0.0,0.0,0.0,0.0,0.0,0.0,0.0,0.0,0.0
2020-03-28,10000.0,0.0,0.0,0.0,0.0,0.0,0.0,0.0,0.0,0.0,0.0,0.0,0.0,0.0
2020-03-29,10000.0,0.0,0.0,0.0,0.0,0.0,0.0,0.0,0.0,0.0,0.0,0.0,0.0,0.0
2020-03-30,10000.0,0.0,0.0,0.0,0.0,0.0,0.0,0.0,0.0,0.0,0.0,0.0,0.0,0.0
2020-03-31,10000.0,0.0,0.0,0.0,0.0,0.0,0.0,0.0,0.0,0.0,0.0,0.0,0.0,0.0
2020-04-01,10000.0,0.0,0.0,0.0,0.0,0.0,0.0,0.0,0.0,0.0,0.0,0.0,0.0,0.0
2020-04-02,10000.0,0.0,0.0,0.0,0.0,0.0,0.0,0.0,0.0,0.0,0.0,0.0,0.0,0.0
2020-04-03,10000.0,0.0,0.0,0.0,0.0,0.0,0.0,0.0,0.0,0.0,0.0,0.0,0.0,0.0
2020-04-04,10000.0,0.0,0.0,0.0,0.0,0.0,0.0,0.0,0.0,0.0,0.0,0.0,0.0,0.0
2020-04-05,10000.0,0.0,0.0,0.0,0.0,0.0,0.0,0.0,0.0,0.0,0.0,0.0,0.0,0.0
2020-04-06,10000.0,0.0,0.0,0.0,0.0,0.0,0.0,0.0,0.0,0.0,0.0,0.0,0.0,0.0
2020-04-07,10000.0,0.0,0.0,0.0,0.0,0.0,0.0,0.0,0.0,0.0,0.0,0.0,0.0,0.0
2020-04-08,10000.0,0.0,0.0,0.0,0.0,0.0,0.0,0.0,0.0,0.0,0.0,0.0,0.0,0.0
2020-04-09,10000.0,0.0,0.0,0.0,0.0,0.0,0.0,0.0,0.0,0.0,0.0,0.0,0.0,0.0
2020-04-10,10000.0,0.0,0.0,0.0,0.0,0.0,0.0,0.0,0.0,0.0,0.0,0.0,0.0,0.0
2020-04-11,10000.0,0.0,0.0,0.0,0.0,0.0,0.0,0.0,0.0,0.0,0.0,0.0,0.0,0.0
2020-04-12,10000.0,0.0,0.0,0.0,0.0,0.0,0.0,0.0,0.0,0.0,0.0,0.0,0.0,0.0
2020-04-13,10000.0,0.0,0.0,0.0,0.0,0.0,0.0,0.0,0.0,0.0,0.0,0.0,0.0,0.0
2020-04-14,10000.0,0.0,0.0,0.0,0.0,0.0,0.0,0.0,0.0,0.0,0.0,0.0,0.0,0.0
2020-04-15,10000.0,0.0,0.0,0.0,0.0,0.0,0.0,0.0,0.0,0.0,0.0,0.0,0.0,0.0
2020-04-16,10000.0,0.0,0.0,0.0,0.0,0.0,0.0,0.0,0.0,0.0,0.0,0.0,0.0,0.0
2020-04-17,10000.0,0.0,0.0,0.0,0.0,0.0,0.0,0.0,0.0,0.0,0.0,0.0,0.0,0.0
2020-04-18,10000.0,0.0,0.0,0.0,0.0,0.0,0.0,0.0,0.0,0.0,0.0,0.0,0.0,0.0
2020-04-19,10000.0,0.0,0.0,0.0,0.0,0.0,0.0,0.0,0.0,0.0,0.0,0.0,0.0,0.0
2020-04-20,10000.0,0.0,0.0,0.0,0.0,0.0,0.0,0.0,0.0,0.0,0.0,0.0,0.0,0.0
2020-04-21,10000.0,0.0,0.0,0.0,0.0,0.0,0.0,0.0,0.0,0.0,0.0,0.0,0.0,0.0
2020-04-22,10000.0,0.0,0.0,0.0,0.0,0.0,0.0,0.0,0.0,0.0,0.0,0.0,0.0,0.0
2020-04-23,10000.0,0.0,0.0,0.0,0.0,0.0,0.0,0.0,0.0,0.0,0.0,0.0,0.0,0.0
2020-04-24,10000.0,0.0,0.0,0.0,0.0,0.0,0.0,0.0,0.0,0.0,0.0,0.0,0.0,0.0
2020-04-25,10000.0,0.0,0.0,0.0,0.0,0.0,0.0,0.0,0.0,0.0,0.0,0.0,0.0,0.0
2020-04-26,10000.0,0.0,0.0,0.0,0.0,0.0,0.0,0.0,0.0,0.0,0.0,0.0,0.0,0.0
2020-04-27,10000.0,0.0,0.0,0.0,0.0,0.0,0.0,0.0,0.0,0.0,0.0,0.0,0.0,0.0
2020-04-28,10000.0,0.0,0.0,0.0,0.0,0.0,0.0,0.0,0.0,0.0,0.0,0.0,0.0,0.0
2020-04-29,10000.0,0.0,0.0,0.0,0.0,0.0,0.0,0.0,0.0,0.0,0.0,0.0,0.0,0.0
2020-04-30,9985.820966751437,-0.0014179033248563622,-13.35542999999998,0.2300650200225,0.22995004500000002,0.3635881835423,446.54466,3.0,-0.0014179033248563622,0.0,0.0,0.0,6.0,0.0
2020-05-01,9996.663777061274,0.0010858206196504572,11.124970000000012,0.0,0.0,0.28215969016040005,457.66963000000004,3.0,-0.0003336222938725708,0.0,0.0,0.0,9.0,0.0
2020-05-02,10003.103640833006,0.0006442012970875322,6.769430000000002,0.0,0.0,0.3295662282694,464.43906000000004,3.0,0.0,0.0,0.0,0.0,9.0,0.0
2020-05-03,9995.034789208903,-0.0008066348119363242,-7.749100000000023,0.0,0.0,0.3197516241017,456.68996,3.0,-0.0008066348119363242,0.0,0.0,0.0,9.0,0.0
2020-05-04,9990.023002684493,-0.0005014276218249236,-4.840450000000012,0.0,0.0,0.17133652441070002,451.84951,3.0,-0.0013076579647857134,0.0,0.0,0.0,9.0,0.0
2020-05-05,9991.625417243828,0.00016040148845553048,2.026330000000035,0.10297735703,0.10294334000000002,0.21799474363670002,589.9439600000001,4.0,-0.0011474662266142133,0.0,0.0,0.0,11.0,0.0
2020-05-06,9986.243266897023,-0.0005386661451014518,-5.040600000000005,0.024528249740000004,0.024540520000000003,0.292481577066,535.82232,4.0,-0.0016855142705067827,0.0,0.0,0.0,12.0,0.0
2020-05-07,10022.770263721855,0.003657731526119923,36.803601533930326,0.05439104814699016,0.054382306648665835,0.16783135430646637,607.5919148312619,5.0,0.0,0.0,0.0,0.0,14.0,0.0
2020-05-08,10019.061842322988,-0.00036999964094663884,-2.9206349490735084,0.059788669395,0.059758790000000006,0.6682389903998537,724.1888598821886,6.0,-0.00036999964094663884,0.0,0.0,0.0,17.0,0.0
2020-05-09,10008.286973097789,-0.0010754369415790777,-9.555008316357824,0.0,0.0,1.2198609088395511,714.6338515658307,6.0,-0.0014450386712433483,0.0,0.0,0.0,18.0,0.0
2020-05-10,9904.078658608725,-0.010412202884387267,-103.22284295614398,0.29958563991081316,0.29969616587375003,0.3861897271391816,169.30715686218667,2.0,-0.011842195519809806,0.0,0.0,0.0,18.0,0.0
2020-05-11,9898.52543293357,-0.0005607008856224338,-5.032679999999995,0.2266969100368778,0.22666821843109336,0.06718054668621867,279.0409,4.0,-0.012396256475916578,0.0,0.0,0.0,10.0,0.0
2020-05-12,9904.601835252755,0.000613869445540649,6.178699999999989,0.0176915248125,0.017700375,0.06690578100000001,249.81885,4.0,-0.011789996713465478,0.0,0.0,0.0,12.0,0.0
2020-05-13,9916.280904167756,0.0011791558216334153,11.744150000000012,0.0,0.0,0.065081085,261.563,4.0,-0.01062474313509365,0.0,0.0,0.0,12.0,0.0
2020-05-14,9926.597747828324,0.00104039445435955,10.423509999999988,0.015964833427500002,0.015956855,0.07474465100000001,303.90022,5.0,-0.009595402604570813,0.0,0.0,0.0,14.0,0.0
2020-05-15,9915.099323693037,-0.001158344926165844,-11.402109999999993,0.013238425905,0.01323181,0.06984389938300002,318.96173,6.0,-0.010742632744815128,0.0,0.0,0.0,17.0,0.0
2020-05-16,9919.41674208389,0.0004354387434661877,4.453899999999996,0.031231284715000005,0.031231530000000004,0.07401879443200002,322.43449000000004,6.0,-0.01031187175985282,0.0,0.0,0.0,18.0,0.0
2020-05-17,9926.28089047287,0.000691991128859204,6.909230000000008,0.0,0.0,0.04508161102020001,329.34372,6.0,-0.009627016354773255,0.0,0.0,0.0,18.0,0.0
2020-05-18,9931.6774409494,0.0005436628820074674,5.448230000000015,0.0,0.0,0.051679523472,334.79195,6.0,-0.009088587324222464,0.0,0.0,0.0,18.0,0.0
2020-05-19,9931.809609531072,1.330778032793134e-05,0.45399999999999163,0.11161668863500002,0.11160758000000001,0.0986071496907,371.68049,6.0,-0.009075400492818075,0.0,0.0,0.0,18.0,0.0
2020-05-20,9927.930028233637,-0.00039062179501625494,-3.756459999999977,0.0,0.0,0.12312129743480002,367.92403,6.0,-0.009462477238603273,0.0,0.0,0.0,18.0,0.0
2020-05-21,9895.41966421335,-0.003274636699476363,-32.19849000000004,0.0994827915375,0.099433075,0.11295815374839999,534.59169,6.0,-0.012706127762846187,0.0,0.0,0.0,18.0,0.0
2020-05-22,9913.925956895828,0.0018701877545836965,18.65775,0.032346198810000004,0.032362379999999996,0.086748738712,488.52468,6.0,-0.010859702852812791,0.0,0.0,0.0,18.0,0.0
2020-05-23,9906.260274864273,-0.0007732236517484781,-7.605169999999999,0.0,0.0,0.060512031557799995,480.91951,6.0,-0.011624529525464555,0.0,0.0,0.0,18.0,0.0
2020-05-24,9887.277414123095,-0.0019162489390012194,-18.91079999999999,0.0,0.0,0.07206074117979999,462.00870999999995,6.0,-0.013518502972096114,0.0,0.0,0.0,18.0,0.0
2020-05-25,9897.788859089385,0.0010631283543511838,10.606639999999999,0.021880434310000006,0.021891380000000002,0.0514232194008,428.83259000000004,6.0,-0.012469746521562963,0.0,0.0,0.0,18.0,0.0
2020-05-26,9892.500279412889,-0.0005343193062398166,-5.165330000000005,0.01957128075,0.019561500000000002,0.0841168957464,462.79026,6.0,-0.012997403001492325,0.0,0.0,0.0,18.0,0.0
2020-05-27,9901.459009278813,0.0009056082499758755,9.026050000000012,0.0,0.0,0.0673201340764,471.81631000000004,6.0,-0.01210356530690293,0.0,0.0,0.0,18.0,0.0
2020-05-28,9920.329816392668,0.0019058612570299616,18.927669999999967,0.0,0.0,0.056862886141999996,490.74398,6.0,-0.010220771766063286,0.0,0.0,0.0,18.0,0.0
2020-05-29,9918.181487648653,-0.00021655819753740868,-1.8697099999999804,0.08827827207750001,0.08823415500000001,0.1021063169358,665.34258,6.0,-0.010435116571689607,0.0,0.0,0.0,18.0,0.0
2020-05-30,10000.781062594488,0.008328096743208224,83.08292999999998,0.1428796488975,0.14282559500000003,0.19764981026630002,964.6411,6.0,-0.002193924488817167,0.0,0.0,0.0,18.0,0.0
2020-05-31,9948.088806912096,-0.005268814040882752,-51.755339999999975,0.27629996349749997,0.27621517500000003,0.38440054389840006,1252.03975,6.0,-0.007451179149548626,0.0,0.0,0.0,18.0,0.0
2020-06-01,10033.753538032495,0.008611174747543249,86.08159,0.025449264002500006,0.025461995,0.365947620595,1287.19735,6.0,0.0,0.0,0.0,0.0,18.0,0.0
2020-06-02,10002.210252396637,-0.0031437174050862327,-29.34555,0.2293216284075,0.229318615,1.7390953924471,1269.90543,6.0,-0.0031437174050862327,0.0,0.0,0.0,18.0,0.0
2020-06-03,10039.509310190266,0.0037290815582178283,37.87920000000002,0.028752156730000002,0.02876654,0.5226235096399999,1250.2515500000002,6.0,0.0,0.0,0.0,0.0,18.0,0.0
2020-06-04,10041.66116900921,0.00021433904312040397,2.823019999999973,0.024814486550000004,0.024826900000000002,0.621519794504,1203.42077,6.0,0.0,0.0,0.0,0.0,18.0,0.0
2020-06-05,10011.562607435533,-0.0029973687686821737,-28.896339999999967,0.17456937767999997,0.17457744,0.853074756003,1142.27515,6.0,-0.0029973687686821737,0.0,0.0,0.0,18.0,0.0
2020-06-06,10016.50380424999,0.000493549010100125,5.972730000000036,0.0,0.0,1.0315331855442,1148.24788,6.0,-0.0025052991069707264,0.0,0.0,0.0,18.0,0.0
2020-06-07,10026.995538408253,0.0010474447335417914,11.546649999999952,0.18980843157,0.18981774,0.675289670166,1122.56081,6.0,-0.0014604785357843486,0.0,0.0,0.0,18.0,0.0
2020-06-08,10029.487372669173,0.0002485125530748977,3.3395500000000236,0.1848456363775,0.184854635,0.4780154677025001,1089.90587,6.0,-0.00121232892995915,0.0,0.0,0.0,18.0,0.0
2020-06-09,10010.354905594075,-0.001907621632510903,-17.729700000000054,0.20039052167,0.20037421,1.0020023434298,1137.42285,6.0,-0.0031176378975774632,0.0,0.0,0.0,18.0,0.0
2020-06-10,10019.855852562334,0.0009491119004132464,10.568120000000057,0.192972561195,0.19299209,0.6812083805432,1069.8757500000002,6.0,-0.002171484984394123,0.0,0.0,0.0,18.0,0.0
2020-06-11,9907.73516210059,-0.011189850643716803,-110.54082599999995,0.4970493379465001,0.49705334700000003,0.5857617767984,943.29871,5.0,-0.01333703703546052,0.0,0.0,0.0,18.0,0.0
2020-06-12,9936.448492534792,0.0028980720582880704,29.922099999999975,0.45967047348499995,0.45967662,0.28942247231159995,948.6347499999999,6.0,-0.010477616671545231,0.0,0.0,0.0,17.0,0.0
2020-06-13,9942.227957654652,0.0005816429405538504,6.325785000000019,0.16649555794375004,0.1664894875,0.21333483469620002,979.24231,6.0,-0.009902067962762162,0.0,0.0,0.0,18.0,0.0
2020-06-14,9899.239635830021,-0.0043238117258751485,-42.60930000000005,0.0,0.0,0.37902182462600004,936.63301,6.0,-0.014183065011069473,0.0,0.0,0.0,18.0,0.0
2020-06-15,9899.098410546858,-1.4266275831120723e-05,0.17719000000004304,0.05278781289000001,0.05281422,0.21281325026900003,831.18176,5.0,-0.014197128947383009,0.0,0.0,0.0,18.0,0.0
2020-06-16,9908.107769319528,0.0009101191238860551,9.156239999999979,0.07227938372,0.07226526,0.002336583604099999,896.83288,6.0,-0.013299930902056167,0.0,0.0,0.0,17.0,0.0
2020-06-17,9910.560059662064,0.0002475033981896857,2.7003600000000016,0.0,0.0,0.24806965746084997,899.53324,6.0,-0.013055719281960365,0.0,0.0,0.0,18.0,0.0
2020-06-18,9892.18345612797,-0.0018542447070060142,-18.06769,0.0,0.0,0.3089135340961,881.46555,6.0,-0.014885755490591679,0.0,0.0,0.0,18.0,0.0
2020-06-19,9878.582824940679,-0.0013748866716444264,-12.83758500000001,0.23669651896,0.23670380000000002,0.2896458683263,839.5038049999998,6.0,-0.016240175935414713,0.0,0.0,0.0,18.0,0.0
2020-06-20,9883.194776680473,0.0004668637011526755,5.064218000000051,0.16569226589725,0.1656905015,0.12088349280535998,851.625612,6.0,-0.015780894182906624,0.0,0.0,0.0,18.0,0.0
2020-06-21,9878.933802461002,-0.0004311332838976556,-4.288826000000062,0.0,0.0,-0.02785178052690001,847.336786,6.0,-0.016205223798072432,0.0,0.0,0.0,18.0,0.0
2020-06-22,9951.266919931068,0.007321955882733544,71.230196,0.1260409058475,0.12602806500000002,-1.3549904409117601,969.930372,6.0,-0.009001921849058125,0.0,0.0,0.0,18.0,0.0
2020-06-23,9945.563075633921,-0.0005731777011952488,-5.8910439999999875,0.12100414834450002,0.120957281,-0.4291611321970001,1151.508706,6.0,-0.009569939849381592,0.0,0.0,0.0,18.0,0.0
2020-06-24,9902.353792121949,-0.004344578902509166,-42.629154000000014,0.3816613260865,0.38162086700000003,-0.18315268111650004,1270.715898,6.0,-0.013872941393122784,0.0,0.0,0.0,18.0,0.0
2020-06-25,9924.646894665293,0.002251293279490918,23.04443200000006,0.0,0.0,0.7513294566557001,1293.76033,6.0,-0.011652880173357083,0.0,0.0,0.0,18.0,0.0
2020-06-26,9920.025286231614,-0.00046566980999229735,-5.30942600000005,0.24854685754500003,0.24859559,-1.1849600138674001,1093.521084,6.0,-0.012113123588853192,0.0,0.0,0.0,18.0,0.0
2020-06-27,9859.78742274899,-0.00607234979191329,-62.21853559999993,0.060000858762900004,0.0600308742,-2.1007038503363,911.2408,5.0,-0.018111918257262327,0.0,0.0,0.0,18.0,0.0
2020-06-28,9868.232974043945,0.0008565652516472344,8.849309999999917,0.045946961999999994,0.045924,0.311887743042,1011.93811,6.0,-0.0172708670454349,0.0,0.0,0.0,17.0,0.0
2020-06-29,9879.416727805277,0.0011333086471254639,10.925580000000071,0.0,0.0,-0.2581737613308999,1022.8636900000001,6.0,-0.016157131621275522,0.0,0.0,0.0,18.0,0.0
2020-06-30,9859.966329104433,-0.0019687800643232167,-19.331420000000037,0.028785065267500003,0.028799465000000003,0.061394170576200016,945.93334,6.0,-0.018094101846966137,0.0,0.0,0.0,18.0,0.0
2020-07-01,9914.557908598183,0.005536690255483645,54.241310000000006,0.028196691300000003,0.028182600000000002,-0.4066487850494,1056.5398500000001,6.0,-0.01265759302886027,0.0,0.0,0.0,18.0,0.0
2020-07-02,9887.394485560393,-0.002739751311980565,-27.318226000000017,0.09439569267525001,0.0944247345,-0.34362338938885,913.0543250000001,5.0,-0.015362665683733567,0.0,0.0,0.0,18.0,0.0
2020-07-03,9902.86543519734,0.0015647145119517258,15.071528000000024,0.037982164591499994,0.037963183000000005,-0.47536698453740006,1004.052219,6.0,-0.0138219893577195,0.0,0.0,0.0,17.0,0.0
2020-07-04,9970.417639494977,0.006821480584552786,65.97985399999999,0.04346513041125,0.0434615725,-1.6592770005495499,1084.2637180000002,6.0,-0.00709479520521028,0.0,0.0,0.0,18.0,0.0
2020-07-05,10013.362639552071,0.004307241843809928,41.36614199999997,0.0,0.0,-1.57885805709398,1125.62986,6.0,-0.0028181123601814795,0.0,0.0,0.0,18.0,0.0
2020-07-06,10071.672198955124,0.0058231746419263875,58.51872600000003,0.081859508291,0.081867374,0.045439714659839994,1152.68575,6.0,0.0,0.0,0.0,0.0,18.0,0.0
2020-07-07,10152.817487960869,0.0080567841568715,82.07685000000001,0.0,0.0,0.93156099425114,1234.7626,6.0,0.0,0.0,0.0,0.0,18.0,0.0
2020-07-08,10273.526190262697,0.01188918272636763,122.45692699999996,0.20977050358,0.20976856,1.32868563459344,1364.9938470000002,6.0,0.0,0.0,0.0,0.0,18.0,0.0
2020-07-09,10228.199639293429,-0.004411975998292461,-42.26599800000001,0.437894299305,0.43791888999999995,2.18473977997024,1224.365069,6.0,-0.004411975998292461,0.0,0.0,0.0,18.0,0.0
2020-07-10,10194.577600729132,-0.0032871902925254437,-32.65189080000002,0.12234990254595,0.1224111081,0.7253867536522001,946.890962,5.0,-0.007684663286145477,0.0,0.0,0.0,18.0,0.0
2020-07-11,10245.655677949575,0.0050103181535241514,52.34599200000003,0.24215008717025002,0.24210472449999998,0.7836599678815002,1180.687635,6.0,-0.002712847740587665,0.0,0.0,0.0,17.0,0.0
2020-07-12,10284.403370138009,0.003781865544420393,39.331664999999994,0.0,0.0,0.5839728115681999,1220.0193,6.0,0.0,0.0,0.0,0.0,18.0,0.0
2020-07-13,10264.716789054963,-0.0019142171280648324,-17.021979999999914,0.284915728225,0.28491452,2.0947708348219,1207.8302200000003,6.0,-0.0019142171280648324,0.0,0.0,0.0,18.0,0.0
2020-07-14,10318.107529112764,0.005201384622197214,54.36578499999996,0.05825583751000001,0.05828498,0.8585041246905002,1145.626045,6.0,0.0,0.0,0.0,0.0,18.0,0.0
2020-07-15,10321.719072482176,0.00035001993914307583,4.629300000000035,0.020324552640000004,0.020334720000000004,0.9770973579464,1109.585905,6.0,0.0,0.0,0.0,0.0,18.0,0.0
2020-07-16,10313.752019195606,-0.000771872711379018,-7.636710000000041,0.22251299300250002,0.222540195,-0.11470990143330012,993.141205,6.0,-0.000771872711379018,0.0,0.0,0.0,18.0,0.0
2020-07-17,10317.775554141048,0.00039011360152474417,4.5264299999999995,0.14572379402375002,0.14572839250000003,0.21144286803440004,979.2737299999999,6.0,-0.0003820602278976626,0.0,0.0,0.0,18.0,0.0
2020-07-18,10306.989905168697,-0.0010453463458043322,-10.44712999999997,0.01592869167,0.015936660000000002,0.30665362068299995,936.9532800000001,6.0,-0.0014270071884389113,0.0,0.0,0.0,18.0,0.0
2020-07-19,10300.739630535834,-0.0006064112500709928,-5.72716,0.019511839200000002,0.019521600000000004,0.4840811936641001,892.18292,6.0,-0.0020325530852969287,0.0,0.0,0.0,18.0,0.0
2020-07-20,10240.691513802192,-0.005829495636957338,-59.170370000000034,0.0,0.0,0.8777467336422999,833.01255,6.0,-0.007850199962911586,0.0,0.0,0.0,18.0,0.0
2020-07-21,10268.119153273947,0.0026782995498682016,28.084569999999996,0.16952629165500002,0.16950659,0.3178976465885,939.90374,6.0,-0.005192925600070564,0.0,0.0,0.0,18.0,0.0
2020-07-22,10284.852248822137,0.0016296164174189887,17.809780000000057,0.23081852230500002,0.23082751,0.6150384195072001,921.7627400000001,6.0,-0.0035717716594637627,0.0,0.0,0.0,18.0,0.0
2020-07-23,10298.083103615665,0.0012864409204365046,15.01287999999997,0.250624691475,0.25057845000000006,1.2808220649974,1121.74152,6.0,-0.0022899256122485,0.0,0.0,0.0,18.0,0.0
2020-07-24,10292.122082947057,-0.0005788475980074148,-4.176340000000019,0.1919599802675,0.191936985,1.4007837033398,1209.5462499999999,6.0,-0.0028674476923156167,0.0,0.0,0.0,18.0,0.0
2020-07-25,10375.816019944492,0.008131844562561774,84.81370999999999,0.0,0.0,1.119773002565,1294.35996,6.0,0.0,0.0,0.0,0.0,18.0,0.0
2020-07-26,10377.21125741839,0.0001344701439593976,4.815800000000104,0.258084044795,0.25808079,2.9043976913044003,1312.1949399999999,6.0,0.0,0.0,0.0,0.0,18.0,0.0
2020-07-27,10441.896379313852,0.006233382003206334,68.47525999999986,0.3477507389575,0.347676085,3.0947112805787995,1679.2860300000002,6.0,0.0,0.0,0.0,0.0,18.0,0.0
2020-07-28,10443.212267417724,0.00012602003085171454,6.358520000000075,0.023660723720000006,0.023672560000000002,4.9952986124118,1638.29943,6.0,0.0,0.0,0.0,0.0,18.0,0.0
2020-07-29,10444.27304860099,0.00010157613922823217,4.760529999999993,0.0,0.0,3.6997488167348003,1643.05996,6.0,0.0,0.0,0.0,0.0,18.0,0.0
2020-07-30,10455.965393106162,0.001119498164282362,14.769979999999949,0.20764726149,0.20766262000000002,2.6623256133363995,1596.3959,6.0,0.0,0.0,0.0,0.0,18.0,0.0
2020-07-31,10496.764074669607,0.003901952620304572,44.11388000000005,0.0,0.0,3.3151984365594998,1640.50978,6.0,0.0,0.0,0.0,0.0,18.0,0.0
2020-08-01,10575.659046574323,0.00751612319220385,82.12547210000005,0.380579602881975,0.38063713605000005,2.4692834563551003,1492.5025799999999,5.0,0.0,0.0,0.0,0.0,18.0,0.0
2020-08-02,10400.008607568836,-0.01660893550292586,-169.2944973835226,1.1582817004800847,1.1585385363082388,4.0391213851739005,295.86477,2.0,-0.01660893550292586,0.0,0.0,0.0,17.0,0.0
2020-08-03,10432.59842589287,0.0031336337837561956,34.96670999999999,0.5955950342399999,0.5953654600000001,1.1859311817256,1249.12844,6.0,-0.013527348040573761,0.0,0.0,0.0,14.0,0.0
2020-08-04,10446.705544400944,0.0013522152326943537,15.599120000000024,0.15666729579,0.15667757999999998,1.1786566161352003,1223.59072,6.0,-0.0121934246939579,0.0,0.0,0.0,18.0,0.0
2020-08-05,10450.969026343286,0.0004081173652517034,5.81266000000001,0.18218939646500001,0.18221337,1.1847752911891,1133.50924,6.0,-0.011790283677065694,0.0,0.0,0.0,18.0,0.0
2020-08-06,10460.140032664101,0.0008775268874778863,11.285500000000003,0.0,0.0,2.1144936791812,1144.79474,6.0,-0.010923103080525354,0.0,0.0,0.0,18.0,0.0
2020-08-07,10427.97065088975,-0.0030754255367417827,-30.60311999999998,0.0,0.0,1.5662617743469003,1114.19162,6.0,-0.013964935427112857,0.0,0.0,0.0,18.0,0.0
2020-08-08,10492.792853255774,0.006216185731256596,65.25613,0.0183653577275,0.018374545000000003,0.3971877312522001,1142.69866,6.0,-0.007835558328196157,0.0,0.0,0.0,18.0,0.0
2020-08-09,10504.754584083696,0.0011399949465513703,14.15467999999999,0.178116118935,0.17812853,1.8367045231454,1107.20908,6.0,-0.0067044958785423825,0.0,0.0,0.0,18.0,0.0
2020-08-10,10528.998928716232,0.002307940127346697,27.52111999999997,0.17527231205250002,0.175276645,2.9262264104103,1117.39841,6.0,-0.004412029326267386,0.0,0.0,0.0,18.0,0.0
2020-08-11,10477.076544414915,-0.004931369511274819,-49.574529999999996,0.029727278925000006,0.029742150000000002,2.2883848723891997,1008.3395800000001,6.0,-0.009321641490639854,0.0,0.0,0.0,18.0,0.0
2020-08-12,10570.377920155088,0.0089052872091413,95.69268800000005,0.6655261855490001,0.6655587279999999,1.06022734627106,973.862464,6.0,-0.0004993661762333623,0.0,0.0,0.0,18.0,0.0
2020-08-13,10584.508639991533,0.0013368225756149599,16.15309799999995,0.023948959530000005,0.02396094,1.9744682640247204,942.093682,6.0,0.0,0.0,0.0,0.0,18.0,0.0
2020-08-14,10608.02444290022,0.0022217189015121264,27.326981999999973,0.142488952639,0.142480242,3.526209896675,1004.2632199999999,6.0,0.0,0.0,0.0,0.0,18.0,0.0
2020-08-15,10624.780418556247,0.0015795566597927024,19.29882000000002,0.019728660735000004,0.01973853,2.5033771532383,984.0849800000001,6.0,0.0,0.0,0.0,0.0,18.0,0.0
2020-08-16,10656.043568253232,0.002942474899752634,33.74726779473971,0.1846935955125609,0.18470983455028575,2.114714667688458,952.8760968953112,6.0,0.0,0.0,0.0,0.0,18.0,0.0
2020-08-17,10639.334925137986,-0.0015679968844182213,-13.103803429603014,0.3711457517875,0.371127365,2.862566568856417,1013.3194434657082,6.0,-0.0015679968844182213,0.0,0.0,0.0,18.0,0.0
2020-08-18,10603.84247561787,-0.0033359650551328945,-32.194470467251314,0.1491928103625,0.149201625,2.99958461750325,945.8664229984568,6.0,-0.004898731156738112,0.0,0.0,0.0,18.0,0.0
2020-08-19,10561.202353922594,-0.004021195316067927,-40.8948555451266,0.300974451895,0.30095448999999996,1.143337208253468,984.8191474533302,6.0,-0.008900227718023901,0.0,0.0,0.0,18.0,0.0
2020-08-20,10605.508156819138,0.004195147617836126,46.28289383496656,0.4372588903237499,0.4372643275,1.1025677205993134,1009.3533362882968,6.0,-0.0047424178692971886,0.0,0.0,0.0,18.0,0.0
2020-08-21,10526.00443762007,-0.007496455428960158,-78.11475366993315,0.35757987937225,0.35760396550000006,0.6737816842666218,834.8940716183636,6.0,-0.012203321974074699,0.0,0.0,0.0,18.0,0.0
2020-08-22,10571.64646342727,0.004336120707310043,47.08503939865906,0.549318748479257,0.5492986125085113,0.3443962304696823,962.5229940000002,6.0,-0.007920116343874462,0.0,0.0,0.0,18.0,0.0
2020-08-23,10588.186478000089,0.001564563725247492,17.414812000000016,0.23942748394000002,0.23942316000000002,0.3959467832414001,997.2335660000001,6.0,-0.006367944145358462,0.0,0.0,0.0,18.0,0.0
2020-08-24,10593.644528831352,0.0005154849551056717,5.885959999999998,0.0,0.0,0.42790916874328,1003.1195260000001,6.0,-0.005855741769654643,0.0,0.0,0.0,18.0,0.0
2020-08-25,10546.587535049035,-0.004442002339633655,-46.49456799999998,0.0,0.0,0.5624257823144,956.6249580000001,6.0,-0.0102717328906472,0.0,0.0,0.0,18.0,0.0
2020-08-26,10550.591739791029,0.00037966827930713265,5.168009999999992,0.309759982405,0.30980129,0.5442439856023201,796.5625880000001,6.0,-0.00989596446249219,0.0,0.0,0.0,18.0,0.0
2020-08-27,10524.083919147826,-0.002512448713490656,-25.341730000000013,0.11143550048800001,0.11144632400000001,0.9432088187141999,727.92681,6.0,-0.012383550072800231,0.0,0.0,0.0,18.0,0.0
2020-08-28,10541.812377855873,0.0016845607507738336,18.25332,0.0,0.0,0.5248612919558,746.18013,6.0,-0.01071985016443433,0.0,0.0,0.0,18.0,0.0
2020-08-29,10584.427012688517,0.0040424391276552285,43.479300000000016,0.01377778766,0.01378468,0.8371026996941001,762.09007,6.0,-0.006720745378526516,0.0,0.0,0.0,18.0,0.0
2020-08-30,10595.043829315495,0.001003060119763699,11.562830000000002,0.02576083314,0.02577372,0.8944788198838002,722.10546,6.0,-0.005724426570427044,0.0,0.0,0.0,18.0,0.0
2020-08-31,10572.51053765035,-0.0021267766352034423,-20.84728,0.29303855751249996,0.292997625,1.0999754826343,864.98823,6.0,-0.007839028628950473,0.0,0.0,0.0,18.0,0.0
2020-09-01,10636.65505698387,0.0060671038449278125,66.18041,0.10734046901250001,0.10733826500000002,1.8212119324736,939.98469,6.0,-0.0018194849847579242,0.0,0.0,0.0,18.0,0.0
2020-09-02,10593.831544845478,-0.004026031859543533,-40.95541999999997,0.0,0.0,1.8680921383927003,899.02927,6.0,-0.0058381915397847095,0.0,0.0,0.0,18.0,0.0
2020-09-03,10502.231085806503,-0.008646584444090388,-90.9564965,0.23052229794162502,0.23063761674999997,0.18280262428650013,346.79754,3.0,-0.014434295567725575,0.0,0.0,0.0,18.0,0.0
2020-09-04,10507.54043504442,0.0005055448879898172,5.117869999999987,0.13143681556499998,0.13137113,-0.45428718348080005,614.6576699999999,6.0,-0.013936047864071766,0.0,0.0,0.0,15.0,0.0
2020-09-05,10428.308525094884,-0.007540481089683415,-78.95297149999999,0.08332765458037501,0.08336933925000001,0.11224145570270004,368.96601999999996,4.0,-0.021371444448371246,0.0,0.0,0.0,18.0,0.0
2020-09-06,10453.653943645959,0.0024304438720894606,25.68886000000002,0.12282819766250001,0.12279641499999999,0.09781683626320001,521.78553,6.0,-0.018992942672479085,0.0,0.0,0.0,16.0,0.0
2020-09-07,10463.102348224545,0.0009038375126555476,8.889150000000026,0.0,0.0,-0.5592545785868,530.6746800000001,6.0,-0.018106271693886566,0.0,0.0,0.0,18.0,0.0
2020-09-08,10458.824128923014,-0.00040888630916025015,-4.639350000000016,0.0,0.0,-0.3611306984683999,526.03533,6.0,-0.018507754596441384,0.0,0.0,0.0,18.0,0.0
2020-09-09,10465.092455538846,0.0005993337815575206,5.888210000000008,0.0,0.0,-0.38011661583119993,531.92354,6.0,-0.01791951313743423,0.0,0.0,0.0,18.0,0.0
2020-09-10,10472.353727313348,0.0006938564379961321,7.122269999999999,0.0,0.0,-0.13900177450040002,539.04581,6.0,-0.017238090268994144,0.0,0.0,0.0,18.0,0.0
2020-09-11,10480.548818751906,0.000782545323806616,8.133421999999985,0.11397075244799999,0.113940256,-0.28958044700580005,669.1650239999999,6.0,-0.016469034532118898,0.0,0.0,0.0,18.0,0.0
2020-09-12,10530.60035791114,0.004775660132385617,49.77089599999999,0.1587659116475,0.158759365,-0.598168435879,745.12251,6.0,-0.011772024911367196,0.0,0.0,0.0,18.0,0.0
2020-09-13,10512.687631532699,-0.001701016634344521,-18.837486000000006,0.041028090692500005,0.041048615,-1.0068363272549998,644.1877939999999,6.0,-0.013453017135517609,0.0,0.0,0.0,18.0,0.0
2020-09-14,10511.863929575093,-7.835312780868353e-05,-2.85882599999998,0.0,0.0,-2.0351240423899,641.328968,6.0,-0.013530316177355228,0.0,0.0,0.0,18.0,0.0
2020-09-15,10457.83939583831,-0.0051393867061754195,-55.007552000000025,0.09166511584000002,0.09164162000000001,-1.1663249990536,680.3047760000001,6.0,-0.01860016535643838,0.0,0.0,0.0,18.0,0.0
2020-09-16,10472.360359821001,0.0013885242862374803,13.530700000000003,0.012786203700000002,0.012792600000000001,-1.0158427863923,668.250276,6.0,-0.017237467851526467,0.0,0.0,0.0,18.0,0.0
2020-09-17,10483.311405635743,0.001045709413969087,10.923854000000008,0.0,0.0,-0.027191814743039996,679.1741300000001,6.0,-0.016209783819962742,0.0,0.0,0.0,18.0,0.0
2020-09-18,10497.393614181461,0.001343297742557592,14.254327999999983,0.08296981911000001,0.08297394000000001,0.006175695173899964,676.9448980000001,6.0,-0.014888260643417861,0.0,0.0,0.0,18.0,0.0
2020-09-19,10486.195605208502,-0.0010667418394058048,-11.265466000000007,0.0,0.0,-0.06745702704550002,665.679432,6.0,-0.015939120552279307,0.0,0.0,0.0,18.0,0.0
2020-09-20,10467.10750582654,-0.0018203073927479663,-19.13617799999997,0.0,0.0,-0.048078618038799995,646.543254,6.0,-0.017730413846052118,0.0,0.0,0.0,18.0,0.0
2020-09-21,10411.519848493515,-0.005310698997032515,-55.29807190000002,0.10884557603697503,0.10890002605000002,0.0718398309416,373.44513,4.0,-0.022946951952055428,0.0,0.0,0.0,18.0,0.0
2020-09-22,10419.84686772066,0.0007997890171962396,8.395294999999992,0.09303140995875,0.09298491750000001,-0.11774055460239999,567.8102600000001,6.0,-0.022165515655008683,0.0,0.0,0.0,16.0,0.0
2020-09-23,10399.827725966148,-0.0019212510518296089,-20.255444999999998,0.0,0.0,-0.23630324549040002,547.5548150000001,6.0,-0.02404418118657181,0.0,0.0,0.0,18.0,0.0
2020-09-24,10455.711097085323,0.005373490079998655,55.655175,0.09170350278,0.09168844,-0.41158806195514996,663.46111,6.0,-0.018799892275660812,0.0,0.0,0.0,18.0,0.0
2020-09-25,10461.874652929746,0.0005894917894337937,5.537605000000005,0.01248783545875,0.012494082500000002,-0.6509327623857999,644.01055,6.0,-0.01822148286836578,0.0,0.0,0.0,18.0,0.0
2020-09-26,10474.260614930688,0.001183914203892078,11.922580000000021,0.0,0.0,-0.46338200094039994,655.9331300000001,6.0,-0.017059141336857486,0.0,0.0,0.0,18.0,0.0
2020-09-27,10486.87419577084,0.0012042454645602163,11.134309999999985,0.0,0.0,-1.4792708401514,667.06744,6.0,-0.01587543926588142,0.0,0.0,0.0,18.0,0.0
2020-09-28,10473.954638448022,-0.0012319740927214662,-13.596750000000014,0.18174943228,0.18172856000000004,-1.0406706694609,736.9598100000001,6.0,-0.01708785522871681,0.0,0.0,0.0,18.0,0.0
2020-09-29,10506.90476689458,0.003145910936601215,31.171310000000027,0.012334264049999998,0.0123281,-1.8034808106118,792.78732,6.0,-0.013995701162762608,0.0,0.0,0.0,18.0,0.0
2020-09-30,10518.255272312686,0.0010802901206328208,9.425939999999997,0.0,0.0,-1.9245654181086003,802.2132600000001,6.0,-0.012930530459827283,0.0,0.0,0.0,18.0,0.0
2020-10-01,10492.494494551589,-0.0024491493212669413,-27.624100000000038,0.015346088117500004,0.015353765000000002,-1.8940220920193,743.88163,6.0,-0.015348010981194982,0.0,0.0,0.0,18.0,0.0
2020-10-02,10475.532237729094,-0.0016166085987753265,-18.43723549999998,0.035039248861375,0.035056777250000004,-1.5450747036128,655.3308400000001,5.0,-0.016939807853443956,0.0,0.0,0.0,18.0,0.0
2020-10-03,10499.623009552439,0.0022997181696007285,21.991510000000005,0.028022504249999997,0.028008500000000002,-2.1552928275925,733.33935,6.0,-0.01467904646775331,0.0,0.0,0.0,17.0,0.0
2020-10-04,10515.74015389614,0.0015350212411473496,13.494665000000008,0.015633943065,0.01562613,-2.6537394167628006,778.086275,6.0,-0.013166557874733864,0.0,0.0,0.0,18.0,0.0
2020-10-05,10524.75601367994,0.0008573680646206672,6.553059999999987,0.0231899892,0.023178400000000002,-2.5091681729975996,830.996135,6.0,-0.01232047839635586,0.0,0.0,0.0,18.0,0.0
2020-10-06,10485.179985597813,-0.0037602798611849897,-41.720174999999976,0.0,0.0,-2.1441469178727006,789.2759600000002,6.0,-0.016034429810746986,0.0,0.0,0.0,18.0,0.0
2020-10-07,10502.972297330782,0.00169690093612207,16.622194999999998,0.10720775757500002,0.10720725,-1.3845317405424002,807.928455,6.0,-0.014364737713581044,0.0,0.0,0.0,18.0,0.0
2020-10-08,10509.173538558607,0.0005904272668986188,5.85200000000001,0.15088191361374997,0.15085675249999997,-0.6509798939425,914.4249100000002,6.0,-0.013782791779510362,0.0,0.0,0.0,18.0,0.0
2020-10-09,10530.108804348185,0.001992094403310274,21.235119999999956,0.18458491239500002,0.18454719,-0.06927789197039995,1086.54961,6.0,-0.011818153998566117,0.0,0.0,0.0,18.0,0.0
2020-10-10,10543.649039073936,0.0012858589571420609,13.64010000000005,0.16942828094,0.16940462,-0.238967626696,1194.8334700000003,6.0,-0.010547491520599972,0.0,0.0,0.0,18.0,0.0
2020-10-11,10569.041416004236,0.0024083101434995147,25.28959999999998,0.09040341912000001,0.09035824,-0.2835385894216,1400.83955,6.0,-0.008164583007918114,0.0,0.0,0.0,18.0,0.0
2020-10-12,10591.236687213453,0.002100026893224971,22.599690000000006,0.1398925613875,0.139901975,0.12462425439270003,1385.7847900000002,6.0,-0.006081701958581709,0.0,0.0,0.0,18.0,0.0
2020-10-13,10589.164038721688,-0.0001956946627647005,-2.743040000000038,0.0427641714,0.042742800000000004,-0.7558984796304002,1468.52735,6.0,-0.006276206464732592,0.0,0.0,0.0,18.0,0.0
2020-10-14,10577.333143042968,-0.0011172643690717798,-12.60487000000002,0.0,0.0,-0.7739743212858998,1455.9224799999997,6.0,-0.007386458651948424,0.0,0.0,0.0,18.0,0.0
2020-10-15,10583.291562377202,0.0005633196244889671,5.538580000000071,0.20424366126750004,0.20425621500000002,-0.828339210501,1411.24613,6.0,-0.006827299964573541,0.0,0.0,0.0,18.0,0.0
2020-10-16,10528.501016471531,-0.005177079888873837,-56.119410000000016,0.0,0.0,-1.3288640943285002,1355.1267200000002,6.0,-0.011969034376105414,0.0,0.0,0.0,18.0,0.0
2020-10-17,10522.922629204155,-0.0005298367981015906,-6.166580000000013,0.33538482802,0.33539349,-1.2589710506415002,1314.31222,6.0,-0.012492529539356867,0.0,0.0,0.0,18.0,0.0
2020-10-18,10548.329568617695,0.0024144375387715744,24.98802000000002,0.08582104806749999,0.085821765,-0.5905622266006999,1336.43251,6.0,-0.010108254432859232,0.0,0.0,0.0,18.0,0.0
2020-10-19,10548.95111580209,5.8923754737927325e-05,0.49739999999997675,0.044086032000000004,0.044064,-0.21229721639519994,1425.0579100000002,6.0,-0.010049926294426359,0.0,0.0,0.0,18.0,0.0
2020-10-20,10512.216952848365,-0.003482257387532939,-36.404439999999994,0.15687928329,0.15684337999999998,0.016000290434599995,1532.2666299999999,6.0,-0.01349718725187643,0.0,0.0,0.0,18.0,0.0
2020-10-21,10583.050825227187,0.006738243007782474,70.97889999999995,0.13985477017000003,0.13986386,-0.13469100899050007,1566.8862099999997,6.0,-0.006849891571718669,0.0,0.0,0.0,18.0,0.0
2020-10-22,10634.344826136457,0.004846806630371514,52.78164000000004,0.2974884060925,0.297453325,0.8926973596315,1759.99222,6.0,-0.0020362850412342093,0.0,0.0,0.0,18.0,0.0
2020-10-23,10630.792368936824,-0.00033405510708128805,-2.465010000000033,0.22431847953,0.22432106000000002,0.6388076601020001,1747.2053299999998,6.0,-0.0023696599168979704,0.0,0.0,0.0,18.0,0.0
2020-10-24,10659.907501484748,0.0027387546983796973,29.736480000000032,0.0,0.0,0.6213474520813999,1776.94181,6.0,0.0,0.0,0.0,0.0,18.0,0.0
2020-10-25,10646.221466137691,-0.0012838793718566999,-13.659680000000035,0.0,0.0,0.02635534705549996,1763.28213,6.0,-0.0012838793718566999,0.0,0.0,0.0,18.0,0.0
2020-10-26,10633.07165606162,-0.001235162176354887,-12.957859999999986,0.0,0.0,0.1919500760742,1750.3242699999998,6.0,-0.0025174557489724414,0.0,0.0,0.0,18.0,0.0
2020-10-27,10678.373808671733,0.004260495374757145,45.74555000000001,0.15885778902,0.15888405,0.12565555086850003,1691.0259,6.0,0.0,0.0,0.0,0.0,18.0,0.0
2020-10-28,10617.762658990327,-0.005676065547750797,-60.304159999999996,0.025311487925,0.02532415,0.2563540434793,1580.0734400000001,6.0,-0.005676065547750797,0.0,0.0,0.0,18.0,0.0
2020-10-29,10613.420264529756,-0.00040897452693522407,-3.9486000000000354,0.180042537915,0.18004736999999998,0.03370455265649997,1556.7965000000002,6.0,-0.006082718708463775,0.0,0.0,0.0,18.0,0.0
2020-10-30,10594.351659414266,-0.0017966503389315047,-19.220139999999944,0.0,0.0,-0.15153488451019997,1537.5763600000002,6.0,-0.007868440528766119,0.0,0.0,0.0,18.0,0.0
2020-10-31,10617.566800573542,0.0021912753045767452,23.319479999999977,0.03376745782500001,0.033784350000000005,0.036787032899699985,1493.32714,6.0,-0.005694407143605584,0.0,0.0,0.0,18.0,0.0
2020-11-01,10625.890033663836,0.0007839115351593318,8.268070000000044,0.0,0.0,-0.05516309029230001,1501.5952100000002,6.0,-0.00491495951989207,0.0,0.0,0.0,18.0,0.0
2020-11-02,10578.392570121277,-0.004469975069578358,-47.09142000000001,0.0,0.0,0.40604354255999997,1454.50379,6.0,-0.009362964842948518,0.0,0.0,0.0,18.0,0.0
2020-11-03,10591.232496622119,0.0012137880510416643,13.76040249999997,0.295063403531875,0.29517838625,0.3302342093747,1008.3333200000001,4.0,-0.008160541446755487,0.0,0.0,0.0,18.0,0.0
2020-11-04,10595.293210718859,0.0003834033572613915,3.7259499999999983,0.10096153053750001,0.100911075,-0.5366367022759,1213.8814200000002,6.0,-0.007780266868481989,0.0,0.0,0.0,16.0,0.0
2020-11-05,10666.564388142373,0.006726682877582935,72.33058000000003,0.1894228864425,0.189468415,0.6805112750442002,1104.09777,6.0,-0.0011059193788262034,0.0,0.0,0.0,18.0,0.0
2020-11-06,10711.28833551904,0.004192910270750971,45.98808999999997,0.0340130930475,0.033996095000000004,1.1961334352819,1218.07805,6.0,0.0,0.0,0.0,0.0,18.0,0.0
2020-11-07,10639.269804348021,-0.006723610541992664,-69.51886749999998,0.32863951953937504,0.32863505125000003,1.8423891002313,1166.4323399999998,5.0,-0.006723610541992664,0.0,0.0,0.0,18.0,0.0
2020-11-08,10692.375323928309,0.004991462812474534,53.801020000000065,0.045946271655,0.04592331000000001,0.6036308380610002,1312.0799800000002,6.0,-0.0017657083815040275,0.0,0.0,0.0,17.0,0.0
2020-11-09,10666.641662332842,-0.002406730105879995,-25.080750000000073,0.0264500184,0.026436800000000003,0.6000247770630001,1339.8728300000002,6.0,-0.004168188903863945,0.0,0.0,0.0,18.0,0.0
2020-11-10,10672.225193073995,0.0005234572340486743,6.319710000000069,0.0383026391,0.038321799999999996,0.6595548197468001,1269.5489400000001,6.0,-0.003646913538449925,0.0,0.0,0.0,18.0,0.0
2020-11-11,10688.037565063236,0.0014816377749884424,16.518379999999976,0.0301739055,0.030188999999999997,0.6456451052610002,1225.6893200000002,6.0,-0.0021706791683222537,0.0,0.0,0.0,18.0,0.0
2020-11-12,10697.99533511509,0.0009316743126357441,10.446329999999982,0.0,0.0,0.4885599481420001,1236.13565,6.0,-0.0012410272217087126,0.0,0.0,0.0,18.0,0.0
2020-11-13,10737.577923969058,0.0037000005715128736,40.20922000000002,0.0,0.0,0.6266311460330001,1276.3448700000001,6.0,0.0,0.0,0.0,0.0,18.0,0.0
2020-11-14,10716.942229390886,-0.0019218202395633321,-19.890060000000034,0.0,0.0,0.7456345781682,1256.4548100000002,6.0,-0.0019218202395633321,0.0,0.0,0.0,18.0,0.0
2020-11-15,10697.192498535447,-0.001842851294026393,-19.332209999999932,0.0,0.0,0.4175208554400001,1237.1226000000001,6.0,-0.003761129904674365,0.0,0.0,0.0,18.0,0.0
2020-11-16,10776.725953169027,0.0074349839590592826,80.08541999999994,0.0,0.0,0.5519653664243002,1317.20802,6.0,0.0,0.0,0.0,0.0,18.0,0.0
2020-11-17,10843.385644112177,0.006185523435672691,67.44717999999997,0.0,0.0,0.7874890568509,1384.6552,6.0,0.0,0.0,0.0,0.0,18.0,0.0
2020-11-18,10833.866026353431,-0.0008779193206980285,-7.390239999999954,0.14478366867,0.14476314,1.8398309500720003,1459.37964,6.0,-0.0008779193206980285,0.0,0.0,0.0,18.0,0.0
2020-11-19,10857.59867584544,0.0021905983915879723,24.724979999999988,0.03555885168,0.03557664,0.9211950163119,1412.95134,6.0,0.0,0.0,0.0,0.0,18.0,0.0
2020-11-20,10930.716615327798,0.00673426433093538,75.16827000000004,0.0,0.0,2.0503305176450004,1488.1196100000002,6.0,0.0,0.0,0.0,0.0,18.0,0.0
2020-11-21,11117.211808439772,0.01706157058819535,189.16538999999997,0.209639886635,0.2096707,2.2508863013923004,1554.0315400000002,6.0,0.0,0.0,0.0,0.0,18.0,0.0
2020-11-22,11064.269527616638,-0.004762190532606625,-48.83607,0.29294225191,0.29295986,3.5203087112261993,1434.76311,6.0,-0.004762190532606625,0.0,0.0,0.0,18.0,0.0
2020-11-23,11207.566196556836,0.012951299548743522,149.02836000000002,0.23460097333750002,0.234632075,5.2624580114651005,1459.3848200000002,6.0,0.0,0.0,0.0,0.0,18.0,0.0
2020-11-24,11273.000984525877,0.005838447600616803,69.57002000000007,0.2741832503375,0.274223075,3.5868257056201003,1369.6561900000002,6.0,0.0,0.0,0.0,0.0,18.0,0.0
2020-11-25,11172.650918602954,-0.008901805833306575,-96.48996000000008,0.26484254276999997,0.26483586000000003,3.3304275201498,1299.89731,6.0,-0.008901805833306575,0.0,0.0,0.0,18.0,0.0
2020-11-26,11015.95663692114,-0.014024807793906025,-154.5008737021679,0.7255815090398416,0.725867858148916,0.741958612455,0.0,0.0,-0.022801767511381743,0.0,0.0,0.0,18.0,0.0
2020-11-27,11021.855701400124,0.000535501788306858,7.027389999999978,0.4413118406475,0.441091295,0.24592238536790006,889.2099800000001,6.0,-0.022278476110353718,0.0,0.0,0.0,12.0,0.0
2020-11-28,11076.320926942302,0.0049415658322635725,55.25081000000007,0.164831429045,0.16484330000000003,0.4559097287814001,896.97697,6.0,-0.017447000834431958,0.0,0.0,0.0,18.0,0.0
2020-11-29,11096.367279910351,0.0018098385827092223,20.479829999999968,0.0,0.0,0.43347703195189996,917.4567999999999,6.0,-0.01566873850698547,0.0,0.0,0.0,18.0,0.0
2020-11-30,11155.690098589053,0.005346147724048844,60.359509999999986,0.0,0.0,1.0366913212992002,977.81631,6.0,-0.010406358173644548,0.0,0.0,0.0,18.0,0.0
2020-12-01,11087.182348828977,-0.006141058881578343,-66.55310999999998,0.211592652485,0.21158011,1.5314669975923998,961.4331400000001,6.0,-0.01648351099693579,0.0,0.0,0.0,18.0,0.0
2020-12-02,11103.610669613197,0.0014817399288067357,17.07723999999996,0.017734088520000003,0.017742960000000002,0.6134421672563001,943.02446,6.0,-0.015026195344540194,0.0,0.0,0.0,18.0,0.0
2020-12-03,11117.291468231828,0.0012321035945603853,14.729000000000038,0.0,0.0,1.0482013813704,957.75346,6.0,-0.013812605579276327,0.0,0.0,0.0,18.0,0.0
2020-12-04,11049.070853828089,-0.006136442010059917,-67.34537000000003,0.14580972573,0.14583066,0.5836040180115001,806.67101,6.0,-0.019864287336191278,0.0,0.0,0.0,18.0,0.0
2020-12-05,11085.526047820864,0.0032993900098075013,37.15283,0.1275992475,0.127581,0.4424557597287,916.81384,6.0,-0.016630437357572747,0.0,0.0,0.0,18.0,0.0
2020-12-06,11092.16295306223,0.0005987000718536972,6.887270000000018,0.0,0.0,0.2503647586352,923.7011100000001,6.0,-0.01604169392975996,0.0,0.0,0.0,18.0,0.0
2020-12-07,11079.017334688337,-0.0011851266907564328,-12.826249999999982,0.0,0.0,0.31936837389500006,910.8748600000001,6.0,-0.017207809180875278,0.0,0.0,0.0,18.0,0.0
2020-12-08,11028.179617785201,-0.004588648556759889,-50.125270000000064,0.175484740205,0.17548001000000002,0.36148215292800007,879.67041,6.0,-0.02171749714887239,0.0,0.0,0.0,18.0,0.0
2020-12-09,11038.37021891406,0.0009240510657284595,10.75908000000001,0.19338002225249998,0.193389625,0.18170922388660002,852.0185,6.0,-0.020813514159529256,0.0,0.0,0.0,18.0,0.0
2020-12-10,11015.864953402972,-0.0020388214079398725,-22.085200000000025,0.1378073804475,0.137826745,0.14443138564000002,752.47509,6.0,-0.022809900529226268,0.0,0.0,0.0,18.0,0.0
2020-12-11,10994.240180768007,-0.0019630571658637574,-22.19056999999996,0.090883444425,0.09088274000000002,-0.7475635494624999,733.1022200000001,6.0,-0.024728180556403467,0.0,0.0,0.0,18.0,0.0
2020-12-12,11023.99872559679,0.0027067395599413846,29.84082999999999,0.18441605965750002,0.18441309500000003,-0.2865439834356001,774.80168,6.0,-0.022088373741019462,0.0,0.0,0.0,18.0,0.0
2020-12-13,11051.401879707792,0.002485772612380144,27.635599999999968,0.0,0.0,0.23244588900000002,802.43728,6.0,-0.019657507803136798,0.0,0.0,0.0,18.0,0.0
2020-12-14,11054.149347027951,0.00024860803634374484,3.287510000000032,0.16644333019000002,0.16641259,0.2071867596466,928.6855500000001,6.0,-0.01941378678120742,0.0,0.0,0.0,18.0,0.0
2020-12-15,11043.21006556822,-0.000989608618113258,-10.770880000000032,0.0,0.0,0.168401459729,917.9146699999999,6.0,-0.020384183348611806,0.0,0.0,0.0,18.0,0.0
2020-12-16,11118.009005953547,0.006773296889329483,75.38891000000002,0.0,0.0,0.5899696146720002,993.3035800000001,6.0,-0.013748954584948847,0.0,0.0,0.0,18.0,0.0
2020-12-17,11145.48549477807,0.0024713497542419027,29.20537000000003,0.12120004459250001,0.12118794500000002,1.4864931858866,1070.9073200000003,6.0,-0.011311583306241602,0.0,0.0,0.0,18.0,0.0
2020-12-18,11157.310322144856,0.0010609522009898953,13.112319999999972,0.0,0.0,1.2874926332145,1084.01964,6.0,-0.010262632154456997,0.0,0.0,0.0,18.0,0.0
2020-12-19,11182.741208368176,0.002279302581809972,27.228824999999947,0.10182875602000002,0.10181950000000001,1.5942905206566,1148.2725449999998,6.0,-0.008006721216612944,0.0,0.0,0.0,18.0,0.0
2020-12-20,11172.52838913748,-0.0009132661697520694,-8.361374999999928,0.14304322502250003,0.143031675,1.5653693306714,1186.11126,6.0,-0.00891267511874727,0.0,0.0,0.0,18.0,0.0
2020-12-21,11093.942763271138,-0.007033826465166815,-76.94188000000003,0.2029306258675,0.202901405,1.2379138354766996,1226.05285,6.0,-0.01588381137378836,0.0,0.0,0.0,18.0,0.0
2020-12-22,11160.166281924496,0.005969340212625296,66.64601000000008,0.0,0.0,0.42249134664360005,1292.6988600000002,6.0,-0.01000928703512638,0.0,0.0,0.0,18.0,0.0
2020-12-23,11096.26972813139,-0.005725412344132819,-63.39059899999999,0.2550994940247501,0.25516295050000004,-0.004307651418999914,975.48236,5.0,-0.015677392083712327,0.0,0.0,0.0,18.0,0.0
2020-12-24,11143.339145171558,0.004241913561350952,47.070589999999946,0.11063386817,0.11059672,-0.22005762833839998,1171.14563,6.0,-0.011501980664447964,0.0,0.0,0.0,17.0,0.0
2020-12-25,11205.5118197885,0.005579357659941886,62.28495000000006,0.1971546297,0.1971678,-0.28204704663760005,1180.74938,6.0,-0.005986796668430827,0.0,0.0,0.0,18.0,0.0
2020-12-26,11349.416190240683,0.012842284472722953,142.60674999999998,0.0,0.0,-1.2976204521893,1323.3561300000001,6.0,0.0,0.0,0.0,0.0,18.0,0.0
2020-12-27,11298.81255729117,-0.004458699205429295,-50.01144799999999,0.1311943909895,0.131260021,0.32973053752250003,1010.8246399999999,5.0,-0.004458699205429295,0.0,0.0,0.0,18.0,0.0
2020-12-28,11373.9254712436,0.0066478591065712855,76.34624,0.11896625293250002,0.118963385,0.9953964096392999,1098.64261,6.0,0.0,0.0,0.0,0.0,17.0,0.0
2020-12-29,11401.130938193468,0.0023919153522371506,29.128900000000012,0.2964820032275,0.296484705,1.3304663419033,1116.96442,6.0,0.0,0.0,0.0,0.0,18.0,0.0
2020-12-30,11412.099347662792,0.0009620457416710249,12.637969999999942,0.0,0.0,1.6695605306765002,1129.60239,6.0,0.0,0.0,0.0,0.0,18.0,0.0
2020-12-31,11387.186381542517,-0.002183030953492149,-23.446699999999957,0.0,0.0,1.4662661202776,1106.15569,6.0,-0.002183030953492149,0.0,0.0,0.0,18.0,0.0
2021-01-01,11380.314384870153,-0.0006034850438122463,-5.29174000000004,0.11449674876,0.11450535,1.3512545736023,1066.45899,6.0,-0.0027851985707737503,0.0,0.0,0.0,18.0,0.0
2021-01-02,11420.992015540109,0.0035743854953633747,41.92575000000001,0.0,0.0,1.2481193300477,1108.38474,6.0,0.0,0.0,0.0,0.0,18.0,0.0
2021-01-03,11566.590341151707,0.012748308151646404,149.42974999999998,0.1367598365525,0.136766255,3.5578982968456003,1232.1407,6.0,0.0,0.0,0.0,0.0,18.0,0.0
2021-01-04,11567.440919088567,7.353748267835414e-05,7.5272800000000375,0.0,0.0,6.6767020631436,1239.6679800000002,6.0,0.0,0.0,0.0,0.0,18.0,0.0
2021-01-05,11621.77151251386,0.004696855061143035,56.49437999999996,0.10553074323250002,0.105583535,1.9526722964755998,1084.9952899999998,6.0,0.0,0.0,0.0,0.0,18.0,0.0
2021-01-06,11722.715177493108,0.00868573821732399,106.00759000000005,0.03398251024500001,0.033999510000000004,4.9959430005054,1123.0038600000003,6.0,0.0,0.0,0.0,0.0,18.0,0.0
2021-01-07,11709.58587158824,-0.0011199884758844592,-9.066340000000048,0.18019225401500003,0.18021742000000002,3.7025562308545,1013.27358,6.0,-0.0011199884758844592,0.0,0.0,0.0,18.0,0.0
2021-01-08,11707.237737355097,-0.000200530937549237,1.0203700000000504,0.0,0.0,3.3685042331467994,1014.29395,6.0,-0.0013202948210945253,0.0,0.0,0.0,18.0,0.0
2021-01-09,11788.358972681215,0.006929152473540201,83.81608999999996,0.026185725587500003,0.026198825000000002,2.6424701232951002,1045.71239,6.0,0.0,0.0,0.0,0.0,18.0,0.0
2021-01-10,11753.61568249893,-0.0029472541736131896,-29.857369999999953,0.1760589083925,0.176053185,4.533808088894001,1038.7485900000001,6.0,-0.0029472541736131896,0.0,0.0,0.0,18.0,0.0
2021-01-11,11567.985139913293,-0.015793484115874223,-183.52135500000003,0.2910789302287501,0.2912245425,1.5268841129121002,272.77815,2.0,-0.018694190877511008,0.0,0.0,0.0,18.0,0.0
2021-01-12,11548.450399522793,-0.001688689962359824,-18.231849999999994,0.46193404685,0.46183953000000005,0.3791168136521,632.6137,6.0,-0.020351312147381617,0.0,0.0,0.0,14.0,0.0
2021-01-13,11604.063314990522,0.004815617121239679,56.54520000000003,0.224900514215,0.22489563,0.48248838805440003,708.69576,6.0,-0.01563369915335855,0.0,0.0,0.0,18.0,0.0
2021-01-14,11635.787784921085,0.0027339104475223586,33.15383999999997,0.129825528,0.129836,1.1697085414344,699.9616000000001,6.0,-0.01294252983928501,0.0,0.0,0.0,18.0,0.0
2021-01-15,11630.020130529581,-0.0004956823292169288,-4.371279999999999,0.0,0.0,1.3963743915012001,695.59032,6.0,-0.013431796785165262,0.0,0.0,0.0,18.0,0.0
2021-01-16,11634.194035888153,0.0003588906392013591,5.448540000000024,0.0,0.0,1.2746346414235,701.03886,6.0,-0.013077726692097724,0.0,0.0,0.0,18.0,0.0
2021-01-17,11658.455903808519,0.0020853930960345046,25.60701000000001,0.10823001182,0.10823371999999999,1.1286783478157,711.8131500000001,6.0,-0.011019605797018772,0.0,0.0,0.0,18.0,0.0
2021-01-18,11652.802626127057,-0.00048490792675337513,-3.684319999999995,0.15278123726249998,0.15277507499999998,1.6634013691964,732.7778800000001,6.0,-0.011499170229571476,0.0,0.0,0.0,18.0,0.0
2021-01-19,11625.567989831668,-0.0023371747698124334,-24.049968000000014,0.10320471538025,0.10320776050000001,2.9782558195073596,696.547433,6.0,-0.013809469428849641,0.0,0.0,0.0,18.0,0.0
2021-01-20,11634.016743380085,0.0007267389908007793,9.418408999999992,0.10036902394450001,0.10036451100000002,0.7689219166385,724.01762,6.0,-0.013092766317924998,0.0,0.0,0.0,18.0,0.0
2021-01-21,11530.811264353391,-0.008871010013409064,-102.22758999999999,0.11753855281999998,0.11754416000000001,0.7428063138698,599.3613100000001,6.0,-0.021847630270224627,0.0,0.0,0.0,18.0,0.0
2021-01-22,11595.538492805035,0.0056134149599467165,65.15817600000001,0.10161843711450001,0.10161472900000001,0.2277143822448,679.351944,6.0,-0.016356855124876057,0.0,0.0,0.0,18.0,0.0
2021-01-23,11616.275905989209,0.00178839587286439,21.084942,0.0,0.0,0.34752881582342,700.436886,6.0,-0.014597711784209988,0.0,0.0,0.0,18.0,0.0
2021-01-24,11631.435224605651,0.0013050067628495032,16.086302,0.0,0.0,0.9269833835625801,716.523188,6.0,-0.01331175513396099,0.0,0.0,0.0,18.0,0.0
2021-01-25,11605.109701937552,-0.002263308195398772,-24.866338000000002,0.0,0.0,1.4591846680965002,691.65685,6.0,-0.015544934724869841,0.0,0.0,0.0,18.0,0.0
2021-01-26,11606.026252277035,7.897817108348804e-05,1.348704000000016,0.0,0.0,0.43215366051320003,693.0055540000001,6.0,-0.015467184264300493,0.0,0.0,0.0,18.0,0.0
2021-01-27,11549.72354588936,-0.0048511613849425705,-55.90968600000002,0.0,0.0,0.39302038767780006,637.095868,6.0,-0.02024331184220629,0.0,0.0,0.0,18.0,0.0
2021-01-28,11592.706372392493,0.0037215459168657983,43.854002,0.1946430519575,0.194642785,0.48188965990480004,682.0177,6.0,-0.016597102339870662,0.0,0.0,0.0,18.0,0.0
2021-01-29,11617.096222019176,0.0021038960914911975,25.918800000000005,0.011739937095,0.011745809999999999,1.5054646262298998,684.44488,6.0,-0.01452812482712229,0.0,0.0,0.0,18.0,0.0
2021-01-30,11674.262658264837,0.004920888589810213,57.93297000000001,0.008981507000000001,0.008986000000000001,0.7485662473423,724.4058500000001,6.0,-0.009678727521005182,0.0,0.0,0.0,18.0,0.0
2021-01-31,11646.889319853697,-0.0023447595117933595,-25.65838999999999,0.11455426605000002,0.1145655,1.48582864509,653.8116600000001,6.0,-0.012000792744381594,0.0,0.0,0.0,18.0,0.0
2021-02-01,11733.321502877978,0.007421053008286549,87.04236999999996,0.0,0.0,0.6101869757241999,740.85403,6.0,-0.004668798255192508,0.0,0.0,0.0,18.0,0.0
2021-02-02,11750.233186143774,0.0014413380952400523,18.064050000000023,0.0130264835,0.013033,1.1263072507076,732.85208,6.0,-0.003234189476736815,0.0,0.0,0.0,18.0,0.0
2021-02-03,11792.95285432028,0.003635644288904949,45.23655999999996,0.1064213668725,0.106415745,2.3040547116217,800.5761299999999,6.0,0.0,0.0,0.0,0.0,18.0,0.0
2021-02-04,11778.196243180062,-0.0012513075666890083,-11.244699999999998,0.26355856635749997,0.263581465,2.9847711088573,697.7368600000001,6.0,-0.0012513075666890083,0.0,0.0,0.0,18.0,0.0
2021-02-05,11830.486301557074,0.004439564199593793,56.836910000000024,0.0,0.0,4.546851622990401,754.5737700000001,6.0,0.0,0.0,0.0,0.0,18.0,0.0
2021-02-06,11841.724303179823,0.0009499188229709077,13.802169999999961,0.0,0.0,2.5641683772551005,768.3759400000001,6.0,0.0,0.0,0.0,0.0,18.0,0.0
2021-02-07,11833.790057326474,-0.0006700245378300496,-5.35391000000001,0.006905995275000001,0.00690945,2.5665204080748,749.20313,6.0,-0.0006700245378300496,0.0,0.0,0.0,18.0,0.0
2021-02-08,11877.225803385936,0.0036704847600850243,46.48148,0.021798135480000005,0.02180904,3.0021267650586,752.06653,6.0,0.0,0.0,0.0,0.0,18.0,0.0
2021-02-09,11891.142773828537,0.0011717357801375172,18.576220000000028,0.12632469789,0.12631818,4.4066066795054,796.7143100000001,6.0,0.0,0.0,0.0,0.0,18.0,0.0
2021-02-10,11930.588244377093,0.0033172144426163452,44.041279999999965,0.144394480305,0.14438409000000002,4.3070308811388,882.31681,6.0,0.0,0.0,0.0,0.0,18.0,0.0
2021-02-11,11951.455283609428,0.0017490369129258276,24.502270000000006,0.0,0.0,3.6352307676691997,906.81908,6.0,0.0,0.0,0.0,0.0,18.0,0.0
2021-02-12,11991.083513637028,0.003315766079294624,43.42392000000001,0.0,0.0,3.7956899724028,950.2429999999999,6.0,0.0,0.0,0.0,0.0,18.0,0.0
2021-02-13,12019.801527637068,0.002394947376304968,33.90919000000004,0.022641863405000004,0.02265319,5.1458809465518005,938.84581,6.0,0.0,0.0,0.0,0.0,18.0,0.0
2021-02-14,11983.917741032206,-0.002985389278047035,-30.748040000000014,0.0,0.0,5.1357466048577,908.0977700000001,6.0,-0.002985389278047035,0.0,0.0,0.0,18.0,0.0
2021-02-15,11955.18777676533,-0.002397376624883485,-26.824616000000027,0.062380885953999994,0.06241209199999999,1.7805552889215996,756.44897,5.0,-0.005375608800459175,0.0,0.0,0.0,18.0,0.0
2021-02-16,11968.950139576566,0.001151162413189688,16.20391,0.07818576392500001,0.07816719,2.2851942348419,846.9485800000001,6.0,-0.004230634586068649,0.0,0.0,0.0,17.0,0.0
2021-02-17,12013.948719441556,0.0037596096015304337,47.71677000000002,0.0,0.0,2.7181901350113002,894.6653500000001,6.0,-0.00048693051894865835,0.0,0.0,0.0,18.0,0.0
2021-02-18,12006.178131867046,-0.0006467971318985244,-2.6102900000000213,0.0,0.0,5.1602975745094,892.0550599999999,6.0,-0.0011334127055840915,0.0,0.0,0.0,18.0,0.0
2021-02-19,12057.724064012342,0.0042932839725642324,56.43923999999999,0.025819133114999997,0.02580623,4.8416824915826,1000.1067599999999,6.0,0.0,0.0,0.0,0.0,18.0,0.0
2021-02-20,12084.575066617734,0.0022268715441524645,32.96989000000002,0.0,0.0,6.1188873946058004,1033.07665,6.0,0.0,0.0,0.0,0.0,18.0,0.0
2021-02-21,12091.498609997738,0.0005729240243730338,9.356850000000021,0.027269558400000005,0.0272832,2.3787538615946002,987.8671000000002,6.0,0.0,0.0,0.0,0.0,18.0,0.0
2021-02-22,11985.193330241833,-0.008791737334196692,-104.46201350000001,0.11530937971837502,0.11536706325,1.6125898129356002,652.67096,4.0,-0.008791737334196692,0.0,0.0,0.0,18.0,0.0
2021-02-23,11876.20597736404,-0.009093499777161673,-107.94973400000003,0.379975878681,0.380025018,0.2776179811132,348.16395,4.0,-0.017805289449869033,0.0,0.0,0.0,16.0,0.0
2021-02-24,11892.925082454118,0.0014077816705053703,17.06042999999999,0.11496751503000001,0.11491006000000001,0.111447334891,595.0445,6.0,-0.0164225737394893,0.0,0.0,0.0,16.0,0.0
2021-02-25,11866.443059415467,-0.002226703931543339,-26.202420000000004,0.0,0.0,0.2796030386516,568.84208,6.0,-0.018612709461520827,0.0,0.0,0.0,18.0,0.0
2021-02-26,11874.205835398987,0.0006541788423584105,8.040260304551342,0.09120390561116681,0.09120138641795783,0.09507902900238313,586.9591131404669,6.0,-0.01797070665989109,0.0,0.0,0.0,18.0,0.0
2021-02-27,11892.66477598848,0.0015545410653454717,18.99597449511368,0.08873337454000002,0.08873532,0.35956521108500406,598.1732476355807,6.0,-0.016444101796021737,0.0,0.0,0.0,18.0,0.0
2021-02-28,11871.092320749975,-0.001813929480469434,-21.569061319260303,0.0,0.0,0.0033939192489449987,576.6041863163204,6.0,-0.018228202835463447,0.0,0.0,0.0,18.0,0.0
2021-03-01,11924.267718428315,0.004479402252258957,53.52703550488633,0.09993388727264807,0.09992607591060337,0.1517778633611195,661.37667,6.0,-0.013830452036040386,0.0,0.0,0.0,18.0,0.0
2021-03-02,11903.633948845925,-0.0017304014023855618,-20.069940000000003,0.11078330698250001,0.110791535,0.342254740413,608.39466,6.0,-0.015536921204827192,0.0,0.0,0.0,18.0,0.0
2021-03-03,11906.434943903994,0.00023530587970910233,3.2006299999999905,0.0,0.0,0.3996349419316,611.59529,6.0,-0.01530527125403014,0.0,0.0,0.0,18.0,0.0
2021-03-04,11904.40783616949,-0.0001702531231266846,-1.5243799999999839,0.012741780922500003,0.012748155,0.4772377985855,584.5746,6.0,-0.015472918606925457,0.0,0.0,0.0,18.0,0.0
2021-03-05,11895.082866738221,-0.0007833207295651068,-9.110740000000003,0.0,0.0,0.21422943127200003,575.46386,6.0,-0.016244119078598906,0.0,0.0,0.0,18.0,0.0
2021-03-06,11892.71083005986,-0.0001994132117393299,-2.09162,0.0083105532,0.0083064,0.263799725165,589.9850399999999,6.0,-0.0164402929983809,0.0,0.0,0.0,18.0,0.0
2021-03-07,11937.355484710084,0.003753951078788731,45.11080000000002,0.0,0.0,0.4661453497782,635.0958400000001,6.0,-0.012748057975229155,0.0,0.0,0.0,18.0,0.0
2021-03-08,11930.103898952415,-0.0006074700352985962,-6.5562400000000105,0.0,0.0,0.6953457576674,628.5396000000001,6.0,-0.013347783947299519,0.0,0.0,0.0,18.0,0.0
2021-03-09,11968.89775445678,0.003251761747671944,41.166572,0.10509024409775,0.10508759549999999,2.1625386560375097,680.3005630000001,6.0,-0.010139426012883646,0.0,0.0,0.0,18.0,0.0
2021-03-10,11931.112462848447,-0.0031569566708232744,-35.65952199999998,0.0,0.0,2.12576960833789,644.641041,6.0,-0.013264372955117176,0.0,0.0,0.0,18.0,0.0
2021-03-11,11936.446131295337,0.0004470386532269277,6.755654999999991,0.0,0.0,1.4219865531153997,651.396696,6.0,-0.012823263989311995,0.0,0.0,0.0,18.0,0.0
2021-03-12,11915.827426778911,-0.0017273738171001973,-18.478844999999996,0.13585545615475,0.1358366105,1.8681674497739598,708.3004699999999,6.0,-0.014528487235947352,0.0,0.0,0.0,18.0,0.0
2021-03-13,11975.822366143086,0.005034894952350877,61.85838399999999,0.09409581546599999,0.09409115200000001,1.67525766835996,788.812718,6.0,-0.009566741690645864,0.0,0.0,0.0,18.0,0.0
2021-03-14,11932.159008893475,-0.0036459589925992297,-41.22629399999998,0.011403995150000002,0.011409700000000002,2.4142495544635603,724.7670240000001,6.0,-0.013177820735348234,0.0,0.0,0.0,18.0,0.0
2021-03-15,11900.994651103585,-0.0026117953814278616,-29.65211400000003,0.0,0.0,1.5122437898912,695.11491,6.0,-0.015755198345442145,0.0,0.0,0.0,18.0,0.0
2021-03-16,11915.668492563118,0.0012329928623380226,15.290840000000006,0.0,0.0,0.61699854046664,710.40575,6.0,-0.01454163153020882,0.0,0.0,0.0,18.0,0.0
2021-03-17,11928.364894930339,0.00106552161762008,13.948846000000014,0.022606824763499997,0.022595527,1.2072412810129798,769.5456499999999,6.0,-0.01349160433533969,0.0,0.0,0.0,18.0,0.0
2021-03-18,11894.327984021184,-0.002853443133989053,-31.74052899999999,0.32389774062725,0.3238749655,1.64860920302897,828.90563,6.0,-0.016306549943571613,0.0,0.0,0.0,18.0,0.0
2021-03-19,11915.851176665328,0.0018095341471211501,23.389899999999983,0.2762023503225,0.276226025,1.3142789805297999,757.59682,6.0,-0.014526523055395035,0.0,0.0,0.0,18.0,0.0
2021-03-20,11874.979134827217,-0.003430056420824612,-37.61402029080222,0.12030562524586175,0.12030474487342503,3.0174111771858767,723.5042894560479,6.0,-0.01790675268254116,0.0,0.0,0.0,18.0,0.0
2021-03-21,11878.588327078898,0.0003039325131186654,5.511411731045781,0.11789254100000002,0.1178788,1.6664481383641383,783.9797011870936,6.0,-0.017608262613767023,0.0,0.0,0.0,18.0,0.0
2021-03-22,11835.145864659518,-0.0036572075084332356,-41.76247275597675,0.0,0.0,1.679989663404944,742.2172284311168,6.0,-0.02120107305195873,0.0,0.0,0.0,18.0,0.0
2021-03-23,11812.542874748764,-0.0019098192932499591,-21.72896551599369,0.14801863806975002,0.1480258195,0.5779799371893876,691.7625419151232,6.0,-0.023070402126856404,0.0,0.0,0.0,18.0,0.0
2021-03-24,11775.40013396846,-0.0031443475951060673,-36.30560773350997,0.17101507925801118,0.1710365155908066,0.4950814519410049,569.7116030000001,5.0,-0.026142208358516883,0.0,0.0,0.0,18.0,0.0
2021-03-25,11757.43069391154,-0.0015260152396082693,-17.70666999999999,0.052334043945,0.05230789,0.15812812297599999,656.620713,6.0,-0.027628330189772954,0.0,0.0,0.0,17.0,0.0
2021-03-26,11803.888727518579,0.003951376352241409,47.23804,0.14295046843250003,0.142947235,0.49410868952609,716.7924830000001,6.0,-0.023786123768095302,0.0,0.0,0.0,18.0,0.0
2021-03-27,11793.382864931662,-0.0008900340243317428,-9.695543000000011,0.0,0.0,0.8103195869178301,707.0969399999999,6.0,-0.02465498733296645,0.0,0.0,0.0,18.0,0.0
2021-03-28,11807.9773069449,0.0012375110840026071,16.18274299999998,0.1452555197625,0.145235475,1.2978099920005501,803.458733,6.0,-0.02344798706906448,0.0,0.0,0.0,18.0,0.0
2021-03-29,11818.768865247112,0.0009139209893183065,12.570896000000019,0.0,0.0,1.77933769779071,816.029629,6.0,-0.022555495687285765,0.0,0.0,0.0,18.0,0.0
2021-03-30,11858.426429146506,0.0033554733451135466,43.041683000000035,0.135500284485,0.13550469,3.11311412611972,841.449252,6.0,-0.019275706706736728,0.0,0.0,0.0,18.0,0.0
2021-03-31,11907.729922483973,0.004157675862986876,52.14418869293051,0.16462762370519274,0.16463551045596475,2.5114322213000153,862.0464376048599,6.0,-0.015198172984266511,0.0,0.0,0.0,18.0,0.0
2021-04-01,11929.707574942475,0.001845662657917968,25.180531396354414,0.0,0.0,3.202878937855968,887.2269690012145,6.0,-0.01338056102669416,0.0,0.0,0.0,18.0,0.0
2021-04-02,11962.872231022764,0.00278000578572013,37.683280720799495,0.19613783504250001,0.19612066500000003,4.126366140466155,993.590419722014,6.0,-0.010637753278044504,0.0,0.0,0.0,18.0,0.0
2021-04-03,11901.000116200548,-0.005172011673063359,-57.04505062308776,0.141927312,0.141916,4.543220887130018,981.7933690989261,6.0,-0.01575474636697871,0.0,0.0,0.0,18.0,0.0
2021-04-04,12000.266379954477,0.008341001830493244,101.29795830571129,0.1639421393686531,0.1639406648510786,1.703811747558365,1088.9893977024803,6.0,-0.007545154904771367,0.0,0.0,0.0,18.0,0.0
2021-04-05,12029.544959110031,0.002439827436202746,32.59248979827551,0.16330539727085208,0.16332844525822296,2.987276800200968,1029.3899380172015,6.0,-0.005123736344515684,0.0,0.0,0.0,18.0,0.0
2021-04-06,12058.051738561215,0.002369730488400057,33.345532882034334,0.15194703458783032,0.15193316813189628,4.53487322813655,1118.2012946354434,6.0,-0.0027661477303456694,0.0,0.0,0.0,18.0,0.0
2021-04-07,11946.303914827893,-0.009267485839022926,-108.51354904949866,0.3393175669365759,0.33929601279297233,2.555661104092997,1095.90432,6.0,-0.012007998334448988,0.0,0.0,0.0,18.0,0.0
2021-04-08,12015.568754187947,0.00579801416855652,72.18252173874302,0.3602302768155148,0.36026946982560204,2.1971826320466006,1011.314801389947,6.0,-0.0062796067103716435,0.0,0.0,0.0,18.0,0.0
2021-04-09,12005.969890543318,-0.0007988688543173472,-6.823196890365368,0.0,0.0,2.7756667542624758,1004.4916044995815,6.0,-0.007073458982470693,0.0,0.0,0.0,18.0,0.0
2021-04-10,12105.78203120149,0.008313542476629854,104.19762740965568,0.0,0.0,4.385486751484906,1108.6892319092374,6.0,0.0,0.0,0.0,0.0,18.0,0.0
2021-04-11,12131.021307879184,0.0020848943597895353,30.61813219953349,0.15056321885585816,0.15057547705438537,5.0777168259302226,1090.2745699999998,6.0,0.0,0.0,0.0,0.0,18.0,0.0
2021-04-12,12167.892190313905,0.003039388151991229,42.74744999999995,0.23033946579750003,0.230336105,5.415891994486501,1146.4652099999998,6.0,0.0,0.0,0.0,0.0,18.0,0.0
2021-04-13,12251.170472069343,0.006844100888872884,89.86609000000004,0.0,0.0,6.587808244565399,1236.3313,6.0,0.0,0.0,0.0,0.0,18.0,0.0
2021-04-14,12273.432264989206,0.0018171155948418782,30.413819999999994,0.2319265359425,0.231883365,7.6882171791954,1439.4288900000001,6.0,0.0,0.0,0.0,0.0,18.0,0.0
2021-04-15,12277.502621318567,0.0003316396132295729,9.678219999999996,0.07744487819,0.07748362,5.4529351724466,1294.13987,6.0,0.0,0.0,0.0,0.0,18.0,0.0
2021-04-16,12213.060773438448,-0.005248774923348187,-57.948230000000045,0.16708346466000001,0.16710292000000002,6.159431495458401,1158.37028,6.0,-0.005248774923348187,0.0,0.0,0.0,18.0,0.0
2021-04-17,12178.931029428895,-0.002794528303976085,-29.877609999999954,0.12205529745,0.12207059999999999,4.0080081121011,1067.28247,6.0,-0.008028635377239635,0.0,0.0,0.0,18.0,0.0
2021-04-18,12079.715729348529,-0.008146470313414644,-97.33425370523553,0.39003367875080863,0.3902287931473823,1.1007839032292,189.49063,2.0,-0.01610970065089634,0.0,0.0,0.0,18.0,0.0
2021-04-19,12021.777694824883,-0.004796307779237008,-56.78749100000002,0.38206812111075006,0.3819162215,0.38655918103403,740.301582,6.0,-0.020828741347580282,0.0,0.0,0.0,14.0,0.0
2021-04-20,12076.479289853189,0.004550208498020458,55.83815199999998,0.3630660712675,0.363064805,0.41042609542437997,801.204804,6.0,-0.016373307965442563,0.0,0.0,0.0,18.0,0.0
2021-04-21,12053.614729817336,-0.001893313397644203,-22.130799000000025,0.11726040767999998,0.11726634,0.49923428817415993,755.344725,6.0,-0.018235621559752113,0.0,0.0,0.0,18.0,0.0
2021-04-22,12041.160836690095,-0.0010332081625633593,-11.651721999999998,0.20353825663500003,0.20354199,0.3950908806036,728.759543,6.0,-0.019249988529270623,0.0,0.0,0.0,18.0,0.0
2021-04-23,12011.369864655142,-0.002474094685636752,-28.642433687575732,0.3713426502113841,0.37137192965621213,0.40582376750660004,582.99933,5.0,-0.021676456920588505,0.0,0.0,0.0,18.0,0.0
2021-04-24,11953.879918995955,-0.004786293845497003,-56.96166500000002,0.1508979147425,0.15087340500000002,0.2265093394442,624.076635,6.0,-0.02635900087373433,0.0,0.0,0.0,17.0,0.0
2021-04-25,11970.85148579965,0.0014197538304467905,17.72096800000003,0.295370429416,0.29536033200000006,0.15867043488680002,682.187267,6.0,-0.0249766703357448,0.0,0.0,0.0,18.0,0.0
2021-04-26,12010.37695391952,0.0033018092461305493,40.03888799999999,0.17368737099124998,0.17368305750000002,0.16604945164012,739.48012,6.0,-0.021757329290666316,0.0,0.0,0.0,18.0,0.0
2021-04-27,12031.57020532808,0.0017645783716757624,21.98459200000003,0.1035775490775,0.103572045,0.58419099736206,783.4810219999999,6.0,-0.02003114343168222,0.0,0.0,0.0,18.0,0.0
2021-04-28,12073.977384095231,0.0035246587139865504,43.07299399999998,0.0,0.0,0.6658152328433199,826.5540159999999,6.0,-0.016577087661943213,0.0,0.0,0.0,18.0,0.0
2021-04-29,12061.195534406745,-0.0010586279302894352,-12.255747999999997,0.026080148402500003,0.026093195,0.47392834508093995,762.111878,6.0,-0.01761816662423088,0.0,0.0,0.0,18.0,0.0
2021-04-30,12079.971709799434,0.0015567424754143744,19.54088800000002,0.014227870006250002,0.0142349875,0.7362497498020002,753.182791,6.0,-0.01608885109713931,0.0,0.0,0.0,18.0,0.0
2021-05-01,12125.053828103333,0.003731972175673892,46.377810508719065,0.10585934110038255,0.1058619359768941,1.0839709277459466,789.1810954625072,6.0,-0.012416922066098568,0.0,0.0,0.0,18.0,0.0
2021-05-02,12133.603397713669,0.0007051160128064282,9.76708852420618,0.0,0.0,1.2175189138765925,798.9481839867135,6.0,-0.011720561423870679,0.0,0.0,0.0,18.0,0.0
2021-05-03,12216.828799369969,0.006859083730393012,84.51431940803343,0.0,0.0,1.2889177517356112,883.4625033947468,6.0,-0.004941870005651161,0.0,0.0,0.0,18.0,0.0
2021-05-04,12199.25093568393,-0.0014388237712675833,-15.861560575696602,0.15136046760150002,0.151383003,1.4135596397389036,777.4593488190503,6.0,-0.006373583296880092,0.0,0.0,0.0,18.0,0.0
2021-05-05,12259.93479407046,0.004974392174278863,62.27626507163579,0.13837663318575003,0.1383833885,1.3156466634193085,812.7143568906861,6.0,-0.0014308958254752868,0.0,0.0,0.0,18.0,0.0
2021-05-06,12245.914628732042,-0.0011435758488045344,-10.764484844828317,0.2516200279196674,0.25160641652292887,2.7524540491437604,856.3954590000001,6.0,-0.0025728353363717593,0.0,0.0,0.0,18.0,0.0
2021-05-07,12264.35376228955,0.0015057375554656804,19.896329,0.0,0.0,1.4571954424931002,876.2917880000001,6.0,-0.0010709717956961518,0.0,0.0,0.0,18.0,0.0
2021-05-08,12280.409975708895,0.0013091772897741993,18.078642999999957,0.01416478956225,0.0141718755,1.99409291558819,866.0266799999999,6.0,0.0,0.0,0.0,0.0,18.0,0.0
2021-05-09,12312.815689088968,0.002638813642555249,33.63493800000008,0.0,0.0,1.22922461992618,899.6616180000001,6.0,0.0,0.0,0.0,0.0,18.0,0.0
2021-05-10,12255.255098968159,-0.004674851924553414,-55.859450000000066,0.13886016376,0.1388624,1.4234175570487002,834.857208,6.0,-0.004674851924553414,0.0,0.0,0.0,18.0,0.0
2021-05-11,12357.624112466774,0.008353070798765794,103.25773898725112,0.1975101324753235,0.19750682991236732,0.4937085262493045,951.3251988119857,6.0,0.0,0.0,0.0,0.0,18.0,0.0
2021-05-12,12225.889797953598,-0.010660165199577354,-130.68926304641343,0.1442562189688448,0.14426407788278622,0.7565311699132954,789.20028,6.0,-0.010660165199577354,0.0,0.0,0.0,18.0,0.0
2021-05-13,12283.905781096219,0.004745338302683866,58.808094237234336,0.2019465491640209,0.20194320615094546,0.38822133929941033,861.3804265391253,6.0,-0.005965412987128049,0.0,0.0,0.0,18.0,0.0
2021-05-14,12336.154018880949,0.004253389656011075,52.59456447200773,0.029740642240000004,0.02975552,0.28683052503675294,854.463951011133,6.0,-0.0017373965570101069,0.0,0.0,0.0,18.0,0.0
2021-05-15,12308.712753704534,-0.002224458703613319,-26.242804727126575,0.276845888857745,0.2768474863695603,0.6447670740607423,821.8310990231269,6.0,-0.003957990493730579,0.0,0.0,0.0,18.0,0.0
2021-05-16,12320.26102329025,0.0009382191149305275,12.020059477936856,0.021743123,0.021754,0.42829276922831616,790.3431585010637,6.0,-0.0030234848411380133,0.0,0.0,0.0,18.0,0.0
2021-05-17,12256.61018207187,-0.005166354925277394,-62.7724834706403,0.2298859680496093,0.22995359756339095,0.418518182126248,457.0526199036416,4.0,-0.00817421937061491,0.0,0.0,0.0,18.0,0.0
2021-05-18,12312.596374195333,0.004567836562621164,56.43929081760881,0.10378659736500001,0.10373473000000002,0.2455773667800809,720.9613707212502,6.0,-0.003643721306105685,0.0,0.0,0.0,16.0,0.0
2021-05-19,12100.816272359189,-0.01720027972978888,-210.80838470189553,0.38591407476317263,0.38604161300967743,0.19976144646569025,0.0,0.0,-0.020781328010172184,0.0,0.0,0.0,18.0,0.0
2021-05-20,12198.92276467782,0.008107427640458242,98.25906151733554,0.27960624089325026,0.2794665076394305,-0.40650354982938547,657.1920767961966,6.0,-0.012842383482829067,0.0,0.0,0.0,12.0,0.0
2021-05-21,12105.386021661512,-0.007667623184494987,-94.19384333976951,0.0,0.0,-0.6571003234654667,562.9982334564271,6.0,-0.020411536109987027,0.0,0.0,0.0,18.0,0.0
2021-05-22,12051.264542648805,-0.0044708594105021815,-54.59619096956429,0.0632340296600152,0.06323322112945048,-0.6011792076504235,511.6361647457638,6.0,-0.02479113841218905,0.0,0.0,0.0,18.0,0.0
2021-05-23,11969.470277573697,-0.006787193558455473,-81.55442239263178,0.12258880197533956,0.12265012703885898,-0.005396246536740722,184.781488275414,3.0,-0.03141006971570648,0.0,0.0,0.0,18.0,0.0
2021-05-24,12141.014174304257,0.014331786850414696,171.34634006073787,0.20398465079254263,0.20391568765917092,-0.605457008275906,631.9803618229607,6.0,-0.017528445289413996,0.0,0.0,0.0,15.0,0.0
2021-05-25,12155.95873436776,0.0012309152966094583,14.777267472025686,0.06935834202986157,0.06939303854913614,-0.30604397205573997,507.97155219671413,6.0,-0.01631910602423714,0.0,0.0,0.0,18.0,0.0
2021-05-26,12200.599601556916,0.003672344416812301,44.4550055670069,0.0,0.0,-0.18586162215100333,552.4265577637211,6.0,-0.01270669098532029,0.0,0.0,0.0,18.0,0.0
2021-05-27,12170.023200471465,-0.0025061392131537907,-30.76887407906672,0.036036141914844985,0.03605416899934465,-0.2645633045299915,449.54934568596497,6.0,-0.015180985461926366,0.0,0.0,0.0,18.0,0.0
2021-05-28,12128.897604021522,-0.003379253742782473,-41.41939764012684,0.0,0.0,-0.29380119018446355,408.1299480458382,6.0,-0.018508938802767494,0.0,0.0,0.0,18.0,0.0
2021-05-29,12104.75669060096,-0.001990363362665226,-24.35466155488961,0.0,0.0,-0.2137481343296126,383.7752864909486,6.0,-0.020462462651757884,0.0,0.0,0.0,18.0,0.0
2021-05-30,12130.480976811297,0.0021251386432501462,25.441174105308622,0.0,0.0,-0.2831121050333491,409.21646059625715,6.0,-0.01838080957862498,0.0,0.0,0.0,18.0,0.0
2021-05-31,12158.492631495816,0.00230919571433863,27.93421030152419,0.009957388815000003,0.00996237,-0.09736414181249985,417.2259308977813,6.0,-0.016114058750991478,0.0,0.0,0.0,18.0,0.0
2021-06-01,12156.470733955613,-0.00016629508290888495,-1.9502426597967073,0.01051935705,0.010514100000000002,0.05062142335379549,436.30388823798467,6.0,-0.016277674145164345,0.0,0.0,0.0,18.0,0.0
2021-06-02,12166.180352962268,0.0007987202222710099,9.744917847178412,0.0,0.0,0.0352988405225954,446.0488060851631,6.0,-0.015491955230404808,0.0,0.0,0.0,18.0,0.0
2021-06-03,12174.525807440876,0.0006859551836724265,8.486486316593911,0.0,0.0,0.14103183798960683,454.53529240175703,6.0,-0.014816626833727864,0.0,0.0,0.0,18.0,0.0
2021-06-04,12137.801558653233,-0.003016482889641403,-36.530211794304805,0.056809716915,0.056805610000000006,0.08042166642314659,434.43274060745216,6.0,-0.01778841562204314,0.0,0.0,0.0,18.0,0.0
2021-06-05,12127.170820616497,-0.0008758371922102937,-10.656802604339934,0.0,0.0,-0.026064567603538036,423.77593800311234,6.0,-0.018648673058261123,0.0,0.0,0.0,18.0,0.0
2021-06-06,12138.214485293127,0.0009106546646358016,11.124644988518206,0.049849987572500004,0.049853894999999995,-0.018723570681055637,419.27087299163054,6.0,-0.01775500089473503,0.0,0.0,0.0,18.0,0.0
2021-06-07,12105.498316660125,-0.0026953032237683194,-32.661209566134545,0.0,0.0,0.05495906686743647,386.6096634254959,6.0,-0.020402449007353773,0.0,0.0,0.0,18.0,0.0
2021-06-08,12099.066878527556,-0.0005312823945230472,-6.246717415487182,0.08463681481100188,0.08465755800500438,0.015426344267475113,297.39017,5.0,-0.020922891939914035,0.0,0.0,0.0,18.0,0.0
2021-06-09,12114.246059169704,0.001254574488639859,15.169919530737765,0.043235485468043997,0.043213878528779615,-0.09571047540732976,398.98784658829703,6.0,-0.019694566777730627,0.0,0.0,0.0,17.0,0.0
2021-06-10,12090.414651315192,-0.0019672217105474177,-23.846732206250568,0.0,0.0,-0.015324351740493469,375.1411143820464,6.0,-0.021623044908932965,0.0,0.0,0.0,18.0,0.0
2021-06-11,12066.678034722649,-0.0019632591004611344,-23.717364851888675,0.0,0.0,0.019251740658722663,351.42374953015775,6.0,-0.023543852369697027,0.0,0.0,0.0,18.0,0.0
2021-06-12,12070.611256378377,0.00032595728869289076,3.898530655298972,0.05115422040499999,0.05115829,-0.13700351084086146,339.04390018545666,6.0,-0.023225569371287835,0.0,0.0,0.0,18.0,0.0
2021-06-13,12092.925704805979,0.001848659355657034,22.235772988612993,0.0,0.0,-0.07867543898839191,361.2796731740698,6.0,-0.021419846181739643,0.0,0.0,0.0,18.0,0.0
2021-06-14,12101.046058338012,0.0006714961896114868,8.096846231352828,0.0,0.0,-0.023507300679865506,369.3765194054225,6.0,-0.02076273333722123,0.0,0.0,0.0,18.0,0.0
2021-06-15,12101.600992313584,4.5858347526017695e-05,0.6265029311917996,0.022108690125000004,0.02211975,0.027340515496043105,325.76352233661436,5.0,-0.02071782713433601,0.0,0.0,0.0,16.0,0.0
2021-06-16,12078.733350152566,-0.001889637757478746,-22.759403102679254,0.026215491195,0.02620239,0.055821177145966856,355.4088992339351,5.0,-0.022568315703408892,0.0,0.0,0.0,15.0,0.0
2021-06-17,12081.010501786765,0.00018852569786798057,2.178069673126598,0.0,0.0,-0.09908196107109377,357.5869689070617,5.0,-0.02238404471300859,0.0,0.0,0.0,15.0,0.0
2021-06-18,12059.977853748633,-0.001740967614838218,-20.99819482356613,0.0,0.0,0.0344532145629185,336.5887740834956,5.0,-0.02408604243091239,0.0,0.0,0.0,15.0,0.0
2021-06-19,12048.272318052592,-0.000970610049039422,-11.77608960193216,0.028357376602499998,0.028343205,-0.1272544874932598,381.4990944815634,6.0,-0.02503327432512681,0.0,0.0,0.0,17.0,0.0
2021-06-20,12052.257021656515,0.00033072821552626586,4.126596074414678,0.09524304820500001,0.09526005000000001,-0.0486106277128496,317.6185105559781,5.0,-0.024710825319747,0.0,0.0,0.0,18.0,0.0
2021-06-21,11974.985634952945,-0.006411362333604509,-77.27109882267403,0.03746014071,0.03744142,-0.07461367981296556,315.23025173330404,6.0,-0.03096375759866421,0.0,0.0,0.0,17.0,0.0
2021-06-22,11954.840763093613,-0.001682246014603428,-19.879351521636533,0.17866939162828083,0.17873297510583377,-0.0918820290359525,41.01699000000001,2.0,-0.032593914955450054,0.0,0.0,0.0,18.0,0.0
2021-06-23,11978.81448210448,0.0020053566154456526,23.957024207461373,0.07493205375883147,0.07489460645560367,-0.1665214636215581,214.7632271186687,6.0,-0.030653920762983677,0.0,0.0,0.0,14.0,0.0
2021-06-24,11988.048323446634,0.0007708476791210561,9.177874537076274,0.0031674055050000005,0.00316899,-0.062303200582711785,217.603121655745,6.0,-0.02990670258753869,0.0,0.0,0.0,18.0,0.0
2021-06-25,11965.60078059511,-0.001872493524039287,-22.443529302266683,0.0,0.0,0.0040135492593235044,195.1595923534783,6.0,-0.03172319600465734,0.0,0.0,0.0,18.0,0.0
2021-06-26,11970.145488295648,0.0003798144183373431,4.534669807339779,0.009600232757973864,0.00960503527561167,-0.029243161231674503,180.48419160959477,6.0,-0.03135543051355849,0.0,0.0,0.0,18.0,0.0
2021-06-27,11980.442949594975,0.0008602620001065819,10.264950988139358,0.0,0.0,-0.03251031119241057,190.7491425977341,6.0,-0.030522142398819674,0.0,0.0,0.0,18.0,0.0
2021-06-28,11982.222428292764,0.00014853196207154085,1.7798567170665163,0.0,0.0,0.00037801927814224215,192.52899931480064,6.0,-0.030378143950445358,0.0,0.0,0.0,18.0,0.0
2021-06-29,11995.866896063013,0.001138725962725573,13.648674989225794,0.0,0.0,0.004207218978440196,206.17767430402643,6.0,-0.02927401036893562,0.0,0.0,0.0,18.0,0.0
2021-06-30,11997.585447592623,0.00014326197051861556,1.7883390145767375,0.028801487719999998,0.02880539,0.012180607246707928,192.35689331860317,5.0,-0.029134942250827356,0.0,0.0,0.0,16.0,0.0
2021-07-01,11981.671744563051,-0.00132640880942958,-15.836686395835018,0.03789813247,0.03789086,0.0012276412675809537,205.61008692276815,5.0,-0.03042270621619325,0.0,0.0,0.0,15.0,0.0
2021-07-02,11985.447399131212,0.0003151191794144026,3.7454421814395036,0.0,0.0,-0.03021238672349513,209.35552910420765,5.0,-0.030117173814997233,0.0,0.0,0.0,15.0,0.0
2021-07-03,11991.468438863803,0.0005023625345039751,6.092026061023059,0.040022516875,0.040012549999999994,-0.009048738442637703,255.31505516523072,5.0,-0.029629941020263062,0.0,0.0,0.0,15.0,0.0
2021-07-04,11995.511184077626,0.00033713512522948186,4.0910568979628135,0.0,0.0,0.04831168414356922,259.4061120631935,5.0,-0.02930279518890988,0.0,0.0,0.0,15.0,0.0
2021-07-05,11984.24259163694,-0.0009394007698183549,-11.293343466545835,0.0,0.0,-0.024751025859952945,248.1127685966477,5.0,-0.030214668890369945,0.0,0.0,0.0,15.0,0.0
2021-07-06,11990.482386607155,0.0005206666105515012,6.240415853146155,0.007892052,0.007895999999999999,-0.015167169065016691,238.56118444979384,5.0,-0.02970973404905841,0.0,0.0,0.0,15.0,0.0
2021-07-07,11992.77138481396,0.00019090126093357362,2.3936668655500357,0.06243069513,0.06241574,-0.020177776384983852,300.7753713153439,6.0,-0.02952450441381682,0.0,0.0,0.0,17.0,0.0
2021-07-08,11972.809906891289,-0.0016644591381060891,-19.844471798098514,0.03771004595250001,0.037716255000000004,0.04157982362129216,256.09470951724535,5.0,-0.031139821220753316,0.0,0.0,0.0,16.0,0.0
2021-07-09,11977.981119943994,0.00043191306743528557,5.210886150113169,0.023260086880000003,0.02326106,-0.006848049469142862,257.4131156673585,6.0,-0.03072135784902086,0.0,0.0,0.0,17.0,0.0
2021-07-10,11971.861899545469,-0.0005108724364522033,-6.163993345042972,0.0,0.0,-0.04477294651710344,251.24912232231554,6.0,-0.03121653559053761,0.0,0.0,0.0,18.0,0.0
2021-07-11,11975.465081103479,0.0003009708588559423,3.6260168004758473,0.019324017478295073,0.019333684320455298,-0.01582245933148745,216.2077704818808,6.0,-0.030924959999208967,0.0,0.0,0.0,18.0,0.0
2021-07-12,11968.524070893525,-0.0005796025593115539,-6.940494773907881,0.0,0.0,0.0005154360455642444,209.2672757079729,6.0,-0.031486638372558384,0.0,0.0,0.0,18.0,0.0
2021-07-13,11959.444317992371,-0.0007586359727709269,-9.125261149075877,0.0,0.0,-0.04550824792545141,200.14201455889705,6.0,-0.03222138744879821,0.0,0.0,0.0,18.0,0.0
2021-07-14,11961.781871980149,0.00019545673909449057,2.3963701384406275,0.038318518957269856,0.03832063913770101,-0.017823007436528898,194.05766297273968,6.0,-0.03203222859702348,0.0,0.0,0.0,18.0,0.0
2021-07-15,11953.334192517068,-0.0007062224970737496,-8.435406317154992,0.005054525999999999,0.005052,0.0021666199246218997,195.72625665558473,6.0,-0.03271582921363059,0.0,0.0,0.0,18.0,0.0
2021-07-16,11940.088436643775,-0.0011081222745018549,-13.306449180793546,0.0108471058425,0.010841685,-0.0823820983443343,204.10317747479115,6.0,-0.03378769834905204,0.0,0.0,0.0,18.0,0.0
2021-07-17,11923.101346388707,-0.001422693838928013,-16.980138526602552,0.098271326455,0.09824709,-0.1895666879858035,284.06885894818856,6.0,-0.035162322637707244,0.0,0.0,0.0,18.0,0.0
2021-07-18,11924.447324613477,0.0001128882650298646,0.8257764418895146,0.0,0.0,-0.5202017828783434,284.8946353900781,6.0,-0.035053403786274306,0.0,0.0,0.0,18.0,0.0
2021-07-19,11904.58349670724,-0.001665807006856812,-20.357963823716045,0.02347519231528945,0.02348693578318104,-0.541098045579204,217.5628,4.0,-0.03666081858748971,0.0,0.0,0.0,18.0,0.0
2021-07-20,11885.805035231506,-0.0015774144035303195,-19.09138,0.035760860625,0.03577875,-0.38445813488880004,126.91392,2.0,-0.0381804036877349,0.0,0.0,0.0,10.0,0.0
2021-07-21,11943.87112327858,0.0048853306843716915,57.47475999999999,0.01850254665,0.0184933,-0.6283238937276,221.37527999999998,3.0,-0.03348159690104069,0.0,0.0,0.0,8.0,0.0
2021-07-22,11957.193485634569,0.001115414108079582,12.497200000000019,0.0223178355,0.022329,-0.8698091914876,189.21448,3.0,-0.03240352863850571,0.0,0.0,0.0,9.0,0.0
2021-07-23,12069.201254251117,0.00936739618298521,111.29143999999997,0.0318495168,0.031833600000000004,-0.78001173335,364.17312000000004,4.0,-0.02333966914600416,0.0,0.0,0.0,11.0,0.0
2021-07-24,12115.315590859875,0.0038208275458588847,45.74497000000005,0.12798735287750002,0.127965555,-0.6253195166324,497.1096,5.0,-0.01960801845092952,0.0,0.0,0.0,14.0,0.0
2021-07-25,12139.007831282692,0.0019555611444981302,22.965129999999984,0.0179025217875,0.017893575000000002,-0.7629065196032001,555.86188,5.0,-0.0176908019854346,0.0,0.0,0.0,15.0,0.0
2021-07-26,12090.258268757525,-0.004015942917471205,-48.877640000000014,0.053082533002499994,0.053056005,-0.23421601283199991,613.0962499999999,6.0,-0.021635699651967988,0.0,0.0,0.0,17.0,0.0
2021-07-27,12176.626884575007,0.007143653501651581,86.06303000000003,0.065221674435,0.06521023000000001,-0.4360177219140001,744.9370200000001,6.0,-0.014646604091895887,0.0,0.0,0.0,18.0,0.0
2021-07-28,12174.30097248731,-0.00019101448288960654,-2.664969999999995,0.021736326400000002,0.021747200000000005,-0.38254143870079993,698.77765,6.0,-0.014834820861278852,0.0,0.0,0.0,18.0,0.0
2021-07-29,12182.380432762036,0.000663648803572725,8.45853000000001,0.20182044102000002,0.20180324,-0.024553955751399997,776.04026,6.0,-0.014181017168821808,0.0,0.0,0.0,18.0,0.0
2021-07-30,12189.416805601311,0.0005775860373191666,7.200129999999977,0.025028232862500003,0.025015725,0.11371320286530001,833.27184,6.0,-0.013611621889014214,0.0,0.0,0.0,18.0,0.0
2021-07-31,12170.319978924552,-0.0015666727113625711,-18.268879999999978,0.28853461384,0.28853952000000005,0.25087254292,795.37832,6.0,-0.015156969643805862,0.0,0.0,0.0,18.0,0.0
2021-08-01,12121.685327600982,-0.003996168663419786,-47.74581999999999,0.28279366368750003,0.282750375,0.32328728487999997,920.78725,6.0,-0.019092568500102658,0.0,0.0,0.0,18.0,0.0
2021-08-02,12142.851842401982,0.0017461693014586555,21.340450000000036,0.0,0.0,0.173935199,942.1277000000001,6.0,-0.017379738055644744,0.0,0.0,0.0,18.0,0.0
2021-08-03,12109.860327140317,-0.0027169495016369227,-32.745210000000014,0.0,0.0,0.2463052616625,909.38249,6.0,-0.02004946768663285,0.0,0.0,0.0,18.0,0.0
2021-08-04,12177.839455119207,0.005613535263204961,67.80160999999997,0.0,0.0,-0.177517978887,977.1841,6.0,-0.014548480817295206,0.0,0.0,0.0,18.0,0.0
2021-08-05,12186.643294687005,0.0007229393686987162,9.328576340917639,0.15999929717629652,0.15999259188035636,0.20474488406219551,1013.3338601016304,6.0,-0.013836059118134125,0.0,0.0,0.0,18.0,0.0
2021-08-06,12203.424005486986,0.001376975627677357,17.237953164611802,0.03551614919999999,0.0354984,0.38622781542836643,1101.5686132662422,6.0,-0.012478135406645552,0.0,0.0,0.0,18.0,0.0
2021-08-07,12259.831673976782,0.004622282112334508,57.202640197788256,0.15845236215614916,0.15845985173201518,0.47805949410565174,1128.81295,6.0,-0.007913530756396447,0.0,0.0,0.0,18.0,0.0
2021-08-08,12221.816527932046,-0.0031007885797835755,-37.409720000000036,0.0,0.0,0.6054260447376001,1091.40323,6.0,-0.010989781150384847,0.0,0.0,0.0,18.0,0.0
2021-08-09,12265.572794652999,0.003580177023681408,44.07741999999997,0.0,0.0,0.321153279045,1135.48065,6.0,-0.007448949488673251,0.0,0.0,0.0,18.0,0.0
2021-08-10,12344.601815334043,0.006443157772093366,79.56620000000001,0.0,0.0,0.5371793189544001,1215.04685,6.0,-0.0010537864733718427,0.0,0.0,0.0,18.0,0.0
2021-08-11,12368.811203061368,0.0019611315204395297,25.15120000000006,0.0,0.0,0.941812272675,1240.19805,6.0,0.0,0.0,0.0,0.0,18.0,0.0
2021-08-12,12333.632640135911,-0.002844134520927133,-33.79858000000002,0.2103386398725,0.21034864500000003,0.9592956405864002,1166.37896,6.0,-0.002844134520927133,0.0,0.0,0.0,18.0,0.0
2021-08-13,12427.320806187603,0.007596153443618414,94.18872999999999,0.0,0.0,0.5005639483092,1260.56769,6.0,0.0,0.0,0.0,0.0,18.0,0.0
2021-08-14,12415.990656349453,-0.000911712992273328,-9.757249999999997,0.22736940288750002,0.227388225,1.1181422102634,1175.52199,6.0,-0.000911712992273328,0.0,0.0,0.0,18.0,0.0
2021-08-15,12445.736561689399,0.0023957738180748755,30.914890000000028,0.0,0.0,1.1689846600531,1206.43688,6.0,0.0,0.0,0.0,0.0,18.0,0.0
2021-08-16,12407.12883156157,-0.0031020847931709783,-37.102230000000006,0.0,0.0,1.5055001278310995,1169.33465,6.0,-0.0031020847931709783,0.0,0.0,0.0,18.0,0.0
2021-08-17,12382.40764043452,-0.001992498946586485,-23.536469999999994,0.165726249135,0.16569945000000003,0.8532954279222,1252.9947200000001,6.0,-0.005088402839074968,0.0,0.0,0.0,18.0,0.0
2021-08-18,12399.268838787722,0.00136170596565921,17.67036749999999,0.23917951044562502,0.23923438875000003,0.3307552476,1051.1518700000001,5.0,-0.0037336257819174934,0.0,0.0,0.0,18.0,0.0
2021-08-19,12438.501924797316,0.0031641451217561123,40.28353000000002,0.31550174886,0.31552244,0.4194198015499,1008.6708399999999,6.0,-0.0005812943939655923,0.0,0.0,0.0,17.0,0.0
2021-08-20,12490.139656139067,0.004151442967485153,53.46532000000003,0.3643317176525,0.364286995,1.0989699455979,1241.02677,6.0,0.0,0.0,0.0,0.0,18.0,0.0
2021-08-21,12467.875665956708,-0.0017825253195961066,-20.884460000000026,0.0,0.0,1.3795301823580999,1220.1423100000002,6.0,-0.0017825253195961066,0.0,0.0,0.0,18.0,0.0
2021-08-22,12482.111505716051,0.0011418015498994016,15.76633999999996,0.18358016496250001,0.183610475,1.1633096006947998,1114.6685,6.0,-0.0006427590598692134,0.0,0.0,0.0,18.0,0.0
2021-08-23,12543.024503193988,0.004880023500033914,62.45872000000002,0.02037604688000001,0.020386240000000003,1.5049602351846,1136.3547399999998,6.0,0.0,0.0,0.0,0.0,18.0,0.0
2021-08-24,12459.867345721308,-0.006629753250621873,-80.82498000000005,0.1859461254375,0.18591527500000002,1.9603160722404,1178.93151,6.0,-0.006629753250621873,0.0,0.0,0.0,18.0,0.0
2021-08-25,12525.1130087228,0.0052364653002423545,66.38110138074197,0.3039771883947723,0.304000988450547,0.5274602024042189,1150.112388281836,6.0,-0.0014280044232256595,0.0,0.0,0.0,18.0,0.0
2021-08-26,12451.1337851799,-0.005906471541724079,-73.35109419067157,0.0,0.0,0.6281293522261223,1076.7612940911645,6.0,-0.007326041497462521,0.0,0.0,0.0,18.0,0.0
2021-08-27,12546.65035476953,0.007671315017377722,96.04470581976226,0.21795956687205306,0.2180075352896979,0.09216912797470914,980.9323293315309,6.0,0.0,0.0,0.0,0.0,18.0,0.0
2021-08-28,12567.987819797823,0.001700650326976083,22.097926020632514,0.0,0.0,0.7604609923397061,1003.0302553521634,6.0,0.0,0.0,0.0,0.0,18.0,0.0
2021-08-29,12556.679452346789,-0.0008997754941503233,-10.413870212265625,0.021364312500000003,0.021375,0.8517579262694023,949.8663851398978,6.0,-0.0008997754941503233,0.0,0.0,0.0,18.0,0.0
2021-08-30,12548.494240017191,-0.0006518612154320369,-7.156290096979298,0.0,0.0,1.0289222326171945,942.7100950429185,6.0,-0.001551050180835234,0.0,0.0,0.0,18.0,0.0
2021-08-31,12528.197660591333,-0.001617451388002511,-18.864210571732315,0.19070687529000002,0.19070818,1.0509537988387796,918.6270444711862,6.0,-0.0031659928205699517,0.0,0.0,0.0,18.0,0.0
2021-09-01,12574.484237998859,0.0036945918847628434,47.92005386556496,0.35803771936,0.35803483999999997,0.9174038986794048,978.0645383367512,6.0,0.0,0.0,0.0,0.0,18.0,0.0
2021-09-02,12592.263829383102,0.0014139419993477453,19.85727907201686,0.0,0.0,2.0776876877686434,997.921817408768,6.0,0.0,0.0,0.0,0.0,18.0,0.0
2021-09-03,12630.02493661815,0.002998754453264807,39.55300168872629,0.0,0.0,1.7918944536759993,1037.4748190974944,6.0,0.0,0.0,0.0,0.0,18.0,0.0
2021-09-04,12622.594225562532,-0.0005883370058973325,-4.825849605403026,0.20238541196249998,0.20236152500000001,2.2001145132567346,1128.1968194920912,6.0,-0.0005883370058973325,0.0,0.0,0.0,18.0,0.0
2021-09-05,12647.730392711595,0.001991363003506663,27.58289746196279,0.13766149572028852,0.13765423347702702,2.171414583707376,1184.8286899999998,6.0,0.0,0.0,0.0,0.0,18.0,0.0
2021-09-06,12660.808286137953,0.0010340110850159956,15.639700000000051,0.19818465705,0.1981649,2.165457016594,1279.4965900000002,6.0,0.0,0.0,0.0,0.0,18.0,0.0
2021-09-07,12494.825984870444,-0.013109929280679555,-163.8335514233138,0.447343795498699,0.4475675792883431,1.2538384694134002,220.52788,1.0,-0.013109929280679555,0.0,0.0,0.0,18.0,0.0
2021-09-08,12518.306803082975,0.0018792433156702426,24.556369999999983,0.35869532803500004,0.3585160700000001,0.35834038943450003,962.11639,6.0,-0.011255322711978932,0.0,0.0,0.0,13.0,0.0
2021-09-09,12522.62447281713,0.0003449084450535267,5.218465899989822,0.30122367210650236,0.3012583302863592,0.2983141634369436,828.7021364727082,6.0,-0.010914296322780515,0.0,0.0,0.0,18.0,0.0
2021-09-10,12527.663807206885,0.000402418390864856,5.34481424877773,0.0,0.0,0.30547985902203284,834.0469507214859,6.0,-0.010516270045479281,0.0,0.0,0.0,18.0,0.0
2021-09-11,12532.01778405571,0.00034754898565525494,4.83332602457236,0.12047263290000003,0.12050820000000001,0.2383683428490254,696.6118767460582,6.0,-0.010172375978811155,0.0,0.0,0.0,18.0,0.0
2021-09-12,12553.289284615723,0.0016973723566748866,21.666573384144606,0.045591203780000006,0.045585440000000005,0.3038961803516259,741.3335701302028,6.0,-0.008492269931924534,0.0,0.0,0.0,18.0,0.0
2021-09-13,12517.431984358367,-0.002856406750802676,-35.68721881468427,0.0,0.0,0.1700814426721423,705.6463513155186,6.0,-0.011324419305564049,0.0,0.0,0.0,18.0,0.0
2021-09-14,12515.392855493623,-0.00016290313119271538,-1.8022102518024044,0.01578106552,0.015788959999999998,0.2053485874216352,672.2662210637161,6.0,-0.011485477653393028,0.0,0.0,0.0,18.0,0.0
2021-09-15,12551.61086782585,0.0028938773836675313,36.68255278564153,0.09908709522,0.09908604,0.2663673181912033,713.1696538493577,6.0,-0.008624837833747234,0.0,0.0,0.0,18.0,0.0
2021-09-16,12551.007476965462,-4.807278258878167e-05,-0.11699278025461801,0.0,0.0,0.4863980801312028,713.0526610691031,6.0,-0.00867249599638198,0.0,0.0,0.0,18.0,0.0
2021-09-17,12519.216494259901,-0.0025329426951506973,-31.342037128228025,0.05197208845625001,0.051998087500000005,0.3449754013763504,577.7144489408751,5.0,-0.011183471756149865,0.0,0.0,0.0,18.0,0.0
2021-09-18,12543.740778986394,0.001958931274791631,24.880126105488788,0.05735439974999999,0.057337299999999994,0.24114967924726782,670.9935750463638,6.0,-0.009246448133942153,0.0,0.0,0.0,17.0,0.0
2021-09-19,12533.831815075355,-0.0007899528606042372,-9.642443119735205,0.0,0.0,0.2665207913028884,661.3511319266286,6.0,-0.010029096736392629,0.0,0.0,0.0,18.0,0.0
2021-09-20,12429.616270058496,-0.008314739383331382,-103.91501563815922,0.04615995662016257,0.046183048144234684,0.20818637393502934,465.07002,5.0,-0.018260446794110652,0.0,0.0,0.0,18.0,0.0
2021-09-21,12392.131103814398,-0.003015794327810073,-37.085744796482984,0.12368127659429944,0.12366558787036425,0.15207458314814568,490.73917094424553,6.0,-0.021221171370055747,0.0,0.0,0.0,17.0,0.0
2021-09-22,12493.987966236407,0.008219479084647263,102.05993999999998,0.05227339152938672,0.052277685472122776,0.09852650098357711,575.62334,6.0,-0.013176119259636354,0.0,0.0,0.0,18.0,0.0
2021-09-23,12521.546458623427,0.002205740269759504,27.920739999999995,0.1011797060025,0.10116340500000001,0.15990450198120001,668.7480899999999,6.0,-0.010999442086726985,0.0,0.0,0.0,18.0,0.0
2021-09-24,12512.067113337294,-0.0007570426957609344,-9.28679999999999,0.0,0.0,0.19254528613449998,659.46129,6.0,-0.011748157735198661,0.0,0.0,0.0,18.0,0.0
2021-09-25,12490.711744433574,-0.0017067818379071786,-21.135740000000016,0.013621735725000002,0.013628550000000001,0.192378618,611.06845,6.0,-0.013434888030854575,0.0,0.0,0.0,18.0,0.0
2021-09-26,12482.584533115982,-0.0006506603854031789,-7.761919999999996,0.09471393185,0.0947093,0.17586808574450002,621.8339299999999,6.0,-0.014076806866833658,0.0,0.0,0.0,18.0,0.0
2021-09-27,12467.671070189981,-0.0011947415926913951,-14.726930000000012,0.0,0.0,0.18653292600000002,607.107,6.0,-0.015254730312869058,0.0,0.0,0.0,18.0,0.0
2021-09-28,12422.547807728926,-0.0036192214413599544,-44.94850000000001,0.0,0.0,0.1747624610558,562.1585,6.0,-0.018818741507198533,0.0,0.0,0.0,18.0,0.0
2021-09-29,12439.22754639594,0.0013426986899285343,16.814500000000024,0.0,0.0,0.13476133298589998,578.973,6.0,-0.017501310716837692,0.0,0.0,0.0,18.0,0.0
2021-09-30,12460.432240085938,0.00170466322051821,21.378390000000014,0.0,0.0,0.17369631,600.35139,6.0,-0.015826481337009368,0.0,0.0,0.0,18.0,0.0
2021-10-01,12538.522849056788,0.006267086684170309,78.36651999999998,0.08621358031,0.08621938000000001,0.10347806883440001,655.51915,6.0,-0.009658580583283394,0.0,0.0,0.0,18.0,0.0
2021-10-02,12557.137839355099,0.0014846238685692903,18.76544000000001,0.0,0.0,0.150449701692,674.28459,6.0,-0.008188296073984636,0.0,0.0,0.0,18.0,0.0
2021-10-03,12606.795100074864,0.003954504709196893,49.606409999999954,0.0,0.0,-0.05085071976000002,723.8910000000001,6.0,-0.004266172020172543,0.0,0.0,0.0,18.0,0.0
2021-10-04,12579.667886276533,-0.0021517930277275,-27.353059999999996,0.015510241000000003,0.015518,-0.25687444266899995,665.50194,6.0,-0.006408785128691918,0.0,0.0,0.0,18.0,0.0
2021-10-05,12560.690440689788,-0.0015085808113779464,-18.780188427371243,0.11434020106524811,0.1143303495904529,-0.03141339128466502,686.1276507535345,6.0,-0.007907697769800492,0.0,0.0,0.0,18.0,0.0
2021-10-06,12545.562005654097,-0.001204427026294863,-15.023378785960261,0.0,0.0,0.10505624973607593,671.1042719675743,6.0,-0.009102600551185724,0.0,0.0,0.0,18.0,0.0
2021-10-07,12580.480545828612,0.0027833380568185184,35.76741132011493,0.26672848331,0.26670296000000004,0.3154397022942095,808.9649232876891,6.0,-0.006344598108897204,0.0,0.0,0.0,18.0,0.0
2021-10-08,12583.357257840138,0.0002286647160294475,3.2418622782043505,0.0,0.0,0.3651502666815314,812.2067855658935,6.0,-0.006117384178592644,0.0,0.0,0.0,18.0,0.0
2021-10-09,12580.284480830815,-0.0002441937351345125,-2.797139112584589,0.0,0.0,0.2756378967377753,809.4096464533089,6.0,-0.006360084086835305,0.0,0.0,0.0,18.0,0.0
2021-10-10,12533.48357128726,-0.0037201789526197793,-46.13661264614745,0.0,0.0,0.6642968974090614,763.2730338071615,6.0,-0.01005660238849837,0.0,0.0,0.0,18.0,0.0
2021-10-11,12562.509080450103,0.0023158373326741533,29.293956185628012,0.09976353322,0.09975806000000001,0.06892542955939043,814.4598699927894,6.0,-0.0077640545110754244,0.0,0.0,0.0,18.0,0.0
2021-10-12,12548.008683886348,-0.0011542595886613327,-14.419002826566103,0.0287643800025,0.028750005000000002,0.023879352188555476,857.5408771662234,6.0,-0.008909352365370493,0.0,0.0,0.0,18.0,0.0
2021-10-13,12545.121310065095,-0.00023010613827201265,-2.742456272167898,0.0,0.0,0.1449175490833248,854.7984208940554,6.0,-0.00913740840697519,0.0,0.0,0.0,18.0,0.0
2021-10-14,12549.777348546255,0.0003711433605209091,5.545363809281394,0.2490154030529926,0.24899881735166846,0.3913111077118337,926.68659,6.0,-0.008769656334916887,0.0,0.0,0.0,18.0,0.0
2021-10-15,12551.170603955525,0.00011101833686555374,2.1658360000000147,0.109846689502,0.109845304,0.55288859723196,934.394434,6.0,-0.00865961159071249,0.0,0.0,0.0,18.0,0.0
2021-10-16,12557.071146010803,0.0004701188631297537,6.910303999999996,0.09327727525499999,0.09327451,0.82321015946814,952.365758,6.0,-0.008193563774338997,0.0,0.0,0.0,18.0,0.0
2021-10-17,12575.636682890532,0.0014784926089732586,19.383319999999998,0.0139144143125,0.013921375000000001,0.7899473309588002,943.906328,6.0,-0.006727185288847193,0.0,0.0,0.0,18.0,0.0
2021-10-18,12571.06531950826,-0.0003635094983692744,-3.982509999999982,0.0,0.0,0.5888533822720001,939.9238180000001,6.0,-0.007088249391466683,0.0,0.0,0.0,18.0,0.0
2021-10-19,12589.772859970833,0.0014881428094675186,18.72641999999999,0.0,0.0,0.01887953742750002,958.650238,6.0,-0.0056106549093627445,0.0,0.0,0.0,18.0,0.0
2021-10-20,12629.022350619538,0.0031175694021849942,39.756136000000026,0.0,0.0,0.5066453512989202,998.406374,6.0,-0.0025105771132493127,0.0,0.0,0.0,18.0,0.0
2021-10-21,12589.256895820536,-0.003148735800364788,-37.48950000000004,0.344540361749,0.34448026200000004,1.5869341752564603,1201.31587,6.0,-0.005651407769578065,0.0,0.0,0.0,18.0,0.0
2021-10-22,12616.109485385916,0.002132976536072917,27.677699999999984,0.0,0.0,0.8251104346173,1228.99357,6.0,-0.0035304855536733015,0.0,0.0,0.0,18.0,0.0
2021-10-23,12625.984094960317,0.0007826984686396532,10.588350000000009,0.03035195643,0.03036714,0.6530213291722999,1178.84764,6.0,-0.002750550390670181,0.0,0.0,0.0,18.0,0.0
2021-10-24,12630.02891599745,0.00032035689311138427,5.475316000000003,0.1166137921115,0.11661822300000001,1.1972629477597603,1166.599402,6.0,-0.0024310746553363183,0.0,0.0,0.0,18.0,0.0
2021-10-25,12702.950670374394,0.005773680714584728,74.05732800000004,0.0,0.0,1.1355736230570002,1240.6567300000002,6.0,0.0,0.0,0.0,0.0,18.0,0.0
2021-10-26,12702.736695319118,-1.6844515957625816e-05,1.3782330000000087,0.20634909428124998,0.2063864375,1.1794725234942003,1092.662088,6.0,-1.6844515957625816e-05,0.0,0.0,0.0,18.0,0.0
2021-10-27,12722.502052513293,0.0015559920407905992,19.658663999999973,0.0,0.0,-0.10669319417944004,1112.320752,6.0,0.0,0.0,0.0,0.0,18.0,0.0
2021-10-28,12733.102937275953,0.0008332389901690718,10.470030999999985,0.15689588792500003,0.15690035000000002,-0.44465000058469006,1104.942483,6.0,0.0,0.0,0.0,0.0,18.0,0.0
2021-10-29,12760.49271435397,0.002151068534743006,28.164382454087587,0.22076302021979644,0.2207751883806061,0.3330671674663337,1084.4342222153,6.0,0.0,0.0,0.0,0.0,18.0,0.0
2021-10-30,12712.123038827718,-0.0037905805527275183,-47.47049678891033,0.2076027856,0.20757920000000002,0.4839967517434756,1131.3061254263896,6.0,-0.0037905805527275183,0.0,0.0,0.0,18.0,0.0
2021-10-31,12697.045644828197,-0.0011860641966310315,-14.549204789311904,0.20240148918250003,0.202428275,0.12335944602492127,1009.6136506370776,5.0,-0.004972148877480542,0.0,0.0,0.0,18.0,0.0
2021-11-01,12716.127257176358,0.001502838761230585,19.188657337185944,0.054207734822250005,0.05418064450000001,-0.001343390296866795,1137.1635969742636,6.0,-0.0034767824543096015,0.0,0.0,0.0,17.0,0.0
2021-11-02,12744.072919453916,0.0021976551281983614,29.029528848637465,0.16512908695,0.1651241,0.7536133841301034,1186.140925822901,6.0,-0.0012867680949014693,0.0,0.0,0.0,18.0,0.0
2021-11-03,12754.085443170987,0.0007856612073984248,10.826368883689042,0.18215527343386834,0.182153518853295,0.4495363743296013,1203.985617,6.0,-0.0005021178512782942,0.0,0.0,0.0,18.0,0.0
2021-11-04,12767.331592807612,0.0010385809077135821,14.075343753496465,0.13670159006305205,0.13667826156077167,0.5558142652480645,1311.37496987504,6.0,0.0,0.0,0.0,0.0,18.0,0.0
2021-11-05,12768.454824240514,8.797699227414135e-05,1.3766629405371704,0.0,0.0,0.2534315076334406,1312.751632815577,6.0,0.0,0.0,0.0,0.0,18.0,0.0
2021-11-06,12816.479318225942,0.0037611829032166977,48.080333944964295,0.0,0.0,0.055839959536901254,1360.8319667605415,6.0,0.0,0.0,0.0,0.0,18.0,0.0
2021-11-07,12822.877103256245,0.0004991842823174331,6.522101495120321,0.0,0.0,0.12431646481328709,1367.3540682556618,6.0,0.0,0.0,0.0,0.0,18.0,0.0
2021-11-08,12846.61417386758,0.0018511501295841448,24.66072557249229,0.0,0.0,0.9236549611610902,1392.0147938281539,6.0,0.0,0.0,0.0,0.0,18.0,0.0
2021-11-09,12799.0028742851,-0.003706136024488882,-45.874434833886745,0.38179193331238503,0.38178108949713363,0.9732917257858762,1389.5156200000001,6.0,-0.003706136024488882,0.0,0.0,0.0,18.0,0.0
2021-11-10,12756.914139327073,-0.003288438589430176,-40.56088999999998,0.08883106225000002,0.08887550000000001,1.3501383957746,1171.20373,5.0,-0.006982387213198438,0.0,0.0,0.0,16.0,0.0
2021-11-11,12787.588670393456,0.002404541625926626,31.78007799999999,0.400886452368,0.40083935600000004,0.30382112524512,1391.36928,6.0,-0.004594635027974414,0.0,0.0,0.0,17.0,0.0
2021-11-12,12756.162318936065,-0.0024575666505562976,-31.14419800000001,0.0,0.0,0.2821534573876201,1360.225082,6.0,-0.007040910056714478,0.0,0.0,0.0,18.0,0.0
2021-11-13,12778.856893995066,0.0017791067949417538,23.20629100000003,0.1590932022375,0.15909847500000002,0.19352426376032,1362.3403230000001,6.0,-0.005274329792697041,0.0,0.0,0.0,18.0,0.0
2021-11-14,12802.726217559255,0.0018678762711088481,24.307366999999967,0.1273335892875,0.127348425,0.18336142152030005,1327.30484,6.0,-0.003416305317053947,0.0,0.0,0.0,18.0,0.0
2021-11-15,12766.258837273743,-0.0028484074146252203,-35.379629999999985,0.165048301365,0.16507683,0.7576251541473,1177.81067,6.0,-0.006254981702283446,0.0,0.0,0.0,18.0,0.0
2021-11-16,12699.667413093497,-0.005216205078485303,-65.549610947,0.3895709790667369,0.38971196952650006,0.26253028465270006,548.29922,4.0,-0.011438559513447522,0.0,0.0,0.0,18.0,0.0
2021-11-17,12727.284594873778,0.002174638191847933,28.411890000000007,0.30887476022250004,0.308835145,0.1769983144988,735.172,6.0,-0.009288796049977122,0.0,0.0,0.0,16.0,0.0
2021-11-18,12710.406911970776,-0.001326102420134423,-16.65713999999997,0.0,0.0,0.220542903,718.51486,6.0,-0.01060258057518959,0.0,0.0,0.0,18.0,0.0
2021-11-19,12777.805187733367,0.005302605670249205,67.92882999999996,0.15786928040999998,0.15787026,0.21481469700000003,782.5253299999999,6.0,-0.005356196208817665,0.0,0.0,0.0,18.0,0.0
2021-11-20,12783.463378718518,0.00044281399677159605,5.91968000000003,0.014486428162500002,0.014493675,0.2325089116896,759.45766,6.0,-0.00491575401069666,0.0,0.0,0.0,18.0,0.0
2021-11-21,12742.538198979477,-0.00320141565134624,-40.32453000000004,0.1432289954925,0.14324341499999999,0.3141773285502,661.4551,6.0,-0.008101432290214872,0.0,0.0,0.0,18.0,0.0
2021-11-22,12798.866503781843,0.0044204933053979545,56.54694000000001,0.0,0.0,0.2186351976256,718.00204,6.0,-0.0037167513120199835,0.0,0.0,0.0,18.0,0.0
2021-11-23,12824.993411153268,0.0020413454084942106,26.384980000000034,0.0,0.0,0.258072628575,744.38702,6.0,-0.001682993076751127,0.0,0.0,0.0,18.0,0.0
2021-11-24,12908.413476462118,0.006504491864791406,83.97156,0.0,0.0,0.5514946911484001,828.3585800000001,6.0,0.0,0.0,0.0,0.0,18.0,0.0
2021-11-25,12903.342782973841,-0.0003928208139228895,-4.4863400000000215,0.02239681599,0.02240802,0.5395486522822,779.0561999999999,6.0,-0.0003928208139228895,0.0,0.0,0.0,18.0,0.0
2021-11-26,12824.714856921057,-0.006093609026378455,-77.79656999999999,0.14182930695,0.1418171,0.5477096458348,750.08743,6.0,-0.006484036143843852,0.0,0.0,0.0,18.0,0.0
2021-11-27,12827.97687972807,0.0002543544120401364,3.6680788405410043,0.0978624595151193,0.09785494329347257,0.21033863071698905,783.8203954274861,6.0,-0.006231330975004723,0.0,0.0,0.0,18.0,0.0
2021-11-28,12867.791090072153,0.0031037014423529463,40.041523643490954,0.0,0.0,0.22731329940926118,823.8619190709771,6.0,-0.0031469697235867455,0.0,0.0,0.0,18.0,0.0
2021-11-29,12873.722241661424,0.0004609300499016644,6.20103114260449,0.03420121583750001,0.034218325,0.20146001249621662,761.6263002135817,6.0,-0.0026874902065967543,0.0,0.0,0.0,18.0,0.0
2021-11-30,12858.324861611054,-0.0011960317118340225,-15.20287807762267,0.0,0.0,0.1945019727480898,746.423422135959,6.0,-0.0038803075949184196,0.0,0.0,0.0,18.0,0.0
2021-12-01,12850.167056832986,-0.000634437600999127,-7.541325363384358,0.15874052210459416,0.15872262338628731,0.29901626919045743,810.47697,6.0,-0.0045122833828759035,0.0,0.0,0.0,18.0,0.0
2021-12-02,12835.042961595296,-0.0011769570909700988,-14.468806548174218,0.1799423499579352,0.1799339514821941,0.29541238807667763,829.6020664162139,6.0,-0.005683929709922042,0.0,0.0,0.0,18.0,0.0
2021-12-03,12799.829370138412,-0.002743550727664079,-34.597595525095414,0.12875016601277542,0.1287345122166671,0.35851125356030056,857.6196553244528,6.0,-0.008411886288094528,0.0,0.0,0.0,18.0,0.0
2021-12-04,12677.945128227973,-0.009522333336317024,-120.91944812704917,0.41432312227940243,0.41448632859870177,0.13598433251373918,83.87493,1.0,-0.01785411883918908,0.0,0.0,0.0,18.0,0.0
2021-12-05,12642.681042919257,-0.0027815300470261928,-34.251589786657775,0.43753046982084354,0.43735375131518595,0.13761130092607438,756.4973628437141,6.0,-0.02058598711820092,0.0,0.0,0.0,13.0,0.0
2021-12-06,12670.657304442813,0.0022128424681902015,28.031008677775837,0.0,0.0,0.05474715422033999,784.5283715214898,6.0,-0.018418698196555394,0.0,0.0,0.0,18.0,0.0
2021-12-07,12675.584450378874,0.00038886269415039365,4.709355974087895,0.0,0.0,-0.21778996197467548,789.2377274955778,6.0,-0.018036997847008518,0.0,0.0,0.0,18.0,0.0
2021-12-08,12707.544009238421,0.002521347949253183,32.00485351088713,0.0,0.0,0.04529465133534823,821.242581006465,6.0,-0.015561127445287704,0.0,0.0,0.0,18.0,0.0
2021-12-09,12631.488453841752,-0.005985071178299828,-76.00086953792405,0.0,0.0,0.054685858745208364,745.241711468541,6.0,-0.02145306416821291,0.0,0.0,0.0,18.0,0.0
2021-12-10,12596.288363847787,-0.0027866937552604165,-35.32593677355893,0.0,0.0,-0.12584677959128943,709.915774694982,6.0,-0.024179974803524518,0.0,0.0,0.0,18.0,0.0
2021-12-11,12613.867902619393,0.0013956126014120773,17.64180816040401,0.0898070745025,0.08981865500000001,-0.11735634070859234,681.235592855386,6.0,-0.022818108079650123,0.0,0.0,0.0,18.0,0.0
2021-12-12,12625.71935380382,0.0009395572615726877,11.755005429223695,0.022387480810441885,0.022398680150517145,-0.14123191616401018,648.1932379835754,6.0,-0.02189998973721885,0.0,0.0,0.0,18.0,0.0
2021-12-13,12548.353058425482,-0.006127674250499537,-77.30146671094651,0.0511179215104345,0.05114349325706303,-0.03743274738105126,468.6047847585028,5.0,-0.027893467984519416,0.0,0.0,0.0,18.0,0.0
2021-12-14,12575.825640420317,0.0021893376658213004,27.58450923575519,0.07426316146313769,0.07424426627999768,-0.0365801868240441,571.7700265542534,6.0,-0.025765198538787115,0.0,0.0,0.0,17.0,0.0
2021-12-15,12601.539328428613,0.002044691835234147,25.83431788375547,0.03797593541656805,0.03799493288300956,0.04465900715820504,521.6144786719897,6.0,-0.023773188594638284,0.0,0.0,0.0,18.0,0.0
2021-12-16,12593.884365040836,-0.0006074625637605413,-7.477452638218814,0.037865757650000005,0.03788469999999999,0.10176029190973171,438.3676260337709,5.0,-0.02436620983630644,0.0,0.0,0.0,16.0,0.0
2021-12-17,12596.609646350855,0.00021639719970623084,2.8568048222402807,0.0,0.0,0.13152351222389222,441.22443085601117,5.0,-0.02415508541617628,0.0,0.0,0.0,15.0,0.0
2021-12-18,12630.478817883404,0.0026887529647598996,33.950541361602795,0.0,0.0,0.08136982905121799,475.174972217614,5.0,-0.02153127950894307,0.0,0.0,0.0,15.0,0.0
2021-12-19,12630.375323510321,-8.194018182194895e-06,-0.22213541586009278,0.022123578416559972,0.022134645739429686,-0.16289926693727652,430.6835453228945,5.0,-0.021539297099429477,0.0,0.0,0.0,15.0,0.0
2021-12-20,12630.741953126531,2.9027610567222695e-05,0.3281020629126541,0.021990587917215528,0.02197959811815645,-0.082497739333278,474.97084362212007,5.0,-0.021510894723190233,0.0,0.0,0.0,15.0,0.0
2021-12-21,12660.497589942628,0.0023558106821057745,29.52137205372079,0.0685034527975,0.06849840500000001,-0.3712666201695192,524.6834056758408,5.0,-0.01920575963665494,0.0,0.0,0.0,15.0,0.0
2021-12-22,12664.805163036008,0.0003402372665670672,4.050420531292643,0.0,0.0,-0.25715256209057985,528.7338262071336,5.0,-0.018872056885249178,0.0,0.0,0.0,15.0,0.0
2021-12-23,12720.87408274854,0.00442714427823776,55.86122000369237,0.0,0.0,-0.20769970883914984,584.5950462108258,5.0,-0.014528461925669367,0.0,0.0,0.0,15.0,0.0
2021-12-24,12696.521794815317,-0.00191435649585181,-24.43686992329387,0.04685411535,0.0468307,-0.1782668054192247,653.819576287532,5.0,-0.016415005766059143,0.0,0.0,0.0,15.0,0.0
2021-12-25,12736.391156588623,0.0031401798396146763,39.90750197421584,0.13231159005,0.1323105,-0.22648188914327855,698.0872782617479,5.0,-0.013326371996618236,0.0,0.0,0.0,15.0,0.0
2021-12-26,12764.847324143866,0.0022342410189344353,28.39633515137821,0.009378937124999999,0.00937425,-0.07858559099066674,745.2321134131261,5.0,-0.011121905304632307,0.0,0.0,0.0,15.0,0.0
2021-12-27,12715.344984722538,-0.0038780204858147593,-49.5649094302035,0.013519906574999999,0.01351315,-0.08960306545150962,722.6935039829226,5.0,-0.014956794813834495,0.0,0.0,0.0,15.0,0.0
2021-12-28,12654.35625056715,-0.004796467121314096,-60.7401100466991,0.05505251249999999,0.055025,0.13854659618230133,772.0033939362235,6.0,-0.01968152216058372,0.0,0.0,0.0,17.0,0.0
2021-12-29,12657.212670375213,0.00022572620459726522,2.9989664556135054,0.0,0.0,0.14254664754930538,775.002360391837,6.0,-0.01946023859128443,0.0,0.0,0.0,18.0,0.0
2021-12-30,12670.412363527324,0.001042859395339546,13.432679473059927,0.030411712223401548,0.03039651396641834,0.17217809475545334,849.2280677977336,6.0,-0.018437673488595374,0.0,0.0,0.0,18.0,0.0
2021-12-31,12667.957877308118,-0.00019371794293554512,-2.30424604838368,0.0,0.0,0.15024017082495322,846.92382174935,6.0,-0.018627819723350147,0.0,0.0,0.0,18.0,0.0
2022-01-01,12711.188207649444,0.003412572946643877,43.338552240684656,0.0,0.0,0.10822189935792377,890.2623739900346,6.0,-0.015278815570349158,0.0,0.0,0.0,18.0,0.0
2022-01-02,12688.11806754923,-0.0018149475661394243,-22.606258051666416,0.11309951497500001,0.11308815,0.23769438357480427,913.1160159383682,6.0,-0.017066032887355642,0.0,0.0,0.0,18.0,0.0
2022-01-03,12723.94448409251,0.0028236194172017726,36.07079349133117,0.0,0.0,0.24437694805544058,949.1868094296992,6.0,-0.014290601451989349,0.0,0.0,0.0,18.0,0.0
2022-01-04,12714.376768419972,-0.0007519457259892448,-9.320011492343125,0.0403662785406964,0.04038647177658469,0.16695142987706263,859.0938543841868,6.0,-0.0150318014212949,0.0,0.0,0.0,18.0,0.0
2022-01-05,12662.030727537262,-0.004117074854406377,-51.8733923374258,0.10743293742004716,0.10748668076042737,0.2577289271022885,592.2471005259063,4.0,-0.019086989224053275,0.0,0.0,0.0,18.0,0.0
2022-01-06,12671.88622739374,0.0007783506507408333,10.56720021982238,0.2741122545411555,0.27407781322255903,0.16351029558162586,740.5795751320012,6.0,-0.018323494943795704,0.0,0.0,0.0,16.0,0.0
2022-01-07,12614.089134163982,-0.004561048938777068,-57.58251335835975,0.04715978715926344,0.047183378848687785,0.12023670539135352,588.6303040762658,5.0,-0.02280096952540467,0.0,0.0,0.0,18.0,0.0
2022-01-08,12565.926981277156,-0.0038181237166291515,-47.86042990143176,0.05950124448671826,0.05948180639248746,0.18273993451133405,618.5222510980933,6.0,-0.02653203631952672,0.0,0.0,0.0,17.0,0.0
2022-01-09,12578.696098744012,0.0010161699559356752,12.986166266476046,0.119059281445,0.11906899000000001,-0.021079471825980724,592.6741973645693,6.0,-0.02554282742176872,0.0,0.0,0.0,18.0,0.0
2022-01-10,12585.867222243602,0.000570100703864318,7.4815758318630365,0.15580504509533585,0.15581204591829498,-0.001164758740219039,572.1524813598423,5.0,-0.02498728870179623,0.0,0.0,0.0,18.0,0.0
2022-01-11,12626.322303020015,0.003214326042222604,40.627017546413654,0.033357170250000005,0.0333405,0.10523909975018281,679.4604989062561,6.0,-0.021853279952372295,0.0,0.0,0.0,17.0,0.0
2022-01-12,12656.009261187712,0.0023511959741908672,29.585097819372805,0.0,0.0,-0.10186034832281833,709.0455967256289,6.0,-0.019553465322028396,0.0,0.0,0.0,18.0,0.0
2022-01-13,12657.311644394384,0.00010290630954790103,1.4222958172484876,0.020600795249999998,0.020590499999999998,0.07872131532456952,751.6488925428773,6.0,-0.019452571187435708,0.0,0.0,0.0,18.0,0.0
2022-01-14,12681.253668316125,0.0018915568008743833,24.27259599753628,0.11018401935580407,0.11019293223968421,0.11019512419676167,740.2699530197821,6.0,-0.017597810029885363,0.0,0.0,0.0,18.0,0.0
2022-01-15,12678.836303384069,-0.00019062507503464499,-2.464810838900561,0.0,0.0,-0.0474459068423918,737.8051421808815,6.0,-0.017785080521062646,0.0,0.0,0.0,18.0,0.0
2022-01-16,12709.131169586915,0.00238940431739465,30.40804726655716,0.0,0.0,0.113181063710432,768.2131894474387,6.0,-0.015438171951850155,0.0,0.0,0.0,18.0,0.0
2022-01-17,12631.305476524982,-0.006123604518943893,-77.73405395733245,0.0,0.0,0.09163910460282061,690.4791354901062,6.0,-0.021467239211265476,0.0,0.0,0.0,18.0,0.0
2022-01-18,12621.41543215208,-0.0007829787975028868,-9.247505545677196,0.23502951921215037,0.23500403562996536,0.17250527238587604,783.1659586844983,6.0,-0.022233409615625144,0.0,0.0,0.0,18.0,0.0
2022-01-19,12571.11108938231,-0.0039856340233935805,-50.41918979818771,0.0,0.0,-0.11484702842172861,732.7467688863106,6.0,-0.026130429405198607,0.0,0.0,0.0,18.0,0.0
2022-01-20,12545.382247292982,-0.0020466641258988227,-25.73238542317247,0.06320915212570352,0.0632407725119595,-0.12999325848552562,580.5328384392192,5.0,-0.02812361331863944,0.0,0.0,0.0,18.0,0.0
2022-01-21,12459.524646854945,-0.0068437612139370385,-85.31836972667523,0.2080868287340938,0.20814374435627195,0.12300013827103314,267.55198,3.0,-0.03477490323855059,0.0,0.0,0.0,17.0,0.0
2022-01-22,12420.023214175812,-0.0031703803956200094,-38.98249005685041,0.24997180714326964,0.24997476974836877,0.018996045388256014,216.71906954666326,4.0,-0.037835033962683506,0.0,0.0,0.0,15.0,0.0
2022-01-23,12448.615211837703,0.0023020889066662775,28.364930712721684,0.0792128888755656,0.0791977704958135,-0.38547760854252394,305.5575192677579,6.0,-0.03562004466798607,0.0,0.0,0.0,16.0,0.0
2022-01-24,12438.72238512201,-0.00079469294755663,-10.198548907847554,0.0,0.0,-0.30572219215501767,295.3589703599104,6.0,-0.03638643061725344,0.0,0.0,0.0,18.0,0.0
2022-01-25,12448.695087010903,0.0008017464800742502,9.713768494295934,0.021589436015761528,0.02158912605273516,-0.30211195666379254,306.3125909596767,6.0,-0.03561385682984897,0.0,0.0,0.0,18.0,0.0
2022-01-26,12432.033157648346,-0.0013384478651053966,-16.86716188155045,0.00605347175,0.0060565,-0.2173424907437764,277.3324290781262,6.0,-0.03690463740431227,0.0,0.0,0.0,18.0,0.0
2022-01-27,12415.4520013029,-0.0013337445400268821,-16.90636318487345,0.0,0.0,-0.32520683942133355,260.42606589325277,6.0,-0.03818916058569943,0.0,0.0,0.0,18.0,0.0
2022-01-28,12416.253786146,6.457959347883069e-05,0.7271470540566156,0.0,0.0,-0.07463778904444603,261.1532129473094,6.0,-0.03812704723268645,0.0,0.0,0.0,18.0,0.0
2022-01-29,12418.257252698495,0.00016135837644770668,1.939560994117397,0.006519027264977393,0.006522288409181983,-0.07694687405010736,250.0481971230628,6.0,-0.03797184097467898,0.0,0.0,0.0,18.0,0.0
2022-01-30,12405.03228091027,-0.0010649619764762086,-13.312639872059728,0.0,0.0,-0.08766808383237165,236.73555725100306,6.0,-0.0389963643843404,0.0,0.0,0.0,18.0,0.0
2022-01-31,12413.99377356058,0.00072240784605615,8.792448027289542,0.009361032142500001,0.009365715,-0.18777137016317136,226.7965752782926,6.0,-0.038302127817883225,0.0,0.0,0.0,18.0,0.0
2022-02-01,12414.922743952482,7.483251633977339e-05,0.9344337159375615,0.07913933872486653,0.07913486449711508,-0.15281087918870218,245.62792000000002,5.0,-0.03823016154614911,0.0,0.0,0.0,16.0,0.0
2022-02-02,12400.510893942033,-0.0011608489482923812,-14.491880000000005,0.0,0.0,-0.0800299895539,231.13603999999998,5.0,-0.03934663105161762,0.0,0.0,0.0,15.0,0.0
2022-02-03,12405.27504329499,0.00038418976393028714,4.59944115386092,0.020669122419097324,0.02066838472673396,-0.20604570624192023,238.68625060732884,6.0,-0.03897755786058266,0.0,0.0,0.0,17.0,0.0
2022-02-04,12430.515419483787,0.0020346486555684606,25.134395779576224,0.0,0.0,-0.10598040922158788,263.8206463869051,6.0,-0.037022214840712664,0.0,0.0,0.0,18.0,0.0
2022-02-05,12434.232659151377,0.000299041475123607,3.9106333443399017,0.0693846049362225,0.06938192586080094,0.05462714594655424,278.44758141752413,5.0,-0.03673424454332719,0.0,0.0,0.0,16.0,0.0
2022-02-06,12448.121532926862,0.0011169868021780882,13.945016506986033,0.0,0.0,0.0561427315037379,292.3925979245102,5.0,-0.03565828940749194,0.0,0.0,0.0,15.0,0.0
2022-02-07,12457.868412380232,0.0007830000235449219,9.999348876369128,0.13308419276373942,0.13304495340043962,-0.013659723165112065,459.3494,6.0,-0.034903209825392745,0.0,0.0,0.0,17.0,0.0
2022-02-08,12451.951732115442,-0.0004749352031131471,-5.679313000000007,0.09531005662675,0.0953062335,0.04675097466378001,468.96259399999997,6.0,-0.03536156826545822,0.0,0.0,0.0,18.0,0.0
2022-02-09,12455.48586286599,0.00028382143029292983,3.7192259999999973,0.10191365308500001,0.10189857000000001,-0.018716973628949998,533.01416,6.0,-0.03508778320604777,0.0,0.0,0.0,18.0,0.0
2022-02-10,12422.530985793725,-0.002645812249726376,-32.76502950826397,0.11689447717499253,0.11688812139829338,-0.04393503457333757,525.6722372883228,6.0,-0.03764075976915182,0.0,0.0,0.0,18.0,0.0
2022-02-11,12388.798189376312,-0.002715452789450845,-33.68385893444162,0.07514424055749999,0.075136115,-0.10134287258886827,524.4906083538812,6.0,-0.040254000852490535,0.0,0.0,0.0,18.0,0.0
2022-02-12,12400.020951704477,0.000905879824387501,11.696358138179864,0.1826743639419075,0.1826815582460305,0.1082398878310061,507.40975000000003,6.0,-0.03938458631532604,0.0,0.0,0.0,18.0,0.0
2022-02-13,12394.02736003387,-0.0004833533502847098,-6.045375000000024,0.0,0.0,-0.05178332939460001,501.364375,6.0,-0.039848902993865676,0.0,0.0,0.0,18.0,0.0
2022-02-14,12393.065211741789,-7.762999581428787e-05,-0.870075763555418,0.05661323618173028,0.05661044056144955,-0.021151148214165014,511.6767803593437,6.0,-0.03992343951950739,0.0,0.0,0.0,18.0,0.0
2022-02-15,12431.297524444233,0.003084976319355004,38.282752288177775,0.05315720947684885,0.053161693823760736,-0.05587931756980753,532.022145,6.0,-0.03696162606565734,0.0,0.0,0.0,18.0,0.0
2022-02-16,12420.688891064163,-0.0008533810215072268,-10.385594999999979,0.069493739,0.069482,0.08406264107370001,568.5925500000001,6.0,-0.03778346473695604,0.0,0.0,0.0,18.0,0.0
2022-02-17,12373.017457086347,-0.0038380668251107863,-47.543780000000005,0.0,0.0,0.1276539778125,521.04877,6.0,-0.04147651609952219,0.0,0.0,0.0,18.0,0.0
2022-02-18,12363.26690080442,-0.0007880499898869076,-9.438459999999989,0.1507614940725,0.150781555,0.010553232857999995,431.3666,6.0,-0.04223188052131632,0.0,0.0,0.0,18.0,0.0
2022-02-19,12365.679043441793,0.0001951056024858122,2.5593025927471005,0.04090380721392568,0.04090901770507314,0.06534713045582714,413.08393800289343,6.0,-0.04204501459532384,0.0,0.0,0.0,18.0,0.0
2022-02-20,12340.279610870492,-0.0020540265101552935,-25.216793609920874,0.058043497483125005,0.05807253375,0.06652293014453375,271.7220768929725,5.0,-0.044012679530880505,0.0,0.0,0.0,18.0,0.0
2022-02-21,12321.643148713109,-0.0015102139291046646,-18.409627500817482,0.117978216297,0.11799969399999999,-0.009143253727136744,167.40163739215504,5.0,-0.045456424898300374,0.0,0.0,0.0,17.0,0.0
2022-02-22,12325.640782969424,0.00032444002866061084,4.098285958153946,0.063662980856,0.06368628800000001,-0.026697567018649136,78.27134735030896,3.0,-0.0451467327534365,0.0,0.0,0.0,13.0,0.0
2022-02-23,12326.097342013809,3.704140437199577e-05,0.43728073566234626,0.014847660120000002,0.014840240000000001,-0.048966208840635586,108.38910808597132,4.0,-0.04511136364744861,0.0,0.0,0.0,11.0,0.0
2022-02-24,12334.348205915927,0.0006693816926137686,8.341569830567733,0.04998216216445409,0.04997151400745037,-0.00924774772147871,159.3233059314398,3.0,-0.04447217867578934,0.0,0.0,0.0,10.0,0.0
2022-02-25,12353.582962375654,0.0015594465259625157,19.174556705637464,0.0,0.0,-0.060199754094212056,178.49786263707725,3.0,-0.04298208413436477,0.0,0.0,0.0,9.0,0.0
2022-02-26,12364.077961358738,0.0008495510181174559,10.234280572175285,0.0,0.0,-0.26071841091071885,188.73214320925254,3.0,-0.04216904858958459,0.0,0.0,0.0,9.0,0.0
2022-02-27,12346.349041565129,-0.0014339055325449657,-17.980658859790427,0.01734080607,0.01733214,-0.2864120122483053,205.41576434946208,4.0,-0.043542487690054754,0.0,0.0,0.0,11.0,0.0
2022-02-28,12391.520783203432,0.003658712505715478,44.97887256864085,0.0,0.0,-0.19286906966149317,250.39463691810292,4.0,-0.04004308462858086,0.0,0.0,0.0,12.0,0.0
2022-03-01,12389.089416084944,-0.0001962121648364512,-2.259098946189771,0.0601833375025,0.060163005000000006,0.051921829793691095,329.4655479719131,5.0,-0.04023143985309552,0.0,0.0,0.0,14.0,0.0
2022-03-02,12392.79918328958,0.000299438246027961,3.77911845788915,0.045065983,0.045059,-0.020773729746865092,361.1766664298023,5.0,-0.03994404843885235,0.0,0.0,0.0,15.0,0.0
2022-03-03,12388.966035113745,-0.0003093044694054692,-3.6115000056303597,0.06142784597249999,0.061412745000000005,0.09880757923272332,417.969056424172,5.0,-0.04024099803554948,0.0,0.0,0.0,15.0,0.0
2022-03-04,12353.22370507676,-0.0028850131589416295,-35.76235981416061,0.0,0.0,-0.020029777172821034,382.2066966100113,5.0,-0.043009915385629705,0.0,0.0,0.0,15.0,0.0
2022-03-05,12363.556350455774,0.0008364331146020199,10.151164259248807,0.0,0.0,-0.18148111976521025,392.3578608692602,5.0,-0.04220945718851232,0.0,0.0,0.0,15.0,0.0
2022-03-06,12329.148477341965,-0.002783007747810373,-34.59088698498773,0.02064609986180576,0.02065642807584368,-0.22431639911580023,316.4541177325851,4.0,-0.04487499568993625,0.0,0.0,0.0,15.0,0.0
2022-03-07,12326.039622811271,-0.000252154845600816,-3.1271228648904823,0.06413637348000001,0.06414784,-0.14655254767600126,267.46091486769456,4.0,-0.04511583508792749,0.0,0.0,0.0,12.0,0.0
2022-03-08,12339.029019877995,0.0010538175654315474,12.973182413932122,0.0,0.0,-0.016214652792279273,280.4340972816267,4.0,-0.044109561381990736,0.0,0.0,0.0,12.0,0.0
2022-03-09,12375.511735431948,0.002956692580524889,36.36394425672418,0.0,0.0,-0.1187712972302305,316.79804153835084,4.0,-0.041283287214334274,0.0,0.0,0.0,12.0,0.0
2022-03-10,12370.916443028478,-0.00037132140486062504,-4.5829608891665785,0.0,0.0,0.0123315142994844,312.2150806491843,4.0,-0.041639279250989314,0.0,0.0,0.0,12.0,0.0
2022-03-11,12344.72857361211,-0.002116890008672434,-26.400211065361596,0.020436026875000003,0.02044625,-0.2532239258696925,244.92236958382273,3.0,-0.04366802348544696,0.0,0.0,0.0,10.0,0.0
2022-03-12,12339.783597664593,-0.00040057389014513944,-5.071104603356789,0.03260179998,0.03259964,-0.19133009581728427,248.49118498046596,4.0,-0.04405110510554955,0.0,0.0,0.0,11.0,0.0
2022-03-13,12338.743900183237,-8.425573050996338e-05,-1.161849482802781,0.0,0.0,-0.12215200144683885,247.32933549766318,4.0,-0.04413164927801905,0.0,0.0,0.0,12.0,0.0
2022-03-14,12353.282765600035,0.0011783100074378439,14.31305281761333,0.08733158161,0.08730078000000002,-0.40044496079493974,384.8488283152765,4.0,-0.04300534003457024,0.0,0.0,0.0,12.0,0.0
2022-03-15,12350.490945403524,-0.0002259982426926488,-3.319452333907879,0.0,0.0,-0.5276321373984766,381.5293759813686,4.0,-0.043221619145988655,0.0,0.0,0.0,12.0,0.0
2022-03-16,12357.747871155585,0.0005875819661049775,6.938570635308379,0.0,0.0,-0.3183551167523428,388.46794661667695,4.0,-0.04265943342383982,0.0,0.0,0.0,12.0,0.0
2022-03-17,12350.046487253228,-0.0006232028669506118,-7.893726917558292,0.09462819655500002,0.09459711000000001,-0.3815683217568198,504.9204396991187,6.0,-0.04325605080957817,0.0,0.0,0.0,16.0,0.0
2022-03-18,12382.01261959012,0.00258834105360517,31.69463263607849,0.0,0.0,-0.27149970081067426,536.6150723351972,6.0,-0.04077967116810022,0.0,0.0,0.0,18.0,0.0
2022-03-19,12393.473512756773,0.0009256082608508631,11.244414770815656,0.036726989375000005,0.03672695,-0.28993233521133893,548.0169871060128,6.0,-0.03989180890775723,0.0,0.0,0.0,18.0,0.0
2022-03-20,12379.187596838672,-0.0011526966918028458,-14.379460998087504,0.18010390688,0.18007232,-0.4537213068685483,659.9850461079252,5.0,-0.040998522443402075,0.0,0.0,0.0,16.0,0.0
2022-03-21,12395.54580764858,0.0013214284606273274,15.597047854292628,0.077456709,0.07741800000000001,-0.9160376646107848,830.4180939622181,6.0,-0.03973127059717507,0.0,0.0,0.0,17.0,0.0
2022-03-22,12397.806854314602,0.00018240799567115218,1.9793132777619737,0.025798652879999998,0.025785760000000005,-0.33331780113902165,883.9689272399798,6.0,-0.03955610990293912,0.0,0.0,0.0,18.0,0.0
2022-03-23,12419.25014676064,0.001729603687008252,21.279445693473974,0.151625540075,0.15162145,-0.46709374264163556,921.6086729334539,6.0,-0.0378949226094627,0.0,0.0,0.0,18.0,0.0
2022-03-24,12419.202742581234,-3.8169920765218635e-06,0.3671418619467035,0.3612356807990312,0.3612224164907857,-0.30791205593910476,975.0330477769721,6.0,-0.03789859495691983,0.0,0.0,0.0,18.0,0.0
2022-03-25,12419.386720080569,1.4813954095860282e-05,0.15795017019154045,0.1195127684,0.11949679999999999,-0.2650368975428972,1039.0645979471637,6.0,-0.03788434243087002,0.0,0.0,0.0,18.0,0.0
2022-03-26,12463.514597083293,0.0035531446115109055,43.85027333068938,0.0,0.0,-0.27760367203840425,1082.9148712778529,6.0,-0.03446580636652807,0.0,0.0,0.0,18.0,0.0
2022-03-27,12489.106026750342,0.0020533076338706824,25.66221581212389,0.16422866770000003,0.16422180000000003,-0.2576643226236204,1136.047887089977,6.0,-0.03248326763597731,0.0,0.0,0.0,18.0,0.0
2022-03-28,12548.718079129256,0.004773124053173428,59.869607657455354,0.09959083053000001,0.09954106000000001,0.05842338801342195,1394.9996147474321,6.0,-0.02786519024888301,0.0,0.0,0.0,18.0,0.0
2022-03-29,12668.831400101533,0.00957176025589801,120.2534810177438,0.020093948,0.020104,0.099962097468141,1475.045095765176,6.0,-0.018560148913532304,0.0,0.0,0.0,18.0,0.0
2022-03-30,12665.17418930892,-0.00028867783279395987,-3.374065583959493,0.030229077900000005,0.030244200000000002,0.22267193074996244,1411.1826301812166,6.0,-0.018843468842761557,0.0,0.0,0.0,18.0,0.0
2022-03-31,12634.487608905465,-0.002422910253327526,-30.556675452150014,0.0,0.0,0.12990495130264013,1380.6259547290667,6.0,-0.02122072306222167,0.0,0.0,0.0,18.0,0.0
2022-04-01,12681.208994464147,0.0036979248391324493,46.69715643821846,0.0,0.0,-0.02422912046380346,1427.3231111672849,6.0,-0.01760127086200547,0.0,0.0,0.0,18.0,0.0
2022-04-02,12677.078017417127,-0.0003257557736666694,-4.165202160694122,0.023461163550000004,0.0234729,-0.08115917722106224,1376.2121090065907,6.0,-0.017921292920064946,0.0,0.0,0.0,18.0,0.0
2022-04-03,12695.320588226214,0.0014390201578016182,18.155216428635995,0.0,0.0,-0.0873543804531281,1394.3673254352268,6.0,-0.01650806186402909,0.0,0.0,0.0,18.0,0.0
2022-04-04,12680.284767451503,-0.0011843592818486792,-14.528874707607635,0.24479481360000005,0.24482210000000004,0.01732915350620745,1270.692850727619,5.0,-0.017672869669583813,0.0,0.0,0.0,18.0,0.0
2022-04-05,12630.084774758247,-0.003958901051032582,-49.934532403019475,0.0555413568,0.055513599999999996,0.15440533343838592,1331.7855183245997,6.0,-0.02156180557830678,0.0,0.0,0.0,17.0,0.0
2022-04-06,12521.348590273641,-0.008609299654260383,-108.065287205705,0.3387674599,0.3387832,-0.006653380997882784,1160.759831118895,6.0,-0.02998547318725664,0.0,0.0,0.0,18.0,0.0
2022-04-07,12556.900717584484,0.002839320944906687,36.139957133571286,0.35433043251749996,0.35438356500000007,-0.12088417478948674,984.369858252466,6.0,-0.027231290624413318,0.0,0.0,0.0,18.0,0.0
2022-04-08,12500.729128632316,-0.004473364105961775,-55.76017378802072,0.19583612518610655,0.19593409223222263,0.019644946727976485,536.7415,4.0,-0.03158283925233685,0.0,0.0,0.0,18.0,0.0
2022-04-09,12521.439717360394,0.0016567504595104143,21.39497640061928,0.2681207639959222,0.2680248793062691,0.14824202923951751,941.6752350131575,6.0,-0.0299784136762703,0.0,0.0,0.0,16.0,0.0
2022-04-10,12484.57388828604,-0.0029442164724269304,-36.80228350399795,0.0,0.0,0.0635455703601937,904.8729515091595,6.0,-0.0328343672093343,0.0,0.0,0.0,18.0,0.0
2022-04-11,12422.330375353946,-0.004985633750023033,-62.07811744461894,0.017034478500000002,0.017043,0.131318008974344,808.7088340645406,6.0,-0.03765630083003779,0.0,0.0,0.0,18.0,0.0
2022-04-12,12431.27454650792,0.0007200075093574121,9.529012036318726,0.2716969161778894,0.2717535106382085,0.04139045552934624,591.8600048244423,6.0,-0.03696340614005256,0.0,0.0,0.0,18.0,0.0
2022-04-13,12446.25883074786,0.0012053699066720824,14.999854603672429,0.0,0.0,0.015570363733987748,606.8598594281148,6.0,-0.035802590810789736,0.0,0.0,0.0,18.0,0.0
2022-04-14,12431.454289746132,-0.001189477191744892,-14.691062826604874,0.0,0.0,0.11347817512284607,592.1687966015099,6.0,-0.03694948163735978,0.0,0.0,0.0,18.0,0.0
2022-04-15,12424.516391814628,-0.0005580922207328864,-6.895193610990001,0.016359816,0.016368,0.009976504512766982,552.5376029905199,6.0,-0.03748695263983082,0.0,0.0,0.0,18.0,0.0
2022-04-16,12423.261334066661,-0.00010101461565081848,-1.1515900035442919,0.0462251069625,0.046226075000000005,0.011016562457900544,547.5138629869756,6.0,-0.03758418052536883,0.0,0.0,0.0,18.0,0.0
2022-04-17,12410.557342963784,-0.001022597107253942,-12.536705404670686,0.0506411926675,0.050637335,0.06600717054570103,550.4078275823049,6.0,-0.038568344158339096,0.0,0.0,0.0,18.0,0.0
2022-04-18,12426.727169873531,0.0013029090042369074,16.177861073239082,0.02350074375,0.023512500000000002,-0.03897908025662239,519.560688655544,6.0,-0.037315686196984554,0.0,0.0,0.0,18.0,0.0
2022-04-19,12449.3176290488,0.00181789290667278,22.66005102937993,0.0,0.0,0.06959185411324259,542.220739684924,6.0,-0.035565629211556926,0.0,0.0,0.0,18.0,0.0
2022-04-20,12453.222751613686,0.0003136816555930899,3.988480255554555,0.0,0.0,0.0833576906680449,546.2092199404785,6.0,-0.035263103841417065,0.0,0.0,0.0,18.0,0.0
2022-04-21,12424.19208004663,-0.0023311774105456706,-29.003618368467784,0.0,0.0,0.027053198590296056,517.2056015720108,6.0,-0.037512076700861985,0.0,0.0,0.0,18.0,0.0
2022-04-22,12421.15316458003,-0.00024459662624509715,-2.937813332915139,0.04873293513,0.04873524,0.0036339585578556814,505.0483082390956,6.0,-0.03774749799970256,0.0,0.0,0.0,18.0,0.0
2022-04-23,12411.81957643134,-0.000751426862306559,-9.056769070079616,0.10672297284000003,0.10674289000000002,0.06335321577178106,416.32289916901595,6.0,-0.03847056037802732,0.0,0.0,0.0,18.0,0.0
2022-04-24,12402.863210794858,-0.0007215997284950593,-8.737461665866856,0.10301845709499999,0.10299981,0.012885703520168407,482.17381750314905,6.0,-0.03916439976059849,0.0,0.0,0.0,18.0,0.0
2022-04-25,12401.604074109844,-0.00010151983970263512,-1.1681960683305181,0.07841023589000001,0.07841542000000001,-0.06588503920486714,460.26918143481856,6.0,-0.039261943636715424,0.0,0.0,0.0,18.0,0.0
2022-04-26,12367.614311968202,-0.0027407553037918087,-33.46795822586989,0.22827820127212267,0.22825044929747398,0.06527526520305074,537.8091218038967,5.0,-0.04189509156024773,0.0,0.0,0.0,18.0,0.0
2022-04-27,12383.511745511678,0.0012854082559876634,16.02687415687428,0.1132896858426996,0.11331667658099011,-0.09716574902430017,445.87304279879066,6.0,-0.04066353560083691,0.0,0.0,0.0,17.0,0.0
2022-04-28,12377.018927507728,-0.0005243115311214241,-6.647795730039534,0.0,0.0,-0.15497772609226346,439.2252470687512,6.0,-0.04116652677134658,0.0,0.0,0.0,18.0,0.0
2022-04-29,12356.58220825322,-0.0016511826776872685,-20.374079939886393,0.006867819372499999,0.006871255,0.04890024024607392,405.10865712886476,6.0,-0.04274973599312859,0.0,0.0,0.0,18.0,0.0
2022-04-30,12323.583993350618,-0.0026704969340600737,-33.06776686472383,0.020080870542,0.020090916,-0.10972374866107137,331.8590582641409,5.0,-0.045306069888287115,0.0,0.0,0.0,18.0,0.0
2022-05-01,12323.210555240496,-3.030271959225672e-05,-0.342023056078091,0.068897970165,0.06889533,-0.10637824611903005,342.07769520806283,6.0,-0.045334999710747725,0.0,0.0,0.0,17.0,0.0
2022-05-02,12310.888427571295,-0.0009999121263054578,-12.513074374352447,0.015815588250000002,0.0158235,-0.22258579340354143,297.9176208337104,6.0,-0.046289580821096354,0.0,0.0,0.0,18.0,0.0
2022-05-03,12297.73075815919,-0.0010687830930736775,-13.174414950256,0.048479398175,0.04850365,-0.11372858632400377,187.73590588345436,5.0,-0.04730889039280295,0.0,0.0,0.0,18.0,0.0
2022-05-04,12333.316923705404,0.0028937180562846887,35.505504695232155,0.03133566,0.03132,-0.14331651098475326,285.88141057868654,6.0,-0.044552070926870635,0.0,0.0,0.0,17.0,0.0
2022-05-05,12294.456246409434,-0.0031508699189654044,-38.99069952736505,0.043070936542499993,0.043067315,-0.21616048294029724,261.37688105132145,6.0,-0.04756256306572493,0.0,0.0,0.0,18.0,0.0
2022-05-06,12291.646486013276,-0.00022853880967521611,-2.9724401308734536,0.0,0.0,-0.16267973471627906,258.40444092044805,6.0,-0.04778023198385195,0.0,0.0,0.0,18.0,0.0
2022-05-07,12274.945580535143,-0.0013587199645822556,-16.78807386600684,0.027853924597956988,0.027867858527220596,-0.14289017099397947,185.88065,5.0,-0.049074031993325384,0.0,0.0,0.0,18.0,0.0
2022-05-08,12273.385524059877,-0.00012709274065858533,-1.494583162719821,0.061265242939448086,0.061267660009443364,-0.057059590406001795,174.7177868561669,6.0,-0.049194887780762864,0.0,0.0,0.0,17.0,0.0
2022-05-09,12245.043013304034,-0.002309265907135649,-28.32695838321746,0.018745386854356484,0.018754764236474722,-0.021947778468645124,108.88130000000001,4.0,-0.051390549610740965,0.0,0.0,0.0,18.0,0.0
2022-05-10,12241.452217840495,-0.00029324482238546334,-3.5145794999999938,0.054898642319875006,0.054915860250000004,-0.033598539029,36.495000000000005,2.0,-0.05166872442053361,0.0,0.0,0.0,12.0,0.0
2022-05-11,12215.89012793461,-0.002088158288003683,-25.5194622,0.044049493140550004,0.04404011890000001,-0.045461906152000006,48.4725,2.0,-0.05364899023340797,0.0,0.0,0.0,10.0,0.0
2022-05-12,12208.109225616272,-0.0006369492715512237,-7.751841219999997,0.020350149225305002,0.02036032939,-0.011649380278,0.0,0.0,-0.05425176781971053,0.0,0.0,0.0,4.0,0.0
2022-05-13,12210.468945805562,0.00019329120879252315,2.3665200000000004,0.010897691122499997,0.010892245,-0.0149901254139,24.15101,1.0,-0.05406896300069908,0.0,0.0,0.0,2.0,0.0
2022-05-14,12209.419664039304,-8.593296219128188e-05,-1.0024999999999946,0.04360066944,0.04357888,-0.040397783181,110.30627000000001,2.0,-0.05415024965673709,0.0,0.0,0.0,5.0,0.0
2022-05-15,12210.505729854967,8.89531071539551e-05,1.0085499999999965,0.0,0.0,-0.07751581566340002,111.31482,2.0,-0.0540661133825433,0.0,0.0,0.0,6.0,0.0
2022-05-16,12204.50079875698,-0.000491783979373106,-6.056960000000002,0.0,0.0,-0.0520289020127,105.25786,2.0,-0.05453130851352794,0.0,0.0,0.0,6.0,0.0
2022-05-17,12209.560070477537,0.0004145414715424067,5.006990000000011,0.0,0.0,-0.0522817205576,110.26485000000001,2.0,-0.05413937253086187,0.0,0.0,0.0,6.0,0.0
2022-05-18,12205.760075175895,-0.00031123114016451403,-3.8767400000000114,0.0,0.0,-0.0767446983575,106.38811,2.0,-0.05443375381238591,0.0,0.0,0.0,6.0,0.0
2022-05-19,12210.075484664114,0.00035355516261503794,4.264520000000006,0.0,0.0,-0.0508894882179,110.65263,2.0,-0.054099443984451656,0.0,0.0,0.0,6.0,0.0
2022-05-20,12206.763921787353,-0.00027121559411491525,-3.342910000000012,0.01064532,0.01064,-0.052632443241,128.58972,3.0,-0.05435598696572508,0.0,0.0,0.0,8.0,0.0
2022-05-21,12210.579398462853,0.00031257069440737695,3.6851399999999988,0.0,0.0,-0.1303366754988,132.27486,3.0,-0.05406040635990883,0.0,0.0,0.0,9.0,0.0
2022-05-22,12220.185556628163,0.0007867078090102453,9.648350000000015,0.024773280449999997,0.024760900000000002,-0.0073423457589999975,191.44501,5.0,-0.05331622829474014,0.0,0.0,0.0,13.0,0.0
2022-05-23,12210.992872800567,-0.0007522540296133196,-9.19277000000001,0.007921188615,0.00791723,-0.015924591018300002,198.08669999999998,5.0,-0.05402837497677493,0.0,0.0,0.0,15.0,0.0
2022-05-24,12215.875261386236,0.00039983551186439925,4.844009999999996,0.0,0.0,-0.03837858567,202.93070999999998,5.0,-0.05365014192787454,0.0,0.0,0.0,15.0,0.0
2022-05-25,12218.377418324866,0.0002048282980213756,2.5115199999999973,0.008579708,0.008584,-0.007800646628999998,188.27423,4.0,-0.05345630269711299,0.0,0.0,0.0,13.0,0.0
2022-05-26,12209.732929398113,-0.0007074989281137256,-8.669969999999994,0.0,0.0,-0.025481073244000004,179.60425999999998,4.0,-0.05412598134836755,0.0,0.0,0.0,12.0,0.0
2022-05-27,12206.93968804108,-0.00022877169985491275,-2.674189999999994,0.0487847707,0.048791,0.021475586336000003,152.01287,2.0,-0.05434237055546298,0.0,0.0,0.0,8.0,0.0
2022-05-28,12207.739073420162,6.548614144996634e-05,0.835620000000001,0.0,0.0,0.03623462091750001,152.84849,2.0,-0.054280443086178076,0.0,0.0,0.0,6.0,0.0
2022-05-29,12207.032305184262,-5.789509684372973e-05,-0.6788700000000142,0.0,0.0,0.027898235900000005,152.16962,2.0,-0.05433519561151268,0.0,0.0,0.0,6.0,0.0
2022-05-30,12214.348016594224,0.0005993030268998112,7.359140000000016,0.0,0.0,0.043428590040000006,159.52876,2.0,-0.05376845583181,0.0,0.0,0.0,6.0,0.0
2022-05-31,12218.344597998888,0.00032720382612594356,4.207019999999997,0.07057276874999999,0.0705375,0.06932832658400001,304.81078,5.0,-0.05345884525015698,0.0,0.0,0.0,12.0,0.0
2022-06-01,12203.44488587906,-0.0012194542395103092,-15.205160000000001,0.05044254335,0.0504298,-0.40632022352100006,340.57902000000007,5.0,-0.05461310887418769,0.0,0.0,0.0,15.0,0.0
2022-06-02,12213.070167832379,0.000788734823923054,9.024080000000007,0.0104402175,0.010435000000000002,-0.6220771708170001,370.4731,6.0,-0.053867449311076454,0.0,0.0,0.0,17.0,0.0
2022-06-03,12202.50758634786,-0.0008648588225047549,-11.215560000000014,0.0034569276,0.0034552000000000007,-0.6598906430810001,366.16794000000004,6.0,-0.05468572039479869,0.0,0.0,0.0,18.0,0.0
2022-06-04,12199.159517177313,-0.0002743755041211271,-3.7363199999999916,0.025716673862500004,0.025716925,-0.4396844283100001,361.42707,6.0,-0.05494509147681825,0.0,0.0,0.0,18.0,0.0
2022-06-05,12197.037301712317,-0.00017396407203373876,-2.498139999999991,0.0,0.0,-0.37592453500420003,358.92893000000004,6.0,-0.0551094970770003,0.0,0.0,0.0,18.0,0.0
2022-06-06,12207.494800436036,0.0008573802362850103,10.34101999999999,0.0097079436,0.009712800000000002,-0.135899467318,349.84435,6.0,-0.05429936663434076,0.0,0.0,0.0,18.0,0.0
2022-06-07,12202.11650975909,-0.00044057284191956203,-5.498800000000002,0.027514282635,0.02751357,-0.17553717569119998,347.19609,6.0,-0.05471601664998782,0.0,0.0,0.0,18.0,0.0
2022-06-08,12195.79411090043,-0.0005181395255161592,-6.384109999999995,0.020728228850000002,0.0207277,-0.10316707018759999,342.92737999999997,6.0,-0.05520580564459887,0.0,0.0,0.0,18.0,0.0
2022-06-09,12195.518798568257,-2.2574367004701834e-05,-0.28310999999999964,0.023382635474999997,0.02337095,-0.0545512533032,389.38617,6.0,-0.05522713377548605,0.0,0.0,0.0,18.0,0.0
2022-06-10,12174.646710364732,-0.0017114555393884512,-20.961200000000012,0.0,0.0,-0.08911179647310002,368.42497,6.0,-0.05684407053084983,0.0,0.0,0.0,18.0,0.0
2022-06-11,12162.635787817602,-0.0009865520398965044,-12.064699999999997,0.07812643195749999,0.078151735,-0.21005561982669999,255.14809999999997,4.0,-0.05777454293700812,0.0,0.0,0.0,14.0,0.0
2022-06-12,12156.060955701265,-0.0005405762559232974,-6.693749999999979,0.0377902704125,0.037809175,-0.19451732907699998,172.836,2.0,-0.05828388764682291,0.0,0.0,0.0,8.0,0.0
2022-06-13,12140.569035432727,-0.0012744194295333244,-15.396304000000006,0.07868048807600002,0.078719848,-0.0617840675356,0.0,0.0,-0.05948402895751048,0.0,0.0,0.0,6.0,0.0
2022-06-14,12134.122184761327,-0.0005310171749433046,-6.329149999999992,0.08098742347499999,0.08094695,-0.044233702074000014,155.56475,2.0,-0.05998345909144254,0.0,0.0,0.0,4.0,0.0
2022-06-15,12139.285008816885,0.0004254798144394112,5.054499999999995,0.0140143143375,0.014021325000000001,-0.1363596948975,132.5766,1.0,-0.05958350102804666,0.0,0.0,0.0,4.0,0.0
2022-06-16,12111.88364369629,-0.002257247037259047,-27.360519999999994,0.021674811989999997,0.02166398,-0.0024936713932000015,148.54404,2.0,-0.06170625338414071,0.0,0.0,0.0,5.0,0.0
2022-06-17,12123.495038051045,0.0009586778321470923,11.568679999999995,0.0,0.0,-0.042714354754799996,160.11272,2.0,-0.06080673196921793,0.0,0.0,0.0,6.0,0.0
2022-06-18,12113.274643676474,-0.0008430237602682356,-10.24740000000001,0.0,0.0,-0.027005625427200003,149.86532,2.0,-0.06159849420965191,0.0,0.0,0.0,6.0,0.0
2022-06-19,12121.78680873013,0.0007027137833532926,8.491160000000008,0.0110096924,0.011015200000000001,-0.043029946055999996,136.32608,2.0,-0.06093906653721337,0.0,0.0,0.0,6.0,0.0
2022-06-20,12116.250677486882,-0.00045670917420037593,-5.5511,0.0,0.0,-0.014968756752200003,130.77498,2.0,-0.06136794428065906,0.0,0.0,0.0,6.0,0.0
2022-06-21,12114.11460709391,-0.0001762979695476563,-2.1242600000000076,0.0,0.0,0.011810392971600003,128.65071999999998,2.0,-0.06153342320623478,0.0,0.0,0.0,6.0,0.0
2022-06-22,12096.632574772952,-0.0014431126737666222,-17.461439999999985,0.07539868050000001,0.075361,-0.1301673595398,261.91128000000003,5.0,-0.06288773621711219,0.0,0.0,0.0,12.0,0.0
2022-06-23,12137.202812945523,0.003353845619580076,40.34203999999999,0.0,0.0,-0.22819817257299999,302.25332000000003,5.0,-0.05974480635616919,0.0,0.0,0.0,15.0,0.0
2022-06-24,12142.846016212798,0.0004649508914240652,5.755560000000001,0.021690051000000002,0.02169,0.06897668172600001,308.21288000000004,6.0,-0.05930763386571836,0.0,0.0,0.0,17.0,0.0
2022-06-25,12136.443360616026,-0.000527278002885323,-6.317839999999991,0.048065105950000006,0.0480633,-0.011312809177999997,309.11884,6.0,-0.05980364025786311,0.0,0.0,0.0,18.0,0.0
2022-06-26,12127.715888324507,-0.0007191128432108007,-8.560614000000006,0.0806634531465,0.080661433,0.00553340536868001,308.63881200000003,6.0,-0.060479747535293615,0.0,0.0,0.0,18.0,0.0
2022-06-27,12125.313101800542,-0.00019812358288151533,-2.452028000000002,0.0,0.0,-0.0492414760372,306.186784,6.0,-0.06066588865390177,0.0,0.0,0.0,18.0,0.0
2022-06-28,12137.953987119796,0.0010425203220010282,12.404702000000004,0.0,0.0,-0.23618331925686004,318.591486,6.0,-0.05968661375367457,0.0,0.0,0.0,18.0,0.0
2022-06-29,12123.780512503543,-0.0011676988256252852,-14.006965999999993,0.11220368480750001,0.112203745,-0.05789881355100001,304.34375,6.0,-0.06078461659051404,0.0,0.0,0.0,18.0,0.0
2022-06-30,12106.942937029007,-0.001388805699440887,-16.933002000000002,0.039141409224500004,0.039149029,-0.17371696368720005,256.931646,5.0,-0.062089004267995795,0.0,0.0,0.0,16.0,0.0
2022-07-01,12102.856524113233,-0.0003375264042317916,-4.290485999999998,0.0,0.0,-0.20407308422516,252.64116,5.0,-0.062405573993874586,0.0,0.0,0.0,15.0,0.0
2022-07-02,12139.30229628675,0.0030113363816968164,36.39954200000001,0.01375577445,0.013748900000000001,-0.07373484796766,316.53850200000005,5.0,-0.05958216178756626,0.0,0.0,0.0,15.0,0.0
2022-07-03,12131.267064401662,-0.0006619187568586149,-7.862954000000011,0.07936941544000001,0.07940912,0.013499349652580008,149.85730800000002,3.0,-0.06020464199396358,0.0,0.0,0.0,11.0,0.0
2022-07-04,12133.95996882865,0.00022198047513866115,2.7183579999999905,0.0,0.0,0.025453573008720004,152.575666,3.0,-0.05999602577386032,0.0,0.0,0.0,9.0,0.0
2022-07-05,12125.791624479605,-0.0006731804266727481,-8.062549999999984,0.085298457915,0.08525583,-0.06475993886621999,315.02477600000003,5.0,-0.060628818050303845,0.0,0.0,0.0,13.0,0.0
2022-07-06,12137.775489357356,0.000988295465473632,12.018301999999984,0.07394110300000001,0.07394600000000001,-0.11344998075089999,307.455078,5.0,-0.05970044177078637,0.0,0.0,0.0,15.0,0.0
2022-07-07,12143.86873234885,0.0005020065659342432,6.059078000000024,0.04945805742,0.049446260000000006,-0.13306930891572,360.703836,6.0,-0.05922840521861017,0.0,0.0,0.0,17.0,0.0
2022-07-08,12160.401967474583,0.0013614471211873536,16.789724,0.15848961333375,0.1584533675,-0.06045410657176001,522.476895,6.0,-0.05794759443920028,0.0,0.0,0.0,18.0,0.0
2022-07-09,12153.96179165419,-0.0005296022152572188,-6.498296999999994,0.0,0.0,-0.05812117961184998,515.9785980000001,6.0,-0.05844650748007374,0.0,0.0,0.0,18.0,0.0
2022-07-10,12142.686194883257,-0.0009277301479321265,-11.306063000000025,0.0,0.0,-0.030466229066999986,504.67253500000004,6.0,-0.05932001504097517,0.0,0.0,0.0,18.0,0.0
2022-07-11,12113.417383473954,-0.0024104066381651634,-29.153460999999986,0.059728743390000005,0.05973876,-0.004117094084599995,435.45263400000005,6.0,-0.061587436321109634,0.0,0.0,0.0,18.0,0.0
2022-07-12,12094.160024135701,-0.0015897544622317517,-19.134195113210954,0.08762930396806604,0.08764721881515844,-0.05211229774252979,344.6590505171059,6.0,-0.06307928188163248,0.0,0.0,0.0,18.0,0.0
2022-07-13,12105.79770280627,0.0009622560514614964,11.67353587355675,0.05187591879623366,0.05187769819533132,-0.06789641400602768,349.21499,6.0,-0.062177724250883304,0.0,0.0,0.0,18.0,0.0
2022-07-14,12130.689405359248,0.0020561802835352694,24.946101976268785,0.06131504958550684,0.0612999424043047,-0.06821556869794448,434.5898167848782,6.0,-0.06024939257802775,0.0,0.0,0.0,18.0,0.0
2022-07-15,12125.978153201318,-0.00038837464223984153,-4.706897022190427,0.0,0.0,0.004355135742236629,429.8829197626877,6.0,-0.06061436788397989,0.0,0.0,0.0,18.0,0.0
2022-07-16,12143.186643579265,0.0014191424527185692,17.229766790822975,0.0,0.0,0.021276412874658257,447.11268655351074,6.0,-0.0592812458539701,0.0,0.0,0.0,18.0,0.0
2022-07-17,12135.208308706604,-0.0006570215139434232,-7.562400079225495,0.21626523404500003,0.21621389000000002,-0.016544330610774705,644.9264664742853,6.0,-0.05989931831401407,0.0,0.0,0.0,18.0,0.0
2022-07-18,12246.129395402446,0.009140435324563878,111.02549780139944,0.03401716466264047,0.0340001645803503,0.03639377631552079,823.9522934363853,6.0,-0.05130638883448502,0.0,0.0,0.0,18.0,0.0
2022-07-19,12239.619560360188,-0.000531583068581809,-5.429743563067792,0.41172792015750004,0.411691635,0.25667192403091565,963.6631798733176,6.0,-0.05181069829545226,0.0,0.0,0.0,18.0,0.0
2022-07-20,12171.913323190458,-0.005531727259645125,-67.55711856727068,0.0,0.0,0.14911860245873926,896.106061306047,6.0,-0.05705582290299527,0.0,0.0,0.0,18.0,0.0
2022-07-21,12204.195385203642,0.0026521764619928945,32.32697152764443,0.0,0.0,0.04490951446148768,928.4330328336913,6.0,-0.054554968551525196,0.0,0.0,0.0,18.0,0.0
2022-07-22,12169.273582024522,-0.0028614588735165203,-34.514112286324,0.1859624051180082,0.1859783783071618,0.035750109375332045,830.0261639330438,6.0,-0.05726032062618558,0.0,0.0,0.0,18.0,0.0
2022-07-23,12186.86990455125,0.001445963262155514,17.567175364099178,0.0,0.0,-0.02914716263183163,847.5933392971431,6.0,-0.055897153684034695,0.0,0.0,0.0,18.0,0.0
2022-07-24,12184.986782323018,-0.00015452058182130468,-1.3387933016692628,0.26558364225000003,0.26558550000000003,0.013159784313912102,838.8235459954738,6.0,-0.05604303700514657,0.0,0.0,0.0,18.0,0.0
2022-07-25,12094.736114707594,-0.007406710341807843,-90.19611115338,0.0,0.0,0.05455646204129768,748.6274348420936,6.0,-0.06303465280518217,0.0,0.0,0.0,18.0,0.0
2022-07-26,12085.758866363285,-0.0007422442506531679,-8.594118828521598,0.20197702145278265,0.20203590800678603,-0.020883413671904476,504.48709999999994,5.0,-0.06373010994719874,0.0,0.0,0.0,18.0,0.0
2022-07-27,12151.174381067196,0.005412611274743684,65.32297291983075,0.07385326749529443,0.07383935181938474,-0.2402344033953123,625.4727765586002,6.0,-0.058662444984095896,0.0,0.0,0.0,17.0,0.0
2022-07-28,12176.387508066517,0.0020749539269722117,25.911683597665657,0.288066041535,0.28802186999999996,0.12246868681174981,828.0706001562659,6.0,-0.05670921292770914,0.0,0.0,0.0,18.0,0.0
2022-07-29,12174.60257765638,-0.0001465894879704166,-1.0261891512072872,0.28001858785,0.27998210000000007,0.1987405710817579,972.9958110050586,6.0,-0.05684748944119333,0.0,0.0,0.0,18.0,0.0
2022-07-30,12115.835864483726,-0.004826992322567225,-57.8044587195331,0.35147980565,0.35148229999999997,0.2592923474728958,905.2139522855255,6.0,-0.061400079368670646,0.0,0.0,0.0,18.0,0.0
2022-07-31,12093.894685654408,-0.0018109504845337243,-21.741952551230117,0.0,0.0,0.19922627808733578,883.4719997342954,6.0,-0.06309983734972124,0.0,0.0,0.0,18.0,0.0
2022-08-01,12093.782215010595,-9.299786936867172e-06,0.27005491209514876,0.13572384578250002,0.13573063500000002,0.11107107512789999,856.5851846463906,6.0,-0.063108550321615,0.0,0.0,0.0,18.0,0.0
2022-08-02,12079.618822862474,-0.0011711300812529135,-13.493890204920493,0.29652675238000004,0.29650884000000005,0.0764663508162733,914.7408144414702,6.0,-0.06420577208120204,0.0,0.0,0.0,18.0,0.0
2022-08-03,12088.7098019208,0.000752588239052665,9.716684036617425,0.31784369226000003,0.31784322,-0.009981933968700568,926.3465384780875,6.0,-0.06350150435109692,0.0,0.0,0.0,18.0,0.0
2022-08-04,12100.20928144838,0.000951257803024852,11.70851701952175,0.12082083945,0.1208311,-0.03261444751139345,897.0128554976093,6.0,-0.06261065284958989,0.0,0.0,0.0,18.0,0.0
2022-08-05,12128.948368740328,0.0023750901016241777,28.866712534248776,0.01599126037,0.01599926,0.09563472192823372,893.8810480318581,6.0,-0.060384268689805065,0.0,0.0,0.0,18.0,0.0
2022-08-06,12126.883902896845,-0.00017020979731463548,-1.3383700000000185,0.2886611268639211,0.288667584015929,0.14876713259550917,866.71407,6.0,-0.060544200492985034,0.0,0.0,0.0,18.0,0.0
2022-08-07,12134.203052486435,0.0006035474280281505,7.748170000000021,0.15036934103500002,0.15037793,0.12827313937180002,840.1063800000001,6.0,-0.05997719436144644,0.0,0.0,0.0,18.0,0.0
2022-08-08,12143.055536408307,0.0007295480291189538,8.945100000000032,0.0,0.0,0.09261607812600002,849.0514800000001,6.0,-0.05929140257626586,0.0,0.0,0.0,18.0,0.0
2022-08-09,12117.103457464656,-0.00213719511253474,-25.561840000000036,0.14563278959999998,0.1456288,0.09897735404800001,839.44804,6.0,-0.06130188039299933,0.0,0.0,0.0,18.0,0.0
2022-08-10,12172.343468113791,0.004558846166746733,55.88997600000005,0.294550469558,0.294513116,0.06090176530656001,1044.752248,6.0,-0.05702250006869669,0.0,0.0,0.0,18.0,0.0
2022-08-11,12161.451926857617,-0.0008947776806254026,-10.247890255388711,0.3682507430822482,0.3682619471286838,-0.09286168942172644,989.688172001979,6.0,-0.05786625528896716,0.0,0.0,0.0,18.0,0.0
2022-08-12,12188.89578244448,0.002256626573201803,27.93826648117711,0.1878568451125,0.18785022499999998,0.11870382420174408,1044.1068884831561,6.0,-0.05574021124514206,0.0,0.0,0.0,18.0,0.0
2022-08-13,12208.686869377823,0.001623698100844173,20.34165674517057,0.17542110049999998,0.17541700000000002,0.19973171132329726,1080.8505452283266,6.0,-0.054207018419437314,0.0,0.0,0.0,18.0,0.0
2022-08-14,12176.647645443332,-0.0026242972956290744,-31.92063026648882,0.0,0.0,0.118593667996398,1048.9299149618378,6.0,-0.05668906038322419,0.0,0.0,0.0,18.0,0.0
2022-08-15,12152.32811896445,-0.0019972267562479162,-23.85399714864696,0.1865479007,0.18656260000000002,0.09241882953789782,966.2787178131907,6.0,-0.05857306623128811,0.0,0.0,0.0,18.0,0.0
2022-08-16,12171.354504610503,0.001565657663272102,19.84148343862671,0.3425695957715,0.342543543,0.12998465380254204,1090.3312872518177,6.0,-0.05709911393802247,0.0,0.0,0.0,18.0,0.0
2022-08-17,12121.898808667824,-0.0040632861300642364,-49.03552599380461,0.16510497161749998,0.165122765,0.08994221225732339,970.1222312580129,6.0,-0.06093039003038336,0.0,0.0,0.0,18.0,0.0
2022-08-18,12088.125335222438,-0.002786153718857709,-33.299048692165364,0.16853843703678234,0.16853194228292384,0.13735437390051106,962.802198,6.0,-0.06354678231646649,0.0,0.0,0.0,18.0,0.0
2022-08-19,12010.487863051483,-0.006422623030283625,-77.10170099999999,0.27942956351825,0.27946496350000005,-0.023123356065319994,744.1005700000002,5.0,-0.06956126831914389,0.0,0.0,0.0,18.0,0.0
2022-08-20,12001.258557266554,-0.0007684372100589254,-8.450826200000018,0.37421597201655,0.3743035369,0.029960076011139994,385.39021,4.0,-0.07027625206224741,0.0,0.0,0.0,17.0,0.0
2022-08-21,12024.134040257059,0.0019060903388881112,23.16400499999997,0.11389914110999999,0.11384222000000001,0.060780648383200006,636.2386550000001,6.0,-0.06850411460846839,0.0,0.0,0.0,16.0,0.0
2022-08-22,12015.383425543127,-0.0007277542552864835,-8.687285000000012,0.0,0.0,0.06332971393350001,627.55137,6.0,-0.06918201470284391,0.0,0.0,0.0,18.0,0.0
2022-08-23,12003.252719606007,-0.0010095979052429094,-12.057545000000006,0.0,0.0,0.0731609371203,615.493825,6.0,-0.07012176659096236,0.0,0.0,0.0,18.0,0.0
2022-08-24,11993.161827769873,-0.000840679778378095,-10.04006999999998,0.0,0.0,0.0508218361354,605.453755,6.0,-0.07090349641814331,0.0,0.0,0.0,18.0,0.0
2022-08-25,12004.4967633382,0.0009451165364984249,11.395354999999991,0.0,0.0,0.0604194316713,616.84911,6.0,-0.07002539194860524,0.0,0.0,0.0,18.0,0.0
2022-08-26,11955.678265513781,-0.0040666842423174865,-48.884484999999984,0.0,0.0,-0.06598717558525001,567.9646250000001,6.0,-0.07380730503292321,0.0,0.0,0.0,18.0,0.0
2022-08-27,11968.431968296436,0.0010667485774891183,12.979258999999995,0.15370078460450004,0.15370289100000004,-0.08184745825738,572.518302,6.0,-0.0728192902930862,0.0,0.0,0.0,18.0,0.0
2022-08-28,11947.377926807003,-0.0017591311497783257,-20.96912,0.07867053962450002,0.078692751,-0.0724418011903,462.70368,6.0,-0.07445032276100527,0.0,0.0,0.0,18.0,0.0
2022-08-29,11953.13287329608,0.00048169117310359333,5.867386500000006,0.094448650278375,0.09446964325,-0.0764782826063,384.59918000000005,5.0,-0.07400449365121031,0.0,0.0,0.0,18.0,0.0
2022-08-30,11921.541986842176,-0.0026428959494358972,-31.488796000000036,0.046694926025,0.04670505,0.008690477875320003,312.614484,5.0,-0.07645180342413538,0.0,0.0,0.0,17.0,0.0
2022-08-31,11926.372469338145,0.00040518940429845607,4.659200000000007,0.037592310535,0.03758993,-0.24646473650254,326.79582400000004,6.0,-0.07607759148052384,0.0,0.0,0.0,17.0,0.0
2022-09-01,11930.517893088541,0.0003475846290272866,3.764555634243869,0.031213872689153863,0.0312106092325376,-0.44329259806817434,343.61420609931906,6.0,-0.07575645025290856,0.0,0.0,0.0,18.0,0.0
2022-09-02,11933.772825867698,0.0002728240976901386,2.6929506929706912,0.06825805867551847,0.06824398247521049,-0.6984841273346809,402.61195802424925,6.0,-0.07550429434040296,0.0,0.0,0.0,18.0,0.0
2022-09-03,11933.422467558805,-2.935855357777406e-05,-1.035045355779269,0.0,0.0,-0.6846870468797018,401.57691266847,6.0,-0.07553143619711,0.0,0.0,0.0,18.0,0.0
2022-09-04,11932.469141831009,-7.988703411676568e-05,-1.2251899732236096,0.0,0.0,-0.27186424542091286,400.3517226952464,6.0,-0.07560528924880638,0.0,0.0,0.0,18.0,0.0
2022-09-05,11935.924154176095,0.00028954714267603876,3.2776672283929975,0.0,0.0,-0.1773451166976174,403.6293899236394,6.0,-0.0753376334016036,0.0,0.0,0.0,18.0,0.0
2022-09-06,11888.594362485992,-0.00396532275831718,-47.32251828234263,0.0661342922575,0.066127515,-0.12498839949770817,383.4159016412968,6.0,-0.0790042181276357,0.0,0.0,0.0,18.0,0.0
2022-09-07,11934.12692574166,0.003829936649142107,45.60351395373659,0.13118119475,0.13116454000000002,-0.1913950366793577,495.6384155950334,6.0,-0.07547686262893749,0.0,0.0,0.0,18.0,0.0
2022-09-08,11936.836739349377,0.00022706425233942618,2.6959631407744773,0.0,0.0,-0.013850466939990003,498.33437873580783,6.0,-0.07526693647397986,0.0,0.0,0.0,18.0,0.0
2022-09-09,11985.36650650582,0.004065546695169786,48.69229878539203,0.06342945450500001,0.06341899000000001,0.035683184447472455,588.8846975211999,6.0,-0.07150739102364756,0.0,0.0,0.0,18.0,0.0
2022-09-10,11991.082935395463,0.00047695069537856405,5.9795041411713346,0.068809203615,0.06879723,0.12546881791426906,642.7586616623712,6.0,-0.07106454582814248,0.0,0.0,0.0,18.0,0.0
2022-09-11,11987.59747214259,-0.0002906712656105537,-3.0351168860019366,0.18112988376,0.18111678000000003,0.08809970311231134,692.1385847763693,6.0,-0.07133456067227717,0.0,0.0,0.0,18.0,0.0
2022-09-12,11978.901943553406,-0.0007253770915640612,-8.592393421602416,0.09143050269169578,0.09142378689824668,-0.07971912200910213,710.4093651512602,6.0,-0.07200819330769281,0.0,0.0,0.0,18.0,0.0
2022-09-13,11911.856914262213,-0.005596926129550206,-67.1727717000841,0.0,0.0,-0.12774240889082866,643.2365934511761,6.0,-0.07720209489857743,0.0,0.0,0.0,18.0,0.0
2022-09-14,11913.397813311833,0.00012935842503059014,1.6426225633463511,0.22164839736627479,0.2216836971213697,-0.34160858076062567,503.6801956347624,5.0,-0.07708272321495191,0.0,0.0,0.0,18.0,0.0
2022-09-15,11909.622564169786,-0.0003168910499932176,-3.8414017170090538,0.050567771250000004,0.050542500000000004,-0.16726284620812992,600.9237939177533,6.0,-0.07737518743984917,0.0,0.0,0.0,17.0,0.0
2022-09-16,11941.740824207034,0.0026968327387533186,32.03897747548832,0.12018810940160915,0.12020170002662246,-0.31967237119430725,578.6002713399968,6.0,-0.07488702263975089,0.0,0.0,0.0,18.0,0.0
2022-09-17,11953.316299410306,0.0009693289591252707,11.409552124370922,0.0,0.0,-0.1659230788963721,590.0098234643677,6.0,-0.07399028384033302,0.0,0.0,0.0,18.0,0.0
2022-09-18,11905.229922689576,-0.004022848180057159,-47.83244511969034,0.1487060711125,0.148653125,-0.04342759506939253,753.9618283446772,6.0,-0.07771548034170117,0.0,0.0,0.0,18.0,0.0
2022-09-19,11942.651209243166,0.003143264497754039,37.59151445765977,0.11285141080046798,0.11284975140116855,-0.0554732581364536,798.1909400000001,5.0,-0.07481649615423103,0.0,0.0,0.0,18.0,0.0
2022-09-20,11919.220447259197,-0.001961939737956553,-23.17932211163025,0.1418597120487302,0.14185693683031506,-0.032276776540371685,786.1124915489999,6.0,-0.07663165043532794,0.0,0.0,0.0,17.0,0.0
2022-09-21,11884.140299972792,-0.002943157855132217,-34.94408943352765,0.0975885063775,0.09758382500000001,-0.059114478504993385,769.8939121154722,6.0,-0.07934926924652974,0.0,0.0,0.0,18.0,0.0
2022-09-22,12001.527208056974,0.009877610422055483,117.27989691008388,0.09438802812380716,0.09438215258009719,-0.2957813548021482,910.6759838653618,6.0,-0.07025543999336614,0.0,0.0,0.0,18.0,0.0
2022-09-23,12005.895926044697,0.0003640135052804805,4.171321905216567,0.04291441206000001,0.04293588,-0.28324637456496454,828.9755457705783,6.0,-0.06991700041706272,0.0,0.0,0.0,18.0,0.0
2022-09-24,11985.886616387008,-0.0016666236140097102,-20.248011290438487,0.0,0.0,-0.23870163275165576,808.7275344801398,6.0,-0.07146709870715673,0.0,0.0,0.0,18.0,0.0
2022-09-25,11977.540942689648,-0.0006962917274681013,-8.46199129043856,0.01895002025,0.018959499999999997,-0.15422711332324923,762.3465431897012,6.0,-0.0721136284850088,0.0,0.0,0.0,18.0,0.0
2022-09-26,11966.012581627028,-0.0009624981553209011,-11.574040000000002,0.06021697333905319,0.06022877159485061,-0.16612468231534386,703.57948,6.0,-0.07300671740593934,0.0,0.0,0.0,18.0,0.0
2022-09-27,11940.754073224918,-0.0021108542406927944,-25.23767999999996,0.03779148466,0.037791080000000005,-0.05475416254820003,679.9604400000002,6.0,-0.07496346510759677,0.0,0.0,0.0,18.0,0.0
2022-09-28,11931.07352948366,-0.0008107146066231863,-9.88428000000003,0.0397381659775,0.039758045000000006,-0.28323246971950006,590.5600700000001,6.0,-0.07571340573809415,0.0,0.0,0.0,18.0,0.0
2022-09-29,11946.01930642161,0.0012526766263754041,14.896920000000016,0.0133019457,0.013308599999999999,-0.07546748365540004,578.8397900000001,6.0,-0.0745555735253901,0.0,0.0,0.0,18.0,0.0
2022-09-30,11938.234441592032,-0.0006516702032610677,-7.70534,0.028128868530000004,0.02814294,0.02325302104479998,514.8485700000001,5.0,-0.07515865808289768,0.0,0.0,0.0,16.0,0.0
2022-10-01,11937.134210338609,-9.216029881187193e-05,-0.9843300000000029,0.0,0.0,0.11590125342240001,513.8642400000001,5.0,-0.07524389173732238,0.0,0.0,0.0,15.0,0.0
2022-10-02,11905.900305152882,-0.0026165329664029624,-31.009349500000024,0.08196657088237501,0.08197503525000002,0.0606140795974,448.99742,4.0,-0.07766354658047414,0.0,0.0,0.0,15.0,0.0
2022-10-03,11919.951016249997,0.0011801468798655623,14.196420000000005,0.07131087009999999,0.07130539999999999,0.003092632788300003,485.0742400000001,6.0,-0.07657505409278487,0.0,0.0,0.0,16.0,0.0
2022-10-04,11932.487549177433,0.0010517268829666193,12.718360000000008,0.08623249752750001,0.086207445,0.009387130035500003,598.0027100000001,6.0,-0.07560386325277224,0.0,0.0,0.0,18.0,0.0
2022-10-05,11931.124104423754,-0.0001142632454514958,-1.2426099999999947,0.030514599675000004,0.030499350000000005,0.059820804005400005,657.7588000000001,6.0,-0.07570948775543984,0.0,0.0,0.0,18.0,0.0
2022-10-06,11929.05933781486,-0.00017305717305615698,-1.9881900000000177,0.0,0.0,0.07657660889080001,655.7706100000001,6.0,-0.07586944285857156,0.0,0.0,0.0,18.0,0.0
2022-10-07,11935.895477863578,0.0005730661450435992,6.888450000000032,0.01076914188,0.010763759999999999,0.030777049404200008,684.18658,6.0,-0.07533985492267348,0.0,0.0,0.0,18.0,0.0
2022-10-08,11928.451130643807,-0.0006236940691695114,-7.013170000000023,0.14276722569,0.14276638,0.1456436140816,680.5561700000001,6.0,-0.07591655997115565,0.0,0.0,0.0,18.0,0.0
2022-10-09,11934.884501485592,0.000539329940771438,6.982153355843446,0.21331880368304287,0.21331183821393593,0.12215187215836432,715.4001997837154,6.0,-0.07541817410417706,0.0,0.0,0.0,18.0,0.0
2022-10-10,11893.840960405592,-0.0034389558671381604,-40.79728159554655,0.05054018676525001,0.05056546950000001,0.14515382818748468,573.4719791881689,5.0,-0.07859777019899084,0.0,0.0,0.0,18.0,0.0
2022-10-11,11894.716565483752,7.361836105546082e-05,1.2463704700371285,0.15571577028618838,0.15572325582910293,0.05932636576322059,544.7761780000001,6.0,-0.07852993807695996,0.0,0.0,0.0,17.0,0.0
2022-10-12,11887.429766695961,-0.0006126080220302255,-7.215250000000012,0.0,0.0,0.07154878779328,537.5609280000001,6.0,-0.07909443802895466,0.0,0.0,0.0,18.0,0.0
2022-10-13,11880.31390131967,-0.0005986041992210867,-7.077077999999993,0.014243609632500001,0.014250735,0.010293031656699998,501.98238000000003,6.0,-0.07964569596543669,0.0,0.0,0.0,18.0,0.0
2022-10-14,11878.666554256482,-0.00013866191389144689,-1.5857610000000222,0.025118449492500004,0.025131015,0.011336598696399997,450.134589,6.0,-0.07977331405469235,0.0,0.0,0.0,18.0,0.0
2022-10-15,11875.96212593038,-0.0002276710364542689,-2.5997609999999725,0.05468279492500001,0.05471015,-0.004725618824160001,338.11452800000006,5.0,-0.07998282301805437,0.0,0.0,0.0,16.0,0.0
2022-10-16,11875.090153189894,-7.342333456772376e-05,-0.8303999999999938,0.0280672266,0.028053199999999997,-0.014547686109320002,393.390528,5.0,-0.08005037374704793,0.0,1.0,0.0,15.0,0.0
2022-10-17,11881.605309435257,0.0005486405712560316,6.6837979999999835,0.08949533794600001,0.08954010800000002,-0.010393691308480002,220.99411,5.0,-0.07954565205857378,0.0,0.0,0.0,15.0,0.0
2022-10-18,11894.838544220122,0.00111375815306336,13.876548000000005,0.30096550634175,0.3008274535,0.04152025529174001,787.082025,6.0,-0.07852048852403137,0.0,0.0,0.0,17.0,0.0
2022-10-19,11859.730426468683,-0.002951542185370637,-34.88447859467528,0.11988676387539038,0.11984424860108986,-0.01609185570852152,922.2586436075045,6.0,-0.08124027417510749,0.0,1.0,0.0,18.0,0.0
2022-10-20,11844.7233010616,-0.0012653850355307528,-14.5380713071878,0.2246367091228294,0.2247490836646617,0.019668307103865294,458.22240497099324,6.0,-0.0824028589834147,0.0,1.0,0.0,18.0,0.0
2022-10-21,11846.929994784268,0.00018630183809098533,2.2866642086782045,0.06659512308250001,0.066620535,-0.05324517206956911,358.8613991796714,6.0,-0.08223190894941612,0.0,1.0,0.0,18.0,0.0
2022-10-22,11842.288490335919,-0.0003917896408937027,-4.595401853897415,0.058021530722,0.058050556,-0.06996949227363898,238.164885325774,5.0,-0.0825914809802325,0.0,1.0,0.0,18.0,0.0
2022-10-23,11849.698537452467,0.0006257276304824089,7.521999600868053,0.045718431792,0.045695584,0.020538468530828802,337.07805292664204,6.0,-0.08201743312144194,0.0,1.0,0.0,17.0,0.0
2022-10-24,11838.006340954773,-0.0009867083504899732,-11.499179027615089,0.07989942936500001,0.07986821,0.03324983071458483,450.456333899027,6.0,-0.08292321418578519,0.0,1.0,0.0,18.0,0.0
2022-10-25,11858.406135511339,0.0017232457872564666,20.462909770370448,0.028626968175749997,0.028622408499999998,0.005865837128696018,489.1579466693975,6.0,-0.08134286547804015,0.0,1.0,0.0,18.0,0.0
2022-10-26,11878.264828706406,0.0016746511266465536,19.930462085293755,0.009094058696,0.009098608000000001,0.053576223529295565,490.8911927546912,6.0,-0.07980443527271108,0.0,0.0,0.0,18.0,0.0
2022-10-27,11858.58238964017,-0.0016570129854882598,-18.271680467755402,0.6200267641837083,0.6197692831521322,0.17096255114147763,1502.5436385912,6.0,-0.0813292112726528,0.0,1.0,0.0,18.0,0.0
2022-10-28,11889.784758105896,0.0026312056062438582,32.11021282308347,0.3900639366761825,0.39025906620928713,0.1275213544711034,754.1357189957095,6.0,-0.07891199954306105,0.0,0.0,0.0,18.0,0.0
2022-10-29,12035.307964902275,0.012239347453045113,147.09230675185506,0.7543030904860903,0.7540874736282763,0.06070939136226058,1763.695457004117,6.0,-0.06763848347063794,0.0,0.0,0.0,18.0,0.0
2022-10-30,12004.687722928553,-0.00254420095131902,-29.658097668528324,0.333891817405,0.33389239000000004,0.29436009778772315,1731.746979335589,6.0,-0.0700105985279652,0.0,0.0,0.0,18.0,0.0
2022-10-31,12031.270463145154,0.00221436332457281,27.13038102205092,0.18902776441499997,0.18902877,0.16958427103472543,1754.85502035764,6.0,-0.06795126410510421,0.0,0.0,0.0,18.0,0.0
2022-11-01,12052.283088891943,0.0017465009876684867,21.033263257071813,0.03853080933591586,0.03855008437810491,-0.05644338343240718,1698.7881148585016,6.0,-0.06632344006730861,0.0,0.0,0.0,18.0,0.0
2022-11-02,12030.120748039375,-0.0018388500078457826,-21.85636959623135,0.21577453585,0.21580862,-0.12561189950944127,1540.5951452622705,6.0,-0.06804033121686626,0.0,0.0,0.0,18.0,0.0
2022-11-03,12049.821657620942,0.0016376319069595358,20.031879000000043,0.16391092068806962,0.1639271791311352,0.0031313186116316595,1495.593252,6.0,-0.06651412432726744,0.0,0.0,0.0,18.0,0.0
2022-11-04,12200.866629983417,0.01253503799925082,151.41110193147307,0.18422294749743018,0.1841964258495054,-0.0022898043525978115,1753.090945630484,6.0,-0.054812843403945766,0.0,0.0,0.0,18.0,0.0
2022-11-05,12172.512042295737,-0.002323981447186596,-27.216147123459947,0.535440395165,0.53549151,0.06750865905311207,1521.4154585070237,6.0,-0.05700944081999404,0.0,0.0,0.0,18.0,0.0
2022-11-06,12100.322762950744,-0.0059305161575653464,-71.99316839008242,0.0,0.0,0.19611095491628164,1449.4222901169414,6.0,-0.06260186156764258,0.0,0.0,0.0,18.0,0.0
2022-11-07,12123.112377198211,0.0018833889553133698,23.65367108181426,0.31512493718600004,0.315181828,0.23375006916372504,1245.5127051987556,5.0,-0.0608363762669879,0.0,0.0,0.0,18.0,0.0
2022-11-08,11957.865274224387,-0.013630749087555238,-163.95640107299783,0.5967267087918475,0.5969786220628789,0.09699656997176323,73.90322,1.0,-0.07363787997425175,0.0,0.0,0.0,17.0,0.0
2022-11-09,11772.41630192375,-0.015508535014220226,-184.41327264747966,0.5596992565275178,0.5595966002593559,-0.08359620363140001,300.11502,4.0,-0.08800439934851834,0.0,1.0,0.0,13.0,0.0
2022-11-10,11816.68080927134,0.0037600188620883213,44.37308166474988,0.15814915141974026,0.15817826017965042,-0.20775309444503398,228.0530620240507,6.0,-0.08457527868792714,0.0,1.0,0.0,16.0,0.0
2022-11-11,11808.787700077548,-0.0006679633072257385,-7.895777562356761,0.0112093925,0.011215,-0.02509276106413642,197.7272844616939,6.0,-0.08518674881229094,0.0,1.0,0.0,18.0,0.0
2022-11-12,11799.085781220003,-0.0008215846625374557,-9.707340817615215,0.0,0.0,-0.005421960069565694,188.0199436440787,6.0,-0.08593834534855282,0.0,1.0,0.0,18.0,0.0
2022-11-13,11788.772768468547,-0.0008740518496670457,-10.294264784637075,0.03682859882,0.03681636,-0.05489699199693802,226.68095885944163,6.0,-0.08673728262851066,0.0,1.0,0.0,18.0,0.0
2022-11-14,11794.82507013784,0.0005133953964640003,6.053041696360365,0.0,0.0,0.0007400270706511046,232.73400055580203,6.0,-0.0862684177536498,0.0,1.0,0.0,18.0,0.0
2022-11-15,11797.184632365392,0.00020005063352113162,2.3705572579127465,0.002540729,0.002542,0.005912301362970903,230.02055781371473,6.0,-0.08608562517175322,0.0,1.0,0.0,18.0,0.0
2022-11-16,11796.761370199081,-3.587823531636669e-05,-0.3955897189624249,0.0,0.0,0.02767244734779725,229.62496809475232,6.0,-0.08611841480675231,0.0,1.0,0.0,18.0,0.0
2022-11-17,11793.203625616758,-0.0003015865516540206,-3.5613638051075966,0.0,0.0,-0.00361922278338334,226.06360428964473,6.0,-0.08639402920265082,0.0,1.0,0.0,18.0,0.0
2022-11-18,11791.845577012942,-0.0001151551899659653,-1.3862916607279332,0.0,0.0,-0.028243056911942965,224.6773126289168,6.0,-0.08649923567177209,0.0,1.0,0.0,18.0,0.0
2022-11-19,11789.680587794686,-0.00018360054023058847,-2.0837744384476258,0.037956358255,0.037945690000000004,0.005312731553891665,265.2665581904692,6.0,-0.08666695490560383,0.0,1.0,0.0,18.0,0.0
2022-11-20,11768.69226283188,-0.0017802284639105714,-20.988617335290616,0.0,0.0,-0.00029237249032209103,244.27794085517857,6.0,-0.08829289638951099,0.0,1.0,0.0,18.0,0.0
2022-11-21,11767.045928246635,-0.00013989103873890407,-1.6026112457626338,0.03308645909736281,0.0330965508427842,-0.02245967045893352,202.30834792384755,6.0,-0.08842043604326066,0.0,1.0,0.0,18.0,0.0
2022-11-22,11781.199884420264,0.001202847023793252,14.259398602374308,0.038005957560000005,0.03799348,0.0294429911899984,266.47798652622186,6.0,-0.08732394527780463,0.0,1.0,0.0,18.0,0.0
2022-11-23,11805.284785765794,0.002044350455116195,24.18873524202496,0.021614401799999995,0.021603599999999997,0.06061589469819307,333.87392176824676,6.0,-0.08545811556995953,0.0,1.0,0.0,18.0,0.0
2022-11-24,11801.263933645547,-0.0003405976385335574,-3.9436075296549,0.008099948,0.008104,0.06104064259270331,313.72231423859193,6.0,-0.0857696063761364,0.0,1.0,0.0,18.0,0.0
2022-11-25,11802.865053910296,0.0001356736256177271,1.7083658822661139,0.024431656685,0.02442937,0.05838459083192311,324.57742012085805,6.0,-0.0856455694239836,0.0,1.0,0.0,18.0,0.0
2022-11-26,11800.860535328009,-0.00016983322041996818,-1.9480820783908452,0.0,0.0,0.0564365038975466,322.62933804246717,6.0,-0.08580085718153352,0.0,1.0,0.0,18.0,0.0
2022-11-27,11806.5090150301,0.00047864981415401964,5.665897712370043,0.0,0.0,0.017418010278688497,328.29523575483717,6.0,-0.08536327593172377,0.0,1.0,0.0,18.0,0.0
2022-11-28,11798.28498033046,-0.0006965678583882307,-8.179819999999982,0.0262080009334799,0.02620588787741861,-0.008199189170508332,328.56764000000004,6.0,-0.08600038247581121,0.0,1.0,0.0,18.0,0.0
2022-11-29,11816.542543509098,0.0015474760280054234,18.34471999999999,0.01207865631,0.012072620000000001,0.0630055450488,371.0576,6.0,-0.0845859899780863,0.0,1.0,0.0,18.0,0.0
2022-11-30,11848.327907804527,0.0026899039358081467,31.93326999999999,0.05456561577,0.05455270000000001,0.0387873888012,454.65395,6.0,-0.08212361422963455,0.0,1.0,0.0,18.0,0.0
2022-12-01,11846.586544727366,-0.00014697120899342941,-1.8348999999999966,0.0,0.0,-0.09353692284080001,452.81905,6.0,-0.08225851563175768,0.0,1.0,0.0,18.0,0.0
2022-12-02,11849.178644449206,0.00021880562067844167,2.7796655813591853,0.07561273957941597,0.07560542886498348,0.03634769107834383,484.84157331132616,6.0,-0.08205770863664819,0.0,1.0,0.0,18.0,0.0
2022-12-03,11835.462714506244,-0.0011575426748576811,-13.69653522482822,0.013704960921510483,0.013698111865577692,-0.008008354650036763,498.5412618176533,6.0,-0.08312026601195788,0.0,1.0,0.0,18.0,0.0
2022-12-04,11845.365437866729,0.0008366992993309452,9.962709794174488,0.0,0.0,0.059986433688137365,508.5039716118278,6.0,-0.08235311338095941,0.0,1.0,0.0,18.0,0.0
2022-12-05,11838.318658059914,-0.0005948976284250174,-7.021333664767218,0.0,0.0,0.025446142048293194,501.4826379470606,6.0,-0.08289901933754062,0.0,1.0,0.0,18.0,0.0
2022-12-06,11836.004085656154,-0.00019551529829653358,-2.273648096896471,0.0,0.0,0.04092430686780061,499.20898985016413,6.0,-0.083078326609343,0.0,1.0,0.0,18.0,0.0
2022-12-07,11814.482329189064,-0.0018183295909107722,-21.542250428542342,0.0,0.0,-0.02049396145100513,477.6667394216218,6.0,-0.08474559242061663,0.0,1.0,0.0,18.0,0.0
2022-12-08,11829.432310019904,0.001265394489092797,14.649190642813508,0.0,0.0,-0.3007901880222644,492.31593006443535,6.0,-0.08358743453714779,0.0,1.0,0.0,18.0,0.0
2022-12-09,11817.43855925843,-0.0010138906455650076,-12.027911765886529,0.0,0.0,-0.03416100441517232,480.28801829854876,6.0,-0.08451657666474888,0.0,1.0,0.0,18.0,0.0
2022-12-10,11815.346002073065,-0.00017707366743402453,-2.047802606079895,0.0,0.0,0.04475457928199661,478.24021569246884,6.0,-0.08467868467199391,0.0,1.0,0.0,18.0,0.0
2022-12-11,11801.600968880695,-0.0011633204131270558,-13.651939652734645,0.0,0.0,0.09309353963586116,464.58827603973424,6.0,-0.08574349664268521,0.0,1.0,0.0,18.0,0.0
2022-12-12,11795.468267485283,-0.0005196499535600196,-6.084892492927976,0.11557517016251641,0.1156072217734031,-0.18337348944881934,330.29694,5.0,-0.08621858999219678,0.0,1.0,0.0,18.0,0.0
2022-12-13,11794.48933881515,-8.299192943705958e-05,-1.2352000000000085,0.0306416081475,0.030626295,-0.3175392330134,390.31433,6.0,-0.08629442647449703,0.0,1.0,0.0,17.0,0.0
2022-12-14,11786.566260138137,-0.0006717610614084268,-7.559799999999985,0.1885671535125,0.18851902499999998,-0.013807501499999977,575.2685799999999,6.0,-0.08690821830038342,0.0,1.0,0.0,18.0,0.0
2022-12-15,11768.461196798224,-0.0015360761514695565,-17.95948000000002,0.0597600740875,0.059765825,0.026057440825999992,534.30545,6.0,-0.08831079681035492,0.0,1.0,0.0,18.0,0.0
2022-12-16,11727.609942793759,-0.0034712485618407785,-40.37600108542297,0.21544581652505992,0.2155296644572885,0.0442774380602,158.53772,3.0,-0.09147549664577281,0.0,1.0,0.0,18.0,0.0
2022-12-17,11730.057902205719,0.00020873472292315398,2.5633144008866102,0.08814768525055316,0.08815008288785924,-0.060942779210445816,151.51048517660504,5.0,-0.09128585603529626,0.0,1.0,0.0,15.0,0.0
2022-12-18,11726.902018998084,-0.0002690424236561073,-3.153714363361323,0.0310462403625,0.031030725000000002,-0.05990812108806718,210.41822081324372,6.0,-0.09153033869099902,0.0,1.0,0.0,17.0,0.0
2022-12-19,11715.551939479532,-0.0009678668330446172,-11.382625726699288,0.0,0.0,-0.032546208147751096,199.03559508654442,6.0,-0.09240961634500722,0.0,1.0,0.0,18.0,0.0
2022-12-20,11720.776821861546,0.00044597833793957875,5.244620000000001,0.030324957479500578,0.03034012754327221,-0.040927467037520864,143.59996,5.0,-0.09200485069417486,0.0,1.0,0.0,16.0,0.0
2022-12-21,11716.070547600977,-0.00040153262297348835,-4.694690428238016,0.011151506243488055,0.011157084785880995,-0.010724758698300002,116.5911,4.0,-0.09236944036812278,0.0,1.0,0.0,15.0,0.0
2022-12-22,11719.169549151973,0.0002645086113475248,3.083319999999997,0.0,0.0,-0.0156815509975,119.67442,4.0,-0.09212936426917795,0.0,1.0,0.0,12.0,0.0
2022-12-23,11718.804991867679,-3.1107774553951195e-05,-0.37060000000000315,0.0,0.0,-0.006042715705800002,119.30382,4.0,-0.0921576061042384,0.0,1.0,0.0,12.0,0.0
2022-12-24,11718.350301380347,-3.880007284418063e-05,-0.45309999999998996,0.0,0.0,0.0015904873316999989,118.85072,4.0,-0.09219283045525262,0.0,1.0,0.0,12.0,0.0
2022-12-25,11720.537622168918,0.00018665774040860228,2.1796999999999964,0.0,0.0,-0.007620788571999999,121.03042,4.0,-0.09202338122025877,0.0,1.0,0.0,12.0,0.0
2022-12-26,11724.217937743295,0.00031400569607109574,3.646370000000007,0.0,0.0,-0.033945574375700005,124.67679000000001,4.0,-0.09173827139006252,0.0,1.0,0.0,12.0,0.0
2022-12-27,11719.369773468537,-0.00041351707214087874,-4.664259999999993,0.08139463698000002,0.08135396,0.021155677772900006,282.72045,6.0,-0.09211385312081499,0.0,1.0,0.0,16.0,0.0
2022-12-28,11710.976634345794,-0.0007161766617983512,-8.305931392387645,0.06604998515708391,0.06605956637889446,-0.04490182117684803,236.0896313654013,6.0,-0.09276405999077986,0.0,1.0,0.0,18.0,0.0
2022-12-29,11708.961081035304,-0.00017210804644407496,-2.0555358913494732,0.013928644930657381,0.013935612737025893,-0.06784683852659484,206.16287,5.0,-0.0929202025960788,0.0,1.0,0.0,16.0,0.0
2022-12-30,11709.957305334216,8.50822111386762e-05,1.0294039999999882,0.0502916843865,0.050291367,-0.067403350295,208.46182000000002,5.0,-0.09284302624123641,0.0,1.0,0.0,17.0,0.0
2022-12-31,11712.777780330422,0.0002408612536035637,2.7267799999999984,0.00865186377,0.00864754,-0.1109943999812,228.48368,6.0,-0.09262452727532178,0.0,1.0,0.0,17.0,0.0
2023-01-01,11715.015921615986,0.00019108543912804699,2.2336599999999893,0.00661439115,0.0066177,-0.017713376716,217.48194,6.0,-0.09245114103466201,0.0,1.0,0.0,18.0,0.0
2023-01-02,11721.377126049223,0.0005429957992202361,6.317400000000006,0.014874019270000002,0.014881460000000001,-0.07355991250700002,194.03642,5.0,-0.09195834581665663,0.0,1.0,0.0,18.0,0.0
2023-01-03,11722.65028301829,0.00010861837780473671,1.2658100000000059,0.018705067860000004,0.018695720000000002,-0.04474775692430001,232.69367,6.0,-0.09185971580520025,0.0,1.0,0.0,17.0,0.0
2023-01-04,11726.148806344318,0.00029844132867240525,3.347220000000001,0.022718897765000003,0.022721530000000004,-0.19674375379070003,225.51195,6.0,-0.09158868921216412,0.0,1.0,0.0,18.0,0.0
2023-01-05,11723.162957874294,-0.00025463163732053484,-2.9250500000000232,0.1298410270325,0.129805425,-0.19884798201319998,364.99503,6.0,-0.09181999947159047,0.0,1.0,0.0,18.0,0.0
2023-01-06,11739.197895482648,0.0013677996003274018,15.989380000000011,0.1099592960575,0.10993651499999998,-0.2654534194018,472.10864,6.0,-0.09057779122984233,0.0,1.0,0.0,18.0,0.0
2023-01-07,11745.213698215985,0.0005124543249799274,6.401049999999999,0.29259106500750004,0.292530275,-0.1998740733362,721.66972,6.0,-0.09011175388572523,0.0,1.0,0.0,18.0,0.0
2023-01-08,11765.608640387378,0.00173644709201759,19.31977000000001,0.0,0.0,-1.0751721713942,740.98949,6.0,-0.08853178108669901,0.0,1.0,0.0,18.0,0.0
2023-01-09,11776.663130513127,0.0009395595641183974,11.538029999999981,0.20674913637,0.20675478000000003,0.07003595787940001,729.953,6.0,-0.08767540240422911,0.0,1.0,0.0,18.0,0.0
2023-01-10,11799.06910226607,0.0019025738874103304,22.660199999999996,0.137980681275,0.13798895,-0.021741384220799975,719.5383,6.0,-0.08593963744800126,0.0,1.0,0.0,18.0,0.0
2023-01-11,11819.896493897615,0.00176517244292973,20.895370000000025,0.2641495391375,0.26409999500000003,-0.46027116568059995,938.6102200000001,6.0,-0.08432616328484999,0.0,1.0,0.0,18.0,0.0
2023-01-12,11847.723612374062,0.0023542607577666796,27.955449999999995,0.2161249396225,0.216071555,-0.30386497107040006,1180.10416,6.0,-0.08217042830415788,0.0,1.0,0.0,18.0,0.0
2023-01-13,11893.920524222778,0.0038992226152596565,45.95052000000003,0.09012357996,0.09010904,-0.42662446867520004,1284.21452,6.0,-0.0785916064812473,0.0,0.0,0.0,18.0,0.0
2023-01-14,12009.753094752812,0.00973880482000311,117.9184599999999,0.47113635801,0.47098002000000005,1.1437730919560003,2027.4850199999998,6.0,-0.06961818997725555,0.0,0.0,0.0,18.0,0.0
2023-01-15,11988.949665376298,-0.0017322112463413752,-19.748369999999902,0.0,0.0,1.0550593765173002,2007.7366500000003,6.0,-0.07122980781196842,0.0,0.0,0.0,18.0,0.0
2023-01-16,11992.87754212605,0.0003276247594146131,5.007499999999895,0.2203851789175,0.220430235,0.6388078363244001,1832.51982,6.0,-0.07092551970120131,0.0,0.0,0.0,18.0,0.0
2023-01-17,12016.985708002609,0.002010206957577587,24.807140000000096,0.11161488963750002,0.11167072500000001,0.47568850880800007,1633.98551,6.0,-0.06905788771679688,0.0,0.0,0.0,18.0,0.0
2023-01-18,11941.15223939782,-0.006310523324854156,-75.98407000000005,0.0,0.0,-0.15060139521,1558.00144,6.0,-0.07493261963044906,0.0,0.0,0.0,18.0,0.0
2023-01-19,11965.627593890504,0.0020496643876570797,24.870049999999946,0.025671277940000004,0.02568412,0.34334010937680004,1531.50325,6.0,-0.07303654196472242,0.0,0.0,0.0,18.0,0.0
2023-01-20,12097.204531886147,0.010996242107921272,132.43429142312615,0.19627510176532087,0.19625303202430872,0.4648252936872235,1752.2165054717436,6.0,-0.06284342735497062,0.0,0.0,0.0,18.0,0.0
2023-01-21,12099.212885428584,0.00016601798681192825,3.3440427610002645,0.3995606238768137,0.39959417911637185,0.5365344155692744,1621.33959,6.0,-0.06268784250745241,0.0,0.0,0.0,18.0,0.0
2023-01-22,12091.060827853338,-0.0006737675956642875,-7.502420000000088,0.1266229773,0.1266064,0.39640819794499993,1680.1463700000002,6.0,-0.06331937306619306,0.0,0.0,0.0,18.0,0.0
2023-01-23,12131.466342189706,0.003341767518304728,41.32843000000003,0.20644058315000002,0.20646862,0.5100064604796001,1609.3274,6.0,-0.0601892041720804,0.0,0.0,0.0,18.0,0.0
2023-01-24,12079.182000433691,-0.004309812209113195,-51.49262,0.2738866287075,0.273893585,0.24394154230820003,1530.00961,6.0,-0.06423961221419583,0.0,0.0,0.0,18.0,0.0
2023-01-25,12130.442111598026,0.00424367404700865,51.30260999999998,0.0,0.0,0.042498835670000054,1581.31222,6.0,-0.06026855014233046,0.0,0.0,0.0,18.0,0.0
2023-01-26,12112.694346589413,-0.0014630765181793404,-17.088339999999967,0.2531285048125,0.253192825,0.15310367879999998,1306.94313,6.0,-0.061643449160011854,0.0,0.0,0.0,18.0,0.0
2023-01-27,12132.876792393814,0.00166622266086347,20.660009999999957,0.16757361265249998,0.167547795,0.14244278794300003,1430.8737500000002,6.0,-0.060079938211032524,0.0,0.0,0.0,18.0,0.0
2023-01-28,12126.337672090152,-0.0005389587659673234,-6.094789999999968,0.16534337267,0.16537127000000001,0.11361566099400001,1313.18964,6.0,-0.06058651636764223,0.0,0.0,0.0,18.0,0.0
2023-01-29,12185.52243131978,0.004880678802623661,59.25658,0.0,0.0,0.07182077037180003,1372.44622,6.0,-0.056001540891178925,0.0,0.0,0.0,18.0,0.0
2023-01-30,12113.299221543806,-0.005926968678038991,-72.06535999999996,0.031252096135000004,0.03126773,0.09532994983610003,1237.8454000000002,6.0,-0.06159659019043395,0.0,0.0,0.0,18.0,0.0
2023-01-31,12127.16368006691,0.0011445650164774168,14.710069999999988,0.3374399706675,0.337494165,0.17067734122800002,1035.7781400000001,6.0,-0.06052252647622269,0.0,0.0,0.0,18.0,0.0
2023-02-01,12201.0344948698,0.006091351345765217,74.19068999999999,0.0,0.0,0.3198751971076001,1109.96883,6.0,-0.05479983910355746,0.0,0.0,0.0,18.0,0.0
2023-02-02,12188.809404243833,-0.0010019716468392392,-11.635120000000006,0.0,0.0,0.5899706259655999,1098.3337099999999,6.0,-0.05574690286536366,0.0,0.0,0.0,18.0,0.0
2023-02-03,12216.374006054566,0.0022614679495387424,28.246730000000014,0.136180574325,0.13617015000000002,0.40977746494520007,1168.2777400000002,6.0,-0.05361150474994103,0.0,0.0,0.0,18.0,0.0
2023-02-04,12197.212326477867,-0.001568524307392849,-18.595620000000036,0.021387688499999998,0.021377,0.5232948881929,1192.43612,6.0,-0.05509593810897773,0.0,0.0,0.0,18.0,0.0
2023-02-05,12160.502535688927,-0.0030096869519316005,-35.80115000000002,0.27313125937,0.27317246000000006,0.36233706957440004,991.83245,6.0,-0.057939803534878265,0.0,0.0,0.0,18.0,0.0
2023-02-06,12136.645717906136,-0.001961828280761857,-23.02403999999996,0.204565770955,0.20451899,0.42369302184160007,1155.9322300000001,6.0,-0.059787963870483685,0.0,0.0,0.0,18.0,0.0
2023-02-07,12188.067108891988,0.004236870069461274,52.16460999999997,0.19129363415,0.1912763,0.36064908000000007,1277.43344,6.0,-0.0558044076356593,0.0,0.0,0.0,18.0,0.0
2023-02-08,12154.511523834128,-0.0027531506643394543,-32.584479702384854,0.2727340867445205,0.27276403257823134,0.4256072361569873,1125.0656254540777,6.0,-0.05840392035804354,0.0,0.0,0.0,18.0,0.0
2023-02-09,12059.258341321045,-0.007836858135047087,-94.81900198362675,0.04830961311000001,0.04833378000000001,0.33753713634721316,933.5790634704512,5.0,-0.06578307525471405,0.0,0.0,0.0,18.0,0.0
2023-02-10,12066.559884587934,0.0006054720000374658,7.965701040272955,0.20006205817500003,0.20007015000000003,0.26402556521023535,909.177464510724,6.0,-0.06521743306481964,0.0,0.0,0.0,17.0,0.0
2023-02-11,12085.030128538716,0.00153069674600248,19.012894513312848,0.15946159109999997,0.1594224,0.22376657143645828,1084.954759024037,6.0,-0.06378656443139219,0.0,0.0,0.0,18.0,0.0
2023-02-12,12059.217740381744,-0.002135897708357093,-25.29840757542813,0.17383875440000002,0.173872,0.16626982714407684,926.6739514486087,6.0,-0.06578622056295624,0.0,0.0,0.0,18.0,0.0
2023-02-13,12033.50497835761,-0.0021322081230883416,-25.152571052565715,0.1812388266,0.18119880000000002,0.19775334496891403,1061.6277803960431,6.0,-0.06777815877217297,0.0,0.0,0.0,18.0,0.0
2023-02-14,12081.649253345651,0.004000852210110706,48.63068955495739,0.17080986866250003,0.17085387500000002,0.14475082325282979,934.2331199510004,6.0,-0.06404847695838312,0.0,0.0,0.0,18.0,0.0
2023-02-15,12169.533320007702,0.007274177955274963,88.08645793584444,0.0,0.0,0.20239127378968988,1022.3195778868447,6.0,-0.057240199022267846,0.0,0.0,0.0,18.0,0.0
2023-02-16,12113.203962139776,-0.004628719638354206,-54.54651247508017,0.62552678657,0.6253788400000001,0.5319397662769404,1559.5593454117648,6.0,-0.06160396982730432,0.0,0.0,0.0,18.0,0.0
2023-02-17,12185.142410442615,0.005938845620670152,72.40633997817473,0.0,0.0,0.4678916753345192,1631.9656853899396,6.0,-0.056030980673058894,0.0,0.0,0.0,18.0,0.0
2023-02-18,12178.692612213083,-0.0005293166064276322,-5.944960876455072,0.0,0.0,0.5048373530771921,1626.0207245134843,6.0,-0.05653063915094192,0.0,0.0,0.0,18.0,0.0
2023-02-19,12161.233980064533,-0.0014335391083802884,-16.97081560819177,0.0,0.0,0.4878165403540453,1609.0499089052928,6.0,-0.057883139377277515,0.0,0.0,0.0,18.0,0.0
2023-02-20,12175.045540826986,0.0011357038919812545,14.294291791125922,0.0,0.0,0.48273102867158785,1623.3442006964185,6.0,-0.05681317359196725,0.0,0.0,0.0,18.0,0.0
2023-02-21,12123.563394759523,-0.004228497207244608,-50.58468348943026,0.19497028045000003,0.19497720000000002,0.5075150975819359,1545.0813172069884,6.0,-0.06080143645334346,0.0,0.0,0.0,18.0,0.0
2023-02-22,12115.96623317339,-0.0006266442743572131,-7.133633812968348,0.0,0.0,0.4635277731620965,1537.9476833940198,6.0,-0.061389979855674515,0.0,0.0,0.0,18.0,0.0
2023-02-23,12102.33394413727,-0.0011251507947254158,-13.25012827577279,0.0,0.0,0.38216076034421625,1524.6975551182472,6.0,-0.062446057665777044,0.0,0.0,0.0,18.0,0.0
2023-02-24,12060.215711799392,-0.003480174364076438,-41.535259789771516,0.14705086347,0.14706246,0.28885922463607416,1436.7761753284756,6.0,-0.06570890886082736,0.0,0.0,0.0,18.0,0.0
2023-02-25,12035.359172672062,-0.00206103603130503,-24.074331651325252,0.31057273367265587,0.31067783183857517,0.1609569104891922,992.30918,5.0,-0.06763451646339258,0.0,0.0,0.0,18.0,0.0
2023-02-26,12077.316470991671,0.0034861691884424673,42.14985848742027,0.07408739051537128,0.07405036533270493,0.04442241196142622,1182.5597691528303,6.0,-0.0643841326423199,0.0,0.0,0.0,17.0,0.0
2023-02-27,12065.676683085863,-0.0009637727001494678,-11.515717598518906,0.0,0.0,0.12407030729121461,1171.0440515543112,6.0,-0.06528585367310591,0.0,0.0,0.0,18.0,0.0
2023-02-28,12028.051037410207,-0.003118403274339432,-37.492619197094086,0.0,0.0,0.13302647856256544,1133.5514323572174,6.0,-0.06820066932758317,0.0,0.0,0.0,18.0,0.0
2023-03-01,12068.324557612608,0.003348299743419769,40.69392459492873,0.13515698111750002,0.135164765,0.15008264640734803,1143.109826952146,6.0,-0.06508072586777391,0.0,0.0,0.0,18.0,0.0
2023-03-02,12041.653793628719,-0.0022099806693602897,-25.876720000000066,0.2448072259593349,0.24475903347607297,0.3044777244535146,1310.00304,6.0,-0.06714687939101849,0.0,0.0,0.0,18.0,0.0
2023-03-03,11953.07228137063,-0.007356258017063744,-88.15761999999994,0.17440472517750003,0.17447234500000006,0.07501518790319998,951.36613,5.0,-0.07400918763824127,0.0,0.0,0.0,18.0,0.0
2023-03-04,11917.3732596509,-0.0029865979958448863,-34.805904999999996,0.39832998621375004,0.3983661725,0.09642056101650001,771.8150799999999,5.0,-0.07677474994261169,0.0,0.0,0.0,17.0,0.0
2023-03-05,11926.709874669592,0.0007834457153661489,9.341190000000013,0.07042692008999998,0.07040958,-0.13626151877999998,850.51663,6.0,-0.07605145307613637,0.0,0.0,0.0,17.0,0.0
2023-03-06,11926.686100637198,-1.993343733852626e-06,-0.01133999999998947,0.0,0.0,0.012434032395000004,850.5052900000001,6.0,-0.0760532948231828,0.0,0.0,0.0,18.0,0.0
2023-03-07,11917.457004335673,-0.0007738189991461919,-8.990960787461573,0.10477596492020455,0.10477523290875018,0.02858431623517829,844.4423750300389,6.0,-0.07676826233784717,0.0,0.0,0.0,18.0,0.0
2023-03-08,11881.793077973782,-0.0029925785634398183,-35.57968136328652,0.0,0.0,0.08424499860313016,808.8626936667523,6.0,-0.07953110584506218,0.0,0.0,0.0,18.0,0.0
2023-03-09,11849.22639226955,-0.0027408898211335186,-32.18175661243313,0.13737307236175117,0.13744179325838035,0.11011422617488335,501.79735053755843,5.0,-0.08205400966772147,0.0,1.0,0.0,18.0,0.0
2023-03-10,11844.95803117004,-0.00036022276545366605,-3.829389588383481,0.253314929684417,0.2533994611950145,-0.06774287975531568,159.84191855914602,4.0,-0.08238467471089606,0.0,1.0,0.0,17.0,0.0
2023-03-11,11835.304471087748,-0.0008149931858676407,-9.596928181357269,0.032364544640000006,0.03235288,-0.00808552370496939,196.90355037778875,6.0,-0.0831325249482544,0.0,1.0,0.0,16.0,0.0
2023-03-12,11852.10599857462,0.0014196109215369734,16.895918041074403,0.061179948265000006,0.0611951,-0.027984494063648915,153.19252841886316,5.0,-0.08183092986706886,0.0,1.0,0.0,16.0,0.0
2023-03-13,11863.275245622728,0.000942385011528879,11.200120669315938,0.0,0.0,0.03087362121130699,164.3926490881791,5.0,-0.08096566109732617,0.0,1.0,0.0,15.0,0.0
2023-03-14,11869.699962049594,0.0005415634631957822,6.615089614084284,0.06334999394105786,0.0633316850985086,0.06369150818145718,244.2431088992806,5.0,-0.08046794567795412,0.0,1.0,0.0,15.0,0.0
2023-03-15,11845.341130831675,-0.0020521859268388676,-24.084188603067403,0.06619468158,0.06617284000000001,0.14227509327306778,307.52524029621316,6.0,-0.08235499641911104,0.0,1.0,0.0,17.0,0.0
2023-03-16,11854.410019423349,0.0007656080556488476,9.048604041995102,0.00420159975,0.004199500000000001,-0.028685649425018625,324.9728443382083,6.0,-0.08165244001214356,0.0,1.0,0.0,18.0,0.0
2023-03-17,11897.27949819932,0.00361633170319986,43.06442629884263,0.1465000888,0.14644240000000003,-0.09799496592970894,598.7924706370509,6.0,-0.07833139061640326,0.0,0.0,0.0,18.0,0.0
2023-03-18,11860.331165374855,-0.0031056119031293017,-36.65722337391929,0.45294045087421464,0.452714093827301,-0.6145450941539643,1467.5634349177335,6.0,-0.08119373562044563,0.0,1.0,0.0,18.0,0.0
2023-03-19,11879.694546939565,0.0016326172764247193,18.872804936607167,0.335021654236334,0.33518924886076434,-1.1607875311969857,816.0577421328119,6.0,-0.07969367663953231,0.0,0.0,0.0,18.0,0.0
2023-03-20,11843.041289166767,-0.003085370387931441,-37.34529533745976,0.3068847173727459,0.3067313516968975,-1.3056536337324665,1392.1751501891472,6.0,-0.08253316251745468,0.0,1.0,0.0,18.0,0.0
2023-03-21,11860.734345149625,0.0014939621969436434,17.61465000000001,0.35969284381952626,0.35985525009457353,-0.797954076776245,760.1647,6.0,-0.08116250174530637,0.0,1.0,0.0,18.0,0.0
2023-03-22,11816.194918054629,-0.0037551997877104393,-45.00355999999999,0.1089781621625,0.108942325,-0.6820533921624998,858.5097900000001,6.0,-0.08461292012369281,0.0,1.0,0.0,18.0,0.0
2023-03-23,11849.319824781025,0.0028033480283726764,33.230909999999994,0.028863311125,0.02887775,0.048262212480200024,833.9852000000001,6.0,-0.08204677155812368,0.0,1.0,0.0,18.0,0.0
2023-03-24,11818.118965942536,-0.0026331350068918846,-31.141729999999974,0.0600254189,0.0600122,-0.06090878041319995,855.7190700000001,6.0,-0.08446386633862335,0.0,1.0,0.0,18.0,0.0
2023-03-25,11816.526637700168,-0.00013473618322479286,-1.6012800000000116,0.0,0.0,-0.008951757629499978,854.11779,6.0,-0.0845872221828774,0.0,1.0,0.0,18.0,0.0
2023-03-26,11840.914360895636,0.002063865630164141,24.319050000000004,0.0,0.0,-0.0686731954668,878.4368400000001,6.0,-0.08269793321332752,0.0,1.0,0.0,18.0,0.0
2023-03-27,11822.404730772922,-0.0015631926351771241,-18.576769999999993,0.0431922232575,0.043186815,-0.15351891554549998,881.4931,6.0,-0.08413185304836124,0.0,1.0,0.0,18.0,0.0
2023-03-28,11851.614065594109,0.002470676269875849,29.29699,0.10480380188500002,0.10485623000000001,-0.12200485307339994,701.07763,6.0,-0.0818690393513527,0.0,1.0,0.0,18.0,0.0
2023-03-29,11870.97395595037,0.0016335235225439781,19.549610000000023,0.0418875254175,0.041892365,0.10593975332270003,701.2689100000001,6.0,-0.08036925083035718,0.0,1.0,0.0,18.0,0.0
2023-03-30,11858.951220876608,-0.001012784217906182,-11.941420000000027,0.0,0.0,0.08131507376410002,689.3274900000001,6.0,-0.08130063833941747,0.0,1.0,0.0,18.0,0.0
2023-03-31,11868.615682655352,0.0008149507995049987,9.646700000000019,0.0,0.0,-0.017761778741999943,698.97419,6.0,-0.08055194356012751,0.0,1.0,0.0,18.0,0.0
2023-04-01,11853.969987786517,-0.0012339850965297217,-14.593830000000015,0.027325806074999997,0.02731215,-0.002773087238399936,739.0046600000002,6.0,-0.08168652875880744,0.0,1.0,0.0,18.0,0.0
2023-04-02,11844.773060717516,-0.0007758520629356225,-9.099959999999978,0.052289435999999995,0.05228000000000001,-0.007602367001799958,767.6487000000002,6.0,-0.08239900415989143,0.0,1.0,0.0,18.0,0.0
2023-04-03,11833.202779347788,-0.0009768259223218445,-11.462920000000036,0.06132775078499998,0.06135842999999998,-0.015324811057499985,633.4689200000001,5.0,-0.08329534059897648,0.0,1.0,0.0,18.0,0.0
2023-04-04,11843.033922933506,0.0008308100325025158,10.128280000000013,0.14571395111250002,0.145696705,0.0057257581688000036,712.5816500000001,6.0,-0.08253373317110435,0.0,1.0,0.0,17.0,0.0
2023-04-05,11842.723527473256,-2.6209116875786087e-05,-0.006669958248162869,0.08609610315262561,0.08610276696914103,0.13152663187795643,685.9197139800341,6.0,-0.08255777915172124,0.0,1.0,0.0,18.0,0.0
2023-04-06,11828.171084920927,-0.001228808771780332,-14.483195748550855,0.005605196000000001,0.005608,0.05803360777690214,660.2205182314832,6.0,-0.08368514020030127,0.0,1.0,0.0,18.0,0.0
2023-04-07,11824.619498211534,-0.00030026507766023336,-3.511565235599668,0.0,0.0,0.04002147379128959,656.7089529958835,6.0,-0.0839602775528403,0.0,1.0,0.0,18.0,0.0
2023-04-08,11819.929129621298,-0.0003966612702375194,-4.460915002982277,0.07384575714195232,0.07384420899645056,0.08176362111219565,658.4406200000001,6.0,-0.08432363503273421,0.0,1.0,0.0,18.0,0.0
2023-04-09,11825.968249410867,0.0005109269034815345,6.21833231737817,0.07509227094768445,0.07508923393571659,0.029031022926121284,676.8070001888116,6.0,-0.08385579134299026,0.0,1.0,0.0,18.0,0.0
2023-04-10,11851.022706133908,0.0021185966505776754,25.32484,0.09430162282435847,0.09429502009440567,0.08178663403854147,728.5427600000002,6.0,-0.08191485129108322,0.0,1.0,0.0,18.0,0.0
2023-04-11,11850.262259150832,-6.416720328139558e-05,-0.29158999999999846,0.1314345541875,0.13139477500000002,0.2060276538912,887.3679200000001,6.0,-0.08197376224745012,0.0,1.0,0.0,18.0,0.0
2023-04-12,11842.528644211681,-0.0006526112899466474,-7.5756200000000025,0.0,0.0,0.15799493915340002,879.7923000000002,6.0,-0.0825728765346746,0.0,1.0,0.0,18.0,0.0
2023-04-13,11866.672470766363,0.0020387391308092084,24.332660000000008,0.0,0.0,0.18883344532080004,904.12496,6.0,-0.08070248195840024,0.0,1.0,0.0,18.0,0.0
2023-04-14,11889.701900876536,0.0019406813634492703,24.00533099999999,0.35730969181575006,0.3572714115,0.26131978651200005,1081.2515540000002,6.0,-0.07891841839767166,0.0,0.0,0.0,18.0,0.0
2023-04-15,11889.151750758218,-4.627114480293404e-05,0.6112339999999579,0.37289148713799997,0.37276027599999995,0.41573235518568,1606.7073400000002,6.0,-0.07896103789690934,0.0,0.0,0.0,18.0,0.0
2023-04-16,11896.178710079352,0.0005910395853669925,7.513182000000074,0.0,0.0,0.48622267886400006,1614.2205220000003,6.0,-0.07841666741064102,0.0,0.0,0.0,18.0,0.0
2023-04-17,11845.842552935868,-0.004231287909354897,-48.48206600000008,0.5226614957535001,0.5224974530000001,0.8089321947301601,2221.90947,6.0,-0.08231615182328933,0.0,1.0,0.0,18.0,0.0
2023-04-18,11888.811393012496,0.0036273350658353465,44.06355999999994,0.2748097713775,0.27494724500000006,0.544962906994,1716.07854,6.0,-0.0789874050214473,0.0,0.0,0.0,18.0,0.0
2023-04-19,11730.846026974757,-0.013286893097705366,-156.61457022160417,0.5124006980542534,0.512495679889198,0.32589943819050005,1179.53663,4.0,-0.09122480091256746,0.0,1.0,0.0,18.0,0.0
2023-04-20,11699.582246124615,-0.002665091740037484,-29.992382499999938,0.546165830188125,0.54624842375,0.1789840962034,819.1700000000001,4.0,-0.09364677018920642,0.0,1.0,0.0,16.0,0.0
2023-04-21,11666.827646042131,-0.002799638430964868,-31.76042000000004,0.40789130491500003,0.4079068900000001,0.17838188756800005,725.0692399999999,4.0,-0.09618423152341371,0.0,1.0,0.0,16.0,0.0
2023-04-22,11693.137268176013,0.0022550793525100143,26.71195514501172,0.2605577383969021,0.26057624079650377,-0.11880096806148221,677.7715967380195,6.0,-0.09414605524544928,0.0,1.0,0.0,16.0,0.0
2023-04-23,11672.0266809748,-0.0018053826545479934,-21.701823492690245,0.0,0.0,-0.5912362914740164,656.0697732453291,6.0,-0.095781468244863,0.0,1.0,0.0,18.0,0.0
2023-04-24,11669.144702490084,-0.0002469132879392433,-3.217301827832272,0.094000705525,0.09399255000000001,-0.5233165986442756,685.4745714174968,6.0,-0.09600473181555436,0.0,1.0,0.0,18.0,0.0
2023-04-25,11698.158101655708,0.0024863346805041875,28.20864197827011,0.0,0.0,-0.804757187354037,713.683213395767,6.0,-0.09375709702925561,0.0,1.0,0.0,18.0,0.0
2023-04-26,11698.880490523168,6.175235974614779e-05,0.11330178186512624,0.010732631,0.010738,-0.6305577165982942,692.3205151776322,6.0,-0.09370113439149397,0.0,1.0,0.0,18.0,0.0
2023-04-27,11714.85178604622,0.0013651986218672363,15.024539962390548,0.0,0.0,-0.9467555606598331,707.3450551400226,6.0,-0.09246385642916544,0.0,1.0,0.0,18.0,0.0
2023-04-28,11701.925937503414,-0.001103372776615208,-13.776437842040266,0.0,0.0,-0.8505892992383873,693.5686172979824,6.0,-0.09346520710377582,0.0,1.0,0.0,18.0,0.0
2023-04-29,11697.374073975516,-0.000388984134082615,-4.8376339356460605,0.0,0.0,-0.28577040774642376,688.7309833623364,6.0,-0.09381783475520633,0.0,1.0,0.0,18.0,0.0
2023-04-30,11699.536258433971,0.00018484357641135318,1.9906640568320508,0.0,0.0,-0.17152040162838073,690.7216474191684,6.0,-0.09365033280290236,0.0,1.0,0.0,18.0,0.0
2023-05-01,11685.15804929301,-0.001228955475102378,-15.26362193230295,0.0,0.0,-0.8854127913396986,675.4580254868654,6.0,-0.09476419618876142,0.0,1.0,0.0,18.0,0.0
2023-05-02,11688.876051769863,0.000318181616471902,2.639171861262877,0.019205077657500003,0.019214685000000002,-1.117250378245019,639.6678273481283,6.0,-0.09447616679741655,0.0,1.0,0.0,18.0,0.0
2023-05-03,11696.446884758489,0.0006476955487502156,7.106666022565683,0.0,0.0,-0.4641669660589594,646.774493370694,6.0,-0.09388966304136392,0.0,1.0,0.0,18.0,0.0
2023-05-04,11682.805328819248,-0.001166299139700011,-13.621143814460025,0.06651300897,0.06652546,-0.1126263441891866,583.349229556234,6.0,-0.09494645874783203,0.0,1.0,0.0,18.0,0.0
2023-05-05,11694.905177120363,0.0010356971601048759,11.982860655850438,0.008237211718503485,0.008233095170918026,-0.13345795215534692,611.7982805539204,6.0,-0.0940090973654144,0.0,1.0,0.0,18.0,0.0
2023-05-06,11670.548897771894,-0.0020826401736132594,-24.32110110590594,0.09471427416664524,0.09469686472400723,-0.1542328963275858,657.11495,6.0,-0.09589595041616938,0.0,1.0,0.0,18.0,0.0
2023-05-07,11664.415682152197,-0.0005255293194365018,-6.04683999999998,0.0874739973,0.0874808,-0.08857917760200003,623.8573100000001,6.0,-0.09637108360204694,0.0,1.0,0.0,18.0,0.0
2023-05-08,11643.517815015422,-0.001791591426971384,-21.024640000000012,0.025664761200000004,0.025677600000000002,-0.17811522442660002,551.47747,6.0,-0.097990017421829,0.0,1.0,0.0,18.0,0.0
2023-05-09,11641.520670543872,-0.00017152414788035308,-2.0319299999999902,0.063761073515,0.06379297,-0.1623395719653,421.85960000000006,6.0,-0.0981447339154703,0.0,1.0,0.0,18.0,0.0
2023-05-10,11643.989261828641,0.00021205058639939267,2.3791200000000012,0.0,0.0,-0.08947128477000003,424.23872,6.0,-0.09795349497744976,0.0,1.0,0.0,18.0,0.0
2023-05-11,11629.723130421677,-0.0012251927656556916,-14.100340000000013,0.071943760125,0.07197975000000001,0.021867896839600002,266.17888,4.0,-0.0990586758296883,0.0,1.0,0.0,18.0,0.0
2023-05-12,11630.557703165678,7.176204752612492e-05,1.147758300926312,0.14515524347088793,0.14518535915046318,0.02284495430500001,146.86392,4.0,-0.09899402243556499,0.0,1.0,0.0,16.0,0.0
2023-05-13,11627.27111533278,-0.0002825821355069147,-3.249369999999992,0.0298226488725,0.029807745,-0.022412560975899998,203.23004,5.0,-0.09924863062880962,0.0,1.0,0.0,14.0,0.0
2023-05-14,11625.663220469913,-0.00013828652027791932,-1.536028778929511,0.05451237324181532,0.05449877021670696,-0.03714505952202586,256.1061116544844,5.0,-0.09937319240131559,0.0,1.0,0.0,15.0,0.0
2023-05-15,11627.493807578581,0.0001574608754746354,1.761785210430811,0.0,0.0,-0.06880189823580798,257.8678968649152,5.0,-0.09923137891571521,0.0,1.0,0.0,15.0,0.0
2023-05-16,11628.007466806299,4.417626327901658e-05,0.5146628749347268,0.0,0.0,0.0010036472178583684,258.38255973984997,5.0,-0.09919158632395675,0.0,1.0,0.0,15.0,0.0
2023-05-17,11652.71796630633,0.0021250845917129,24.318472199268946,0.02997165834,0.02995668,-0.45195563910249675,342.61439193911883,6.0,-0.09727729224396853,0.0,1.0,0.0,17.0,0.0
2023-05-18,11642.191596995279,-0.000903340262888741,-10.556710059288523,0.025261514445,0.02524889,-0.0808511526808052,382.5554618798303,6.0,-0.09809275801210848,0.0,1.0,0.0,18.0,0.0
2023-05-19,11643.090111274078,7.717741726831484e-05,1.0154663426305648,0.058812022175000006,0.058810650000000006,-0.0006706083435142687,389.05962822246096,6.0,-0.09802315114055626,0.0,1.0,0.0,18.0,0.0
2023-05-20,11648.159989071824,0.0004354409138205284,5.0123028571605595,0.0108740343,0.010868599999999999,-0.07931757489146135,415.80913107962147,6.0,-0.09763039351724412,0.0,1.0,0.0,18.0,0.0
2023-05-21,11638.130572302285,-0.0008610301351413829,-10.064707071742806,0.0,0.0,-0.03529030220236765,405.74442400787865,6.0,-0.09840736094146141,0.0,1.0,0.0,18.0,0.0
2023-05-22,11639.941502378802,0.00015560317572194116,1.7932584173564061,0.0,0.0,-0.01767165915788703,407.53768242523506,6.0,-0.09826707026361636,0.0,1.0,0.0,18.0,0.0
2023-05-23,11656.74742169424,0.001443814757316586,16.910382489745437,0.059670774205,0.05966651,-0.014874109893076179,441.5048849149805,6.0,-0.09696513495250458,0.0,1.0,0.0,18.0,0.0
2023-05-24,11639.799482865088,-0.0014539166215105093,-16.73310279787205,0.09354847406,0.09352912000000001,0.02775843721784954,502.1880221171084,6.0,-0.09827807235260066,0.0,1.0,0.0,18.0,0.0
2023-05-25,11636.85595342765,-0.00025288489219865706,-2.746702033211484,0.08933316291,0.08936217999999999,0.018132061320899208,383.372960083897,6.0,-0.09850610420506689,0.0,1.0,0.0,18.0,0.0
2023-05-26,11639.810820381172,0.0002539231357119309,3.1158114813185116,0.12320682044975001,0.1231961995,-0.08545849215354054,428.9725705652156,6.0,-0.09827719404822155,0.0,1.0,0.0,18.0,0.0
2023-05-27,11653.727010627086,0.0011955684212279216,13.7156299289034,0.0,0.0,-0.2005603170096402,442.688200494119,6.0,-0.0971991227367246,0.0,1.0,0.0,18.0,0.0
2023-05-28,11699.506788764,0.003928337955331207,45.76083798662537,0.08014336156375,0.08013131250000001,-0.179214824351557,536.6452934807444,6.0,-0.09365261578446504,0.0,1.0,0.0,18.0,0.0
2023-05-29,11699.721763175685,1.8374655920583294e-05,-0.4213633221579407,0.2412896090678665,0.24124680505589446,-1.1188741479644946,707.4399780467975,6.0,-0.0936359619631355,0.0,1.0,0.0,18.0,0.0
2023-05-30,11733.145623597864,0.002856808144564571,29.98562746316382,0.12178360242000003,0.12180156,-3.681818121434596,665.5952855099613,6.0,-0.09104665379733146,0.0,1.0,0.0,18.0,0.0
2023-05-31,11723.445998511866,-0.0008266858178670455,-12.906692389491461,0.0,0.0,-3.2070673034923614,652.6885931204699,6.0,-0.09179807263773998,0.0,1.0,0.0,18.0,0.0
2023-06-01,11714.224361399647,-0.000786597824000701,-10.503884929497065,0.01500153548,0.01500904,-1.312258392755974,612.1666281909728,6.0,-0.09251246229755639,0.0,1.0,0.0,18.0,0.0
2023-06-02,11723.898015359953,0.0008258040534192546,6.1818335389491645,0.0,0.0,-3.491820421357859,618.3484617299218,6.0,-0.09176305541049423,0.0,1.0,0.0,18.0,0.0
2023-06-03,11702.491280984486,-0.0018259058844951603,-23.246294814892195,0.17686648942500485,0.1769205160921088,-2.19334744494338,378.9954984992472,5.0,-0.09342141059213616,0.0,1.0,0.0,18.0,0.0
2023-06-04,11697.343623674562,-0.0004398770472309188,-4.797899607356369,0.16039786304575002,0.1603619215,0.028997918027426045,517.9637818918909,6.0,-0.09382019370512762,0.0,1.0,0.0,17.0,0.0
2023-06-05,11633.103587183783,-0.00549184828261029,-63.69273493893004,0.2295636010139922,0.22958929497648045,0.08814865585669457,351.495197,4.0,-0.09879679571806421,0.0,1.0,0.0,18.0,0.0
2023-06-06,11661.949067229923,0.0024796031282587894,28.8690412451542,0.15140212412090062,0.1513506014002005,-0.2791915265045198,586.4551210455553,6.0,-0.0965621694335298,0.0,1.0,0.0,16.0,0.0
2023-06-07,11630.197219558793,-0.0027226879047476116,-31.774065823144788,0.0,0.0,-0.02221815201544159,554.6810552224106,6.0,-0.09902194868750458,0.0,1.0,0.0,18.0,0.0
2023-06-08,11639.855530323413,0.0008304511593644204,9.831954520220146,0.06526300499000001,0.06527488000000001,0.0431058706087252,517.0129697426306,6.0,-0.09827373042023013,0.0,1.0,0.0,18.0,0.0
2023-06-09,11649.391071150987,0.0008192147061216737,9.616588821252437,0.0,0.0,0.08104799367954973,526.629558563883,6.0,-0.09753502299929406,0.0,1.0,0.0,18.0,0.0
2023-06-10,11584.57831495633,-0.005563617514323216,-64.46657841507445,0.17859970435090733,0.17868904887534498,-0.011110973646242764,104.78488239811864,2.0,-0.10255599295139861,0.0,1.0,0.0,18.0,0.0
2023-06-11,11603.330010015006,0.0016186773958328793,18.74000307728796,0.11297944348649447,0.11292298199549672,-0.2375944068666205,349.37084946640005,6.0,-0.1011033206231633,0.0,1.0,0.0,14.0,0.0
2023-06-12,11634.726919307306,0.002705853342549247,31.101705252526536,0.0,0.0,-0.2952040397716024,380.4725547189266,6.0,-0.09867103803866517,0.0,1.0,0.0,18.0,0.0
2023-06-13,11623.855158268372,-0.0009344233959537318,-11.18534913175018,0.020252313277750005,0.020262444500000004,-0.3541028505966556,328.76231658717643,6.0,-0.09951326090817258,0.0,1.0,0.0,18.0,0.0
2023-06-14,11614.637074891169,-0.0007930315073348959,-9.418268396407928,0.021882878300000002,0.0218875,-0.24395539750523687,300.8572481907685,6.0,-0.10022737526420955,0.0,1.0,0.0,18.0,0.0
2023-06-15,11614.656474319594,1.6702569611837248e-06,-0.20124554989448182,0.03130222106,0.03131788,-0.28326507937995077,238.02024264087396,6.0,-0.10022587241271963,0.0,1.0,0.0,18.0,0.0
2023-06-16,11608.891326775298,-0.0004963683219596504,-6.016878392801215,0.0,0.0,-0.25173084850983124,232.00336424807276,6.0,-0.10067249178657289,0.0,1.0,0.0,18.0,0.0
2023-06-17,11607.844716886342,-9.015588650929107e-05,-1.1855643168714807,0.0,0.0,-0.13895442791536583,230.81779993120134,6.0,-0.10075357145533814,0.0,1.0,0.0,18.0,0.0
2023-06-18,11598.258474386148,-0.0008258417246268523,-9.751452805668084,0.0066158904,0.0066192,-0.17844539587011532,207.82794712553317,5.0,-0.10149620667675197,0.0,1.0,0.0,16.0,0.0
2023-06-19,11598.004606158587,-2.1888478181519844e-05,-0.40250555213427053,0.0254573223,0.0254446,-0.19953924686802027,258.31464157339894,6.0,-0.1015158735574282,0.0,1.0,0.0,17.0,0.0
2023-06-20,11600.948118817349,0.0002537947482101899,2.786476150176953,0.013391764993911561,0.013398464226024573,-0.18382673780436887,234.30418927152675,6.0,-0.10128784300478677,0.0,1.0,0.0,18.0,0.0
2023-06-21,11613.67641163631,0.0010971769452459146,12.869355682615884,0.06792462324133865,0.06790199283775754,0.005236247573943958,337.69515927862756,6.0,-0.10030179674571937,0.0,1.0,0.0,18.0,0.0
2023-06-22,11615.259462569074,0.00013630919931428842,1.5895266211760848,0.009724809975,0.009719950000000002,-0.012969071562457204,358.7245858998036,6.0,-0.10017915960400936,0.0,1.0,0.0,18.0,0.0
2023-06-23,11624.404894779353,0.0007873635745934138,8.936303199236399,0.0,0.0,-0.20912901104020398,367.66088909904,6.0,-0.09947067345062144,0.0,1.0,0.0,18.0,0.0
2023-06-24,11622.136030962682,-0.0001951810726835701,-2.072067457277408,0.0613776735,0.061347000000000006,0.07407168589225765,488.28282164176267,6.0,-0.09964643973056042,0.0,1.0,0.0,18.0,0.0
2023-06-25,11629.297691422165,0.0006162086246799259,7.287521338872385,0.0,0.0,0.12586087939569612,495.570342980635,6.0,-0.09909163410146105,0.0,1.0,0.0,18.0,0.0
2023-06-26,11622.013990462989,-0.0006263233732978213,-7.183965080587681,0.004111049468804198,0.004113106021815105,0.09151172309469097,480.16016585641717,6.0,-0.09965589406822284,0.0,1.0,0.0,18.0,0.0
2023-06-27,11626.787095136697,0.00041069514093039494,4.875113549635653,0.007156215319500001,0.0071526390000000006,0.0877000216092927,499.34055740605277,6.0,-0.0992861271187514,0.0,1.0,0.0,18.0,0.0
2023-06-28,11608.327384405244,-0.0015876880328508092,-18.288716602812816,0.03823437764062501,0.03824441875000001,0.09451533224766982,440.88740330324,5.0,-0.10071617975574765,0.0,1.0,0.0,18.0,0.0
2023-06-29,11604.532393888929,-0.0003269196664296148,-3.651410568412154,0.07076618456122667,0.07075692127558887,0.002056842061544924,474.2891352860056,6.0,-0.10101017332228734,0.0,1.0,0.0,17.0,0.0
2023-06-30,11604.953320446486,3.62725996421176e-05,0.5246221331579712,0.04874036718322697,0.04874585270958176,0.006209355706305565,452.87165200000004,5.0,-0.10097756462422203,0.0,1.0,0.0,18.0,0.0
2023-07-01,11613.258998449266,0.0007157011125711321,8.831778999999967,0.20803151276999998,0.20794734000000004,0.1101221444484,798.394511,6.0,-0.10033413326699714,0.0,1.0,0.0,17.0,0.0
2023-07-02,11621.775634902453,0.0007333545608794179,8.747506000000005,0.0,0.0,0.23086954681200003,807.1420170000001,6.0,-0.09967435920036094,0.0,1.0,0.0,18.0,0.0
2023-07-03,11619.08482805743,-0.00023153147415289066,-2.481780000000013,0.0,0.0,0.2090268450218,804.660237,6.0,-0.0998828129231929,0.0,1.0,0.0,18.0,0.0
2023-07-04,11607.54408760461,-0.0009932572679864915,-11.377649999999985,0.0,0.0,0.16309045282019,793.282587,6.0,-0.10077686086129645,0.0,1.0,0.0,18.0,0.0
2023-07-05,11598.031677125035,-0.0008195024208207391,-9.404186999999974,0.0,0.0,0.10822347957529999,783.8784,6.0,-0.10151377640067871,0.0,1.0,0.0,18.0,0.0
2023-07-06,11569.936758741644,-0.002422386760574491,-28.034473000000023,0.04231433225,0.0423355,-0.024204448860199984,671.172927,6.0,-0.1036902575332842,0.0,1.0,0.0,18.0,0.0
2023-07-07,11578.107797810011,0.0007062302274205567,8.383926000000002,0.15688991926675,0.1569303565,-0.10093334413558001,517.8079200000001,5.0,-0.10305725650002273,0.0,1.0,0.0,18.0,0.0
2023-07-08,11575.202345931633,-0.0002509435850067687,-2.8111199999999923,0.129129061825,0.12910215000000003,-0.16389933344860003,622.6441,6.0,-0.10328233852762247,0.0,1.0,0.0,17.0,0.0
2023-07-09,11569.473118972752,-0.0004949569595122938,-5.862580000000031,0.0,0.0,-0.13335304111600005,616.78152,6.0,-0.1037261751748858,0.0,1.0,0.0,18.0,0.0
2023-07-10,11576.975396441,0.0006484545485432314,7.431720000000015,0.0,0.0,-0.0705574682492,624.21324,6.0,-0.10314498233643765,0.0,1.0,0.0,18.0,0.0
2023-07-11,11576.684337348388,-2.5141203349288155e-05,-0.28830999999999163,0.0,0.0,0.0027490926174000077,623.92493,6.0,-0.1031675303508115,0.0,1.0,0.0,18.0,0.0
2023-07-12,11575.38571012385,-0.00011217609349067903,-1.0747299999999695,0.11112241507000001,0.11112506,0.0016497494675999835,612.27048,6.0,-0.10326813351377229,0.0,1.0,0.0,18.0,0.0
2023-07-13,11611.095587716594,0.003084983817127851,35.41181999999998,0.07567083462500002,0.07566865,-0.4493970773655001,656.4208000000001,6.0,-0.10050173021735953,0.0,1.0,0.0,18.0,0.0
2023-07-14,11558.37600059172,-0.004540448980598133,-52.06357423949999,0.2891031418088099,0.28907522288025,0.07783452068909999,716.03294,5.0,-0.10458585621944383,0.0,1.0,0.0,18.0,0.0
2023-07-15,11569.500672387056,0.0009624770637992608,11.28623000000005,0.17696108805750002,0.17690918500000002,-0.19231206839220005,934.9313999999999,6.0,-0.10372404064345364,0.0,1.0,0.0,17.0,0.0
2023-07-16,11569.439045680047,-5.3266522691552964e-06,-0.6305300000000514,0.1553846312,0.15536,-0.8796479241940001,1032.82567,6.0,-0.10372881479382634,0.0,1.0,0.0,18.0,0.0
2023-07-17,11565.643414799604,-0.0003280738906575875,-4.002150000000009,0.0,0.0,-0.2065191195590001,1028.82352,6.0,-0.10402285796864119,0.0,1.0,0.0,18.0,0.0
2023-07-18,11554.442444362652,-0.0009684692874604162,-11.296659999999985,0.030110937000000004,0.030126000000000003,-0.15592650004480002,957.27486,6.0,-0.10489058431296516,0.0,1.0,0.0,18.0,0.0
2023-07-19,11562.5390326702,0.0007007337953808257,8.408429999999994,0.212168033725,0.21221207,-0.1125384112742,789.5381900000001,6.0,-0.10426335089482963,0.0,1.0,0.0,18.0,0.0
2023-07-20,11590.194830458477,0.002391844707303026,27.610570000000017,0.0,0.0,-0.045227788279000015,817.1487599999999,6.0,-0.10212088793153007,0.0,1.0,0.0,18.0,0.0
2023-07-21,11577.451150608147,-0.0010995224874770226,-12.517869999999984,0.14594024685,0.14595270000000002,-0.06608309652529998,754.8182899999999,6.0,-0.10310812620628529,0.0,1.0,0.0,18.0,0.0
2023-07-22,11554.414694913055,-0.00198976919836813,-22.973189999999995,0.12838221900000002,0.1283772,-0.1934937239062,751.9211,6.0,-0.10489273403102672,0.0,1.0,0.0,18.0,0.0
2023-07-23,11557.97416956399,0.0003080618746098551,3.7575499999999744,0.14482932608750002,0.144855775,-0.0916097520228,649.883,6.0,-0.10461698560869548,0.0,1.0,0.0,18.0,0.0
2023-07-24,11523.021071158711,-0.003024154396998213,-34.94591999999999,0.011468607827500001,0.011474345000000002,-0.015764547550899993,591.98839,6.0,-0.10732476208866437,0.0,1.0,0.0,18.0,0.0
2023-07-25,11537.228277650358,0.0012329411188187755,14.675740000000005,0.229411878965,0.22941312000000003,0.009708509386400006,601.6999900000001,6.0,-0.10622414608209219,0.0,1.0,0.0,18.0,0.0
2023-07-26,11553.339804376548,0.0013964815758564786,16.07076999999999,0.11183934962,0.11184976000000002,-0.2644458358148001,576.12924,6.0,-0.10497600456915035,0.0,1.0,0.0,18.0,0.0
2023-07-27,11549.258007431605,-0.00035330017242263256,-4.1177800000000255,0.0,0.0,-0.035983055059900015,572.0114599999999,6.0,-0.10529221670105848,0.0,1.0,0.0,18.0,0.0
2023-07-28,11551.517911206103,0.00019567523498431605,2.501500000000011,0.082590164085,0.08259437,0.07641169141870002,557.6893,6.0,-0.10511714454531917,0.0,1.0,0.0,18.0,0.0
2023-07-29,11567.032985440343,0.0013431199564852836,15.555879999999995,0.0,0.0,0.04080576576,573.24518,6.0,-0.10391520952344135,0.0,1.0,0.0,18.0,0.0
2023-07-30,11553.758180325596,-0.0011476413295834487,-13.190059999999995,0.0,0.0,0.08474511474780001,560.05512,6.0,-0.10494359346380333,0.0,1.0,0.0,18.0,0.0
2023-07-31,11540.557818464198,-0.0011425167166712047,-13.501820000000007,0.0,0.0,-0.30145813859930004,546.5532999999999,6.0,-0.10596621037063458,0.0,1.0,0.0,18.0,0.0
2023-08-01,11555.895251254145,0.0013290027251029457,14.715230000000016,0.009130062685000002,0.009134630000000001,-0.6404674826312002,542.99927,6.0,-0.10477803702788302,0.0,1.0,0.0,18.0,0.0
2023-08-02,11532.962983997624,-0.0019844647911664293,-23.636730000000007,0.06994640959000001,0.06993702000000002,-0.8443461730720001,556.9209,6.0,-0.10655457349368014,0.0,1.0,0.0,18.0,0.0
2023-08-03,11535.342777864813,0.00020634713477285516,2.7194007436264043,0.17847578927417562,0.17849098882976072,-0.017359901664526577,498.84207840314775,6.0,-0.10637021358984466,0.0,1.0,0.0,18.0,0.0
2023-08-04,11533.633816008978,-0.00014815007137147784,-1.6070173628868225,0.0,0.0,0.10194449294814434,497.2350610402609,6.0,-0.106502604906481,0.0,1.0,0.0,18.0,0.0
2023-08-05,11528.816231628394,-0.00041769874589714373,-4.686969152829304,0.0,0.0,0.13061522775736722,492.5480918874316,6.0,-0.1068758176478739,0.0,1.0,0.0,18.0,0.0
2023-08-06,11528.232342359152,-5.064607306692892e-05,-0.7311047165065205,0.07300614791000001,0.07300158000000001,-0.2932231751782572,510.0886271709252,6.0,-0.10692105088047121,0.0,1.0,0.0,18.0,0.0
2023-08-07,11533.361450733257,0.0004449171583105205,4.962281799209569,0.0,0.0,-0.16682657489486577,515.0509089701347,6.0,-0.10652370473228201,0.0,1.0,0.0,18.0,0.0
2023-08-08,11522.397500925103,-0.0009506291686937063,-11.025339421098199,0.0,0.0,-0.06138961294328834,504.0255695490365,6.0,-0.10737306936009994,0.0,1.0,0.0,18.0,0.0
2023-08-09,11514.552158126366,-0.0006808776383653292,-7.688752018855414,0.11581166411820798,0.11581056776509055,-0.07503145200350667,500.72223,6.0,-0.1079808390765753,0.0,1.0,0.0,18.0,0.0
2023-08-10,11517.754973425222,0.0002781537010623225,3.3503355323266106,0.0916730405412262,0.09166890915664788,-0.03582171622844085,520.5981038456224,6.0,-0.10773272064554607,0.0,1.0,0.0,18.0,0.0
2023-08-11,11535.572844331367,0.0015469916617654178,17.577827520248267,0.0,0.0,-0.24004338589675175,538.1759313658706,6.0,-0.10635239060431867,0.0,1.0,0.0,18.0,0.0
2023-08-12,11535.385313384186,-1.625675202365784e-05,-0.3270642073333647,0.011250667522499999,0.011245045000000002,-0.16202897267197203,560.3389571585373,6.0,-0.10636691841190116,0.0,1.0,0.0,18.0,0.0
2023-08-13,11524.639585807117,-0.0009315447455925385,-10.570409999999983,0.08526374412997902,0.08525293857926866,0.004800894356353735,592.99075,6.0,-0.10719937761354226,0.0,1.0,0.0,18.0,0.0
2023-08-14,11520.073474993509,-0.0003962042178943248,-4.254834016140145,0.10371456880958937,0.10371479822047913,0.10384743044179166,587.8182724248181,6.0,-0.10755310898587045,0.0,1.0,0.0,18.0,0.0
2023-08-15,11502.770985941015,-0.0015019425952492726,-17.01399116011488,0.11144586852749999,0.111432785,0.06561923884831364,623.1383912647033,6.0,-0.10889351298548233,0.0,1.0,0.0,18.0,0.0
2023-08-16,11470.277588791514,-0.0028248321373358642,-32.31354647784433,0.08064241831249999,0.080646625,0.01856162834375374,573.9980947868589,6.0,-0.11141073922778943,0.0,1.0,0.0,18.0,0.0
2023-08-17,11440.309298166288,-0.0026126909652569585,-29.450147370731617,0.2740731658387892,0.27418379567162504,-0.030113707012817594,102.02861607287728,1.0,-0.11373234836123336,0.0,1.0,0.0,18.0,0.0
2023-08-18,11442.286930422077,0.00017286527874782465,2.119658010570359,0.10141170951449999,0.10136102900000002,-0.06074698373384707,306.8703320834477,6.0,-0.1135791434565877,0.0,1.0,0.0,13.0,0.0
2023-08-19,11453.014662547494,0.0009375513995277807,10.690787919967239,0.0,0.0,-0.0369442054470591,317.5611200034149,6.0,-0.11274807834196476,0.0,1.0,0.0,18.0,0.0
2023-08-20,11452.228065797564,-6.868032331275309e-05,-0.7745004627438239,0.0,0.0,0.012096287187764466,316.78661954067104,6.0,-0.11280901509080399,0.0,1.0,0.0,18.0,0.0
2023-08-21,11447.26426819455,-0.00043343509878557285,-4.976971601717973,0.0,0.0,-0.013173998707349765,311.8096479389531,6.0,-0.11319355480298976,0.0,1.0,0.0,18.0,0.0
2023-08-22,11440.03752453024,-0.0006313074892827508,-7.244669876646183,0.0062661073790000014,0.006269242000000001,-0.03046156171743408,292.02649406230694,6.0,-0.11375340235338693,0.0,1.0,0.0,18.0,0.0
2023-08-23,11436.384290533668,-0.0003193375885995886,-3.7710566621693857,0.0,0.0,-0.11782266559444439,288.25543740013757,6.0,-0.11403641420478394,0.0,1.0,0.0,18.0,0.0
2023-08-24,11423.414509124073,-0.0011340805870199144,-12.827159280355344,0.08216163091536115,0.08218061905989109,-0.021720120736291447,199.47570000000002,5.0,-0.11504116830824096,0.0,1.0,0.0,18.0,0.0
2023-08-25,11418.519029450936,-0.0004285478452372704,-5.496277263722227,0.05782327219296622,0.057815836634648884,-0.7164366994164836,223.72165600557554,6.0,-0.1154204155086862,0.0,1.0,0.0,17.0,0.0
2023-08-26,11422.159653572558,0.00031883505314778127,2.987184117955882,0.0,0.0,-0.6534400036696636,226.70884012353144,6.0,-0.11513838052985159,0.0,1.0,0.0,18.0,0.0
2023-08-27,11432.077396922778,0.0008682896799745432,8.702038000000005,0.020202329843734837,0.02021243606176572,-1.256120116125735,194.98600600000003,5.0,-0.11437006431746,0.0,1.0,0.0,16.0,0.0
2023-08-28,11423.933209598095,-0.0007123978470330306,-8.958057999999998,0.05968168677,0.059662660000000006,-0.9332150220869201,262.135028,6.0,-0.11500098517690827,0.0,1.0,0.0,17.0,0.0
2023-08-29,11445.629185531408,0.0018991686606750768,19.718856000000002,0.06475605864,0.06474888,-2.1066248719572,310.568444,6.0,-0.11332022278322795,0.0,1.0,0.0,18.0,0.0
2023-08-30,11443.195809698986,-0.0002126030638401888,-3.66955999999999,0.079409330385,0.07939436999999999,-1.39498786796094,366.740424,6.0,-0.1135087336205094,0.0,1.0,0.0,18.0,0.0
2023-08-31,11428.06309517841,-0.0013224203074240215,-15.631286000000001,0.0,0.0,-0.4985714794246401,351.10913800000003,6.0,-0.11468104767352372,0.0,1.0,0.0,18.0,0.5
2023-09-01,11438.552856654824,0.0009178949563937167,10.300153999999985,0.08014244033500001,0.08015193000000001,-0.34990184674402,323.450632,6.0,-0.11386841787238344,0.0,1.0,0.0,18.0,0.0
2023-09-02,11428.21721882701,-0.0009035791465351606,-10.589839999999995,0.0399959975795,0.039998341,-0.33419651076908,303.48711000000003,6.0,-0.11466910789108009,0.0,1.0,0.0,18.0,0.0
2023-09-03,11453.443495506532,0.0022073676231813,24.299589999999995,0.053243641575,0.05322645000000001,-1.0331567710988,396.553,6.0,-0.11271485714403673,0.0,1.0,0.0,18.0,0.0
2023-09-04,11464.19454803855,0.0009386742542742965,5.870000000000016,0.0,0.0,-4.881052532019,402.423,6.0,-0.11188198542423766,0.0,1.0,0.0,18.0,0.0
2023-09-05,11467.828239523918,0.0003169600332708633,-0.4541911243289377,0.06866371307807786,0.06867612767923824,-4.225222450450976,352.31040423414754,6.0,-0.11160048750878937,0.0,1.0,0.0,18.0,0.0
2023-09-06,11489.662982914357,0.0019039998624312826,20.317152257313158,0.0,0.0,-1.5175911331279615,372.6275564914607,6.0,-0.10990897495922214,0.0,1.0,0.0,18.0,0.0
2023-09-07,11495.841226598492,0.0005377219239000031,0.5133946969056324,0.05623506078,0.056229640000000004,-5.777313688005184,394.82407118836636,6.0,-0.10943035350079111,0.0,1.0,0.0,18.0,0.0
2023-09-08,11477.068782973662,-0.0016329769396428162,-24.61942030865848,0.0,0.0,-5.846976683827799,370.2046508797079,6.0,-0.11088463319667019,0.0,1.0,0.0,18.0,0.0
2023-09-09,11463.787047204321,-0.0011572411057642062,-14.297461641232657,0.08067951101250001,0.08067272500000001,-1.177078107907111,383.05123923847526,6.0,-0.11191355404690162,0.0,1.0,0.0,18.0,0.0
2023-09-10,11465.623033034179,0.0001601552630292602,0.7002828548465483,0.043325316505,0.043346989999999995,-1.222375281515918,297.0575420933218,5.0,-0.11177132232855724,0.0,1.0,0.0,18.0,0.0
2023-09-11,11461.838798142537,-0.0003300505241398133,-9.584029593401251,0.0749408328325,0.074936335,-5.9496718695906985,305.46484249992056,6.0,-0.11206448266917868,0.0,1.0,0.0,17.0,0.0
2023-09-12,11471.659366376593,0.0008568056493385434,6.5765119387628985,0.028959064808232036,0.028956032219341708,-3.30197139232235,324.17171,6.0,-0.11130369450168132,0.0,1.0,0.0,18.0,0.0
2023-09-13,11488.477587828145,0.0014660670191137815,15.221450000000003,0.040641078247500004,0.040638495000000004,-1.6780510248007998,349.72615,6.0,-0.11000080615818186,0.0,1.0,0.0,18.0,0.5
2023-09-14,11515.472475955845,0.002349735891577165,21.690540000000006,0.057416898,0.057399599999999995,-5.4191646257002,440.6086900000001,6.0,-0.10790954310893708,0.0,1.0,0.0,18.0,0.0
2023-09-15,11571.346713725912,0.004852101195737424,48.16553999999999,0.032816399999999996,0.032799999999999996,-7.7743141700673,554.37423,6.0,-0.10358102993634988,0.0,1.0,0.0,18.0,0.0
2023-09-16,11580.53811153346,0.0007943239481922326,-0.3400999999999894,0.012445873950000002,0.012452100000000002,-9.5563957815008,529.1299300000001,6.0,-0.10286898288081459,0.0,1.0,0.0,18.0,0.0
2023-09-17,11542.649007848131,-0.0032717912864165255,-42.175394999999995,0.03723043796875,0.0372490625,-4.360770815136999,412.45641,5.0,-0.10580420832539905,0.0,1.0,0.0,18.0,0.0
2023-09-18,11572.825007197904,0.0026143045092383854,25.63199999999999,0.038430979075,0.03842015000000001,-4.6208504788511995,481.40471,6.0,-0.10346650823508219,0.0,1.0,0.0,17.0,0.0
2023-09-19,11622.079229637924,0.004256024126294555,42.18108000000001,0.12604286259,0.12602772,-7.3252130226136005,584.15615,6.0,-0.09965084006409952,0.0,1.0,0.0,18.0,0.0
2023-09-20,11614.272136971336,-0.0006717466395065319,-12.858269999999996,0.075218554465,0.07521703,-5.2016129178798,577.39574,6.0,-0.10025564658666897,0.0,1.0,0.0,18.0,0.0
2023-09-21,11587.833054289462,-0.0022764304443764205,-27.781810000000007,0.20591330964750001,0.205903265,-1.7545438927742003,589.79252,6.0,-0.10230385202493486,0.0,1.0,0.0,18.0,0.0
2023-09-22,11587.965189992108,1.1402969133822438e-05,-0.6561199999999929,0.0,0.0,-0.7882557026503002,589.1364000000001,6.0,-0.10229361562346795,0.0,1.0,0.0,18.0,0.0
2023-09-23,11585.971311839452,-0.00017206456180751672,-2.852150000000027,0.0,0.0,-0.8582718473438002,586.28425,6.0,-0.10244807907912745,0.0,1.0,0.0,18.0,0.0
2023-09-24,11578.542191127131,-0.0006412169089983211,-7.890640000000015,0.112153828865,0.11217891,-0.6858520265410001,478.06907,6.0,-0.1030236045475258,0.0,1.0,0.0,18.0,0.0
2023-09-25,11591.899458482225,0.0011536225489017227,13.029320000000013,0.09035397909000001,0.09035118,-0.5086525141806,502.29475,6.0,-0.10198883235189926,0.0,1.0,0.0,18.0,0.0
2023-09-26,11607.143396636371,0.0013150509292065848,13.951760000000004,0.0,0.0,-1.2921781541446,516.24651,6.0,-0.10080790193144584,0.0,1.0,0.0,18.0,0.0
2023-09-27,11633.138882015168,0.0022396109439235534,20.495790000000014,0.1196186775,0.11964000000000001,-5.738954056293902,451.4523,6.0,-0.09879406146792191,0.0,1.0,0.0,18.0,0.0
2023-09-28,11632.673464678377,-4.000788965996538e-05,-4.873957500000006,0.18122326585187498,0.18123540625,-4.7709988353143,398.01675,5.0,-0.09883011681567155,0.0,1.0,0.0,18.0,0.0
2023-09-29,11638.994036909091,0.0005433464843576097,5.410880000000016,0.02593626165,0.0259233,-0.9615517923622002,455.27423000000005,6.0,-0.09834046932783436,0.0,1.0,0.0,17.0,0.0
2023-09-30,11635.46847966392,-0.0003029091031400144,-4.865689999999999,0.0920794552575,0.092088085,-1.5243002950855002,415.88957,6.0,-0.09861359020760785,0.0,1.0,0.0,18.0,0.0
2023-10-01,11656.91762406587,0.0018434276573771058,20.92238999999999,0.10307514379,0.10304978000000001,-0.7328793257466002,538.26712,6.0,-0.09695194956981279,0.0,1.0,0.0,18.0,0.0
2023-10-02,11643.833973523915,-0.0011223936690557546,-13.255190000000006,0.18198026709749998,0.181964905,-0.5354846301442001,586.46032,6.0,-0.09796552498446875,0.0,1.0,0.0,18.0,0.0
2023-10-03,11617.129044153586,-0.002293482493056165,-27.06831999999998,0.0,0.0,-0.36339062967430014,559.392,6.0,-0.10003432526104994,0.0,1.0,0.0,18.0,0.0
2023-10-04,11603.753698379733,-0.001151346922550034,-12.88415000000003,0.2874352209475,0.287370715,-0.08361016209480002,804.53164,6.0,-0.10107049797106127,0.0,1.0,0.0,18.0,0.0
2023-10-05,11595.833979801024,-0.0006825135024897122,-7.503780000000005,0.2863932297275,0.28640608500000003,-0.15686073601460004,745.6067700000001,6.0,-0.10168402949398236,0.0,1.0,0.0,18.0,0.0
2023-10-06,11617.953922839013,0.0019075767276868216,22.120669999999983,0.0,0.0,0.0007269620106000012,767.72744,6.0,-0.09997042285453561,0.0,1.0,0.0,18.0,0.0
2023-10-07,11610.082407556949,-0.0006775302548402973,-7.522299999999968,0.246615895315,0.24662137,-0.14402198325340002,738.3064000000002,6.0,-0.10058022012330281,0.0,1.0,0.0,18.0,0.0
2023-10-08,11606.244987635228,-0.00033052477898209975,-3.546139999999998,0.14804671648,0.14804296,-0.004809754757600003,749.7861800000001,6.0,-0.10087750064725864,0.0,1.0,0.0,18.0,0.0
2023-10-09,11591.827012920918,-0.0012422600703043685,-14.170540000000004,0.13535805244000002,0.13536752000000002,-0.023290858130000005,697.7454,6.0,-0.10199444462651686,0.0,1.0,0.0,18.0,0.0
2023-10-10,11576.649059056143,-0.0013093668364665412,-15.508579999999991,0.123519300455,0.12352373,-0.5776691656832,664.51864,6.0,-0.1031702633196856,0.0,1.0,0.0,18.0,0.0
2023-10-11,11570.11220940515,-0.0005646581854253929,-6.605079999999997,0.072424807045,0.07242346999999999,-0.21307862605420003,663.2617399999999,6.0,-0.10367666557143507,0.0,1.0,0.0,18.0,0.0
2023-10-12,11556.54210414901,-0.0011728585696091365,-13.352466282749994,0.1803588253551957,0.180427006858625,-0.1431468588282,377.18326,5.0,-0.10472792607536019,0.0,1.0,0.0,18.0,0.0
2023-10-13,11561.375549415974,0.00041824321007144505,5.039553999999996,0.12257936312100001,0.122587642,-0.03905827208496,349.107298,6.0,-0.10435348460927474,0.0,1.0,0.0,17.0,0.0
2023-10-14,11564.012815831116,0.00022811008983047998,2.6803999999999952,0.060254481828,0.060239544000000006,-0.07736044096559999,411.53901,6.0,-0.10414917860219242,0.0,1.0,0.0,18.0,0.0
2023-10-15,11573.8684583647,0.0008522683855980429,9.869909999999988,0.0,0.0,0.014267466417600006,421.40892,6.0,-0.10338567326890313,0.0,1.0,0.0,18.0,0.0
2023-10-16,11586.417736567459,0.0010842768991115026,12.549430000000005,0.0,0.0,0.00015179724300001113,433.95835000000005,6.0,-0.10241349506701625,0.0,1.0,0.0,18.0,0.0
2023-10-17,11574.729423437266,-0.0010087943828663848,-11.37228,0.1540033557625,0.153975015,0.0080547594268,535.94912,5.0,-0.10331897529132927,0.0,1.0,0.0,18.0,0.0
2023-10-18,11569.962719226596,-0.00041181992565786363,-4.6856400000000065,0.022352320575,0.022341150000000004,0.03637074009300001,575.9457800000001,6.0,-0.10368824640426366,0.0,1.0,0.0,17.0,0.0
2023-10-19,11582.545318552837,0.0010875228928206582,12.680190000000007,0.06466174437000001,0.06465014000000001,-0.03172121061319999,635.0434500000001,6.0,-0.10271348685312398,0.0,1.0,0.0,18.0,0.0
2023-10-20,11614.959626980972,0.0027985479475063357,32.14217000000001,0.013635214199999999,0.013628399999999999,-0.2994020423379,694.4424200000001,6.0,-0.10020238752343169,0.0,1.0,0.0,18.0,0.0
2023-10-21,11630.746759132793,0.0013592068038832394,15.35987000000001,0.0,0.0,-0.4272621518186001,709.8022900000001,6.0,-0.09897937648643573,0.0,1.0,0.0,18.0,0.0
2023-10-22,11658.046866937799,0.002347236026230881,27.516319999999986,0.14596002476999997,0.14593193999999998,-0.07567976977360003,849.6576900000001,6.0,-0.09686446841854757,0.0,1.0,0.0,18.0,0.0
2023-10-23,11755.420378273679,0.008352472111947895,95.51165994214803,0.1678985879587956,0.1678723044265823,-2.197622286120767,1050.3034787953127,6.0,-0.0893210540777043,0.0,1.0,0.0,18.0,0.0
2023-10-24,11743.990862326169,-0.000972276241914205,-12.69173,0.18695721205295748,0.18694767939765633,-1.6361189439408692,1075.74237,6.0,-0.090206485580836,0.0,1.0,0.0,18.0,0.0
2023-10-25,11807.829327235242,0.005435840819142834,57.267570000000006,0.17539454983250002,0.175380835,-6.921670293904001,1187.86927,6.0,-0.0852609928581648,0.0,1.0,0.0,18.0,0.0
2023-10-26,11799.921277608486,-0.0006697293302263541,-14.338669999999972,0.017755767675000006,0.017764650000000003,-6.466140790918501,1138.0013000000001,6.0,-0.08587362040074986,0.0,1.0,0.0,18.0,0.0
2023-10-27,11784.480168222102,-0.0013085773220948838,-16.415940000000045,0.183545776125,0.18354975,-1.3419261397426008,1105.68986,6.0,-0.08706982545062214,0.0,1.0,0.0,18.0,0.0
2023-10-28,11782.792370142914,-0.00014322210696571247,-1.4372699999999778,0.131929899555,0.13195803,-0.013359850366000015,991.73081,6.0,-0.08720057723373376,0.0,1.0,0.0,18.0,0.0
2023-10-29,11787.617222683657,0.0004094829467562455,4.606469999999953,0.019758935590000005,0.019768820000000003,-0.25791029633600004,956.79964,6.0,-0.08682680143630195,0.0,1.0,0.0,18.0,0.0
2023-10-30,11845.993162021736,0.004952310397875914,56.75061000000008,0.0,0.0,-1.6253293380768004,1013.55025,6.0,-0.08230448430999326,0.0,1.0,0.0,18.0,0.0
2023-10-31,11867.057596152728,0.0017781906373646184,19.885329999999982,0.21867838715500004,0.21868251000000005,-1.6164650281512003,1016.9442,6.0,-0.0806726467360418,0.0,1.0,0.0,18.0,0.0
2023-11-01,11895.663151983075,0.002410501137166454,28.69707999999996,0.1254373667075,0.12541058500000002,-0.15932378205450004,1152.7681100000002,6.0,-0.07845660710557067,0.0,0.0,0.0,18.0,0.0
2023-11-02,11856.731912372854,-0.0032727254557246566,-38.72171,0.0296148,0.0296,0.15031481021959997,1173.2464,6.0,-0.08147256562605121,0.0,1.0,0.0,18.0,0.0
2023-11-03,11899.977672006773,0.0036473591503567437,43.58305000000002,0.07106708868,0.07110264,0.1951206373992,1074.62417,6.0,-0.07812236618343371,0.0,0.0,0.0,18.0,0.0
2023-11-04,11919.525183624162,0.0016426511171843128,19.872329999999952,0.0,0.0,0.324818382608,1094.4965,6.0,-0.07660804285833778,0.0,0.0,0.0,18.0,0.0
2023-11-05,11937.483776839204,0.0015066534059355874,18.235030000000037,0.0,0.0,0.2764367849588,1112.73153,6.0,-0.0752168112210968,0.0,0.0,0.0,18.0,0.0
2023-11-06,11976.12127347034,0.0032366533310896894,38.84142000000003,0.28771185625749995,0.287688215,-0.37147670239540015,1246.13798,6.0,-0.0722236086325998,0.0,0.0,0.0,18.0,0.0
2023-11-07,11961.749187509045,-0.0012000618257875795,-15.062090000000023,0.31152851330250003,0.311541045,-1.3130735970062009,1180.9490999999998,6.0,-0.07333699766274682,0.0,0.0,0.0,18.0,0.0
2023-11-08,12002.932962213541,0.003442955880357479,39.17667999999998,0.180450448875,0.18045675,-2.368001903370601,1194.92128,6.0,-0.07014653782974012,0.0,0.0,0.0,18.0,0.0
2023-11-09,11944.348578419618,-0.004880839039787421,-58.141938593749956,0.1614384061202735,0.16151916570312502,0.11948762834959989,813.74101,4.0,-0.07468500290918212,0.0,0.0,0.0,18.0,0.0
2023-11-10,11981.61623784198,0.003120108156395851,38.99623359262535,0.5294873131870494,0.529328540816641,0.6697583162577296,1487.8267252259072,6.0,-0.07179792003952379,0.0,0.0,0.0,16.0,0.0
2023-11-11,11970.173969654335,-0.0009549853676256159,-10.241874921663733,0.1830987819075,0.18311818500000002,0.8341762990792949,1399.9724803042436,6.0,-0.07268433944408559,0.0,0.0,0.0,18.0,0.0
2023-11-12,12015.296343959637,0.0037695671274027287,46.45634967374396,0.17173099,0.171716,0.9905283784407647,1506.3888299779878,6.0,-0.06918876081332825,0.0,0.0,0.0,18.0,0.0
2023-11-13,11936.708665241507,-0.00654063590846321,-77.31768596866553,0.0556562142,0.0556284,1.1587081352714939,1540.327944009322,6.0,-0.07527685822835384,0.0,0.0,0.0,18.0,0.0
2023-11-14,11947.450726818352,0.000899918216830109,11.737556726271654,0.15057573608249997,0.150577835,0.694341578347901,1543.6698307355937,6.0,-0.07444468302754914,0.0,0.0,0.0,18.0,0.0
2023-11-15,12073.122842644882,0.01051873899294975,126.5851878121069,0.1980690206252702,0.19806847486270157,0.516934490088915,1672.4380688222977,6.0,-0.0647090082247791,0.0,0.0,0.0,18.0,0.0
2023-11-16,12011.937158818428,-0.0050679252272934905,-59.616622647694086,0.33890336485000006,0.3389746,0.8911832139097078,1327.8808461746034,6.0,-0.06944899303685714,0.0,0.0,0.0,18.0,0.0
2023-11-17,12001.810985883356,-0.0008430091500801762,-9.723016829097094,0.0,0.0,0.40315610597632173,1318.1578293455063,6.0,-0.07023345605034337,0.0,0.0,0.0,18.0,0.0
2023-11-18,11987.236127176047,-0.001214388288938384,-13.266820000000015,0.44641008770291685,0.4463853396727532,0.4152432799345507,1403.8831300000002,6.0,-0.07136255365276245,0.0,0.0,0.0,18.0,0.0
2023-11-19,12021.456513727051,0.0028547353358145955,34.641539999999985,0.0,0.0,0.421153449,1438.52467,6.0,-0.06871153952051434,0.0,0.0,0.0,18.0,0.0
2023-11-20,11977.572796860253,-0.0036504492460367466,-43.03488,0.216197819,0.21624200000000005,0.41639704780000003,1218.7657900000002,6.0,-0.07211116077891433,0.0,0.0,0.0,18.0,0.0
2023-11-21,11891.415192165996,-0.00719324408671862,-85.32726999999997,0.21767144592999998,0.21764072,0.3950225283280001,1256.34224,6.0,-0.07878569168477367,0.0,0.0,0.0,18.0,0.0
2023-11-22,11977.11663270582,0.007207000946050979,86.95287000000002,0.4704178961700001,0.47050086,0.310510704,1011.4397900000001,6.0,-0.07214649929323025,0.0,0.0,0.0,18.0,0.0
2023-11-23,11961.293667260723,-0.0013210997212709241,-15.063120000000044,0.21045263009999998,0.2104082,0.33898461500000004,1174.0970699999998,6.0,-0.07337228629439418,0.0,0.0,0.0,18.0,0.0
2023-11-24,11973.73713673207,0.0010403113423598231,13.149120000000002,0.16878772665000003,0.1687679,0.36809490200000006,1266.55279,6.0,-0.07240830497368134,0.0,0.0,0.0,18.0,0.0
2023-11-25,11982.381801815967,0.0007219688377304578,9.234459999999949,0.10643299910000001,0.1064368,0.376925117,1260.58365,6.0,-0.07173861267573478,0.0,0.0,0.0,18.0,0.0
2023-11-26,11971.224511443543,-0.0009311412836747746,-10.557989999999982,0.106452154785,0.10644707,0.38640114764,1270.3648,6.0,-0.07260295517551363,0.0,0.0,0.0,18.0,0.0
2023-11-27,11949.934383475544,-0.001778441958685817,-20.909029999999966,0.0,0.0,0.381097968,1249.4557700000003,6.0,-0.07425227699239068,0.0,0.0,0.0,18.0,0.0
2023-11-28,11962.69129043173,0.0010675294563815552,13.48632999999998,0.1967146578125,0.19676327499999996,0.33594511099999996,1068.47335,6.0,-0.07326401402890192,0.0,0.0,0.0,18.0,0.0
2023-11-29,11967.378124499002,0.00039178759640989824,5.237849999999959,0.112554244725,0.11254755,0.325914138,1100.4900999999998,6.0,-0.07290093036445178,0.0,0.0,0.0,18.0,0.0
2023-11-30,11966.418000460963,-8.022843667609969e-05,-0.5954899999999261,0.0,0.0,0.36463403804159994,1099.8946099999998,6.0,-0.07297531007345248,0.0,0.0,0.0,18.0,0.0
2023-12-01,11988.45507737323,0.0018415767284261086,22.38208999999997,0.0,0.0,0.3450130877328001,1122.2767,6.0,-0.07126812297780738,0.0,0.0,0.0,18.0,0.0
2023-12-02,12041.505389038397,0.004425116607834845,54.26720000000005,0.40663758167749997,0.406595315,0.4036554381566,1345.6106100000002,6.0,-0.06715837612457076,0.0,0.0,0.0,18.0,0.0
2023-12-03,12043.861417628776,0.00019565897404527632,3.314919999999905,0.19741042621,0.19739228,0.564088703407,1421.51037,6.0,-0.06697585728949662,0.0,0.0,0.0,18.0,0.0
2023-12-04,12076.144174574587,0.0026804324482312403,32.976710000000026,0.021752770950000003,0.021741900000000005,0.6504583832380001,1497.9708799999999,6.0,-0.06447494910239238,0.0,0.0,0.0,18.0,0.0
2023-12-05,12133.90937686428,0.0047834144288632086,58.680099999999925,0.20004887416500003,0.20001933,0.51482950614,1674.8276399999997,6.0,-0.05999994507536577,0.0,0.0,0.0,18.0,0.0
2023-12-06,12129.126402788399,-0.0003941824458488785,-3.6661699999998807,0.19396260565,0.19399070000000002,0.72885077023,1558.7840700000002,6.0,-0.06037047659611394,0.0,0.0,0.0,18.0,0.0
2023-12-07,12168.818391417157,0.0032724523853286946,40.74859999999991,0.20998311345000004,0.2099449,0.6366833577922001,1752.38647,6.0,-0.05729558372092569,0.0,0.0,0.0,18.0,0.0
2023-12-08,12296.002467619397,0.010451637300458394,128.2952700000001,0.0,0.0,1.111193797759,1880.68174,6.0,-0.04744277908043637,0.0,0.0,0.0,18.0,0.0
2023-12-09,12269.4679498977,-0.002157979212477623,-24.34942000000001,0.28632364813,0.28635686,1.6124172135652997,1723.48484,6.0,-0.04949837776187638,0.0,0.0,0.0,18.0,0.0
2023-12-10,12320.781098389692,0.004182182039313309,52.445659999999926,0.0,0.0,1.1325115080097998,1775.9305,6.0,-0.045523206949013906,0.0,0.0,0.0,18.0,0.0
2023-12-11,12208.907978992254,-0.009080034658846436,-110.91581500956879,0.08948433294646797,0.08952909749521556,0.7782909574274001,1485.95649,5.0,-0.054189889310981454,0.0,0.0,0.0,18.0,0.0
2023-12-12,12237.981726328835,0.0023813552683504824,31.617680665991337,0.9677075914173617,0.9677646645650793,0.6084610734309388,1289.2815797961498,6.0,-0.05193757942103294,0.0,0.0,0.0,17.0,0.0
2023-12-13,12308.393962873995,0.005753582422310277,70.92526245236137,0.0,0.0,0.5130259072016272,1360.2068422485113,6.0,-0.046482824142736745,0.0,0.0,0.0,18.0,0.0
2023-12-14,12311.241072441542,0.00023131446524504717,3.945872047670309,0.2569265876725,0.25694884500000004,0.5848870474464742,1275.1234042961817,6.0,-0.04626226182710147,0.0,0.0,0.0,18.0,0.0
2023-12-15,12252.789504250573,-0.004747820942423986,-57.56444252310705,0.029264610374999996,0.02927925,0.828581807487987,1159.0004617730744,6.0,-0.05079043783397885,0.0,0.0,0.0,18.0,0.0
2023-12-16,12296.409869014982,0.0035600354310565407,44.99674999999996,0.439938984411094,0.43991645088653725,0.4965298002925075,1294.1313099999998,6.0,-0.04741121816117022,0.0,0.0,0.0,18.0,0.0
2023-12-17,12242.270774831688,-0.004402837475328214,-53.70855999999998,0.021097945750000003,0.0211085,0.388327737544,1198.20575,6.0,-0.05160531174842742,0.0,0.0,0.0,18.0,0.0
2023-12-18,12245.256558144707,0.00024389129826785094,3.876425000000039,0.25367530253375004,0.2537258725,0.383240511948,999.80231,5.0,-0.05137400653663948,0.0,0.0,0.0,18.0,0.0
2023-12-19,12212.658341388948,-0.002662109740287799,-31.78335999999997,0.23932241155,0.2392787,0.336255644212,1142.86515,6.0,-0.0538993530337285,0.0,0.0,0.0,17.0,0.0
2023-12-20,12299.053356777868,0.007074218648705388,87.63689999999997,0.31284806398750004,0.312863025,0.616173522092,1170.6580000000001,6.0,-0.047206430193407534,0.0,0.0,0.0,18.0,0.0
2023-12-21,12352.617314708828,0.004355128510881823,54.958900000000014,0.43290003877500005,0.43283275000000004,0.529209280266,1494.7720000000002,6.0,-0.04305689175255789,0.0,0.0,0.0,18.0,0.0
2023-12-22,12400.32031024439,0.003861772312719447,49.055949999999875,0.37177479888500004,0.37179379000000007,0.6093858755544,1467.86349,6.0,-0.039361395352280226,0.0,0.0,0.0,18.0,0.0
2023-12-23,12432.33031842311,0.002581385591489571,32.10621000000001,0.022670159250000002,0.0226815,0.05085016202920014,1454.6067,6.0,-0.036881616699613984,0.0,0.0,0.0,18.0,0.0
2023-12-24,12436.176656106421,0.0003093818765105283,4.325719999999979,0.020856016775,0.02086645,0.4376598499160001,1417.19952,6.0,-0.03658364532688685,0.0,0.0,0.0,18.0,0.0
2023-12-25,12482.878517004474,0.00375532305381987,47.49982000000003,0.1471224601,0.147131,0.50370564185,1430.53974,6.0,-0.032965705679755763,0.0,0.0,0.0,18.0,0.0
2023-12-26,12486.197880196223,0.00026591328171843287,4.752119999999988,0.197183663,0.1972114,1.0383617452466,1324.34386,6.0,-0.03270855841701881,0.0,0.0,0.0,18.0,0.0
2023-12-27,12530.786754527368,0.003571052994592039,46.12154316262919,0.44846468348110013,0.448506509826187,0.6356976381789589,1203.1600228150032,6.0,-0.02925430941791063,0.0,0.0,0.0,18.0,0.0
2023-12-28,12480.420174369543,-0.004019426804117265,-49.12572254513889,0.23742303032000003,0.23738224000000005,0.7660523423622627,1317.1955802698644,6.0,-0.03315615066661759,0.0,0.0,0.0,18.0,0.0
2023-12-29,12488.050689979433,0.0006113989355551741,4.531534998152875,0.27421381728000005,0.2742110400000001,-3.6474054690198368,1332.8362352680174,6.0,-0.032565023366287194,0.0,0.0,0.0,18.0,0.0
2023-12-30,12487.34718401487,-5.633432967455665e-05,-6.8770628708313115,0.15391351190000002,0.1539104,-6.481380818165182,1338.4067723971857,6.0,-0.032619523167199516,0.0,0.0,0.0,18.0,0.0
2023-12-31,12455.849222574698,-0.002522390142278841,-32.893601442042204,0.05674626767250001,0.05677465500000001,-1.5091609245428885,1191.963860955144,5.0,-0.035059634145795604,0.0,0.0,0.0,18.0,0.0
2024-01-01,12502.602133844284,0.0037534904633280686,45.74978357675224,0.04869333449999999,0.048669,-1.1004900273334388,1335.051644531896,6.0,-0.031437739684881616,0.0,0.0,0.0,17.0,0.0
2024-01-02,12489.354131354512,-0.0010596196174162964,-10.73838302705098,0.24010259835000003,0.24004570000000003,2.0294711643704395,1551.906661504845,6.0,-0.03246404725660057,0.0,0.0,0.0,18.0,0.0
2024-01-03,12395.115635345492,-0.007545505957945009,-92.94265239712786,0.38378465623158164,0.38397664455385855,0.5280823111090707,691.01072,3.0,-0.03976459555255185,0.0,0.0,0.0,18.0,0.0
2024-01-04,12437.85232365934,0.0034478652374956287,43.424818915381096,0.3481965455851097,0.34806827344838553,-0.008134217500645847,1247.5240858121522,6.0,-0.036453833281744896,0.0,0.0,0.0,15.0,0.0
2024-01-05,12409.719156128218,-0.002261899144565871,-28.441696386080693,0.038238791040000004,0.03825792,-0.38502556599835425,1142.5665494260713,6.0,-0.038633277531994525,0.0,0.0,0.0,18.0,0.0
2024-01-06,12365.50643380312,-0.0035627496294518,-44.20547000000002,0.27218806836317916,0.2721618997130357,-0.5370976429783926,1203.03568,6.0,-0.04205838646623483,0.0,0.0,0.0,18.0,0.0
2024-01-07,12355.618134147442,-0.0007996679884171298,-10.168609999999976,0.033775104,0.033792,-0.34787744832,1125.28307,6.0,-0.04282442170935041,0.0,0.0,0.0,18.0,0.0
2024-01-08,12424.309289760118,0.005559507817972653,68.80641999999996,0.10344108762500001,0.10344725000000002,-0.09162395029999998,1169.43999,6.0,-0.03750299659867118,0.0,0.0,0.0,18.0,0.0
2024-01-09,12402.999219236941,-0.0017151915672882767,-21.03780999999995,0.0,0.0,0.27226052318000005,1148.4021799999998,6.0,-0.039153863342445305,0.0,0.0,0.0,18.0,0.0
2024-01-10,12469.343552671988,0.005349055680995862,66.89674000000001,0.13399350994999998,0.1339929,0.284420155,1217.73872,6.0,-0.03401424385659424,0.0,0.0,0.0,18.0,0.0
2024-01-11,12461.444177132613,-0.0006335037210264405,-7.286319999999981,0.154552461975,0.15458805,0.30391502740000004,1068.1003,6.0,-0.034626199427569615,0.0,0.0,0.0,18.0,0.0
2024-01-12,12386.930645498294,-0.005979526174907934,-73.93254000000006,0.16627230226,0.16635547999999997,0.24836385206000003,661.4568,5.0,-0.0403986773366628,0.0,0.0,0.0,18.0,0.0
2024-01-13,12403.740441926417,0.0013570590575826547,17.194319999999998,0.09786090599999998,0.097812,0.18885066588,874.27512,6.0,-0.0390964416700742,0.0,0.0,0.0,17.0,0.0
2024-01-14,12366.739845248418,-0.0029830192635224018,-36.738330000000005,0.0,0.0,0.26226667800000003,837.53679,6.0,-0.041962835494959605,0.0,0.0,0.0,18.0,0.0
2024-01-15,12410.715494905256,0.0035559614099698322,44.71407000000001,0.2495617236,0.24957080000000004,0.23928781956,845.9452600000001,6.0,-0.03855609230866286,0.0,0.0,0.0,18.0,0.0
2024-01-16,12407.298237048235,-0.0002753473688462682,-3.0610499999999874,0.13555811715,0.1355355,0.08511423987,933.3528100000001,6.0,-0.03882082335893888,0.0,0.0,0.0,18.0,0.0
2024-01-17,12397.998069028545,-0.0007495723760326811,-9.23387,0.013913753399999998,0.013906799999999999,0.038477466288,951.93254,6.0,-0.03954129671816686,0.0,0.0,0.0,18.0,0.0
2024-01-18,12346.367589262509,-0.004164420697484572,-51.33462,0.1119003550375,0.11190267500000001,0.07205673599500004,891.31807,6.0,-0.04354105082119297,0.0,0.0,0.0,18.0,0.0
2024-01-19,12342.750303704148,-0.0002929837891354481,-3.6586200000000266,0.0,0.0,-0.04133444163900006,887.6594500000001,6.0,-0.043821277788275825,0.0,0.0,0.0,18.0,0.0
2024-01-20,12327.042313085787,-0.0012726491447896393,-15.710539999999991,0.0,0.0,-0.002549381639999959,871.9489099999998,6.0,-0.045038157821364555,0.0,0.0,0.0,18.0,0.0
2024-01-21,12316.285997900006,-0.0008725787510571736,-10.395919999999988,0.1719448954025,0.171919335,0.016530955373999998,963.7946000000001,6.0,-0.04587143723292009,0.0,0.0,0.0,18.0,0.0
2024-01-22,12269.628298430134,-0.0037882929543717747,-46.59685000000002,0.0955525535925,0.09555158500000001,-0.13025466872000002,921.07212,6.0,-0.0494859557448154,0.0,0.0,0.0,18.0,0.0
2024-01-23,12271.294182599273,0.00013577299398326304,2.0756449999999473,0.24085935038125,0.24093623749999998,-0.07203475702,615.59929,4.0,-0.04935690160720385,0.0,0.0,0.0,18.0,0.0
2024-01-24,12281.189125210663,0.0008063487407401482,10.201640000000042,0.1520136038175,0.15193763500000002,0.0027461497940000253,929.6762000000001,6.0,-0.0485903517419215,0.0,0.0,0.0,16.0,0.0
2024-01-25,12259.555408874196,-0.0017615327079409937,-21.39376000000005,0.023421883200000004,0.023433600000000002,0.19310085327,861.41524,6.0,-0.05026629095597879,0.0,0.0,0.0,18.0,0.0
2024-01-26,12322.233496956129,0.00511259062759839,62.87659,0.0,0.0,0.198501918066,924.29183,6.0,-0.04541069129640607,0.0,0.0,0.0,18.0,0.0
2024-01-27,12312.199746231028,-0.0008142801974641012,-9.82117999999998,0.0,0.0,0.2125707250995,914.4706500000001,6.0,-0.04618799446719435,0.0,0.0,0.0,18.0,0.0
2024-01-28,12302.27620303983,-0.0008059927060748429,-9.742249999999956,0.0,0.0,0.1812931912,904.7284,6.0,-0.04695675998662041,0.0,0.0,0.0,18.0,0.0
2024-01-29,12358.115942333083,0.004538976232662861,56.33372999999999,0.150322642575,0.15034515,0.19332291417,871.03243,6.0,-0.04263091937149954,0.0,0.0,0.0,18.0,0.0
2024-01-30,12360.8174428359,0.0002186013236502582,2.954429999999996,0.0,0.0,0.2529294971825,873.98686,6.0,-0.04242163722325232,0.0,0.0,0.0,18.0,0.0
2024-01-31,12320.912121945124,-0.003228372320465245,-39.57865000000001,0.026868977775,0.026855550000000002,0.2729463630000001,888.11931,6.0,-0.04551305670431727,0.0,0.0,0.0,18.0,0.0
2024-02-01,12323.149496868717,0.0001815916631373593,2.5218499999999926,0.030309732292500002,0.030294585000000002,0.223870759117,951.23033,6.0,-0.0453397298328414,0.0,0.0,0.0,18.0,0.0
2024-02-02,12332.054043602242,0.000722586927618396,9.622229999999991,0.2155295510075,0.21549521500000002,0.286658500468,1098.19659,6.0,-0.04464990480130182,0.0,0.0,0.0,18.0,0.0
2024-02-03,12315.734280189976,-0.0013233613276883993,-15.856349999999932,0.1011611037,0.10115679999999999,0.261095508568,1099.55504,6.0,-0.04591417817169119,0.0,0.0,0.0,18.0,0.0
2024-02-04,12327.180671391649,0.000929411997795615,11.980519999999935,0.12195919751,0.12195062000000001,0.290218980819,1145.8455999999999,6.0,-0.04502743936195719,0.0,0.0,0.0,18.0,0.0
2024-02-05,12364.885747030652,0.0030586941689358937,38.048829999999995,0.0,0.0,0.343754361,1183.8944300000003,6.0,-0.04210647035923998,0.0,0.0,0.0,18.0,0.0
2024-02-06,12362.006998271923,-0.00023281644631611975,-2.177809999999969,0.16918619877750002,0.169159155,0.3625934049535,1289.89173,6.0,-0.04232948372676015,0.0,0.0,0.0,18.0,0.0
2024-02-07,12381.394071481847,0.0015682787764668138,20.035480000000025,0.16197529130000005,0.1619626,0.3244688987768,1360.6924099999999,6.0,-0.04082758938124076,0.0,0.0,0.0,18.0,0.0
2024-02-08,12359.723530269954,-0.0017502505038432536,-21.251710000000017,0.033620251724999994,0.03360345,0.35160751016999997,1406.6476,6.0,-0.04250638137619889,0.0,0.0,0.0,18.0,0.0
2024-02-09,12423.26177233062,0.005140749459731531,64.08698999999996,0.3858354822900001,0.38580222,-0.22288976295599985,1603.78375,6.0,-0.03758414657356224,0.0,0.0,0.0,18.0,0.0
2024-02-10,12442.203244119959,0.001524677829096932,19.21858999999994,0.37686791512750006,0.376820745,-0.47657044946399985,1811.6828500000001,6.0,-0.036116772459471536,0.0,0.0,0.0,18.0,0.0
2024-02-11,12448.820286714797,0.0005318224164170271,6.279490000000079,0.034229681597500006,0.034246805000000005,-0.4060290814359998,1749.46873,6.0,-0.035604157752257226,0.0,0.0,0.0,18.0,0.0
2024-02-12,12504.918608272466,0.004506316282638867,55.76458000000006,0.0,0.0,-0.3337415576699999,1805.2333099999998,6.0,-0.03125828506542694,0.0,0.0,0.0,18.0,0.0
2024-02-13,12488.381746549145,-0.0013224285772145405,-16.259450000000005,0.3357381347775,0.335665155,-0.39399156645600003,2080.89297,6.0,-0.032539376793196184,0.0,0.0,0.0,18.0,0.0
2024-02-14,12562.077620983895,0.005901154843790168,73.84353999999999,0.0,0.0,0.14766556524960012,2154.7365099999997,6.0,-0.026830241850383074,0.0,0.0,0.0,18.0,0.0
2024-02-15,12602.969355388988,0.003255172881338364,41.97088000000001,0.215196098425,0.21520365,0.6487458464806001,2166.5010899999997,6.0,-0.023662406044715922,0.0,0.0,0.0,18.0,0.0
2024-02-16,12600.766745602918,-0.00017476911384606275,-1.4423399999999986,0.0,0.0,0.7602697860707,2165.0587499999997,6.0,-0.023833039700826064,0.0,0.0,0.0,18.0,0.0
2024-02-17,12569.989692267378,-0.002442474649114512,-29.685499999999976,0.19647467302000002,0.19650302,0.6985756425165001,2021.9853300000002,6.0,-0.026217302754659944,0.0,0.0,0.0,18.0,0.0
2024-02-18,12609.253655782146,0.0031236273438570716,39.89549999999999,0.0,0.0,0.6315364852348999,2061.88083,6.0,-0.023175568494569476,0.0,0.0,0.0,18.0,0.0
2024-02-19,12603.461181876293,-0.00045938277268264827,-4.618079999999956,0.0,0.0,1.1743939058525,2057.26275,6.0,-0.023624304810338614,0.0,0.0,0.0,18.0,0.0
2024-02-20,12612.034843152238,0.0006802624415802594,9.982249999999999,0.0,0.0,1.4085887240542998,2067.245,6.0,-0.0229601130960293,0.0,0.0,0.0,18.0,0.0
2024-02-21,12591.803912511225,-0.0016040972684117083,-18.80781000000001,0.46362571777,0.46359082,0.49590410324020007,2188.02827,6.0,-0.024527380109741315,0.0,0.0,0.0,18.0,0.0
2024-02-22,12610.29261536472,0.001468312481829992,18.358419999999946,0.223854797675,0.22384245000000003,-0.5779801011678999,2255.77739,6.0,-0.02309508148627304,0.0,0.0,0.0,18.0,0.0
2024-02-23,12569.533614632806,-0.003232201026188153,-40.35651999999993,0.20808347072250002,0.20812055499999998,-0.013723293811000056,2067.0837599999995,6.0,-0.026252634566381272,0.0,0.0,0.0,18.0,0.0
2024-02-24,12617.987795335428,0.0038548908963664807,48.40321999999993,0.16228404736500002,0.16230522000000003,-0.37554996998489987,2030.79644,6.0,-0.022498944712010305,0.0,0.0,0.0,18.0,0.0
2024-02-25,12640.032124557652,0.0017470558364602873,21.90246999999997,0.0,0.0,-0.1418592222218999,2052.69891,6.0,-0.020791195788223416,0.0,0.0,0.0,18.0,0.0
2024-02-26,12725.485366078465,0.0067605240776873465,86.94339999999994,0.1567416962475,0.156725505,1.1766912779418,2204.4073,6.0,-0.0141712310902663,0.0,0.0,0.0,18.0,0.0
2024-02-27,12734.562531821985,0.0007133060533561775,12.42658939059257,0.5588378405372805,0.5588537299722943,2.2317320765635213,2153.276149335181,6.0,-0.013468033461830342,0.0,0.0,0.0,18.0,0.0
2024-02-28,12879.985322347067,0.01141953562689646,147.69996430655084,0.29731603897500003,0.29732305000000003,1.6825346924927778,2272.932013641732,6.0,-0.002202296522875402,0.0,0.0,0.0,18.0,0.0
2024-02-29,12841.195697553101,-0.0030116202637797684,-34.55425043243324,0.0626294646025,0.062660795,4.110084101933254,2113.056173209299,6.0,-0.005207284305819959,0.0,0.0,0.0,18.0,0.0
2024-03-01,12900.79298825933,0.004641101351456456,63.788213452797955,0.5610023637775,0.561042845,3.0688775377891404,2014.9194966620964,6.0,-0.0005903504885927946,0.0,0.0,0.0,18.0,0.0
2024-03-02,12913.704674848439,0.0010008444132743044,17.09003000000003,0.22150078347188284,0.22150471833104834,3.735337909088991,2016.27009,6.0,0.0,0.0,0.0,0.0,18.0,0.0
2024-03-03,12909.67823398252,-0.0003117959537792814,-0.23753999999996012,0.27138673628,0.27138616,3.2461279696394,2018.33767,6.0,-0.0003117959537792814,0.0,0.0,0.0,18.0,0.0
2024-03-04,12973.393273062706,0.004935447493374934,67.10936999999991,0.0,0.0,3.3943309198128,2085.44704,6.0,0.0,0.0,0.0,0.0,18.0,0.0
2024-03-05,12782.444494422032,-0.014718491501922615,-184.61404706656512,0.8458871982209842,0.8462330914667174,4.6426112844206,517.26001,2.0,-0.014718491501922615,0.0,0.0,0.0,18.0,0.0
2024-03-06,12862.485251212567,0.006261772294451351,81.89116258750775,0.4432608455846308,0.4430819697597509,0.9640629816295507,1314.6544721070097,6.0,-0.00854888304977408,0.0,0.0,0.0,14.0,0.0
2024-03-07,12905.46542406931,0.003341513869000723,45.02030703751849,0.2127629017325,0.21272533500000002,1.614645944041492,1509.941709144528,6.0,-0.005235935392048696,0.0,0.0,0.0,18.0,0.0
2024-03-08,12936.982110470419,0.0024421193165438115,33.80668399424444,0.19313725601250004,0.193136625,1.9037237121205897,1546.2724431387726,6.0,-0.0028066028544658783,0.0,0.0,0.0,18.0,0.0
2024-03-09,12940.109369800983,0.00024173020445261706,4.5098953866978615,0.021208890250000004,0.021219500000000006,1.3402076658845317,1508.3433385254705,6.0,-0.0025655510906951173,0.0,0.0,0.0,18.0,0.0
2024-03-10,12942.835866943362,0.00021070124405153656,4.918727871882311,0.147985732759577,0.14800707819867634,1.896237918545314,1427.88031,6.0,-0.0023553904114501645,0.0,0.0,0.0,18.0,0.0
2024-03-11,12995.01895045457,0.004031812196930273,54.69971,0.23645904386500005,0.23651803000000002,2.0436494149283,1246.6354800000001,6.0,0.0,0.0,0.0,0.0,18.0,0.0
2024-03-12,12974.164294181497,-0.001604819227473575,-18.33371000000007,0.16836481964,0.1683442,2.1842372534337997,1310.78033,6.0,-0.001604819227473575,0.0,0.0,0.0,18.0,0.0
2024-03-13,12991.11739181962,0.0013066812824102936,19.112520000000092,0.0,0.0,2.1594223618728,1329.89285,6.0,-0.0003002349323094622,0.0,0.0,0.0,18.0,0.0
2024-03-14,13014.724815382224,0.001817197308791041,26.17893399999993,0.2702435837816,0.2702704832,2.030996370415908,1248.4741104,6.0,0.0,0.0,0.0,0.0,18.0,0.0
2024-03-15,12975.884615898056,-0.002984327370353812,-37.503720799999975,0.0687158398925,0.068750215,1.1990126292751202,1073.4699596,6.0,-0.002984327370353812,0.0,0.0,0.0,18.0,0.0
2024-03-16,12897.515363205635,-0.006039607704002137,-76.88703079999999,0.39813350308499995,0.39813803000000003,0.68595035933792,978.4752688000001,6.0,-0.009005910907778691,0.0,0.0,0.0,18.0,0.0
2024-03-17,12944.419020203593,0.003636642847642202,47.95627159999998,0.30727744286,0.30732812000000004,0.438009039179808,823.7229803999999,6.0,-0.005402019341625652,0.0,0.0,0.0,18.0,0.0
2024-03-18,12902.835194430265,-0.0032124907041732875,-41.0617292,0.0,0.0,0.522096573327904,782.6612511999999,6.0,-0.008597156108880233,0.0,0.0,0.0,18.0,0.0
2024-03-19,12813.003865190045,-0.00696213877698737,-88.78342879639777,0.3052517879337002,0.3052805362018011,0.437368119683452,578.8847499999999,5.0,-0.015499440291950162,0.0,0.0,0.0,18.0,0.0
2024-03-20,12901.908808052209,0.006938649499958149,89.57583229999999,0.20030517870965003,0.20026701930000004,0.270317239822,821.0982209,6.0,-0.008668335975623331,0.0,0.0,0.0,17.0,0.0
2024-03-21,12864.872434081635,-0.0028706119785514295,-36.6440886,0.012037566605799998,0.0120435884,0.368204215565272,760.3669555,6.0,-0.011514064525089074,0.0,0.0,0.0,18.0,0.0
2024-03-22,12854.853472528346,-0.0007787843684129436,-9.642106199999997,0.019738975575,0.019748850000000002,0.337367527716737,711.2271493000001,6.0,-0.012283881920032935,0.0,0.0,0.0,18.0,0.0
2024-03-23,12858.274213071078,0.00026610498128532,3.722230099999995,0.0,0.0,0.3014895572696,714.9493794,6.0,-0.012021045740916114,0.0,0.0,0.0,18.0,0.0
2024-03-24,12888.752268408309,0.002370306841508185,30.795188200000016,0.0,0.0,0.317132862768208,745.7445676,6.0,-0.009679232466369703,0.0,0.0,0.0,18.0,0.0
2024-03-25,12916.076212050124,0.00211998361616339,28.353891600000026,0.23801540007000005,0.23800294000000002,0.553929618111104,823.9387392000002,6.0,-0.00757976866445198,0.0,0.0,0.0,18.0,0.0
2024-03-26,12907.982762507861,-0.0006266182863423619,-6.974400000000035,0.1144541344827,0.11444143460000002,0.8901539731761599,867.7638700000001,6.0,-0.00820163732914303,0.0,0.0,0.0,18.0,0.0
2024-03-27,12886.583122013097,-0.0016578609445405679,-19.95776999999999,0.25728701382499997,0.25729653,0.9272869509385,809.7414,6.0,-0.009845901099474252,0.0,0.0,0.0,18.0,0.0
2024-03-28,12924.191472051345,0.0029184113183582383,39.041560000000025,0.14062212716500003,0.14059937,1.1519884645868002,939.8116200000002,6.0,-0.0069562241703241545,0.0,0.0,0.0,18.0,0.0
2024-03-29,12938.513585438497,0.0011081632006244568,15.869859999999935,0.11070690714,0.11071128,1.3263284257044001,938.1900400000001,6.0,-0.005855769601340488,0.0,0.0,0.0,18.0,0.0
2024-03-30,12906.927621640434,-0.0024412358954131186,-30.00613,0.150578349475,0.15055895,1.2786964985890001,985.7818100000001,6.0,-0.008282710181807595,0.0,0.0,0.0,18.0,0.0
2024-03-31,12964.201842423454,0.004437479039317571,58.38632000000002,0.0,0.0,1.1120992169796,1044.16813,6.0,-0.0038819854953103805,0.0,0.0,0.0,18.0,0.0
2024-04-01,12902.858088172547,-0.0047317802512275575,-59.72478340000002,0.0976196661453,0.09762105060000001,1.4237301341634685,978.9055278000001,6.0,-0.00859539704423573,0.0,0.0,0.0,18.0,0.0
2024-04-02,12872.375022872877,-0.002362504887782335,-29.966239199999965,0.024624221730000003,0.024636540000000002,0.467565337938024,899.6662086000001,6.0,-0.010937595264488564,0.0,0.0,0.0,18.0,0.0
2024-04-03,12840.652992266252,-0.0024643494732136118,-31.348886000000007,0.0,0.0,0.37314460662300997,868.3173226000001,6.0,-0.013374990680573906,0.0,0.0,0.0,18.0,0.0
2024-04-04,12870.375970883815,0.002314756004656804,30.079334799999994,0.013493659795000003,0.013500410000000001,0.32936211264262005,871.3958374000001,6.0,-0.011091194515907232,0.0,0.0,0.0,18.0,0.0
2024-04-05,12851.583263049937,-0.0014601522035092573,-18.751305200000026,0.0,0.0,0.04140263387910002,852.6445322000001,6.0,-0.012535151887304474,0.0,0.0,0.0,18.0,0.0
2024-04-06,12881.866166323412,0.0023563558398709272,30.59671740000004,0.1371935383101,0.1371603798,0.03946020841591602,1015.8752900000002,6.0,-0.010208333325786856,0.0,0.0,0.0,18.0,0.0
2024-04-07,12888.148793191363,0.0004877109253296208,6.273299999999981,0.0,0.0,-0.009326867952000016,1022.14859,6.0,-0.009725601116149507,0.0,0.0,0.0,18.0,0.0
2024-04-08,12902.059659036884,0.0010793532933814909,14.233149999999974,0.0350245035,0.035006999999999996,0.25225265097469995,1106.39574,6.0,-0.008656745182362924,0.0,0.0,0.0,18.0,0.0
2024-04-09,12851.679536179307,-0.0039048124244480675,-49.31256000000002,0.2814054513175,0.28139383500000004,0.5047635712622001,1103.54845,6.0,-0.012527754640667688,0.0,0.0,0.0,18.0,0.0
2024-04-10,12866.79745787552,0.0011763382096210417,15.728609999999968,0.211042262615,0.21100837,0.18863767117140007,1254.8475199999998,6.0,-0.011366153307511118,0.0,0.0,0.0,18.0,0.0
2024-04-11,12854.644675913107,-0.0009445071318018305,-11.708950000000009,0.0,0.0,0.44383196241399997,1243.13857,6.0,-0.01229992502645283,0.0,0.0,0.0,18.0,0.0
2024-04-12,12739.627013773357,-0.008947556703396753,-113.95140156137096,0.3632419136022049,0.3633598342193145,0.33965883055720003,657.5047000000001,3.0,-0.021137427453227886,0.0,0.0,0.0,18.0,0.0
2024-04-13,12628.65377262831,-0.008710870500766577,-109.65426,0.6327675850750001,0.6327984400000001,0.053415119971999984,424.43074,4.0,-0.029664172560730062,0.0,0.0,0.0,15.0,0.0
2024-04-14,12661.297951568095,0.0025849294412154666,33.15133999999996,0.34252743262,0.34244640000000004,-0.17781277240899998,781.7125600000002,6.0,-0.027155922912516006,0.0,0.0,0.0,16.0,0.0
2024-04-15,12638.162761981494,-0.0018272368026641672,-23.514950000000024,0.0,0.0,-0.3797604133982,758.1976099999999,6.0,-0.028933539413424136,0.0,0.0,0.0,18.0,0.0
2024-04-16,12625.367482446214,-0.00101243193146483,-13.397519999999979,0.0,0.0,-0.6022404647188001,744.80009,6.0,-0.029916678105696426,0.0,0.0,0.0,18.0,0.0
2024-04-17,12603.773119377442,-0.001710394814154581,-21.45551999999998,0.11076638944499999,0.11078796999999999,-0.082711290672,637.02235,6.0,-0.03157590358876239,0.0,0.0,0.0,18.0,0.0
2024-04-18,12625.156003985778,0.0016965462965579103,21.51194000000001,0.09889867703,0.09892310000000001,-0.06876638536449999,560.84241,6.0,-0.029932927274498478,0.0,0.0,0.0,18.0,0.0
2024-04-19,12627.405411312537,0.00017816867578113182,2.2395599999999845,0.010851721425,0.010857150000000001,-0.031556198185000016,541.36767,6.0,-0.029760091708732173,0.0,0.0,0.0,18.0,0.0
2024-04-20,12648.735733460495,0.001689208626250993,21.326279999999993,0.0,0.0,-0.0040421479628000015,562.69395,6.0,-0.028121154086113487,0.0,0.0,0.0,18.0,0.0
2024-04-21,12645.278782873851,-0.00027330404077452464,-3.4981300000000033,0.0,0.0,-0.041179413353200016,559.1958199999999,6.0,-0.02838677250184507,0.0,0.0,0.0,18.0,0.0
2024-04-22,12666.886425855548,0.0017087518079048625,21.586890000000015,0.0,0.0,-0.020752981695900004,580.78271,6.0,-0.026726526642773307,0.0,0.0,0.0,18.0,0.0
2024-04-23,12667.86907310145,7.757606825120611e-05,1.1550158999999978,0.11560110483885,0.11561007770000001,-0.058842528446900015,546.0462813,6.0,-0.026651023913377037,0.0,0.0,0.0,18.0,0.0
2024-04-24,12649.098651705459,-0.0014817347169973072,-18.809642200000006,0.08185642313199999,0.081850674,-0.202927901139605,550.2331671000001,6.0,-0.028093268882998457,0.0,0.0,0.0,18.0,0.0
2024-04-25,12653.828784135663,0.0003739501572759263,4.6577413999999875,0.0,0.0,-0.07239103020426002,554.8909085,6.0,-0.02772982420803971,0.0,0.0,0.0,18.0,0.0
2024-04-26,12636.861635572259,-0.0013408707240196716,-17.11023769999998,0.163688670045,0.16364811,-0.470425916641184,700.0208508000001,6.0,-0.029033512822596474,0.0,0.0,0.0,18.0,0.0
2024-04-27,12630.104850074558,-0.0005346885716213112,-6.924412000000021,0.105823513859,0.10581449200000001,-0.3792645081630251,729.1838748,6.0,-0.02955267750671764,0.0,0.0,0.0,18.0,0.0
2024-04-28,12630.719078260692,4.863207340122244e-05,-0.06431850000001399,0.0,0.0,-0.6785466861377001,729.1195563,6.0,-0.029505482641298042,0.0,0.0,0.0,18.0,0.0
2024-04-29,12626.043485298598,-0.0003701763085002252,-5.26352799999998,0.06408668061,0.06408718,-0.7161088985155621,721.8584683,6.0,-0.029864736719153684,0.0,0.0,0.0,18.0,0.0
2024-04-30,12590.157697838797,-0.002842203696002299,-36.26174389999999,0.0,0.0,-0.37595644019733804,685.5967244000001,6.0,-0.032622058750072624,0.0,0.0,0.0,18.0,0.0
2024-05-01,12575.152668845107,-0.0011918062786668848,-14.808106099999994,0.17949980474000002,0.17950862,-0.16208553105204804,635.5275783000001,6.0,-0.033774985854298056,0.0,0.0,0.0,18.0,0.0
2024-05-02,12581.199852280884,0.0004808835005845058,6.187466400000002,0.13170957563750002,0.13174997500000002,-0.12317658641330004,480.1175947000001,6.0,-0.033310344187143515,0.0,0.0,0.0,18.0,0.0
2024-05-03,12614.322191504503,0.0026326852456455274,33.037526199999974,0.0,0.0,-0.0848130236171,513.1551209,6.0,-0.03076535459316676,0.0,0.0,0.0,18.0,0.0
2024-05-04,12633.564955369433,0.0015254695078177338,19.304390300000005,0.10299203830215001,0.1029724343,-0.1443380375294,610.8755197999999,6.0,-0.02928681669567801,0.0,0.0,0.0,18.0,0.0
2024-05-05,12643.818691987348,0.0008116265404214396,9.101295800000006,0.027622429312499995,0.027608625,-1.207671872226,675.1940656,6.0,-0.02849896011297126,0.0,0.0,0.0,18.0,0.0
2024-05-06,12631.713726688082,-0.000957382068989765,-12.093664200000019,0.12703321574999998,0.1269975,-0.24272961648139998,805.9634014,6.0,-0.029429057788564084,0.0,0.0,0.0,18.0,0.0
2024-05-07,12605.431402594539,-0.0020806617900162028,-26.16683100000001,0.0352868346,0.03526920000000001,0.044937058946599995,850.3349704,6.0,-0.031448487662523394,0.0,0.0,0.0,18.0,0.0
2024-05-08,12590.065574914763,-0.0012189846732745258,-15.192688799999985,0.0,0.0,0.1731388797772,835.1422815999999,6.0,-0.032629137111339634,0.0,0.0,0.0,18.0,0.0
2024-05-09,12626.694510630425,0.0029093522585492693,36.818818799999974,0.02818911839,0.02820322,0.133490745947,815.5546604,6.0,-0.02981471450653972,0.0,0.0,0.0,18.0,0.0
2024-05-10,12601.41303384431,-0.002002224474887737,-25.18800759999998,0.050721898274999996,0.05069655,-0.00794926216319997,891.7597527999999,6.0,-0.03175724323033069,0.0,0.0,0.0,18.0,0.0
2024-05-11,12605.583067457177,0.0003309179376682625,4.264872199999989,0.0,0.0,0.094838587132994,896.0246249999999,6.0,-0.03143683433409816,0.0,0.0,0.0,18.0,0.0
2024-05-12,12608.912122172598,0.0002640936716378217,3.5354616000000383,0.0827870594915,0.082787863,0.04083196209005001,896.3460526,6.0,-0.031181042931464176,0.0,0.0,0.0,18.0,0.0
2024-05-13,12636.973827056,0.002225545281900665,27.913577599999957,0.0,0.0,-0.1481272833996,924.2596302,6.0,-0.029024892472544472,0.0,0.0,0.0,18.0,0.0
2024-05-14,12599.015924980955,-0.003003717709201492,-38.23713499999994,0.11016942086025001,0.1101564795,-0.4995588253129759,937.7879362000001,6.0,-0.0319414275982185,0.0,0.0,0.0,18.0,0.0
2024-05-15,12654.78380012913,0.004426367541737974,54.951497799999935,0.09284406484999999,0.09284830000000001,-1.0020697130249,975.7988339999999,6.0,-0.027656444554838178,0.0,0.0,0.0,18.0,0.0
2024-05-16,12642.655334962941,-0.0009584095119874458,-11.621494599999973,0.30969460448374997,0.3096260725,-0.11235011079454404,1238.3052743999997,6.0,-0.02858834786729647,0.0,0.0,0.0,18.0,0.0
2024-05-17,12672.16843447648,0.0023344067153299175,29.406595600000003,0.0,0.0,-0.10650391353606393,1267.7118699999999,6.0,-0.02632067798320814,0.0,0.0,0.0,18.0,0.0
2024-05-18,12670.254614907577,-0.00015102542069245217,-1.5018772000000116,0.13438985775,0.1343805,0.143172011152474,1303.6409927999998,6.0,-0.02646772831243538,0.0,0.0,0.0,18.0,0.0
2024-05-19,12648.870047964221,-0.0016877772067970254,-21.225251800000017,0.0,0.0,0.15931514335639999,1282.415741,6.0,-0.028110833890670928,0.0,0.0,0.0,18.0,0.0
2024-05-20,12757.476550211504,0.008586261210325574,108.73270080000005,0.0,0.0,0.1261985527191,1391.1484418,6.0,-0.019765939642970798,0.0,0.0,0.0,18.0,0.0
2024-05-21,12800.709054783512,0.0033887974946966715,44.45106340000002,0.34043833178825,0.3404581765,0.537662319705198,1356.2206582,6.0,-0.016444124915016567,0.0,0.0,0.0,18.0,0.0
2024-05-22,12785.176201723441,-0.0012134369270947465,-14.473060799999999,0.21911258525924998,0.2190742215,0.62160545330996,1495.2026344,6.0,-0.017637607933705723,0.0,0.0,0.0,18.0,0.0
2024-05-23,12787.71961604581,0.00019893463197062644,2.9903740000000045,0.0,0.0,0.44695967763222,1498.1930084,6.0,-0.017442182032778364,0.0,0.0,0.0,18.0,0.0
2024-05-24,12774.312274660379,-0.00104845443816326,-13.010032799999994,0.030984170165,0.030999670000000003,0.3353247452669921,1423.1836356000001,6.0,-0.018472349137778066,0.0,0.0,0.0,18.0,0.0
2024-05-25,12813.144483486632,0.0030398668821711716,39.53450600000002,0.16324829889400003,0.163263908,0.375784966849744,1400.2817175999999,6.0,-0.015488635737986645,0.0,0.0,0.0,18.0,0.0
2024-05-26,12806.680742006087,-0.0005044617649380134,-6.0349348,0.0,0.0,0.4288066805476,1394.2467828000001,6.0,-0.015985284078403827,0.0,0.0,0.0,18.0,0.0
2024-05-27,12847.232547375135,0.003166457116092314,41.23789320000001,0.06610453575,0.0660715,0.5539117952030601,1567.6276759999998,6.0,-0.012869443678834247,0.0,0.0,0.0,18.0,0.0
2024-05-28,12843.984940765751,-0.00025278647346094196,-2.3761932000000394,0.1487524697475,0.148764295,0.573896644642004,1517.9504728,6.0,-0.013118976931012272,0.0,0.0,0.0,18.0,0.0
2024-05-29,12787.643199297632,-0.004386624690698171,-55.675746400000016,0.02135813029265,0.0213688147,0.62326812312693,1419.537097,6.0,-0.017448053593588253,0.0,0.0,0.0,18.0,0.0
2024-05-30,12753.5575300527,-0.0026655161325430665,-33.237556499999954,0.206615593869,0.20661473800000002,0.43488241306232,1389.7230165,6.0,-0.020067061657796148,0.0,0.0,0.0,18.0,0.0
2024-05-31,12772.641664868719,0.0014963773653782209,19.88694749999998,0.259947221685,0.26002301000000005,0.28284245229309,1106.4567039999997,6.0,-0.018600712189272284,0.0,0.0,0.0,18.0,0.0
2024-06-01,12803.520103847199,0.0024175452336858694,31.38069250000003,0.0,0.0,0.5022535215167,1137.8373965,6.0,-0.01622813501868281,0.0,0.0,0.0,18.0,0.0
2024-06-02,12793.236762531187,-0.0008031651633773063,-9.347612000000018,0.125062218825,0.12505247,0.68561462719137,1167.4850844999999,6.0,-0.017018266309346664,0.0,0.0,0.0,18.0,0.0
2024-06-03,12810.097786625967,0.0013179638904332602,17.499676000000058,0.03629559812250001,0.036313755,0.5660425521020899,1112.3572505,6.0,-0.015722731879386775,0.0,0.0,0.0,18.0,0.0
2024-06-04,12879.715809493737,0.005434620720885741,70.26590299999991,0.07212494445,0.07208890000000001,0.503666287780045,1326.8009535,6.0,-0.010373558242961711,0.0,0.0,0.0,18.0,0.0
2024-06-05,12918.941551721935,0.003045544079418594,40.24294450000007,0.15740452847545,0.1573948491,0.7024028942266078,1405.7613998,6.0,-0.007359607292432457,0.0,0.0,0.0,18.0,0.0
2024-06-06,12919.811807325916,6.736276346597236e-05,1.596695799999933,0.0,0.0,0.72644019601853,1407.3580955999996,6.0,-0.007292740292451638,0.0,0.0,0.0,18.0,0.0
2024-06-07,12817.416615918632,-0.007925439854257199,-101.47770292620004,0.25277215058373154,0.2528537243369,0.411862606162936,979.5853799999999,4.0,-0.015160381972148307,0.0,0.0,0.0,18.0,0.0
2024-06-08,12834.494180342039,0.0013323717980890937,17.66654380000005,0.20733514594295,0.2072721049,0.17437212575171002,1249.4160956,6.0,-0.013848209439447312,0.0,0.0,0.0,16.0,0.0
2024-06-09,12825.624209705358,-0.0006911040288807291,-8.677406800000046,0.0,0.0,0.19256383668000002,1240.7386887999999,6.0,-0.01452974291499165,0.0,0.0,0.0,18.0,0.0
2024-06-10,12777.541893417558,-0.003748926017294041,-47.308933499999924,0.29030511483,0.29045034000000003,0.19262733297,612.5290753,5.0,-0.01822419800104702,0.0,0.0,0.0,18.0,0.0
2024-06-11,12742.04726715891,-0.0027778915972040963,-34.684372800000034,0.3044584265765,0.304363153,0.2014318790698,958.9390085,6.0,-0.020951464751758242,0.0,0.0,0.0,17.0,0.0
2024-06-12,12759.576004053844,0.0013756609536452746,17.823767400000055,0.06563407279687501,0.06566690625000002,0.1637295260184,845.4289633999999,5.0,-0.019604625910093487,0.0,0.0,0.0,18.0,0.0
2024-06-13,12703.663536963319,-0.004382000395057206,-55.64604509999997,0.06594969636900001,0.06591673800000002,0.13455555615780002,921.6163942999999,6.0,-0.023900718826667666,0.0,0.0,0.0,17.0,0.0
2024-06-14,12700.663090797729,-0.00023618747118570038,-2.9614822000000096,0.0,0.0,0.03896396558880001,918.6549121,6.0,-0.024131261247514302,0.0,0.0,0.0,18.0,0.0
2024-06-15,12705.877093056966,0.00041052992445855807,5.348636299999978,0.0,0.0,0.13463404076016602,924.0035484,6.0,-0.023730637927912857,0.0,0.0,0.0,18.0,0.0
2024-06-16,12720.361267134791,0.0011399586169253961,14.52684299999997,0.0,0.0,0.042668922175200005,938.5303914,6.0,-0.022617731256178497,0.0,0.0,0.0,18.0,0.0
2024-06-17,12649.920947907152,-0.005537603669294566,-70.02612099999993,0.1456266372075,0.145615585,0.122956005432704,912.7131004,6.0,-0.02803008689387776,0.0,0.0,0.0,18.0,0.0
2024-06-18,12600.215593229235,-0.003929301604540081,-49.514715500000065,0.05988982260875001,0.059919782500000004,0.07082957280740002,743.3588199,5.0,-0.03184924983301041,0.0,0.0,0.0,18.0,0.0
2024-06-19,12596.342214288281,-0.0003074057671708097,-3.4429347999999864,0.197946670193,0.197978244,0.034519226766223,613.6206571,6.0,-0.032146864957102506,0.0,0.0,0.0,17.0,0.0
2024-06-20,12587.911261463429,-0.0006693175432538334,-8.354709599999982,0.0,0.0,0.07624322485036,605.2659475,6.0,-0.032794666039679954,0.0,0.0,0.0,18.0,0.0
2024-06-21,12583.275420972961,-0.0003682771823042552,-4.557339800000006,0.0,0.0,0.078500690472005,600.7086077000001,6.0,-0.03315086569478043,0.0,0.0,0.0,18.0,0.0
2024-06-22,12592.587666135409,0.0007400493791089868,9.418520100000004,0.032220481700000005,0.032236600000000004,0.0418178558499,545.6539278,6.0,-0.0324353495932459,0.0,0.0,0.0,18.0,0.0
2024-06-23,12580.329525866777,-0.0009734409315725889,-12.200235500000023,0.0,0.0,0.05790476862996,533.4536923000001,6.0,-0.0333772166278945,0.0,0.0,0.0,18.0,0.0
2024-06-24,12575.624486781096,-0.00037399966956397357,-4.292600041289122,0.17609826458629077,0.17615992612935544,0.06018085367060999,282.5149200000001,4.0,-0.03373873322946874,0.0,0.0,0.0,18.0,0.0
2024-06-25,12595.599217562478,0.001588368895904857,20.27294099999999,0.1044712095,0.10441900000000001,0.08932000911688001,511.625861,6.0,-0.03220395388801289,0.0,0.0,0.0,16.0,0.0
2024-06-26,12580.61429970807,-0.0011896947176212036,-14.85197810000001,0.012037699591875,0.01203168375,0.10887037107000001,520.8372504,6.0,-0.033355335731807045,0.0,0.0,0.0,18.0,0.0
2024-06-27,12589.143883595483,0.0006779942285974894,8.643013999999994,0.0,0.0,0.1134301125837,529.4802644,6.0,-0.03269995622832855,0.0,0.0,0.0,18.0,0.0
2024-06-28,12562.071747866083,-0.002150435008108631,-26.80352869999999,0.07601776406,0.07600788000000001,0.1165813853364,542.2129757,6.0,-0.03478007210580025,0.0,0.0,0.0,18.0,0.0
2024-06-29,12557.605215816357,-0.000355556960617176,-4.235343100000003,0.06551874473625,0.0655264725,0.10014373248708,507.0665776,6.0,-0.035123262769689356,0.0,0.0,0.0,18.0,0.0
2024-06-30,12572.67408830217,0.0011999797912769505,15.129584899999976,0.0145199194085,0.014527182999999999,0.031665311781225995,493.1417965,6.0,-0.033965430183939826,0.0,0.0,0.0,18.0,0.0
2024-07-01,12563.23785169296,-0.0007505353708316953,-9.2296894,0.07612253356349999,0.07610957300000001,0.054315102648518,535.7543611,6.0,-0.034690473298032876,0.0,0.0,0.0,18.0,0.0
2024-07-02,12564.87221106356,0.00013009061755364648,1.8000866999999892,0.058835195805000004,0.05883611,0.048056023593796,533.8976677999999,6.0,-0.03456489558557385,0.0,0.0,0.0,18.0,0.0
2024-07-03,12524.386373589747,-0.003222144785377634,-40.22603882690502,0.09219735688405423,0.0922113249865475,0.07538996504041501,437.799219,5.0,-0.037675667272883184,0.0,0.0,0.0,18.0,0.0
2024-07-04,12474.07805372989,-0.004016829117148735,-49.73792479999999,0.25526994981075,0.25531562550000003,0.059809484546700015,205.35853720000003,4.0,-0.041541159672722205,0.0,0.0,0.0,17.0,0.0
2024-07-05,12469.840266471781,-0.00033972749247324074,-3.9334816400000037,0.15630305110211,0.15629449578000001,-0.008291928775835998,235.646344,5.0,-0.04186677449118548,0.0,0.0,0.0,16.0,0.0
2024-07-06,12505.385392992974,0.002850487717694694,35.535555900000006,0.01113840131745,0.0111328349,-0.031841857411524,293.44756970000003,6.0,-0.03913562749995736,0.0,0.0,0.0,17.0,0.0
2024-07-07,12478.999667865943,-0.002109948977807252,-26.275087300000013,0.022926004263500003,0.022937473,0.06477434976736,221.2975364,5.0,-0.041163002300525164,0.0,0.0,0.0,16.0,0.0
2024-07-08,12504.324910808196,0.0020294289299058743,25.358982000000015,0.0,0.0,0.033739057747179994,246.6565184,5.0,-0.03921711075832979,0.0,0.0,0.0,15.0,0.0
2024-07-09,12510.666056542303,0.0005071162001417662,6.420938099999993,0.015473332799999998,0.015465600000000001,0.04885343309535801,284.0086565,6.0,-0.03872988219037632,0.0,0.0,0.0,17.0,0.0
2024-07-10,12516.50765567433,0.0004669295068404633,5.961719800000005,0.026199190048499996,0.026186097000000002,0.067735380925722,342.34257030000003,6.0,-0.03828103680832706,0.0,0.0,0.0,18.0,0.0
2024-07-11,12491.000690310113,-0.0020378659979209957,-25.437802799999996,0.0,0.0,0.06916256421320001,316.9047675,6.0,-0.04024089118297114,0.0,0.0,0.0,18.0,0.0
2024-07-12,12490.860384217825,-1.1232574216091251e-05,-0.1039462999999996,0.0,0.0,0.036359792287568006,316.8008212,6.0,-0.040251671748390616,0.0,0.0,0.0,18.0,0.0
2024-07-13,12487.98505056643,-0.00023019500362264633,-2.7575512000000026,0.0883701345,0.088341,-0.058928683103168004,430.58127,6.0,-0.0404726010182892,0.0,0.0,0.0,18.0,0.0
2024-07-14,12506.29202661509,0.0014659671656021,18.783240700000015,0.201965105926275,0.20194770385,0.07235184156472,518.9728158,6.0,-0.039065965356886556,0.0,0.0,0.0,18.0,0.0
2024-07-15,12556.953417250746,0.004050872195199062,50.763920600000034,0.01993218111,0.019922220000000004,0.062675563233864,609.5811764000001,6.0,-0.03517334439453024,0.0,0.0,0.0,18.0,0.0
2024-07-16,12585.809230791308,0.0022979947907524334,29.096649499999966,0.0565474221813,0.056519162600000006,0.12776937465871605,751.7161511,6.0,-0.03295617776596982,0.0,0.0,0.0,18.0,0.0
2024-07-17,12597.094913551127,0.0008966990165566457,11.594178000000039,0.050832653624999995,0.05080725,0.20685533655719998,864.9248291000001,6.0,-0.0320890305216055,0.0,0.0,0.0,18.0,0.0
2024-07-18,12565.797188055223,-0.002484519304703836,-31.047585800000025,0.0,0.0,0.250139695905,833.8772433,6.0,-0.034493824010509155,0.0,0.0,0.0,18.0,0.0
2024-07-19,12603.360259153764,0.002989310629193387,37.917458899999964,0.08668772830695001,0.08668718610000001,0.18101288705291402,873.96353,6.0,-0.03160762613607204,0.0,0.0,0.0,18.0,0.0
2024-07-20,12614.553631224158,0.0008881260108599687,11.860028000000085,0.22703231788394995,0.2269993279,0.21262428382120002,1017.7834938000001,6.0,-0.030747571680124874,0.0,0.0,0.0,18.0,0.0
2024-07-21,12644.283747792404,0.002356810826397826,29.973650400000025,0.0185354631,0.018526200000000003,0.2064721686522,1084.8095442000001,6.0,-0.028463227063548202,0.0,0.0,0.0,18.0,0.0
2024-07-22,12614.085333828432,-0.0023883056222337995,-29.566304600000045,0.17100227447510002,0.17096261380000002,0.29014447569638,1213.8859400000001,6.0,-0.030783553800559194,0.0,0.0,0.0,18.0,0.0
2024-07-23,12612.355869233163,-0.00013710582650261482,-1.4441120000000431,0.0,0.0,0.2853525952695,1212.441828,6.0,-0.030916439022475317,0.0,0.0,0.0,18.0,0.0
2024-07-24,12602.663649217666,-0.0007684702299861623,-9.376485999999952,0.0,0.0,0.31573401549486,1203.065342,6.0,-0.031661150889455536,0.0,0.0,0.0,18.0,0.0
2024-07-25,12570.011687768836,-0.0025908777983498776,-31.80094460000002,0.316518775814075,0.31656665815,0.217931414866184,979.7350537000001,6.0,-0.03416999851489577,0.0,0.0,0.0,18.0,0.0
2024-07-26,12604.098775634784,0.0027117785339145772,34.68566759999997,0.244075997666325,0.24406030335,0.11044343303104398,1077.1979866000001,6.0,-0.031550881449457724,0.0,0.0,0.0,18.0,0.0
2024-07-27,12595.303064253512,-0.0006978453230052084,-8.55418979999995,0.0,0.0,0.24152158126579798,1068.6437968,6.0,-0.03222670913740666,0.0,0.0,0.0,18.0,0.0
2024-07-28,12594.833349792012,-3.7292827262946915e-05,-0.10798780000004526,0.047340387965000015,0.047364070000000015,0.26702220353805,973.807669,6.0,-0.0322628001395725,0.0,0.0,0.0,18.0,0.0
2024-07-29,12581.640242978725,-0.0010475014989781428,-12.682055000000004,0.12371972895,0.12365790000000002,0.2636741843377,1208.441414,6.0,-0.03327650630704326,0.0,0.0,0.0,18.0,0.0
2024-07-30,12574.796429500024,-0.0005439524057699874,-6.3430489999999615,0.1298262284925,0.129858885,0.24107936521384002,1071.472335,6.0,-0.03380235787715191,0.0,0.0,0.0,18.0,0.0
2024-07-31,12542.502779066002,-0.0025681251076368206,-31.663830600000008,0.21492590711550005,0.21490890900000004,0.19998501790559997,1107.8009664,6.0,-0.03628367430082713,0.0,0.0,0.0,18.0,0.0
2024-08-01,12523.565736216686,-0.001509829671389351,-18.426517600000004,0.15338630032,0.15343712,0.20370182899540004,886.0957288000001,6.0,-0.03773872180417004,0.0,0.0,0.0,18.0,0.0
2024-08-02,12460.421356172707,-0.005042044843616145,-62.638719400000014,0.17358740732825,0.1736161115,0.158457125149772,708.6403224,5.0,-0.04259048632010887,0.0,0.0,0.0,18.0,0.0
2024-08-03,12430.31022707336,-0.002416541803735295,-29.388113999999995,0.30790624730250005,0.307977815,0.10713103704593602,392.9814184,5.0,-0.04490410643321008,0.0,0.0,0.0,17.0,0.0
2024-08-04,12413.30885664067,-0.0013677350059744242,-16.651505359999977,0.15840668863814,0.15844447232,0.033013911730603,225.1951856,4.0,-0.04621042452090385,0.0,0.0,0.0,17.0,0.0
2024-08-05,12392.773566230167,-0.0016542962595760269,-20.236953774999996,0.14303407797954376,0.14305108591250001,0.012251471609312002,136.9265,2.0,-0.047788275048041506,0.0,0.0,0.0,10.0,0.0
2024-08-06,12406.030136881278,0.0010697016757599265,13.357389999999997,0.047457793215,0.047452320000000006,0.005909235674399997,172.17675000000003,3.0,-0.04676969257018204,0.0,0.0,0.0,8.0,0.0
2024-08-07,12417.37331448968,0.0009143277489451762,11.346799999999993,0.0,0.0,0.0036223915991999995,183.52355,3.0,-0.045898127648963394,0.0,0.0,0.0,9.0,0.0
2024-08-08,12434.403757240605,0.0013715012281263483,17.049779999999995,0.0,0.0,0.0193372490765,200.57333,3.0,-0.044589575759276245,0.0,0.0,0.0,9.0,0.0
2024-08-09,12424.993458287247,-0.0007567953507926495,-9.351020000000002,0.011319657,0.011314000000000001,0.036645296359000004,213.85031000000004,4.0,-0.045312625926440475,0.0,0.0,0.0,11.0,0.0
2024-08-10,12425.294226595483,2.420671763303517e-05,0.28328000000000597,0.0,0.0,-0.017488308235,214.13359,4.0,-0.04528951607874854,0.0,0.0,0.0,12.0,0.0
2024-08-11,12406.685641231496,-0.0014976374019503025,-18.591942,0.011103543047024999,0.01109799405,-0.005558173108686995,217.73763610000003,5.0,-0.04671932620750319,0.0,0.0,0.0,14.0,0.0
2024-08-12,12424.247387561089,0.001415506674178113,17.568701300000008,0.0,0.0,0.006954970406349006,235.30633740000002,5.0,-0.04536995105138486,0.0,0.0,0.0,15.0,0.0
2024-08-13,12425.695784562653,0.00011657824867650213,1.4638559000000004,0.0,0.0,0.015458898437028001,236.77019330000005,5.0,-0.04525866195214456,0.0,0.0,0.0,15.0,0.0
2024-08-14,12411.45710787194,-0.0011459057856866295,-14.094958400000001,0.06611683464637501,0.06608379275000001,0.011517663316140004,354.84282040000005,5.0,-0.04635270557524784,0.0,0.0,0.0,15.0,0.0
2024-08-15,12392.834910544667,-0.001500403793480598,-18.615150000000007,0.0,0.0,0.007047327271224001,336.2276704000001,5.0,-0.04778356159344521,0.0,0.0,0.0,15.0,0.0
2024-08-16,12385.85983519611,-0.0005628312971894811,-7.007868800000001,0.0,0.0,-0.032793451447012,329.21980160000004,5.0,-0.04831949880667874,0.0,0.0,0.0,15.0,0.0
2024-08-17,12390.264417317852,0.0003556137547451321,4.374850800000017,0.0,0.0,-0.029731321743723994,333.59465240000003,5.0,-0.04798106813033154,0.0,0.0,0.0,15.0,0.0
2024-08-18,12393.519407220505,0.00026270544300111,3.325040399999983,0.034635917025,0.03462885,0.0007857303257839945,365.1877928,6.0,-0.04773096757508932,0.0,0.0,0.0,17.0,0.0
2024-08-19,12400.759788553898,0.0005842070436565816,7.300592799999999,0.01248225575,0.0124885,0.035240710858224,347.51138560000004,5.0,-0.047174645298890594,0.0,0.0,0.0,16.0,0.0
2024-08-20,12403.997846543058,0.0002611177092670669,3.335136800000021,0.0189991698375,0.018989674999999998,0.059089966007252,388.82587240000004,5.0,-0.04692584572493941,0.0,0.0,0.0,15.0,0.0
2024-08-21,12418.665163395943,0.0011824668977165054,14.919685999999988,0.091642223525,0.09161685,0.0691100735888,505.2396584,6.0,-0.045798867086439876,0.0,0.0,0.0,17.0,0.0
2024-08-22,12404.080289425987,-0.001174431694393796,-14.105910000000016,0.17051438322499995,0.17046655,0.13798303672971202,682.4666483999999,5.0,-0.046919511139760006,0.0,0.0,0.0,16.0,0.0
2024-08-23,12475.029721124567,0.005719846215366919,71.15741160000005,0.04081203582000001,0.04079164000000001,0.126376225600828,835.2073399999999,6.0,-0.04146803731261273,0.0,0.0,0.0,17.0,0.0
2024-08-24,12479.67628957362,0.00037246952936587086,4.851737599999973,0.05302954152,0.05300304000000001,0.09913656942840002,946.0651576,6.0,-0.04111101336358847,0.0,0.0,0.0,18.0,0.0
2024-08-25,12459.914549656083,-0.0015835138235152924,-19.593092799999997,0.0,0.0,0.16864711753540002,926.4720648,6.0,-0.042629427329143765,0.0,0.0,0.0,18.0,0.0
2024-08-26,12409.182093320132,-0.004071653632436112,-50.551497200000036,0.023621504850000002,0.023609700000000004,0.133727931099944,923.1399676000001,6.0,-0.04652750869894651,0.0,0.0,0.0,18.0,0.0
2024-08-27,12338.39637601305,-0.005704301603019157,-70.50801799999999,0.12075690046500001,0.12075447,0.036187936614768004,862.3538096,6.0,-0.05196640335950975,0.0,0.0,0.0,18.0,0.0
2024-08-28,12330.70803965539,-0.0006231228210991091,-7.010373440000009,0.32186999796096,0.32191355808000005,0.034179361618252,681.1029599999999,5.0,-0.052557144728745064,0.0,0.0,0.0,18.0,0.0
2024-08-29,12321.717718089229,-0.0007291001893199311,-8.900239999999968,0.0764300811,0.07641324000000001,-0.06276175493880001,739.56712,6.0,-0.05324792549389312,0.0,0.0,0.0,17.0,0.0
2024-08-30,12337.147063684371,0.001252207358434454,15.501379999999985,0.0,0.0,0.0720344048542,755.0685,6.0,-0.05206239557958359,0.0,0.0,0.0,18.0,0.0
2024-08-31,12328.20933391929,-0.0007244567742399344,-8.877939999999992,0.0,0.0,0.0597897650774,746.19056,6.0,-0.05274913539866277,0.0,0.0,0.0,18.0,0.0
2024-09-01,12285.84788749776,-0.003436139448490527,-41.93162000000001,0.19571246317750002,0.19575154500000003,0.03836241335040001,547.93165,5.0,-0.05600402146213623,0.0,0.0,0.0,18.0,0.0
2024-09-02,12334.513116233515,0.003961080194170075,48.849224200000016,0.09436259833855,0.0943611829,-0.004728316994481999,602.4426284000001,6.0,-0.052264777688173725,0.0,0.0,0.0,17.0,0.0
2024-09-03,12288.262585182572,-0.003749684370603301,-46.19210380000002,0.0,0.0,0.05842725093968801,556.2505246000001,6.0,-0.055818485638746584,0.0,0.0,0.0,18.0,0.0
2024-09-04,12320.38575889805,0.0026141347072297094,32.308139,0.07881672395500001,0.07884131,0.027307250565888008,490.21448360000005,6.0,-0.05335026797213016,0.0,0.0,0.0,18.0,0.0
2024-09-05,12305.14291230736,-0.0012372053025759833,-15.318635599999972,0.0,0.0,-0.07578900930609,474.89584800000006,6.0,-0.05452146804027724,0.0,0.0,0.0,18.0,0.0
2024-09-06,12291.416553725974,-0.0011154976971178288,-13.672592200000025,0.0,0.0,0.05376638138774,461.22325579999995,6.0,-0.05557614716535264,0.0,0.0,0.0,18.0,0.0
2024-09-07,12297.596351622407,0.0005027734492131231,6.122808599999995,0.0,0.0,-0.056989296435648,467.34606439999993,6.0,-0.0551013159273438,0.0,0.0,0.0,18.0,0.0
2024-09-08,12304.822517278702,0.000587607972296178,7.190010200000031,0.015947919975,0.01593995,-0.068043326268878,506.4159746,6.0,-0.054546085927570376,0.0,0.0,0.0,18.0,0.0
2024-09-09,12334.06717466267,0.0023766825846454065,29.232824,0.0,0.0,-0.011833383968287998,535.6487986000001,6.0,-0.052299042075409696,0.0,0.0,0.0,18.0,0.0
2024-09-10,12347.05816508483,0.0010532608780375874,13.049633,0.03008688405,0.0300879,-0.0015322062083039972,544.6346316,6.0,-0.05130086573234893,0.0,0.0,0.0,18.0,0.0
2024-09-11,12336.465030353069,-0.0008579480707167075,-10.611784400000023,0.03620040999,0.03619614,-0.091046218227132,551.1028072,6.0,-0.052114800324284505,0.0,0.0,0.0,18.0,0.0
2024-09-12,12347.836380149927,0.0009217672784609388,11.310327000000013,0.0,0.0,-0.06102279685900001,562.4131342000001,6.0,-0.05124107076348594,0.0,0.0,0.0,18.0,0.0
2024-09-13,12348.651161128957,6.598572850702311e-05,1.0775108000000073,0.1414597612425,0.141411495,-0.020141435273400003,756.555615,6.0,-0.05117846621436273,0.0,0.0,0.0,18.0,0.0
2024-09-14,12354.945285350144,0.0005097013543471363,6.373840800000017,0.04883306433000001,0.04880866000000001,-0.017925145515899982,860.5467758000002,6.0,-0.050694850593558494,0.0,0.0,0.0,18.0,0.0
2024-09-15,12342.137510826991,-0.0010366516586957086,-12.787804000000023,0.0,0.0,0.01997052314928401,847.7589718000002,6.0,-0.05167894935129902,0.0,0.0,0.0,18.0,0.0
2024-09-16,12330.107362478908,-0.0009747216264225367,-11.94523840000003,0.0120143898,0.012020399999999999,0.060875158283824005,811.7729333999999,6.0,-0.052603298388158026,0.0,0.0,0.0,18.0,0.0
2024-09-17,12346.24533845056,0.0013088268818131077,16.091074400000032,0.1154077508425,0.11537406500000001,-0.277683387496148,962.6073778000001,6.0,-0.051363320117347455,0.0,0.0,0.0,18.0,0.0
2024-09-18,12431.095951112284,0.006872584363561085,84.83610699999997,0.14495424757500003,0.14493035,-0.304390259300394,1143.0337848000001,6.0,-0.04484373450448553,0.0,0.0,0.0,18.0,0.0
2024-09-19,12541.37737818718,0.008871416286110323,110.06660580000002,0.12661578933735002,0.1266130253,-0.468050089535992,1264.1565400000002,6.0,-0.03637014565498842,0.0,0.0,0.0,18.0,0.0
2024-09-20,12583.379948735557,0.003349119421398594,42.338644999999985,0.02837125377675,0.0283854465,0.27931775134560005,1249.7242919999999,6.0,-0.03314283419476194,0.0,0.0,0.0,18.0,0.0
2024-09-21,12592.707488452756,0.0007412586884603112,10.12935999999999,0.21443677647750004,0.21446104500000002,0.3729224613253,1162.779562,6.0,-0.03242614292010859,0.0,0.0,0.0,18.0,0.0
2024-09-22,12598.884139018144,0.000490494246058848,6.9893219999999845,0.22079434750350002,0.220787113,0.37108997410626,1198.706898,6.0,-0.03195155351057388,0.0,0.0,0.0,18.0,0.0
2024-09-23,12618.329300171872,0.0015434034426515808,18.957752000000003,0.0,0.0,-0.48740915372399995,1217.6646500000002,6.0,-0.030457464205608686,0.0,0.0,0.0,18.0,0.0
2024-09-24,12642.56212237716,0.001920446172296142,24.748802000000033,0.3031290055625,0.303123275,-0.09027248584959996,1265.335702,6.0,-0.028595509953864062,0.0,0.0,0.0,18.0,0.0
2024-09-25,12613.841302859319,-0.00227175625002507,-28.498854,0.0,0.0,0.2219655178432,1236.8368480000001,6.0,-0.03080230417542884,0.0,0.0,0.0,18.0,0.0
2024-09-26,12631.57432103389,0.0014058380590653563,18.001082000000007,0.0,0.0,0.268063825428,1254.8379300000001,6.0,-0.02943976916788016,0.0,0.0,0.0,18.0,0.0
2024-09-27,12678.651569840255,0.0037269502288381773,46.55736899999999,0.17493933921325,0.1749434315,-0.8697625770748799,1285.0261520000001,6.0,-0.025822539493479013,0.0,0.0,0.0,18.0,0.0
2024-09-28,12658.413296055189,-0.0015962481241466042,-20.107717000000033,0.0,0.0,0.13055678506340507,1264.918435,6.0,-0.02737756843739847,0.0,0.0,0.0,18.0,0.0
2024-09-29,12676.456981655834,0.0014254302793437201,18.93688249999999,0.2925251477875,0.292493575,0.30817817656474,1410.1464675,6.0,-0.02599116297308013,0.0,0.0,0.0,18.0,0.0
2024-09-30,12628.647643591368,-0.003771506354942167,-47.470076000000006,0.02706120263,0.027074740000000003,0.285126121834,1308.5269115,6.0,-0.02966464349169695,0.0,0.0,0.0,18.0,0.0
2024-10-01,12571.936682602063,-0.004490659854468615,-55.86255487499998,0.3163093744353438,0.3163657543125,0.21573098555764997,1027.1448480000001,5.0,-0.034022089522540266,0.0,0.0,0.0,18.0,0.0
2024-10-02,12547.495850632647,-0.0019440785128387317,-24.802489499999986,0.254240160106875,0.25430468625,-0.87020237694396,744.2377860000001,5.0,-0.03590002642217638,0.0,0.0,0.0,17.0,0.0
2024-10-03,12536.051538918462,-0.0009120793384130854,-12.16485960000006,0.23408181449120002,0.2340551824,-1.188684882707556,838.6012912,6.0,-0.036779362088241285,0.0,0.0,0.0,17.0,0.0
2024-10-04,12586.448834251649,0.004020188906908029,46.92348520000002,0.27871358305500005,0.27870539,-4.031229106242444,918.2969964,6.0,-0.03290703316480359,0.0,0.0,0.0,18.0,0.0
2024-10-05,12577.186110983484,-0.0007359282503065501,-9.619952800000002,0.0,0.0,-0.3572295318351681,908.6770436000002,6.0,-0.0336187441997704,0.0,0.0,0.0,18.0,0.0
2024-10-06,12625.264290490972,0.0038226499221079013,48.02753039999999,0.0,0.0,-0.050649107489300016,956.7045740000001,6.0,-0.029924606967559164,0.0,0.0,0.0,18.0,0.0
2024-10-07,12618.657637163044,-0.00052328831903381,-6.793237199999946,0.0240854367,0.0240734,-0.23474270876675996,998.0581368000002,6.0,-0.030432236089315112,0.0,0.0,0.0,18.0,0.0
2024-10-08,12602.492753605562,-0.0012810303617299956,-15.329586800000016,0.34266438967420004,0.34270763160000006,0.14992473621099603,809.7608468000001,6.0,-0.03167428183263932,0.0,0.0,0.0,18.0,0.0
2024-10-09,12574.758818789724,-0.002200670562409468,-27.57024240000002,0.021544672275000003,0.02155545,0.12059229356584698,739.0797044000001,6.0,-0.03380524773543425,0.0,0.0,0.0,18.0,0.0
2024-10-10,12577.202056494925,0.00019429698337836143,2.5820144999999757,0.0,0.0,0.13877679479508997,741.6617189,6.0,-0.033617519009713215,0.0,0.0,0.0,18.0,0.0
2024-10-11,12655.802979026994,0.0062494760105629155,78.64397600000002,0.08473987365927499,0.08473128145,-0.12641768717825003,854.6745320000001,6.0,-0.027578134877736082,0.0,0.0,0.0,18.0,0.0
2024-10-12,12680.010609614332,0.0019127692353819725,24.434511000000022,0.032017023480000004,0.03203304,0.16283034917660003,815.042963,6.0,-0.025718116250317502,0.0,0.0,0.0,18.0,0.0
2024-10-13,12687.74407261453,0.000609894048064552,7.973621999999972,0.0,0.0,0.24015899979600006,823.0165850000001,6.0,-0.02512390752828153,0.0,0.0,0.0,18.0,0.0
2024-10-14,12765.457157825123,0.006125051448533814,73.27459400000004,0.0,0.0,-4.43849121059312,896.291179,6.0,-0.019152741305946686,0.0,0.0,0.0,18.0,0.0
2024-10-15,12675.956905314217,-0.007011127874573919,-94.27946535000005,0.1943414666765875,0.194367896825,-5.1679222025983975,696.2911200000001,5.0,-0.026029586862075904,0.0,0.0,0.0,18.0,0.0
2024-10-16,12666.488988765079,-0.000746919275590785,-9.118721999999961,0.070064126556,0.07002911200000002,0.2091013105792,827.2306220000002,6.0,-0.026757064137503894,0.0,0.0,0.0,17.0,0.0
2024-10-17,12651.948376296054,-0.0011479591923162502,-14.021577999999979,0.15579732611250002,0.155779875,0.20745726791120003,883.0134940000002,6.0,-0.027874307312084068,0.0,0.0,0.0,18.0,0.0
2024-10-18,12667.673527003466,0.0012429034832985852,15.988639999999984,0.018109320810000003,0.018118380000000003,0.22726159177952002,862.7653740000002,6.0,-0.026666048902438177,0.0,0.0,0.0,18.0,0.0
2024-10-19,12647.061411883184,-0.0016271429064179666,-19.765860000000007,0.277431602869,0.277365062,0.29145845540950005,1109.1629900000003,6.0,-0.028249802336542285,0.0,0.0,0.0,18.0,0.0
2024-10-20,12656.881037831294,0.0007764353811774427,10.909350000000027,0.36802930059124994,0.3679825125,0.35371223879635005,1307.224705,6.0,-0.027495301101410297,0.0,0.0,0.0,18.0,0.0
2024-10-21,12622.059355543717,-0.002751205623525599,-34.06967,0.181584790075,0.18158895000000003,0.3888385475000001,1256.5153349999998,6.0,-0.03017086149792514,0.0,0.0,0.0,18.0,0.0
2024-10-22,12613.855000180562,-0.0006500013295811513,-7.073410000000072,0.35492452665250007,0.354862715,0.4211581215,1496.688535,6.0,-0.0308012517274181,0.0,0.0,0.0,18.0,0.0
2024-10-23,12604.03865592859,-0.0007782192083094497,-8.786739999999975,0.30645229941625,0.3064740675,0.416677885052,1400.82946,6.0,-0.03155550080999325,0.0,0.0,0.0,18.0,0.0
2024-10-24,12633.250764639564,0.002317678444855753,29.958346000000045,0.1643745233005,0.16435860100000002,0.41750416472836005,1494.477008,6.0,-0.029310957869181475,0.0,0.0,0.0,18.0,0.0
2024-10-25,12530.761936916972,-0.008112625137582041,-102.09479999999996,0.0,0.0,0.3940277225942,1392.382208,6.0,-0.03718579419314749,0.0,0.0,0.0,18.0,0.0
2024-10-26,12565.246054867708,0.002751956993863436,34.963340000000024,0.13195191457050004,0.131977899,0.21529223569070002,1323.4078299999999,6.0,-0.03453617090568617,0.0,0.0,0.0,18.0,0.0
2024-10-27,12592.601692524075,0.0021770873038948757,27.642830000000014,0.0,0.0,0.28719234362850005,1351.05066,6.0,-0.032434271860995345,0.0,0.0,0.0,18.0,0.0
2024-10-28,12638.437650530446,0.003639911681919017,46.2001399999999,0.0,0.0,0.36418199362680004,1397.2507999999998,6.0,-0.028912418064117706,0.0,0.0,0.0,18.0,0.0
2024-10-29,12726.373470040327,0.006957807756102774,88.65317880000008,0.15477478192462502,0.15474008925,0.40784441894425494,1624.6746773,6.0,-0.022155777354669226,0.0,0.0,0.0,18.0,0.0
2024-10-30,12679.890757874327,-0.003652471167487459,-44.96660100000004,0.49175758451842505,0.49164355115,0.532710030328,2035.8415499999996,6.0,-0.02572732518417542,0.0,0.0,0.0,18.0,0.0
2024-10-31,12607.933987322791,-0.005674873066777053,-71.442486,0.0,0.0,0.5142845515400001,1964.3990640000002,6.0,-0.03125619894618459,0.0,0.0,0.0,18.0,0.0
2024-11-01,12584.096136572613,-0.0018907023763090613,-23.342486000000044,0.042133922500000004,0.042155000000000005,0.41107582767895007,1856.7465780000002,6.0,-0.033087805152871685,0.0,0.0,0.0,18.0,0.0
2024-11-02,12570.908743161404,-0.0010479412480711714,-11.972676999999926,0.42441426514875,0.42451848750000004,0.3657836585588,1427.8844960000001,6.0,-0.034101072325115056,0.0,0.0,0.0,18.0,0.0
2024-11-03,12524.33702423355,-0.0037047217412337075,-45.72342100000007,0.25068078840450003,0.250735821,0.34688131845340003,1162.0306930000002,5.0,-0.03767945908230652,0.0,0.0,0.0,18.0,0.0
2024-11-04,12510.117689917217,-0.0011353362887648322,-13.56098999999996,0.215203514024,0.21520226200000003,0.22793854030844,1153.477799,5.0,-0.03877201651383422,0.0,0.0,0.0,17.0,0.0
2024-11-05,12570.922362336141,0.004860439679790662,61.34527300000001,0.12856390299775,0.1285499955,0.28348668257626,1270.4530630000002,6.0,-0.034100025881572904,0.0,0.0,0.0,17.0,0.0
2024-11-06,12707.910432563876,0.01089721710780478,137.34311799999992,0.0,0.0,0.35504777226116,1407.7961810000002,6.0,-0.023574404159181328,0.0,0.0,0.0,18.0,0.0
2024-11-07,12728.7421946475,0.0016392751738509848,21.94763699999999,0.38137809266825,0.3813608635,0.35313596020399,1498.660491,6.0,-0.021973773920806794,0.0,0.0,0.0,18.0,0.0
2024-11-08,12739.84580983468,0.0008723261903951229,11.312994999999972,0.0,0.0,0.20937981282,1509.9734859999999,6.0,-0.021120616028904582,0.0,0.0,0.0,18.0,0.0
2024-11-09,12816.071773241616,0.005983272054053579,76.40788700000009,0.0,0.0,0.18192359306399997,1586.381373,6.0,-0.015263714366501091,0.0,0.0,0.0,18.0,0.0
2024-11-10,12936.243717899713,0.009376659774097185,121.73393999999996,0.32535549131675,0.3252993665,0.9113404840878001,1932.6145800000002,6.0,-0.006030177248907531,0.0,0.0,0.0,18.0,0.0
2024-11-11,13109.170298966497,0.013367603829812502,174.53787199999994,0.27768057797400003,0.277702608,1.055907747239,2019.032348,6.0,0.0,0.0,0.0,0.0,18.0,0.0
2024-11-12,13126.60472224232,0.0013299410167246783,20.759009000000027,0.5403454246835,0.540431475,2.2438088244932404,1695.590091,6.0,0.0,0.0,0.0,0.0,18.0,0.0
2024-11-13,13309.63780606371,0.013943672998033563,184.34518800000006,0.08405505145000002,0.08409710000000001,1.14395202716128,1711.741079,6.0,0.0,0.0,0.0,0.0,18.0,0.0
2024-11-14,13247.083816493841,-0.0046999017164366386,-61.597162500000074,0.12165314125087501,0.12171399825000001,0.7134599303658149,1406.7159199999999,6.0,-0.0046999017164366386,0.0,0.0,0.0,18.0,0.0
2024-11-15,13338.535193253683,0.006903510087705289,91.94338450000004,0.0,0.0,0.492007740155095,1498.6593045000002,6.0,0.0,0.0,0.0,0.0,18.0,0.0
2024-11-16,13305.172432978576,-0.002501231191561537,-32.579550000000026,0.025613043821625003,0.025625856750000002,0.7319713745389801,1414.828041,6.0,-0.002501231191561537,0.0,0.0,0.0,18.0,0.0
2024-11-17,13328.745880382245,0.001771750612208356,24.452560999999953,0.020576046830000003,0.02058634,0.8379512095035601,1398.107922,6.0,-0.0007339121372480495,0.0,0.0,0.0,18.0,0.0
2024-11-18,13319.416604620228,-0.0006999365015839532,-8.390422999999982,0.022898684930000007,0.022910140000000002,0.8930439370886,1343.8972190000002,6.0,-0.0014333349469382028,0.0,0.0,0.0,18.0,0.0
2024-11-19,13329.814028413875,0.0007806215619114987,11.961662999999971,0.31813069048500003,0.31811628000000003,0.9279922358649001,1413.5008219999995,6.0,-0.0006538322771918459,0.0,0.0,0.0,18.0,0.0
2024-11-20,13315.66782350675,-0.0010612454815176475,-13.576945999999941,0.04614486602500001,0.04616795,0.4769460910984,1307.5879760000003,6.0,-0.0017143838821596091,0.0,0.0,0.0,18.0,0.0
2024-11-21,13398.191574085906,0.00619749243319756,83.55484999999999,0.316082759981,0.31607427800000004,0.3989423828649001,1425.07075,6.0,0.0,0.0,0.0,0.0,18.0,0.0
2024-11-22,13498.315666629771,0.007472955733631936,101.41746000000002,0.1876897461175,0.187695565,0.9179821450186,1503.21268,6.0,0.0,0.0,0.0,0.0,18.0,0.0
2024-11-23,13510.631702616922,0.000912412799590756,13.873399999999993,0.24679301473249998,0.24684273499999998,1.063728263118,1318.20501,6.0,0.0,0.0,0.0,0.0,18.0,0.0
2024-11-24,13494.533029889873,-0.0011915558858680564,-14.596579999999982,0.3178383117455,0.31783574100000006,0.86641867430436,1313.891412,6.0,-0.0011915558858680564,0.0,0.0,0.0,18.0,0.0
2024-11-25,13423.664674613412,-0.005251634504098157,-70.226456,0.0189303301,0.0189398,0.60402914636308,1205.785356,6.0,-0.0064369327739624005,0.0,0.0,0.0,18.0,0.0
2024-11-26,13423.305386135278,-2.676530491807494e-05,0.8669039999999875,0.45081681052500006,0.45090874999999997,0.32446691761119995,838.89436,6.0,-0.006463525792411939,0.0,0.0,0.0,18.0,0.0
2024-11-27,13463.189717403064,0.0029712749669676963,40.417450000000024,0.12864332324,0.12864352,0.2758318889777,878.52477,6.0,-0.0035114557378297384,0.0,0.0,0.0,18.0,0.0
2024-11-28,13468.539412371507,0.00039735717023492434,6.2414399999999635,0.19798877169,0.19795248,0.4958037798674,1029.9329699999998,6.0,-0.0031154938697102175,0.0,0.0,0.0,18.0,0.0
2024-11-29,13513.025282608642,0.0033029468805112483,45.18324000000009,0.018581104799999998,0.0185904,0.660198258066,1037.93541,6.0,0.0,0.0,0.0,0.0,18.0,0.0
2024-11-30,13545.649245646233,0.0024142604898089726,33.55548499999999,0.13196700467475,0.13196834950000003,0.6675866082296499,1066.111594,6.0,0.0,0.0,0.0,0.0,18.0,0.0
2024-12-01,13600.934440054194,0.0040813986399161895,56.16352499999995,0.18593557964750002,0.18594870500000002,0.50644630739706,1069.773709,6.0,0.0,0.0,0.0,0.0,18.0,0.0
2024-12-02,13624.526775009517,0.0017346113283103204,24.789240000000035,0.13418817501,0.13419602,0.92852084966382,1063.182989,6.0,0.0,0.0,0.0,0.0,18.0,0.0
2024-12-03,13586.544149336663,-0.002787812472321849,-37.11051700000001,0.024369399205000006,0.02438159,0.82335768364785,977.3092919999999,6.0,-0.002787812472321849,0.0,0.0,0.0,18.0,0.0
2024-12-04,13597.518935200493,0.0008077687558514235,12.15194000000001,0.21819173116199997,0.21815367600000002,0.74080872901068,1141.68188,6.0,-0.0019822956242827594,0.0,0.0,0.0,18.0,0.0
2024-12-05,13562.068217749858,-0.0026071460256519297,-33.10498000000001,0.24906840681750003,0.24899556500000003,1.8476734788203,1399.94417,6.0,-0.004584273515776172,0.0,0.0,0.0,18.0,0.0
2024-12-06,13611.465894485578,0.0036423409720849342,50.726459999999975,0.23278829372000004,0.23281544000000004,0.8631795305633,1342.08551,6.0,-0.0009586300309450957,0.0,0.0,0.0,18.0,0.0
2024-12-07,13628.123707702774,0.0012238074389874232,17.870789999999985,0.0,0.0,1.2129767828007003,1359.9563,6.0,0.0,0.0,0.0,0.0,18.0,0.0
2024-12-08,13643.768434669417,0.0011479736537611807,16.93178000000004,0.155895520185,0.15590117,0.9752563431749001,1354.28882,6.0,0.0,0.0,0.0,0.0,18.0,0.0
2024-12-09,13535.376884174011,-0.00794439974662553,-107.50577999999999,0.06919001268749997,0.06922462499999997,0.7473558577222001,1108.3337900000001,5.0,-0.00794439974662553,0.0,0.0,0.0,18.0,0.0
2024-12-10,13504.08208158699,-0.0023120747102071126,-30.842410000000065,0.05212335865500001,0.05209731000000001,0.3481719183672,1181.6860000000001,6.0,-0.010238106411090797,0.0,0.0,0.0,17.0,0.0
2024-12-11,13585.548020938377,0.0060326898828959585,82.00775000000006,0.16282663977,0.16280646000000001,0.21617754884060003,1344.41283,6.0,-0.004267179849161029,0.0,0.0,0.0,18.0,0.0
2024-12-12,13581.78017888538,-0.0002773419259340937,-3.401520000000093,0.0,0.0,0.36632205300000004,1341.0113099999999,6.0,-0.004543338307217426,0.0,0.0,0.0,18.0,0.0
2024-12-13,13604.118858682175,0.0016447534492955995,23.08102000000008,0.184128692775,0.18414255000000002,0.37406896043160004,1308.66343,6.0,-0.0029060575292739754,0.0,0.0,0.0,18.0,0.0
2024-12-14,13579.584032685527,-0.0018034851247268335,-24.16141,0.0,0.0,0.3734159966484001,1284.50202,6.0,-0.004704301622475149,0.0,0.0,0.0,18.0,0.0
2024-12-15,13619.874876285492,0.0029670160369410503,40.61893999999998,0.0,0.0,0.3280964000328,1325.1209599999997,6.0,-0.00175124332389065,0.0,0.0,0.0,18.0,0.0
2024-12-16,13611.749775371041,-0.0005965620821228867,-7.779089999999988,0.144533482655,0.14453129,0.056946141793299994,1326.11249,6.0,-0.002346760680649984,0.0,0.0,0.0,18.0,0.0
2024-12-17,13595.972401217223,-0.0011590996318758817,-15.421179999999985,0.0,0.0,0.356194153817,1310.69131,6.0,-0.0035031401830847297,0.0,0.0,0.0,18.0,0.0
2024-12-18,13515.29228337032,-0.0059341189777407655,-80.26796999999996,0.13407373665000002,0.13408150000000002,0.14399261025180005,1199.36994,6.0,-0.0094164711101834,0.0,0.0,0.0,18.0,0.0
2024-12-19,13461.30636024549,-0.00399443252820042,-53.71850000000009,0.37906397941250003,0.379084075,-0.49072492957709996,1065.26909,6.0,-0.013373290179880426,0.0,0.0,0.0,18.0,0.0
2024-12-20,13458.705203298876,-0.00019323213342026246,-2.133826327499971,0.2715857860128319,0.27172164683625,-0.0759768137398,519.6919700000001,4.0,-0.013563938163908329,0.0,0.0,0.0,18.0,0.0
2024-12-21,13421.545953465227,-0.002760982521895272,-36.79673000000001,0.20570955337500002,0.20560675,-0.048796469725999964,894.1087400000001,6.0,-0.016287470889605027,0.0,0.0,0.0,16.0,0.0
2024-12-22,13411.553187958458,-0.0007445316315584094,-10.499910000000002,0.0,0.0,-0.507144493233,883.6088300000001,6.0,-0.01701987598388799,0.0,0.0,0.0,18.0,0.0
2024-12-23,13474.29193275821,0.004677962643139688,62.76071999999999,0.20802490170000001,0.20806360000000002,-0.39411330145160006,791.5763500000002,6.0,-0.012421531684791765,0.0,0.0,0.0,18.0,0.0
2024-12-24,13470.780627302196,-0.000260592947929017,-3.5513300000000063,0.03095439615,0.0309507,-0.10192964014060002,802.8096200000001,6.0,-0.012678887669161143,0.0,0.0,0.0,18.0,0.0
2024-12-25,13456.759210776574,-0.0010408763169377222,-13.962450000000004,0.09817646405000001,0.09817262000000002,-0.13738255842769997,804.2233700000002,6.0,-0.013706566832198952,0.0,0.0,0.0,18.0,0.0
2024-12-26,13401.35082622754,-0.004117513264609851,-55.48013000000002,0.0,0.0,-0.071745450969,748.74324,6.0,-0.017767643126064936,0.0,0.0,0.0,18.0,0.0
2024-12-27,13383.633557208424,-0.001322050981938494,-17.623579999999986,0.1125154815025,0.11252709500000001,-0.1313535573869,684.6656700000001,6.0,-0.019066204377961915,0.0,0.0,0.0,18.0,0.0
2024-12-28,13416.839608465114,0.002481093875945639,33.429460000000034,0.09253201485,0.09252822,0.038348508459399994,733.27453,6.0,-0.016632415544935997,0.0,0.0,0.0,18.0,0.0
2024-12-29,13386.621373306345,-0.002252261787470622,-29.99618000000001,0.04335006419999999,0.043328399999999996,0.1353766945694,789.93515,6.0,-0.018847216778441478,0.0,0.0,0.0,18.0,0.0
2024-12-30,13387.676707502904,7.883499257421711e-05,1.3470999999999997,0.09219662163,0.09219954,0.10736964181240001,779.6087699999999,6.0,-0.01876986760606203,0.0,0.0,0.0,18.0,0.0
2024-12-31,13367.803431170518,-0.0014844454916698169,-19.87502,0.01643853516,0.01643032,-0.03461252277150001,792.59439,6.0,-0.020226450252384787,0.0,0.0,0.0,18.0,0.0
