day,stage,symbol,reason
2020-05-12,FILL,BTCUSDT,BELOW_EXCHANGE_MINIMUM_NOTIONAL
2020-05-13,FILL,BTCUSDT,BELOW_EXCHANGE_MINIMUM_NOTIONAL
2020-05-14,FILL,BTCUSDT,BELOW_EXCHANGE_MINIMUM_NOTIONAL
2020-05-15,FILL,BTCUSDT,BELOW_EXCHANGE_MINIMUM_NOTIONAL
2020-05-15,DECISION,TRXUSDT,POSITION_LIMIT
2020-05-16,FILL,BTCUSDT,BELOW_EXCHANGE_MINIMUM_NOTIONAL
2020-05-16,DECISION,TRXUSDT,POSITION_LIMIT
2020-05-17,FILL,BTCUSDT,BELOW_EXCHANGE_MINIMUM_NOTIONAL
2020-05-17,DECISION,TRXUSDT,POSITION_LIMIT
2020-05-18,FILL,BTCUSDT,BELOW_EXCHANGE_MINIMUM_NOTIONAL
2020-05-18,DECISION,XRPUSDT,POSITION_LIMIT
2020-05-18,DECISION,TRXUSDT,POSITION_LIMIT
2020-05-19,DECISION,XRPUSDT,POSITION_LIMIT
2020-05-19,DECISION,TRXUSDT,POSITION_LIMIT
2020-05-20,DECISION,XRPUSDT,POSITION_LIMIT
2020-05-20,DECISION,TRXUSDT,POSITION_LIMIT
2020-05-21,DECISION,XRPUSDT,POSITION_LIMIT
2020-05-21,DECISION,TRXUSDT,POSITION_LIMIT
2020-05-22,DECISION,XRPUSDT,POSITION_LIMIT
2020-05-22,DECISION,TRXUSDT,POSITION_LIMIT
2020-05-23,DECISION,XRPUSDT,POSITION_LIMIT
2020-05-23,DECISION,TRXUSDT,POSITION_LIMIT
2020-05-24,DECISION,TRXUSDT,POSITION_LIMIT
2020-05-25,DECISION,TRXUSDT,POSITION_LIMIT
2020-05-26,DECISION,TRXUSDT,POSITION_LIMIT
2020-05-27,DECISION,TRXUSDT,POSITION_LIMIT
2020-05-28,DECISION,TRXUSDT,POSITION_LIMIT
2020-05-29,DECISION,LTCUSDT,POSITION_LIMIT
2020-05-29,DECISION,TRXUSDT,POSITION_LIMIT
2020-05-30,DECISION,BTCUSDT,POSITION_LIMIT
2020-05-30,DECISION,LTCUSDT,POSITION_LIMIT
2020-05-30,DECISION,BCHUSDT,POSITION_LIMIT
2020-05-30,DECISION,EOSUSDT,POSITION_LIMIT
2020-05-30,DECISION,XRPUSDT,POSITION_LIMIT
2020-05-31,DECISION,BTCUSDT,POSITION_LIMIT
2020-05-31,DECISION,LTCUSDT,POSITION_LIMIT
2020-05-31,DECISION,BCHUSDT,POSITION_LIMIT
2020-05-31,DECISION,EOSUSDT,POSITION_LIMIT
2020-05-31,DECISION,XRPUSDT,POSITION_LIMIT
2020-06-01,DECISION,TRXUSDT,POSITION_LIMIT
2020-06-01,DECISION,XMRUSDT,POSITION_LIMIT
2020-06-01,DECISION,LTCUSDT,POSITION_LIMIT
2020-06-01,DECISION,BCHUSDT,POSITION_LIMIT
2020-06-01,DECISION,EOSUSDT,POSITION_LIMIT
2020-06-01,DECISION,XRPUSDT,POSITION_LIMIT
2020-06-02,DECISION,TRXUSDT,POSITION_LIMIT
2020-06-02,DECISION,XMRUSDT,POSITION_LIMIT
2020-06-02,DECISION,LTCUSDT,POSITION_LIMIT
2020-06-02,DECISION,BCHUSDT,POSITION_LIMIT
2020-06-02,DECISION,EOSUSDT,POSITION_LIMIT
2020-06-02,DECISION,XRPUSDT,POSITION_LIMIT
2020-06-02,DECISION,DASHUSDT,POSITION_LIMIT
2020-06-03,DECISION,TRXUSDT,POSITION_LIMIT
2020-06-03,DECISION,ZECUSDT,POSITION_LIMIT
2020-06-03,DECISION,XMRUSDT,POSITION_LIMIT
2020-06-03,DECISION,LTCUSDT,POSITION_LIMIT
2020-06-03,DECISION,BCHUSDT,POSITION_LIMIT
2020-06-03,DECISION,EOSUSDT,POSITION_LIMIT
2020-06-03,DECISION,XRPUSDT,POSITION_LIMIT
2020-06-03,DECISION,DASHUSDT,POSITION_LIMIT
2020-06-04,DECISION,TRXUSDT,POSITION_LIMIT
2020-06-04,DECISION,ZECUSDT,POSITION_LIMIT
2020-06-04,DECISION,XMRUSDT,POSITION_LIMIT
2020-06-04,DECISION,ETCUSDT,POSITION_LIMIT
2020-06-04,DECISION,LTCUSDT,POSITION_LIMIT
2020-06-04,DECISION,BCHUSDT,POSITION_LIMIT
2020-06-04,DECISION,EOSUSDT,POSITION_LIMIT
2020-06-04,DECISION,XRPUSDT,POSITION_LIMIT
2020-06-04,DECISION,DASHUSDT,POSITION_LIMIT
2020-06-05,DECISION,TRXUSDT,POSITION_LIMIT
2020-06-05,DECISION,ZECUSDT,POSITION_LIMIT
2020-06-05,DECISION,XMRUSDT,POSITION_LIMIT
2020-06-05,DECISION,ATOMUSDT,POSITION_LIMIT
2020-06-05,DECISION,ETCUSDT,POSITION_LIMIT
2020-06-05,DECISION,LTCUSDT,POSITION_LIMIT
2020-06-05,DECISION,BCHUSDT,POSITION_LIMIT
2020-06-05,DECISION,EOSUSDT,POSITION_LIMIT
2020-06-05,DECISION,XRPUSDT,POSITION_LIMIT
2020-06-05,DECISION,DASHUSDT,POSITION_LIMIT
2020-06-06,DECISION,ZECUSDT,POSITION_LIMIT
2020-06-06,DECISION,XMRUSDT,POSITION_LIMIT
2020-06-06,DECISION,ATOMUSDT,POSITION_LIMIT
2020-06-06,DECISION,LINKUSDT,POSITION_LIMIT
2020-06-06,DECISION,ETCUSDT,POSITION_LIMIT
2020-06-06,DECISION,LTCUSDT,POSITION_LIMIT
2020-06-06,DECISION,BCHUSDT,POSITION_LIMIT
2020-06-06,DECISION,EOSUSDT,POSITION_LIMIT
2020-06-06,DECISION,XRPUSDT,POSITION_LIMIT
2020-06-06,DECISION,DASHUSDT,POSITION_LIMIT
2020-06-07,DECISION,ATOMUSDT,POSITION_LIMIT
2020-06-07,DECISION,LINKUSDT,POSITION_LIMIT
2020-06-07,DECISION,XTZUSDT,POSITION_LIMIT
2020-06-07,DECISION,XMRUSDT,POSITION_LIMIT
2020-06-07,DECISION,LTCUSDT,POSITION_LIMIT
2020-06-07,DECISION,ETCUSDT,POSITION_LIMIT
2020-06-07,DECISION,BCHUSDT,POSITION_LIMIT
2020-06-07,DECISION,EOSUSDT,POSITION_LIMIT
2020-06-07,DECISION,XRPUSDT,POSITION_LIMIT
2020-06-07,DECISION,DASHUSDT,POSITION_LIMIT
2020-06-08,DECISION,ZECUSDT,POSITION_LIMIT
2020-06-08,DECISION,ATOMUSDT,POSITION_LIMIT
2020-06-08,DECISION,LINKUSDT,POSITION_LIMIT
2020-06-08,DECISION,XTZUSDT,POSITION_LIMIT
2020-06-08,DECISION,XMRUSDT,POSITION_LIMIT
2020-06-08,DECISION,ETCUSDT,POSITION_LIMIT
2020-06-08,DECISION,BCHUSDT,POSITION_LIMIT
2020-06-08,DECISION,EOSUSDT,POSITION_LIMIT
2020-06-08,DECISION,LTCUSDT,POSITION_LIMIT
2020-06-08,DECISION,XRPUSDT,POSITION_LIMIT
2020-06-08,DECISION,DASHUSDT,POSITION_LIMIT
2020-06-09,DECISION,ATOMUSDT,POSITION_LIMIT
2020-06-09,DECISION,LINKUSDT,POSITION_LIMIT
2020-06-09,DECISION,XTZUSDT,POSITION_LIMIT
2020-06-09,DECISION,BNBUSDT,POSITION_LIMIT
2020-06-09,DECISION,ZECUSDT,POSITION_LIMIT
2020-06-09,DECISION,XMRUSDT,POSITION_LIMIT
2020-06-09,DECISION,ETCUSDT,POSITION_LIMIT
2020-06-09,DECISION,BCHUSDT,POSITION_LIMIT
2020-06-09,DECISION,EOSUSDT,POSITION_LIMIT
2020-06-09,DECISION,LTCUSDT,POSITION_LIMIT
2020-06-09,DECISION,DASHUSDT,POSITION_LIMIT
2020-06-10,DECISION,XLMUSDT,POSITION_LIMIT
2020-06-10,DECISION,ONTUSDT,POSITION_LIMIT
2020-06-10,DECISION,ATOMUSDT,POSITION_LIMIT
2020-06-10,DECISION,IOTAUSDT,POSITION_LIMIT
2020-06-10,DECISION,LINKUSDT,POSITION_LIMIT
2020-06-10,DECISION,XTZUSDT,POSITION_LIMIT
2020-06-10,DECISION,BNBUSDT,POSITION_LIMIT
2020-06-10,DECISION,BCHUSDT,POSITION_LIMIT
2020-06-10,DECISION,ETCUSDT,POSITION_LIMIT
2020-06-10,DECISION,EOSUSDT,POSITION_LIMIT
2020-06-10,DECISION,LTCUSDT,POSITION_LIMIT
2020-06-10,DECISION,DASHUSDT,POSITION_LIMIT
2020-06-11,DECISION,ETHUSDT,POSITION_LIMIT
2020-06-11,DECISION,LINKUSDT,POSITION_LIMIT
2020-06-11,DECISION,TRXUSDT,POSITION_LIMIT
2020-06-11,DECISION,ONTUSDT,POSITION_LIMIT
2020-06-11,DECISION,XMRUSDT,POSITION_LIMIT
2020-06-11,DECISION,IOTAUSDT,POSITION_LIMIT
2020-06-11,DECISION,ETCUSDT,POSITION_LIMIT
2020-06-11,DECISION,BNBUSDT,POSITION_LIMIT
2020-06-11,DECISION,BCHUSDT,POSITION_LIMIT
2020-06-11,DECISION,XTZUSDT,POSITION_LIMIT
2020-06-11,DECISION,LTCUSDT,POSITION_LIMIT
2020-06-12,DECISION,ATOMUSDT,POSITION_LIMIT
2020-06-12,DECISION,ETHUSDT,POSITION_LIMIT
2020-06-12,DECISION,LINKUSDT,POSITION_LIMIT
2020-06-12,DECISION,TRXUSDT,POSITION_LIMIT
2020-06-12,DECISION,ONTUSDT,POSITION_LIMIT
2020-06-12,DECISION,XMRUSDT,POSITION_LIMIT
2020-06-12,DECISION,ETCUSDT,POSITION_LIMIT
2020-06-12,DECISION,BNBUSDT,POSITION_LIMIT
2020-06-12,DECISION,BCHUSDT,POSITION_LIMIT
2020-06-12,DECISION,XTZUSDT,POSITION_LIMIT
2020-06-12,DECISION,LTCUSDT,POSITION_LIMIT
2020-06-13,DECISION,ATOMUSDT,POSITION_LIMIT
2020-06-13,DECISION,ETHUSDT,POSITION_LIMIT
2020-06-13,DECISION,LINKUSDT,POSITION_LIMIT
2020-06-13,DECISION,TRXUSDT,POSITION_LIMIT
2020-06-13,DECISION,ONTUSDT,POSITION_LIMIT
2020-06-13,DECISION,XMRUSDT,POSITION_LIMIT
2020-06-13,DECISION,ETCUSDT,POSITION_LIMIT
2020-06-13,DECISION,BNBUSDT,POSITION_LIMIT
2020-06-13,DECISION,BCHUSDT,POSITION_LIMIT
2020-06-13,DECISION,XTZUSDT,POSITION_LIMIT
2020-06-13,DECISION,LTCUSDT,POSITION_LIMIT
2020-06-14,DECISION,ETHUSDT,POSITION_LIMIT
2020-06-14,DECISION,TRXUSDT,POSITION_LIMIT
2020-06-14,DECISION,ONTUSDT,POSITION_LIMIT
2020-06-14,DECISION,ATOMUSDT,POSITION_LIMIT
2020-06-14,DECISION,XMRUSDT,POSITION_LIMIT
2020-06-14,DECISION,LINKUSDT,POSITION_LIMIT
2020-06-14,DECISION,ETCUSDT,POSITION_LIMIT
2020-06-14,DECISION,BNBUSDT,POSITION_LIMIT
2020-06-14,DECISION,BCHUSDT,POSITION_LIMIT
2020-06-14,DECISION,XTZUSDT,POSITION_LIMIT
2020-06-14,DECISION,LTCUSDT,POSITION_LIMIT
2020-06-15,DECISION,ETHUSDT,POSITION_LIMIT
2020-06-15,DECISION,TRXUSDT,POSITION_LIMIT
2020-06-15,DECISION,ONTUSDT,POSITION_LIMIT
2020-06-15,DECISION,LINKUSDT,POSITION_LIMIT
2020-06-15,DECISION,BNBUSDT,POSITION_LIMIT
2020-06-15,DECISION,NEOUSDT,POSITION_LIMIT
2020-06-15,DECISION,ATOMUSDT,POSITION_LIMIT
2020-06-15,DECISION,BCHUSDT,POSITION_LIMIT
2020-06-15,DECISION,XTZUSDT,POSITION_LIMIT
2020-06-15,DECISION,LTCUSDT,POSITION_LIMIT
2020-06-15,DECISION,ETCUSDT,POSITION_LIMIT
2020-06-16,DECISION,ETHUSDT,POSITION_LIMIT
2020-06-16,DECISION,TRXUSDT,POSITION_LIMIT
2020-06-16,DECISION,ONTUSDT,POSITION_LIMIT
2020-06-16,DECISION,LINKUSDT,POSITION_LIMIT
2020-06-16,DECISION,BNBUSDT,POSITION_LIMIT
2020-06-16,DECISION,NEOUSDT,POSITION_LIMIT
2020-06-16,DECISION,ATOMUSDT,POSITION_LIMIT
2020-06-16,DECISION,BCHUSDT,POSITION_LIMIT
2020-06-16,DECISION,XTZUSDT,POSITION_LIMIT
2020-06-16,DECISION,LTCUSDT,POSITION_LIMIT
2020-06-16,DECISION,ETCUSDT,POSITION_LIMIT
2020-06-17,DECISION,ETHUSDT,POSITION_LIMIT
2020-06-17,DECISION,TRXUSDT,POSITION_LIMIT
2020-06-17,DECISION,ONTUSDT,POSITION_LIMIT
2020-06-17,DECISION,LINKUSDT,POSITION_LIMIT
2020-06-17,DECISION,BNBUSDT,POSITION_LIMIT
2020-06-17,DECISION,NEOUSDT,POSITION_LIMIT
2020-06-17,DECISION,ATOMUSDT,POSITION_LIMIT
2020-06-17,DECISION,BCHUSDT,POSITION_LIMIT
2020-06-17,DECISION,XTZUSDT,POSITION_LIMIT
2020-06-17,DECISION,LTCUSDT,POSITION_LIMIT
2020-06-17,DECISION,ETCUSDT,POSITION_LIMIT
2020-06-18,DECISION,XLMUSDT,POSITION_LIMIT
2020-06-18,DECISION,ONTUSDT,POSITION_LIMIT
2020-06-18,DECISION,BATUSDT,POSITION_LIMIT
2020-06-18,DECISION,LINKUSDT,POSITION_LIMIT
2020-06-18,DECISION,NEOUSDT,POSITION_LIMIT
2020-06-18,DECISION,ATOMUSDT,POSITION_LIMIT
2020-06-18,DECISION,BCHUSDT,POSITION_LIMIT
2020-06-18,DECISION,XTZUSDT,POSITION_LIMIT
2020-06-18,DECISION,LTCUSDT,POSITION_LIMIT
2020-06-18,DECISION,ETCUSDT,POSITION_LIMIT
2020-06-18,DECISION,BNBUSDT,POSITION_LIMIT
2020-06-19,DECISION,XLMUSDT,POSITION_LIMIT
2020-06-19,DECISION,ONTUSDT,POSITION_LIMIT
2020-06-19,DECISION,BATUSDT,POSITION_LIMIT
2020-06-19,DECISION,ETHUSDT,POSITION_LIMIT
2020-06-19,DECISION,LINKUSDT,POSITION_LIMIT
2020-06-19,DECISION,NEOUSDT,POSITION_LIMIT
2020-06-19,DECISION,XTZUSDT,POSITION_LIMIT
2020-06-19,DECISION,ETCUSDT,POSITION_LIMIT
2020-06-19,DECISION,BNBUSDT,POSITION_LIMIT
2020-06-19,DECISION,ATOMUSDT,POSITION_LIMIT
2020-06-20,DECISION,XLMUSDT,POSITION_LIMIT
2020-06-20,DECISION,ONTUSDT,POSITION_LIMIT
2020-06-20,DECISION,BATUSDT,POSITION_LIMIT
2020-06-20,DECISION,ETHUSDT,POSITION_LIMIT
2020-06-20,DECISION,LINKUSDT,POSITION_LIMIT
2020-06-20,DECISION,NEOUSDT,POSITION_LIMIT
2020-06-20,DECISION,XTZUSDT,POSITION_LIMIT
2020-06-20,DECISION,ETCUSDT,POSITION_LIMIT
2020-06-20,DECISION,BNBUSDT,POSITION_LIMIT
2020-06-20,DECISION,ATOMUSDT,POSITION_LIMIT
2020-06-21,DECISION,BATUSDT,POSITION_LIMIT
2020-06-21,DECISION,LINKUSDT,POSITION_LIMIT
2020-06-21,DECISION,TRXUSDT,POSITION_LIMIT
2020-06-21,DECISION,XLMUSDT,POSITION_LIMIT
2020-06-21,DECISION,NEOUSDT,POSITION_LIMIT
2020-06-21,DECISION,ETHUSDT,POSITION_LIMIT
2020-06-21,DECISION,ETCUSDT,POSITION_LIMIT
2020-06-21,DECISION,BNBUSDT,POSITION_LIMIT
2020-06-21,DECISION,ATOMUSDT,POSITION_LIMIT
2020-06-22,DECISION,BATUSDT,POSITION_LIMIT
2020-06-22,DECISION,LINKUSDT,POSITION_LIMIT
2020-06-22,DECISION,TRXUSDT,POSITION_LIMIT
2020-06-22,DECISION,ETHUSDT,POSITION_LIMIT
2020-06-22,DECISION,XLMUSDT,POSITION_LIMIT
2020-06-22,DECISION,NEOUSDT,POSITION_LIMIT
2020-06-22,DECISION,BCHUSDT,POSITION_LIMIT
2020-06-22,DECISION,ETCUSDT,POSITION_LIMIT
2020-06-22,DECISION,BNBUSDT,POSITION_LIMIT
2020-06-22,DECISION,ATOMUSDT,POSITION_LIMIT
2020-06-23,DECISION,ADAUSDT,POSITION_LIMIT
2020-06-23,DECISION,VETUSDT,POSITION_LIMIT
2020-06-23,DECISION,TRXUSDT,POSITION_LIMIT
2020-06-23,DECISION,ETHUSDT,POSITION_LIMIT
2020-06-23,DECISION,XLMUSDT,POSITION_LIMIT
2020-06-23,DECISION,NEOUSDT,POSITION_LIMIT
2020-06-23,DECISION,BCHUSDT,POSITION_LIMIT
2020-06-23,DECISION,XTZUSDT,POSITION_LIMIT
2020-06-23,DECISION,ETCUSDT,POSITION_LIMIT
2020-06-23,DECISION,BNBUSDT,POSITION_LIMIT
2020-06-23,DECISION,ATOMUSDT,POSITION_LIMIT
2020-06-24,DECISION,ADAUSDT,POSITION_LIMIT
2020-06-24,DECISION,VETUSDT,POSITION_LIMIT
2020-06-24,DECISION,TRXUSDT,POSITION_LIMIT
2020-06-24,DECISION,ETHUSDT,POSITION_LIMIT
2020-06-24,DECISION,XLMUSDT,POSITION_LIMIT
2020-06-24,DECISION,NEOUSDT,POSITION_LIMIT
2020-06-24,DECISION,BCHUSDT,POSITION_LIMIT
2020-06-24,DECISION,XTZUSDT,POSITION_LIMIT
2020-06-24,DECISION,ETCUSDT,POSITION_LIMIT
2020-06-24,DECISION,BNBUSDT,POSITION_LIMIT
2020-06-24,DECISION,ATOMUSDT,POSITION_LIMIT
2020-06-25,DECISION,VETUSDT,POSITION_LIMIT
2020-06-25,DECISION,TRXUSDT,POSITION_LIMIT
2020-06-25,DECISION,BTCUSDT,POSITION_LIMIT
2020-06-25,DECISION,ETHUSDT,POSITION_LIMIT
2020-06-25,DECISION,XLMUSDT,POSITION_LIMIT
2020-06-25,DECISION,NEOUSDT,POSITION_LIMIT
2020-06-25,DECISION,BCHUSDT,POSITION_LIMIT
2020-06-25,DECISION,ATOMUSDT,POSITION_LIMIT
2020-06-26,DECISION,VETUSDT,POSITION_LIMIT
2020-06-26,DECISION,TRXUSDT,POSITION_LIMIT
2020-06-26,DECISION,BTCUSDT,POSITION_LIMIT
2020-06-26,DECISION,ETHUSDT,POSITION_LIMIT
2020-06-26,DECISION,XLMUSDT,POSITION_LIMIT
2020-06-26,DECISION,BCHUSDT,POSITION_LIMIT
2020-06-26,DECISION,NEOUSDT,POSITION_LIMIT
2020-06-26,DECISION,ATOMUSDT,POSITION_LIMIT
2020-06-27,DECISION,IOSTUSDT,POSITION_LIMIT
2020-06-27,DECISION,BTCUSDT,POSITION_LIMIT
2020-06-27,DECISION,ETHUSDT,POSITION_LIMIT
2020-06-27,DECISION,TRXUSDT,POSITION_LIMIT
2020-06-27,DECISION,XLMUSDT,POSITION_LIMIT
2020-06-28,DECISION,IOSTUSDT,POSITION_LIMIT
2020-06-28,DECISION,BTCUSDT,POSITION_LIMIT
2020-06-28,DECISION,ETHUSDT,POSITION_LIMIT
2020-06-28,DECISION,TRXUSDT,POSITION_LIMIT
2020-06-28,DECISION,XLMUSDT,POSITION_LIMIT
2020-06-29,DECISION,IOSTUSDT,POSITION_LIMIT
2020-06-29,DECISION,BTCUSDT,POSITION_LIMIT
2020-06-29,DECISION,ETHUSDT,POSITION_LIMIT
2020-06-29,DECISION,TRXUSDT,POSITION_LIMIT
2020-06-29,DECISION,XLMUSDT,POSITION_LIMIT
2020-06-30,DECISION,IOSTUSDT,POSITION_LIMIT
2020-06-30,DECISION,BTCUSDT,POSITION_LIMIT
2020-06-30,DECISION,ETHUSDT,POSITION_LIMIT
2020-06-30,DECISION,TRXUSDT,POSITION_LIMIT
2020-06-30,DECISION,XLMUSDT,POSITION_LIMIT
2020-07-01,DECISION,IOSTUSDT,POSITION_LIMIT
2020-07-01,DECISION,TRXUSDT,POSITION_LIMIT
2020-07-01,DECISION,BTCUSDT,POSITION_LIMIT
2020-07-01,DECISION,ETHUSDT,POSITION_LIMIT
2020-07-01,DECISION,XLMUSDT,POSITION_LIMIT
2020-07-02,DECISION,TRXUSDT,POSITION_LIMIT
2020-07-02,DECISION,ONTUSDT,POSITION_LIMIT
2020-07-02,DECISION,BTCUSDT,POSITION_LIMIT
2020-07-02,DECISION,ETHUSDT,POSITION_LIMIT
2020-07-02,DECISION,XLMUSDT,POSITION_LIMIT
2020-07-03,DECISION,TRXUSDT,POSITION_LIMIT
2020-07-03,DECISION,ONTUSDT,POSITION_LIMIT
2020-07-03,DECISION,BTCUSDT,POSITION_LIMIT
2020-07-03,DECISION,ETHUSDT,POSITION_LIMIT
2020-07-03,DECISION,XLMUSDT,POSITION_LIMIT
2020-07-04,DECISION,TRXUSDT,POSITION_LIMIT
2020-07-04,DECISION,ONTUSDT,POSITION_LIMIT
2020-07-04,DECISION,BTCUSDT,POSITION_LIMIT
2020-07-04,DECISION,ATOMUSDT,POSITION_LIMIT
2020-07-04,DECISION,ETHUSDT,POSITION_LIMIT
2020-07-04,DECISION,XLMUSDT,POSITION_LIMIT
2020-07-05,DECISION,TRXUSDT,POSITION_LIMIT
2020-07-05,DECISION,ONTUSDT,POSITION_LIMIT
2020-07-05,DECISION,BTCUSDT,POSITION_LIMIT
2020-07-05,DECISION,ATOMUSDT,POSITION_LIMIT
2020-07-05,DECISION,ETHUSDT,POSITION_LIMIT
2020-07-05,DECISION,XLMUSDT,POSITION_LIMIT
2020-07-06,DECISION,BTCUSDT,POSITION_LIMIT
2020-07-06,DECISION,TRXUSDT,POSITION_LIMIT
2020-07-06,DECISION,ONTUSDT,POSITION_LIMIT
2020-07-06,DECISION,ETHUSDT,POSITION_LIMIT
2020-07-06,DECISION,BCHUSDT,POSITION_LIMIT
2020-07-06,DECISION,EOSUSDT,POSITION_LIMIT
2020-07-06,DECISION,XLMUSDT,POSITION_LIMIT
2020-07-06,DECISION,ATOMUSDT,POSITION_LIMIT
2020-07-06,DECISION,XRPUSDT,POSITION_LIMIT
2020-07-06,DECISION,LTCUSDT,POSITION_LIMIT
2020-07-06,DECISION,ETCUSDT,POSITION_LIMIT
2020-07-06,DECISION,BNBUSDT,POSITION_LIMIT
2020-07-06,DECISION,NEOUSDT,POSITION_LIMIT
2020-07-07,DECISION,ZECUSDT,POSITION_LIMIT
2020-07-07,DECISION,BTCUSDT,POSITION_LIMIT
2020-07-07,DECISION,TRXUSDT,POSITION_LIMIT
2020-07-07,DECISION,ONTUSDT,POSITION_LIMIT
2020-07-07,DECISION,XLMUSDT,POSITION_LIMIT
2020-07-07,DECISION,ETHUSDT,POSITION_LIMIT
2020-07-07,DECISION,BCHUSDT,POSITION_LIMIT
2020-07-07,DECISION,EOSUSDT,POSITION_LIMIT
2020-07-07,DECISION,BNBUSDT,POSITION_LIMIT
2020-07-07,DECISION,XRPUSDT,POSITION_LIMIT
2020-07-07,DECISION,XTZUSDT,POSITION_LIMIT
2020-07-07,DECISION,LTCUSDT,POSITION_LIMIT
2020-07-07,DECISION,ETCUSDT,POSITION_LIMIT
2020-07-07,DECISION,NEOUSDT,POSITION_LIMIT
2020-07-08,DECISION,ATOMUSDT,POSITION_LIMIT
2020-07-08,DECISION,BATUSDT,POSITION_LIMIT
2020-07-08,DECISION,ZECUSDT,POSITION_LIMIT
2020-07-08,DECISION,BTCUSDT,POSITION_LIMIT
2020-07-08,DECISION,ETHUSDT,POSITION_LIMIT
2020-07-08,DECISION,XRPUSDT,POSITION_LIMIT
2020-07-08,DECISION,TRXUSDT,POSITION_LIMIT
2020-07-08,DECISION,BCHUSDT,POSITION_LIMIT
2020-07-08,DECISION,EOSUSDT,POSITION_LIMIT
2020-07-08,DECISION,LTCUSDT,POSITION_LIMIT
2020-07-08,DECISION,ETCUSDT,POSITION_LIMIT
2020-07-08,DECISION,BNBUSDT,POSITION_LIMIT
2020-07-08,DECISION,NEOUSDT,POSITION_LIMIT
2020-07-08,DECISION,XTZUSDT,POSITION_LIMIT
2020-07-09,DECISION,TRXUSDT,POSITION_LIMIT
2020-07-09,DECISION,ATOMUSDT,POSITION_LIMIT
2020-07-09,DECISION,BATUSDT,POSITION_LIMIT
2020-07-09,DECISION,ZECUSDT,POSITION_LIMIT
2020-07-09,DECISION,BTCUSDT,POSITION_LIMIT
2020-07-09,DECISION,ETHUSDT,POSITION_LIMIT
2020-07-09,DECISION,XRPUSDT,POSITION_LIMIT
2020-07-09,DECISION,BCHUSDT,POSITION_LIMIT
2020-07-09,DECISION,EOSUSDT,POSITION_LIMIT
2020-07-09,DECISION,LTCUSDT,POSITION_LIMIT
2020-07-09,DECISION,ETCUSDT,POSITION_LIMIT
2020-07-09,DECISION,BNBUSDT,POSITION_LIMIT
2020-07-09,DECISION,NEOUSDT,POSITION_LIMIT
2020-07-09,DECISION,XTZUSDT,POSITION_LIMIT
2020-07-10,DECISION,ATOMUSDT,POSITION_LIMIT
2020-07-10,DECISION,IOSTUSDT,POSITION_LIMIT
2020-07-10,DECISION,ZECUSDT,POSITION_LIMIT
2020-07-10,DECISION,BATUSDT,POSITION_LIMIT
2020-07-10,DECISION,BTCUSDT,POSITION_LIMIT
2020-07-10,DECISION,ETHUSDT,POSITION_LIMIT
2020-07-10,DECISION,XRPUSDT,POSITION_LIMIT
2020-07-10,DECISION,BCHUSDT,POSITION_LIMIT
2020-07-10,DECISION,EOSUSDT,POSITION_LIMIT
2020-07-10,DECISION,LTCUSDT,POSITION_LIMIT
2020-07-10,DECISION,ETCUSDT,POSITION_LIMIT
2020-07-10,DECISION,BNBUSDT,POSITION_LIMIT
2020-07-10,DECISION,NEOUSDT,POSITION_LIMIT
2020-07-10,DECISION,XTZUSDT,POSITION_LIMIT
2020-07-11,DECISION,ATOMUSDT,POSITION_LIMIT
2020-07-11,DECISION,IOSTUSDT,POSITION_LIMIT
2020-07-11,DECISION,BATUSDT,POSITION_LIMIT
2020-07-11,DECISION,ZECUSDT,POSITION_LIMIT
2020-07-11,DECISION,XRPUSDT,POSITION_LIMIT
2020-07-11,DECISION,BNBUSDT,POSITION_LIMIT
2020-07-11,DECISION,BTCUSDT,POSITION_LIMIT
2020-07-11,DECISION,ETHUSDT,POSITION_LIMIT
2020-07-11,DECISION,EOSUSDT,POSITION_LIMIT
2020-07-11,DECISION,LTCUSDT,POSITION_LIMIT
2020-07-11,DECISION,ETCUSDT,POSITION_LIMIT
2020-07-11,DECISION,NEOUSDT,POSITION_LIMIT
2020-07-11,DECISION,BCHUSDT,POSITION_LIMIT
2020-07-11,DECISION,XTZUSDT,POSITION_LIMIT
2020-07-12,DECISION,TRXUSDT,POSITION_LIMIT
2020-07-12,DECISION,ZECUSDT,POSITION_LIMIT
2020-07-12,DECISION,ATOMUSDT,POSITION_LIMIT
2020-07-12,DECISION,IOSTUSDT,POSITION_LIMIT
2020-07-12,DECISION,BATUSDT,POSITION_LIMIT
2020-07-12,DECISION,XRPUSDT,POSITION_LIMIT
2020-07-12,DECISION,XTZUSDT,POSITION_LIMIT
2020-07-12,DECISION,BTCUSDT,POSITION_LIMIT
2020-07-12,DECISION,ETHUSDT,POSITION_LIMIT
2020-07-12,DECISION,EOSUSDT,POSITION_LIMIT
2020-07-12,DECISION,LTCUSDT,POSITION_LIMIT
2020-07-12,DECISION,ETCUSDT,POSITION_LIMIT
2020-07-12,DECISION,NEOUSDT,POSITION_LIMIT
2020-07-12,DECISION,BCHUSDT,POSITION_LIMIT
2020-07-13,DECISION,ZECUSDT,POSITION_LIMIT
2020-07-13,DECISION,ATOMUSDT,POSITION_LIMIT
2020-07-13,DECISION,IOSTUSDT,POSITION_LIMIT
2020-07-13,DECISION,TRXUSDT,POSITION_LIMIT
2020-07-13,DECISION,BATUSDT,POSITION_LIMIT
2020-07-13,DECISION,XTZUSDT,POSITION_LIMIT
2020-07-13,DECISION,BTCUSDT,POSITION_LIMIT
2020-07-13,DECISION,ETHUSDT,POSITION_LIMIT
2020-07-13,DECISION,XRPUSDT,POSITION_LIMIT
2020-07-13,DECISION,NEOUSDT,POSITION_LIMIT
2020-07-13,DECISION,BCHUSDT,POSITION_LIMIT
2020-07-13,DECISION,EOSUSDT,POSITION_LIMIT
2020-07-13,DECISION,LTCUSDT,POSITION_LIMIT
2020-07-13,DECISION,ETCUSDT,POSITION_LIMIT
2020-07-14,DECISION,ZECUSDT,POSITION_LIMIT
2020-07-14,DECISION,ATOMUSDT,POSITION_LIMIT
2020-07-14,DECISION,IOSTUSDT,POSITION_LIMIT
2020-07-14,DECISION,TRXUSDT,POSITION_LIMIT
2020-07-14,DECISION,BATUSDT,POSITION_LIMIT
2020-07-14,DECISION,XTZUSDT,POSITION_LIMIT
2020-07-14,DECISION,BTCUSDT,POSITION_LIMIT
2020-07-14,DECISION,ETHUSDT,POSITION_LIMIT
2020-07-14,DECISION,XRPUSDT,POSITION_LIMIT
2020-07-14,DECISION,NEOUSDT,POSITION_LIMIT
2020-07-14,DECISION,BCHUSDT,POSITION_LIMIT
2020-07-14,DECISION,EOSUSDT,POSITION_LIMIT
2020-07-14,DECISION,LTCUSDT,POSITION_LIMIT
2020-07-14,DECISION,ETCUSDT,POSITION_LIMIT
2020-07-15,DECISION,BNBUSDT,POSITION_LIMIT
2020-07-15,DECISION,ZECUSDT,POSITION_LIMIT
2020-07-15,DECISION,ATOMUSDT,POSITION_LIMIT
2020-07-15,DECISION,IOSTUSDT,POSITION_LIMIT
2020-07-15,DECISION,TRXUSDT,POSITION_LIMIT
2020-07-15,DECISION,BATUSDT,POSITION_LIMIT
2020-07-15,DECISION,BTCUSDT,POSITION_LIMIT
2020-07-15,DECISION,ETHUSDT,POSITION_LIMIT
2020-07-15,DECISION,XRPUSDT,POSITION_LIMIT
2020-07-15,DECISION,NEOUSDT,POSITION_LIMIT
2020-07-15,DECISION,BCHUSDT,POSITION_LIMIT
2020-07-15,DECISION,EOSUSDT,POSITION_LIMIT
2020-07-15,DECISION,LTCUSDT,POSITION_LIMIT
2020-07-15,DECISION,ETCUSDT,POSITION_LIMIT
2020-07-16,DECISION,ZECUSDT,POSITION_LIMIT
2020-07-16,DECISION,VETUSDT,POSITION_LIMIT
2020-07-16,DECISION,BNBUSDT,POSITION_LIMIT
2020-07-16,DECISION,BATUSDT,POSITION_LIMIT
2020-07-16,DECISION,IOSTUSDT,POSITION_LIMIT
2020-07-16,DECISION,TRXUSDT,POSITION_LIMIT
2020-07-16,DECISION,BTCUSDT,POSITION_LIMIT
2020-07-16,DECISION,XRPUSDT,POSITION_LIMIT
2020-07-16,DECISION,NEOUSDT,POSITION_LIMIT
2020-07-16,DECISION,ETHUSDT,POSITION_LIMIT
2020-07-17,DECISION,ZECUSDT,POSITION_LIMIT
2020-07-17,DECISION,VETUSDT,POSITION_LIMIT
2020-07-17,DECISION,BNBUSDT,POSITION_LIMIT
2020-07-17,DECISION,BATUSDT,POSITION_LIMIT
2020-07-17,DECISION,IOSTUSDT,POSITION_LIMIT
2020-07-17,DECISION,TRXUSDT,POSITION_LIMIT
2020-07-17,DECISION,BTCUSDT,POSITION_LIMIT
2020-07-17,DECISION,XRPUSDT,POSITION_LIMIT
2020-07-17,DECISION,ETHUSDT,POSITION_LIMIT
2020-07-17,DECISION,NEOUSDT,POSITION_LIMIT
2020-07-18,DECISION,BATUSDT,POSITION_LIMIT
2020-07-18,DECISION,VETUSDT,POSITION_LIMIT
2020-07-18,DECISION,BNBUSDT,POSITION_LIMIT
2020-07-18,DECISION,ZECUSDT,POSITION_LIMIT
2020-07-18,DECISION,IOSTUSDT,POSITION_LIMIT
2020-07-18,DECISION,TRXUSDT,POSITION_LIMIT
2020-07-18,DECISION,BTCUSDT,POSITION_LIMIT
2020-07-18,DECISION,XRPUSDT,POSITION_LIMIT
2020-07-18,DECISION,ETHUSDT,POSITION_LIMIT
2020-07-18,DECISION,NEOUSDT,POSITION_LIMIT
2020-07-19,DECISION,BATUSDT,POSITION_LIMIT
2020-07-19,DECISION,VETUSDT,POSITION_LIMIT
2020-07-19,DECISION,BNBUSDT,POSITION_LIMIT
2020-07-19,DECISION,ZECUSDT,POSITION_LIMIT
2020-07-19,DECISION,IOSTUSDT,POSITION_LIMIT
2020-07-19,DECISION,TRXUSDT,POSITION_LIMIT
2020-07-19,DECISION,BTCUSDT,POSITION_LIMIT
2020-07-19,DECISION,XRPUSDT,POSITION_LIMIT
2020-07-19,DECISION,ETHUSDT,POSITION_LIMIT
2020-07-19,DECISION,NEOUSDT,POSITION_LIMIT
2020-07-20,DECISION,ATOMUSDT,POSITION_LIMIT
2020-07-20,DECISION,ZECUSDT,POSITION_LIMIT
2020-07-20,DECISION,BATUSDT,POSITION_LIMIT
2020-07-20,DECISION,VETUSDT,POSITION_LIMIT
2020-07-20,DECISION,IOSTUSDT,POSITION_LIMIT
2020-07-20,DECISION,TRXUSDT,POSITION_LIMIT
2020-07-20,DECISION,BTCUSDT,POSITION_LIMIT
2020-07-20,DECISION,XRPUSDT,POSITION_LIMIT
2020-07-20,DECISION,ETHUSDT,POSITION_LIMIT
2020-07-21,DECISION,ATOMUSDT,POSITION_LIMIT
2020-07-21,DECISION,BNBUSDT,POSITION_LIMIT
2020-07-21,DECISION,BATUSDT,POSITION_LIMIT
2020-07-21,DECISION,VETUSDT,POSITION_LIMIT
2020-07-21,DECISION,IOSTUSDT,POSITION_LIMIT
2020-07-21,DECISION,TRXUSDT,POSITION_LIMIT
2020-07-21,DECISION,BTCUSDT,POSITION_LIMIT
2020-07-21,DECISION,NEOUSDT,POSITION_LIMIT
2020-07-21,DECISION,ETHUSDT,POSITION_LIMIT
2020-07-21,DECISION,XRPUSDT,POSITION_LIMIT
2020-07-21,DECISION,EOSUSDT,POSITION_LIMIT
2020-07-22,DECISION,XTZUSDT,POSITION_LIMIT
2020-07-22,DECISION,BNBUSDT,POSITION_LIMIT
2020-07-22,DECISION,ATOMUSDT,POSITION_LIMIT
2020-07-22,DECISION,BATUSDT,POSITION_LIMIT
2020-07-22,DECISION,BTCUSDT,POSITION_LIMIT
2020-07-22,DECISION,VETUSDT,POSITION_LIMIT
2020-07-22,DECISION,IOSTUSDT,POSITION_LIMIT
2020-07-22,DECISION,TRXUSDT,POSITION_LIMIT
2020-07-22,DECISION,XRPUSDT,POSITION_LIMIT
2020-07-22,DECISION,NEOUSDT,POSITION_LIMIT
2020-07-22,DECISION,BCHUSDT,POSITION_LIMIT
2020-07-22,DECISION,EOSUSDT,POSITION_LIMIT
2020-07-22,DECISION,LTCUSDT,POSITION_LIMIT
2020-07-23,DECISION,XTZUSDT,POSITION_LIMIT
2020-07-23,DECISION,ATOMUSDT,POSITION_LIMIT
2020-07-23,DECISION,ONTUSDT,POSITION_LIMIT
2020-07-23,DECISION,BATUSDT,POSITION_LIMIT
2020-07-23,DECISION,BTCUSDT,POSITION_LIMIT
2020-07-23,DECISION,VETUSDT,POSITION_LIMIT
2020-07-23,DECISION,XRPUSDT,POSITION_LIMIT
2020-07-23,DECISION,IOSTUSDT,POSITION_LIMIT
2020-07-23,DECISION,TRXUSDT,POSITION_LIMIT
2020-07-23,DECISION,NEOUSDT,POSITION_LIMIT
2020-07-23,DECISION,BCHUSDT,POSITION_LIMIT
2020-07-23,DECISION,EOSUSDT,POSITION_LIMIT
2020-07-23,DECISION,LTCUSDT,POSITION_LIMIT
2020-07-23,DECISION,ETCUSDT,POSITION_LIMIT
2020-07-24,DECISION,XTZUSDT,POSITION_LIMIT
2020-07-24,DECISION,TRXUSDT,POSITION_LIMIT
2020-07-24,DECISION,BTCUSDT,POSITION_LIMIT
2020-07-24,DECISION,VETUSDT,POSITION_LIMIT
2020-07-24,DECISION,XRPUSDT,POSITION_LIMIT
2020-07-24,DECISION,ATOMUSDT,POSITION_LIMIT
2020-07-24,DECISION,ONTUSDT,POSITION_LIMIT
2020-07-24,DECISION,IOSTUSDT,POSITION_LIMIT
2020-07-24,DECISION,BATUSDT,POSITION_LIMIT
2020-07-24,DECISION,NEOUSDT,POSITION_LIMIT
2020-07-24,DECISION,BCHUSDT,POSITION_LIMIT
2020-07-24,DECISION,EOSUSDT,POSITION_LIMIT
2020-07-24,DECISION,LTCUSDT,POSITION_LIMIT
2020-07-24,DECISION,ETCUSDT,POSITION_LIMIT
2020-07-25,DECISION,BNBUSDT,POSITION_LIMIT
2020-07-25,DECISION,LTCUSDT,POSITION_LIMIT
2020-07-25,DECISION,BTCUSDT,POSITION_LIMIT
2020-07-25,DECISION,XTZUSDT,POSITION_LIMIT
2020-07-25,DECISION,XRPUSDT,POSITION_LIMIT
2020-07-25,DECISION,VETUSDT,POSITION_LIMIT
2020-07-25,DECISION,ATOMUSDT,POSITION_LIMIT
2020-07-25,DECISION,ONTUSDT,POSITION_LIMIT
2020-07-25,DECISION,IOSTUSDT,POSITION_LIMIT
2020-07-25,DECISION,BATUSDT,POSITION_LIMIT
2020-07-25,DECISION,BCHUSDT,POSITION_LIMIT
2020-07-25,DECISION,EOSUSDT,POSITION_LIMIT
2020-07-25,DECISION,ETCUSDT,POSITION_LIMIT
2020-07-25,DECISION,NEOUSDT,POSITION_LIMIT
2020-07-26,DECISION,LINKUSDT,POSITION_LIMIT
2020-07-26,DECISION,BNBUSDT,POSITION_LIMIT
2020-07-26,DECISION,LTCUSDT,POSITION_LIMIT
2020-07-26,DECISION,XTZUSDT,POSITION_LIMIT
2020-07-26,DECISION,XRPUSDT,POSITION_LIMIT
2020-07-26,DECISION,VETUSDT,POSITION_LIMIT
2020-07-26,DECISION,ONTUSDT,POSITION_LIMIT
2020-07-26,DECISION,IOSTUSDT,POSITION_LIMIT
2020-07-26,DECISION,NEOUSDT,POSITION_LIMIT
2020-07-26,DECISION,BCHUSDT,POSITION_LIMIT
2020-07-26,DECISION,EOSUSDT,POSITION_LIMIT
2020-07-26,DECISION,ATOMUSDT,POSITION_LIMIT
2020-07-26,DECISION,ETCUSDT,POSITION_LIMIT
2020-07-26,DECISION,BATUSDT,POSITION_LIMIT
2020-07-27,DECISION,BCHUSDT,POSITION_LIMIT
2020-07-27,DECISION,BNBUSDT,POSITION_LIMIT
2020-07-27,DECISION,LTCUSDT,POSITION_LIMIT
2020-07-27,DECISION,XTZUSDT,POSITION_LIMIT
2020-07-27,DECISION,XRPUSDT,POSITION_LIMIT
2020-07-27,DECISION,EOSUSDT,POSITION_LIMIT
2020-07-27,DECISION,LINKUSDT,POSITION_LIMIT
2020-07-27,DECISION,ETCUSDT,POSITION_LIMIT
2020-07-27,DECISION,ONTUSDT,POSITION_LIMIT
2020-07-27,DECISION,NEOUSDT,POSITION_LIMIT
2020-07-27,DECISION,VETUSDT,POSITION_LIMIT
2020-07-27,DECISION,ATOMUSDT,POSITION_LIMIT
2020-07-27,DECISION,BATUSDT,POSITION_LIMIT
2020-07-27,DECISION,IOSTUSDT,POSITION_LIMIT
2020-07-28,DECISION,XRPUSDT,POSITION_LIMIT
2020-07-28,DECISION,BCHUSDT,POSITION_LIMIT
2020-07-28,DECISION,BNBUSDT,POSITION_LIMIT
2020-07-28,DECISION,LTCUSDT,POSITION_LIMIT
2020-07-28,DECISION,XTZUSDT,POSITION_LIMIT
2020-07-28,DECISION,EOSUSDT,POSITION_LIMIT
2020-07-28,DECISION,LINKUSDT,POSITION_LIMIT
2020-07-28,DECISION,ETCUSDT,POSITION_LIMIT
2020-07-28,DECISION,ONTUSDT,POSITION_LIMIT
2020-07-28,DECISION,NEOUSDT,POSITION_LIMIT
2020-07-28,DECISION,VETUSDT,POSITION_LIMIT
2020-07-28,DECISION,ATOMUSDT,POSITION_LIMIT
2020-07-28,DECISION,BATUSDT,POSITION_LIMIT
2020-07-28,DECISION,IOSTUSDT,POSITION_LIMIT
2020-07-29,DECISION,XLMUSDT,POSITION_LIMIT
2020-07-29,DECISION,XRPUSDT,POSITION_LIMIT
2020-07-29,DECISION,BCHUSDT,POSITION_LIMIT
2020-07-29,DECISION,BNBUSDT,POSITION_LIMIT
2020-07-29,DECISION,EOSUSDT,POSITION_LIMIT
2020-07-29,DECISION,LTCUSDT,POSITION_LIMIT
2020-07-29,DECISION,XTZUSDT,POSITION_LIMIT
2020-07-29,DECISION,LINKUSDT,POSITION_LIMIT
2020-07-29,DECISION,ETCUSDT,POSITION_LIMIT
2020-07-29,DECISION,ONTUSDT,POSITION_LIMIT
2020-07-29,DECISION,NEOUSDT,POSITION_LIMIT
2020-07-29,DECISION,ATOMUSDT,POSITION_LIMIT
2020-07-29,DECISION,VETUSDT,POSITION_LIMIT
2020-07-29,DECISION,IOSTUSDT,POSITION_LIMIT
2020-07-30,DECISION,XLMUSDT,POSITION_LIMIT
2020-07-30,DECISION,XRPUSDT,POSITION_LIMIT
2020-07-30,DECISION,BCHUSDT,POSITION_LIMIT
2020-07-30,DECISION,BNBUSDT,POSITION_LIMIT
2020-07-30,DECISION,EOSUSDT,POSITION_LIMIT
2020-07-30,DECISION,LTCUSDT,POSITION_LIMIT
2020-07-30,DECISION,XTZUSDT,POSITION_LIMIT
2020-07-30,DECISION,LINKUSDT,POSITION_LIMIT
2020-07-30,DECISION,ETCUSDT,POSITION_LIMIT
2020-07-30,DECISION,ONTUSDT,POSITION_LIMIT
2020-07-30,DECISION,NEOUSDT,POSITION_LIMIT
2020-07-30,DECISION,ATOMUSDT,POSITION_LIMIT
2020-07-30,DECISION,VETUSDT,POSITION_LIMIT
2020-07-30,DECISION,IOSTUSDT,POSITION_LIMIT
2020-07-31,DECISION,QTUMUSDT,POSITION_LIMIT
2020-07-31,DECISION,XLMUSDT,POSITION_LIMIT
2020-07-31,DECISION,BCHUSDT,POSITION_LIMIT
2020-07-31,DECISION,BNBUSDT,POSITION_LIMIT
2020-07-31,DECISION,EOSUSDT,POSITION_LIMIT
2020-07-31,DECISION,LTCUSDT,POSITION_LIMIT
2020-07-31,DECISION,XTZUSDT,POSITION_LIMIT
2020-07-31,DECISION,LINKUSDT,POSITION_LIMIT
2020-07-31,DECISION,ETCUSDT,POSITION_LIMIT
2020-07-31,DECISION,ONTUSDT,POSITION_LIMIT
2020-07-31,DECISION,NEOUSDT,POSITION_LIMIT
2020-07-31,DECISION,ATOMUSDT,POSITION_LIMIT
2020-07-31,DECISION,VETUSDT,POSITION_LIMIT
2020-07-31,DECISION,IOSTUSDT,POSITION_LIMIT
2020-08-01,DECISION,TRXUSDT,POSITION_LIMIT
2020-08-01,DECISION,ZECUSDT,POSITION_LIMIT
2020-08-01,DECISION,NEOUSDT,POSITION_LIMIT
2020-08-01,DECISION,XMRUSDT,POSITION_LIMIT
2020-08-01,DECISION,BCHUSDT,POSITION_LIMIT
2020-08-01,DECISION,EOSUSDT,POSITION_LIMIT
2020-08-01,DECISION,LTCUSDT,POSITION_LIMIT
2020-08-01,DECISION,ETCUSDT,POSITION_LIMIT
2020-08-01,DECISION,LINKUSDT,POSITION_LIMIT
2020-08-01,DECISION,XTZUSDT,POSITION_LIMIT
2020-08-01,DECISION,ONTUSDT,POSITION_LIMIT
2020-08-01,DECISION,ATOMUSDT,POSITION_LIMIT
2020-08-01,DECISION,VETUSDT,POSITION_LIMIT
2020-08-01,DECISION,IOSTUSDT,POSITION_LIMIT
2020-08-02,DECISION,NEOUSDT,POSITION_LIMIT
2020-08-02,DECISION,XMRUSDT,POSITION_LIMIT
2020-08-02,DECISION,ADAUSDT,POSITION_LIMIT
2020-08-02,DECISION,LTCUSDT,POSITION_LIMIT
2020-08-02,DECISION,TRXUSDT,POSITION_LIMIT
2020-08-02,DECISION,LINKUSDT,POSITION_LIMIT
2020-08-02,DECISION,XTZUSDT,POSITION_LIMIT
2020-08-02,DECISION,BCHUSDT,POSITION_LIMIT
2020-08-02,DECISION,EOSUSDT,POSITION_LIMIT
2020-08-02,DECISION,ETCUSDT,POSITION_LIMIT
2020-08-02,DECISION,ONTUSDT,POSITION_LIMIT
2020-08-02,DECISION,ATOMUSDT,POSITION_LIMIT
2020-08-02,DECISION,VETUSDT,POSITION_LIMIT
2020-08-03,DECISION,ZECUSDT,POSITION_LIMIT
2020-08-03,DECISION,NEOUSDT,POSITION_LIMIT
2020-08-03,DECISION,XMRUSDT,POSITION_LIMIT
2020-08-03,DECISION,ADAUSDT,POSITION_LIMIT
2020-08-03,DECISION,XTZUSDT,POSITION_LIMIT
2020-08-03,DECISION,LTCUSDT,POSITION_LIMIT
2020-08-03,DECISION,TRXUSDT,POSITION_LIMIT
2020-08-03,DECISION,BCHUSDT,POSITION_LIMIT
2020-08-03,DECISION,EOSUSDT,POSITION_LIMIT
2020-08-03,DECISION,ETCUSDT,POSITION_LIMIT
2020-08-03,DECISION,ONTUSDT,POSITION_LIMIT
2020-08-03,DECISION,ATOMUSDT,POSITION_LIMIT
2020-08-03,DECISION,VETUSDT,POSITION_LIMIT
2020-08-04,DECISION,BNBUSDT,POSITION_LIMIT
2020-08-04,DECISION,ZECUSDT,POSITION_LIMIT
2020-08-04,DECISION,NEOUSDT,POSITION_LIMIT
2020-08-04,DECISION,XMRUSDT,POSITION_LIMIT
2020-08-04,DECISION,ADAUSDT,POSITION_LIMIT
2020-08-04,DECISION,LTCUSDT,POSITION_LIMIT
2020-08-04,DECISION,TRXUSDT,POSITION_LIMIT
2020-08-04,DECISION,BCHUSDT,POSITION_LIMIT
2020-08-04,DECISION,EOSUSDT,POSITION_LIMIT
2020-08-04,DECISION,ETCUSDT,POSITION_LIMIT
2020-08-04,DECISION,ONTUSDT,POSITION_LIMIT
2020-08-04,DECISION,ATOMUSDT,POSITION_LIMIT
2020-08-04,DECISION,VETUSDT,POSITION_LIMIT
2020-08-05,DECISION,BNBUSDT,POSITION_LIMIT
2020-08-05,DECISION,ZECUSDT,POSITION_LIMIT
2020-08-05,DECISION,NEOUSDT,POSITION_LIMIT
2020-08-05,DECISION,XMRUSDT,POSITION_LIMIT
2020-08-05,DECISION,ADAUSDT,POSITION_LIMIT
2020-08-05,DECISION,LTCUSDT,POSITION_LIMIT
2020-08-05,DECISION,TRXUSDT,POSITION_LIMIT
2020-08-05,DECISION,BCHUSDT,POSITION_LIMIT
2020-08-05,DECISION,EOSUSDT,POSITION_LIMIT
2020-08-05,DECISION,ETCUSDT,POSITION_LIMIT
2020-08-05,DECISION,ONTUSDT,POSITION_LIMIT
2020-08-05,DECISION,VETUSDT,POSITION_LIMIT
2020-08-05,DECISION,ATOMUSDT,POSITION_LIMIT
2020-08-06,DECISION,BNBUSDT,POSITION_LIMIT
2020-08-06,DECISION,ZECUSDT,POSITION_LIMIT
2020-08-06,DECISION,NEOUSDT,POSITION_LIMIT
2020-08-06,DECISION,XMRUSDT,POSITION_LIMIT
2020-08-06,DECISION,ADAUSDT,POSITION_LIMIT
2020-08-06,DECISION,LTCUSDT,POSITION_LIMIT
2020-08-06,DECISION,TRXUSDT,POSITION_LIMIT
2020-08-06,DECISION,BCHUSDT,POSITION_LIMIT
2020-08-06,DECISION,EOSUSDT,POSITION_LIMIT
2020-08-06,DECISION,ONTUSDT,POSITION_LIMIT
2020-08-06,DECISION,VETUSDT,POSITION_LIMIT
2020-08-06,DECISION,ATOMUSDT,POSITION_LIMIT
2020-08-06,DECISION,ETCUSDT,POSITION_LIMIT
2020-08-07,DECISION,BNBUSDT,POSITION_LIMIT
2020-08-07,DECISION,ZECUSDT,POSITION_LIMIT
2020-08-07,DECISION,NEOUSDT,POSITION_LIMIT
2020-08-07,DECISION,QTUMUSDT,POSITION_LIMIT
2020-08-07,DECISION,ADAUSDT,POSITION_LIMIT
2020-08-07,DECISION,LTCUSDT,POSITION_LIMIT
2020-08-07,DECISION,TRXUSDT,POSITION_LIMIT
2020-08-07,DECISION,BCHUSDT,POSITION_LIMIT
2020-08-07,DECISION,EOSUSDT,POSITION_LIMIT
2020-08-07,DECISION,ONTUSDT,POSITION_LIMIT
2020-08-07,DECISION,VETUSDT,POSITION_LIMIT
2020-08-07,DECISION,ETCUSDT,POSITION_LIMIT
2020-08-07,DECISION,ATOMUSDT,POSITION_LIMIT
2020-08-08,DECISION,XLMUSDT,POSITION_LIMIT
2020-08-08,DECISION,VETUSDT,POSITION_LIMIT
2020-08-08,DECISION,BNBUSDT,POSITION_LIMIT
2020-08-08,DECISION,ATOMUSDT,POSITION_LIMIT
2020-08-08,DECISION,ZECUSDT,POSITION_LIMIT
2020-08-08,DECISION,NEOUSDT,POSITION_LIMIT
2020-08-08,DECISION,XMRUSDT,POSITION_LIMIT
2020-08-08,DECISION,LTCUSDT,POSITION_LIMIT
2020-08-08,DECISION,TRXUSDT,POSITION_LIMIT
2020-08-08,DECISION,BCHUSDT,POSITION_LIMIT
2020-08-08,DECISION,EOSUSDT,POSITION_LIMIT
2020-08-08,DECISION,ONTUSDT,POSITION_LIMIT
2020-08-08,DECISION,ETCUSDT,POSITION_LIMIT
2020-08-08,DECISION,IOSTUSDT,POSITION_LIMIT
2020-08-09,DECISION,BNBUSDT,POSITION_LIMIT
2020-08-09,DECISION,VETUSDT,POSITION_LIMIT
2020-08-09,DECISION,ATOMUSDT,POSITION_LIMIT
2020-08-09,DECISION,ZECUSDT,POSITION_LIMIT
2020-08-09,DECISION,ONTUSDT,POSITION_LIMIT
2020-08-09,DECISION,NEOUSDT,POSITION_LIMIT
2020-08-09,DECISION,XMRUSDT,POSITION_LIMIT
2020-08-09,DECISION,XRPUSDT,POSITION_LIMIT
2020-08-09,DECISION,TRXUSDT,POSITION_LIMIT
2020-08-09,DECISION,BCHUSDT,POSITION_LIMIT
2020-08-09,DECISION,LTCUSDT,POSITION_LIMIT
2020-08-09,DECISION,EOSUSDT,POSITION_LIMIT
2020-08-09,DECISION,ETCUSDT,POSITION_LIMIT
2020-08-09,DECISION,IOSTUSDT,POSITION_LIMIT
2020-08-10,DECISION,BNBUSDT,POSITION_LIMIT
2020-08-10,DECISION,VETUSDT,POSITION_LIMIT
2020-08-10,DECISION,ATOMUSDT,POSITION_LIMIT
2020-08-10,DECISION,TRXUSDT,POSITION_LIMIT
2020-08-10,DECISION,ONTUSDT,POSITION_LIMIT
2020-08-10,DECISION,NEOUSDT,POSITION_LIMIT
2020-08-10,DECISION,XMRUSDT,POSITION_LIMIT
2020-08-10,DECISION,XRPUSDT,POSITION_LIMIT
2020-08-10,DECISION,ZECUSDT,POSITION_LIMIT
2020-08-10,DECISION,BCHUSDT,POSITION_LIMIT
2020-08-10,DECISION,LTCUSDT,POSITION_LIMIT
2020-08-10,DECISION,EOSUSDT,POSITION_LIMIT
2020-08-10,DECISION,ETCUSDT,POSITION_LIMIT
2020-08-10,DECISION,IOSTUSDT,POSITION_LIMIT
2020-08-11,DECISION,NEOUSDT,POSITION_LIMIT
2020-08-11,DECISION,BTCUSDT,POSITION_LIMIT
2020-08-11,DECISION,ETHUSDT,POSITION_LIMIT
2020-08-11,DECISION,ADAUSDT,POSITION_LIMIT
2020-08-11,DECISION,BNBUSDT,POSITION_LIMIT
2020-08-11,DECISION,XMRUSDT,POSITION_LIMIT
2020-08-11,DECISION,XRPUSDT,POSITION_LIMIT
2020-08-11,DECISION,XLMUSDT,POSITION_LIMIT
2020-08-11,DECISION,EOSUSDT,POSITION_LIMIT
2020-08-11,DECISION,ZECUSDT,POSITION_LIMIT
2020-08-11,DECISION,BCHUSDT,POSITION_LIMIT
2020-08-11,DECISION,LTCUSDT,POSITION_LIMIT
2020-08-11,DECISION,ETCUSDT,POSITION_LIMIT
2020-08-11,DECISION,IOSTUSDT,POSITION_LIMIT
2020-08-12,DECISION,NEOUSDT,POSITION_LIMIT
2020-08-12,DECISION,BTCUSDT,POSITION_LIMIT
2020-08-12,DECISION,ETHUSDT,POSITION_LIMIT
2020-08-12,DECISION,ADAUSDT,POSITION_LIMIT
2020-08-12,DECISION,BNBUSDT,POSITION_LIMIT
2020-08-12,DECISION,XMRUSDT,POSITION_LIMIT
2020-08-12,DECISION,XRPUSDT,POSITION_LIMIT
2020-08-12,DECISION,EOSUSDT,POSITION_LIMIT
2020-08-12,DECISION,XLMUSDT,POSITION_LIMIT
2020-08-12,DECISION,ZECUSDT,POSITION_LIMIT
2020-08-12,DECISION,BCHUSDT,POSITION_LIMIT
2020-08-12,DECISION,LTCUSDT,POSITION_LIMIT
2020-08-12,DECISION,ETCUSDT,POSITION_LIMIT
2020-08-12,DECISION,IOSTUSDT,POSITION_LIMIT
2020-08-13,DECISION,NEOUSDT,POSITION_LIMIT
2020-08-13,DECISION,BTCUSDT,POSITION_LIMIT
2020-08-13,DECISION,ADAUSDT,POSITION_LIMIT
2020-08-13,DECISION,BNBUSDT,POSITION_LIMIT
2020-08-13,DECISION,VETUSDT,POSITION_LIMIT
2020-08-13,DECISION,XMRUSDT,POSITION_LIMIT
2020-08-13,DECISION,XRPUSDT,POSITION_LIMIT
2020-08-13,DECISION,EOSUSDT,POSITION_LIMIT
2020-08-13,DECISION,XLMUSDT,POSITION_LIMIT
2020-08-13,DECISION,ZECUSDT,POSITION_LIMIT
2020-08-13,DECISION,BCHUSDT,POSITION_LIMIT
2020-08-13,DECISION,LTCUSDT,POSITION_LIMIT
2020-08-13,DECISION,ETCUSDT,POSITION_LIMIT
2020-08-13,DECISION,IOSTUSDT,POSITION_LIMIT
2020-08-14,DECISION,NEOUSDT,POSITION_LIMIT
2020-08-14,DECISION,BTCUSDT,POSITION_LIMIT
2020-08-14,DECISION,ADAUSDT,POSITION_LIMIT
2020-08-14,DECISION,EOSUSDT,POSITION_LIMIT
2020-08-14,DECISION,BNBUSDT,POSITION_LIMIT
2020-08-14,DECISION,VETUSDT,POSITION_LIMIT
2020-08-14,DECISION,XMRUSDT,POSITION_LIMIT
2020-08-14,DECISION,XRPUSDT,POSITION_LIMIT
2020-08-14,DECISION,XLMUSDT,POSITION_LIMIT
2020-08-14,DECISION,ZECUSDT,POSITION_LIMIT
2020-08-14,DECISION,BCHUSDT,POSITION_LIMIT
2020-08-14,DECISION,LTCUSDT,POSITION_LIMIT
2020-08-14,DECISION,ETCUSDT,POSITION_LIMIT
2020-08-14,DECISION,IOSTUSDT,POSITION_LIMIT
2020-08-15,DECISION,ONTUSDT,POSITION_LIMIT
2020-08-15,DECISION,IOSTUSDT,POSITION_LIMIT
2020-08-15,DECISION,NEOUSDT,POSITION_LIMIT
2020-08-15,DECISION,BTCUSDT,POSITION_LIMIT
2020-08-15,DECISION,ADAUSDT,POSITION_LIMIT
2020-08-15,DECISION,BNBUSDT,POSITION_LIMIT
2020-08-15,DECISION,VETUSDT,POSITION_LIMIT
2020-08-15,DECISION,XMRUSDT,POSITION_LIMIT
2020-08-15,DECISION,XRPUSDT,POSITION_LIMIT
2020-08-15,DECISION,LTCUSDT,POSITION_LIMIT
2020-08-15,DECISION,XLMUSDT,POSITION_LIMIT
2020-08-15,DECISION,ZECUSDT,POSITION_LIMIT
2020-08-15,DECISION,BCHUSDT,POSITION_LIMIT
2020-08-15,DECISION,ETCUSDT,POSITION_LIMIT
2020-08-16,DECISION,BNBUSDT,POSITION_LIMIT
2020-08-16,DECISION,XLMUSDT,POSITION_LIMIT
2020-08-16,DECISION,ATOMUSDT,POSITION_LIMIT
2020-08-16,DECISION,TRXUSDT,POSITION_LIMIT
2020-08-16,DECISION,NEOUSDT,POSITION_LIMIT
2020-08-16,DECISION,IOSTUSDT,POSITION_LIMIT
2020-08-16,DECISION,ONTUSDT,POSITION_LIMIT
2020-08-16,DECISION,XRPUSDT,POSITION_LIMIT
2020-08-16,DECISION,ADAUSDT,POSITION_LIMIT
2020-08-16,DECISION,VETUSDT,POSITION_LIMIT
2020-08-16,DECISION,XMRUSDT,POSITION_LIMIT
2020-08-16,DECISION,ZECUSDT,POSITION_LIMIT
2020-08-16,DECISION,BCHUSDT,POSITION_LIMIT
2020-08-16,DECISION,ETCUSDT,POSITION_LIMIT
2020-08-17,DECISION,BNBUSDT,POSITION_LIMIT
2020-08-17,DECISION,XLMUSDT,POSITION_LIMIT
2020-08-17,DECISION,TRXUSDT,POSITION_LIMIT
2020-08-17,DECISION,ATOMUSDT,POSITION_LIMIT
2020-08-17,DECISION,NEOUSDT,POSITION_LIMIT
2020-08-17,DECISION,IOSTUSDT,POSITION_LIMIT
2020-08-17,DECISION,ONTUSDT,POSITION_LIMIT
2020-08-17,DECISION,XTZUSDT,POSITION_LIMIT
2020-08-17,DECISION,ADAUSDT,POSITION_LIMIT
2020-08-17,DECISION,VETUSDT,POSITION_LIMIT
2020-08-17,DECISION,DASHUSDT,POSITION_LIMIT
2020-08-17,DECISION,BCHUSDT,POSITION_LIMIT
2020-08-17,DECISION,ZECUSDT,POSITION_LIMIT
2020-08-17,DECISION,ETCUSDT,POSITION_LIMIT
2020-08-18,DECISION,TRXUSDT,POSITION_LIMIT
2020-08-18,DECISION,NEOUSDT,POSITION_LIMIT
2020-08-18,DECISION,IOSTUSDT,POSITION_LIMIT
2020-08-18,DECISION,ONTUSDT,POSITION_LIMIT
2020-08-18,DECISION,ETHUSDT,POSITION_LIMIT
2020-08-18,DECISION,LINKUSDT,POSITION_LIMIT
2020-08-18,DECISION,XTZUSDT,POSITION_LIMIT
2020-08-18,DECISION,ADAUSDT,POSITION_LIMIT
2020-08-18,DECISION,ATOMUSDT,POSITION_LIMIT
2020-08-18,DECISION,XMRUSDT,POSITION_LIMIT
2020-08-18,DECISION,BCHUSDT,POSITION_LIMIT
2020-08-18,DECISION,VETUSDT,POSITION_LIMIT
2020-08-18,DECISION,ZECUSDT,POSITION_LIMIT
2020-08-18,DECISION,ETCUSDT,POSITION_LIMIT
2020-08-19,DECISION,ETHUSDT,POSITION_LIMIT
2020-08-19,DECISION,LINKUSDT,POSITION_LIMIT
2020-08-19,DECISION,XRPUSDT,POSITION_LIMIT
2020-08-19,DECISION,BNBUSDT,POSITION_LIMIT
2020-08-19,DECISION,XLMUSDT,POSITION_LIMIT
2020-08-19,DECISION,ATOMUSDT,POSITION_LIMIT
2020-08-19,DECISION,XMRUSDT,POSITION_LIMIT
2020-08-19,DECISION,ONTUSDT,POSITION_LIMIT
2020-08-19,DECISION,XTZUSDT,POSITION_LIMIT
2020-08-19,DECISION,BCHUSDT,POSITION_LIMIT
2020-08-19,DECISION,VETUSDT,POSITION_LIMIT
2020-08-19,DECISION,ZECUSDT,POSITION_LIMIT
2020-08-19,DECISION,ADAUSDT,POSITION_LIMIT
2020-08-19,DECISION,ETCUSDT,POSITION_LIMIT
2020-08-20,DECISION,IOSTUSDT,POSITION_LIMIT
2020-08-20,DECISION,BTCUSDT,POSITION_LIMIT
2020-08-20,DECISION,ETHUSDT,POSITION_LIMIT
2020-08-20,DECISION,LINKUSDT,POSITION_LIMIT
2020-08-20,DECISION,XRPUSDT,POSITION_LIMIT
2020-08-20,DECISION,BNBUSDT,POSITION_LIMIT
2020-08-20,DECISION,XLMUSDT,POSITION_LIMIT
2020-08-20,DECISION,ONTUSDT,POSITION_LIMIT
2020-08-20,DECISION,XTZUSDT,POSITION_LIMIT
2020-08-20,DECISION,BCHUSDT,POSITION_LIMIT
2020-08-20,DECISION,VETUSDT,POSITION_LIMIT
2020-08-20,DECISION,ZECUSDT,POSITION_LIMIT
2020-08-20,DECISION,ADAUSDT,POSITION_LIMIT
2020-08-20,DECISION,ETCUSDT,POSITION_LIMIT
2020-08-21,DECISION,LTCUSDT,POSITION_LIMIT
2020-08-21,DECISION,EOSUSDT,POSITION_LIMIT
2020-08-21,DECISION,BNBUSDT,POSITION_LIMIT
2020-08-21,DECISION,TRXUSDT,POSITION_LIMIT
2020-08-21,DECISION,ATOMUSDT,POSITION_LIMIT
2020-08-21,DECISION,ONTUSDT,POSITION_LIMIT
2020-08-21,DECISION,XTZUSDT,POSITION_LIMIT
2020-08-21,DECISION,XRPUSDT,POSITION_LIMIT
2020-08-21,DECISION,BCHUSDT,POSITION_LIMIT
2020-08-21,DECISION,VETUSDT,POSITION_LIMIT
2020-08-21,DECISION,XLMUSDT,POSITION_LIMIT
2020-08-21,DECISION,ZECUSDT,POSITION_LIMIT
2020-08-21,DECISION,ADAUSDT,POSITION_LIMIT
2020-08-21,DECISION,ETCUSDT,POSITION_LIMIT
2020-08-22,DECISION,ETHUSDT,POSITION_LIMIT
2020-08-22,DECISION,LINKUSDT,POSITION_LIMIT
2020-08-22,DECISION,LTCUSDT,POSITION_LIMIT
2020-08-22,DECISION,EOSUSDT,POSITION_LIMIT
2020-08-22,DECISION,BNBUSDT,POSITION_LIMIT
2020-08-22,DECISION,TRXUSDT,POSITION_LIMIT
2020-08-22,DECISION,XTZUSDT,POSITION_LIMIT
2020-08-22,DECISION,XRPUSDT,POSITION_LIMIT
2020-08-22,DECISION,BCHUSDT,POSITION_LIMIT
2020-08-22,DECISION,VETUSDT,POSITION_LIMIT
2020-08-22,DECISION,ZECUSDT,POSITION_LIMIT
2020-08-22,DECISION,XLMUSDT,POSITION_LIMIT
2020-08-22,DECISION,ADAUSDT,POSITION_LIMIT
2020-08-22,DECISION,ETCUSDT,POSITION_LIMIT
2020-08-23,DECISION,ETHUSDT,POSITION_LIMIT
2020-08-23,DECISION,LINKUSDT,POSITION_LIMIT
2020-08-23,DECISION,LTCUSDT,POSITION_LIMIT
2020-08-23,DECISION,EOSUSDT,POSITION_LIMIT
2020-08-23,DECISION,BNBUSDT,POSITION_LIMIT
2020-08-23,DECISION,TRXUSDT,POSITION_LIMIT
2020-08-23,DECISION,XTZUSDT,POSITION_LIMIT
2020-08-23,DECISION,XRPUSDT,POSITION_LIMIT
2020-08-23,DECISION,BCHUSDT,POSITION_LIMIT
2020-08-23,DECISION,VETUSDT,POSITION_LIMIT
2020-08-23,DECISION,ZECUSDT,POSITION_LIMIT
2020-08-23,DECISION,XLMUSDT,POSITION_LIMIT
2020-08-23,DECISION,ADAUSDT,POSITION_LIMIT
2020-08-23,DECISION,ETCUSDT,POSITION_LIMIT
2020-08-24,DECISION,ETHUSDT,POSITION_LIMIT
2020-08-24,DECISION,LINKUSDT,POSITION_LIMIT
2020-08-24,DECISION,LTCUSDT,POSITION_LIMIT
2020-08-24,DECISION,EOSUSDT,POSITION_LIMIT
2020-08-24,DECISION,BNBUSDT,POSITION_LIMIT
2020-08-24,DECISION,TRXUSDT,POSITION_LIMIT
2020-08-24,DECISION,XTZUSDT,POSITION_LIMIT
2020-08-24,DECISION,XRPUSDT,POSITION_LIMIT
2020-08-24,DECISION,BCHUSDT,POSITION_LIMIT
2020-08-24,DECISION,VETUSDT,POSITION_LIMIT
2020-08-24,DECISION,ZECUSDT,POSITION_LIMIT
2020-08-24,DECISION,XLMUSDT,POSITION_LIMIT
2020-08-24,DECISION,ADAUSDT,POSITION_LIMIT
2020-08-24,DECISION,ETCUSDT,POSITION_LIMIT
2020-08-25,DECISION,LTCUSDT,POSITION_LIMIT
2020-08-25,DECISION,XTZUSDT,POSITION_LIMIT
2020-08-25,DECISION,EOSUSDT,POSITION_LIMIT
2020-08-25,DECISION,BNBUSDT,POSITION_LIMIT
2020-08-25,DECISION,TRXUSDT,POSITION_LIMIT
2020-08-25,DECISION,XMRUSDT,POSITION_LIMIT
2020-08-25,DECISION,BTCUSDT,POSITION_LIMIT
2020-08-25,DECISION,VETUSDT,POSITION_LIMIT
2020-08-25,DECISION,XRPUSDT,POSITION_LIMIT
2020-08-25,DECISION,ZECUSDT,POSITION_LIMIT
2020-08-25,DECISION,XLMUSDT,POSITION_LIMIT
2020-08-25,DECISION,BCHUSDT,POSITION_LIMIT
2020-08-25,DECISION,ADAUSDT,POSITION_LIMIT
2020-08-25,DECISION,ETCUSDT,POSITION_LIMIT
2020-08-26,DECISION,LTCUSDT,POSITION_LIMIT
2020-08-26,DECISION,EOSUSDT,POSITION_LIMIT
2020-08-26,DECISION,BNBUSDT,POSITION_LIMIT
2020-08-26,DECISION,TRXUSDT,POSITION_LIMIT
2020-08-26,DECISION,IOSTUSDT,POSITION_LIMIT
2020-08-26,DECISION,BTCUSDT,POSITION_LIMIT
2020-08-26,DECISION,XTZUSDT,POSITION_LIMIT
2020-08-26,DECISION,VETUSDT,POSITION_LIMIT
2020-08-26,DECISION,XRPUSDT,POSITION_LIMIT
2020-08-26,DECISION,ZECUSDT,POSITION_LIMIT
2020-08-26,DECISION,XLMUSDT,POSITION_LIMIT
2020-08-26,DECISION,BCHUSDT,POSITION_LIMIT
2020-08-26,DECISION,ADAUSDT,POSITION_LIMIT
2020-08-26,DECISION,ETCUSDT,POSITION_LIMIT
2020-08-27,DECISION,LTCUSDT,POSITION_LIMIT
2020-08-27,DECISION,BNBUSDT,POSITION_LIMIT
2020-08-27,DECISION,TRXUSDT,POSITION_LIMIT
2020-08-27,DECISION,IOSTUSDT,POSITION_LIMIT
2020-08-27,DECISION,BTCUSDT,POSITION_LIMIT
2020-08-27,DECISION,XTZUSDT,POSITION_LIMIT
2020-08-27,DECISION,XRPUSDT,POSITION_LIMIT
2020-08-27,DECISION,EOSUSDT,POSITION_LIMIT
2020-08-27,DECISION,ZECUSDT,POSITION_LIMIT
2020-08-27,DECISION,VETUSDT,POSITION_LIMIT
2020-08-27,DECISION,BCHUSDT,POSITION_LIMIT
2020-08-27,DECISION,XLMUSDT,POSITION_LIMIT
2020-08-27,DECISION,ADAUSDT,POSITION_LIMIT
2020-08-27,DECISION,ETCUSDT,POSITION_LIMIT
2020-08-28,DECISION,LTCUSDT,POSITION_LIMIT
2020-08-28,DECISION,BNBUSDT,POSITION_LIMIT
2020-08-28,DECISION,TRXUSDT,POSITION_LIMIT
2020-08-28,DECISION,IOSTUSDT,POSITION_LIMIT
2020-08-28,DECISION,BTCUSDT,POSITION_LIMIT
2020-08-28,DECISION,XTZUSDT,POSITION_LIMIT
2020-08-28,DECISION,XRPUSDT,POSITION_LIMIT
2020-08-28,DECISION,EOSUSDT,POSITION_LIMIT
2020-08-28,DECISION,ZECUSDT,POSITION_LIMIT
2020-08-28,DECISION,VETUSDT,POSITION_LIMIT
2020-08-28,DECISION,BCHUSDT,POSITION_LIMIT
2020-08-28,DECISION,XLMUSDT,POSITION_LIMIT
2020-08-28,DECISION,ADAUSDT,POSITION_LIMIT
2020-08-28,DECISION,ETCUSDT,POSITION_LIMIT
2020-08-29,DECISION,LTCUSDT,POSITION_LIMIT
2020-08-29,DECISION,BNBUSDT,POSITION_LIMIT
2020-08-29,DECISION,TRXUSDT,POSITION_LIMIT
2020-08-29,DECISION,IOSTUSDT,POSITION_LIMIT
2020-08-29,DECISION,BTCUSDT,POSITION_LIMIT
2020-08-29,DECISION,XTZUSDT,POSITION_LIMIT
2020-08-29,DECISION,XRPUSDT,POSITION_LIMIT
2020-08-29,DECISION,EOSUSDT,POSITION_LIMIT
2020-08-29,DECISION,ZECUSDT,POSITION_LIMIT
2020-08-29,DECISION,VETUSDT,POSITION_LIMIT
2020-08-29,DECISION,BCHUSDT,POSITION_LIMIT
2020-08-29,DECISION,XLMUSDT,POSITION_LIMIT
2020-08-29,DECISION,ADAUSDT,POSITION_LIMIT
2020-08-29,DECISION,ETCUSDT,POSITION_LIMIT
2020-08-30,DECISION,ONTUSDT,POSITION_LIMIT
2020-08-30,DECISION,QTUMUSDT,POSITION_LIMIT
2020-08-30,DECISION,TRXUSDT,POSITION_LIMIT
2020-08-30,DECISION,IOSTUSDT,POSITION_LIMIT
2020-08-30,DECISION,BTCUSDT,POSITION_LIMIT
2020-08-30,DECISION,XTZUSDT,POSITION_LIMIT
2020-08-30,DECISION,XRPUSDT,POSITION_LIMIT
2020-08-30,DECISION,EOSUSDT,POSITION_LIMIT
2020-08-30,DECISION,ZECUSDT,POSITION_LIMIT
2020-08-30,DECISION,VETUSDT,POSITION_LIMIT
2020-08-30,DECISION,BCHUSDT,POSITION_LIMIT
2020-08-30,DECISION,XLMUSDT,POSITION_LIMIT
2020-08-30,DECISION,ADAUSDT,POSITION_LIMIT
2020-08-30,DECISION,ETCUSDT,POSITION_LIMIT
2020-08-31,DECISION,ATOMUSDT,POSITION_LIMIT
2020-08-31,DECISION,ONTUSDT,POSITION_LIMIT
2020-08-31,DECISION,QTUMUSDT,POSITION_LIMIT
2020-08-31,DECISION,IOSTUSDT,POSITION_LIMIT
2020-08-31,DECISION,BTCUSDT,POSITION_LIMIT
2020-08-31,DECISION,XTZUSDT,POSITION_LIMIT
2020-08-31,DECISION,XRPUSDT,POSITION_LIMIT
2020-08-31,DECISION,EOSUSDT,POSITION_LIMIT
2020-08-31,DECISION,ZECUSDT,POSITION_LIMIT
2020-08-31,DECISION,VETUSDT,POSITION_LIMIT
2020-08-31,DECISION,BCHUSDT,POSITION_LIMIT
2020-08-31,DECISION,XLMUSDT,POSITION_LIMIT
2020-08-31,DECISION,ADAUSDT,POSITION_LIMIT
2020-08-31,DECISION,ETCUSDT,POSITION_LIMIT
2020-09-01,DECISION,ATOMUSDT,POSITION_LIMIT
2020-09-01,DECISION,ONTUSDT,POSITION_LIMIT
2020-09-01,DECISION,QTUMUSDT,POSITION_LIMIT
2020-09-01,DECISION,BTCUSDT,POSITION_LIMIT
2020-09-01,DECISION,IOSTUSDT,POSITION_LIMIT
2020-09-01,DECISION,XRPUSDT,POSITION_LIMIT
2020-09-01,DECISION,XTZUSDT,POSITION_LIMIT
2020-09-01,DECISION,EOSUSDT,POSITION_LIMIT
2020-09-01,DECISION,BCHUSDT,POSITION_LIMIT
2020-09-01,DECISION,ZECUSDT,POSITION_LIMIT
2020-09-01,DECISION,VETUSDT,POSITION_LIMIT
2020-09-01,DECISION,XLMUSDT,POSITION_LIMIT
2020-09-01,DECISION,ADAUSDT,POSITION_LIMIT
2020-09-01,DECISION,ETCUSDT,POSITION_LIMIT
2020-09-02,DECISION,ATOMUSDT,POSITION_LIMIT
2020-09-02,DECISION,ONTUSDT,POSITION_LIMIT
2020-09-02,DECISION,IOSTUSDT,POSITION_LIMIT
2020-09-02,DECISION,BTCUSDT,POSITION_LIMIT
2020-09-02,DECISION,XRPUSDT,POSITION_LIMIT
2020-09-02,DECISION,QTUMUSDT,POSITION_LIMIT
2020-09-02,DECISION,XTZUSDT,POSITION_LIMIT
2020-09-02,DECISION,EOSUSDT,POSITION_LIMIT
2020-09-02,DECISION,ZECUSDT,POSITION_LIMIT
2020-09-02,DECISION,VETUSDT,POSITION_LIMIT
2020-09-02,DECISION,XLMUSDT,POSITION_LIMIT
2020-09-02,DECISION,BCHUSDT,POSITION_LIMIT
2020-09-02,DECISION,ADAUSDT,POSITION_LIMIT
2020-09-02,DECISION,ETCUSDT,POSITION_LIMIT
2020-09-03,DECISION,XRPUSDT,POSITION_LIMIT
2020-09-03,DECISION,LTCUSDT,POSITION_LIMIT
2020-09-03,DECISION,EOSUSDT,POSITION_LIMIT
2020-09-03,DECISION,BNBUSDT,POSITION_LIMIT
2020-09-03,DECISION,QTUMUSDT,POSITION_LIMIT
2020-09-03,DECISION,XTZUSDT,POSITION_LIMIT
2020-09-03,DECISION,ADAUSDT,POSITION_LIMIT
2020-09-03,DECISION,ZECUSDT,POSITION_LIMIT
2020-09-03,DECISION,VETUSDT,POSITION_LIMIT
2020-09-03,DECISION,XLMUSDT,POSITION_LIMIT
2020-09-03,DECISION,ONTUSDT,POSITION_LIMIT
2020-09-04,FILL,LINKUSDT,BELOW_EXCHANGE_MINIMUM_NOTIONAL
2020-09-04,DECISION,XRPUSDT,POSITION_LIMIT
2020-09-04,DECISION,LTCUSDT,POSITION_LIMIT
2020-09-04,DECISION,EOSUSDT,POSITION_LIMIT
2020-09-04,DECISION,BNBUSDT,POSITION_LIMIT
2020-09-04,DECISION,QTUMUSDT,POSITION_LIMIT
2020-09-04,DECISION,XTZUSDT,POSITION_LIMIT
2020-09-04,DECISION,ADAUSDT,POSITION_LIMIT
2020-09-04,DECISION,ZECUSDT,POSITION_LIMIT
2020-09-04,DECISION,VETUSDT,POSITION_LIMIT
2020-09-04,DECISION,ONTUSDT,POSITION_LIMIT
2020-09-04,DECISION,XLMUSDT,POSITION_LIMIT
2020-09-05,FILL,LINKUSDT,BELOW_EXCHANGE_MINIMUM_NOTIONAL
2020-09-05,DECISION,XRPUSDT,POSITION_LIMIT
2020-09-05,DECISION,LTCUSDT,POSITION_LIMIT
2020-09-05,DECISION,EOSUSDT,POSITION_LIMIT
2020-09-05,DECISION,BNBUSDT,POSITION_LIMIT
2020-09-05,DECISION,QTUMUSDT,POSITION_LIMIT
2020-09-05,DECISION,XTZUSDT,POSITION_LIMIT
2020-09-05,DECISION,ADAUSDT,POSITION_LIMIT
2020-09-05,DECISION,ZECUSDT,POSITION_LIMIT
2020-09-05,DECISION,VETUSDT,POSITION_LIMIT
2020-09-05,DECISION,ONTUSDT,POSITION_LIMIT
2020-09-05,DECISION,XLMUSDT,POSITION_LIMIT
2020-09-06,DECISION,XRPUSDT,POSITION_LIMIT
2020-09-06,DECISION,LTCUSDT,POSITION_LIMIT
2020-09-06,DECISION,EOSUSDT,POSITION_LIMIT
2020-09-06,DECISION,BNBUSDT,POSITION_LIMIT
2020-09-06,DECISION,QTUMUSDT,POSITION_LIMIT
2020-09-06,DECISION,XTZUSDT,POSITION_LIMIT
2020-09-06,DECISION,ADAUSDT,POSITION_LIMIT
2020-09-06,DECISION,ZECUSDT,POSITION_LIMIT
2020-09-06,DECISION,VETUSDT,POSITION_LIMIT
2020-09-06,DECISION,ONTUSDT,POSITION_LIMIT
2020-09-06,DECISION,XLMUSDT,POSITION_LIMIT
2020-09-07,DECISION,XRPUSDT,POSITION_LIMIT
2020-09-07,DECISION,LTCUSDT,POSITION_LIMIT
2020-09-07,DECISION,EOSUSDT,POSITION_LIMIT
2020-09-07,DECISION,BNBUSDT,POSITION_LIMIT
2020-09-07,DECISION,QTUMUSDT,POSITION_LIMIT
2020-09-07,DECISION,XTZUSDT,POSITION_LIMIT
2020-09-07,DECISION,ADAUSDT,POSITION_LIMIT
2020-09-07,DECISION,ZECUSDT,POSITION_LIMIT
2020-09-07,DECISION,VETUSDT,POSITION_LIMIT
2020-09-07,DECISION,ONTUSDT,POSITION_LIMIT
2020-09-07,DECISION,XLMUSDT,POSITION_LIMIT
2020-09-08,DECISION,XRPUSDT,POSITION_LIMIT
2020-09-08,DECISION,LTCUSDT,POSITION_LIMIT
2020-09-08,DECISION,EOSUSDT,POSITION_LIMIT
2020-09-08,DECISION,BNBUSDT,POSITION_LIMIT
2020-09-08,DECISION,QTUMUSDT,POSITION_LIMIT
2020-09-08,DECISION,XTZUSDT,POSITION_LIMIT
2020-09-08,DECISION,ADAUSDT,POSITION_LIMIT
2020-09-08,DECISION,ZECUSDT,POSITION_LIMIT
2020-09-08,DECISION,VETUSDT,POSITION_LIMIT
2020-09-08,DECISION,ONTUSDT,POSITION_LIMIT
2020-09-08,DECISION,XLMUSDT,POSITION_LIMIT
2020-09-09,DECISION,XRPUSDT,POSITION_LIMIT
2020-09-09,DECISION,LTCUSDT,POSITION_LIMIT
2020-09-09,DECISION,EOSUSDT,POSITION_LIMIT
2020-09-09,DECISION,BNBUSDT,POSITION_LIMIT
2020-09-09,DECISION,QTUMUSDT,POSITION_LIMIT
2020-09-09,DECISION,XTZUSDT,POSITION_LIMIT
2020-09-09,DECISION,ADAUSDT,POSITION_LIMIT
2020-09-09,DECISION,ZECUSDT,POSITION_LIMIT
2020-09-09,DECISION,VETUSDT,POSITION_LIMIT
2020-09-09,DECISION,ONTUSDT,POSITION_LIMIT
2020-09-09,DECISION,XLMUSDT,POSITION_LIMIT
2020-09-10,DECISION,ETHUSDT,POSITION_LIMIT
2020-09-10,DECISION,LTCUSDT,POSITION_LIMIT
2020-09-10,DECISION,XRPUSDT,POSITION_LIMIT
2020-09-10,DECISION,EOSUSDT,POSITION_LIMIT
2020-09-10,DECISION,BNBUSDT,POSITION_LIMIT
2020-09-10,DECISION,QTUMUSDT,POSITION_LIMIT
2020-09-10,DECISION,XTZUSDT,POSITION_LIMIT
2020-09-10,DECISION,ADAUSDT,POSITION_LIMIT
2020-09-10,DECISION,ZECUSDT,POSITION_LIMIT
2020-09-10,DECISION,ONTUSDT,POSITION_LIMIT
2020-09-10,DECISION,VETUSDT,POSITION_LIMIT
2020-09-10,DECISION,XLMUSDT,POSITION_LIMIT
2020-09-11,DECISION,BTCUSDT,POSITION_LIMIT
2020-09-11,DECISION,ETHUSDT,POSITION_LIMIT
2020-09-11,DECISION,LTCUSDT,POSITION_LIMIT
2020-09-11,DECISION,EOSUSDT,POSITION_LIMIT
2020-09-11,DECISION,XRPUSDT,POSITION_LIMIT
2020-09-11,DECISION,QTUMUSDT,POSITION_LIMIT
2020-09-11,DECISION,XTZUSDT,POSITION_LIMIT
2020-09-11,DECISION,ADAUSDT,POSITION_LIMIT
2020-09-11,DECISION,ZECUSDT,POSITION_LIMIT
2020-09-11,DECISION,ONTUSDT,POSITION_LIMIT
2020-09-11,DECISION,VETUSDT,POSITION_LIMIT
2020-09-11,DECISION,XLMUSDT,POSITION_LIMIT
2020-09-12,FILL,LINKUSDT,BELOW_EXCHANGE_MINIMUM_NOTIONAL
2020-09-12,DECISION,BTCUSDT,POSITION_LIMIT
2020-09-12,DECISION,ETHUSDT,POSITION_LIMIT
2020-09-12,DECISION,LTCUSDT,POSITION_LIMIT
2020-09-12,DECISION,EOSUSDT,POSITION_LIMIT
2020-09-12,DECISION,XRPUSDT,POSITION_LIMIT
2020-09-12,DECISION,QTUMUSDT,POSITION_LIMIT
2020-09-12,DECISION,XTZUSDT,POSITION_LIMIT
2020-09-12,DECISION,ADAUSDT,POSITION_LIMIT
2020-09-12,DECISION,ZECUSDT,POSITION_LIMIT
2020-09-12,DECISION,ONTUSDT,POSITION_LIMIT
2020-09-12,DECISION,VETUSDT,POSITION_LIMIT
2020-09-12,DECISION,XLMUSDT,POSITION_LIMIT
2020-09-13,DECISION,BTCUSDT,POSITION_LIMIT
2020-09-13,DECISION,ETHUSDT,POSITION_LIMIT
2020-09-13,DECISION,LTCUSDT,POSITION_LIMIT
2020-09-13,DECISION,EOSUSDT,POSITION_LIMIT
2020-09-13,DECISION,XRPUSDT,POSITION_LIMIT
2020-09-13,DECISION,QTUMUSDT,POSITION_LIMIT
2020-09-13,DECISION,XTZUSDT,POSITION_LIMIT
2020-09-13,DECISION,ADAUSDT,POSITION_LIMIT
2020-09-13,DECISION,ZECUSDT,POSITION_LIMIT
2020-09-13,DECISION,ONTUSDT,POSITION_LIMIT
2020-09-13,DECISION,VETUSDT,POSITION_LIMIT
2020-09-13,DECISION,XLMUSDT,POSITION_LIMIT
2020-09-14,DECISION,ATOMUSDT,POSITION_LIMIT
2020-09-14,DECISION,ETHUSDT,POSITION_LIMIT
2020-09-14,DECISION,LTCUSDT,POSITION_LIMIT
2020-09-14,DECISION,EOSUSDT,POSITION_LIMIT
2020-09-14,DECISION,XRPUSDT,POSITION_LIMIT
2020-09-14,DECISION,QTUMUSDT,POSITION_LIMIT
2020-09-14,DECISION,XTZUSDT,POSITION_LIMIT
2020-09-14,DECISION,ADAUSDT,POSITION_LIMIT
2020-09-14,DECISION,ZECUSDT,POSITION_LIMIT
2020-09-14,DECISION,ONTUSDT,POSITION_LIMIT
2020-09-14,DECISION,VETUSDT,POSITION_LIMIT
2020-09-14,DECISION,XLMUSDT,POSITION_LIMIT
2020-09-15,DECISION,ETHUSDT,POSITION_LIMIT
2020-09-15,DECISION,LTCUSDT,POSITION_LIMIT
2020-09-15,DECISION,EOSUSDT,POSITION_LIMIT
2020-09-15,DECISION,XRPUSDT,POSITION_LIMIT
2020-09-15,DECISION,ATOMUSDT,POSITION_LIMIT
2020-09-15,DECISION,QTUMUSDT,POSITION_LIMIT
2020-09-15,DECISION,BCHUSDT,POSITION_LIMIT
2020-09-15,DECISION,XTZUSDT,POSITION_LIMIT
2020-09-15,DECISION,ADAUSDT,POSITION_LIMIT
2020-09-15,DECISION,ZECUSDT,POSITION_LIMIT
2020-09-15,DECISION,ONTUSDT,POSITION_LIMIT
2020-09-15,DECISION,VETUSDT,POSITION_LIMIT
2020-09-15,DECISION,XLMUSDT,POSITION_LIMIT
2020-09-16,DECISION,ETHUSDT,POSITION_LIMIT
2020-09-16,DECISION,LTCUSDT,POSITION_LIMIT
2020-09-16,DECISION,EOSUSDT,POSITION_LIMIT
2020-09-16,DECISION,XRPUSDT,POSITION_LIMIT
2020-09-16,DECISION,ATOMUSDT,POSITION_LIMIT
2020-09-16,DECISION,QTUMUSDT,POSITION_LIMIT
2020-09-16,DECISION,BCHUSDT,POSITION_LIMIT
2020-09-16,DECISION,XTZUSDT,POSITION_LIMIT
2020-09-16,DECISION,ADAUSDT,POSITION_LIMIT
2020-09-16,DECISION,ONTUSDT,POSITION_LIMIT
2020-09-16,DECISION,ZECUSDT,POSITION_LIMIT
2020-09-16,DECISION,VETUSDT,POSITION_LIMIT
2020-09-16,DECISION,XLMUSDT,POSITION_LIMIT
2020-09-17,FILL,LINKUSDT,BELOW_EXCHANGE_MINIMUM_NOTIONAL
2020-09-17,DECISION,LINKUSDT,POSITION_LIMIT
2020-09-17,DECISION,XRPUSDT,POSITION_LIMIT
2020-09-17,DECISION,LTCUSDT,POSITION_LIMIT
2020-09-17,DECISION,EOSUSDT,POSITION_LIMIT
2020-09-17,DECISION,ATOMUSDT,POSITION_LIMIT
2020-09-17,DECISION,VETUSDT,POSITION_LIMIT
2020-09-17,DECISION,QTUMUSDT,POSITION_LIMIT
2020-09-17,DECISION,BCHUSDT,POSITION_LIMIT
2020-09-17,DECISION,XTZUSDT,POSITION_LIMIT
2020-09-17,DECISION,ADAUSDT,POSITION_LIMIT
2020-09-17,DECISION,ONTUSDT,POSITION_LIMIT
2020-09-17,DECISION,ZECUSDT,POSITION_LIMIT
2020-09-17,DECISION,XLMUSDT,POSITION_LIMIT
2020-09-18,DECISION,XRPUSDT,POSITION_LIMIT
2020-09-18,DECISION,LINKUSDT,POSITION_LIMIT
2020-09-18,DECISION,LTCUSDT,POSITION_LIMIT
2020-09-18,DECISION,EOSUSDT,POSITION_LIMIT
2020-09-18,DECISION,ATOMUSDT,POSITION_LIMIT
2020-09-18,DECISION,VETUSDT,POSITION_LIMIT
2020-09-18,DECISION,QTUMUSDT,POSITION_LIMIT
2020-09-18,DECISION,BCHUSDT,POSITION_LIMIT
2020-09-18,DECISION,XTZUSDT,POSITION_LIMIT
2020-09-18,DECISION,ADAUSDT,POSITION_LIMIT
2020-09-18,DECISION,ONTUSDT,POSITION_LIMIT
2020-09-18,DECISION,ZECUSDT,POSITION_LIMIT
2020-09-18,DECISION,XLMUSDT,POSITION_LIMIT
2020-09-19,DECISION,XRPUSDT,POSITION_LIMIT
2020-09-19,DECISION,LINKUSDT,POSITION_LIMIT
2020-09-19,DECISION,LTCUSDT,POSITION_LIMIT
2020-09-19,DECISION,EOSUSDT,POSITION_LIMIT
2020-09-19,DECISION,ATOMUSDT,POSITION_LIMIT
2020-09-19,DECISION,VETUSDT,POSITION_LIMIT
2020-09-19,DECISION,QTUMUSDT,POSITION_LIMIT
2020-09-19,DECISION,BCHUSDT,POSITION_LIMIT
2020-09-19,DECISION,ADAUSDT,POSITION_LIMIT
2020-09-19,DECISION,ONTUSDT,POSITION_LIMIT
2020-09-19,DECISION,ZECUSDT,POSITION_LIMIT
2020-09-19,DECISION,XLMUSDT,POSITION_LIMIT
2020-09-20,DECISION,XRPUSDT,POSITION_LIMIT
2020-09-20,DECISION,LINKUSDT,POSITION_LIMIT
2020-09-20,DECISION,EOSUSDT,POSITION_LIMIT
2020-09-20,DECISION,ATOMUSDT,POSITION_LIMIT
2020-09-20,DECISION,VETUSDT,POSITION_LIMIT
2020-09-20,DECISION,QTUMUSDT,POSITION_LIMIT
2020-09-20,DECISION,LTCUSDT,POSITION_LIMIT
2020-09-20,DECISION,ONTUSDT,POSITION_LIMIT
2020-09-20,DECISION,ZECUSDT,POSITION_LIMIT
2020-09-20,DECISION,XLMUSDT,POSITION_LIMIT
2020-09-21,DECISION,LINKUSDT,POSITION_LIMIT
2020-09-21,DECISION,ATOMUSDT,POSITION_LIMIT
2020-09-21,DECISION,VETUSDT,POSITION_LIMIT
2020-09-21,DECISION,LTCUSDT,POSITION_LIMIT
2020-09-21,DECISION,EOSUSDT,POSITION_LIMIT
2020-09-21,DECISION,XRPUSDT,POSITION_LIMIT
2020-09-21,DECISION,ONTUSDT,POSITION_LIMIT
2020-09-21,DECISION,QTUMUSDT,POSITION_LIMIT
2020-09-22,FILL,BTCUSDT,BELOW_EXCHANGE_MINIMUM_NOTIONAL
2020-09-22,FILL,ETHUSDT,BELOW_EXCHANGE_MINIMUM_NOTIONAL
2020-09-22,DECISION,LINKUSDT,POSITION_LIMIT
2020-09-22,DECISION,ATOMUSDT,POSITION_LIMIT
2020-09-22,DECISION,LTCUSDT,POSITION_LIMIT
2020-09-22,DECISION,EOSUSDT,POSITION_LIMIT
2020-09-22,DECISION,XRPUSDT,POSITION_LIMIT
2020-09-22,DECISION,ONTUSDT,POSITION_LIMIT
2020-09-22,DECISION,VETUSDT,POSITION_LIMIT
2020-09-22,DECISION,QTUMUSDT,POSITION_LIMIT
2020-09-23,FILL,ETHUSDT,BELOW_EXCHANGE_MINIMUM_NOTIONAL
2020-09-23,DECISION,ETHUSDT,POSITION_LIMIT
2020-09-23,DECISION,LINKUSDT,POSITION_LIMIT
2020-09-23,DECISION,LTCUSDT,POSITION_LIMIT
2020-09-23,DECISION,XRPUSDT,POSITION_LIMIT
2020-09-23,DECISION,ATOMUSDT,POSITION_LIMIT
2020-09-23,DECISION,QTUMUSDT,POSITION_LIMIT
2020-09-24,DECISION,ETHUSDT,POSITION_LIMIT
2020-09-24,DECISION,LINKUSDT,POSITION_LIMIT
2020-09-24,DECISION,LTCUSDT,POSITION_LIMIT
2020-09-24,DECISION,XRPUSDT,POSITION_LIMIT
2020-09-24,DECISION,ATOMUSDT,POSITION_LIMIT
2020-09-24,DECISION,QTUMUSDT,POSITION_LIMIT
2020-09-25,DECISION,XMRUSDT,POSITION_LIMIT
2020-09-25,DECISION,ETHUSDT,POSITION_LIMIT
2020-09-25,DECISION,LINKUSDT,POSITION_LIMIT
2020-09-25,DECISION,LTCUSDT,POSITION_LIMIT
2020-09-25,DECISION,XRPUSDT,POSITION_LIMIT
2020-09-25,DECISION,ADAUSDT,POSITION_LIMIT
2020-09-25,DECISION,ATOMUSDT,POSITION_LIMIT
2020-09-26,DECISION,ETCUSDT,POSITION_LIMIT
2020-09-26,DECISION,XMRUSDT,POSITION_LIMIT
2020-09-26,DECISION,ETHUSDT,POSITION_LIMIT
2020-09-26,DECISION,LINKUSDT,POSITION_LIMIT
2020-09-26,DECISION,XRPUSDT,POSITION_LIMIT
2020-09-26,DECISION,LTCUSDT,POSITION_LIMIT
2020-09-26,DECISION,ADAUSDT,POSITION_LIMIT
2020-09-26,DECISION,ATOMUSDT,POSITION_LIMIT
2020-09-27,DECISION,BTCUSDT,POSITION_LIMIT
2020-09-27,DECISION,ADAUSDT,POSITION_LIMIT
2020-09-27,DECISION,ETCUSDT,POSITION_LIMIT
2020-09-27,DECISION,ETHUSDT,POSITION_LIMIT
2020-09-27,DECISION,LINKUSDT,POSITION_LIMIT
2020-09-27,DECISION,XRPUSDT,POSITION_LIMIT
2020-09-27,DECISION,LTCUSDT,POSITION_LIMIT
2020-09-27,DECISION,ATOMUSDT,POSITION_LIMIT
2020-09-28,DECISION,BTCUSDT,POSITION_LIMIT
2020-09-28,DECISION,ADAUSDT,POSITION_LIMIT
2020-09-28,DECISION,ETCUSDT,POSITION_LIMIT
2020-09-28,DECISION,ETHUSDT,POSITION_LIMIT
2020-09-28,DECISION,LINKUSDT,POSITION_LIMIT
2020-09-28,DECISION,XRPUSDT,POSITION_LIMIT
2020-09-28,DECISION,LTCUSDT,POSITION_LIMIT
2020-09-28,DECISION,ATOMUSDT,POSITION_LIMIT
2020-09-29,DECISION,BTCUSDT,POSITION_LIMIT
2020-09-29,DECISION,ADAUSDT,POSITION_LIMIT
2020-09-29,DECISION,ATOMUSDT,POSITION_LIMIT
2020-09-29,DECISION,ETCUSDT,POSITION_LIMIT
2020-09-29,DECISION,ETHUSDT,POSITION_LIMIT
2020-09-29,DECISION,LINKUSDT,POSITION_LIMIT
2020-09-29,DECISION,XRPUSDT,POSITION_LIMIT
2020-09-29,DECISION,LTCUSDT,POSITION_LIMIT
2020-09-29,DECISION,ZECUSDT,POSITION_LIMIT
2020-09-30,DECISION,BTCUSDT,POSITION_LIMIT
2020-09-30,DECISION,ADAUSDT,POSITION_LIMIT
2020-09-30,DECISION,ATOMUSDT,POSITION_LIMIT
2020-09-30,DECISION,ETCUSDT,POSITION_LIMIT
2020-09-30,DECISION,ETHUSDT,POSITION_LIMIT
2020-09-30,DECISION,LINKUSDT,POSITION_LIMIT
2020-09-30,DECISION,XRPUSDT,POSITION_LIMIT
2020-09-30,DECISION,LTCUSDT,POSITION_LIMIT
2020-09-30,DECISION,ZECUSDT,POSITION_LIMIT
2020-10-01,DECISION,BTCUSDT,POSITION_LIMIT
2020-10-01,DECISION,ADAUSDT,POSITION_LIMIT
2020-10-01,DECISION,ATOMUSDT,POSITION_LIMIT
2020-10-01,DECISION,ETHUSDT,POSITION_LIMIT
2020-10-01,DECISION,LINKUSDT,POSITION_LIMIT
2020-10-01,DECISION,XRPUSDT,POSITION_LIMIT
2020-10-01,DECISION,LTCUSDT,POSITION_LIMIT
2020-10-01,DECISION,ZECUSDT,POSITION_LIMIT
2020-10-01,DECISION,ETCUSDT,POSITION_LIMIT
2020-10-02,DECISION,BTCUSDT,POSITION_LIMIT
2020-10-02,DECISION,ATOMUSDT,POSITION_LIMIT
2020-10-02,DECISION,ETHUSDT,POSITION_LIMIT
2020-10-02,DECISION,LINKUSDT,POSITION_LIMIT
2020-10-02,DECISION,XRPUSDT,POSITION_LIMIT
2020-10-02,DECISION,LTCUSDT,POSITION_LIMIT
2020-10-02,DECISION,ADAUSDT,POSITION_LIMIT
2020-10-02,DECISION,ZECUSDT,POSITION_LIMIT
2020-10-02,DECISION,ETCUSDT,POSITION_LIMIT
2020-10-03,DECISION,BTCUSDT,POSITION_LIMIT
2020-10-03,DECISION,ATOMUSDT,POSITION_LIMIT
2020-10-03,DECISION,ETHUSDT,POSITION_LIMIT
2020-10-03,DECISION,LINKUSDT,POSITION_LIMIT
2020-10-03,DECISION,XRPUSDT,POSITION_LIMIT
2020-10-03,DECISION,LTCUSDT,POSITION_LIMIT
2020-10-03,DECISION,ADAUSDT,POSITION_LIMIT
2020-10-03,DECISION,ZECUSDT,POSITION_LIMIT
2020-10-03,DECISION,ETCUSDT,POSITION_LIMIT
2020-10-04,DECISION,BTCUSDT,POSITION_LIMIT
2020-10-04,DECISION,XRPUSDT,POSITION_LIMIT
2020-10-04,DECISION,LTCUSDT,POSITION_LIMIT
2020-10-04,DECISION,ATOMUSDT,POSITION_LIMIT
2020-10-04,DECISION,ETHUSDT,POSITION_LIMIT
2020-10-04,DECISION,LINKUSDT,POSITION_LIMIT
2020-10-04,DECISION,ADAUSDT,POSITION_LIMIT
2020-10-04,DECISION,ZECUSDT,POSITION_LIMIT
2020-10-04,DECISION,ETCUSDT,POSITION_LIMIT
2020-10-05,DECISION,ZECUSDT,POSITION_LIMIT
2020-10-05,DECISION,BTCUSDT,POSITION_LIMIT
2020-10-05,DECISION,XRPUSDT,POSITION_LIMIT
2020-10-05,DECISION,LTCUSDT,POSITION_LIMIT
2020-10-05,DECISION,ATOMUSDT,POSITION_LIMIT
2020-10-05,DECISION,ETHUSDT,POSITION_LIMIT
2020-10-05,DECISION,LINKUSDT,POSITION_LIMIT
2020-10-05,DECISION,ADAUSDT,POSITION_LIMIT
2020-10-05,DECISION,ETCUSDT,POSITION_LIMIT
2020-10-06,DECISION,BTCUSDT,POSITION_LIMIT
2020-10-06,DECISION,XRPUSDT,POSITION_LIMIT
2020-10-06,DECISION,NEOUSDT,POSITION_LIMIT
2020-10-06,DECISION,LTCUSDT,POSITION_LIMIT
2020-10-06,DECISION,ETHUSDT,POSITION_LIMIT
2020-10-06,DECISION,LINKUSDT,POSITION_LIMIT
2020-10-06,DECISION,EOSUSDT,POSITION_LIMIT
2020-10-06,DECISION,ADAUSDT,POSITION_LIMIT
2020-10-06,DECISION,ATOMUSDT,POSITION_LIMIT
2020-10-06,DECISION,ETCUSDT,POSITION_LIMIT
2020-10-07,DECISION,XRPUSDT,POSITION_LIMIT
2020-10-07,DECISION,NEOUSDT,POSITION_LIMIT
2020-10-07,DECISION,LTCUSDT,POSITION_LIMIT
2020-10-07,DECISION,ETHUSDT,POSITION_LIMIT
2020-10-07,DECISION,LINKUSDT,POSITION_LIMIT
2020-10-07,DECISION,EOSUSDT,POSITION_LIMIT
2020-10-07,DECISION,ADAUSDT,POSITION_LIMIT
2020-10-07,DECISION,ATOMUSDT,POSITION_LIMIT
2020-10-07,DECISION,ETCUSDT,POSITION_LIMIT
2020-10-08,DECISION,ZECUSDT,POSITION_LIMIT
2020-10-08,DECISION,NEOUSDT,POSITION_LIMIT
2020-10-08,DECISION,LTCUSDT,POSITION_LIMIT
2020-10-08,DECISION,ETHUSDT,POSITION_LIMIT
2020-10-08,DECISION,LINKUSDT,POSITION_LIMIT
2020-10-08,DECISION,BCHUSDT,POSITION_LIMIT
2020-10-08,DECISION,EOSUSDT,POSITION_LIMIT
2020-10-08,DECISION,ADAUSDT,POSITION_LIMIT
2020-10-08,DECISION,ATOMUSDT,POSITION_LIMIT
2020-10-08,DECISION,ETCUSDT,POSITION_LIMIT
2020-10-09,DECISION,TRXUSDT,POSITION_LIMIT
2020-10-09,DECISION,ZECUSDT,POSITION_LIMIT
2020-10-09,DECISION,ETHUSDT,POSITION_LIMIT
2020-10-09,DECISION,LINKUSDT,POSITION_LIMIT
2020-10-09,DECISION,NEOUSDT,POSITION_LIMIT
2020-10-09,DECISION,LTCUSDT,POSITION_LIMIT
2020-10-09,DECISION,EOSUSDT,POSITION_LIMIT
2020-10-09,DECISION,ADAUSDT,POSITION_LIMIT
2020-10-09,DECISION,ATOMUSDT,POSITION_LIMIT
2020-10-09,DECISION,ETCUSDT,POSITION_LIMIT
2020-10-09,DECISION,XLMUSDT,POSITION_LIMIT
2020-10-10,DECISION,TRXUSDT,POSITION_LIMIT
2020-10-10,DECISION,LTCUSDT,POSITION_LIMIT
2020-10-10,DECISION,ADAUSDT,POSITION_LIMIT
2020-10-10,DECISION,ATOMUSDT,POSITION_LIMIT
2020-10-10,DECISION,ZECUSDT,POSITION_LIMIT
2020-10-10,DECISION,ETHUSDT,POSITION_LIMIT
2020-10-10,DECISION,LINKUSDT,POSITION_LIMIT
2020-10-10,DECISION,NEOUSDT,POSITION_LIMIT
2020-10-10,DECISION,XLMUSDT,POSITION_LIMIT
2020-10-10,DECISION,EOSUSDT,POSITION_LIMIT
2020-10-10,DECISION,XTZUSDT,POSITION_LIMIT
2020-10-10,DECISION,ETCUSDT,POSITION_LIMIT
2020-10-11,DECISION,ETHUSDT,POSITION_LIMIT
2020-10-11,DECISION,LINKUSDT,POSITION_LIMIT
2020-10-11,DECISION,BCHUSDT,POSITION_LIMIT
2020-10-11,DECISION,TRXUSDT,POSITION_LIMIT
2020-10-11,DECISION,LTCUSDT,POSITION_LIMIT
2020-10-11,DECISION,ADAUSDT,POSITION_LIMIT
2020-10-11,DECISION,ZECUSDT,POSITION_LIMIT
2020-10-11,DECISION,NEOUSDT,POSITION_LIMIT
2020-10-11,DECISION,XTZUSDT,POSITION_LIMIT
2020-10-11,DECISION,ETCUSDT,POSITION_LIMIT
2020-10-11,DECISION,XLMUSDT,POSITION_LIMIT
2020-10-11,DECISION,EOSUSDT,POSITION_LIMIT
2020-10-12,DECISION,ETHUSDT,POSITION_LIMIT
2020-10-12,DECISION,LINKUSDT,POSITION_LIMIT
2020-10-12,DECISION,BCHUSDT,POSITION_LIMIT
2020-10-12,DECISION,TRXUSDT,POSITION_LIMIT
2020-10-12,DECISION,LTCUSDT,POSITION_LIMIT
2020-10-12,DECISION,ADAUSDT,POSITION_LIMIT
2020-10-12,DECISION,ZECUSDT,POSITION_LIMIT
2020-10-12,DECISION,ETCUSDT,POSITION_LIMIT
2020-10-12,DECISION,NEOUSDT,POSITION_LIMIT
2020-10-12,DECISION,XTZUSDT,POSITION_LIMIT
2020-10-12,DECISION,XLMUSDT,POSITION_LIMIT
2020-10-12,DECISION,EOSUSDT,POSITION_LIMIT
2020-10-13,DECISION,ETHUSDT,POSITION_LIMIT
2020-10-13,DECISION,LINKUSDT,POSITION_LIMIT
2020-10-13,DECISION,BCHUSDT,POSITION_LIMIT
2020-10-13,DECISION,TRXUSDT,POSITION_LIMIT
2020-10-13,DECISION,LTCUSDT,POSITION_LIMIT
2020-10-13,DECISION,ADAUSDT,POSITION_LIMIT
2020-10-13,DECISION,ZECUSDT,POSITION_LIMIT
2020-10-13,DECISION,ETCUSDT,POSITION_LIMIT
2020-10-13,DECISION,NEOUSDT,POSITION_LIMIT
2020-10-13,DECISION,XTZUSDT,POSITION_LIMIT
2020-10-13,DECISION,EOSUSDT,POSITION_LIMIT
2020-10-13,DECISION,ALGOUSDT,POSITION_LIMIT
2020-10-14,DECISION,LINKUSDT,POSITION_LIMIT
2020-10-14,DECISION,BCHUSDT,POSITION_LIMIT
2020-10-14,DECISION,XRPUSDT,POSITION_LIMIT
2020-10-14,DECISION,TRXUSDT,POSITION_LIMIT
2020-10-14,DECISION,ADAUSDT,POSITION_LIMIT
2020-10-14,DECISION,LTCUSDT,POSITION_LIMIT
2020-10-14,DECISION,ZECUSDT,POSITION_LIMIT
2020-10-14,DECISION,ETCUSDT,POSITION_LIMIT
2020-10-14,DECISION,NEOUSDT,POSITION_LIMIT
2020-10-14,DECISION,XTZUSDT,POSITION_LIMIT
2020-10-14,DECISION,ALGOUSDT,POSITION_LIMIT
2020-10-15,DECISION,LINKUSDT,POSITION_LIMIT
2020-10-15,DECISION,BCHUSDT,POSITION_LIMIT
2020-10-15,DECISION,XRPUSDT,POSITION_LIMIT
2020-10-15,DECISION,TRXUSDT,POSITION_LIMIT
2020-10-15,DECISION,ADAUSDT,POSITION_LIMIT
2020-10-15,DECISION,LTCUSDT,POSITION_LIMIT
2020-10-15,DECISION,ZECUSDT,POSITION_LIMIT
2020-10-15,DECISION,ETCUSDT,POSITION_LIMIT
2020-10-15,DECISION,NEOUSDT,POSITION_LIMIT
2020-10-15,DECISION,XTZUSDT,POSITION_LIMIT
2020-10-16,DECISION,ATOMUSDT,POSITION_LIMIT
2020-10-16,DECISION,ETHUSDT,POSITION_LIMIT
2020-10-16,DECISION,LINKUSDT,POSITION_LIMIT
2020-10-16,DECISION,XRPUSDT,POSITION_LIMIT
2020-10-16,DECISION,ADAUSDT,POSITION_LIMIT
2020-10-16,DECISION,LTCUSDT,POSITION_LIMIT
2020-10-16,DECISION,NEOUSDT,POSITION_LIMIT
2020-10-16,DECISION,ZECUSDT,POSITION_LIMIT
2020-10-16,DECISION,ETCUSDT,POSITION_LIMIT
2020-10-16,DECISION,XTZUSDT,POSITION_LIMIT
2020-10-17,DECISION,XLMUSDT,POSITION_LIMIT
2020-10-17,DECISION,ETHUSDT,POSITION_LIMIT
2020-10-17,DECISION,LINKUSDT,POSITION_LIMIT
2020-10-17,DECISION,XRPUSDT,POSITION_LIMIT
2020-10-17,DECISION,THETAUSDT,POSITION_LIMIT
2020-10-17,DECISION,ADAUSDT,POSITION_LIMIT
2020-10-17,DECISION,LTCUSDT,POSITION_LIMIT
2020-10-17,DECISION,NEOUSDT,POSITION_LIMIT
2020-10-17,DECISION,ZECUSDT,POSITION_LIMIT
2020-10-17,DECISION,ETCUSDT,POSITION_LIMIT
2020-10-17,DECISION,XTZUSDT,POSITION_LIMIT
2020-10-18,DECISION,XLMUSDT,POSITION_LIMIT
2020-10-18,DECISION,ETHUSDT,POSITION_LIMIT
2020-10-18,DECISION,LINKUSDT,POSITION_LIMIT
2020-10-18,DECISION,XRPUSDT,POSITION_LIMIT
2020-10-18,DECISION,THETAUSDT,POSITION_LIMIT
2020-10-18,DECISION,ADAUSDT,POSITION_LIMIT
2020-10-18,DECISION,LTCUSDT,POSITION_LIMIT
2020-10-18,DECISION,NEOUSDT,POSITION_LIMIT
2020-10-18,DECISION,ZECUSDT,POSITION_LIMIT
2020-10-18,DECISION,ETCUSDT,POSITION_LIMIT
2020-10-18,DECISION,XTZUSDT,POSITION_LIMIT
2020-10-18,DECISION,VETUSDT,POSITION_LIMIT
2020-10-19,DECISION,ATOMUSDT,POSITION_LIMIT
2020-10-19,DECISION,ETHUSDT,POSITION_LIMIT
2020-10-19,DECISION,LINKUSDT,POSITION_LIMIT
2020-10-19,DECISION,XRPUSDT,POSITION_LIMIT
2020-10-19,DECISION,THETAUSDT,POSITION_LIMIT
2020-10-19,DECISION,ADAUSDT,POSITION_LIMIT
2020-10-19,DECISION,LTCUSDT,POSITION_LIMIT
2020-10-19,DECISION,NEOUSDT,POSITION_LIMIT
2020-10-19,DECISION,ZECUSDT,POSITION_LIMIT
2020-10-19,DECISION,ETCUSDT,POSITION_LIMIT
2020-10-19,DECISION,XTZUSDT,POSITION_LIMIT
2020-10-19,DECISION,VETUSDT,POSITION_LIMIT
2020-10-20,DECISION,BCHUSDT,POSITION_LIMIT
2020-10-20,DECISION,XRPUSDT,POSITION_LIMIT
2020-10-20,DECISION,THETAUSDT,POSITION_LIMIT
2020-10-20,DECISION,NEOUSDT,POSITION_LIMIT
2020-10-20,DECISION,ATOMUSDT,POSITION_LIMIT
2020-10-20,DECISION,LINKUSDT,POSITION_LIMIT
2020-10-20,DECISION,ADAUSDT,POSITION_LIMIT
2020-10-20,DECISION,LTCUSDT,POSITION_LIMIT
2020-10-20,DECISION,VETUSDT,POSITION_LIMIT
2020-10-21,DECISION,TRXUSDT,POSITION_LIMIT
2020-10-21,DECISION,NEOUSDT,POSITION_LIMIT
2020-10-21,DECISION,BCHUSDT,POSITION_LIMIT
2020-10-21,DECISION,XRPUSDT,POSITION_LIMIT
2020-10-21,DECISION,THETAUSDT,POSITION_LIMIT
2020-10-21,DECISION,ATOMUSDT,POSITION_LIMIT
2020-10-21,DECISION,LINKUSDT,POSITION_LIMIT
2020-10-21,DECISION,ADAUSDT,POSITION_LIMIT
2020-10-21,DECISION,VETUSDT,POSITION_LIMIT
2020-10-22,DECISION,LINKUSDT,POSITION_LIMIT
2020-10-22,DECISION,BCHUSDT,POSITION_LIMIT
2020-10-22,DECISION,ADAUSDT,POSITION_LIMIT
2020-10-22,DECISION,NEOUSDT,POSITION_LIMIT
2020-10-22,DECISION,ETCUSDT,POSITION_LIMIT
2020-10-22,DECISION,XLMUSDT,POSITION_LIMIT
2020-10-22,DECISION,TRXUSDT,POSITION_LIMIT
2020-10-22,DECISION,THETAUSDT,POSITION_LIMIT
2020-10-22,DECISION,ATOMUSDT,POSITION_LIMIT
2020-10-22,DECISION,VETUSDT,POSITION_LIMIT
2020-10-22,DECISION,EOSUSDT,POSITION_LIMIT
2020-10-23,DECISION,LINKUSDT,POSITION_LIMIT
2020-10-23,DECISION,BCHUSDT,POSITION_LIMIT
2020-10-23,DECISION,ADAUSDT,POSITION_LIMIT
2020-10-23,DECISION,NEOUSDT,POSITION_LIMIT
2020-10-23,DECISION,ETCUSDT,POSITION_LIMIT
2020-10-23,DECISION,XLMUSDT,POSITION_LIMIT
2020-10-23,DECISION,TRXUSDT,POSITION_LIMIT
2020-10-23,DECISION,THETAUSDT,POSITION_LIMIT
2020-10-23,DECISION,ATOMUSDT,POSITION_LIMIT
2020-10-23,DECISION,VETUSDT,POSITION_LIMIT
2020-10-23,DECISION,EOSUSDT,POSITION_LIMIT
2020-10-24,DECISION,LINKUSDT,POSITION_LIMIT
2020-10-24,DECISION,BCHUSDT,POSITION_LIMIT
2020-10-24,DECISION,ADAUSDT,POSITION_LIMIT
2020-10-24,DECISION,NEOUSDT,POSITION_LIMIT
2020-10-24,DECISION,ETCUSDT,POSITION_LIMIT
2020-10-24,DECISION,XLMUSDT,POSITION_LIMIT
2020-10-24,DECISION,TRXUSDT,POSITION_LIMIT
2020-10-24,DECISION,THETAUSDT,POSITION_LIMIT
2020-10-24,DECISION,ATOMUSDT,POSITION_LIMIT
2020-10-24,DECISION,VETUSDT,POSITION_LIMIT
2020-10-24,DECISION,EOSUSDT,POSITION_LIMIT
2020-10-25,DECISION,LINKUSDT,POSITION_LIMIT
2020-10-25,DECISION,BCHUSDT,POSITION_LIMIT
2020-10-25,DECISION,ADAUSDT,POSITION_LIMIT
2020-10-25,DECISION,NEOUSDT,POSITION_LIMIT
2020-10-25,DECISION,ETCUSDT,POSITION_LIMIT
2020-10-25,DECISION,XLMUSDT,POSITION_LIMIT
2020-10-25,DECISION,EOSUSDT,POSITION_LIMIT
2020-10-25,DECISION,TRXUSDT,POSITION_LIMIT
2020-10-25,DECISION,THETAUSDT,POSITION_LIMIT
2020-10-25,DECISION,ATOMUSDT,POSITION_LIMIT
2020-10-25,DECISION,VETUSDT,POSITION_LIMIT
2020-10-26,DECISION,BCHUSDT,POSITION_LIMIT
2020-10-26,DECISION,XRPUSDT,POSITION_LIMIT
2020-10-26,DECISION,ETCUSDT,POSITION_LIMIT
2020-10-26,DECISION,ADAUSDT,POSITION_LIMIT
2020-10-26,DECISION,EOSUSDT,POSITION_LIMIT
2020-10-26,DECISION,TRXUSDT,POSITION_LIMIT
2020-10-26,DECISION,NEOUSDT,POSITION_LIMIT
2020-10-26,DECISION,XLMUSDT,POSITION_LIMIT
2020-10-26,DECISION,THETAUSDT,POSITION_LIMIT
2020-10-26,DECISION,ATOMUSDT,POSITION_LIMIT
2020-10-26,DECISION,VETUSDT,POSITION_LIMIT
2020-10-27,DECISION,BCHUSDT,POSITION_LIMIT
2020-10-27,DECISION,XRPUSDT,POSITION_LIMIT
2020-10-27,DECISION,ETCUSDT,POSITION_LIMIT
2020-10-27,DECISION,ADAUSDT,POSITION_LIMIT
2020-10-27,DECISION,EOSUSDT,POSITION_LIMIT
2020-10-27,DECISION,TRXUSDT,POSITION_LIMIT
2020-10-27,DECISION,NEOUSDT,POSITION_LIMIT
2020-10-27,DECISION,THETAUSDT,POSITION_LIMIT
2020-10-27,DECISION,ATOMUSDT,POSITION_LIMIT
2020-10-27,DECISION,COMPUSDT,POSITION_LIMIT
2020-10-27,DECISION,VETUSDT,POSITION_LIMIT
2020-10-28,DECISION,XRPUSDT,POSITION_LIMIT
2020-10-28,DECISION,LINKUSDT,POSITION_LIMIT
2020-10-28,DECISION,EOSUSDT,POSITION_LIMIT
2020-10-28,DECISION,TRXUSDT,POSITION_LIMIT
2020-10-28,DECISION,ETCUSDT,POSITION_LIMIT
2020-10-28,DECISION,THETAUSDT,POSITION_LIMIT
2020-10-28,DECISION,ADAUSDT,POSITION_LIMIT
2020-10-28,DECISION,ATOMUSDT,POSITION_LIMIT
2020-10-28,DECISION,NEOUSDT,POSITION_LIMIT
2020-10-28,DECISION,COMPUSDT,POSITION_LIMIT
2020-10-29,DECISION,LINKUSDT,POSITION_LIMIT
2020-10-29,DECISION,XRPUSDT,POSITION_LIMIT
2020-10-29,DECISION,EOSUSDT,POSITION_LIMIT
2020-10-29,DECISION,TRXUSDT,POSITION_LIMIT
2020-10-29,DECISION,ETCUSDT,POSITION_LIMIT
2020-10-29,DECISION,ADAUSDT,POSITION_LIMIT
2020-10-29,DECISION,THETAUSDT,POSITION_LIMIT
2020-10-29,DECISION,ATOMUSDT,POSITION_LIMIT
2020-10-29,DECISION,NEOUSDT,POSITION_LIMIT
2020-10-30,DECISION,LINKUSDT,POSITION_LIMIT
2020-10-30,DECISION,TRXUSDT,POSITION_LIMIT
2020-10-30,DECISION,ETCUSDT,POSITION_LIMIT
2020-10-30,DECISION,XRPUSDT,POSITION_LIMIT
2020-10-30,DECISION,THETAUSDT,POSITION_LIMIT
2020-10-30,DECISION,ATOMUSDT,POSITION_LIMIT
2020-10-31,DECISION,LINKUSDT,POSITION_LIMIT
2020-10-31,DECISION,TRXUSDT,POSITION_LIMIT
2020-10-31,DECISION,ETCUSDT,POSITION_LIMIT
2020-10-31,DECISION,XRPUSDT,POSITION_LIMIT
2020-10-31,DECISION,THETAUSDT,POSITION_LIMIT
2020-10-31,DECISION,ATOMUSDT,POSITION_LIMIT
2020-11-01,DECISION,LINKUSDT,POSITION_LIMIT
2020-11-01,DECISION,TRXUSDT,POSITION_LIMIT
2020-11-01,DECISION,ETCUSDT,POSITION_LIMIT
2020-11-01,DECISION,XRPUSDT,POSITION_LIMIT
2020-11-01,DECISION,THETAUSDT,POSITION_LIMIT
2020-11-01,DECISION,ATOMUSDT,POSITION_LIMIT
2020-11-02,DECISION,BCHUSDT,POSITION_LIMIT
2020-11-02,DECISION,XRPUSDT,POSITION_LIMIT
2020-11-02,DECISION,TRXUSDT,POSITION_LIMIT
2020-11-02,DECISION,THETAUSDT,POSITION_LIMIT
2020-11-02,DECISION,ATOMUSDT,POSITION_LIMIT
2020-11-03,DECISION,BNBUSDT,POSITION_LIMIT
2020-11-03,DECISION,XRPUSDT,POSITION_LIMIT
2020-11-03,DECISION,TRXUSDT,POSITION_LIMIT
2020-11-03,DECISION,THETAUSDT,POSITION_LIMIT
2020-11-03,DECISION,ATOMUSDT,POSITION_LIMIT
2020-11-04,DECISION,XRPUSDT,POSITION_LIMIT
2020-11-04,DECISION,TRXUSDT,POSITION_LIMIT
2020-11-04,DECISION,THETAUSDT,POSITION_LIMIT
2020-11-04,DECISION,ATOMUSDT,POSITION_LIMIT
2020-11-05,DECISION,XRPUSDT,POSITION_LIMIT
2020-11-05,DECISION,TRXUSDT,POSITION_LIMIT
2020-11-05,DECISION,THETAUSDT,POSITION_LIMIT
2020-11-05,DECISION,ATOMUSDT,POSITION_LIMIT
2020-11-06,DECISION,BNBUSDT,POSITION_LIMIT
2020-11-06,DECISION,THETAUSDT,POSITION_LIMIT
2020-11-06,DECISION,ADAUSDT,POSITION_LIMIT
2020-11-06,DECISION,TRXUSDT,POSITION_LIMIT
2020-11-06,DECISION,ZECUSDT,POSITION_LIMIT
2020-11-06,DECISION,XTZUSDT,POSITION_LIMIT
2020-11-06,DECISION,ATOMUSDT,POSITION_LIMIT
2020-11-06,DECISION,OMGUSDT,POSITION_LIMIT
2020-11-07,DECISION,BNBUSDT,POSITION_LIMIT
2020-11-07,DECISION,THETAUSDT,POSITION_LIMIT
2020-11-07,DECISION,ADAUSDT,POSITION_LIMIT
2020-11-07,DECISION,TRXUSDT,POSITION_LIMIT
2020-11-07,DECISION,ZECUSDT,POSITION_LIMIT
2020-11-07,DECISION,XTZUSDT,POSITION_LIMIT
2020-11-07,DECISION,ATOMUSDT,POSITION_LIMIT
2020-11-07,DECISION,OMGUSDT,POSITION_LIMIT
2020-11-08,DECISION,BNBUSDT,POSITION_LIMIT
2020-11-08,DECISION,THETAUSDT,POSITION_LIMIT
2020-11-08,DECISION,BCHUSDT,POSITION_LIMIT
2020-11-08,DECISION,ADAUSDT,POSITION_LIMIT
2020-11-08,DECISION,TRXUSDT,POSITION_LIMIT
2020-11-08,DECISION,ZECUSDT,POSITION_LIMIT
2020-11-08,DECISION,XTZUSDT,POSITION_LIMIT
2020-11-08,DECISION,ATOMUSDT,POSITION_LIMIT
2020-11-08,DECISION,COMPUSDT,POSITION_LIMIT
2020-11-08,DECISION,OMGUSDT,POSITION_LIMIT
2020-11-09,DECISION,BNBUSDT,POSITION_LIMIT
2020-11-09,DECISION,THETAUSDT,POSITION_LIMIT
2020-11-09,DECISION,ATOMUSDT,POSITION_LIMIT
2020-11-09,DECISION,BCHUSDT,POSITION_LIMIT
2020-11-09,DECISION,ADAUSDT,POSITION_LIMIT
2020-11-09,DECISION,TRXUSDT,POSITION_LIMIT
2020-11-09,DECISION,ZECUSDT,POSITION_LIMIT
2020-11-09,DECISION,XTZUSDT,POSITION_LIMIT
2020-11-09,DECISION,COMPUSDT,POSITION_LIMIT
2020-11-09,DECISION,OMGUSDT,POSITION_LIMIT
2020-11-10,DECISION,BNBUSDT,POSITION_LIMIT
2020-11-10,DECISION,THETAUSDT,POSITION_LIMIT
2020-11-10,DECISION,ATOMUSDT,POSITION_LIMIT
2020-11-10,DECISION,BCHUSDT,POSITION_LIMIT
2020-11-10,DECISION,ADAUSDT,POSITION_LIMIT
2020-11-10,DECISION,TRXUSDT,POSITION_LIMIT
2020-11-10,DECISION,ZECUSDT,POSITION_LIMIT
2020-11-10,DECISION,XTZUSDT,POSITION_LIMIT
2020-11-10,DECISION,COMPUSDT,POSITION_LIMIT
2020-11-10,DECISION,OMGUSDT,POSITION_LIMIT
2020-11-10,DECISION,VETUSDT,POSITION_LIMIT
2020-11-11,DECISION,BNBUSDT,POSITION_LIMIT
2020-11-11,DECISION,ATOMUSDT,POSITION_LIMIT
2020-11-11,DECISION,BCHUSDT,POSITION_LIMIT
2020-11-11,DECISION,ADAUSDT,POSITION_LIMIT
2020-11-11,DECISION,TRXUSDT,POSITION_LIMIT
2020-11-11,DECISION,ZECUSDT,POSITION_LIMIT
2020-11-11,DECISION,XTZUSDT,POSITION_LIMIT
2020-11-11,DECISION,THETAUSDT,POSITION_LIMIT
2020-11-11,DECISION,COMPUSDT,POSITION_LIMIT
2020-11-11,DECISION,OMGUSDT,POSITION_LIMIT
2020-11-11,DECISION,VETUSDT,POSITION_LIMIT
2020-11-12,DECISION,BNBUSDT,POSITION_LIMIT
2020-11-12,DECISION,ATOMUSDT,POSITION_LIMIT
2020-11-12,DECISION,BCHUSDT,POSITION_LIMIT
2020-11-12,DECISION,ADAUSDT,POSITION_LIMIT
2020-11-12,DECISION,TRXUSDT,POSITION_LIMIT
2020-11-12,DECISION,ZECUSDT,POSITION_LIMIT
2020-11-12,DECISION,XTZUSDT,POSITION_LIMIT
2020-11-12,DECISION,THETAUSDT,POSITION_LIMIT
2020-11-12,DECISION,COMPUSDT,POSITION_LIMIT
2020-11-12,DECISION,OMGUSDT,POSITION_LIMIT
2020-11-12,DECISION,VETUSDT,POSITION_LIMIT
2020-11-13,DECISION,OMGUSDT,POSITION_LIMIT
2020-11-13,DECISION,COMPUSDT,POSITION_LIMIT
2020-11-13,DECISION,BNBUSDT,POSITION_LIMIT
2020-11-13,DECISION,ZECUSDT,POSITION_LIMIT
2020-11-13,DECISION,ATOMUSDT,POSITION_LIMIT
2020-11-13,DECISION,BCHUSDT,POSITION_LIMIT
2020-11-13,DECISION,ADAUSDT,POSITION_LIMIT
2020-11-13,DECISION,EOSUSDT,POSITION_LIMIT
2020-11-13,DECISION,TRXUSDT,POSITION_LIMIT
2020-11-13,DECISION,XTZUSDT,POSITION_LIMIT
2020-11-13,DECISION,THETAUSDT,POSITION_LIMIT
2020-11-13,DECISION,NEOUSDT,POSITION_LIMIT
2020-11-13,DECISION,VETUSDT,POSITION_LIMIT
2020-11-14,DECISION,OMGUSDT,POSITION_LIMIT
2020-11-14,DECISION,COMPUSDT,POSITION_LIMIT
2020-11-14,DECISION,BNBUSDT,POSITION_LIMIT
2020-11-14,DECISION,ZECUSDT,POSITION_LIMIT
2020-11-14,DECISION,ATOMUSDT,POSITION_LIMIT
2020-11-14,DECISION,EOSUSDT,POSITION_LIMIT
2020-11-14,DECISION,TRXUSDT,POSITION_LIMIT
2020-11-14,DECISION,XTZUSDT,POSITION_LIMIT
2020-11-14,DECISION,THETAUSDT,POSITION_LIMIT
2020-11-14,DECISION,NEOUSDT,POSITION_LIMIT
2020-11-14,DECISION,VETUSDT,POSITION_LIMIT
2020-11-15,DECISION,COMPUSDT,POSITION_LIMIT
2020-11-15,DECISION,OMGUSDT,POSITION_LIMIT
2020-11-15,DECISION,BNBUSDT,POSITION_LIMIT
2020-11-15,DECISION,ZECUSDT,POSITION_LIMIT
2020-11-15,DECISION,EOSUSDT,POSITION_LIMIT
2020-11-15,DECISION,TRXUSDT,POSITION_LIMIT
2020-11-15,DECISION,THETAUSDT,POSITION_LIMIT
2020-11-15,DECISION,ATOMUSDT,POSITION_LIMIT
2020-11-15,DECISION,VETUSDT,POSITION_LIMIT
2020-11-16,DECISION,COMPUSDT,POSITION_LIMIT
2020-11-16,DECISION,OMGUSDT,POSITION_LIMIT
2020-11-16,DECISION,BNBUSDT,POSITION_LIMIT
2020-11-16,DECISION,ZECUSDT,POSITION_LIMIT
2020-11-16,DECISION,EOSUSDT,POSITION_LIMIT
2020-11-16,DECISION,TRXUSDT,POSITION_LIMIT
2020-11-16,DECISION,THETAUSDT,POSITION_LIMIT
2020-11-16,DECISION,ETCUSDT,POSITION_LIMIT
2020-11-16,DECISION,ATOMUSDT,POSITION_LIMIT
2020-11-16,DECISION,VETUSDT,POSITION_LIMIT
2020-11-17,DECISION,EOSUSDT,POSITION_LIMIT
2020-11-17,DECISION,XMRUSDT,POSITION_LIMIT
2020-11-17,DECISION,COMPUSDT,POSITION_LIMIT
2020-11-17,DECISION,BNBUSDT,POSITION_LIMIT
2020-11-17,DECISION,ZECUSDT,POSITION_LIMIT
2020-11-17,DECISION,OMGUSDT,POSITION_LIMIT
2020-11-17,DECISION,ATOMUSDT,POSITION_LIMIT
2020-11-17,DECISION,ADAUSDT,POSITION_LIMIT
2020-11-17,DECISION,SXPUSDT,POSITION_LIMIT
2020-11-17,DECISION,TRXUSDT,POSITION_LIMIT
2020-11-17,DECISION,NEOUSDT,POSITION_LIMIT
2020-11-17,DECISION,THETAUSDT,POSITION_LIMIT
2020-11-18,DECISION,EOSUSDT,POSITION_LIMIT
2020-11-18,DECISION,XMRUSDT,POSITION_LIMIT
2020-11-18,DECISION,BNBUSDT,POSITION_LIMIT
2020-11-18,DECISION,TRXUSDT,POSITION_LIMIT
2020-11-18,DECISION,ZECUSDT,POSITION_LIMIT
2020-11-18,DECISION,COMPUSDT,POSITION_LIMIT
2020-11-18,DECISION,OMGUSDT,POSITION_LIMIT
2020-11-18,DECISION,ATOMUSDT,POSITION_LIMIT
2020-11-18,DECISION,ADAUSDT,POSITION_LIMIT
2020-11-18,DECISION,SXPUSDT,POSITION_LIMIT
2020-11-18,DECISION,NEOUSDT,POSITION_LIMIT
2020-11-18,DECISION,THETAUSDT,POSITION_LIMIT
2020-11-19,DECISION,EOSUSDT,POSITION_LIMIT
2020-11-19,DECISION,XMRUSDT,POSITION_LIMIT
2020-11-19,DECISION,BNBUSDT,POSITION_LIMIT
2020-11-19,DECISION,TRXUSDT,POSITION_LIMIT
2020-11-19,DECISION,ZECUSDT,POSITION_LIMIT
2020-11-19,DECISION,COMPUSDT,POSITION_LIMIT
2020-11-19,DECISION,ATOMUSDT,POSITION_LIMIT
2020-11-19,DECISION,ADAUSDT,POSITION_LIMIT
2020-11-19,DECISION,SXPUSDT,POSITION_LIMIT
2020-11-19,DECISION,OMGUSDT,POSITION_LIMIT
2020-11-19,DECISION,NEOUSDT,POSITION_LIMIT
2020-11-19,DECISION,THETAUSDT,POSITION_LIMIT
2020-11-20,DECISION,EOSUSDT,POSITION_LIMIT
2020-11-20,DECISION,ETCUSDT,POSITION_LIMIT
2020-11-20,DECISION,XMRUSDT,POSITION_LIMIT
2020-11-20,DECISION,BNBUSDT,POSITION_LIMIT
2020-11-20,DECISION,TRXUSDT,POSITION_LIMIT
2020-11-20,DECISION,ZECUSDT,POSITION_LIMIT
2020-11-20,DECISION,COMPUSDT,POSITION_LIMIT
2020-11-20,DECISION,ATOMUSDT,POSITION_LIMIT
2020-11-20,DECISION,SXPUSDT,POSITION_LIMIT
2020-11-20,DECISION,OMGUSDT,POSITION_LIMIT
2020-11-20,DECISION,NEOUSDT,POSITION_LIMIT
2020-11-20,DECISION,BCHUSDT,POSITION_LIMIT
2020-11-20,DECISION,THETAUSDT,POSITION_LIMIT
2020-11-21,DECISION,BCHUSDT,POSITION_LIMIT
2020-11-21,DECISION,ADAUSDT,POSITION_LIMIT
2020-11-21,DECISION,EOSUSDT,POSITION_LIMIT
2020-11-21,DECISION,XMRUSDT,POSITION_LIMIT
2020-11-21,DECISION,ETCUSDT,POSITION_LIMIT
2020-11-21,DECISION,OMGUSDT,POSITION_LIMIT
2020-11-21,DECISION,BNBUSDT,POSITION_LIMIT
2020-11-21,DECISION,COMPUSDT,POSITION_LIMIT
2020-11-21,DECISION,ATOMUSDT,POSITION_LIMIT
2020-11-21,DECISION,ZECUSDT,POSITION_LIMIT
2020-11-21,DECISION,XTZUSDT,POSITION_LIMIT
2020-11-21,DECISION,THETAUSDT,POSITION_LIMIT
2020-11-21,DECISION,SXPUSDT,POSITION_LIMIT
2020-11-21,DECISION,NEOUSDT,POSITION_LIMIT
2020-11-22,DECISION,TRXUSDT,POSITION_LIMIT
2020-11-22,DECISION,BCHUSDT,POSITION_LIMIT
2020-11-22,DECISION,EOSUSDT,POSITION_LIMIT
2020-11-22,DECISION,XMRUSDT,POSITION_LIMIT
2020-11-22,DECISION,ETCUSDT,POSITION_LIMIT
2020-11-22,DECISION,OMGUSDT,POSITION_LIMIT
2020-11-22,DECISION,BNBUSDT,POSITION_LIMIT
2020-11-22,DECISION,COMPUSDT,POSITION_LIMIT
2020-11-22,DECISION,ATOMUSDT,POSITION_LIMIT
2020-11-22,DECISION,ZECUSDT,POSITION_LIMIT
2020-11-22,DECISION,XTZUSDT,POSITION_LIMIT
2020-11-22,DECISION,THETAUSDT,POSITION_LIMIT
2020-11-22,DECISION,SXPUSDT,POSITION_LIMIT
2020-11-22,DECISION,NEOUSDT,POSITION_LIMIT
2020-11-23,DECISION,LINKUSDT,POSITION_LIMIT
2020-11-23,DECISION,TRXUSDT,POSITION_LIMIT
2020-11-23,DECISION,EOSUSDT,POSITION_LIMIT
2020-11-23,DECISION,XMRUSDT,POSITION_LIMIT
2020-11-23,DECISION,ZECUSDT,POSITION_LIMIT
2020-11-23,DECISION,XTZUSDT,POSITION_LIMIT
2020-11-23,DECISION,ETCUSDT,POSITION_LIMIT
2020-11-23,DECISION,OMGUSDT,POSITION_LIMIT
2020-11-23,DECISION,BNBUSDT,POSITION_LIMIT
2020-11-23,DECISION,COMPUSDT,POSITION_LIMIT
2020-11-23,DECISION,ATOMUSDT,POSITION_LIMIT
2020-11-23,DECISION,NEOUSDT,POSITION_LIMIT
2020-11-23,DECISION,SXPUSDT,POSITION_LIMIT
2020-11-23,DECISION,THETAUSDT,POSITION_LIMIT
2020-11-24,DECISION,ADAUSDT,POSITION_LIMIT
2020-11-24,DECISION,XMRUSDT,POSITION_LIMIT
2020-11-24,DECISION,LINKUSDT,POSITION_LIMIT
2020-11-24,DECISION,TRXUSDT,POSITION_LIMIT
2020-11-24,DECISION,ZECUSDT,POSITION_LIMIT
2020-11-24,DECISION,EOSUSDT,POSITION_LIMIT
2020-11-24,DECISION,XTZUSDT,POSITION_LIMIT
2020-11-24,DECISION,ETCUSDT,POSITION_LIMIT
2020-11-24,DECISION,OMGUSDT,POSITION_LIMIT
2020-11-24,DECISION,COMPUSDT,POSITION_LIMIT
2020-11-24,DECISION,NEOUSDT,POSITION_LIMIT
2020-11-24,DECISION,SXPUSDT,POSITION_LIMIT
2020-11-24,DECISION,KAVAUSDT,POSITION_LIMIT
2020-11-24,DECISION,THETAUSDT,POSITION_LIMIT
2020-11-25,DECISION,XMRUSDT,POSITION_LIMIT
2020-11-25,DECISION,LINKUSDT,POSITION_LIMIT
2020-11-25,DECISION,LTCUSDT,POSITION_LIMIT
2020-11-25,DECISION,TRXUSDT,POSITION_LIMIT
2020-11-25,DECISION,ZECUSDT,POSITION_LIMIT
2020-11-25,DECISION,EOSUSDT,POSITION_LIMIT
2020-11-25,DECISION,BANDUSDT,POSITION_LIMIT
2020-11-25,DECISION,XTZUSDT,POSITION_LIMIT
2020-11-25,DECISION,ETCUSDT,POSITION_LIMIT
2020-11-25,DECISION,OMGUSDT,POSITION_LIMIT
2020-11-25,DECISION,COMPUSDT,POSITION_LIMIT
2020-11-25,DECISION,NEOUSDT,POSITION_LIMIT
2020-11-25,DECISION,SXPUSDT,POSITION_LIMIT
2020-11-25,DECISION,KAVAUSDT,POSITION_LIMIT
2020-11-26,DECISION,TRXUSDT,POSITION_LIMIT
2020-11-26,DECISION,XMRUSDT,POSITION_LIMIT
2020-11-26,DECISION,ZECUSDT,POSITION_LIMIT
2020-11-26,DECISION,LTCUSDT,POSITION_LIMIT
2020-11-26,DECISION,ETCUSDT,POSITION_LIMIT
2020-11-26,DECISION,LINKUSDT,POSITION_LIMIT
2020-11-26,DECISION,EOSUSDT,POSITION_LIMIT
2020-11-26,DECISION,BANDUSDT,POSITION_LIMIT
2020-11-26,DECISION,XTZUSDT,POSITION_LIMIT
2020-11-26,DECISION,OMGUSDT,POSITION_LIMIT
2020-11-26,DECISION,NEOUSDT,POSITION_LIMIT
2020-11-26,DECISION,COMPUSDT,POSITION_LIMIT
2020-11-26,DECISION,SXPUSDT,POSITION_LIMIT
2020-11-26,DECISION,KAVAUSDT,POSITION_LIMIT
2020-11-27,DECISION,ZECUSDT,POSITION_LIMIT
2020-11-27,DECISION,BTCUSDT,POSITION_LIMIT
2020-11-27,DECISION,LTCUSDT,POSITION_LIMIT
2020-11-27,DECISION,XMRUSDT,POSITION_LIMIT
2020-11-27,DECISION,ETCUSDT,POSITION_LIMIT
2020-11-27,DECISION,LINKUSDT,POSITION_LIMIT
2020-11-27,DECISION,EOSUSDT,POSITION_LIMIT
2020-11-27,DECISION,XTZUSDT,POSITION_LIMIT
2020-11-27,DECISION,OMGUSDT,POSITION_LIMIT
2020-11-27,DECISION,BANDUSDT,POSITION_LIMIT
2020-11-27,DECISION,NEOUSDT,POSITION_LIMIT
2020-11-27,DECISION,COMPUSDT,POSITION_LIMIT
2020-11-27,DECISION,SXPUSDT,POSITION_LIMIT
2020-11-27,DECISION,KAVAUSDT,POSITION_LIMIT
2020-11-28,DECISION,ZECUSDT,POSITION_LIMIT
2020-11-28,DECISION,BTCUSDT,POSITION_LIMIT
2020-11-28,DECISION,LTCUSDT,POSITION_LIMIT
2020-11-28,DECISION,XMRUSDT,POSITION_LIMIT
2020-11-28,DECISION,ETCUSDT,POSITION_LIMIT
2020-11-28,DECISION,LINKUSDT,POSITION_LIMIT
2020-11-28,DECISION,EOSUSDT,POSITION_LIMIT
2020-11-28,DECISION,XTZUSDT,POSITION_LIMIT
2020-11-28,DECISION,OMGUSDT,POSITION_LIMIT
2020-11-28,DECISION,BANDUSDT,POSITION_LIMIT
2020-11-28,DECISION,NEOUSDT,POSITION_LIMIT
2020-11-28,DECISION,COMPUSDT,POSITION_LIMIT
2020-11-28,DECISION,SXPUSDT,POSITION_LIMIT
2020-11-28,DECISION,KAVAUSDT,POSITION_LIMIT
2020-11-29,DECISION,ZECUSDT,POSITION_LIMIT
2020-11-29,DECISION,BTCUSDT,POSITION_LIMIT
2020-11-29,DECISION,LTCUSDT,POSITION_LIMIT
2020-11-29,DECISION,ETCUSDT,POSITION_LIMIT
2020-11-29,DECISION,XMRUSDT,POSITION_LIMIT
2020-11-29,DECISION,LINKUSDT,POSITION_LIMIT
2020-11-29,DECISION,EOSUSDT,POSITION_LIMIT
2020-11-29,DECISION,XTZUSDT,POSITION_LIMIT
2020-11-29,DECISION,OMGUSDT,POSITION_LIMIT
2020-11-29,DECISION,BANDUSDT,POSITION_LIMIT
2020-11-29,DECISION,NEOUSDT,POSITION_LIMIT
2020-11-29,DECISION,COMPUSDT,POSITION_LIMIT
2020-11-29,DECISION,SXPUSDT,POSITION_LIMIT
2020-11-29,DECISION,KAVAUSDT,POSITION_LIMIT
2020-11-30,DECISION,TRXUSDT,POSITION_LIMIT
2020-11-30,DECISION,ZECUSDT,POSITION_LIMIT
2020-11-30,DECISION,LTCUSDT,POSITION_LIMIT
2020-11-30,DECISION,ETCUSDT,POSITION_LIMIT
2020-11-30,DECISION,XMRUSDT,POSITION_LIMIT
2020-11-30,DECISION,VETUSDT,POSITION_LIMIT
2020-11-30,DECISION,LINKUSDT,POSITION_LIMIT
2020-11-30,DECISION,EOSUSDT,POSITION_LIMIT
2020-11-30,DECISION,XTZUSDT,POSITION_LIMIT
2020-11-30,DECISION,OMGUSDT,POSITION_LIMIT
2020-11-30,DECISION,BANDUSDT,POSITION_LIMIT
2020-11-30,DECISION,COMPUSDT,POSITION_LIMIT
2020-11-30,DECISION,SXPUSDT,POSITION_LIMIT
2020-11-30,DECISION,KAVAUSDT,POSITION_LIMIT
2020-12-01,DECISION,TRXUSDT,POSITION_LIMIT
2020-12-01,DECISION,ZECUSDT,POSITION_LIMIT
2020-12-01,DECISION,LTCUSDT,POSITION_LIMIT
2020-12-01,DECISION,ETCUSDT,POSITION_LIMIT
2020-12-01,DECISION,XMRUSDT,POSITION_LIMIT
2020-12-01,DECISION,VETUSDT,POSITION_LIMIT
2020-12-01,DECISION,LINKUSDT,POSITION_LIMIT
2020-12-01,DECISION,EOSUSDT,POSITION_LIMIT
2020-12-01,DECISION,XTZUSDT,POSITION_LIMIT
2020-12-01,DECISION,OMGUSDT,POSITION_LIMIT
2020-12-01,DECISION,BANDUSDT,POSITION_LIMIT
2020-12-01,DECISION,COMPUSDT,POSITION_LIMIT
2020-12-01,DECISION,KAVAUSDT,POSITION_LIMIT
2020-12-02,DECISION,TRXUSDT,POSITION_LIMIT
2020-12-02,DECISION,ZECUSDT,POSITION_LIMIT
2020-12-02,DECISION,LTCUSDT,POSITION_LIMIT
2020-12-02,DECISION,ETCUSDT,POSITION_LIMIT
2020-12-02,DECISION,XMRUSDT,POSITION_LIMIT
2020-12-02,DECISION,VETUSDT,POSITION_LIMIT
2020-12-02,DECISION,LINKUSDT,POSITION_LIMIT
2020-12-02,DECISION,EOSUSDT,POSITION_LIMIT
2020-12-02,DECISION,XTZUSDT,POSITION_LIMIT
2020-12-02,DECISION,OMGUSDT,POSITION_LIMIT
2020-12-02,DECISION,BANDUSDT,POSITION_LIMIT
2020-12-02,DECISION,COMPUSDT,POSITION_LIMIT
2020-12-02,DECISION,KAVAUSDT,POSITION_LIMIT
2020-12-03,DECISION,BNBUSDT,POSITION_LIMIT
2020-12-03,DECISION,TRXUSDT,POSITION_LIMIT
2020-12-03,DECISION,ZECUSDT,POSITION_LIMIT
2020-12-03,DECISION,LTCUSDT,POSITION_LIMIT
2020-12-03,DECISION,ETCUSDT,POSITION_LIMIT
2020-12-03,DECISION,XMRUSDT,POSITION_LIMIT
2020-12-03,DECISION,VETUSDT,POSITION_LIMIT
2020-12-03,DECISION,LINKUSDT,POSITION_LIMIT
2020-12-03,DECISION,EOSUSDT,POSITION_LIMIT
2020-12-03,DECISION,XTZUSDT,POSITION_LIMIT
2020-12-03,DECISION,COMPUSDT,POSITION_LIMIT
2020-12-03,DECISION,OMGUSDT,POSITION_LIMIT
2020-12-03,DECISION,BANDUSDT,POSITION_LIMIT
2020-12-04,DECISION,LTCUSDT,POSITION_LIMIT
2020-12-04,DECISION,TRXUSDT,POSITION_LIMIT
2020-12-04,DECISION,XLMUSDT,POSITION_LIMIT
2020-12-04,DECISION,VETUSDT,POSITION_LIMIT
2020-12-04,DECISION,XMRUSDT,POSITION_LIMIT
2020-12-04,DECISION,LINKUSDT,POSITION_LIMIT
2020-12-04,DECISION,XTZUSDT,POSITION_LIMIT
2020-12-04,DECISION,ZECUSDT,POSITION_LIMIT
2020-12-04,DECISION,COMPUSDT,POSITION_LIMIT
2020-12-04,DECISION,EOSUSDT,POSITION_LIMIT
2020-12-04,DECISION,ETCUSDT,POSITION_LIMIT
2020-12-04,DECISION,BANDUSDT,POSITION_LIMIT
2020-12-04,DECISION,OMGUSDT,POSITION_LIMIT
2020-12-05,DECISION,VETUSDT,POSITION_LIMIT
2020-12-05,DECISION,XMRUSDT,POSITION_LIMIT
2020-12-05,DECISION,LTCUSDT,POSITION_LIMIT
2020-12-05,DECISION,TRXUSDT,POSITION_LIMIT
2020-12-05,DECISION,COMPUSDT,POSITION_LIMIT
2020-12-05,DECISION,XLMUSDT,POSITION_LIMIT
2020-12-05,DECISION,LINKUSDT,POSITION_LIMIT
2020-12-05,DECISION,XTZUSDT,POSITION_LIMIT
2020-12-05,DECISION,ZECUSDT,POSITION_LIMIT
2020-12-05,DECISION,EOSUSDT,POSITION_LIMIT
2020-12-05,DECISION,ETCUSDT,POSITION_LIMIT
2020-12-05,DECISION,BANDUSDT,POSITION_LIMIT
2020-12-05,DECISION,OMGUSDT,POSITION_LIMIT
2020-12-06,DECISION,VETUSDT,POSITION_LIMIT
2020-12-06,DECISION,XMRUSDT,POSITION_LIMIT
2020-12-06,DECISION,LTCUSDT,POSITION_LIMIT
2020-12-06,DECISION,XLMUSDT,POSITION_LIMIT
2020-12-06,DECISION,TRXUSDT,POSITION_LIMIT
2020-12-06,DECISION,COMPUSDT,POSITION_LIMIT
2020-12-06,DECISION,LINKUSDT,POSITION_LIMIT
2020-12-06,DECISION,XTZUSDT,POSITION_LIMIT
2020-12-06,DECISION,ZECUSDT,POSITION_LIMIT
2020-12-06,DECISION,EOSUSDT,POSITION_LIMIT
2020-12-06,DECISION,ETCUSDT,POSITION_LIMIT
2020-12-06,DECISION,BANDUSDT,POSITION_LIMIT
2020-12-06,DECISION,OMGUSDT,POSITION_LIMIT
2020-12-07,DECISION,BNBUSDT,POSITION_LIMIT
2020-12-07,DECISION,VETUSDT,POSITION_LIMIT
2020-12-07,DECISION,LTCUSDT,POSITION_LIMIT
2020-12-07,DECISION,XLMUSDT,POSITION_LIMIT
2020-12-07,DECISION,TRXUSDT,POSITION_LIMIT
2020-12-07,DECISION,COMPUSDT,POSITION_LIMIT
2020-12-07,DECISION,BANDUSDT,POSITION_LIMIT
2020-12-07,DECISION,LINKUSDT,POSITION_LIMIT
2020-12-07,DECISION,XTZUSDT,POSITION_LIMIT
2020-12-07,DECISION,ZECUSDT,POSITION_LIMIT
2020-12-07,DECISION,EOSUSDT,POSITION_LIMIT
2020-12-07,DECISION,ETCUSDT,POSITION_LIMIT
2020-12-07,DECISION,OMGUSDT,POSITION_LIMIT
2020-12-08,DECISION,BCHUSDT,POSITION_LIMIT
2020-12-08,DECISION,XLMUSDT,POSITION_LIMIT
2020-12-08,DECISION,ADAUSDT,POSITION_LIMIT
2020-12-08,DECISION,COMPUSDT,POSITION_LIMIT
2020-12-08,DECISION,BANDUSDT,POSITION_LIMIT
2020-12-08,DECISION,ZECUSDT,POSITION_LIMIT
2020-12-08,DECISION,BNBUSDT,POSITION_LIMIT
2020-12-08,DECISION,TRXUSDT,POSITION_LIMIT
2020-12-08,DECISION,LINKUSDT,POSITION_LIMIT
2020-12-08,DECISION,EOSUSDT,POSITION_LIMIT
2020-12-08,DECISION,ETCUSDT,POSITION_LIMIT
2020-12-08,DECISION,XTZUSDT,POSITION_LIMIT
2020-12-08,DECISION,OMGUSDT,POSITION_LIMIT
2020-12-09,DECISION,BCHUSDT,POSITION_LIMIT
2020-12-09,DECISION,ADAUSDT,POSITION_LIMIT
2020-12-09,DECISION,XLMUSDT,POSITION_LIMIT
2020-12-09,DECISION,COMPUSDT,POSITION_LIMIT
2020-12-09,DECISION,BANDUSDT,POSITION_LIMIT
2020-12-09,DECISION,ZECUSDT,POSITION_LIMIT
2020-12-09,DECISION,BNBUSDT,POSITION_LIMIT
2020-12-09,DECISION,TRXUSDT,POSITION_LIMIT
2020-12-09,DECISION,LINKUSDT,POSITION_LIMIT
2020-12-09,DECISION,EOSUSDT,POSITION_LIMIT
2020-12-09,DECISION,ETCUSDT,POSITION_LIMIT
2020-12-09,DECISION,XTZUSDT,POSITION_LIMIT
2020-12-09,DECISION,OMGUSDT,POSITION_LIMIT
2020-12-10,DECISION,ADAUSDT,POSITION_LIMIT
2020-12-10,DECISION,XLMUSDT,POSITION_LIMIT
2020-12-10,DECISION,COMPUSDT,POSITION_LIMIT
2020-12-10,DECISION,VETUSDT,POSITION_LIMIT
2020-12-10,DECISION,BANDUSDT,POSITION_LIMIT
2020-12-10,DECISION,BNBUSDT,POSITION_LIMIT
2020-12-10,DECISION,TRXUSDT,POSITION_LIMIT
2020-12-10,DECISION,ZECUSDT,POSITION_LIMIT
2020-12-10,DECISION,EOSUSDT,POSITION_LIMIT
2020-12-10,DECISION,ETCUSDT,POSITION_LIMIT
2020-12-10,DECISION,XTZUSDT,POSITION_LIMIT
2020-12-10,DECISION,LINKUSDT,POSITION_LIMIT
2020-12-11,DECISION,VETUSDT,POSITION_LIMIT
2020-12-11,DECISION,XRPUSDT,POSITION_LIMIT
2020-12-11,DECISION,XLMUSDT,POSITION_LIMIT
2020-12-11,DECISION,BCHUSDT,POSITION_LIMIT
2020-12-11,DECISION,BANDUSDT,POSITION_LIMIT
2020-12-11,DECISION,TRXUSDT,POSITION_LIMIT
2020-12-11,DECISION,ZECUSDT,POSITION_LIMIT
2020-12-11,DECISION,EOSUSDT,POSITION_LIMIT
2020-12-11,DECISION,BNBUSDT,POSITION_LIMIT
2020-12-11,DECISION,ETCUSDT,POSITION_LIMIT
2020-12-11,DECISION,XTZUSDT,POSITION_LIMIT
2020-12-11,DECISION,LINKUSDT,POSITION_LIMIT
2020-12-12,DECISION,VETUSDT,POSITION_LIMIT
2020-12-12,DECISION,XRPUSDT,POSITION_LIMIT
2020-12-12,DECISION,XLMUSDT,POSITION_LIMIT
2020-12-12,DECISION,BCHUSDT,POSITION_LIMIT
2020-12-12,DECISION,BANDUSDT,POSITION_LIMIT
2020-12-12,DECISION,TRXUSDT,POSITION_LIMIT
2020-12-12,DECISION,ZECUSDT,POSITION_LIMIT
2020-12-12,DECISION,EOSUSDT,POSITION_LIMIT
2020-12-12,DECISION,BNBUSDT,POSITION_LIMIT
2020-12-12,DECISION,ETCUSDT,POSITION_LIMIT
2020-12-12,DECISION,XTZUSDT,POSITION_LIMIT
2020-12-12,DECISION,LINKUSDT,POSITION_LIMIT
2020-12-13,DECISION,COMPUSDT,POSITION_LIMIT
2020-12-13,DECISION,VETUSDT,POSITION_LIMIT
2020-12-13,DECISION,XRPUSDT,POSITION_LIMIT
2020-12-13,DECISION,XLMUSDT,POSITION_LIMIT
2020-12-13,DECISION,BCHUSDT,POSITION_LIMIT
2020-12-13,DECISION,BANDUSDT,POSITION_LIMIT
2020-12-13,DECISION,TRXUSDT,POSITION_LIMIT
2020-12-13,DECISION,ZECUSDT,POSITION_LIMIT
2020-12-13,DECISION,EOSUSDT,POSITION_LIMIT
2020-12-13,DECISION,BNBUSDT,POSITION_LIMIT
2020-12-13,DECISION,ETCUSDT,POSITION_LIMIT
2020-12-13,DECISION,XTZUSDT,POSITION_LIMIT
2020-12-13,DECISION,LINKUSDT,POSITION_LIMIT
2020-12-14,DECISION,COMPUSDT,POSITION_LIMIT
2020-12-14,DECISION,VETUSDT,POSITION_LIMIT
2020-12-14,DECISION,XRPUSDT,POSITION_LIMIT
2020-12-14,DECISION,XLMUSDT,POSITION_LIMIT
2020-12-14,DECISION,BCHUSDT,POSITION_LIMIT
2020-12-14,DECISION,BANDUSDT,POSITION_LIMIT
2020-12-14,DECISION,BNBUSDT,POSITION_LIMIT
2020-12-14,DECISION,TRXUSDT,POSITION_LIMIT
2020-12-14,DECISION,ZECUSDT,POSITION_LIMIT
2020-12-14,DECISION,EOSUSDT,POSITION_LIMIT
2020-12-14,DECISION,ETCUSDT,POSITION_LIMIT
2020-12-14,DECISION,XTZUSDT,POSITION_LIMIT
2020-12-14,DECISION,LINKUSDT,POSITION_LIMIT
2020-12-15,DECISION,COMPUSDT,POSITION_LIMIT
2020-12-15,DECISION,VETUSDT,POSITION_LIMIT
2020-12-15,DECISION,XLMUSDT,POSITION_LIMIT
2020-12-15,DECISION,BCHUSDT,POSITION_LIMIT
2020-12-15,DECISION,BANDUSDT,POSITION_LIMIT
2020-12-15,DECISION,XRPUSDT,POSITION_LIMIT
2020-12-15,DECISION,BNBUSDT,POSITION_LIMIT
2020-12-15,DECISION,TRXUSDT,POSITION_LIMIT
2020-12-15,DECISION,ZECUSDT,POSITION_LIMIT
2020-12-15,DECISION,EOSUSDT,POSITION_LIMIT
2020-12-15,DECISION,ETCUSDT,POSITION_LIMIT
2020-12-15,DECISION,XTZUSDT,POSITION_LIMIT
2020-12-15,DECISION,LINKUSDT,POSITION_LIMIT
2020-12-15,DECISION,SXPUSDT,POSITION_LIMIT
2020-12-16,DECISION,BCHUSDT,POSITION_LIMIT
2020-12-16,DECISION,WAVESUSDT,POSITION_LIMIT
2020-12-16,DECISION,COMPUSDT,POSITION_LIMIT
2020-12-16,DECISION,VETUSDT,POSITION_LIMIT
2020-12-16,DECISION,TRXUSDT,POSITION_LIMIT
2020-12-16,DECISION,BANDUSDT,POSITION_LIMIT
2020-12-16,DECISION,XRPUSDT,POSITION_LIMIT
2020-12-16,DECISION,EOSUSDT,POSITION_LIMIT
2020-12-16,DECISION,BNBUSDT,POSITION_LIMIT
2020-12-16,DECISION,ETCUSDT,POSITION_LIMIT
2020-12-16,DECISION,XTZUSDT,POSITION_LIMIT
2020-12-16,DECISION,ZECUSDT,POSITION_LIMIT
2020-12-16,DECISION,LINKUSDT,POSITION_LIMIT
2020-12-16,DECISION,SXPUSDT,POSITION_LIMIT
2020-12-17,DECISION,BCHUSDT,POSITION_LIMIT
2020-12-17,DECISION,WAVESUSDT,POSITION_LIMIT
2020-12-17,DECISION,COMPUSDT,POSITION_LIMIT
2020-12-17,DECISION,VETUSDT,POSITION_LIMIT
2020-12-17,DECISION,TRXUSDT,POSITION_LIMIT
2020-12-17,DECISION,BANDUSDT,POSITION_LIMIT
2020-12-17,DECISION,XRPUSDT,POSITION_LIMIT
2020-12-17,DECISION,EOSUSDT,POSITION_LIMIT
2020-12-17,DECISION,BNBUSDT,POSITION_LIMIT
2020-12-17,DECISION,ETCUSDT,POSITION_LIMIT
2020-12-17,DECISION,XTZUSDT,POSITION_LIMIT
2020-12-17,DECISION,ZECUSDT,POSITION_LIMIT
2020-12-17,DECISION,LINKUSDT,POSITION_LIMIT
2020-12-17,DECISION,SXPUSDT,POSITION_LIMIT
2020-12-18,DECISION,BCHUSDT,POSITION_LIMIT
2020-12-18,DECISION,XLMUSDT,POSITION_LIMIT
2020-12-18,DECISION,WAVESUSDT,POSITION_LIMIT
2020-12-18,DECISION,COMPUSDT,POSITION_LIMIT
2020-12-18,DECISION,XRPUSDT,POSITION_LIMIT
2020-12-18,DECISION,TRXUSDT,POSITION_LIMIT
2020-12-18,DECISION,BANDUSDT,POSITION_LIMIT
2020-12-18,DECISION,EOSUSDT,POSITION_LIMIT
2020-12-18,DECISION,BNBUSDT,POSITION_LIMIT
2020-12-18,DECISION,ETCUSDT,POSITION_LIMIT
2020-12-18,DECISION,XTZUSDT,POSITION_LIMIT
2020-12-18,DECISION,ZECUSDT,POSITION_LIMIT
2020-12-18,DECISION,LINKUSDT,POSITION_LIMIT
2020-12-18,DECISION,SXPUSDT,POSITION_LIMIT
2020-12-19,DECISION,VETUSDT,POSITION_LIMIT
2020-12-19,DECISION,XLMUSDT,POSITION_LIMIT
2020-12-19,DECISION,COMPUSDT,POSITION_LIMIT
2020-12-19,DECISION,XRPUSDT,POSITION_LIMIT
2020-12-19,DECISION,BNBUSDT,POSITION_LIMIT
2020-12-19,DECISION,WAVESUSDT,POSITION_LIMIT
2020-12-19,DECISION,TRXUSDT,POSITION_LIMIT
2020-12-19,DECISION,BANDUSDT,POSITION_LIMIT
2020-12-19,DECISION,EOSUSDT,POSITION_LIMIT
2020-12-19,DECISION,ETCUSDT,POSITION_LIMIT
2020-12-19,DECISION,XTZUSDT,POSITION_LIMIT
2020-12-19,DECISION,LINKUSDT,POSITION_LIMIT
2020-12-19,DECISION,DOTUSDT,POSITION_LIMIT
2020-12-19,DECISION,SXPUSDT,POSITION_LIMIT
2020-12-20,DECISION,ADAUSDT,POSITION_LIMIT
2020-12-20,DECISION,XLMUSDT,POSITION_LIMIT
2020-12-20,DECISION,COMPUSDT,POSITION_LIMIT
2020-12-20,DECISION,VETUSDT,POSITION_LIMIT
2020-12-20,DECISION,XRPUSDT,POSITION_LIMIT
2020-12-20,DECISION,TRXUSDT,POSITION_LIMIT
2020-12-20,DECISION,BANDUSDT,POSITION_LIMIT
2020-12-20,DECISION,EOSUSDT,POSITION_LIMIT
2020-12-20,DECISION,WAVESUSDT,POSITION_LIMIT
2020-12-20,DECISION,ETCUSDT,POSITION_LIMIT
2020-12-20,DECISION,XTZUSDT,POSITION_LIMIT
2020-12-20,DECISION,LINKUSDT,POSITION_LIMIT
2020-12-20,DECISION,DOTUSDT,POSITION_LIMIT
2020-12-21,DECISION,ADAUSDT,POSITION_LIMIT
2020-12-21,DECISION,XLMUSDT,POSITION_LIMIT
2020-12-21,DECISION,BANDUSDT,POSITION_LIMIT
2020-12-21,DECISION,XRPUSDT,POSITION_LIMIT
2020-12-21,DECISION,TRXUSDT,POSITION_LIMIT
2020-12-21,DECISION,COMPUSDT,POSITION_LIMIT
2020-12-21,DECISION,VETUSDT,POSITION_LIMIT
2020-12-21,DECISION,EOSUSDT,POSITION_LIMIT
2020-12-21,DECISION,WAVESUSDT,POSITION_LIMIT
2020-12-21,DECISION,ETCUSDT,POSITION_LIMIT
2020-12-21,DECISION,XTZUSDT,POSITION_LIMIT
2020-12-21,DECISION,LINKUSDT,POSITION_LIMIT
2020-12-21,DECISION,DOTUSDT,POSITION_LIMIT
2020-12-22,DECISION,ADAUSDT,POSITION_LIMIT
2020-12-22,DECISION,XLMUSDT,POSITION_LIMIT
2020-12-22,DECISION,BANDUSDT,POSITION_LIMIT
2020-12-22,DECISION,XRPUSDT,POSITION_LIMIT
2020-12-22,DECISION,TRXUSDT,POSITION_LIMIT
2020-12-22,DECISION,COMPUSDT,POSITION_LIMIT
2020-12-22,DECISION,VETUSDT,POSITION_LIMIT
2020-12-22,DECISION,EOSUSDT,POSITION_LIMIT
2020-12-22,DECISION,WAVESUSDT,POSITION_LIMIT
2020-12-22,DECISION,ETCUSDT,POSITION_LIMIT
2020-12-22,DECISION,XTZUSDT,POSITION_LIMIT
2020-12-22,DECISION,LINKUSDT,POSITION_LIMIT
2020-12-22,DECISION,DOTUSDT,POSITION_LIMIT
2020-12-23,DECISION,BCHUSDT,POSITION_LIMIT
2020-12-23,DECISION,XLMUSDT,POSITION_LIMIT
2020-12-23,DECISION,ADAUSDT,POSITION_LIMIT
2020-12-23,DECISION,XRPUSDT,POSITION_LIMIT
2020-12-23,DECISION,COMPUSDT,POSITION_LIMIT
2020-12-23,DECISION,LINKUSDT,POSITION_LIMIT
2020-12-23,DECISION,DOTUSDT,POSITION_LIMIT
2020-12-23,DECISION,WAVESUSDT,POSITION_LIMIT
2020-12-23,DECISION,TRXUSDT,POSITION_LIMIT
2020-12-23,DECISION,VETUSDT,POSITION_LIMIT
2020-12-24,DECISION,BCHUSDT,POSITION_LIMIT
2020-12-24,DECISION,XLMUSDT,POSITION_LIMIT
2020-12-24,DECISION,ADAUSDT,POSITION_LIMIT
2020-12-24,DECISION,XRPUSDT,POSITION_LIMIT
2020-12-24,DECISION,COMPUSDT,POSITION_LIMIT
2020-12-24,DECISION,LINKUSDT,POSITION_LIMIT
2020-12-24,DECISION,DOTUSDT,POSITION_LIMIT
2020-12-24,DECISION,TRXUSDT,POSITION_LIMIT
2020-12-24,DECISION,WAVESUSDT,POSITION_LIMIT
2020-12-24,DECISION,VETUSDT,POSITION_LIMIT
2020-12-25,DECISION,BCHUSDT,POSITION_LIMIT
2020-12-25,DECISION,XLMUSDT,POSITION_LIMIT
2020-12-25,DECISION,ADAUSDT,POSITION_LIMIT
2020-12-25,DECISION,XRPUSDT,POSITION_LIMIT
2020-12-25,DECISION,COMPUSDT,POSITION_LIMIT
2020-12-25,DECISION,LINKUSDT,POSITION_LIMIT
2020-12-25,DECISION,DOTUSDT,POSITION_LIMIT
2020-12-25,DECISION,TRXUSDT,POSITION_LIMIT
2020-12-25,DECISION,WAVESUSDT,POSITION_LIMIT
2020-12-25,DECISION,VETUSDT,POSITION_LIMIT
2020-12-26,DECISION,BCHUSDT,POSITION_LIMIT
2020-12-26,DECISION,XLMUSDT,POSITION_LIMIT
2020-12-26,DECISION,ADAUSDT,POSITION_LIMIT
2020-12-26,DECISION,XRPUSDT,POSITION_LIMIT
2020-12-26,DECISION,COMPUSDT,POSITION_LIMIT
2020-12-26,DECISION,LINKUSDT,POSITION_LIMIT
2020-12-26,DECISION,DOTUSDT,POSITION_LIMIT
2020-12-26,DECISION,TRXUSDT,POSITION_LIMIT
2020-12-26,DECISION,WAVESUSDT,POSITION_LIMIT
2020-12-26,DECISION,VETUSDT,POSITION_LIMIT
2020-12-27,DECISION,XMRUSDT,POSITION_LIMIT
2020-12-27,DECISION,BCHUSDT,POSITION_LIMIT
2020-12-27,DECISION,XLMUSDT,POSITION_LIMIT
2020-12-27,DECISION,ADAUSDT,POSITION_LIMIT
2020-12-27,DECISION,XRPUSDT,POSITION_LIMIT
2020-12-27,DECISION,COMPUSDT,POSITION_LIMIT
2020-12-27,DECISION,LINKUSDT,POSITION_LIMIT
2020-12-27,DECISION,DOTUSDT,POSITION_LIMIT
2020-12-27,DECISION,WAVESUSDT,POSITION_LIMIT
2020-12-27,DECISION,TRXUSDT,POSITION_LIMIT
2020-12-27,DECISION,VETUSDT,POSITION_LIMIT
2020-12-28,DECISION,ZILUSDT,POSITION_LIMIT
2020-12-28,DECISION,THETAUSDT,POSITION_LIMIT
2020-12-28,DECISION,DOTUSDT,POSITION_LIMIT
2020-12-28,DECISION,VETUSDT,POSITION_LIMIT
2020-12-28,DECISION,XLMUSDT,POSITION_LIMIT
2020-12-28,DECISION,COMPUSDT,POSITION_LIMIT
2020-12-28,DECISION,MKRUSDT,POSITION_LIMIT
2020-12-28,DECISION,XRPUSDT,POSITION_LIMIT
2020-12-28,DECISION,LINKUSDT,POSITION_LIMIT
2020-12-28,DECISION,WAVESUSDT,POSITION_LIMIT
2020-12-28,DECISION,TRXUSDT,POSITION_LIMIT
2020-12-29,DECISION,THETAUSDT,POSITION_LIMIT
2020-12-29,DECISION,ZILUSDT,POSITION_LIMIT
2020-12-29,DECISION,DOTUSDT,POSITION_LIMIT
2020-12-29,DECISION,XLMUSDT,POSITION_LIMIT
2020-12-29,DECISION,COMPUSDT,POSITION_LIMIT
2020-12-29,DECISION,MKRUSDT,POSITION_LIMIT
2020-12-29,DECISION,LINKUSDT,POSITION_LIMIT
2020-12-29,DECISION,TRXUSDT,POSITION_LIMIT
2020-12-29,DECISION,WAVESUSDT,POSITION_LIMIT
2020-12-30,DECISION,THETAUSDT,POSITION_LIMIT
2020-12-30,DECISION,ZILUSDT,POSITION_LIMIT
2020-12-30,DECISION,DOTUSDT,POSITION_LIMIT
2020-12-30,DECISION,XLMUSDT,POSITION_LIMIT
2020-12-30,DECISION,COMPUSDT,POSITION_LIMIT
2020-12-30,DECISION,MKRUSDT,POSITION_LIMIT
2020-12-30,DECISION,LINKUSDT,POSITION_LIMIT
2020-12-30,DECISION,TRXUSDT,POSITION_LIMIT
2020-12-30,DECISION,WAVESUSDT,POSITION_LIMIT
2020-12-31,DECISION,THETAUSDT,POSITION_LIMIT
2020-12-31,DECISION,LTCUSDT,POSITION_LIMIT
2020-12-31,DECISION,DOTUSDT,POSITION_LIMIT
2020-12-31,DECISION,XLMUSDT,POSITION_LIMIT
2020-12-31,DECISION,COMPUSDT,POSITION_LIMIT
2020-12-31,DECISION,LINKUSDT,POSITION_LIMIT
2020-12-31,DECISION,WAVESUSDT,POSITION_LIMIT
2020-12-31,DECISION,TRXUSDT,POSITION_LIMIT
2020-12-31,DECISION,CRVUSDT,POSITION_LIMIT
2021-01-01,DECISION,THETAUSDT,POSITION_LIMIT
2021-01-01,DECISION,LTCUSDT,POSITION_LIMIT
2021-01-01,DECISION,SUSHIUSDT,POSITION_LIMIT
2021-01-01,DECISION,DOTUSDT,POSITION_LIMIT
2021-01-01,DECISION,XLMUSDT,POSITION_LIMIT
2021-01-01,DECISION,COMPUSDT,POSITION_LIMIT
2021-01-01,DECISION,LINKUSDT,POSITION_LIMIT
2021-01-01,DECISION,WAVESUSDT,POSITION_LIMIT
2021-01-01,DECISION,TRXUSDT,POSITION_LIMIT
2021-01-01,DECISION,CRVUSDT,POSITION_LIMIT
2021-01-02,DECISION,THETAUSDT,POSITION_LIMIT
2021-01-02,DECISION,SUSHIUSDT,POSITION_LIMIT
2021-01-02,DECISION,DOTUSDT,POSITION_LIMIT
2021-01-02,DECISION,ZILUSDT,POSITION_LIMIT
2021-01-02,DECISION,XLMUSDT,POSITION_LIMIT
2021-01-02,DECISION,COMPUSDT,POSITION_LIMIT
2021-01-02,DECISION,LINKUSDT,POSITION_LIMIT
2021-01-02,DECISION,WAVESUSDT,POSITION_LIMIT
2021-01-02,DECISION,TRXUSDT,POSITION_LIMIT
2021-01-02,DECISION,CRVUSDT,POSITION_LIMIT
2021-01-03,DECISION,THETAUSDT,POSITION_LIMIT
2021-01-03,DECISION,SUSHIUSDT,POSITION_LIMIT
2021-01-03,DECISION,DOTUSDT,POSITION_LIMIT
2021-01-03,DECISION,ZILUSDT,POSITION_LIMIT
2021-01-03,DECISION,MKRUSDT,POSITION_LIMIT
2021-01-03,DECISION,LINKUSDT,POSITION_LIMIT
2021-01-03,DECISION,XLMUSDT,POSITION_LIMIT
2021-01-03,DECISION,ETCUSDT,POSITION_LIMIT
2021-01-03,DECISION,CRVUSDT,POSITION_LIMIT
2021-01-03,DECISION,EOSUSDT,POSITION_LIMIT
2021-01-03,DECISION,WAVESUSDT,POSITION_LIMIT
2021-01-03,DECISION,TRXUSDT,POSITION_LIMIT
2021-01-04,DECISION,THETAUSDT,POSITION_LIMIT
2021-01-04,DECISION,SUSHIUSDT,POSITION_LIMIT
2021-01-04,DECISION,DOTUSDT,POSITION_LIMIT
2021-01-04,DECISION,ZILUSDT,POSITION_LIMIT
2021-01-04,DECISION,LINKUSDT,POSITION_LIMIT
2021-01-04,DECISION,XLMUSDT,POSITION_LIMIT
2021-01-04,DECISION,XMRUSDT,POSITION_LIMIT
2021-01-04,DECISION,ETCUSDT,POSITION_LIMIT
2021-01-04,DECISION,TRXUSDT,POSITION_LIMIT
2021-01-04,DECISION,CRVUSDT,POSITION_LIMIT
2021-01-04,DECISION,EOSUSDT,POSITION_LIMIT
2021-01-04,DECISION,WAVESUSDT,POSITION_LIMIT
2021-01-05,FILL,BTCUSDT,BELOW_EXCHANGE_MINIMUM_NOTIONAL
2021-01-05,DECISION,THETAUSDT,POSITION_LIMIT
2021-01-05,DECISION,SUSHIUSDT,POSITION_LIMIT
2021-01-05,DECISION,DOTUSDT,POSITION_LIMIT
2021-01-05,DECISION,ZILUSDT,POSITION_LIMIT
2021-01-05,DECISION,ETCUSDT,POSITION_LIMIT
2021-01-05,DECISION,LINKUSDT,POSITION_LIMIT
2021-01-05,DECISION,XLMUSDT,POSITION_LIMIT
2021-01-05,DECISION,XMRUSDT,POSITION_LIMIT
2021-01-05,DECISION,TRXUSDT,POSITION_LIMIT
2021-01-05,DECISION,CRVUSDT,POSITION_LIMIT
2021-01-05,DECISION,EOSUSDT,POSITION_LIMIT
2021-01-05,DECISION,WAVESUSDT,POSITION_LIMIT
2021-01-06,DECISION,BNBUSDT,POSITION_LIMIT
2021-01-06,DECISION,XLMUSDT,POSITION_LIMIT
2021-01-06,DECISION,THETAUSDT,POSITION_LIMIT
2021-01-06,DECISION,ETCUSDT,POSITION_LIMIT
2021-01-06,DECISION,SUSHIUSDT,POSITION_LIMIT
2021-01-06,DECISION,DOTUSDT,POSITION_LIMIT
2021-01-06,DECISION,ZILUSDT,POSITION_LIMIT
2021-01-06,DECISION,EOSUSDT,POSITION_LIMIT
2021-01-06,DECISION,XMRUSDT,POSITION_LIMIT
2021-01-06,DECISION,CRVUSDT,POSITION_LIMIT
2021-01-06,DECISION,TRXUSDT,POSITION_LIMIT
2021-01-06,DECISION,YFIUSDT,POSITION_LIMIT
2021-01-06,DECISION,WAVESUSDT,POSITION_LIMIT
2021-01-07,DECISION,BNBUSDT,POSITION_LIMIT
2021-01-07,DECISION,XLMUSDT,POSITION_LIMIT
2021-01-07,DECISION,THETAUSDT,POSITION_LIMIT
2021-01-07,DECISION,ETCUSDT,POSITION_LIMIT
2021-01-07,DECISION,YFIUSDT,POSITION_LIMIT
2021-01-07,DECISION,SUSHIUSDT,POSITION_LIMIT
2021-01-07,DECISION,DOTUSDT,POSITION_LIMIT
2021-01-07,DECISION,ZILUSDT,POSITION_LIMIT
2021-01-07,DECISION,EOSUSDT,POSITION_LIMIT
2021-01-07,DECISION,XMRUSDT,POSITION_LIMIT
2021-01-07,DECISION,CRVUSDT,POSITION_LIMIT
2021-01-07,DECISION,TRXUSDT,POSITION_LIMIT
2021-01-07,DECISION,XRPUSDT,POSITION_LIMIT
2021-01-07,DECISION,WAVESUSDT,POSITION_LIMIT
2021-01-08,DECISION,BNBUSDT,POSITION_LIMIT
2021-01-08,DECISION,XLMUSDT,POSITION_LIMIT
2021-01-08,DECISION,THETAUSDT,POSITION_LIMIT
2021-01-08,DECISION,ETCUSDT,POSITION_LIMIT
2021-01-08,DECISION,YFIUSDT,POSITION_LIMIT
2021-01-08,DECISION,SUSHIUSDT,POSITION_LIMIT
2021-01-08,DECISION,ZILUSDT,POSITION_LIMIT
2021-01-08,DECISION,DOTUSDT,POSITION_LIMIT
2021-01-08,DECISION,EOSUSDT,POSITION_LIMIT
2021-01-08,DECISION,XMRUSDT,POSITION_LIMIT
2021-01-08,DECISION,CRVUSDT,POSITION_LIMIT
2021-01-08,DECISION,TRXUSDT,POSITION_LIMIT
2021-01-08,DECISION,XRPUSDT,POSITION_LIMIT
2021-01-08,DECISION,WAVESUSDT,POSITION_LIMIT
2021-01-09,DECISION,ADAUSDT,POSITION_LIMIT
2021-01-09,DECISION,XLMUSDT,POSITION_LIMIT
2021-01-09,DECISION,THETAUSDT,POSITION_LIMIT
2021-01-09,DECISION,ETCUSDT,POSITION_LIMIT
2021-01-09,DECISION,YFIUSDT,POSITION_LIMIT
2021-01-09,DECISION,SUSHIUSDT,POSITION_LIMIT
2021-01-09,DECISION,EOSUSDT,POSITION_LIMIT
2021-01-09,DECISION,ZILUSDT,POSITION_LIMIT
2021-01-09,DECISION,DOTUSDT,POSITION_LIMIT
2021-01-09,DECISION,TRXUSDT,POSITION_LIMIT
2021-01-09,DECISION,XMRUSDT,POSITION_LIMIT
2021-01-09,DECISION,CRVUSDT,POSITION_LIMIT
2021-01-09,DECISION,XRPUSDT,POSITION_LIMIT
2021-01-09,DECISION,WAVESUSDT,POSITION_LIMIT
2021-01-10,DECISION,ADAUSDT,POSITION_LIMIT
2021-01-10,DECISION,XLMUSDT,POSITION_LIMIT
2021-01-10,DECISION,ETCUSDT,POSITION_LIMIT
2021-01-10,DECISION,XMRUSDT,POSITION_LIMIT
2021-01-10,DECISION,YFIUSDT,POSITION_LIMIT
2021-01-10,DECISION,SUSHIUSDT,POSITION_LIMIT
2021-01-10,DECISION,EOSUSDT,POSITION_LIMIT
2021-01-10,DECISION,ZILUSDT,POSITION_LIMIT
2021-01-10,DECISION,THETAUSDT,POSITION_LIMIT
2021-01-10,DECISION,VETUSDT,POSITION_LIMIT
2021-01-10,DECISION,DOTUSDT,POSITION_LIMIT
2021-01-10,DECISION,TRXUSDT,POSITION_LIMIT
2021-01-10,DECISION,WAVESUSDT,POSITION_LIMIT
2021-01-10,DECISION,XRPUSDT,POSITION_LIMIT
2021-01-11,FILL,BTCUSDT,BELOW_EXCHANGE_MINIMUM_NOTIONAL
2021-01-11,DECISION,LINKUSDT,POSITION_LIMIT
2021-01-11,DECISION,BNBUSDT,POSITION_LIMIT
2021-01-11,DECISION,YFIUSDT,POSITION_LIMIT
2021-01-11,DECISION,ADAUSDT,POSITION_LIMIT
2021-01-11,DECISION,XLMUSDT,POSITION_LIMIT
2021-01-11,DECISION,VETUSDT,POSITION_LIMIT
2021-01-11,DECISION,EOSUSDT,POSITION_LIMIT
2021-01-11,DECISION,SUSHIUSDT,POSITION_LIMIT
2021-01-11,DECISION,THETAUSDT,POSITION_LIMIT
2021-01-11,DECISION,EGLDUSDT,POSITION_LIMIT
2021-01-11,DECISION,DOTUSDT,POSITION_LIMIT
2021-01-11,DECISION,ZILUSDT,POSITION_LIMIT
2021-01-11,DECISION,TRXUSDT,POSITION_LIMIT
2021-01-11,DECISION,XRPUSDT,POSITION_LIMIT
2021-01-12,DECISION,ADAUSDT,POSITION_LIMIT
2021-01-12,DECISION,XLMUSDT,POSITION_LIMIT
2021-01-12,DECISION,VETUSDT,POSITION_LIMIT
2021-01-12,DECISION,LTCUSDT,POSITION_LIMIT
2021-01-12,DECISION,SUSHIUSDT,POSITION_LIMIT
2021-01-12,DECISION,YFIUSDT,POSITION_LIMIT
2021-01-12,DECISION,THETAUSDT,POSITION_LIMIT
2021-01-12,DECISION,EGLDUSDT,POSITION_LIMIT
2021-01-12,DECISION,EOSUSDT,POSITION_LIMIT
2021-01-12,DECISION,DOTUSDT,POSITION_LIMIT
2021-01-12,DECISION,ZILUSDT,POSITION_LIMIT
2021-01-12,DECISION,TRXUSDT,POSITION_LIMIT
2021-01-12,DECISION,CRVUSDT,POSITION_LIMIT
2021-01-12,DECISION,XRPUSDT,POSITION_LIMIT
2021-01-13,DECISION,DOTUSDT,POSITION_LIMIT
2021-01-13,DECISION,SUSHIUSDT,POSITION_LIMIT
2021-01-13,DECISION,BNBUSDT,POSITION_LIMIT
2021-01-13,DECISION,ADAUSDT,POSITION_LIMIT
2021-01-13,DECISION,XLMUSDT,POSITION_LIMIT
2021-01-13,DECISION,VETUSDT,POSITION_LIMIT
2021-01-13,DECISION,LTCUSDT,POSITION_LIMIT
2021-01-13,DECISION,YFIUSDT,POSITION_LIMIT
2021-01-13,DECISION,THETAUSDT,POSITION_LIMIT
2021-01-13,DECISION,EGLDUSDT,POSITION_LIMIT
2021-01-13,DECISION,EOSUSDT,POSITION_LIMIT
2021-01-13,DECISION,ZILUSDT,POSITION_LIMIT
2021-01-13,DECISION,TRXUSDT,POSITION_LIMIT
2021-01-13,DECISION,XRPUSDT,POSITION_LIMIT
2021-01-14,DECISION,DOTUSDT,POSITION_LIMIT
2021-01-14,DECISION,SUSHIUSDT,POSITION_LIMIT
2021-01-14,DECISION,ADAUSDT,POSITION_LIMIT
2021-01-14,DECISION,BNBUSDT,POSITION_LIMIT
2021-01-14,DECISION,XLMUSDT,POSITION_LIMIT
2021-01-14,DECISION,THETAUSDT,POSITION_LIMIT
2021-01-14,DECISION,VETUSDT,POSITION_LIMIT
2021-01-14,DECISION,LTCUSDT,POSITION_LIMIT
2021-01-14,DECISION,YFIUSDT,POSITION_LIMIT
2021-01-14,DECISION,EGLDUSDT,POSITION_LIMIT
2021-01-14,DECISION,EOSUSDT,POSITION_LIMIT
2021-01-14,DECISION,ZILUSDT,POSITION_LIMIT
2021-01-14,DECISION,TRXUSDT,POSITION_LIMIT
2021-01-14,DECISION,XRPUSDT,POSITION_LIMIT
2021-01-15,DECISION,DOTUSDT,POSITION_LIMIT
2021-01-15,DECISION,ADAUSDT,POSITION_LIMIT
2021-01-15,DECISION,SUSHIUSDT,POSITION_LIMIT
2021-01-15,DECISION,XLMUSDT,POSITION_LIMIT
2021-01-15,DECISION,BNBUSDT,POSITION_LIMIT
2021-01-15,DECISION,UNIUSDT,POSITION_LIMIT
2021-01-15,DECISION,THETAUSDT,POSITION_LIMIT
2021-01-15,DECISION,VETUSDT,POSITION_LIMIT
2021-01-15,DECISION,LTCUSDT,POSITION_LIMIT
2021-01-15,DECISION,YFIUSDT,POSITION_LIMIT
2021-01-15,DECISION,EOSUSDT,POSITION_LIMIT
2021-01-15,DECISION,ZILUSDT,POSITION_LIMIT
2021-01-15,DECISION,TRXUSDT,POSITION_LIMIT
2021-01-16,DECISION,ETHUSDT,POSITION_LIMIT
2021-01-16,DECISION,DOTUSDT,POSITION_LIMIT
2021-01-16,DECISION,XLMUSDT,POSITION_LIMIT
2021-01-16,DECISION,SUSHIUSDT,POSITION_LIMIT
2021-01-16,DECISION,BNBUSDT,POSITION_LIMIT
2021-01-16,DECISION,UNIUSDT,POSITION_LIMIT
2021-01-16,DECISION,THETAUSDT,POSITION_LIMIT
2021-01-16,DECISION,VETUSDT,POSITION_LIMIT
2021-01-16,DECISION,LTCUSDT,POSITION_LIMIT
2021-01-16,DECISION,YFIUSDT,POSITION_LIMIT
2021-01-16,DECISION,EOSUSDT,POSITION_LIMIT
2021-01-16,DECISION,TRXUSDT,POSITION_LIMIT
2021-01-16,DECISION,ZILUSDT,POSITION_LIMIT
2021-01-17,DECISION,BTCUSDT,POSITION_LIMIT
2021-01-17,DECISION,ETHUSDT,POSITION_LIMIT
2021-01-17,DECISION,DOTUSDT,POSITION_LIMIT
2021-01-17,DECISION,XLMUSDT,POSITION_LIMIT
2021-01-17,DECISION,SUSHIUSDT,POSITION_LIMIT
2021-01-17,DECISION,UNIUSDT,POSITION_LIMIT
2021-01-17,DECISION,THETAUSDT,POSITION_LIMIT
2021-01-17,DECISION,VETUSDT,POSITION_LIMIT
2021-01-17,DECISION,LTCUSDT,POSITION_LIMIT
2021-01-17,DECISION,YFIUSDT,POSITION_LIMIT
2021-01-17,DECISION,EOSUSDT,POSITION_LIMIT
2021-01-17,DECISION,TRXUSDT,POSITION_LIMIT
2021-01-17,DECISION,ZILUSDT,POSITION_LIMIT
2021-01-18,DECISION,BTCUSDT,POSITION_LIMIT
2021-01-18,DECISION,ETHUSDT,POSITION_LIMIT
2021-01-18,DECISION,DOTUSDT,POSITION_LIMIT
2021-01-18,DECISION,XLMUSDT,POSITION_LIMIT
2021-01-18,DECISION,SUSHIUSDT,POSITION_LIMIT
2021-01-18,DECISION,YFIUSDT,POSITION_LIMIT
2021-01-18,DECISION,UNIUSDT,POSITION_LIMIT
2021-01-18,DECISION,THETAUSDT,POSITION_LIMIT
2021-01-18,DECISION,LTCUSDT,POSITION_LIMIT
2021-01-18,DECISION,ZILUSDT,POSITION_LIMIT
2021-01-18,DECISION,EOSUSDT,POSITION_LIMIT
2021-01-18,DECISION,TRXUSDT,POSITION_LIMIT
2021-01-18,DECISION,SXPUSDT,POSITION_LIMIT
2021-01-19,DECISION,VETUSDT,POSITION_LIMIT
2021-01-19,DECISION,BTCUSDT,POSITION_LIMIT
2021-01-19,DECISION,DOTUSDT,POSITION_LIMIT
2021-01-19,DECISION,XLMUSDT,POSITION_LIMIT
2021-01-19,DECISION,YFIUSDT,POSITION_LIMIT
2021-01-19,DECISION,SUSHIUSDT,POSITION_LIMIT
2021-01-19,DECISION,UNIUSDT,POSITION_LIMIT
2021-01-19,DECISION,MKRUSDT,POSITION_LIMIT
2021-01-19,DECISION,LTCUSDT,POSITION_LIMIT
2021-01-19,DECISION,ZILUSDT,POSITION_LIMIT
2021-01-19,DECISION,THETAUSDT,POSITION_LIMIT
2021-01-19,DECISION,EOSUSDT,POSITION_LIMIT
2021-01-19,DECISION,TRXUSDT,POSITION_LIMIT
2021-01-20,DECISION,ETCUSDT,POSITION_LIMIT
2021-01-20,DECISION,VETUSDT,POSITION_LIMIT
2021-01-20,DECISION,BTCUSDT,POSITION_LIMIT
2021-01-20,DECISION,XLMUSDT,POSITION_LIMIT
2021-01-20,DECISION,YFIUSDT,POSITION_LIMIT
2021-01-20,DECISION,SUSHIUSDT,POSITION_LIMIT
2021-01-20,DECISION,UNIUSDT,POSITION_LIMIT
2021-01-20,DECISION,MKRUSDT,POSITION_LIMIT
2021-01-20,DECISION,CRVUSDT,POSITION_LIMIT
2021-01-20,DECISION,LTCUSDT,POSITION_LIMIT
2021-01-20,DECISION,ZILUSDT,POSITION_LIMIT
2021-01-20,DECISION,EOSUSDT,POSITION_LIMIT
2021-01-20,DECISION,TRXUSDT,POSITION_LIMIT
2021-01-21,DECISION,ETCUSDT,POSITION_LIMIT
2021-01-21,DECISION,SUSHIUSDT,POSITION_LIMIT
2021-01-21,DECISION,UNIUSDT,POSITION_LIMIT
2021-01-21,DECISION,MKRUSDT,POSITION_LIMIT
2021-01-21,DECISION,BTCUSDT,POSITION_LIMIT
2021-01-21,DECISION,LTCUSDT,POSITION_LIMIT
2021-01-21,DECISION,BCHUSDT,POSITION_LIMIT
2021-01-21,DECISION,XLMUSDT,POSITION_LIMIT
2021-01-21,DECISION,YFIUSDT,POSITION_LIMIT
2021-01-21,DECISION,ZILUSDT,POSITION_LIMIT
2021-01-21,DECISION,SXPUSDT,POSITION_LIMIT
2021-01-21,DECISION,EOSUSDT,POSITION_LIMIT
2021-01-21,DECISION,TRXUSDT,POSITION_LIMIT
2021-01-22,DECISION,ETCUSDT,POSITION_LIMIT
2021-01-22,DECISION,SUSHIUSDT,POSITION_LIMIT
2021-01-22,DECISION,UNIUSDT,POSITION_LIMIT
2021-01-22,DECISION,MKRUSDT,POSITION_LIMIT
2021-01-22,DECISION,BTCUSDT,POSITION_LIMIT
2021-01-22,DECISION,LTCUSDT,POSITION_LIMIT
2021-01-22,DECISION,BCHUSDT,POSITION_LIMIT
2021-01-22,DECISION,XLMUSDT,POSITION_LIMIT
2021-01-22,DECISION,YFIUSDT,POSITION_LIMIT
2021-01-22,DECISION,ZILUSDT,POSITION_LIMIT
2021-01-22,DECISION,SXPUSDT,POSITION_LIMIT
2021-01-22,DECISION,EOSUSDT,POSITION_LIMIT
2021-01-22,DECISION,TRXUSDT,POSITION_LIMIT
2021-01-23,DECISION,UNIUSDT,POSITION_LIMIT
2021-01-23,DECISION,ETCUSDT,POSITION_LIMIT
2021-01-23,DECISION,CRVUSDT,POSITION_LIMIT
2021-01-23,DECISION,SUSHIUSDT,POSITION_LIMIT
2021-01-23,DECISION,MKRUSDT,POSITION_LIMIT
2021-01-23,DECISION,BTCUSDT,POSITION_LIMIT
2021-01-23,DECISION,LTCUSDT,POSITION_LIMIT
2021-01-23,DECISION,BCHUSDT,POSITION_LIMIT
2021-01-23,DECISION,XLMUSDT,POSITION_LIMIT
2021-01-23,DECISION,YFIUSDT,POSITION_LIMIT
2021-01-23,DECISION,ZILUSDT,POSITION_LIMIT
2021-01-23,DECISION,EOSUSDT,POSITION_LIMIT
2021-01-23,DECISION,TRXUSDT,POSITION_LIMIT
2021-01-24,DECISION,SUSHIUSDT,POSITION_LIMIT
2021-01-24,DECISION,UNIUSDT,POSITION_LIMIT
2021-01-24,DECISION,CRVUSDT,POSITION_LIMIT
2021-01-24,DECISION,ETCUSDT,POSITION_LIMIT
2021-01-24,DECISION,XTZUSDT,POSITION_LIMIT
2021-01-24,DECISION,MKRUSDT,POSITION_LIMIT
2021-01-24,DECISION,BTCUSDT,POSITION_LIMIT
2021-01-24,DECISION,LTCUSDT,POSITION_LIMIT
2021-01-24,DECISION,BCHUSDT,POSITION_LIMIT
2021-01-24,DECISION,XLMUSDT,POSITION_LIMIT
2021-01-24,DECISION,YFIUSDT,POSITION_LIMIT
2021-01-24,DECISION,EOSUSDT,POSITION_LIMIT
2021-01-24,DECISION,TRXUSDT,POSITION_LIMIT
2021-01-25,DECISION,SUSHIUSDT,POSITION_LIMIT
2021-01-25,DECISION,UNIUSDT,POSITION_LIMIT
2021-01-25,DECISION,CRVUSDT,POSITION_LIMIT
2021-01-25,DECISION,XTZUSDT,POSITION_LIMIT
2021-01-25,DECISION,MKRUSDT,POSITION_LIMIT
2021-01-25,DECISION,AVAXUSDT,POSITION_LIMIT
2021-01-25,DECISION,BTCUSDT,POSITION_LIMIT
2021-01-25,DECISION,LTCUSDT,POSITION_LIMIT
2021-01-25,DECISION,BCHUSDT,POSITION_LIMIT
2021-01-25,DECISION,XLMUSDT,POSITION_LIMIT
2021-01-25,DECISION,YFIUSDT,POSITION_LIMIT
2021-01-25,DECISION,EOSUSDT,POSITION_LIMIT
2021-01-25,DECISION,TRXUSDT,POSITION_LIMIT
2021-01-26,DECISION,SUSHIUSDT,POSITION_LIMIT
2021-01-26,DECISION,UNIUSDT,POSITION_LIMIT
2021-01-26,DECISION,CRVUSDT,POSITION_LIMIT
2021-01-26,DECISION,MKRUSDT,POSITION_LIMIT
2021-01-26,DECISION,AVAXUSDT,POSITION_LIMIT
2021-01-26,DECISION,BTCUSDT,POSITION_LIMIT
2021-01-26,DECISION,LTCUSDT,POSITION_LIMIT
2021-01-26,DECISION,BCHUSDT,POSITION_LIMIT
2021-01-26,DECISION,XLMUSDT,POSITION_LIMIT
2021-01-26,DECISION,YFIUSDT,POSITION_LIMIT
2021-01-26,DECISION,SXPUSDT,POSITION_LIMIT
2021-01-26,DECISION,EOSUSDT,POSITION_LIMIT
2021-01-26,DECISION,TRXUSDT,POSITION_LIMIT
2021-01-27,DECISION,SXPUSDT,POSITION_LIMIT
2021-01-27,DECISION,SOLUSDT,POSITION_LIMIT
2021-01-27,DECISION,DOTUSDT,POSITION_LIMIT
2021-01-27,DECISION,MKRUSDT,POSITION_LIMIT
2021-01-27,DECISION,CRVUSDT,POSITION_LIMIT
2021-01-27,DECISION,VETUSDT,POSITION_LIMIT
2021-01-27,DECISION,XLMUSDT,POSITION_LIMIT
2021-01-27,DECISION,BTCUSDT,POSITION_LIMIT
2021-01-27,DECISION,BCHUSDT,POSITION_LIMIT
2021-01-27,DECISION,YFIUSDT,POSITION_LIMIT
2021-01-27,DECISION,LTCUSDT,POSITION_LIMIT
2021-01-27,DECISION,TRXUSDT,POSITION_LIMIT
2021-01-27,DECISION,EOSUSDT,POSITION_LIMIT
2021-01-28,DECISION,SXPUSDT,POSITION_LIMIT
2021-01-28,DECISION,DOTUSDT,POSITION_LIMIT
2021-01-28,DECISION,MKRUSDT,POSITION_LIMIT
2021-01-28,DECISION,CRVUSDT,POSITION_LIMIT
2021-01-28,DECISION,XTZUSDT,POSITION_LIMIT
2021-01-28,DECISION,VETUSDT,POSITION_LIMIT
2021-01-28,DECISION,XLMUSDT,POSITION_LIMIT
2021-01-28,DECISION,BTCUSDT,POSITION_LIMIT
2021-01-28,DECISION,BCHUSDT,POSITION_LIMIT
2021-01-28,DECISION,YFIUSDT,POSITION_LIMIT
2021-01-28,DECISION,LTCUSDT,POSITION_LIMIT
2021-01-28,DECISION,TRXUSDT,POSITION_LIMIT
2021-01-28,DECISION,EOSUSDT,POSITION_LIMIT
2021-01-29,DECISION,SXPUSDT,POSITION_LIMIT
2021-01-29,DECISION,DOTUSDT,POSITION_LIMIT
2021-01-29,DECISION,MKRUSDT,POSITION_LIMIT
2021-01-29,DECISION,CRVUSDT,POSITION_LIMIT
2021-01-29,DECISION,XTZUSDT,POSITION_LIMIT
2021-01-29,DECISION,XLMUSDT,POSITION_LIMIT
2021-01-29,DECISION,AVAXUSDT,POSITION_LIMIT
2021-01-29,DECISION,BTCUSDT,POSITION_LIMIT
2021-01-29,DECISION,BCHUSDT,POSITION_LIMIT
2021-01-29,DECISION,YFIUSDT,POSITION_LIMIT
2021-01-29,DECISION,TRXUSDT,POSITION_LIMIT
2021-01-29,DECISION,LTCUSDT,POSITION_LIMIT
2021-01-29,DECISION,EOSUSDT,POSITION_LIMIT
2021-01-30,DECISION,UNIUSDT,POSITION_LIMIT
2021-01-30,DECISION,MKRUSDT,POSITION_LIMIT
2021-01-30,DECISION,CRVUSDT,POSITION_LIMIT
2021-01-30,DECISION,SXPUSDT,POSITION_LIMIT
2021-01-30,DECISION,DOTUSDT,POSITION_LIMIT
2021-01-30,DECISION,XTZUSDT,POSITION_LIMIT
2021-01-30,DECISION,BTCUSDT,POSITION_LIMIT
2021-01-30,DECISION,XRPUSDT,POSITION_LIMIT
2021-01-30,DECISION,BCHUSDT,POSITION_LIMIT
2021-01-30,DECISION,YFIUSDT,POSITION_LIMIT
2021-01-30,DECISION,TRXUSDT,POSITION_LIMIT
2021-01-30,DECISION,ETCUSDT,POSITION_LIMIT
2021-01-30,DECISION,LTCUSDT,POSITION_LIMIT
2021-01-30,DECISION,EOSUSDT,POSITION_LIMIT
2021-01-31,DECISION,UNIUSDT,POSITION_LIMIT
2021-01-31,DECISION,MKRUSDT,POSITION_LIMIT
2021-01-31,DECISION,CRVUSDT,POSITION_LIMIT
2021-01-31,DECISION,SXPUSDT,POSITION_LIMIT
2021-01-31,DECISION,DOTUSDT,POSITION_LIMIT
2021-01-31,DECISION,XTZUSDT,POSITION_LIMIT
2021-01-31,DECISION,BTCUSDT,POSITION_LIMIT
2021-01-31,DECISION,XRPUSDT,POSITION_LIMIT
2021-01-31,DECISION,BCHUSDT,POSITION_LIMIT
2021-01-31,DECISION,EOSUSDT,POSITION_LIMIT
2021-01-31,DECISION,YFIUSDT,POSITION_LIMIT
2021-01-31,DECISION,TRXUSDT,POSITION_LIMIT
2021-01-31,DECISION,ETCUSDT,POSITION_LIMIT
2021-01-31,DECISION,LTCUSDT,POSITION_LIMIT
2021-02-01,DECISION,UNIUSDT,POSITION_LIMIT
2021-02-01,DECISION,MKRUSDT,POSITION_LIMIT
2021-02-01,DECISION,CRVUSDT,POSITION_LIMIT
2021-02-01,DECISION,SXPUSDT,POSITION_LIMIT
2021-02-01,DECISION,AVAXUSDT,POSITION_LIMIT
2021-02-01,DECISION,DOTUSDT,POSITION_LIMIT
2021-02-01,DECISION,XTZUSDT,POSITION_LIMIT
2021-02-01,DECISION,BTCUSDT,POSITION_LIMIT
2021-02-01,DECISION,XRPUSDT,POSITION_LIMIT
2021-02-01,DECISION,BCHUSDT,POSITION_LIMIT
2021-02-01,DECISION,EOSUSDT,POSITION_LIMIT
2021-02-01,DECISION,YFIUSDT,POSITION_LIMIT
2021-02-01,DECISION,TRXUSDT,POSITION_LIMIT
2021-02-01,DECISION,LTCUSDT,POSITION_LIMIT
2021-02-02,DECISION,XLMUSDT,POSITION_LIMIT
2021-02-02,DECISION,UNIUSDT,POSITION_LIMIT
2021-02-02,DECISION,CRVUSDT,POSITION_LIMIT
2021-02-02,DECISION,SXPUSDT,POSITION_LIMIT
2021-02-02,DECISION,AVAXUSDT,POSITION_LIMIT
2021-02-02,DECISION,DOTUSDT,POSITION_LIMIT
2021-02-02,DECISION,XTZUSDT,POSITION_LIMIT
2021-02-02,DECISION,BTCUSDT,POSITION_LIMIT
2021-02-02,DECISION,LTCUSDT,POSITION_LIMIT
2021-02-02,DECISION,XRPUSDT,POSITION_LIMIT
2021-02-02,DECISION,BCHUSDT,POSITION_LIMIT
2021-02-02,DECISION,EOSUSDT,POSITION_LIMIT
2021-02-02,DECISION,YFIUSDT,POSITION_LIMIT
2021-02-02,DECISION,TRXUSDT,POSITION_LIMIT
2021-02-03,DECISION,BNBUSDT,POSITION_LIMIT
2021-02-03,DECISION,MKRUSDT,POSITION_LIMIT
2021-02-03,DECISION,CRVUSDT,POSITION_LIMIT
2021-02-03,DECISION,UNIUSDT,POSITION_LIMIT
2021-02-03,DECISION,SXPUSDT,POSITION_LIMIT
2021-02-03,DECISION,TRXUSDT,POSITION_LIMIT
2021-02-03,DECISION,XTZUSDT,POSITION_LIMIT
2021-02-03,DECISION,AVAXUSDT,POSITION_LIMIT
2021-02-03,DECISION,BTCUSDT,POSITION_LIMIT
2021-02-03,DECISION,LTCUSDT,POSITION_LIMIT
2021-02-03,DECISION,BCHUSDT,POSITION_LIMIT
2021-02-03,DECISION,YFIUSDT,POSITION_LIMIT
2021-02-03,DECISION,XRPUSDT,POSITION_LIMIT
2021-02-03,DECISION,EOSUSDT,POSITION_LIMIT
2021-02-04,DECISION,BNBUSDT,POSITION_LIMIT
2021-02-04,DECISION,MKRUSDT,POSITION_LIMIT
2021-02-04,DECISION,CRVUSDT,POSITION_LIMIT
2021-02-04,DECISION,UNIUSDT,POSITION_LIMIT
2021-02-04,DECISION,SXPUSDT,POSITION_LIMIT
2021-02-04,DECISION,TRXUSDT,POSITION_LIMIT
2021-02-04,DECISION,XTZUSDT,POSITION_LIMIT
2021-02-04,DECISION,AVAXUSDT,POSITION_LIMIT
2021-02-04,DECISION,BTCUSDT,POSITION_LIMIT
2021-02-04,DECISION,LTCUSDT,POSITION_LIMIT
2021-02-04,DECISION,BCHUSDT,POSITION_LIMIT
2021-02-04,DECISION,YFIUSDT,POSITION_LIMIT
2021-02-04,DECISION,XRPUSDT,POSITION_LIMIT
2021-02-04,DECISION,EOSUSDT,POSITION_LIMIT
2021-02-05,DECISION,BNBUSDT,POSITION_LIMIT
2021-02-05,DECISION,MKRUSDT,POSITION_LIMIT
2021-02-05,DECISION,CRVUSDT,POSITION_LIMIT
2021-02-05,DECISION,TRXUSDT,POSITION_LIMIT
2021-02-05,DECISION,XTZUSDT,POSITION_LIMIT
2021-02-05,DECISION,UNIUSDT,POSITION_LIMIT
2021-02-05,DECISION,SXPUSDT,POSITION_LIMIT
2021-02-05,DECISION,AVAXUSDT,POSITION_LIMIT
2021-02-05,DECISION,BTCUSDT,POSITION_LIMIT
2021-02-05,DECISION,LTCUSDT,POSITION_LIMIT
2021-02-05,DECISION,BCHUSDT,POSITION_LIMIT
2021-02-05,DECISION,YFIUSDT,POSITION_LIMIT
2021-02-05,DECISION,XRPUSDT,POSITION_LIMIT
2021-02-05,DECISION,EOSUSDT,POSITION_LIMIT
2021-02-06,DECISION,BNBUSDT,POSITION_LIMIT
2021-02-06,DECISION,MKRUSDT,POSITION_LIMIT
2021-02-06,DECISION,CRVUSDT,POSITION_LIMIT
2021-02-06,DECISION,TRXUSDT,POSITION_LIMIT
2021-02-06,DECISION,XTZUSDT,POSITION_LIMIT
2021-02-06,DECISION,UNIUSDT,POSITION_LIMIT
2021-02-06,DECISION,SXPUSDT,POSITION_LIMIT
2021-02-06,DECISION,AVAXUSDT,POSITION_LIMIT
2021-02-06,DECISION,BTCUSDT,POSITION_LIMIT
2021-02-06,DECISION,LTCUSDT,POSITION_LIMIT
2021-02-06,DECISION,BCHUSDT,POSITION_LIMIT
2021-02-06,DECISION,YFIUSDT,POSITION_LIMIT
2021-02-06,DECISION,XRPUSDT,POSITION_LIMIT
2021-02-06,DECISION,EOSUSDT,POSITION_LIMIT
2021-02-07,DECISION,BNBUSDT,POSITION_LIMIT
2021-02-07,DECISION,CRVUSDT,POSITION_LIMIT
2021-02-07,DECISION,MKRUSDT,POSITION_LIMIT
2021-02-07,DECISION,SXPUSDT,POSITION_LIMIT
2021-02-07,DECISION,TRXUSDT,POSITION_LIMIT
2021-02-07,DECISION,XTZUSDT,POSITION_LIMIT
2021-02-07,DECISION,AVAXUSDT,POSITION_LIMIT
2021-02-07,DECISION,BTCUSDT,POSITION_LIMIT
2021-02-07,DECISION,UNIUSDT,POSITION_LIMIT
2021-02-07,DECISION,LTCUSDT,POSITION_LIMIT
2021-02-07,DECISION,BCHUSDT,POSITION_LIMIT
2021-02-07,DECISION,XRPUSDT,POSITION_LIMIT
2021-02-07,DECISION,EOSUSDT,POSITION_LIMIT
2021-02-07,DECISION,YFIUSDT,POSITION_LIMIT
2021-02-08,DECISION,SUSHIUSDT,POSITION_LIMIT
2021-02-08,DECISION,BNBUSDT,POSITION_LIMIT
2021-02-08,DECISION,CRVUSDT,POSITION_LIMIT
2021-02-08,DECISION,MKRUSDT,POSITION_LIMIT
2021-02-08,DECISION,SXPUSDT,POSITION_LIMIT
2021-02-08,DECISION,XTZUSDT,POSITION_LIMIT
2021-02-08,DECISION,TRXUSDT,POSITION_LIMIT
2021-02-08,DECISION,AVAXUSDT,POSITION_LIMIT
2021-02-08,DECISION,UNIUSDT,POSITION_LIMIT
2021-02-08,DECISION,LTCUSDT,POSITION_LIMIT
2021-02-08,DECISION,BCHUSDT,POSITION_LIMIT
2021-02-08,DECISION,XRPUSDT,POSITION_LIMIT
2021-02-08,DECISION,EOSUSDT,POSITION_LIMIT
2021-02-08,DECISION,YFIUSDT,POSITION_LIMIT
2021-02-09,DECISION,XLMUSDT,POSITION_LIMIT
2021-02-09,DECISION,SUSHIUSDT,POSITION_LIMIT
2021-02-09,DECISION,BNBUSDT,POSITION_LIMIT
2021-02-09,DECISION,EOSUSDT,POSITION_LIMIT
2021-02-09,DECISION,CRVUSDT,POSITION_LIMIT
2021-02-09,DECISION,MKRUSDT,POSITION_LIMIT
2021-02-09,DECISION,SXPUSDT,POSITION_LIMIT
2021-02-09,DECISION,XTZUSDT,POSITION_LIMIT
2021-02-09,DECISION,TRXUSDT,POSITION_LIMIT
2021-02-09,DECISION,AVAXUSDT,POSITION_LIMIT
2021-02-09,DECISION,BCHUSDT,POSITION_LIMIT
2021-02-09,DECISION,UNIUSDT,POSITION_LIMIT
2021-02-09,DECISION,YFIUSDT,POSITION_LIMIT
2021-02-09,DECISION,XRPUSDT,POSITION_LIMIT
2021-02-10,DECISION,XLMUSDT,POSITION_LIMIT
2021-02-10,DECISION,SUSHIUSDT,POSITION_LIMIT
2021-02-10,DECISION,BNBUSDT,POSITION_LIMIT
2021-02-10,DECISION,EOSUSDT,POSITION_LIMIT
2021-02-10,DECISION,CRVUSDT,POSITION_LIMIT
2021-02-10,DECISION,MKRUSDT,POSITION_LIMIT
2021-02-10,DECISION,SXPUSDT,POSITION_LIMIT
2021-02-10,DECISION,XTZUSDT,POSITION_LIMIT
2021-02-10,DECISION,TRXUSDT,POSITION_LIMIT
2021-02-10,DECISION,AVAXUSDT,POSITION_LIMIT
2021-02-10,DECISION,BCHUSDT,POSITION_LIMIT
2021-02-10,DECISION,UNIUSDT,POSITION_LIMIT
2021-02-10,DECISION,YFIUSDT,POSITION_LIMIT
2021-02-10,DECISION,XRPUSDT,POSITION_LIMIT
2021-02-11,FILL,BTCUSDT,BELOW_EXCHANGE_MINIMUM_NOTIONAL
2021-02-11,DECISION,XLMUSDT,POSITION_LIMIT
2021-02-11,DECISION,SUSHIUSDT,POSITION_LIMIT
2021-02-11,DECISION,BNBUSDT,POSITION_LIMIT
2021-02-11,DECISION,EOSUSDT,POSITION_LIMIT
2021-02-11,DECISION,CRVUSDT,POSITION_LIMIT
2021-02-11,DECISION,YFIUSDT,POSITION_LIMIT
2021-02-11,DECISION,MKRUSDT,POSITION_LIMIT
2021-02-11,DECISION,SXPUSDT,POSITION_LIMIT
2021-02-11,DECISION,XTZUSDT,POSITION_LIMIT
2021-02-11,DECISION,TRXUSDT,POSITION_LIMIT
2021-02-11,DECISION,UNIUSDT,POSITION_LIMIT
2021-02-11,DECISION,BCHUSDT,POSITION_LIMIT
2021-02-11,DECISION,AVAXUSDT,POSITION_LIMIT
2021-02-11,DECISION,XRPUSDT,POSITION_LIMIT
2021-02-12,FILL,BTCUSDT,BELOW_EXCHANGE_MINIMUM_NOTIONAL
2021-02-12,DECISION,XLMUSDT,POSITION_LIMIT
2021-02-12,DECISION,DOGEUSDT,POSITION_LIMIT
2021-02-12,DECISION,SUSHIUSDT,POSITION_LIMIT
2021-02-12,DECISION,BNBUSDT,POSITION_LIMIT
2021-02-12,DECISION,EOSUSDT,POSITION_LIMIT
2021-02-12,DECISION,CRVUSDT,POSITION_LIMIT
2021-02-12,DECISION,YFIUSDT,POSITION_LIMIT
2021-02-12,DECISION,MKRUSDT,POSITION_LIMIT
2021-02-12,DECISION,SXPUSDT,POSITION_LIMIT
2021-02-12,DECISION,XTZUSDT,POSITION_LIMIT
2021-02-12,DECISION,UNIUSDT,POSITION_LIMIT
2021-02-12,DECISION,BCHUSDT,POSITION_LIMIT
2021-02-12,DECISION,AAVEUSDT,POSITION_LIMIT
2021-02-12,DECISION,XRPUSDT,POSITION_LIMIT
2021-02-13,FILL,BTCUSDT,BELOW_EXCHANGE_MINIMUM_NOTIONAL
2021-02-13,DECISION,BCHUSDT,POSITION_LIMIT
2021-02-13,DECISION,XLMUSDT,POSITION_LIMIT
2021-02-13,DECISION,SUSHIUSDT,POSITION_LIMIT
2021-02-13,DECISION,BNBUSDT,POSITION_LIMIT
2021-02-13,DECISION,EOSUSDT,POSITION_LIMIT
2021-02-13,DECISION,CRVUSDT,POSITION_LIMIT
2021-02-13,DECISION,YFIUSDT,POSITION_LIMIT
2021-02-13,DECISION,MKRUSDT,POSITION_LIMIT
2021-02-13,DECISION,SXPUSDT,POSITION_LIMIT
2021-02-13,DECISION,TRXUSDT,POSITION_LIMIT
2021-02-13,DECISION,DOGEUSDT,POSITION_LIMIT
2021-02-13,DECISION,UNIUSDT,POSITION_LIMIT
2021-02-13,DECISION,AAVEUSDT,POSITION_LIMIT
2021-02-13,DECISION,XRPUSDT,POSITION_LIMIT
2021-02-14,FILL,BTCUSDT,BELOW_EXCHANGE_MINIMUM_NOTIONAL
2021-02-14,DECISION,BCHUSDT,POSITION_LIMIT
2021-02-14,DECISION,XLMUSDT,POSITION_LIMIT
2021-02-14,DECISION,SUSHIUSDT,POSITION_LIMIT
2021-02-14,DECISION,BNBUSDT,POSITION_LIMIT
2021-02-14,DECISION,EOSUSDT,POSITION_LIMIT
2021-02-14,DECISION,YFIUSDT,POSITION_LIMIT
2021-02-14,DECISION,TRXUSDT,POSITION_LIMIT
2021-02-14,DECISION,DOGEUSDT,POSITION_LIMIT
2021-02-14,DECISION,UNIUSDT,POSITION_LIMIT
2021-02-14,DECISION,SXPUSDT,POSITION_LIMIT
2021-02-14,DECISION,MKRUSDT,POSITION_LIMIT
2021-02-14,DECISION,XRPUSDT,POSITION_LIMIT
2021-02-14,DECISION,AAVEUSDT,POSITION_LIMIT
2021-02-14,DECISION,CRVUSDT,POSITION_LIMIT
2021-02-15,FILL,BTCUSDT,BELOW_EXCHANGE_MINIMUM_NOTIONAL
2021-02-15,DECISION,BCHUSDT,POSITION_LIMIT
2021-02-15,DECISION,XLMUSDT,POSITION_LIMIT
2021-02-15,DECISION,SUSHIUSDT,POSITION_LIMIT
2021-02-15,DECISION,BNBUSDT,POSITION_LIMIT
2021-02-15,DECISION,EOSUSDT,POSITION_LIMIT
2021-02-15,DECISION,YFIUSDT,POSITION_LIMIT
2021-02-15,DECISION,TRXUSDT,POSITION_LIMIT
2021-02-15,DECISION,DOGEUSDT,POSITION_LIMIT
2021-02-15,DECISION,SXPUSDT,POSITION_LIMIT
2021-02-15,DECISION,XRPUSDT,POSITION_LIMIT
2021-02-15,DECISION,UNIUSDT,POSITION_LIMIT
2021-02-15,DECISION,CRVUSDT,POSITION_LIMIT
2021-02-15,DECISION,MKRUSDT,POSITION_LIMIT
2021-02-15,DECISION,AAVEUSDT,POSITION_LIMIT
2021-02-16,DECISION,BCHUSDT,POSITION_LIMIT
2021-02-16,DECISION,XLMUSDT,POSITION_LIMIT
2021-02-16,DECISION,BNBUSDT,POSITION_LIMIT
2021-02-16,DECISION,SUSHIUSDT,POSITION_LIMIT
2021-02-16,DECISION,EOSUSDT,POSITION_LIMIT
2021-02-16,DECISION,YFIUSDT,POSITION_LIMIT
2021-02-16,DECISION,TRXUSDT,POSITION_LIMIT
2021-02-16,DECISION,SXPUSDT,POSITION_LIMIT
2021-02-16,DECISION,DOGEUSDT,POSITION_LIMIT
2021-02-16,DECISION,UNIUSDT,POSITION_LIMIT
2021-02-16,DECISION,CRVUSDT,POSITION_LIMIT
2021-02-16,DECISION,MKRUSDT,POSITION_LIMIT
2021-02-16,DECISION,XRPUSDT,POSITION_LIMIT
2021-02-16,DECISION,AAVEUSDT,POSITION_LIMIT
2021-02-17,DECISION,BCHUSDT,POSITION_LIMIT
2021-02-17,DECISION,XLMUSDT,POSITION_LIMIT
2021-02-17,DECISION,BNBUSDT,POSITION_LIMIT
2021-02-17,DECISION,SUSHIUSDT,POSITION_LIMIT
2021-02-17,DECISION,EOSUSDT,POSITION_LIMIT
2021-02-17,DECISION,TRXUSDT,POSITION_LIMIT
2021-02-17,DECISION,YFIUSDT,POSITION_LIMIT
2021-02-17,DECISION,SXPUSDT,POSITION_LIMIT
2021-02-17,DECISION,DOGEUSDT,POSITION_LIMIT
2021-02-17,DECISION,UNIUSDT,POSITION_LIMIT
2021-02-17,DECISION,MKRUSDT,POSITION_LIMIT
2021-02-17,DECISION,CRVUSDT,POSITION_LIMIT
2021-02-17,DECISION,XRPUSDT,POSITION_LIMIT
2021-02-17,DECISION,AAVEUSDT,POSITION_LIMIT
2021-02-18,DECISION,BCHUSDT,POSITION_LIMIT
2021-02-18,DECISION,XLMUSDT,POSITION_LIMIT
2021-02-18,DECISION,BNBUSDT,POSITION_LIMIT
2021-02-18,DECISION,SUSHIUSDT,POSITION_LIMIT
2021-02-18,DECISION,EOSUSDT,POSITION_LIMIT
2021-02-18,DECISION,TRXUSDT,POSITION_LIMIT
2021-02-18,DECISION,SXPUSDT,POSITION_LIMIT
2021-02-18,DECISION,YFIUSDT,POSITION_LIMIT
2021-02-18,DECISION,DOGEUSDT,POSITION_LIMIT
2021-02-18,DECISION,UNIUSDT,POSITION_LIMIT
2021-02-18,DECISION,MKRUSDT,POSITION_LIMIT
2021-02-18,DECISION,CRVUSDT,POSITION_LIMIT
2021-02-18,DECISION,XRPUSDT,POSITION_LIMIT
2021-02-18,DECISION,AAVEUSDT,POSITION_LIMIT
2021-02-19,DECISION,BCHUSDT,POSITION_LIMIT
2021-02-19,DECISION,XLMUSDT,POSITION_LIMIT
2021-02-19,DECISION,BNBUSDT,POSITION_LIMIT
2021-02-19,DECISION,EOSUSDT,POSITION_LIMIT
2021-02-19,DECISION,TRXUSDT,POSITION_LIMIT
2021-02-19,DECISION,SXPUSDT,POSITION_LIMIT
2021-02-19,DECISION,YFIUSDT,POSITION_LIMIT
2021-02-19,DECISION,SUSHIUSDT,POSITION_LIMIT
2021-02-19,DECISION,DOGEUSDT,POSITION_LIMIT
2021-02-19,DECISION,UNIUSDT,POSITION_LIMIT
2021-02-19,DECISION,MKRUSDT,POSITION_LIMIT
2021-02-19,DECISION,XRPUSDT,POSITION_LIMIT
2021-02-19,DECISION,CRVUSDT,POSITION_LIMIT
2021-02-19,DECISION,AAVEUSDT,POSITION_LIMIT
2021-02-20,DECISION,BNBUSDT,POSITION_LIMIT
2021-02-20,DECISION,UNIUSDT,POSITION_LIMIT
2021-02-20,DECISION,XLMUSDT,POSITION_LIMIT
2021-02-20,DECISION,EOSUSDT,POSITION_LIMIT
2021-02-20,DECISION,SUSHIUSDT,POSITION_LIMIT
2021-02-20,DECISION,TRXUSDT,POSITION_LIMIT
2021-02-20,DECISION,SXPUSDT,POSITION_LIMIT
2021-02-20,DECISION,XTZUSDT,POSITION_LIMIT
2021-02-20,DECISION,YFIUSDT,POSITION_LIMIT
2021-02-20,DECISION,BCHUSDT,POSITION_LIMIT
2021-02-20,DECISION,DOGEUSDT,POSITION_LIMIT
2021-02-20,DECISION,MKRUSDT,POSITION_LIMIT
2021-02-20,DECISION,XRPUSDT,POSITION_LIMIT
2021-02-20,DECISION,AAVEUSDT,POSITION_LIMIT
2021-02-21,DECISION,BNBUSDT,POSITION_LIMIT
2021-02-21,DECISION,UNIUSDT,POSITION_LIMIT
2021-02-21,DECISION,EOSUSDT,POSITION_LIMIT
2021-02-21,DECISION,XLMUSDT,POSITION_LIMIT
2021-02-21,DECISION,SUSHIUSDT,POSITION_LIMIT
2021-02-21,DECISION,TRXUSDT,POSITION_LIMIT
2021-02-21,DECISION,SXPUSDT,POSITION_LIMIT
2021-02-21,DECISION,XTZUSDT,POSITION_LIMIT
2021-02-21,DECISION,YFIUSDT,POSITION_LIMIT
2021-02-21,DECISION,BCHUSDT,POSITION_LIMIT
2021-02-21,DECISION,DOGEUSDT,POSITION_LIMIT
2021-02-21,DECISION,MKRUSDT,POSITION_LIMIT
2021-02-21,DECISION,XRPUSDT,POSITION_LIMIT
2021-02-21,DECISION,AAVEUSDT,POSITION_LIMIT
2021-02-22,DECISION,SXPUSDT,POSITION_LIMIT
2021-02-22,DECISION,TRXUSDT,POSITION_LIMIT
2021-02-22,DECISION,LINKUSDT,POSITION_LIMIT
2021-02-22,DECISION,LTCUSDT,POSITION_LIMIT
2021-02-22,DECISION,EOSUSDT,POSITION_LIMIT
2021-02-22,DECISION,BCHUSDT,POSITION_LIMIT
2021-02-22,DECISION,ETHUSDT,POSITION_LIMIT
2021-02-22,DECISION,DOGEUSDT,POSITION_LIMIT
2021-02-22,DECISION,XLMUSDT,POSITION_LIMIT
2021-02-22,DECISION,XTZUSDT,POSITION_LIMIT
2021-02-22,DECISION,XRPUSDT,POSITION_LIMIT
2021-02-22,DECISION,MKRUSDT,POSITION_LIMIT
2021-02-22,DECISION,AVAXUSDT,POSITION_LIMIT
2021-02-22,DECISION,AAVEUSDT,POSITION_LIMIT
2021-02-23,DECISION,SXPUSDT,POSITION_LIMIT
2021-02-23,DECISION,LTCUSDT,POSITION_LIMIT
2021-02-23,DECISION,LINKUSDT,POSITION_LIMIT
2021-02-23,DECISION,BCHUSDT,POSITION_LIMIT
2021-02-23,DECISION,EOSUSDT,POSITION_LIMIT
2021-02-23,DECISION,TRXUSDT,POSITION_LIMIT
2021-02-23,DECISION,XTZUSDT,POSITION_LIMIT
2021-02-23,DECISION,ETHUSDT,POSITION_LIMIT
2021-02-23,DECISION,DOGEUSDT,POSITION_LIMIT
2021-02-23,DECISION,XLMUSDT,POSITION_LIMIT
2021-02-23,DECISION,MKRUSDT,POSITION_LIMIT
2021-02-23,DECISION,XRPUSDT,POSITION_LIMIT
2021-02-23,DECISION,AAVEUSDT,POSITION_LIMIT
2021-02-23,DECISION,AVAXUSDT,POSITION_LIMIT
2021-02-24,DECISION,SXPUSDT,POSITION_LIMIT
2021-02-24,DECISION,LTCUSDT,POSITION_LIMIT
2021-02-24,DECISION,LINKUSDT,POSITION_LIMIT
2021-02-24,DECISION,BCHUSDT,POSITION_LIMIT
2021-02-24,DECISION,EOSUSDT,POSITION_LIMIT
2021-02-24,DECISION,TRXUSDT,POSITION_LIMIT
2021-02-24,DECISION,ETHUSDT,POSITION_LIMIT
2021-02-24,DECISION,DOGEUSDT,POSITION_LIMIT
2021-02-24,DECISION,XLMUSDT,POSITION_LIMIT
2021-02-24,DECISION,MKRUSDT,POSITION_LIMIT
2021-02-24,DECISION,XTZUSDT,POSITION_LIMIT
2021-02-24,DECISION,AAVEUSDT,POSITION_LIMIT
2021-02-24,DECISION,AVAXUSDT,POSITION_LIMIT
2021-02-24,DECISION,XRPUSDT,POSITION_LIMIT
2021-02-25,FILL,BTCUSDT,QUANTITY_ROUNDS_TO_ZERO
2021-02-25,DECISION,LTCUSDT,POSITION_LIMIT
2021-02-25,DECISION,BCHUSDT,POSITION_LIMIT
2021-02-25,DECISION,TRXUSDT,POSITION_LIMIT
2021-02-25,DECISION,ETCUSDT,POSITION_LIMIT
2021-02-25,DECISION,LINKUSDT,POSITION_LIMIT
2021-02-25,DECISION,DOGEUSDT,POSITION_LIMIT
2021-02-25,DECISION,EOSUSDT,POSITION_LIMIT
2021-02-25,DECISION,XLMUSDT,POSITION_LIMIT
2021-02-25,DECISION,SUSHIUSDT,POSITION_LIMIT
2021-02-25,DECISION,MKRUSDT,POSITION_LIMIT
2021-02-25,DECISION,ETHUSDT,POSITION_LIMIT
2021-02-25,DECISION,AVAXUSDT,POSITION_LIMIT
2021-02-25,DECISION,XRPUSDT,POSITION_LIMIT
2021-02-25,DECISION,AAVEUSDT,POSITION_LIMIT
2021-02-26,DECISION,BTCUSDT,POSITION_LIMIT
2021-02-26,DECISION,LTCUSDT,POSITION_LIMIT
2021-02-26,DECISION,LINKUSDT,POSITION_LIMIT
2021-02-26,DECISION,DOGEUSDT,POSITION_LIMIT
2021-02-26,DECISION,BCHUSDT,POSITION_LIMIT
2021-02-26,DECISION,EOSUSDT,POSITION_LIMIT
2021-02-26,DECISION,XLMUSDT,POSITION_LIMIT
2021-02-26,DECISION,SUSHIUSDT,POSITION_LIMIT
2021-02-26,DECISION,ETCUSDT,POSITION_LIMIT
2021-02-26,DECISION,ETHUSDT,POSITION_LIMIT
2021-02-26,DECISION,AVAXUSDT,POSITION_LIMIT
2021-02-26,DECISION,MKRUSDT,POSITION_LIMIT
2021-02-26,DECISION,XRPUSDT,POSITION_LIMIT
2021-02-26,DECISION,AAVEUSDT,POSITION_LIMIT
2021-02-27,DECISION,BTCUSDT,POSITION_LIMIT
2021-02-27,DECISION,LTCUSDT,POSITION_LIMIT
2021-02-27,DECISION,DOGEUSDT,POSITION_LIMIT
2021-02-27,DECISION,LINKUSDT,POSITION_LIMIT
2021-02-27,DECISION,BCHUSDT,POSITION_LIMIT
2021-02-27,DECISION,EOSUSDT,POSITION_LIMIT
2021-02-27,DECISION,XLMUSDT,POSITION_LIMIT
2021-02-27,DECISION,SUSHIUSDT,POSITION_LIMIT
2021-02-27,DECISION,ETCUSDT,POSITION_LIMIT
2021-02-27,DECISION,ETHUSDT,POSITION_LIMIT
2021-02-27,DECISION,AVAXUSDT,POSITION_LIMIT
2021-02-27,DECISION,MKRUSDT,POSITION_LIMIT
2021-02-27,DECISION,XRPUSDT,POSITION_LIMIT
2021-02-27,DECISION,AAVEUSDT,POSITION_LIMIT
2021-02-28,DECISION,LTCUSDT,POSITION_LIMIT
2021-02-28,DECISION,DOGEUSDT,POSITION_LIMIT
2021-02-28,DECISION,BCHUSDT,POSITION_LIMIT
2021-02-28,DECISION,EOSUSDT,POSITION_LIMIT
2021-02-28,DECISION,XLMUSDT,POSITION_LIMIT
2021-02-28,DECISION,SUSHIUSDT,POSITION_LIMIT
2021-02-28,DECISION,SXPUSDT,POSITION_LIMIT
2021-02-28,DECISION,ETCUSDT,POSITION_LIMIT
2021-02-28,DECISION,ETHUSDT,POSITION_LIMIT
2021-02-28,DECISION,LINKUSDT,POSITION_LIMIT
2021-02-28,DECISION,AVAXUSDT,POSITION_LIMIT
2021-02-28,DECISION,MKRUSDT,POSITION_LIMIT
2021-02-28,DECISION,AAVEUSDT,POSITION_LIMIT
2021-02-28,DECISION,XRPUSDT,POSITION_LIMIT
2021-03-01,DECISION,BTCUSDT,POSITION_LIMIT
2021-03-01,DECISION,LTCUSDT,POSITION_LIMIT
2021-03-01,DECISION,DOGEUSDT,POSITION_LIMIT
2021-03-01,DECISION,BCHUSDT,POSITION_LIMIT
2021-03-01,DECISION,EOSUSDT,POSITION_LIMIT
2021-03-01,DECISION,XLMUSDT,POSITION_LIMIT
2021-03-01,DECISION,SXPUSDT,POSITION_LIMIT
2021-03-01,DECISION,ETCUSDT,POSITION_LIMIT
2021-03-01,DECISION,ETHUSDT,POSITION_LIMIT
2021-03-01,DECISION,LINKUSDT,POSITION_LIMIT
2021-03-01,DECISION,AVAXUSDT,POSITION_LIMIT
2021-03-01,DECISION,MKRUSDT,POSITION_LIMIT
2021-03-01,DECISION,AAVEUSDT,POSITION_LIMIT
2021-03-01,DECISION,XRPUSDT,POSITION_LIMIT
2021-03-02,DECISION,BTCUSDT,POSITION_LIMIT
2021-03-02,DECISION,LTCUSDT,POSITION_LIMIT
2021-03-02,DECISION,DOGEUSDT,POSITION_LIMIT
2021-03-02,DECISION,BCHUSDT,POSITION_LIMIT
2021-03-02,DECISION,EOSUSDT,POSITION_LIMIT
2021-03-02,DECISION,XLMUSDT,POSITION_LIMIT
2021-03-02,DECISION,SXPUSDT,POSITION_LIMIT
2021-03-02,DECISION,ETCUSDT,POSITION_LIMIT
2021-03-02,DECISION,ETHUSDT,POSITION_LIMIT
2021-03-02,DECISION,LINKUSDT,POSITION_LIMIT
2021-03-02,DECISION,AVAXUSDT,POSITION_LIMIT
2021-03-02,DECISION,MKRUSDT,POSITION_LIMIT
2021-03-02,DECISION,AAVEUSDT,POSITION_LIMIT
2021-03-02,DECISION,XRPUSDT,POSITION_LIMIT
2021-03-03,DECISION,BTCUSDT,POSITION_LIMIT
2021-03-03,DECISION,LTCUSDT,POSITION_LIMIT
2021-03-03,DECISION,DOGEUSDT,POSITION_LIMIT
2021-03-03,DECISION,BCHUSDT,POSITION_LIMIT
2021-03-03,DECISION,EOSUSDT,POSITION_LIMIT
2021-03-03,DECISION,XLMUSDT,POSITION_LIMIT
2021-03-03,DECISION,SXPUSDT,POSITION_LIMIT
2021-03-03,DECISION,ETCUSDT,POSITION_LIMIT
2021-03-03,DECISION,ETHUSDT,POSITION_LIMIT
2021-03-03,DECISION,LINKUSDT,POSITION_LIMIT
2021-03-03,DECISION,AVAXUSDT,POSITION_LIMIT
2021-03-03,DECISION,MKRUSDT,POSITION_LIMIT
2021-03-03,DECISION,AAVEUSDT,POSITION_LIMIT
2021-03-03,DECISION,XRPUSDT,POSITION_LIMIT
2021-03-04,DECISION,BTCUSDT,POSITION_LIMIT
2021-03-04,DECISION,LTCUSDT,POSITION_LIMIT
2021-03-04,DECISION,DOGEUSDT,POSITION_LIMIT
2021-03-04,DECISION,BCHUSDT,POSITION_LIMIT
2021-03-04,DECISION,EOSUSDT,POSITION_LIMIT
2021-03-04,DECISION,XLMUSDT,POSITION_LIMIT
2021-03-04,DECISION,SXPUSDT,POSITION_LIMIT
2021-03-04,DECISION,ETCUSDT,POSITION_LIMIT
2021-03-04,DECISION,ETHUSDT,POSITION_LIMIT
2021-03-04,DECISION,LINKUSDT,POSITION_LIMIT
2021-03-04,DECISION,AVAXUSDT,POSITION_LIMIT
2021-03-04,DECISION,MKRUSDT,POSITION_LIMIT
2021-03-04,DECISION,AAVEUSDT,POSITION_LIMIT
2021-03-04,DECISION,XRPUSDT,POSITION_LIMIT
2021-03-05,DECISION,BTCUSDT,POSITION_LIMIT
2021-03-05,DECISION,LTCUSDT,POSITION_LIMIT
2021-03-05,DECISION,DOGEUSDT,POSITION_LIMIT
2021-03-05,DECISION,BCHUSDT,POSITION_LIMIT
2021-03-05,DECISION,EOSUSDT,POSITION_LIMIT
2021-03-05,DECISION,XLMUSDT,POSITION_LIMIT
2021-03-05,DECISION,SXPUSDT,POSITION_LIMIT
2021-03-05,DECISION,ETCUSDT,POSITION_LIMIT
2021-03-05,DECISION,ETHUSDT,POSITION_LIMIT
2021-03-05,DECISION,LINKUSDT,POSITION_LIMIT
2021-03-05,DECISION,AVAXUSDT,POSITION_LIMIT
2021-03-05,DECISION,MKRUSDT,POSITION_LIMIT
2021-03-05,DECISION,AAVEUSDT,POSITION_LIMIT
2021-03-05,DECISION,XRPUSDT,POSITION_LIMIT
2021-03-06,DECISION,BTCUSDT,POSITION_LIMIT
2021-03-06,DECISION,ETHUSDT,POSITION_LIMIT
2021-03-06,DECISION,LTCUSDT,POSITION_LIMIT
2021-03-06,DECISION,BCHUSDT,POSITION_LIMIT
2021-03-06,DECISION,DOGEUSDT,POSITION_LIMIT
2021-03-06,DECISION,EOSUSDT,POSITION_LIMIT
2021-03-06,DECISION,XLMUSDT,POSITION_LIMIT
2021-03-06,DECISION,SXPUSDT,POSITION_LIMIT
2021-03-06,DECISION,ETCUSDT,POSITION_LIMIT
2021-03-06,DECISION,MKRUSDT,POSITION_LIMIT
2021-03-06,DECISION,LINKUSDT,POSITION_LIMIT
2021-03-06,DECISION,AVAXUSDT,POSITION_LIMIT
2021-03-06,DECISION,AAVEUSDT,POSITION_LIMIT
2021-03-06,DECISION,XRPUSDT,POSITION_LIMIT
2021-03-07,DECISION,BTCUSDT,POSITION_LIMIT
2021-03-07,DECISION,LTCUSDT,POSITION_LIMIT
2021-03-07,DECISION,EOSUSDT,POSITION_LIMIT
2021-03-07,DECISION,DOGEUSDT,POSITION_LIMIT
2021-03-07,DECISION,ETCUSDT,POSITION_LIMIT
2021-03-07,DECISION,ETHUSDT,POSITION_LIMIT
2021-03-07,DECISION,BCHUSDT,POSITION_LIMIT
2021-03-07,DECISION,XLMUSDT,POSITION_LIMIT
2021-03-07,DECISION,SXPUSDT,POSITION_LIMIT
2021-03-07,DECISION,MKRUSDT,POSITION_LIMIT
2021-03-07,DECISION,LINKUSDT,POSITION_LIMIT
2021-03-07,DECISION,AAVEUSDT,POSITION_LIMIT
2021-03-07,DECISION,AVAXUSDT,POSITION_LIMIT
2021-03-07,DECISION,XRPUSDT,POSITION_LIMIT
2021-03-08,DECISION,TRXUSDT,POSITION_LIMIT
2021-03-08,DECISION,BTCUSDT,POSITION_LIMIT
2021-03-08,DECISION,LTCUSDT,POSITION_LIMIT
2021-03-08,DECISION,BCHUSDT,POSITION_LIMIT
2021-03-08,DECISION,EOSUSDT,POSITION_LIMIT
2021-03-08,DECISION,SXPUSDT,POSITION_LIMIT
2021-03-08,DECISION,ETCUSDT,POSITION_LIMIT
2021-03-08,DECISION,ETHUSDT,POSITION_LIMIT
2021-03-08,DECISION,LINKUSDT,POSITION_LIMIT
2021-03-08,DECISION,XLMUSDT,POSITION_LIMIT
2021-03-08,DECISION,MKRUSDT,POSITION_LIMIT
2021-03-08,DECISION,AAVEUSDT,POSITION_LIMIT
2021-03-08,DECISION,AVAXUSDT,POSITION_LIMIT
2021-03-08,DECISION,XRPUSDT,POSITION_LIMIT
2021-03-09,DECISION,TRXUSDT,POSITION_LIMIT
2021-03-09,DECISION,BTCUSDT,POSITION_LIMIT
2021-03-09,DECISION,LTCUSDT,POSITION_LIMIT
2021-03-09,DECISION,BCHUSDT,POSITION_LIMIT
2021-03-09,DECISION,EOSUSDT,POSITION_LIMIT
2021-03-09,DECISION,SXPUSDT,POSITION_LIMIT
2021-03-09,DECISION,ETCUSDT,POSITION_LIMIT
2021-03-09,DECISION,ETHUSDT,POSITION_LIMIT
2021-03-09,DECISION,LINKUSDT,POSITION_LIMIT
2021-03-09,DECISION,XLMUSDT,POSITION_LIMIT
2021-03-09,DECISION,AVAXUSDT,POSITION_LIMIT
2021-03-09,DECISION,MKRUSDT,POSITION_LIMIT
2021-03-09,DECISION,AAVEUSDT,POSITION_LIMIT
2021-03-09,DECISION,XRPUSDT,POSITION_LIMIT
2021-03-10,FILL,UNIUSDT,QUANTITY_ROUNDS_TO_ZERO
2021-03-10,DECISION,TRXUSDT,POSITION_LIMIT
2021-03-10,DECISION,BTCUSDT,POSITION_LIMIT
2021-03-10,DECISION,LTCUSDT,POSITION_LIMIT
2021-03-10,DECISION,BCHUSDT,POSITION_LIMIT
2021-03-10,DECISION,EOSUSDT,POSITION_LIMIT
2021-03-10,DECISION,SXPUSDT,POSITION_LIMIT
2021-03-10,DECISION,ETCUSDT,POSITION_LIMIT
2021-03-10,DECISION,ETHUSDT,POSITION_LIMIT
2021-03-10,DECISION,LINKUSDT,POSITION_LIMIT
2021-03-10,DECISION,XLMUSDT,POSITION_LIMIT
2021-03-10,DECISION,AVAXUSDT,POSITION_LIMIT
2021-03-10,DECISION,MKRUSDT,POSITION_LIMIT
2021-03-10,DECISION,AAVEUSDT,POSITION_LIMIT
2021-03-10,DECISION,XRPUSDT,POSITION_LIMIT
2021-03-11,DECISION,DOGEUSDT,POSITION_LIMIT
2021-03-11,DECISION,TRXUSDT,POSITION_LIMIT
2021-03-11,DECISION,LTCUSDT,POSITION_LIMIT
2021-03-11,DECISION,BCHUSDT,POSITION_LIMIT
2021-03-11,DECISION,EOSUSDT,POSITION_LIMIT
2021-03-11,DECISION,SXPUSDT,POSITION_LIMIT
2021-03-11,DECISION,ETCUSDT,POSITION_LIMIT
2021-03-11,DECISION,ETHUSDT,POSITION_LIMIT
2021-03-11,DECISION,LINKUSDT,POSITION_LIMIT
2021-03-11,DECISION,XLMUSDT,POSITION_LIMIT
2021-03-11,DECISION,AVAXUSDT,POSITION_LIMIT
2021-03-11,DECISION,MKRUSDT,POSITION_LIMIT
2021-03-11,DECISION,AAVEUSDT,POSITION_LIMIT
2021-03-11,DECISION,XRPUSDT,POSITION_LIMIT
2021-03-12,DECISION,LTCUSDT,POSITION_LIMIT
2021-03-12,DECISION,BCHUSDT,POSITION_LIMIT
2021-03-12,DECISION,SXPUSDT,POSITION_LIMIT
2021-03-12,DECISION,ETCUSDT,POSITION_LIMIT
2021-03-12,DECISION,TRXUSDT,POSITION_LIMIT
2021-03-12,DECISION,ETHUSDT,POSITION_LIMIT
2021-03-12,DECISION,ADAUSDT,POSITION_LIMIT
2021-03-12,DECISION,EOSUSDT,POSITION_LIMIT
2021-03-12,DECISION,AVAXUSDT,POSITION_LIMIT
2021-03-12,DECISION,XLMUSDT,POSITION_LIMIT
2021-03-12,DECISION,LINKUSDT,POSITION_LIMIT
2021-03-12,DECISION,MKRUSDT,POSITION_LIMIT
2021-03-12,DECISION,AAVEUSDT,POSITION_LIMIT
2021-03-12,DECISION,XRPUSDT,POSITION_LIMIT
2021-03-13,DECISION,LTCUSDT,POSITION_LIMIT
2021-03-13,DECISION,BCHUSDT,POSITION_LIMIT
2021-03-13,DECISION,EOSUSDT,POSITION_LIMIT
2021-03-13,DECISION,SXPUSDT,POSITION_LIMIT
2021-03-13,DECISION,ETCUSDT,POSITION_LIMIT
2021-03-13,DECISION,TRXUSDT,POSITION_LIMIT
2021-03-13,DECISION,ETHUSDT,POSITION_LIMIT
2021-03-13,DECISION,ADAUSDT,POSITION_LIMIT
2021-03-13,DECISION,AVAXUSDT,POSITION_LIMIT
2021-03-13,DECISION,XLMUSDT,POSITION_LIMIT
2021-03-13,DECISION,LINKUSDT,POSITION_LIMIT
2021-03-13,DECISION,MKRUSDT,POSITION_LIMIT
2021-03-13,DECISION,AAVEUSDT,POSITION_LIMIT
2021-03-13,DECISION,XRPUSDT,POSITION_LIMIT
2021-03-14,DECISION,LTCUSDT,POSITION_LIMIT
2021-03-14,DECISION,BCHUSDT,POSITION_LIMIT
2021-03-14,DECISION,EOSUSDT,POSITION_LIMIT
2021-03-14,DECISION,SXPUSDT,POSITION_LIMIT
2021-03-14,DECISION,ETCUSDT,POSITION_LIMIT
2021-03-14,DECISION,TRXUSDT,POSITION_LIMIT
2021-03-14,DECISION,ETHUSDT,POSITION_LIMIT
2021-03-14,DECISION,ADAUSDT,POSITION_LIMIT
2021-03-14,DECISION,AVAXUSDT,POSITION_LIMIT
2021-03-14,DECISION,XLMUSDT,POSITION_LIMIT
2021-03-14,DECISION,LINKUSDT,POSITION_LIMIT
2021-03-14,DECISION,MKRUSDT,POSITION_LIMIT
2021-03-14,DECISION,AAVEUSDT,POSITION_LIMIT
2021-03-14,DECISION,XRPUSDT,POSITION_LIMIT
2021-03-15,DECISION,LTCUSDT,POSITION_LIMIT
2021-03-15,DECISION,EOSUSDT,POSITION_LIMIT
2021-03-15,DECISION,ETCUSDT,POSITION_LIMIT
2021-03-15,DECISION,TRXUSDT,POSITION_LIMIT
2021-03-15,DECISION,ETHUSDT,POSITION_LIMIT
2021-03-15,DECISION,ADAUSDT,POSITION_LIMIT
2021-03-15,DECISION,BCHUSDT,POSITION_LIMIT
2021-03-15,DECISION,AVAXUSDT,POSITION_LIMIT
2021-03-15,DECISION,SXPUSDT,POSITION_LIMIT
2021-03-15,DECISION,XLMUSDT,POSITION_LIMIT
2021-03-15,DECISION,LINKUSDT,POSITION_LIMIT
2021-03-15,DECISION,MKRUSDT,POSITION_LIMIT
2021-03-15,DECISION,AAVEUSDT,POSITION_LIMIT
2021-03-15,DECISION,XRPUSDT,POSITION_LIMIT
2021-03-16,DECISION,ADAUSDT,POSITION_LIMIT
2021-03-16,DECISION,LTCUSDT,POSITION_LIMIT
2021-03-16,DECISION,EOSUSDT,POSITION_LIMIT
2021-03-16,DECISION,ETCUSDT,POSITION_LIMIT
2021-03-16,DECISION,TRXUSDT,POSITION_LIMIT
2021-03-16,DECISION,ETHUSDT,POSITION_LIMIT
2021-03-16,DECISION,BCHUSDT,POSITION_LIMIT
2021-03-16,DECISION,AVAXUSDT,POSITION_LIMIT
2021-03-16,DECISION,SXPUSDT,POSITION_LIMIT
2021-03-16,DECISION,XLMUSDT,POSITION_LIMIT
2021-03-16,DECISION,LINKUSDT,POSITION_LIMIT
2021-03-16,DECISION,MKRUSDT,POSITION_LIMIT
2021-03-16,DECISION,AAVEUSDT,POSITION_LIMIT
2021-03-16,DECISION,XRPUSDT,POSITION_LIMIT
2021-03-17,DECISION,UNIUSDT,POSITION_LIMIT
2021-03-17,DECISION,DOGEUSDT,POSITION_LIMIT
2021-03-17,DECISION,LTCUSDT,POSITION_LIMIT
2021-03-17,DECISION,EOSUSDT,POSITION_LIMIT
2021-03-17,DECISION,ETCUSDT,POSITION_LIMIT
2021-03-17,DECISION,ETHUSDT,POSITION_LIMIT
2021-03-17,DECISION,BCHUSDT,POSITION_LIMIT
2021-03-17,DECISION,AVAXUSDT,POSITION_LIMIT
2021-03-17,DECISION,SXPUSDT,POSITION_LIMIT
2021-03-17,DECISION,XLMUSDT,POSITION_LIMIT
2021-03-17,DECISION,LINKUSDT,POSITION_LIMIT
2021-03-17,DECISION,MKRUSDT,POSITION_LIMIT
2021-03-17,DECISION,AAVEUSDT,POSITION_LIMIT
2021-03-17,DECISION,XRPUSDT,POSITION_LIMIT
2021-03-18,DECISION,SUSHIUSDT,POSITION_LIMIT
2021-03-18,DECISION,DOGEUSDT,POSITION_LIMIT
2021-03-18,DECISION,EOSUSDT,POSITION_LIMIT
2021-03-18,DECISION,ETCUSDT,POSITION_LIMIT
2021-03-18,DECISION,LTCUSDT,POSITION_LIMIT
2021-03-18,DECISION,BCHUSDT,POSITION_LIMIT
2021-03-18,DECISION,AVAXUSDT,POSITION_LIMIT
2021-03-18,DECISION,SXPUSDT,POSITION_LIMIT
2021-03-18,DECISION,XLMUSDT,POSITION_LIMIT
2021-03-18,DECISION,ETHUSDT,POSITION_LIMIT
2021-03-18,DECISION,LINKUSDT,POSITION_LIMIT
2021-03-18,DECISION,MKRUSDT,POSITION_LIMIT
2021-03-18,DECISION,AAVEUSDT,POSITION_LIMIT
2021-03-18,DECISION,XRPUSDT,POSITION_LIMIT
2021-03-19,DECISION,DOTUSDT,POSITION_LIMIT
2021-03-19,DECISION,SUSHIUSDT,POSITION_LIMIT
2021-03-19,DECISION,DOGEUSDT,POSITION_LIMIT
2021-03-19,DECISION,EOSUSDT,POSITION_LIMIT
2021-03-19,DECISION,AVAXUSDT,POSITION_LIMIT
2021-03-19,DECISION,ETCUSDT,POSITION_LIMIT
2021-03-19,DECISION,LTCUSDT,POSITION_LIMIT
2021-03-19,DECISION,BCHUSDT,POSITION_LIMIT
2021-03-19,DECISION,XLMUSDT,POSITION_LIMIT
2021-03-19,DECISION,ETHUSDT,POSITION_LIMIT
2021-03-19,DECISION,LINKUSDT,POSITION_LIMIT
2021-03-19,DECISION,MKRUSDT,POSITION_LIMIT
2021-03-19,DECISION,AAVEUSDT,POSITION_LIMIT
2021-03-19,DECISION,XRPUSDT,POSITION_LIMIT
2021-03-20,DECISION,SUSHIUSDT,POSITION_LIMIT
2021-03-20,DECISION,EOSUSDT,POSITION_LIMIT
2021-03-20,DECISION,ENJUSDT,POSITION_LIMIT
2021-03-20,DECISION,DOGEUSDT,POSITION_LIMIT
2021-03-20,DECISION,AVAXUSDT,POSITION_LIMIT
2021-03-20,DECISION,XLMUSDT,POSITION_LIMIT
2021-03-20,DECISION,ETCUSDT,POSITION_LIMIT
2021-03-20,DECISION,LTCUSDT,POSITION_LIMIT
2021-03-20,DECISION,BCHUSDT,POSITION_LIMIT
2021-03-20,DECISION,ETHUSDT,POSITION_LIMIT
2021-03-20,DECISION,XRPUSDT,POSITION_LIMIT
2021-03-20,DECISION,LINKUSDT,POSITION_LIMIT
2021-03-20,DECISION,MKRUSDT,POSITION_LIMIT
2021-03-20,DECISION,AAVEUSDT,POSITION_LIMIT
2021-03-21,DECISION,SUSHIUSDT,POSITION_LIMIT
2021-03-21,DECISION,EOSUSDT,POSITION_LIMIT
2021-03-21,DECISION,ENJUSDT,POSITION_LIMIT
2021-03-21,DECISION,DOGEUSDT,POSITION_LIMIT
2021-03-21,DECISION,AVAXUSDT,POSITION_LIMIT
2021-03-21,DECISION,XLMUSDT,POSITION_LIMIT
2021-03-21,DECISION,LTCUSDT,POSITION_LIMIT
2021-03-21,DECISION,BCHUSDT,POSITION_LIMIT
2021-03-21,DECISION,ETCUSDT,POSITION_LIMIT
2021-03-21,DECISION,ETHUSDT,POSITION_LIMIT
2021-03-21,DECISION,XRPUSDT,POSITION_LIMIT
2021-03-21,DECISION,LINKUSDT,POSITION_LIMIT
2021-03-21,DECISION,MKRUSDT,POSITION_LIMIT
2021-03-21,DECISION,AAVEUSDT,POSITION_LIMIT
2021-03-22,DECISION,ENJUSDT,POSITION_LIMIT
2021-03-22,DECISION,BTCUSDT,POSITION_LIMIT
2021-03-22,DECISION,SUSHIUSDT,POSITION_LIMIT
2021-03-22,DECISION,EOSUSDT,POSITION_LIMIT
2021-03-22,DECISION,LTCUSDT,POSITION_LIMIT
2021-03-22,DECISION,BCHUSDT,POSITION_LIMIT
2021-03-22,DECISION,AVAXUSDT,POSITION_LIMIT
2021-03-22,DECISION,XLMUSDT,POSITION_LIMIT
2021-03-22,DECISION,ETCUSDT,POSITION_LIMIT
2021-03-22,DECISION,MATICUSDT,POSITION_LIMIT
2021-03-22,DECISION,ETHUSDT,POSITION_LIMIT
2021-03-22,DECISION,XRPUSDT,POSITION_LIMIT
2021-03-22,DECISION,LINKUSDT,POSITION_LIMIT
2021-03-22,DECISION,AAVEUSDT,POSITION_LIMIT
2021-03-23,DECISION,BTCUSDT,POSITION_LIMIT
2021-03-23,DECISION,EOSUSDT,POSITION_LIMIT
2021-03-23,DECISION,DOTUSDT,POSITION_LIMIT
2021-03-23,DECISION,LTCUSDT,POSITION_LIMIT
2021-03-23,DECISION,BCHUSDT,POSITION_LIMIT
2021-03-23,DECISION,XLMUSDT,POSITION_LIMIT
2021-03-23,DECISION,ETCUSDT,POSITION_LIMIT
2021-03-23,DECISION,ETHUSDT,POSITION_LIMIT
2021-03-23,DECISION,XRPUSDT,POSITION_LIMIT
2021-03-23,DECISION,LINKUSDT,POSITION_LIMIT
2021-03-23,DECISION,SUSHIUSDT,POSITION_LIMIT
2021-03-23,DECISION,AVAXUSDT,POSITION_LIMIT
2021-03-23,DECISION,MKRUSDT,POSITION_LIMIT
2021-03-23,DECISION,AAVEUSDT,POSITION_LIMIT
2021-03-24,DECISION,EOSUSDT,POSITION_LIMIT
2021-03-24,DECISION,SXPUSDT,POSITION_LIMIT
2021-03-24,DECISION,ETCUSDT,POSITION_LIMIT
2021-03-24,DECISION,ETHUSDT,POSITION_LIMIT
2021-03-24,DECISION,LTCUSDT,POSITION_LIMIT
2021-03-24,DECISION,XRPUSDT,POSITION_LIMIT
2021-03-24,DECISION,LINKUSDT,POSITION_LIMIT
2021-03-24,DECISION,SUSHIUSDT,POSITION_LIMIT
2021-03-24,DECISION,BCHUSDT,POSITION_LIMIT
2021-03-24,DECISION,AVAXUSDT,POSITION_LIMIT
2021-03-24,DECISION,DOTUSDT,POSITION_LIMIT
2021-03-24,DECISION,XLMUSDT,POSITION_LIMIT
2021-03-24,DECISION,MKRUSDT,POSITION_LIMIT
2021-03-24,DECISION,AAVEUSDT,POSITION_LIMIT
2021-03-25,FILL,UNIUSDT,QUANTITY_ROUNDS_TO_ZERO
2021-03-25,DECISION,UNIUSDT,POSITION_LIMIT
2021-03-25,DECISION,SXPUSDT,POSITION_LIMIT
2021-03-25,DECISION,ETHUSDT,POSITION_LIMIT
2021-03-25,DECISION,LTCUSDT,POSITION_LIMIT
2021-03-25,DECISION,XRPUSDT,POSITION_LIMIT
2021-03-25,DECISION,LINKUSDT,POSITION_LIMIT
2021-03-25,DECISION,EOSUSDT,POSITION_LIMIT
2021-03-25,DECISION,SUSHIUSDT,POSITION_LIMIT
2021-03-25,DECISION,BCHUSDT,POSITION_LIMIT
2021-03-25,DECISION,AVAXUSDT,POSITION_LIMIT
2021-03-25,DECISION,DOTUSDT,POSITION_LIMIT
2021-03-25,DECISION,XLMUSDT,POSITION_LIMIT
2021-03-25,DECISION,MKRUSDT,POSITION_LIMIT
2021-03-25,DECISION,AAVEUSDT,POSITION_LIMIT
2021-03-26,DECISION,XRPUSDT,POSITION_LIMIT
2021-03-26,DECISION,UNIUSDT,POSITION_LIMIT
2021-03-26,DECISION,SXPUSDT,POSITION_LIMIT
2021-03-26,DECISION,ETHUSDT,POSITION_LIMIT
2021-03-26,DECISION,LTCUSDT,POSITION_LIMIT
2021-03-26,DECISION,LINKUSDT,POSITION_LIMIT
2021-03-26,DECISION,EOSUSDT,POSITION_LIMIT
2021-03-26,DECISION,SUSHIUSDT,POSITION_LIMIT
2021-03-26,DECISION,BCHUSDT,POSITION_LIMIT
2021-03-26,DECISION,AVAXUSDT,POSITION_LIMIT
2021-03-26,DECISION,DOTUSDT,POSITION_LIMIT
2021-03-26,DECISION,XLMUSDT,POSITION_LIMIT
2021-03-26,DECISION,MKRUSDT,POSITION_LIMIT
2021-03-26,DECISION,AAVEUSDT,POSITION_LIMIT
2021-03-27,DECISION,BNBUSDT,POSITION_LIMIT
2021-03-27,DECISION,XRPUSDT,POSITION_LIMIT
2021-03-27,DECISION,UNIUSDT,POSITION_LIMIT
2021-03-27,DECISION,SXPUSDT,POSITION_LIMIT
2021-03-27,DECISION,ETHUSDT,POSITION_LIMIT
2021-03-27,DECISION,LTCUSDT,POSITION_LIMIT
2021-03-27,DECISION,LINKUSDT,POSITION_LIMIT
2021-03-27,DECISION,EOSUSDT,POSITION_LIMIT
2021-03-27,DECISION,SUSHIUSDT,POSITION_LIMIT
2021-03-27,DECISION,AVAXUSDT,POSITION_LIMIT
2021-03-27,DECISION,BCHUSDT,POSITION_LIMIT
2021-03-27,DECISION,DOTUSDT,POSITION_LIMIT
2021-03-27,DECISION,XLMUSDT,POSITION_LIMIT
2021-03-27,DECISION,AAVEUSDT,POSITION_LIMIT
2021-03-28,DECISION,BNBUSDT,POSITION_LIMIT
2021-03-28,DECISION,XRPUSDT,POSITION_LIMIT
2021-03-28,DECISION,UNIUSDT,POSITION_LIMIT
2021-03-28,DECISION,SXPUSDT,POSITION_LIMIT
2021-03-28,DECISION,ETHUSDT,POSITION_LIMIT
2021-03-28,DECISION,LTCUSDT,POSITION_LIMIT
2021-03-28,DECISION,LINKUSDT,POSITION_LIMIT
2021-03-28,DECISION,EOSUSDT,POSITION_LIMIT
2021-03-28,DECISION,SUSHIUSDT,POSITION_LIMIT
2021-03-28,DECISION,AVAXUSDT,POSITION_LIMIT
2021-03-28,DECISION,BCHUSDT,POSITION_LIMIT
2021-03-28,DECISION,DOTUSDT,POSITION_LIMIT
2021-03-28,DECISION,XLMUSDT,POSITION_LIMIT
2021-03-28,DECISION,AAVEUSDT,POSITION_LIMIT
2021-03-29,DECISION,BTCUSDT,POSITION_LIMIT
2021-03-29,DECISION,ETHUSDT,POSITION_LIMIT
2021-03-29,DECISION,XRPUSDT,POSITION_LIMIT
2021-03-29,DECISION,UNIUSDT,POSITION_LIMIT
2021-03-29,DECISION,SXPUSDT,POSITION_LIMIT
2021-03-29,DECISION,LTCUSDT,POSITION_LIMIT
2021-03-29,DECISION,LINKUSDT,POSITION_LIMIT
2021-03-29,DECISION,EOSUSDT,POSITION_LIMIT
2021-03-29,DECISION,SUSHIUSDT,POSITION_LIMIT
2021-03-29,DECISION,AVAXUSDT,POSITION_LIMIT
2021-03-29,DECISION,BCHUSDT,POSITION_LIMIT
2021-03-29,DECISION,DOTUSDT,POSITION_LIMIT
2021-03-29,DECISION,XLMUSDT,POSITION_LIMIT
2021-03-29,DECISION,AAVEUSDT,POSITION_LIMIT
2021-03-30,DECISION,VETUSDT,POSITION_LIMIT
2021-03-30,DECISION,BTCUSDT,POSITION_LIMIT
2021-03-30,DECISION,ETHUSDT,POSITION_LIMIT
2021-03-30,DECISION,XRPUSDT,POSITION_LIMIT
2021-03-30,DECISION,UNIUSDT,POSITION_LIMIT
2021-03-30,DECISION,SXPUSDT,POSITION_LIMIT
2021-03-30,DECISION,LTCUSDT,POSITION_LIMIT
2021-03-30,DECISION,LINKUSDT,POSITION_LIMIT
2021-03-30,DECISION,AVAXUSDT,POSITION_LIMIT
2021-03-30,DECISION,SUSHIUSDT,POSITION_LIMIT
2021-03-30,DECISION,BCHUSDT,POSITION_LIMIT
2021-03-30,DECISION,DOTUSDT,POSITION_LIMIT
2021-03-30,DECISION,XLMUSDT,POSITION_LIMIT
2021-03-30,DECISION,AAVEUSDT,POSITION_LIMIT
2021-03-31,DECISION,VETUSDT,POSITION_LIMIT
2021-03-31,DECISION,BTCUSDT,POSITION_LIMIT
2021-03-31,DECISION,ETHUSDT,POSITION_LIMIT
2021-03-31,DECISION,XRPUSDT,POSITION_LIMIT
2021-03-31,DECISION,LTCUSDT,POSITION_LIMIT
2021-03-31,DECISION,LINKUSDT,POSITION_LIMIT
2021-03-31,DECISION,UNIUSDT,POSITION_LIMIT
2021-03-31,DECISION,SXPUSDT,POSITION_LIMIT
2021-03-31,DECISION,BCHUSDT,POSITION_LIMIT
2021-03-31,DECISION,DOTUSDT,POSITION_LIMIT
2021-03-31,DECISION,AVAXUSDT,POSITION_LIMIT
2021-03-31,DECISION,XLMUSDT,POSITION_LIMIT
2021-03-31,DECISION,SUSHIUSDT,POSITION_LIMIT
2021-03-31,DECISION,AAVEUSDT,POSITION_LIMIT
2021-04-01,DECISION,THETAUSDT,POSITION_LIMIT
2021-04-01,DECISION,VETUSDT,POSITION_LIMIT
2021-04-01,DECISION,BTCUSDT,POSITION_LIMIT
2021-04-01,DECISION,XRPUSDT,POSITION_LIMIT
2021-04-01,DECISION,SXPUSDT,POSITION_LIMIT
2021-04-01,DECISION,LTCUSDT,POSITION_LIMIT
2021-04-01,DECISION,LINKUSDT,POSITION_LIMIT
2021-04-01,DECISION,UNIUSDT,POSITION_LIMIT
2021-04-01,DECISION,BCHUSDT,POSITION_LIMIT
2021-04-01,DECISION,XLMUSDT,POSITION_LIMIT
2021-04-01,DECISION,DOTUSDT,POSITION_LIMIT
2021-04-01,DECISION,AVAXUSDT,POSITION_LIMIT
2021-04-01,DECISION,SUSHIUSDT,POSITION_LIMIT
2021-04-01,DECISION,AAVEUSDT,POSITION_LIMIT
2021-04-02,DECISION,VETUSDT,POSITION_LIMIT
2021-04-02,DECISION,TRXUSDT,POSITION_LIMIT
2021-04-02,DECISION,ADAUSDT,POSITION_LIMIT
2021-04-02,DECISION,LINKUSDT,POSITION_LIMIT
2021-04-02,DECISION,THETAUSDT,POSITION_LIMIT
2021-04-02,DECISION,BTCUSDT,POSITION_LIMIT
2021-04-02,DECISION,XRPUSDT,POSITION_LIMIT
2021-04-02,DECISION,SXPUSDT,POSITION_LIMIT
2021-04-02,DECISION,XLMUSDT,POSITION_LIMIT
2021-04-02,DECISION,LTCUSDT,POSITION_LIMIT
2021-04-02,DECISION,UNIUSDT,POSITION_LIMIT
2021-04-02,DECISION,BCHUSDT,POSITION_LIMIT
2021-04-02,DECISION,AVAXUSDT,POSITION_LIMIT
2021-04-02,DECISION,SUSHIUSDT,POSITION_LIMIT
2021-04-03,DECISION,ADAUSDT,POSITION_LIMIT
2021-04-03,DECISION,LINKUSDT,POSITION_LIMIT
2021-04-03,DECISION,THETAUSDT,POSITION_LIMIT
2021-04-03,DECISION,ENJUSDT,POSITION_LIMIT
2021-04-03,DECISION,VETUSDT,POSITION_LIMIT
2021-04-03,DECISION,XRPUSDT,POSITION_LIMIT
2021-04-03,DECISION,SXPUSDT,POSITION_LIMIT
2021-04-03,DECISION,XLMUSDT,POSITION_LIMIT
2021-04-03,DECISION,BTCUSDT,POSITION_LIMIT
2021-04-03,DECISION,LTCUSDT,POSITION_LIMIT
2021-04-03,DECISION,UNIUSDT,POSITION_LIMIT
2021-04-03,DECISION,BCHUSDT,POSITION_LIMIT
2021-04-03,DECISION,AVAXUSDT,POSITION_LIMIT
2021-04-03,DECISION,SUSHIUSDT,POSITION_LIMIT
2021-04-04,DECISION,TRXUSDT,POSITION_LIMIT
2021-04-04,DECISION,ADAUSDT,POSITION_LIMIT
2021-04-04,DECISION,XRPUSDT,POSITION_LIMIT
2021-04-04,DECISION,LINKUSDT,POSITION_LIMIT
2021-04-04,DECISION,THETAUSDT,POSITION_LIMIT
2021-04-04,DECISION,ENJUSDT,POSITION_LIMIT
2021-04-04,DECISION,VETUSDT,POSITION_LIMIT
2021-04-04,DECISION,UNIUSDT,POSITION_LIMIT
2021-04-04,DECISION,XLMUSDT,POSITION_LIMIT
2021-04-04,DECISION,BTCUSDT,POSITION_LIMIT
2021-04-04,DECISION,LTCUSDT,POSITION_LIMIT
2021-04-04,DECISION,BCHUSDT,POSITION_LIMIT
2021-04-04,DECISION,AVAXUSDT,POSITION_LIMIT
2021-04-04,DECISION,SUSHIUSDT,POSITION_LIMIT
2021-04-05,DECISION,SXPUSDT,POSITION_LIMIT
2021-04-05,DECISION,TRXUSDT,POSITION_LIMIT
2021-04-05,DECISION,VETUSDT,POSITION_LIMIT
2021-04-05,DECISION,BTCUSDT,POSITION_LIMIT
2021-04-05,DECISION,ADAUSDT,POSITION_LIMIT
2021-04-05,DECISION,LINKUSDT,POSITION_LIMIT
2021-04-05,DECISION,THETAUSDT,POSITION_LIMIT
2021-04-05,DECISION,BCHUSDT,POSITION_LIMIT
2021-04-05,DECISION,ENJUSDT,POSITION_LIMIT
2021-04-05,DECISION,XLMUSDT,POSITION_LIMIT
2021-04-05,DECISION,LTCUSDT,POSITION_LIMIT
2021-04-05,DECISION,UNIUSDT,POSITION_LIMIT
2021-04-05,DECISION,AVAXUSDT,POSITION_LIMIT
2021-04-05,DECISION,SUSHIUSDT,POSITION_LIMIT
2021-04-06,DECISION,LINKUSDT,POSITION_LIMIT
2021-04-06,DECISION,EOSUSDT,POSITION_LIMIT
2021-04-06,DECISION,SXPUSDT,POSITION_LIMIT
2021-04-06,DECISION,TRXUSDT,POSITION_LIMIT
2021-04-06,DECISION,VETUSDT,POSITION_LIMIT
2021-04-06,DECISION,BTCUSDT,POSITION_LIMIT
2021-04-06,DECISION,FILUSDT,POSITION_LIMIT
2021-04-06,DECISION,THETAUSDT,POSITION_LIMIT
2021-04-06,DECISION,BCHUSDT,POSITION_LIMIT
2021-04-06,DECISION,ENJUSDT,POSITION_LIMIT
2021-04-06,DECISION,XLMUSDT,POSITION_LIMIT
2021-04-06,DECISION,UNIUSDT,POSITION_LIMIT
2021-04-06,DECISION,AVAXUSDT,POSITION_LIMIT
2021-04-06,DECISION,SUSHIUSDT,POSITION_LIMIT
2021-04-07,DECISION,SXPUSDT,POSITION_LIMIT
2021-04-07,DECISION,TRXUSDT,POSITION_LIMIT
2021-04-07,DECISION,ENJUSDT,POSITION_LIMIT
2021-04-07,DECISION,VETUSDT,POSITION_LIMIT
2021-04-07,DECISION,ETHUSDT,POSITION_LIMIT
2021-04-07,DECISION,DOTUSDT,POSITION_LIMIT
2021-04-07,DECISION,FILUSDT,POSITION_LIMIT
2021-04-07,DECISION,THETAUSDT,POSITION_LIMIT
2021-04-07,DECISION,BCHUSDT,POSITION_LIMIT
2021-04-07,DECISION,XLMUSDT,POSITION_LIMIT
2021-04-07,DECISION,BTCUSDT,POSITION_LIMIT
2021-04-07,DECISION,UNIUSDT,POSITION_LIMIT
2021-04-07,DECISION,AVAXUSDT,POSITION_LIMIT
2021-04-07,DECISION,SUSHIUSDT,POSITION_LIMIT
2021-04-08,DECISION,SXPUSDT,POSITION_LIMIT
2021-04-08,DECISION,TRXUSDT,POSITION_LIMIT
2021-04-08,DECISION,ENJUSDT,POSITION_LIMIT
2021-04-08,DECISION,VETUSDT,POSITION_LIMIT
2021-04-08,DECISION,ETHUSDT,POSITION_LIMIT
2021-04-08,DECISION,FILUSDT,POSITION_LIMIT
2021-04-08,DECISION,DOTUSDT,POSITION_LIMIT
2021-04-08,DECISION,THETAUSDT,POSITION_LIMIT
2021-04-08,DECISION,BCHUSDT,POSITION_LIMIT
2021-04-08,DECISION,XLMUSDT,POSITION_LIMIT
2021-04-08,DECISION,BTCUSDT,POSITION_LIMIT
2021-04-08,DECISION,UNIUSDT,POSITION_LIMIT
2021-04-08,DECISION,AVAXUSDT,POSITION_LIMIT
2021-04-08,DECISION,SUSHIUSDT,POSITION_LIMIT
2021-04-09,DECISION,SXPUSDT,POSITION_LIMIT
2021-04-09,DECISION,TRXUSDT,POSITION_LIMIT
2021-04-09,DECISION,ENJUSDT,POSITION_LIMIT
2021-04-09,DECISION,VETUSDT,POSITION_LIMIT
2021-04-09,DECISION,ETHUSDT,POSITION_LIMIT
2021-04-09,DECISION,FILUSDT,POSITION_LIMIT
2021-04-09,DECISION,DOTUSDT,POSITION_LIMIT
2021-04-09,DECISION,THETAUSDT,POSITION_LIMIT
2021-04-09,DECISION,BCHUSDT,POSITION_LIMIT
2021-04-09,DECISION,XLMUSDT,POSITION_LIMIT
2021-04-09,DECISION,BTCUSDT,POSITION_LIMIT
2021-04-09,DECISION,UNIUSDT,POSITION_LIMIT
2021-04-09,DECISION,AVAXUSDT,POSITION_LIMIT
2021-04-09,DECISION,SUSHIUSDT,POSITION_LIMIT
2021-04-10,DECISION,EOSUSDT,POSITION_LIMIT
2021-04-10,DECISION,SXPUSDT,POSITION_LIMIT
2021-04-10,DECISION,BCHUSDT,POSITION_LIMIT
2021-04-10,DECISION,ENJUSDT,POSITION_LIMIT
2021-04-10,DECISION,VETUSDT,POSITION_LIMIT
2021-04-10,DECISION,BTCUSDT,POSITION_LIMIT
2021-04-10,DECISION,ETHUSDT,POSITION_LIMIT
2021-04-10,DECISION,FILUSDT,POSITION_LIMIT
2021-04-10,DECISION,DOTUSDT,POSITION_LIMIT
2021-04-10,DECISION,THETAUSDT,POSITION_LIMIT
2021-04-10,DECISION,XLMUSDT,POSITION_LIMIT
2021-04-10,DECISION,UNIUSDT,POSITION_LIMIT
2021-04-10,DECISION,AVAXUSDT,POSITION_LIMIT
2021-04-10,DECISION,SUSHIUSDT,POSITION_LIMIT
2021-04-11,DECISION,LINKUSDT,POSITION_LIMIT
2021-04-11,DECISION,EOSUSDT,POSITION_LIMIT
2021-04-11,DECISION,SXPUSDT,POSITION_LIMIT
2021-04-11,DECISION,BCHUSDT,POSITION_LIMIT
2021-04-11,DECISION,ENJUSDT,POSITION_LIMIT
2021-04-11,DECISION,VETUSDT,POSITION_LIMIT
2021-04-11,DECISION,XLMUSDT,POSITION_LIMIT
2021-04-11,DECISION,BTCUSDT,POSITION_LIMIT
2021-04-11,DECISION,FILUSDT,POSITION_LIMIT
2021-04-11,DECISION,DOTUSDT,POSITION_LIMIT
2021-04-11,DECISION,THETAUSDT,POSITION_LIMIT
2021-04-11,DECISION,UNIUSDT,POSITION_LIMIT
2021-04-11,DECISION,AVAXUSDT,POSITION_LIMIT
2021-04-11,DECISION,SUSHIUSDT,POSITION_LIMIT
2021-04-12,DECISION,LINKUSDT,POSITION_LIMIT
2021-04-12,DECISION,EOSUSDT,POSITION_LIMIT
2021-04-12,DECISION,SXPUSDT,POSITION_LIMIT
2021-04-12,DECISION,BCHUSDT,POSITION_LIMIT
2021-04-12,DECISION,UNIUSDT,POSITION_LIMIT
2021-04-12,DECISION,VETUSDT,POSITION_LIMIT
2021-04-12,DECISION,ENJUSDT,POSITION_LIMIT
2021-04-12,DECISION,XLMUSDT,POSITION_LIMIT
2021-04-12,DECISION,BTCUSDT,POSITION_LIMIT
2021-04-12,DECISION,FILUSDT,POSITION_LIMIT
2021-04-12,DECISION,DOTUSDT,POSITION_LIMIT
2021-04-12,DECISION,THETAUSDT,POSITION_LIMIT
2021-04-12,DECISION,AVAXUSDT,POSITION_LIMIT
2021-04-12,DECISION,SUSHIUSDT,POSITION_LIMIT
2021-04-13,DECISION,TRXUSDT,POSITION_LIMIT
2021-04-13,DECISION,EOSUSDT,POSITION_LIMIT
2021-04-13,DECISION,LINKUSDT,POSITION_LIMIT
2021-04-13,DECISION,BCHUSDT,POSITION_LIMIT
2021-04-13,DECISION,UNIUSDT,POSITION_LIMIT
2021-04-13,DECISION,VETUSDT,POSITION_LIMIT
2021-04-13,DECISION,ENJUSDT,POSITION_LIMIT
2021-04-13,DECISION,XLMUSDT,POSITION_LIMIT
2021-04-13,DECISION,SOLUSDT,POSITION_LIMIT
2021-04-13,DECISION,FILUSDT,POSITION_LIMIT
2021-04-13,DECISION,DOTUSDT,POSITION_LIMIT
2021-04-13,DECISION,SXPUSDT,POSITION_LIMIT
2021-04-13,DECISION,THETAUSDT,POSITION_LIMIT
2021-04-13,DECISION,AVAXUSDT,POSITION_LIMIT
2021-04-14,DECISION,TRXUSDT,POSITION_LIMIT
2021-04-14,DECISION,LINKUSDT,POSITION_LIMIT
2021-04-14,DECISION,EOSUSDT,POSITION_LIMIT
2021-04-14,DECISION,BCHUSDT,POSITION_LIMIT
2021-04-14,DECISION,UNIUSDT,POSITION_LIMIT
2021-04-14,DECISION,VETUSDT,POSITION_LIMIT
2021-04-14,DECISION,XLMUSDT,POSITION_LIMIT
2021-04-14,DECISION,FILUSDT,POSITION_LIMIT
2021-04-14,DECISION,DOTUSDT,POSITION_LIMIT
2021-04-14,DECISION,SXPUSDT,POSITION_LIMIT
2021-04-14,DECISION,THETAUSDT,POSITION_LIMIT
2021-04-14,DECISION,AVAXUSDT,POSITION_LIMIT
2021-04-14,DECISION,ENJUSDT,POSITION_LIMIT
2021-04-14,DECISION,SOLUSDT,POSITION_LIMIT
2021-04-15,DECISION,LTCUSDT,POSITION_LIMIT
2021-04-15,DECISION,EOSUSDT,POSITION_LIMIT
2021-04-15,DECISION,LINKUSDT,POSITION_LIMIT
2021-04-15,DECISION,BCHUSDT,POSITION_LIMIT
2021-04-15,DECISION,UNIUSDT,POSITION_LIMIT
2021-04-15,DECISION,VETUSDT,POSITION_LIMIT
2021-04-15,DECISION,XLMUSDT,POSITION_LIMIT
2021-04-15,DECISION,FILUSDT,POSITION_LIMIT
2021-04-15,DECISION,DOTUSDT,POSITION_LIMIT
2021-04-15,DECISION,SXPUSDT,POSITION_LIMIT
2021-04-15,DECISION,THETAUSDT,POSITION_LIMIT
2021-04-15,DECISION,AVAXUSDT,POSITION_LIMIT
2021-04-15,DECISION,ENJUSDT,POSITION_LIMIT
2021-04-15,DECISION,SOLUSDT,POSITION_LIMIT
2021-04-16,DECISION,LTCUSDT,POSITION_LIMIT
2021-04-16,DECISION,EOSUSDT,POSITION_LIMIT
2021-04-16,DECISION,LINKUSDT,POSITION_LIMIT
2021-04-16,DECISION,THETAUSDT,POSITION_LIMIT
2021-04-16,DECISION,BCHUSDT,POSITION_LIMIT
2021-04-16,DECISION,UNIUSDT,POSITION_LIMIT
2021-04-16,DECISION,VETUSDT,POSITION_LIMIT
2021-04-16,DECISION,XLMUSDT,POSITION_LIMIT
2021-04-16,DECISION,BNBUSDT,POSITION_LIMIT
2021-04-16,DECISION,DOTUSDT,POSITION_LIMIT
2021-04-16,DECISION,SXPUSDT,POSITION_LIMIT
2021-04-16,DECISION,AVAXUSDT,POSITION_LIMIT
2021-04-16,DECISION,ENJUSDT,POSITION_LIMIT
2021-04-16,DECISION,SOLUSDT,POSITION_LIMIT
2021-04-17,DECISION,LTCUSDT,POSITION_LIMIT
2021-04-17,DECISION,EOSUSDT,POSITION_LIMIT
2021-04-17,DECISION,LINKUSDT,POSITION_LIMIT
2021-04-17,DECISION,THETAUSDT,POSITION_LIMIT
2021-04-17,DECISION,BCHUSDT,POSITION_LIMIT
2021-04-17,DECISION,VETUSDT,POSITION_LIMIT
2021-04-17,DECISION,XLMUSDT,POSITION_LIMIT
2021-04-17,DECISION,BNBUSDT,POSITION_LIMIT
2021-04-17,DECISION,DOTUSDT,POSITION_LIMIT
2021-04-17,DECISION,SXPUSDT,POSITION_LIMIT
2021-04-17,DECISION,UNIUSDT,POSITION_LIMIT
2021-04-17,DECISION,AVAXUSDT,POSITION_LIMIT
2021-04-17,DECISION,ENJUSDT,POSITION_LIMIT
2021-04-17,DECISION,SOLUSDT,POSITION_LIMIT
2021-04-18,DECISION,ETHUSDT,POSITION_LIMIT
2021-04-18,DECISION,BNBUSDT,POSITION_LIMIT
2021-04-18,DECISION,XRPUSDT,POSITION_LIMIT
2021-04-18,DECISION,ADAUSDT,POSITION_LIMIT
2021-04-18,DECISION,FILUSDT,POSITION_LIMIT
2021-04-18,DECISION,EOSUSDT,POSITION_LIMIT
2021-04-18,DECISION,XLMUSDT,POSITION_LIMIT
2021-04-18,DECISION,UNIUSDT,POSITION_LIMIT
2021-04-18,DECISION,BTCUSDT,POSITION_LIMIT
2021-04-18,DECISION,SXPUSDT,POSITION_LIMIT
2021-04-18,DECISION,THETAUSDT,POSITION_LIMIT
2021-04-18,DECISION,ENJUSDT,POSITION_LIMIT
2021-04-18,DECISION,DOTUSDT,POSITION_LIMIT
2021-04-18,DECISION,AVAXUSDT,POSITION_LIMIT
2021-04-19,DECISION,TRXUSDT,POSITION_LIMIT
2021-04-19,DECISION,LTCUSDT,POSITION_LIMIT
2021-04-19,DECISION,EOSUSDT,POSITION_LIMIT
2021-04-19,DECISION,LINKUSDT,POSITION_LIMIT
2021-04-19,DECISION,XLMUSDT,POSITION_LIMIT
2021-04-19,DECISION,UNIUSDT,POSITION_LIMIT
2021-04-19,DECISION,ADAUSDT,POSITION_LIMIT
2021-04-19,DECISION,FILUSDT,POSITION_LIMIT
2021-04-19,DECISION,ENJUSDT,POSITION_LIMIT
2021-04-19,DECISION,DOTUSDT,POSITION_LIMIT
2021-04-19,DECISION,SXPUSDT,POSITION_LIMIT
2021-04-19,DECISION,BTCUSDT,POSITION_LIMIT
2021-04-19,DECISION,THETAUSDT,POSITION_LIMIT
2021-04-19,DECISION,AVAXUSDT,POSITION_LIMIT
2021-04-20,DECISION,BNBUSDT,POSITION_LIMIT
2021-04-20,DECISION,TRXUSDT,POSITION_LIMIT
2021-04-20,DECISION,LTCUSDT,POSITION_LIMIT
2021-04-20,DECISION,EOSUSDT,POSITION_LIMIT
2021-04-20,DECISION,LINKUSDT,POSITION_LIMIT
2021-04-20,DECISION,XLMUSDT,POSITION_LIMIT
2021-04-20,DECISION,UNIUSDT,POSITION_LIMIT
2021-04-20,DECISION,ADAUSDT,POSITION_LIMIT
2021-04-20,DECISION,FILUSDT,POSITION_LIMIT
2021-04-20,DECISION,DOTUSDT,POSITION_LIMIT
2021-04-20,DECISION,SXPUSDT,POSITION_LIMIT
2021-04-20,DECISION,BTCUSDT,POSITION_LIMIT
2021-04-20,DECISION,THETAUSDT,POSITION_LIMIT
2021-04-20,DECISION,AVAXUSDT,POSITION_LIMIT
2021-04-21,DECISION,LTCUSDT,POSITION_LIMIT
2021-04-21,DECISION,LINKUSDT,POSITION_LIMIT
2021-04-21,DECISION,UNIUSDT,POSITION_LIMIT
2021-04-21,DECISION,VETUSDT,POSITION_LIMIT
2021-04-21,DECISION,XRPUSDT,POSITION_LIMIT
2021-04-21,DECISION,ADAUSDT,POSITION_LIMIT
2021-04-21,DECISION,EOSUSDT,POSITION_LIMIT
2021-04-21,DECISION,XLMUSDT,POSITION_LIMIT
2021-04-21,DECISION,SXPUSDT,POSITION_LIMIT
2021-04-21,DECISION,BTCUSDT,POSITION_LIMIT
2021-04-21,DECISION,FILUSDT,POSITION_LIMIT
2021-04-21,DECISION,DOTUSDT,POSITION_LIMIT
2021-04-21,DECISION,THETAUSDT,POSITION_LIMIT
2021-04-21,DECISION,AVAXUSDT,POSITION_LIMIT
2021-04-22,DECISION,VETUSDT,POSITION_LIMIT
2021-04-22,DECISION,DOGEUSDT,POSITION_LIMIT
2021-04-22,DECISION,XRPUSDT,POSITION_LIMIT
2021-04-22,DECISION,TRXUSDT,POSITION_LIMIT
2021-04-22,DECISION,EOSUSDT,POSITION_LIMIT
2021-04-22,DECISION,SXPUSDT,POSITION_LIMIT
2021-04-22,DECISION,XLMUSDT,POSITION_LIMIT
2021-04-22,DECISION,BTCUSDT,POSITION_LIMIT
2021-04-22,DECISION,ADAUSDT,POSITION_LIMIT
2021-04-22,DECISION,FILUSDT,POSITION_LIMIT
2021-04-22,DECISION,DOTUSDT,POSITION_LIMIT
2021-04-22,DECISION,THETAUSDT,POSITION_LIMIT
2021-04-23,DECISION,DOGEUSDT,POSITION_LIMIT
2021-04-23,DECISION,XRPUSDT,POSITION_LIMIT
2021-04-23,DECISION,LTCUSDT,POSITION_LIMIT
2021-04-23,DECISION,TRXUSDT,POSITION_LIMIT
2021-04-23,DECISION,EOSUSDT,POSITION_LIMIT
2021-04-23,DECISION,XLMUSDT,POSITION_LIMIT
2021-04-23,DECISION,ADAUSDT,POSITION_LIMIT
2021-04-23,DECISION,FILUSDT,POSITION_LIMIT
2021-04-23,DECISION,DOTUSDT,POSITION_LIMIT
2021-04-23,DECISION,SXPUSDT,POSITION_LIMIT
2021-04-23,DECISION,THETAUSDT,POSITION_LIMIT
2021-04-23,DECISION,BTCUSDT,POSITION_LIMIT
2021-04-24,DECISION,LTCUSDT,POSITION_LIMIT
2021-04-24,DECISION,BCHUSDT,POSITION_LIMIT
2021-04-24,DECISION,UNIUSDT,POSITION_LIMIT
2021-04-24,DECISION,TRXUSDT,POSITION_LIMIT
2021-04-24,DECISION,LINKUSDT,POSITION_LIMIT
2021-04-24,DECISION,XLMUSDT,POSITION_LIMIT
2021-04-24,DECISION,ADAUSDT,POSITION_LIMIT
2021-04-24,DECISION,FILUSDT,POSITION_LIMIT
2021-04-24,DECISION,EOSUSDT,POSITION_LIMIT
2021-04-24,DECISION,SXPUSDT,POSITION_LIMIT
2021-04-24,DECISION,BTCUSDT,POSITION_LIMIT
2021-04-24,DECISION,THETAUSDT,POSITION_LIMIT
2021-04-24,DECISION,DOTUSDT,POSITION_LIMIT
2021-04-25,DECISION,VETUSDT,POSITION_LIMIT
2021-04-25,DECISION,UNIUSDT,POSITION_LIMIT
2021-04-25,DECISION,XRPUSDT,POSITION_LIMIT
2021-04-25,DECISION,LTCUSDT,POSITION_LIMIT
2021-04-25,DECISION,TRXUSDT,POSITION_LIMIT
2021-04-25,DECISION,LINKUSDT,POSITION_LIMIT
2021-04-25,DECISION,XLMUSDT,POSITION_LIMIT
2021-04-25,DECISION,ADAUSDT,POSITION_LIMIT
2021-04-25,DECISION,FILUSDT,POSITION_LIMIT
2021-04-25,DECISION,EOSUSDT,POSITION_LIMIT
2021-04-25,DECISION,SXPUSDT,POSITION_LIMIT
2021-04-25,DECISION,BTCUSDT,POSITION_LIMIT
2021-04-25,DECISION,THETAUSDT,POSITION_LIMIT
2021-04-25,DECISION,DOTUSDT,POSITION_LIMIT
2021-04-26,DECISION,BCHUSDT,POSITION_LIMIT
2021-04-26,DECISION,VETUSDT,POSITION_LIMIT
2021-04-26,DECISION,XRPUSDT,POSITION_LIMIT
2021-04-26,DECISION,LTCUSDT,POSITION_LIMIT
2021-04-26,DECISION,TRXUSDT,POSITION_LIMIT
2021-04-26,DECISION,LINKUSDT,POSITION_LIMIT
2021-04-26,DECISION,XLMUSDT,POSITION_LIMIT
2021-04-26,DECISION,ADAUSDT,POSITION_LIMIT
2021-04-26,DECISION,FILUSDT,POSITION_LIMIT
2021-04-26,DECISION,EOSUSDT,POSITION_LIMIT
2021-04-26,DECISION,SXPUSDT,POSITION_LIMIT
2021-04-26,DECISION,BTCUSDT,POSITION_LIMIT
2021-04-26,DECISION,THETAUSDT,POSITION_LIMIT
2021-04-26,DECISION,DOTUSDT,POSITION_LIMIT
2021-04-27,DECISION,BCHUSDT,POSITION_LIMIT
2021-04-27,DECISION,VETUSDT,POSITION_LIMIT
2021-04-27,DECISION,XRPUSDT,POSITION_LIMIT
2021-04-27,DECISION,LTCUSDT,POSITION_LIMIT
2021-04-27,DECISION,TRXUSDT,POSITION_LIMIT
2021-04-27,DECISION,LINKUSDT,POSITION_LIMIT
2021-04-27,DECISION,XLMUSDT,POSITION_LIMIT
2021-04-27,DECISION,ADAUSDT,POSITION_LIMIT
2021-04-27,DECISION,FILUSDT,POSITION_LIMIT
2021-04-27,DECISION,EOSUSDT,POSITION_LIMIT
2021-04-27,DECISION,SXPUSDT,POSITION_LIMIT
2021-04-27,DECISION,BTCUSDT,POSITION_LIMIT
2021-04-27,DECISION,THETAUSDT,POSITION_LIMIT
2021-04-27,DECISION,DOTUSDT,POSITION_LIMIT
2021-04-28,DECISION,BCHUSDT,POSITION_LIMIT
2021-04-28,DECISION,VETUSDT,POSITION_LIMIT
2021-04-28,DECISION,XRPUSDT,POSITION_LIMIT
2021-04-28,DECISION,LTCUSDT,POSITION_LIMIT
2021-04-28,DECISION,TRXUSDT,POSITION_LIMIT
2021-04-28,DECISION,ADAUSDT,POSITION_LIMIT
2021-04-28,DECISION,LINKUSDT,POSITION_LIMIT
2021-04-28,DECISION,SXPUSDT,POSITION_LIMIT
2021-04-28,DECISION,XLMUSDT,POSITION_LIMIT
2021-04-28,DECISION,FILUSDT,POSITION_LIMIT
2021-04-28,DECISION,EOSUSDT,POSITION_LIMIT
2021-04-28,DECISION,BTCUSDT,POSITION_LIMIT
2021-04-28,DECISION,THETAUSDT,POSITION_LIMIT
2021-04-28,DECISION,DOTUSDT,POSITION_LIMIT
2021-04-29,DECISION,BCHUSDT,POSITION_LIMIT
2021-04-29,DECISION,VETUSDT,POSITION_LIMIT
2021-04-29,DECISION,XRPUSDT,POSITION_LIMIT
2021-04-29,DECISION,LTCUSDT,POSITION_LIMIT
2021-04-29,DECISION,TRXUSDT,POSITION_LIMIT
2021-04-29,DECISION,ADAUSDT,POSITION_LIMIT
2021-04-29,DECISION,LINKUSDT,POSITION_LIMIT
2021-04-29,DECISION,SXPUSDT,POSITION_LIMIT
2021-04-29,DECISION,XLMUSDT,POSITION_LIMIT
2021-04-29,DECISION,FILUSDT,POSITION_LIMIT
2021-04-29,DECISION,EOSUSDT,POSITION_LIMIT
2021-04-29,DECISION,BTCUSDT,POSITION_LIMIT
2021-04-29,DECISION,DOTUSDT,POSITION_LIMIT
2021-04-29,DECISION,THETAUSDT,POSITION_LIMIT
2021-04-30,DECISION,SOLUSDT,POSITION_LIMIT
2021-04-30,DECISION,BCHUSDT,POSITION_LIMIT
2021-04-30,DECISION,XRPUSDT,POSITION_LIMIT
2021-04-30,DECISION,LTCUSDT,POSITION_LIMIT
2021-04-30,DECISION,VETUSDT,POSITION_LIMIT
2021-04-30,DECISION,XLMUSDT,POSITION_LIMIT
2021-04-30,DECISION,TRXUSDT,POSITION_LIMIT
2021-04-30,DECISION,ADAUSDT,POSITION_LIMIT
2021-04-30,DECISION,FILUSDT,POSITION_LIMIT
2021-04-30,DECISION,LINKUSDT,POSITION_LIMIT
2021-04-30,DECISION,BTCUSDT,POSITION_LIMIT
2021-04-30,DECISION,EOSUSDT,POSITION_LIMIT
2021-04-30,DECISION,DOTUSDT,POSITION_LIMIT
2021-04-30,DECISION,THETAUSDT,POSITION_LIMIT
2021-05-01,DECISION,SOLUSDT,POSITION_LIMIT
2021-05-01,DECISION,BCHUSDT,POSITION_LIMIT
2021-05-01,DECISION,XRPUSDT,POSITION_LIMIT
2021-05-01,DECISION,LTCUSDT,POSITION_LIMIT
2021-05-01,DECISION,LINKUSDT,POSITION_LIMIT
2021-05-01,DECISION,VETUSDT,POSITION_LIMIT
2021-05-01,DECISION,XLMUSDT,POSITION_LIMIT
2021-05-01,DECISION,ADAUSDT,POSITION_LIMIT
2021-05-01,DECISION,TRXUSDT,POSITION_LIMIT
2021-05-01,DECISION,EOSUSDT,POSITION_LIMIT
2021-05-01,DECISION,FILUSDT,POSITION_LIMIT
2021-05-01,DECISION,BTCUSDT,POSITION_LIMIT
2021-05-01,DECISION,DOTUSDT,POSITION_LIMIT
2021-05-01,DECISION,AVAXUSDT,POSITION_LIMIT
2021-05-02,DECISION,SOLUSDT,POSITION_LIMIT
2021-05-02,DECISION,BCHUSDT,POSITION_LIMIT
2021-05-02,DECISION,VETUSDT,POSITION_LIMIT
2021-05-02,DECISION,XRPUSDT,POSITION_LIMIT
2021-05-02,DECISION,LTCUSDT,POSITION_LIMIT
2021-05-02,DECISION,LINKUSDT,POSITION_LIMIT
2021-05-02,DECISION,XLMUSDT,POSITION_LIMIT
2021-05-02,DECISION,ADAUSDT,POSITION_LIMIT
2021-05-02,DECISION,TRXUSDT,POSITION_LIMIT
2021-05-02,DECISION,EOSUSDT,POSITION_LIMIT
2021-05-02,DECISION,FILUSDT,POSITION_LIMIT
2021-05-02,DECISION,BTCUSDT,POSITION_LIMIT
2021-05-02,DECISION,DOTUSDT,POSITION_LIMIT
2021-05-02,DECISION,AVAXUSDT,POSITION_LIMIT
2021-05-03,DECISION,ETCUSDT,POSITION_LIMIT
2021-05-03,DECISION,MKRUSDT,POSITION_LIMIT
2021-05-03,DECISION,BCHUSDT,POSITION_LIMIT
2021-05-03,DECISION,VETUSDT,POSITION_LIMIT
2021-05-03,DECISION,XRPUSDT,POSITION_LIMIT
2021-05-03,DECISION,LTCUSDT,POSITION_LIMIT
2021-05-03,DECISION,LINKUSDT,POSITION_LIMIT
2021-05-03,DECISION,XLMUSDT,POSITION_LIMIT
2021-05-03,DECISION,ADAUSDT,POSITION_LIMIT
2021-05-03,DECISION,TRXUSDT,POSITION_LIMIT
2021-05-03,DECISION,EOSUSDT,POSITION_LIMIT
2021-05-03,DECISION,FILUSDT,POSITION_LIMIT
2021-05-03,DECISION,BTCUSDT,POSITION_LIMIT
2021-05-03,DECISION,DOTUSDT,POSITION_LIMIT
2021-05-04,DECISION,SOLUSDT,POSITION_LIMIT
2021-05-04,DECISION,ETCUSDT,POSITION_LIMIT
2021-05-04,DECISION,MKRUSDT,POSITION_LIMIT
2021-05-04,DECISION,BCHUSDT,POSITION_LIMIT
2021-05-04,DECISION,LTCUSDT,POSITION_LIMIT
2021-05-04,DECISION,VETUSDT,POSITION_LIMIT
2021-05-04,DECISION,XLMUSDT,POSITION_LIMIT
2021-05-04,DECISION,XRPUSDT,POSITION_LIMIT
2021-05-04,DECISION,TRXUSDT,POSITION_LIMIT
2021-05-04,DECISION,EOSUSDT,POSITION_LIMIT
2021-05-04,DECISION,ADAUSDT,POSITION_LIMIT
2021-05-04,DECISION,FILUSDT,POSITION_LIMIT
2021-05-04,DECISION,BTCUSDT,POSITION_LIMIT
2021-05-04,DECISION,DOTUSDT,POSITION_LIMIT
2021-05-05,DECISION,BCHUSDT,POSITION_LIMIT
2021-05-05,DECISION,EOSUSDT,POSITION_LIMIT
2021-05-05,DECISION,UNIUSDT,POSITION_LIMIT
2021-05-05,DECISION,SOLUSDT,POSITION_LIMIT
2021-05-05,DECISION,SXPUSDT,POSITION_LIMIT
2021-05-05,DECISION,ETCUSDT,POSITION_LIMIT
2021-05-05,DECISION,AAVEUSDT,POSITION_LIMIT
2021-05-05,DECISION,TRXUSDT,POSITION_LIMIT
2021-05-05,DECISION,VETUSDT,POSITION_LIMIT
2021-05-05,DECISION,XLMUSDT,POSITION_LIMIT
2021-05-05,DECISION,XRPUSDT,POSITION_LIMIT
2021-05-05,DECISION,FILUSDT,POSITION_LIMIT
2021-05-05,DECISION,BTCUSDT,POSITION_LIMIT
2021-05-05,DECISION,DOTUSDT,POSITION_LIMIT
2021-05-06,DECISION,BCHUSDT,POSITION_LIMIT
2021-05-06,DECISION,EOSUSDT,POSITION_LIMIT
2021-05-06,DECISION,SOLUSDT,POSITION_LIMIT
2021-05-06,DECISION,ETCUSDT,POSITION_LIMIT
2021-05-06,DECISION,SXPUSDT,POSITION_LIMIT
2021-05-06,DECISION,MKRUSDT,POSITION_LIMIT
2021-05-06,DECISION,UNIUSDT,POSITION_LIMIT
2021-05-06,DECISION,VETUSDT,POSITION_LIMIT
2021-05-06,DECISION,XLMUSDT,POSITION_LIMIT
2021-05-06,DECISION,TRXUSDT,POSITION_LIMIT
2021-05-06,DECISION,XRPUSDT,POSITION_LIMIT
2021-05-06,DECISION,FILUSDT,POSITION_LIMIT
2021-05-06,DECISION,BTCUSDT,POSITION_LIMIT
2021-05-06,DECISION,DOTUSDT,POSITION_LIMIT
2021-05-07,DECISION,BCHUSDT,POSITION_LIMIT
2021-05-07,DECISION,EOSUSDT,POSITION_LIMIT
2021-05-07,DECISION,ETCUSDT,POSITION_LIMIT
2021-05-07,DECISION,SOLUSDT,POSITION_LIMIT
2021-05-07,DECISION,SXPUSDT,POSITION_LIMIT
2021-05-07,DECISION,MKRUSDT,POSITION_LIMIT
2021-05-07,DECISION,UNIUSDT,POSITION_LIMIT
2021-05-07,DECISION,VETUSDT,POSITION_LIMIT
2021-05-07,DECISION,XLMUSDT,POSITION_LIMIT
2021-05-07,DECISION,TRXUSDT,POSITION_LIMIT
2021-05-07,DECISION,XRPUSDT,POSITION_LIMIT
2021-05-07,DECISION,FILUSDT,POSITION_LIMIT
2021-05-07,DECISION,BTCUSDT,POSITION_LIMIT
2021-05-07,DECISION,DOTUSDT,POSITION_LIMIT
2021-05-08,DECISION,BCHUSDT,POSITION_LIMIT
2021-05-08,DECISION,EOSUSDT,POSITION_LIMIT
2021-05-08,DECISION,ETCUSDT,POSITION_LIMIT
2021-05-08,DECISION,SOLUSDT,POSITION_LIMIT
2021-05-08,DECISION,SXPUSDT,POSITION_LIMIT
2021-05-08,DECISION,MKRUSDT,POSITION_LIMIT
2021-05-08,DECISION,VETUSDT,POSITION_LIMIT
2021-05-08,DECISION,UNIUSDT,POSITION_LIMIT
2021-05-08,DECISION,XLMUSDT,POSITION_LIMIT
2021-05-08,DECISION,TRXUSDT,POSITION_LIMIT
2021-05-08,DECISION,BTCUSDT,POSITION_LIMIT
2021-05-08,DECISION,XRPUSDT,POSITION_LIMIT
2021-05-08,DECISION,FILUSDT,POSITION_LIMIT
2021-05-08,DECISION,DOTUSDT,POSITION_LIMIT
2021-05-09,DECISION,LINKUSDT,POSITION_LIMIT
2021-05-09,DECISION,EOSUSDT,POSITION_LIMIT
2021-05-09,DECISION,ETCUSDT,POSITION_LIMIT
2021-05-09,DECISION,SOLUSDT,POSITION_LIMIT
2021-05-09,DECISION,SXPUSDT,POSITION_LIMIT
2021-05-09,DECISION,MKRUSDT,POSITION_LIMIT
2021-05-09,DECISION,VETUSDT,POSITION_LIMIT
2021-05-09,DECISION,XLMUSDT,POSITION_LIMIT
2021-05-09,DECISION,TRXUSDT,POSITION_LIMIT
2021-05-09,DECISION,UNIUSDT,POSITION_LIMIT
2021-05-09,DECISION,BTCUSDT,POSITION_LIMIT
2021-05-09,DECISION,XRPUSDT,POSITION_LIMIT
2021-05-09,DECISION,FILUSDT,POSITION_LIMIT
2021-05-09,DECISION,DOTUSDT,POSITION_LIMIT
2021-05-10,DECISION,DOGEUSDT,POSITION_LIMIT
2021-05-10,DECISION,BCHUSDT,POSITION_LIMIT
2021-05-10,DECISION,LINKUSDT,POSITION_LIMIT
2021-05-10,DECISION,SOLUSDT,POSITION_LIMIT
2021-05-10,DECISION,XLMUSDT,POSITION_LIMIT
2021-05-10,DECISION,MKRUSDT,POSITION_LIMIT
2021-05-10,DECISION,VETUSDT,POSITION_LIMIT
2021-05-10,DECISION,UNIUSDT,POSITION_LIMIT
2021-05-10,DECISION,SXPUSDT,POSITION_LIMIT
2021-05-10,DECISION,XRPUSDT,POSITION_LIMIT
2021-05-10,DECISION,TRXUSDT,POSITION_LIMIT
2021-05-10,DECISION,BTCUSDT,POSITION_LIMIT
2021-05-10,DECISION,FILUSDT,POSITION_LIMIT
2021-05-10,DECISION,DOTUSDT,POSITION_LIMIT
2021-05-11,DECISION,EOSUSDT,POSITION_LIMIT
2021-05-11,DECISION,XLMUSDT,POSITION_LIMIT
2021-05-11,DECISION,DOGEUSDT,POSITION_LIMIT
2021-05-11,DECISION,LINKUSDT,POSITION_LIMIT
2021-05-11,DECISION,SOLUSDT,POSITION_LIMIT
2021-05-11,DECISION,MKRUSDT,POSITION_LIMIT
2021-05-11,DECISION,VETUSDT,POSITION_LIMIT
2021-05-11,DECISION,UNIUSDT,POSITION_LIMIT
2021-05-11,DECISION,SXPUSDT,POSITION_LIMIT
2021-05-11,DECISION,XRPUSDT,POSITION_LIMIT
2021-05-11,DECISION,TRXUSDT,POSITION_LIMIT
2021-05-11,DECISION,BTCUSDT,POSITION_LIMIT
2021-05-11,DECISION,FILUSDT,POSITION_LIMIT
2021-05-11,DECISION,DOTUSDT,POSITION_LIMIT
2021-05-12,DECISION,ETCUSDT,POSITION_LIMIT
2021-05-12,DECISION,LINKUSDT,POSITION_LIMIT
2021-05-12,DECISION,SOLUSDT,POSITION_LIMIT
2021-05-12,DECISION,XLMUSDT,POSITION_LIMIT
2021-05-12,DECISION,MKRUSDT,POSITION_LIMIT
2021-05-12,DECISION,BNBUSDT,POSITION_LIMIT
2021-05-12,DECISION,UNIUSDT,POSITION_LIMIT
2021-05-12,DECISION,XRPUSDT,POSITION_LIMIT
2021-05-12,DECISION,TRXUSDT,POSITION_LIMIT
2021-05-12,DECISION,SXPUSDT,POSITION_LIMIT
2021-05-12,DECISION,VETUSDT,POSITION_LIMIT
2021-05-12,DECISION,BTCUSDT,POSITION_LIMIT
2021-05-12,DECISION,FILUSDT,POSITION_LIMIT
2021-05-12,DECISION,DOTUSDT,POSITION_LIMIT
2021-05-13,DECISION,ETCUSDT,POSITION_LIMIT
2021-05-13,DECISION,LINKUSDT,POSITION_LIMIT
2021-05-13,DECISION,XLMUSDT,POSITION_LIMIT
2021-05-13,DECISION,BNBUSDT,POSITION_LIMIT
2021-05-13,DECISION,UNIUSDT,POSITION_LIMIT
2021-05-13,DECISION,MKRUSDT,POSITION_LIMIT
2021-05-13,DECISION,XRPUSDT,POSITION_LIMIT
2021-05-13,DECISION,TRXUSDT,POSITION_LIMIT
2021-05-13,DECISION,SOLUSDT,POSITION_LIMIT
2021-05-13,DECISION,SXPUSDT,POSITION_LIMIT
2021-05-13,DECISION,VETUSDT,POSITION_LIMIT
2021-05-13,DECISION,BTCUSDT,POSITION_LIMIT
2021-05-13,DECISION,FILUSDT,POSITION_LIMIT
2021-05-13,DECISION,DOTUSDT,POSITION_LIMIT
2021-05-14,DECISION,LTCUSDT,POSITION_LIMIT
2021-05-14,DECISION,ETCUSDT,POSITION_LIMIT
2021-05-14,DECISION,BCHUSDT,POSITION_LIMIT
2021-05-14,DECISION,LINKUSDT,POSITION_LIMIT
2021-05-14,DECISION,BNBUSDT,POSITION_LIMIT
2021-05-14,DECISION,UNIUSDT,POSITION_LIMIT
2021-05-14,DECISION,MKRUSDT,POSITION_LIMIT
2021-05-14,DECISION,XRPUSDT,POSITION_LIMIT
2021-05-14,DECISION,TRXUSDT,POSITION_LIMIT
2021-05-14,DECISION,SOLUSDT,POSITION_LIMIT
2021-05-14,DECISION,SXPUSDT,POSITION_LIMIT
2021-05-14,DECISION,VETUSDT,POSITION_LIMIT
2021-05-14,DECISION,BTCUSDT,POSITION_LIMIT
2021-05-14,DECISION,FILUSDT,POSITION_LIMIT
2021-05-15,DECISION,ETCUSDT,POSITION_LIMIT
2021-05-15,DECISION,LTCUSDT,POSITION_LIMIT
2021-05-15,DECISION,BCHUSDT,POSITION_LIMIT
2021-05-15,DECISION,LINKUSDT,POSITION_LIMIT
2021-05-15,DECISION,UNIUSDT,POSITION_LIMIT
2021-05-15,DECISION,MKRUSDT,POSITION_LIMIT
2021-05-15,DECISION,XRPUSDT,POSITION_LIMIT
2021-05-15,DECISION,BNBUSDT,POSITION_LIMIT
2021-05-15,DECISION,TRXUSDT,POSITION_LIMIT
2021-05-15,DECISION,SOLUSDT,POSITION_LIMIT
2021-05-15,DECISION,SXPUSDT,POSITION_LIMIT
2021-05-15,DECISION,VETUSDT,POSITION_LIMIT
2021-05-15,DECISION,FILUSDT,POSITION_LIMIT
2021-05-16,DECISION,EOSUSDT,POSITION_LIMIT
2021-05-16,DECISION,XLMUSDT,POSITION_LIMIT
2021-05-16,DECISION,LTCUSDT,POSITION_LIMIT
2021-05-16,DECISION,BCHUSDT,POSITION_LIMIT
2021-05-16,DECISION,LINKUSDT,POSITION_LIMIT
2021-05-16,DECISION,UNIUSDT,POSITION_LIMIT
2021-05-16,DECISION,SOLUSDT,POSITION_LIMIT
2021-05-16,DECISION,XRPUSDT,POSITION_LIMIT
2021-05-16,DECISION,BNBUSDT,POSITION_LIMIT
2021-05-16,DECISION,TRXUSDT,POSITION_LIMIT
2021-05-16,DECISION,SXPUSDT,POSITION_LIMIT
2021-05-16,DECISION,VETUSDT,POSITION_LIMIT
2021-05-16,DECISION,FILUSDT,POSITION_LIMIT
2021-05-17,DECISION,ETHUSDT,POSITION_LIMIT
2021-05-17,DECISION,LTCUSDT,POSITION_LIMIT
2021-05-17,DECISION,BCHUSDT,POSITION_LIMIT
2021-05-17,DECISION,EOSUSDT,POSITION_LIMIT
2021-05-17,DECISION,SOLUSDT,POSITION_LIMIT
2021-05-17,DECISION,XRPUSDT,POSITION_LIMIT
2021-05-17,DECISION,BNBUSDT,POSITION_LIMIT
2021-05-17,DECISION,LINKUSDT,POSITION_LIMIT
2021-05-17,DECISION,TRXUSDT,POSITION_LIMIT
2021-05-17,DECISION,SXPUSDT,POSITION_LIMIT
2021-05-17,DECISION,UNIUSDT,POSITION_LIMIT
2021-05-17,DECISION,VETUSDT,POSITION_LIMIT
2021-05-17,DECISION,FILUSDT,POSITION_LIMIT
2021-05-18,DECISION,XLMUSDT,POSITION_LIMIT
2021-05-18,DECISION,ETHUSDT,POSITION_LIMIT
2021-05-18,DECISION,XRPUSDT,POSITION_LIMIT
2021-05-18,DECISION,LTCUSDT,POSITION_LIMIT
2021-05-18,DECISION,BCHUSDT,POSITION_LIMIT
2021-05-18,DECISION,EOSUSDT,POSITION_LIMIT
2021-05-18,DECISION,LINKUSDT,POSITION_LIMIT
2021-05-18,DECISION,TRXUSDT,POSITION_LIMIT
2021-05-18,DECISION,SXPUSDT,POSITION_LIMIT
2021-05-18,DECISION,BNBUSDT,POSITION_LIMIT
2021-05-18,DECISION,UNIUSDT,POSITION_LIMIT
2021-05-18,DECISION,VETUSDT,POSITION_LIMIT
2021-05-18,DECISION,FILUSDT,POSITION_LIMIT
2021-05-19,DECISION,EOSUSDT,POSITION_LIMIT
2021-05-19,DECISION,SOLUSDT,POSITION_LIMIT
2021-05-19,DECISION,XLMUSDT,POSITION_LIMIT
2021-05-19,DECISION,BNBUSDT,POSITION_LIMIT
2021-05-19,DECISION,BCHUSDT,POSITION_LIMIT
2021-05-19,DECISION,TRXUSDT,POSITION_LIMIT
2021-05-19,DECISION,VETUSDT,POSITION_LIMIT
2021-05-19,DECISION,LTCUSDT,POSITION_LIMIT
2021-05-19,DECISION,LINKUSDT,POSITION_LIMIT
2021-05-19,DECISION,FILUSDT,POSITION_LIMIT
2021-05-20,DECISION,EOSUSDT,POSITION_LIMIT
2021-05-20,DECISION,SOLUSDT,POSITION_LIMIT
2021-05-20,DECISION,XLMUSDT,POSITION_LIMIT
2021-05-20,DECISION,BNBUSDT,POSITION_LIMIT
2021-05-20,DECISION,BCHUSDT,POSITION_LIMIT
2021-05-20,DECISION,TRXUSDT,POSITION_LIMIT
2021-05-20,DECISION,VETUSDT,POSITION_LIMIT
2021-05-20,DECISION,LTCUSDT,POSITION_LIMIT
2021-05-20,DECISION,LINKUSDT,POSITION_LIMIT
2021-05-20,DECISION,FILUSDT,POSITION_LIMIT
2021-05-21,DECISION,SOLUSDT,POSITION_LIMIT
2021-05-21,DECISION,XLMUSDT,POSITION_LIMIT
2021-05-21,DECISION,XRPUSDT,POSITION_LIMIT
2021-05-21,DECISION,BNBUSDT,POSITION_LIMIT
2021-05-21,DECISION,BCHUSDT,POSITION_LIMIT
2021-05-21,DECISION,VETUSDT,POSITION_LIMIT
2021-05-21,DECISION,LTCUSDT,POSITION_LIMIT
2021-05-21,DECISION,LINKUSDT,POSITION_LIMIT
2021-05-21,DECISION,TRXUSDT,POSITION_LIMIT
2021-05-21,DECISION,FILUSDT,POSITION_LIMIT
2021-05-22,DECISION,XRPUSDT,POSITION_LIMIT
2021-05-22,DECISION,BCHUSDT,POSITION_LIMIT
2021-05-22,DECISION,SOLUSDT,POSITION_LIMIT
2021-05-22,DECISION,VETUSDT,POSITION_LIMIT
2021-05-22,DECISION,BNBUSDT,POSITION_LIMIT
2021-05-22,DECISION,TRXUSDT,POSITION_LIMIT
2021-05-22,DECISION,XLMUSDT,POSITION_LIMIT
2021-05-22,DECISION,FILUSDT,POSITION_LIMIT
2021-05-23,DECISION,BCHUSDT,POSITION_LIMIT
2021-05-23,DECISION,SOLUSDT,POSITION_LIMIT
2021-05-23,DECISION,BNBUSDT,POSITION_LIMIT
2021-05-23,DECISION,EOSUSDT,POSITION_LIMIT
2021-05-23,DECISION,TRXUSDT,POSITION_LIMIT
2021-05-23,DECISION,VETUSDT,POSITION_LIMIT
2021-05-23,DECISION,XLMUSDT,POSITION_LIMIT
2021-05-23,DECISION,FILUSDT,POSITION_LIMIT
2021-05-24,FILL,ETHUSDT,BELOW_EXCHANGE_MINIMUM_NOTIONAL
2021-05-24,DECISION,BCHUSDT,POSITION_LIMIT
2021-05-24,DECISION,SOLUSDT,POSITION_LIMIT
2021-05-24,DECISION,BNBUSDT,POSITION_LIMIT
2021-05-24,DECISION,EOSUSDT,POSITION_LIMIT
2021-05-24,DECISION,TRXUSDT,POSITION_LIMIT
2021-05-24,DECISION,VETUSDT,POSITION_LIMIT
2021-05-24,DECISION,XLMUSDT,POSITION_LIMIT
2021-05-24,DECISION,FILUSDT,POSITION_LIMIT
2021-05-25,DECISION,BCHUSDT,POSITION_LIMIT
2021-05-25,DECISION,SOLUSDT,POSITION_LIMIT
2021-05-25,DECISION,BNBUSDT,POSITION_LIMIT
2021-05-25,DECISION,EOSUSDT,POSITION_LIMIT
2021-05-25,DECISION,VETUSDT,POSITION_LIMIT
2021-05-25,DECISION,TRXUSDT,POSITION_LIMIT
2021-05-25,DECISION,XLMUSDT,POSITION_LIMIT
2021-05-25,DECISION,FILUSDT,POSITION_LIMIT
2021-05-26,DECISION,BCHUSDT,POSITION_LIMIT
2021-05-26,DECISION,SOLUSDT,POSITION_LIMIT
2021-05-26,DECISION,BNBUSDT,POSITION_LIMIT
2021-05-26,DECISION,EOSUSDT,POSITION_LIMIT
2021-05-26,DECISION,VETUSDT,POSITION_LIMIT
2021-05-26,DECISION,TRXUSDT,POSITION_LIMIT
2021-05-26,DECISION,XLMUSDT,POSITION_LIMIT
2021-05-26,DECISION,FILUSDT,POSITION_LIMIT
2021-05-27,DECISION,BCHUSDT,POSITION_LIMIT
2021-05-27,DECISION,SOLUSDT,POSITION_LIMIT
2021-05-27,DECISION,BNBUSDT,POSITION_LIMIT
2021-05-27,DECISION,EOSUSDT,POSITION_LIMIT
2021-05-27,DECISION,VETUSDT,POSITION_LIMIT
2021-05-27,DECISION,TRXUSDT,POSITION_LIMIT
2021-05-27,DECISION,XLMUSDT,POSITION_LIMIT
2021-05-27,DECISION,FILUSDT,POSITION_LIMIT
2021-05-28,DECISION,BCHUSDT,POSITION_LIMIT
2021-05-28,DECISION,SOLUSDT,POSITION_LIMIT
2021-05-28,DECISION,BNBUSDT,POSITION_LIMIT
2021-05-28,DECISION,EOSUSDT,POSITION_LIMIT
2021-05-28,DECISION,VETUSDT,POSITION_LIMIT
2021-05-28,DECISION,TRXUSDT,POSITION_LIMIT
2021-05-28,DECISION,XLMUSDT,POSITION_LIMIT
2021-05-28,DECISION,FILUSDT,POSITION_LIMIT
2021-05-29,DECISION,BCHUSDT,POSITION_LIMIT
2021-05-29,DECISION,SOLUSDT,POSITION_LIMIT
2021-05-29,DECISION,BNBUSDT,POSITION_LIMIT
2021-05-29,DECISION,EOSUSDT,POSITION_LIMIT
2021-05-29,DECISION,VETUSDT,POSITION_LIMIT
2021-05-29,DECISION,TRXUSDT,POSITION_LIMIT
2021-05-29,DECISION,XLMUSDT,POSITION_LIMIT
2021-05-29,DECISION,FILUSDT,POSITION_LIMIT
2021-05-30,DECISION,BCHUSDT,POSITION_LIMIT
2021-05-30,DECISION,SOLUSDT,POSITION_LIMIT
2021-05-30,DECISION,BNBUSDT,POSITION_LIMIT
2021-05-30,DECISION,EOSUSDT,POSITION_LIMIT
2021-05-30,DECISION,VETUSDT,POSITION_LIMIT
2021-05-30,DECISION,TRXUSDT,POSITION_LIMIT
2021-05-30,DECISION,XLMUSDT,POSITION_LIMIT
2021-05-30,DECISION,FILUSDT,POSITION_LIMIT
2021-05-31,DECISION,BCHUSDT,POSITION_LIMIT
2021-05-31,DECISION,SOLUSDT,POSITION_LIMIT
2021-05-31,DECISION,BNBUSDT,POSITION_LIMIT
2021-05-31,DECISION,EOSUSDT,POSITION_LIMIT
2021-05-31,DECISION,VETUSDT,POSITION_LIMIT
2021-05-31,DECISION,XLMUSDT,POSITION_LIMIT
2021-05-31,DECISION,TRXUSDT,POSITION_LIMIT
2021-05-31,DECISION,FILUSDT,POSITION_LIMIT
2021-06-01,DECISION,BCHUSDT,POSITION_LIMIT
2021-06-01,DECISION,SOLUSDT,POSITION_LIMIT
2021-06-01,DECISION,BNBUSDT,POSITION_LIMIT
2021-06-01,DECISION,EOSUSDT,POSITION_LIMIT
2021-06-01,DECISION,VETUSDT,POSITION_LIMIT
2021-06-01,DECISION,XLMUSDT,POSITION_LIMIT
2021-06-01,DECISION,TRXUSDT,POSITION_LIMIT
2021-06-01,DECISION,FILUSDT,POSITION_LIMIT
2021-06-02,DECISION,BNBUSDT,POSITION_LIMIT
2021-06-02,DECISION,BCHUSDT,POSITION_LIMIT
2021-06-02,DECISION,SOLUSDT,POSITION_LIMIT
2021-06-02,DECISION,EOSUSDT,POSITION_LIMIT
2021-06-02,DECISION,DOTUSDT,POSITION_LIMIT
2021-06-02,DECISION,XLMUSDT,POSITION_LIMIT
2021-06-02,DECISION,VETUSDT,POSITION_LIMIT
2021-06-02,DECISION,TRXUSDT,POSITION_LIMIT
2021-06-02,DECISION,FILUSDT,POSITION_LIMIT
2021-06-03,DECISION,ETHUSDT,POSITION_LIMIT
2021-06-03,DECISION,BNBUSDT,POSITION_LIMIT
2021-06-03,DECISION,BCHUSDT,POSITION_LIMIT
2021-06-03,DECISION,VETUSDT,POSITION_LIMIT
2021-06-03,DECISION,FILUSDT,POSITION_LIMIT
2021-06-03,DECISION,BTCUSDT,POSITION_LIMIT
2021-06-03,DECISION,EOSUSDT,POSITION_LIMIT
2021-06-03,DECISION,DOTUSDT,POSITION_LIMIT
2021-06-03,DECISION,XLMUSDT,POSITION_LIMIT
2021-06-03,DECISION,TRXUSDT,POSITION_LIMIT
2021-06-04,DECISION,ETHUSDT,POSITION_LIMIT
2021-06-04,DECISION,BNBUSDT,POSITION_LIMIT
2021-06-04,DECISION,BCHUSDT,POSITION_LIMIT
2021-06-04,DECISION,VETUSDT,POSITION_LIMIT
2021-06-04,DECISION,FILUSDT,POSITION_LIMIT
2021-06-04,DECISION,BTCUSDT,POSITION_LIMIT
2021-06-04,DECISION,EOSUSDT,POSITION_LIMIT
2021-06-04,DECISION,DOTUSDT,POSITION_LIMIT
2021-06-04,DECISION,XLMUSDT,POSITION_LIMIT
2021-06-04,DECISION,TRXUSDT,POSITION_LIMIT
2021-06-05,DECISION,XRPUSDT,POSITION_LIMIT
2021-06-05,DECISION,BNBUSDT,POSITION_LIMIT
2021-06-05,DECISION,BCHUSDT,POSITION_LIMIT
2021-06-05,DECISION,VETUSDT,POSITION_LIMIT
2021-06-05,DECISION,FILUSDT,POSITION_LIMIT
2021-06-05,DECISION,EOSUSDT,POSITION_LIMIT
2021-06-05,DECISION,DOTUSDT,POSITION_LIMIT
2021-06-05,DECISION,XLMUSDT,POSITION_LIMIT
2021-06-05,DECISION,TRXUSDT,POSITION_LIMIT
2021-06-06,DECISION,XRPUSDT,POSITION_LIMIT
2021-06-06,DECISION,BNBUSDT,POSITION_LIMIT
2021-06-06,DECISION,BCHUSDT,POSITION_LIMIT
2021-06-06,DECISION,VETUSDT,POSITION_LIMIT
2021-06-06,DECISION,FILUSDT,POSITION_LIMIT
2021-06-06,DECISION,EOSUSDT,POSITION_LIMIT
2021-06-06,DECISION,DOTUSDT,POSITION_LIMIT
2021-06-06,DECISION,XLMUSDT,POSITION_LIMIT
2021-06-06,DECISION,TRXUSDT,POSITION_LIMIT
2021-06-07,DECISION,DOGEUSDT,POSITION_LIMIT
2021-06-07,DECISION,BCHUSDT,POSITION_LIMIT
2021-06-07,DECISION,FILUSDT,POSITION_LIMIT
2021-06-07,DECISION,BNBUSDT,POSITION_LIMIT
2021-06-07,DECISION,EOSUSDT,POSITION_LIMIT
2021-06-07,DECISION,VETUSDT,POSITION_LIMIT
2021-06-07,DECISION,TRXUSDT,POSITION_LIMIT
2021-06-08,DECISION,DOGEUSDT,POSITION_LIMIT
2021-06-08,DECISION,BCHUSDT,POSITION_LIMIT
2021-06-08,DECISION,BNBUSDT,POSITION_LIMIT
2021-06-08,DECISION,EOSUSDT,POSITION_LIMIT
2021-06-08,DECISION,VETUSDT,POSITION_LIMIT
2021-06-08,DECISION,FILUSDT,POSITION_LIMIT
2021-06-08,DECISION,TRXUSDT,POSITION_LIMIT
2021-06-09,DECISION,DOGEUSDT,POSITION_LIMIT
2021-06-09,DECISION,BCHUSDT,POSITION_LIMIT
2021-06-09,DECISION,THETAUSDT,POSITION_LIMIT
2021-06-09,DECISION,BNBUSDT,POSITION_LIMIT
2021-06-09,DECISION,EOSUSDT,POSITION_LIMIT
2021-06-09,DECISION,VETUSDT,POSITION_LIMIT
2021-06-09,DECISION,FILUSDT,POSITION_LIMIT
2021-06-10,DECISION,DOGEUSDT,POSITION_LIMIT
2021-06-10,DECISION,BCHUSDT,POSITION_LIMIT
2021-06-10,DECISION,THETAUSDT,POSITION_LIMIT
2021-06-10,DECISION,BNBUSDT,POSITION_LIMIT
2021-06-10,DECISION,EOSUSDT,POSITION_LIMIT
2021-06-10,DECISION,VETUSDT,POSITION_LIMIT
2021-06-10,DECISION,FILUSDT,POSITION_LIMIT
2021-06-11,DECISION,SOLUSDT,POSITION_LIMIT
2021-06-11,DECISION,BCHUSDT,POSITION_LIMIT
2021-06-11,DECISION,BNBUSDT,POSITION_LIMIT
2021-06-11,DECISION,EOSUSDT,POSITION_LIMIT
2021-06-11,DECISION,FILUSDT,POSITION_LIMIT
2021-06-11,DECISION,VETUSDT,POSITION_LIMIT
2021-06-11,DECISION,THETAUSDT,POSITION_LIMIT
2021-06-12,DECISION,SOLUSDT,POSITION_LIMIT
2021-06-12,DECISION,BCHUSDT,POSITION_LIMIT
2021-06-12,DECISION,BNBUSDT,POSITION_LIMIT
2021-06-12,DECISION,EOSUSDT,POSITION_LIMIT
2021-06-12,DECISION,FILUSDT,POSITION_LIMIT
2021-06-12,DECISION,VETUSDT,POSITION_LIMIT
2021-06-12,DECISION,THETAUSDT,POSITION_LIMIT
2021-06-13,DECISION,SOLUSDT,POSITION_LIMIT
2021-06-13,DECISION,BCHUSDT,POSITION_LIMIT
2021-06-13,DECISION,BNBUSDT,POSITION_LIMIT
2021-06-13,DECISION,EOSUSDT,POSITION_LIMIT
2021-06-13,DECISION,FILUSDT,POSITION_LIMIT
2021-06-13,DECISION,VETUSDT,POSITION_LIMIT
2021-06-13,DECISION,THETAUSDT,POSITION_LIMIT
2021-06-14,DECISION,DOGEUSDT,POSITION_LIMIT
2021-06-14,DECISION,SOLUSDT,POSITION_LIMIT
2021-06-14,DECISION,BCHUSDT,POSITION_LIMIT
2021-06-14,DECISION,BNBUSDT,POSITION_LIMIT
2021-06-14,DECISION,EOSUSDT,POSITION_LIMIT
2021-06-14,DECISION,DOTUSDT,POSITION_LIMIT
2021-06-14,DECISION,LTCUSDT,POSITION_LIMIT
2021-06-14,DECISION,FILUSDT,POSITION_LIMIT
2021-06-14,DECISION,VETUSDT,POSITION_LIMIT
2021-06-14,DECISION,THETAUSDT,POSITION_LIMIT
2021-06-15,FILL,BTCUSDT,BELOW_EXCHANGE_MINIMUM_NOTIONAL
2021-06-15,FILL,ETHUSDT,BELOW_EXCHANGE_MINIMUM_NOTIONAL
2021-06-15,DECISION,DOGEUSDT,POSITION_LIMIT
2021-06-15,DECISION,SOLUSDT,POSITION_LIMIT
2021-06-15,DECISION,BCHUSDT,POSITION_LIMIT
2021-06-15,DECISION,BNBUSDT,POSITION_LIMIT
2021-06-15,DECISION,EOSUSDT,POSITION_LIMIT
2021-06-15,DECISION,DOTUSDT,POSITION_LIMIT
2021-06-15,DECISION,LTCUSDT,POSITION_LIMIT
2021-06-15,DECISION,FILUSDT,POSITION_LIMIT
2021-06-15,DECISION,VETUSDT,POSITION_LIMIT
2021-06-15,DECISION,THETAUSDT,POSITION_LIMIT
2021-06-16,FILL,BTCUSDT,BELOW_EXCHANGE_MINIMUM_NOTIONAL
2021-06-16,FILL,ETHUSDT,BELOW_EXCHANGE_MINIMUM_NOTIONAL
2021-06-16,DECISION,DOGEUSDT,POSITION_LIMIT
2021-06-16,DECISION,SOLUSDT,POSITION_LIMIT
2021-06-16,DECISION,BCHUSDT,POSITION_LIMIT
2021-06-16,DECISION,BNBUSDT,POSITION_LIMIT
2021-06-16,DECISION,EOSUSDT,POSITION_LIMIT
2021-06-16,DECISION,DOTUSDT,POSITION_LIMIT
2021-06-16,DECISION,LTCUSDT,POSITION_LIMIT
2021-06-16,DECISION,FILUSDT,POSITION_LIMIT
2021-06-16,DECISION,THETAUSDT,POSITION_LIMIT
2021-06-16,DECISION,VETUSDT,POSITION_LIMIT
2021-06-17,FILL,BTCUSDT,BELOW_EXCHANGE_MINIMUM_NOTIONAL
2021-06-17,FILL,ETHUSDT,BELOW_EXCHANGE_MINIMUM_NOTIONAL
2021-06-17,DECISION,DOGEUSDT,POSITION_LIMIT
2021-06-17,DECISION,SOLUSDT,POSITION_LIMIT
2021-06-17,DECISION,BCHUSDT,POSITION_LIMIT
2021-06-17,DECISION,THETAUSDT,POSITION_LIMIT
2021-06-17,DECISION,CHZUSDT,POSITION_LIMIT
2021-06-17,DECISION,BNBUSDT,POSITION_LIMIT
2021-06-17,DECISION,EOSUSDT,POSITION_LIMIT
2021-06-17,DECISION,DOTUSDT,POSITION_LIMIT
2021-06-17,DECISION,LTCUSDT,POSITION_LIMIT
2021-06-17,DECISION,VETUSDT,POSITION_LIMIT
2021-06-17,DECISION,FILUSDT,POSITION_LIMIT
2021-06-18,FILL,BTCUSDT,BELOW_EXCHANGE_MINIMUM_NOTIONAL
2021-06-18,FILL,ETHUSDT,BELOW_EXCHANGE_MINIMUM_NOTIONAL
2021-06-18,DECISION,BCHUSDT,POSITION_LIMIT
2021-06-18,DECISION,THETAUSDT,POSITION_LIMIT
2021-06-18,DECISION,CHZUSDT,POSITION_LIMIT
2021-06-18,DECISION,BTCUSDT,POSITION_LIMIT
2021-06-18,DECISION,BNBUSDT,POSITION_LIMIT
2021-06-18,DECISION,DOGEUSDT,POSITION_LIMIT
2021-06-18,DECISION,EOSUSDT,POSITION_LIMIT
2021-06-18,DECISION,VETUSDT,POSITION_LIMIT
2021-06-18,DECISION,FILUSDT,POSITION_LIMIT
2021-06-19,FILL,ETHUSDT,BELOW_EXCHANGE_MINIMUM_NOTIONAL
2021-06-19,DECISION,CHZUSDT,POSITION_LIMIT
2021-06-19,DECISION,BNBUSDT,POSITION_LIMIT
2021-06-19,DECISION,DOGEUSDT,POSITION_LIMIT
2021-06-19,DECISION,EOSUSDT,POSITION_LIMIT
2021-06-19,DECISION,THETAUSDT,POSITION_LIMIT
2021-06-19,DECISION,VETUSDT,POSITION_LIMIT
2021-06-20,FILL,ETHUSDT,BELOW_EXCHANGE_MINIMUM_NOTIONAL
2021-06-20,DECISION,CHZUSDT,POSITION_LIMIT
2021-06-20,DECISION,BNBUSDT,POSITION_LIMIT
2021-06-20,DECISION,DOGEUSDT,POSITION_LIMIT
2021-06-20,DECISION,EOSUSDT,POSITION_LIMIT
2021-06-20,DECISION,THETAUSDT,POSITION_LIMIT
2021-06-20,DECISION,VETUSDT,POSITION_LIMIT
2021-06-21,DECISION,THETAUSDT,POSITION_LIMIT
2021-06-22,FILL,ETCUSDT,BELOW_EXCHANGE_MINIMUM_NOTIONAL
2021-06-22,DECISION,THETAUSDT,POSITION_LIMIT
2021-06-23,DECISION,THETAUSDT,POSITION_LIMIT
2021-06-24,DECISION,THETAUSDT,POSITION_LIMIT
2021-06-25,DECISION,THETAUSDT,POSITION_LIMIT
2021-06-26,DECISION,THETAUSDT,POSITION_LIMIT
2021-06-27,DECISION,THETAUSDT,POSITION_LIMIT
2021-06-28,DECISION,THETAUSDT,POSITION_LIMIT
2021-06-29,DECISION,ADAUSDT,POSITION_LIMIT
2021-06-29,DECISION,THETAUSDT,POSITION_LIMIT
2021-06-30,FILL,BTCUSDT,QUANTITY_ROUNDS_TO_ZERO
2021-06-30,DECISION,DOGEUSDT,POSITION_LIMIT
2021-06-30,DECISION,ADAUSDT,POSITION_LIMIT
2021-06-30,DECISION,THETAUSDT,POSITION_LIMIT
2021-07-01,FILL,BTCUSDT,BELOW_EXCHANGE_MINIMUM_NOTIONAL
2021-07-01,DECISION,DOGEUSDT,POSITION_LIMIT
2021-07-01,DECISION,ADAUSDT,POSITION_LIMIT
2021-07-01,DECISION,THETAUSDT,POSITION_LIMIT
2021-07-02,FILL,BTCUSDT,QUANTITY_ROUNDS_TO_ZERO
2021-07-02,DECISION,BNBUSDT,POSITION_LIMIT
2021-07-02,DECISION,DOGEUSDT,POSITION_LIMIT
2021-07-02,DECISION,THETAUSDT,POSITION_LIMIT
2021-07-03,FILL,BTCUSDT,BELOW_EXCHANGE_MINIMUM_NOTIONAL
2021-07-03,DECISION,BNBUSDT,POSITION_LIMIT
2021-07-03,DECISION,DOGEUSDT,POSITION_LIMIT
2021-07-03,DECISION,THETAUSDT,POSITION_LIMIT
2021-07-03,DECISION,AAVEUSDT,POSITION_LIMIT
2021-07-04,FILL,BTCUSDT,BELOW_EXCHANGE_MINIMUM_NOTIONAL
2021-07-04,DECISION,BNBUSDT,POSITION_LIMIT
2021-07-04,DECISION,DOGEUSDT,POSITION_LIMIT
2021-07-04,DECISION,LTCUSDT,POSITION_LIMIT
2021-07-04,DECISION,BCHUSDT,POSITION_LIMIT
2021-07-04,DECISION,THETAUSDT,POSITION_LIMIT
2021-07-04,DECISION,AAVEUSDT,POSITION_LIMIT
2021-07-05,FILL,BTCUSDT,BELOW_EXCHANGE_MINIMUM_NOTIONAL
2021-07-05,DECISION,BNBUSDT,POSITION_LIMIT
2021-07-05,DECISION,DOGEUSDT,POSITION_LIMIT
2021-07-05,DECISION,LTCUSDT,POSITION_LIMIT
2021-07-05,DECISION,BCHUSDT,POSITION_LIMIT
2021-07-05,DECISION,THETAUSDT,POSITION_LIMIT
2021-07-05,DECISION,AAVEUSDT,POSITION_LIMIT
2021-07-06,FILL,BTCUSDT,BELOW_EXCHANGE_MINIMUM_NOTIONAL
2021-07-06,DECISION,BTCUSDT,POSITION_LIMIT
2021-07-06,DECISION,ETHUSDT,POSITION_LIMIT
2021-07-06,DECISION,DOGEUSDT,POSITION_LIMIT
2021-07-06,DECISION,LINKUSDT,POSITION_LIMIT
2021-07-06,DECISION,LTCUSDT,POSITION_LIMIT
2021-07-06,DECISION,BCHUSDT,POSITION_LIMIT
2021-07-06,DECISION,THETAUSDT,POSITION_LIMIT
2021-07-06,DECISION,KSMUSDT,POSITION_LIMIT
2021-07-07,DECISION,ETHUSDT,POSITION_LIMIT
2021-07-07,DECISION,DOGEUSDT,POSITION_LIMIT
2021-07-07,DECISION,ETCUSDT,POSITION_LIMIT
2021-07-07,DECISION,DOTUSDT,POSITION_LIMIT
2021-07-07,DECISION,LINKUSDT,POSITION_LIMIT
2021-07-07,DECISION,LTCUSDT,POSITION_LIMIT
2021-07-07,DECISION,BCHUSDT,POSITION_LIMIT
2021-07-07,DECISION,THETAUSDT,POSITION_LIMIT
2021-07-07,DECISION,CHZUSDT,POSITION_LIMIT
2021-07-07,DECISION,KSMUSDT,POSITION_LIMIT
2021-07-08,FILL,AAVEUSDT,QUANTITY_ROUNDS_TO_ZERO
2021-07-08,FILL,BTCUSDT,BELOW_EXCHANGE_MINIMUM_NOTIONAL
2021-07-08,DECISION,ETCUSDT,POSITION_LIMIT
2021-07-08,DECISION,DOTUSDT,POSITION_LIMIT
2021-07-08,DECISION,LINKUSDT,POSITION_LIMIT
2021-07-08,DECISION,THETAUSDT,POSITION_LIMIT
2021-07-08,DECISION,CHZUSDT,POSITION_LIMIT
2021-07-08,DECISION,KSMUSDT,POSITION_LIMIT
2021-07-08,DECISION,RUNEUSDT,POSITION_LIMIT
2021-07-09,FILL,AAVEUSDT,QUANTITY_ROUNDS_TO_ZERO
2021-07-09,DECISION,ETCUSDT,POSITION_LIMIT
2021-07-09,DECISION,DOTUSDT,POSITION_LIMIT
2021-07-09,DECISION,LINKUSDT,POSITION_LIMIT
2021-07-09,DECISION,EOSUSDT,POSITION_LIMIT
2021-07-09,DECISION,THETAUSDT,POSITION_LIMIT
2021-07-09,DECISION,CHZUSDT,POSITION_LIMIT
2021-07-09,DECISION,KSMUSDT,POSITION_LIMIT
2021-07-09,DECISION,RUNEUSDT,POSITION_LIMIT
2021-07-10,FILL,AAVEUSDT,QUANTITY_ROUNDS_TO_ZERO
2021-07-10,DECISION,ETCUSDT,POSITION_LIMIT
2021-07-10,DECISION,DOTUSDT,POSITION_LIMIT
2021-07-10,DECISION,EOSUSDT,POSITION_LIMIT
2021-07-10,DECISION,THETAUSDT,POSITION_LIMIT
2021-07-10,DECISION,CHZUSDT,POSITION_LIMIT
2021-07-10,DECISION,KSMUSDT,POSITION_LIMIT
2021-07-10,DECISION,RUNEUSDT,POSITION_LIMIT
2021-07-11,FILL,AAVEUSDT,QUANTITY_ROUNDS_TO_ZERO
2021-07-11,DECISION,ETCUSDT,POSITION_LIMIT
2021-07-11,DECISION,DOTUSDT,POSITION_LIMIT
2021-07-11,DECISION,EOSUSDT,POSITION_LIMIT
2021-07-11,DECISION,THETAUSDT,POSITION_LIMIT
2021-07-11,DECISION,CHZUSDT,POSITION_LIMIT
2021-07-11,DECISION,KSMUSDT,POSITION_LIMIT
2021-07-11,DECISION,RUNEUSDT,POSITION_LIMIT
2021-07-12,FILL,AAVEUSDT,QUANTITY_ROUNDS_TO_ZERO
2021-07-12,DECISION,ETCUSDT,POSITION_LIMIT
2021-07-12,DECISION,EOSUSDT,POSITION_LIMIT
2021-07-13,FILL,AAVEUSDT,QUANTITY_ROUNDS_TO_ZERO
2021-07-13,DECISION,EOSUSDT,POSITION_LIMIT
2021-07-13,DECISION,AAVEUSDT,POSITION_LIMIT
2021-07-14,DECISION,AAVEUSDT,POSITION_LIMIT
2021-07-15,DECISION,AAVEUSDT,POSITION_LIMIT
2021-07-23,DECISION,BNBUSDT,POSITION_LIMIT
2021-07-23,DECISION,MATICUSDT,POSITION_LIMIT
2021-07-23,DECISION,AAVEUSDT,POSITION_LIMIT
2021-07-23,DECISION,UNIUSDT,POSITION_LIMIT
2021-07-24,FILL,BTCUSDT,BELOW_EXCHANGE_MINIMUM_NOTIONAL
2021-07-24,DECISION,BNBUSDT,POSITION_LIMIT
2021-07-24,DECISION,MATICUSDT,POSITION_LIMIT
2021-07-24,DECISION,AAVEUSDT,POSITION_LIMIT
2021-07-24,DECISION,THETAUSDT,POSITION_LIMIT
2021-07-24,DECISION,UNIUSDT,POSITION_LIMIT
2021-07-25,FILL,BTCUSDT,BELOW_EXCHANGE_MINIMUM_NOTIONAL
2021-07-25,DECISION,BNBUSDT,POSITION_LIMIT
2021-07-25,DECISION,DOGEUSDT,POSITION_LIMIT
2021-07-25,DECISION,MATICUSDT,POSITION_LIMIT
2021-07-25,DECISION,LINKUSDT,POSITION_LIMIT
2021-07-25,DECISION,LTCUSDT,POSITION_LIMIT
2021-07-25,DECISION,AAVEUSDT,POSITION_LIMIT
2021-07-25,DECISION,THETAUSDT,POSITION_LIMIT
2021-07-25,DECISION,UNIUSDT,POSITION_LIMIT
2021-07-26,DECISION,ETHUSDT,POSITION_LIMIT
2021-07-26,DECISION,DOGEUSDT,POSITION_LIMIT
2021-07-26,DECISION,XRPUSDT,POSITION_LIMIT
2021-07-26,DECISION,ADAUSDT,POSITION_LIMIT
2021-07-26,DECISION,MATICUSDT,POSITION_LIMIT
2021-07-26,DECISION,DOTUSDT,POSITION_LIMIT
2021-07-26,DECISION,EOSUSDT,POSITION_LIMIT
2021-07-26,DECISION,LINKUSDT,POSITION_LIMIT
2021-07-26,DECISION,LTCUSDT,POSITION_LIMIT
2021-07-26,DECISION,AAVEUSDT,POSITION_LIMIT
2021-07-26,DECISION,BCHUSDT,POSITION_LIMIT
2021-07-26,DECISION,THETAUSDT,POSITION_LIMIT
2021-07-26,DECISION,UNIUSDT,POSITION_LIMIT
2021-07-27,FILL,BTCUSDT,BELOW_EXCHANGE_MINIMUM_NOTIONAL
2021-07-27,DECISION,ETHUSDT,POSITION_LIMIT
2021-07-27,DECISION,DOGEUSDT,POSITION_LIMIT
2021-07-27,DECISION,XRPUSDT,POSITION_LIMIT
2021-07-27,DECISION,ADAUSDT,POSITION_LIMIT
2021-07-27,DECISION,MATICUSDT,POSITION_LIMIT
2021-07-27,DECISION,EOSUSDT,POSITION_LIMIT
2021-07-27,DECISION,DOTUSDT,POSITION_LIMIT
2021-07-27,DECISION,LINKUSDT,POSITION_LIMIT
2021-07-27,DECISION,LTCUSDT,POSITION_LIMIT
2021-07-27,DECISION,AAVEUSDT,POSITION_LIMIT
2021-07-27,DECISION,BCHUSDT,POSITION_LIMIT
2021-07-27,DECISION,THETAUSDT,POSITION_LIMIT
2021-07-27,DECISION,UNIUSDT,POSITION_LIMIT
2021-07-28,DECISION,BNBUSDT,POSITION_LIMIT
2021-07-28,DECISION,ETCUSDT,POSITION_LIMIT
2021-07-28,DECISION,LTCUSDT,POSITION_LIMIT
2021-07-28,DECISION,BCHUSDT,POSITION_LIMIT
2021-07-28,DECISION,DOGEUSDT,POSITION_LIMIT
2021-07-28,DECISION,ADAUSDT,POSITION_LIMIT
2021-07-28,DECISION,MATICUSDT,POSITION_LIMIT
2021-07-28,DECISION,DOTUSDT,POSITION_LIMIT
2021-07-28,DECISION,EOSUSDT,POSITION_LIMIT
2021-07-28,DECISION,LINKUSDT,POSITION_LIMIT
2021-07-28,DECISION,AAVEUSDT,POSITION_LIMIT
2021-07-28,DECISION,THETAUSDT,POSITION_LIMIT
2021-07-28,DECISION,UNIUSDT,POSITION_LIMIT
2021-07-29,DECISION,BCHUSDT,POSITION_LIMIT
2021-07-29,DECISION,BNBUSDT,POSITION_LIMIT
2021-07-29,DECISION,ETCUSDT,POSITION_LIMIT
2021-07-29,DECISION,LTCUSDT,POSITION_LIMIT
2021-07-29,DECISION,AAVEUSDT,POSITION_LIMIT
2021-07-29,DECISION,DOGEUSDT,POSITION_LIMIT
2021-07-29,DECISION,ADAUSDT,POSITION_LIMIT
2021-07-29,DECISION,MATICUSDT,POSITION_LIMIT
2021-07-29,DECISION,EOSUSDT,POSITION_LIMIT
2021-07-29,DECISION,DOTUSDT,POSITION_LIMIT
2021-07-29,DECISION,LINKUSDT,POSITION_LIMIT
2021-07-29,DECISION,SOLUSDT,POSITION_LIMIT
2021-07-29,DECISION,UNIUSDT,POSITION_LIMIT
2021-07-29,DECISION,THETAUSDT,POSITION_LIMIT
2021-07-30,DECISION,ETHUSDT,POSITION_LIMIT
2021-07-30,DECISION,BNBUSDT,POSITION_LIMIT
2021-07-30,DECISION,XRPUSDT,POSITION_LIMIT
2021-07-30,DECISION,ETCUSDT,POSITION_LIMIT
2021-07-30,DECISION,LTCUSDT,POSITION_LIMIT
2021-07-30,DECISION,LINKUSDT,POSITION_LIMIT
2021-07-30,DECISION,BCHUSDT,POSITION_LIMIT
2021-07-30,DECISION,MATICUSDT,POSITION_LIMIT
2021-07-30,DECISION,DOTUSDT,POSITION_LIMIT
2021-07-30,DECISION,SOLUSDT,POSITION_LIMIT
2021-07-30,DECISION,UNIUSDT,POSITION_LIMIT
2021-07-30,DECISION,DOGEUSDT,POSITION_LIMIT
2021-07-30,DECISION,ADAUSDT,POSITION_LIMIT
2021-07-30,DECISION,EOSUSDT,POSITION_LIMIT
2021-07-31,FILL,AXSUSDT,QUANTITY_ROUNDS_TO_ZERO
2021-07-31,DECISION,AAVEUSDT,POSITION_LIMIT
2021-07-31,DECISION,CHRUSDT,POSITION_LIMIT
2021-07-31,DECISION,XRPUSDT,POSITION_LIMIT
2021-07-31,DECISION,ETCUSDT,POSITION_LIMIT
2021-07-31,DECISION,LTCUSDT,POSITION_LIMIT
2021-07-31,DECISION,LINKUSDT,POSITION_LIMIT
2021-07-31,DECISION,SOLUSDT,POSITION_LIMIT
2021-07-31,DECISION,BCHUSDT,POSITION_LIMIT
2021-07-31,DECISION,MATICUSDT,POSITION_LIMIT
2021-07-31,DECISION,DOTUSDT,POSITION_LIMIT
2021-07-31,DECISION,UNIUSDT,POSITION_LIMIT
2021-07-31,DECISION,DOGEUSDT,POSITION_LIMIT
2021-07-31,DECISION,ADAUSDT,POSITION_LIMIT
2021-07-31,DECISION,EOSUSDT,POSITION_LIMIT
2021-08-01,DECISION,AAVEUSDT,POSITION_LIMIT
2021-08-01,DECISION,CHRUSDT,POSITION_LIMIT
2021-08-01,DECISION,XRPUSDT,POSITION_LIMIT
2021-08-01,DECISION,ETCUSDT,POSITION_LIMIT
2021-08-01,DECISION,DOTUSDT,POSITION_LIMIT
2021-08-01,DECISION,LTCUSDT,POSITION_LIMIT
2021-08-01,DECISION,LINKUSDT,POSITION_LIMIT
2021-08-01,DECISION,SOLUSDT,POSITION_LIMIT
2021-08-01,DECISION,BCHUSDT,POSITION_LIMIT
2021-08-01,DECISION,MATICUSDT,POSITION_LIMIT
2021-08-01,DECISION,ADAUSDT,POSITION_LIMIT
2021-08-01,DECISION,EOSUSDT,POSITION_LIMIT
2021-08-02,DECISION,LINKUSDT,POSITION_LIMIT
2021-08-02,DECISION,AAVEUSDT,POSITION_LIMIT
2021-08-02,DECISION,UNIUSDT,POSITION_LIMIT
2021-08-02,DECISION,XRPUSDT,POSITION_LIMIT
2021-08-02,DECISION,ETCUSDT,POSITION_LIMIT
2021-08-02,DECISION,DOTUSDT,POSITION_LIMIT
2021-08-02,DECISION,LTCUSDT,POSITION_LIMIT
2021-08-02,DECISION,SOLUSDT,POSITION_LIMIT
2021-08-02,DECISION,BCHUSDT,POSITION_LIMIT
2021-08-02,DECISION,CHRUSDT,POSITION_LIMIT
2021-08-02,DECISION,MATICUSDT,POSITION_LIMIT
2021-08-02,DECISION,ADAUSDT,POSITION_LIMIT
2021-08-02,DECISION,EOSUSDT,POSITION_LIMIT
2021-08-03,DECISION,LINKUSDT,POSITION_LIMIT
2021-08-03,DECISION,UNIUSDT,POSITION_LIMIT
2021-08-03,DECISION,ETCUSDT,POSITION_LIMIT
2021-08-03,DECISION,DOTUSDT,POSITION_LIMIT
2021-08-03,DECISION,AAVEUSDT,POSITION_LIMIT
2021-08-03,DECISION,SOLUSDT,POSITION_LIMIT
2021-08-03,DECISION,BCHUSDT,POSITION_LIMIT
2021-08-03,DECISION,CHRUSDT,POSITION_LIMIT
2021-08-03,DECISION,XRPUSDT,POSITION_LIMIT
2021-08-03,DECISION,ADAUSDT,POSITION_LIMIT
2021-08-03,DECISION,LTCUSDT,POSITION_LIMIT
2021-08-03,DECISION,MATICUSDT,POSITION_LIMIT
2021-08-03,DECISION,EOSUSDT,POSITION_LIMIT
2021-08-04,DECISION,LINKUSDT,POSITION_LIMIT
2021-08-04,DECISION,ALICEUSDT,POSITION_LIMIT
2021-08-04,DECISION,AAVEUSDT,POSITION_LIMIT
2021-08-04,DECISION,ETCUSDT,POSITION_LIMIT
2021-08-04,DECISION,DOTUSDT,POSITION_LIMIT
2021-08-04,DECISION,SOLUSDT,POSITION_LIMIT
2021-08-04,DECISION,BCHUSDT,POSITION_LIMIT
2021-08-04,DECISION,RUNEUSDT,POSITION_LIMIT
2021-08-04,DECISION,XRPUSDT,POSITION_LIMIT
2021-08-04,DECISION,ADAUSDT,POSITION_LIMIT
2021-08-04,DECISION,EOSUSDT,POSITION_LIMIT
2021-08-04,DECISION,LTCUSDT,POSITION_LIMIT
2021-08-04,DECISION,MATICUSDT,POSITION_LIMIT
2021-08-05,DECISION,ALICEUSDT,POSITION_LIMIT
2021-08-05,DECISION,LINKUSDT,POSITION_LIMIT
2021-08-05,DECISION,SOLUSDT,POSITION_LIMIT
2021-08-05,DECISION,AAVEUSDT,POSITION_LIMIT
2021-08-05,DECISION,RUNEUSDT,POSITION_LIMIT
2021-08-05,DECISION,ETCUSDT,POSITION_LIMIT
2021-08-05,DECISION,DOTUSDT,POSITION_LIMIT
2021-08-05,DECISION,BCHUSDT,POSITION_LIMIT
2021-08-05,DECISION,XRPUSDT,POSITION_LIMIT
2021-08-05,DECISION,ADAUSDT,POSITION_LIMIT
2021-08-05,DECISION,EOSUSDT,POSITION_LIMIT
2021-08-05,DECISION,LTCUSDT,POSITION_LIMIT
2021-08-05,DECISION,MATICUSDT,POSITION_LIMIT
2021-08-06,DECISION,DOTUSDT,POSITION_LIMIT
2021-08-06,DECISION,EOSUSDT,POSITION_LIMIT
2021-08-06,DECISION,ALICEUSDT,POSITION_LIMIT
2021-08-06,DECISION,LINKUSDT,POSITION_LIMIT
2021-08-06,DECISION,LTCUSDT,POSITION_LIMIT
2021-08-06,DECISION,SOLUSDT,POSITION_LIMIT
2021-08-06,DECISION,AAVEUSDT,POSITION_LIMIT
2021-08-06,DECISION,BCHUSDT,POSITION_LIMIT
2021-08-06,DECISION,RUNEUSDT,POSITION_LIMIT
2021-08-06,DECISION,THETAUSDT,POSITION_LIMIT
2021-08-06,DECISION,XRPUSDT,POSITION_LIMIT
2021-08-06,DECISION,ADAUSDT,POSITION_LIMIT
2021-08-06,DECISION,MATICUSDT,POSITION_LIMIT
2021-08-07,DECISION,XRPUSDT,POSITION_LIMIT
2021-08-07,DECISION,ADAUSDT,POSITION_LIMIT
2021-08-07,DECISION,DOTUSDT,POSITION_LIMIT
2021-08-07,DECISION,EOSUSDT,POSITION_LIMIT
2021-08-07,DECISION,ALICEUSDT,POSITION_LIMIT
2021-08-07,DECISION,LINKUSDT,POSITION_LIMIT
2021-08-07,DECISION,LTCUSDT,POSITION_LIMIT
2021-08-07,DECISION,SOLUSDT,POSITION_LIMIT
2021-08-07,DECISION,AAVEUSDT,POSITION_LIMIT
2021-08-07,DECISION,BCHUSDT,POSITION_LIMIT
2021-08-07,DECISION,RUNEUSDT,POSITION_LIMIT
2021-08-07,DECISION,DOGEUSDT,POSITION_LIMIT
2021-08-07,DECISION,MATICUSDT,POSITION_LIMIT
2021-08-07,DECISION,THETAUSDT,POSITION_LIMIT
2021-08-08,DECISION,XRPUSDT,POSITION_LIMIT
2021-08-08,DECISION,ADAUSDT,POSITION_LIMIT
2021-08-08,DECISION,DOTUSDT,POSITION_LIMIT
2021-08-08,DECISION,EOSUSDT,POSITION_LIMIT
2021-08-08,DECISION,LTCUSDT,POSITION_LIMIT
2021-08-08,DECISION,SOLUSDT,POSITION_LIMIT
2021-08-08,DECISION,AAVEUSDT,POSITION_LIMIT
2021-08-08,DECISION,BCHUSDT,POSITION_LIMIT
2021-08-08,DECISION,LUNAUSDT,POSITION_LIMIT
2021-08-08,DECISION,DOGEUSDT,POSITION_LIMIT
2021-08-08,DECISION,MATICUSDT,POSITION_LIMIT
2021-08-08,DECISION,ALICEUSDT,POSITION_LIMIT
2021-08-08,DECISION,LINKUSDT,POSITION_LIMIT
2021-08-08,DECISION,RUNEUSDT,POSITION_LIMIT
2021-08-09,DECISION,XRPUSDT,POSITION_LIMIT
2021-08-09,DECISION,ADAUSDT,POSITION_LIMIT
2021-08-09,DECISION,DOTUSDT,POSITION_LIMIT
2021-08-09,DECISION,EOSUSDT,POSITION_LIMIT
2021-08-09,DECISION,LTCUSDT,POSITION_LIMIT
2021-08-09,DECISION,SOLUSDT,POSITION_LIMIT
2021-08-09,DECISION,AAVEUSDT,POSITION_LIMIT
2021-08-09,DECISION,BCHUSDT,POSITION_LIMIT
2021-08-09,DECISION,DOGEUSDT,POSITION_LIMIT
2021-08-09,DECISION,MATICUSDT,POSITION_LIMIT
2021-08-09,DECISION,ALICEUSDT,POSITION_LIMIT
2021-08-09,DECISION,LINKUSDT,POSITION_LIMIT
2021-08-09,DECISION,RUNEUSDT,POSITION_LIMIT
2021-08-09,DECISION,THETAUSDT,POSITION_LIMIT
2021-08-10,DECISION,ADAUSDT,POSITION_LIMIT
2021-08-10,DECISION,XRPUSDT,POSITION_LIMIT
2021-08-10,DECISION,DOTUSDT,POSITION_LIMIT
2021-08-10,DECISION,EOSUSDT,POSITION_LIMIT
2021-08-10,DECISION,ALICEUSDT,POSITION_LIMIT
2021-08-10,DECISION,LTCUSDT,POSITION_LIMIT
2021-08-10,DECISION,SOLUSDT,POSITION_LIMIT
2021-08-10,DECISION,AAVEUSDT,POSITION_LIMIT
2021-08-10,DECISION,BCHUSDT,POSITION_LIMIT
2021-08-10,DECISION,DOGEUSDT,POSITION_LIMIT
2021-08-10,DECISION,MATICUSDT,POSITION_LIMIT
2021-08-10,DECISION,LINKUSDT,POSITION_LIMIT
2021-08-10,DECISION,RUNEUSDT,POSITION_LIMIT
2021-08-10,DECISION,THETAUSDT,POSITION_LIMIT
2021-08-11,FILL,AXSUSDT,QUANTITY_ROUNDS_TO_ZERO
2021-08-11,DECISION,ETCUSDT,POSITION_LIMIT
2021-08-11,DECISION,ADAUSDT,POSITION_LIMIT
2021-08-11,DECISION,LINKUSDT,POSITION_LIMIT
2021-08-11,DECISION,AAVEUSDT,POSITION_LIMIT
2021-08-11,DECISION,MATICUSDT,POSITION_LIMIT
2021-08-11,DECISION,DOTUSDT,POSITION_LIMIT
2021-08-11,DECISION,EOSUSDT,POSITION_LIMIT
2021-08-11,DECISION,ALICEUSDT,POSITION_LIMIT
2021-08-11,DECISION,LTCUSDT,POSITION_LIMIT
2021-08-11,DECISION,SOLUSDT,POSITION_LIMIT
2021-08-11,DECISION,BCHUSDT,POSITION_LIMIT
2021-08-11,DECISION,THETAUSDT,POSITION_LIMIT
2021-08-11,DECISION,DOGEUSDT,POSITION_LIMIT
2021-08-11,DECISION,RUNEUSDT,POSITION_LIMIT
2021-08-12,DECISION,ADAUSDT,POSITION_LIMIT
2021-08-12,DECISION,ETCUSDT,POSITION_LIMIT
2021-08-12,DECISION,LINKUSDT,POSITION_LIMIT
2021-08-12,DECISION,AAVEUSDT,POSITION_LIMIT
2021-08-12,DECISION,MATICUSDT,POSITION_LIMIT
2021-08-12,DECISION,DOTUSDT,POSITION_LIMIT
2021-08-12,DECISION,ALICEUSDT,POSITION_LIMIT
2021-08-12,DECISION,EOSUSDT,POSITION_LIMIT
2021-08-12,DECISION,LTCUSDT,POSITION_LIMIT
2021-08-12,DECISION,SOLUSDT,POSITION_LIMIT
2021-08-12,DECISION,BCHUSDT,POSITION_LIMIT
2021-08-12,DECISION,THETAUSDT,POSITION_LIMIT
2021-08-12,DECISION,DOGEUSDT,POSITION_LIMIT
2021-08-12,DECISION,RUNEUSDT,POSITION_LIMIT
2021-08-13,DECISION,XRPUSDT,POSITION_LIMIT
2021-08-13,DECISION,ADAUSDT,POSITION_LIMIT
2021-08-13,DECISION,LINKUSDT,POSITION_LIMIT
2021-08-13,DECISION,LTCUSDT,POSITION_LIMIT
2021-08-13,DECISION,SOLUSDT,POSITION_LIMIT
2021-08-13,DECISION,BCHUSDT,POSITION_LIMIT
2021-08-13,DECISION,AAVEUSDT,POSITION_LIMIT
2021-08-13,DECISION,DOGEUSDT,POSITION_LIMIT
2021-08-13,DECISION,MATICUSDT,POSITION_LIMIT
2021-08-13,DECISION,DOTUSDT,POSITION_LIMIT
2021-08-13,DECISION,ALICEUSDT,POSITION_LIMIT
2021-08-13,DECISION,EOSUSDT,POSITION_LIMIT
2021-08-13,DECISION,THETAUSDT,POSITION_LIMIT
2021-08-13,DECISION,RUNEUSDT,POSITION_LIMIT
2021-08-14,FILL,BTCUSDT,BELOW_EXCHANGE_MINIMUM_NOTIONAL
2021-08-14,DECISION,XRPUSDT,POSITION_LIMIT
2021-08-14,DECISION,ADAUSDT,POSITION_LIMIT
2021-08-14,DECISION,LINKUSDT,POSITION_LIMIT
2021-08-14,DECISION,EOSUSDT,POSITION_LIMIT
2021-08-14,DECISION,LTCUSDT,POSITION_LIMIT
2021-08-14,DECISION,SOLUSDT,POSITION_LIMIT
2021-08-14,DECISION,BCHUSDT,POSITION_LIMIT
2021-08-14,DECISION,AAVEUSDT,POSITION_LIMIT
2021-08-14,DECISION,DOGEUSDT,POSITION_LIMIT
2021-08-14,DECISION,DOTUSDT,POSITION_LIMIT
2021-08-14,DECISION,MATICUSDT,POSITION_LIMIT
2021-08-14,DECISION,ALICEUSDT,POSITION_LIMIT
2021-08-14,DECISION,THETAUSDT,POSITION_LIMIT
2021-08-14,DECISION,RUNEUSDT,POSITION_LIMIT
2021-08-15,FILL,BTCUSDT,BELOW_EXCHANGE_MINIMUM_NOTIONAL
2021-08-15,DECISION,DOGEUSDT,POSITION_LIMIT
2021-08-15,DECISION,XRPUSDT,POSITION_LIMIT
2021-08-15,DECISION,ADAUSDT,POSITION_LIMIT
2021-08-15,DECISION,LINKUSDT,POSITION_LIMIT
2021-08-15,DECISION,EOSUSDT,POSITION_LIMIT
2021-08-15,DECISION,LTCUSDT,POSITION_LIMIT
2021-08-15,DECISION,BCHUSDT,POSITION_LIMIT
2021-08-15,DECISION,SOLUSDT,POSITION_LIMIT
2021-08-15,DECISION,AAVEUSDT,POSITION_LIMIT
2021-08-15,DECISION,DOTUSDT,POSITION_LIMIT
2021-08-15,DECISION,MATICUSDT,POSITION_LIMIT
2021-08-15,DECISION,ALICEUSDT,POSITION_LIMIT
2021-08-15,DECISION,RUNEUSDT,POSITION_LIMIT
2021-08-15,DECISION,THETAUSDT,POSITION_LIMIT
2021-08-16,DECISION,DOGEUSDT,POSITION_LIMIT
2021-08-16,DECISION,XRPUSDT,POSITION_LIMIT
2021-08-16,DECISION,ADAUSDT,POSITION_LIMIT
2021-08-16,DECISION,LINKUSDT,POSITION_LIMIT
2021-08-16,DECISION,EOSUSDT,POSITION_LIMIT
2021-08-16,DECISION,LTCUSDT,POSITION_LIMIT
2021-08-16,DECISION,BCHUSDT,POSITION_LIMIT
2021-08-16,DECISION,SANDUSDT,POSITION_LIMIT
2021-08-16,DECISION,AAVEUSDT,POSITION_LIMIT
2021-08-16,DECISION,DOTUSDT,POSITION_LIMIT
2021-08-16,DECISION,MATICUSDT,POSITION_LIMIT
2021-08-16,DECISION,ALICEUSDT,POSITION_LIMIT
2021-08-16,DECISION,RUNEUSDT,POSITION_LIMIT
2021-08-16,DECISION,THETAUSDT,POSITION_LIMIT
2021-08-17,DECISION,DOGEUSDT,POSITION_LIMIT
2021-08-17,DECISION,ADAUSDT,POSITION_LIMIT
2021-08-17,DECISION,LINKUSDT,POSITION_LIMIT
2021-08-17,DECISION,EOSUSDT,POSITION_LIMIT
2021-08-17,DECISION,LTCUSDT,POSITION_LIMIT
2021-08-17,DECISION,BCHUSDT,POSITION_LIMIT
2021-08-17,DECISION,ETHUSDT,POSITION_LIMIT
2021-08-17,DECISION,DOTUSDT,POSITION_LIMIT
2021-08-17,DECISION,MATICUSDT,POSITION_LIMIT
2021-08-17,DECISION,RUNEUSDT,POSITION_LIMIT
2021-08-17,DECISION,THETAUSDT,POSITION_LIMIT
2021-08-17,DECISION,FILUSDT,POSITION_LIMIT
2021-08-17,DECISION,AAVEUSDT,POSITION_LIMIT
2021-08-17,DECISION,ALICEUSDT,POSITION_LIMIT
2021-08-18,DECISION,BNBUSDT,POSITION_LIMIT
2021-08-18,DECISION,ADAUSDT,POSITION_LIMIT
2021-08-18,DECISION,ETHUSDT,POSITION_LIMIT
2021-08-18,DECISION,DOTUSDT,POSITION_LIMIT
2021-08-18,DECISION,LINKUSDT,POSITION_LIMIT
2021-08-18,DECISION,EOSUSDT,POSITION_LIMIT
2021-08-18,DECISION,LTCUSDT,POSITION_LIMIT
2021-08-18,DECISION,BCHUSDT,POSITION_LIMIT
2021-08-18,DECISION,RUNEUSDT,POSITION_LIMIT
2021-08-18,DECISION,MATICUSDT,POSITION_LIMIT
2021-08-18,DECISION,ALICEUSDT,POSITION_LIMIT
2021-08-18,DECISION,THETAUSDT,POSITION_LIMIT
2021-08-18,DECISION,FILUSDT,POSITION_LIMIT
2021-08-18,DECISION,UNIUSDT,POSITION_LIMIT
2021-08-19,DECISION,XRPUSDT,POSITION_LIMIT
2021-08-19,DECISION,DOGEUSDT,POSITION_LIMIT
2021-08-19,DECISION,DOTUSDT,POSITION_LIMIT
2021-08-19,DECISION,ETHUSDT,POSITION_LIMIT
2021-08-19,DECISION,LINKUSDT,POSITION_LIMIT
2021-08-19,DECISION,EOSUSDT,POSITION_LIMIT
2021-08-19,DECISION,LTCUSDT,POSITION_LIMIT
2021-08-19,DECISION,BCHUSDT,POSITION_LIMIT
2021-08-19,DECISION,RUNEUSDT,POSITION_LIMIT
2021-08-19,DECISION,MATICUSDT,POSITION_LIMIT
2021-08-19,DECISION,ALICEUSDT,POSITION_LIMIT
2021-08-19,DECISION,FILUSDT,POSITION_LIMIT
2021-08-19,DECISION,THETAUSDT,POSITION_LIMIT
2021-08-19,DECISION,UNIUSDT,POSITION_LIMIT
2021-08-20,DECISION,DOGEUSDT,POSITION_LIMIT
2021-08-20,DECISION,XRPUSDT,POSITION_LIMIT
2021-08-20,DECISION,DOTUSDT,POSITION_LIMIT
2021-08-20,DECISION,MATICUSDT,POSITION_LIMIT
2021-08-20,DECISION,LINKUSDT,POSITION_LIMIT
2021-08-20,DECISION,ETHUSDT,POSITION_LIMIT
2021-08-20,DECISION,EOSUSDT,POSITION_LIMIT
2021-08-20,DECISION,LTCUSDT,POSITION_LIMIT
2021-08-20,DECISION,BCHUSDT,POSITION_LIMIT
2021-08-20,DECISION,RUNEUSDT,POSITION_LIMIT
2021-08-20,DECISION,ALICEUSDT,POSITION_LIMIT
2021-08-20,DECISION,FILUSDT,POSITION_LIMIT
2021-08-20,DECISION,THETAUSDT,POSITION_LIMIT
2021-08-20,DECISION,UNIUSDT,POSITION_LIMIT
2021-08-21,DECISION,BTCUSDT,POSITION_LIMIT
2021-08-21,DECISION,DOGEUSDT,POSITION_LIMIT
2021-08-21,DECISION,XRPUSDT,POSITION_LIMIT
2021-08-21,DECISION,DOTUSDT,POSITION_LIMIT
2021-08-21,DECISION,MATICUSDT,POSITION_LIMIT
2021-08-21,DECISION,LINKUSDT,POSITION_LIMIT
2021-08-21,DECISION,FILUSDT,POSITION_LIMIT
2021-08-21,DECISION,RUNEUSDT,POSITION_LIMIT
2021-08-21,DECISION,ETHUSDT,POSITION_LIMIT
2021-08-21,DECISION,EOSUSDT,POSITION_LIMIT
2021-08-21,DECISION,LTCUSDT,POSITION_LIMIT
2021-08-21,DECISION,BCHUSDT,POSITION_LIMIT
2021-08-21,DECISION,THETAUSDT,POSITION_LIMIT
2021-08-21,DECISION,UNIUSDT,POSITION_LIMIT
2021-08-22,DECISION,BTCUSDT,POSITION_LIMIT
2021-08-22,DECISION,DOGEUSDT,POSITION_LIMIT
2021-08-22,DECISION,XRPUSDT,POSITION_LIMIT
2021-08-22,DECISION,DOTUSDT,POSITION_LIMIT
2021-08-22,DECISION,MATICUSDT,POSITION_LIMIT
2021-08-22,DECISION,LINKUSDT,POSITION_LIMIT
2021-08-22,DECISION,LTCUSDT,POSITION_LIMIT
2021-08-22,DECISION,FILUSDT,POSITION_LIMIT
2021-08-22,DECISION,RUNEUSDT,POSITION_LIMIT
2021-08-22,DECISION,ETHUSDT,POSITION_LIMIT
2021-08-22,DECISION,EOSUSDT,POSITION_LIMIT
2021-08-22,DECISION,BCHUSDT,POSITION_LIMIT
2021-08-22,DECISION,THETAUSDT,POSITION_LIMIT
2021-08-22,DECISION,UNIUSDT,POSITION_LIMIT
2021-08-23,DECISION,ALICEUSDT,POSITION_LIMIT
2021-08-23,DECISION,DOGEUSDT,POSITION_LIMIT
2021-08-23,DECISION,XRPUSDT,POSITION_LIMIT
2021-08-23,DECISION,DOTUSDT,POSITION_LIMIT
2021-08-23,DECISION,MATICUSDT,POSITION_LIMIT
2021-08-23,DECISION,LINKUSDT,POSITION_LIMIT
2021-08-23,DECISION,LTCUSDT,POSITION_LIMIT
2021-08-23,DECISION,FILUSDT,POSITION_LIMIT
2021-08-23,DECISION,RUNEUSDT,POSITION_LIMIT
2021-08-23,DECISION,ETHUSDT,POSITION_LIMIT
2021-08-23,DECISION,EOSUSDT,POSITION_LIMIT
2021-08-23,DECISION,BCHUSDT,POSITION_LIMIT
2021-08-23,DECISION,THETAUSDT,POSITION_LIMIT
2021-08-23,DECISION,UNIUSDT,POSITION_LIMIT
2021-08-24,DECISION,SOLUSDT,POSITION_LIMIT
2021-08-24,DECISION,MATICUSDT,POSITION_LIMIT
2021-08-24,DECISION,FILUSDT,POSITION_LIMIT
2021-08-24,DECISION,RUNEUSDT,POSITION_LIMIT
2021-08-24,DECISION,ETHUSDT,POSITION_LIMIT
2021-08-24,DECISION,XRPUSDT,POSITION_LIMIT
2021-08-24,DECISION,DOTUSDT,POSITION_LIMIT
2021-08-24,DECISION,ETCUSDT,POSITION_LIMIT
2021-08-24,DECISION,LINKUSDT,POSITION_LIMIT
2021-08-24,DECISION,EOSUSDT,POSITION_LIMIT
2021-08-24,DECISION,LTCUSDT,POSITION_LIMIT
2021-08-24,DECISION,BCHUSDT,POSITION_LIMIT
2021-08-24,DECISION,DOGEUSDT,POSITION_LIMIT
2021-08-24,DECISION,THETAUSDT,POSITION_LIMIT
2021-08-25,DECISION,SOLUSDT,POSITION_LIMIT
2021-08-25,DECISION,MATICUSDT,POSITION_LIMIT
2021-08-25,DECISION,FILUSDT,POSITION_LIMIT
2021-08-25,DECISION,RUNEUSDT,POSITION_LIMIT
2021-08-25,DECISION,ETHUSDT,POSITION_LIMIT
2021-08-25,DECISION,XRPUSDT,POSITION_LIMIT
2021-08-25,DECISION,DOTUSDT,POSITION_LIMIT
2021-08-25,DECISION,ETCUSDT,POSITION_LIMIT
2021-08-25,DECISION,LINKUSDT,POSITION_LIMIT
2021-08-25,DECISION,EOSUSDT,POSITION_LIMIT
2021-08-25,DECISION,LTCUSDT,POSITION_LIMIT
2021-08-25,DECISION,BCHUSDT,POSITION_LIMIT
2021-08-25,DECISION,DOGEUSDT,POSITION_LIMIT
2021-08-25,DECISION,THETAUSDT,POSITION_LIMIT
2021-08-26,FILL,AXSUSDT,QUANTITY_ROUNDS_TO_ZERO
2021-08-26,DECISION,BTCUSDT,POSITION_LIMIT
2021-08-26,DECISION,ETHUSDT,POSITION_LIMIT
2021-08-26,DECISION,DOTUSDT,POSITION_LIMIT
2021-08-26,DECISION,MATICUSDT,POSITION_LIMIT
2021-08-26,DECISION,LTCUSDT,POSITION_LIMIT
2021-08-26,DECISION,FILUSDT,POSITION_LIMIT
2021-08-26,DECISION,RUNEUSDT,POSITION_LIMIT
2021-08-26,DECISION,XRPUSDT,POSITION_LIMIT
2021-08-26,DECISION,DOGEUSDT,POSITION_LIMIT
2021-08-26,DECISION,ETCUSDT,POSITION_LIMIT
2021-08-26,DECISION,EOSUSDT,POSITION_LIMIT
2021-08-26,DECISION,BCHUSDT,POSITION_LIMIT
2021-08-26,DECISION,LINKUSDT,POSITION_LIMIT
2021-08-26,DECISION,THETAUSDT,POSITION_LIMIT
2021-08-27,FILL,AXSUSDT,QUANTITY_ROUNDS_TO_ZERO
2021-08-27,DECISION,BTCUSDT,POSITION_LIMIT
2021-08-27,DECISION,ETHUSDT,POSITION_LIMIT
2021-08-27,DECISION,DOTUSDT,POSITION_LIMIT
2021-08-27,DECISION,MATICUSDT,POSITION_LIMIT
2021-08-27,DECISION,LTCUSDT,POSITION_LIMIT
2021-08-27,DECISION,FILUSDT,POSITION_LIMIT
2021-08-27,DECISION,RUNEUSDT,POSITION_LIMIT
2021-08-27,DECISION,XRPUSDT,POSITION_LIMIT
2021-08-27,DECISION,DOGEUSDT,POSITION_LIMIT
2021-08-27,DECISION,ETCUSDT,POSITION_LIMIT
2021-08-27,DECISION,EOSUSDT,POSITION_LIMIT
2021-08-27,DECISION,BCHUSDT,POSITION_LIMIT
2021-08-27,DECISION,LINKUSDT,POSITION_LIMIT
2021-08-27,DECISION,THETAUSDT,POSITION_LIMIT
2021-08-28,FILL,AXSUSDT,QUANTITY_ROUNDS_TO_ZERO
2021-08-28,DECISION,BTCUSDT,POSITION_LIMIT
2021-08-28,DECISION,ETHUSDT,POSITION_LIMIT
2021-08-28,DECISION,DOTUSDT,POSITION_LIMIT
2021-08-28,DECISION,MATICUSDT,POSITION_LIMIT
2021-08-28,DECISION,LTCUSDT,POSITION_LIMIT
2021-08-28,DECISION,FILUSDT,POSITION_LIMIT
2021-08-28,DECISION,RUNEUSDT,POSITION_LIMIT
2021-08-28,DECISION,XRPUSDT,POSITION_LIMIT
2021-08-28,DECISION,DOGEUSDT,POSITION_LIMIT
2021-08-28,DECISION,ETCUSDT,POSITION_LIMIT
2021-08-28,DECISION,EOSUSDT,POSITION_LIMIT
2021-08-28,DECISION,BCHUSDT,POSITION_LIMIT
2021-08-28,DECISION,LINKUSDT,POSITION_LIMIT
2021-08-28,DECISION,THETAUSDT,POSITION_LIMIT
2021-08-29,FILL,AXSUSDT,QUANTITY_ROUNDS_TO_ZERO
2021-08-29,DECISION,BTCUSDT,POSITION_LIMIT
2021-08-29,DECISION,ETHUSDT,POSITION_LIMIT
2021-08-29,DECISION,DOTUSDT,POSITION_LIMIT
2021-08-29,DECISION,MATICUSDT,POSITION_LIMIT
2021-08-29,DECISION,LTCUSDT,POSITION_LIMIT
2021-08-29,DECISION,FILUSDT,POSITION_LIMIT
2021-08-29,DECISION,RUNEUSDT,POSITION_LIMIT
2021-08-29,DECISION,XRPUSDT,POSITION_LIMIT
2021-08-29,DECISION,DOGEUSDT,POSITION_LIMIT
2021-08-29,DECISION,ETCUSDT,POSITION_LIMIT
2021-08-29,DECISION,EOSUSDT,POSITION_LIMIT
2021-08-29,DECISION,BCHUSDT,POSITION_LIMIT
2021-08-29,DECISION,LINKUSDT,POSITION_LIMIT
2021-08-29,DECISION,THETAUSDT,POSITION_LIMIT
2021-08-30,DECISION,BNBUSDT,POSITION_LIMIT
2021-08-30,DECISION,ETHUSDT,POSITION_LIMIT
2021-08-30,DECISION,DOTUSDT,POSITION_LIMIT
2021-08-30,DECISION,RUNEUSDT,POSITION_LIMIT
2021-08-30,DECISION,XRPUSDT,POSITION_LIMIT
2021-08-30,DECISION,DOGEUSDT,POSITION_LIMIT
2021-08-30,DECISION,ETCUSDT,POSITION_LIMIT
2021-08-30,DECISION,EOSUSDT,POSITION_LIMIT
2021-08-30,DECISION,LTCUSDT,POSITION_LIMIT
2021-08-30,DECISION,BCHUSDT,POSITION_LIMIT
2021-08-30,DECISION,FILUSDT,POSITION_LIMIT
2021-08-30,DECISION,MATICUSDT,POSITION_LIMIT
2021-08-30,DECISION,LINKUSDT,POSITION_LIMIT
2021-08-30,DECISION,THETAUSDT,POSITION_LIMIT
2021-08-31,DECISION,ALICEUSDT,POSITION_LIMIT
2021-08-31,DECISION,BTCUSDT,POSITION_LIMIT
2021-08-31,DECISION,BNBUSDT,POSITION_LIMIT
2021-08-31,DECISION,RUNEUSDT,POSITION_LIMIT
2021-08-31,DECISION,XRPUSDT,POSITION_LIMIT
2021-08-31,DECISION,DOGEUSDT,POSITION_LIMIT
2021-08-31,DECISION,ETCUSDT,POSITION_LIMIT
2021-08-31,DECISION,EOSUSDT,POSITION_LIMIT
2021-08-31,DECISION,LTCUSDT,POSITION_LIMIT
2021-08-31,DECISION,BCHUSDT,POSITION_LIMIT
2021-08-31,DECISION,FILUSDT,POSITION_LIMIT
2021-08-31,DECISION,MATICUSDT,POSITION_LIMIT
2021-08-31,DECISION,LINKUSDT,POSITION_LIMIT
2021-08-31,DECISION,THETAUSDT,POSITION_LIMIT
2021-09-01,DECISION,ALICEUSDT,POSITION_LIMIT
2021-09-01,DECISION,BTCUSDT,POSITION_LIMIT
2021-09-01,DECISION,BNBUSDT,POSITION_LIMIT
2021-09-01,DECISION,LINKUSDT,POSITION_LIMIT
2021-09-01,DECISION,AVAXUSDT,POSITION_LIMIT
2021-09-01,DECISION,ETCUSDT,POSITION_LIMIT
2021-09-01,DECISION,XRPUSDT,POSITION_LIMIT
2021-09-01,DECISION,DOGEUSDT,POSITION_LIMIT
2021-09-01,DECISION,EOSUSDT,POSITION_LIMIT
2021-09-01,DECISION,LTCUSDT,POSITION_LIMIT
2021-09-01,DECISION,BCHUSDT,POSITION_LIMIT
2021-09-01,DECISION,FILUSDT,POSITION_LIMIT
2021-09-01,DECISION,MATICUSDT,POSITION_LIMIT
2021-09-01,DECISION,THETAUSDT,POSITION_LIMIT
2021-09-02,DECISION,ALICEUSDT,POSITION_LIMIT
2021-09-02,DECISION,BTCUSDT,POSITION_LIMIT
2021-09-02,DECISION,BNBUSDT,POSITION_LIMIT
2021-09-02,DECISION,AVAXUSDT,POSITION_LIMIT
2021-09-02,DECISION,LINKUSDT,POSITION_LIMIT
2021-09-02,DECISION,XRPUSDT,POSITION_LIMIT
2021-09-02,DECISION,ETCUSDT,POSITION_LIMIT
2021-09-02,DECISION,DOGEUSDT,POSITION_LIMIT
2021-09-02,DECISION,EOSUSDT,POSITION_LIMIT
2021-09-02,DECISION,LTCUSDT,POSITION_LIMIT
2021-09-02,DECISION,FILUSDT,POSITION_LIMIT
2021-09-02,DECISION,BCHUSDT,POSITION_LIMIT
2021-09-02,DECISION,MATICUSDT,POSITION_LIMIT
2021-09-02,DECISION,THETAUSDT,POSITION_LIMIT
2021-09-03,DECISION,XRPUSDT,POSITION_LIMIT
2021-09-03,DECISION,DOTUSDT,POSITION_LIMIT
2021-09-03,DECISION,LTCUSDT,POSITION_LIMIT
2021-09-03,DECISION,ALICEUSDT,POSITION_LIMIT
2021-09-03,DECISION,BNBUSDT,POSITION_LIMIT
2021-09-03,DECISION,AVAXUSDT,POSITION_LIMIT
2021-09-03,DECISION,LINKUSDT,POSITION_LIMIT
2021-09-03,DECISION,BCHUSDT,POSITION_LIMIT
2021-09-03,DECISION,DOGEUSDT,POSITION_LIMIT
2021-09-03,DECISION,ETCUSDT,POSITION_LIMIT
2021-09-03,DECISION,EOSUSDT,POSITION_LIMIT
2021-09-03,DECISION,FILUSDT,POSITION_LIMIT
2021-09-03,DECISION,MATICUSDT,POSITION_LIMIT
2021-09-03,DECISION,THETAUSDT,POSITION_LIMIT
2021-09-04,DECISION,DOTUSDT,POSITION_LIMIT
2021-09-04,DECISION,LUNAUSDT,POSITION_LIMIT
2021-09-04,DECISION,LTCUSDT,POSITION_LIMIT
2021-09-04,DECISION,ALICEUSDT,POSITION_LIMIT
2021-09-04,DECISION,FILUSDT,POSITION_LIMIT
2021-09-04,DECISION,BNBUSDT,POSITION_LIMIT
2021-09-04,DECISION,AVAXUSDT,POSITION_LIMIT
2021-09-04,DECISION,MATICUSDT,POSITION_LIMIT
2021-09-04,DECISION,LINKUSDT,POSITION_LIMIT
2021-09-04,DECISION,BCHUSDT,POSITION_LIMIT
2021-09-04,DECISION,DOGEUSDT,POSITION_LIMIT
2021-09-04,DECISION,ETCUSDT,POSITION_LIMIT
2021-09-04,DECISION,EOSUSDT,POSITION_LIMIT
2021-09-04,DECISION,THETAUSDT,POSITION_LIMIT
2021-09-05,DECISION,XRPUSDT,POSITION_LIMIT
2021-09-05,DECISION,DOTUSDT,POSITION_LIMIT
2021-09-05,DECISION,LUNAUSDT,POSITION_LIMIT
2021-09-05,DECISION,LTCUSDT,POSITION_LIMIT
2021-09-05,DECISION,LINKUSDT,POSITION_LIMIT
2021-09-05,DECISION,ALICEUSDT,POSITION_LIMIT
2021-09-05,DECISION,FILUSDT,POSITION_LIMIT
2021-09-05,DECISION,BCHUSDT,POSITION_LIMIT
2021-09-05,DECISION,AVAXUSDT,POSITION_LIMIT
2021-09-05,DECISION,ETCUSDT,POSITION_LIMIT
2021-09-05,DECISION,MATICUSDT,POSITION_LIMIT
2021-09-05,DECISION,EOSUSDT,POSITION_LIMIT
2021-09-05,DECISION,THETAUSDT,POSITION_LIMIT
2021-09-05,DECISION,DOGEUSDT,POSITION_LIMIT
2021-09-06,DECISION,XRPUSDT,POSITION_LIMIT
2021-09-06,DECISION,DOTUSDT,POSITION_LIMIT
2021-09-06,DECISION,LUNAUSDT,POSITION_LIMIT
2021-09-06,DECISION,LTCUSDT,POSITION_LIMIT
2021-09-06,DECISION,LINKUSDT,POSITION_LIMIT
2021-09-06,DECISION,FILUSDT,POSITION_LIMIT
2021-09-06,DECISION,BCHUSDT,POSITION_LIMIT
2021-09-06,DECISION,AVAXUSDT,POSITION_LIMIT
2021-09-06,DECISION,ETCUSDT,POSITION_LIMIT
2021-09-06,DECISION,MATICUSDT,POSITION_LIMIT
2021-09-06,DECISION,EOSUSDT,POSITION_LIMIT
2021-09-06,DECISION,ALICEUSDT,POSITION_LIMIT
2021-09-06,DECISION,THETAUSDT,POSITION_LIMIT
2021-09-06,DECISION,DOGEUSDT,POSITION_LIMIT
2021-09-07,DECISION,LUNAUSDT,POSITION_LIMIT
2021-09-07,DECISION,LTCUSDT,POSITION_LIMIT
2021-09-07,DECISION,LINKUSDT,POSITION_LIMIT
2021-09-07,DECISION,BTCUSDT,POSITION_LIMIT
2021-09-07,DECISION,ADAUSDT,POSITION_LIMIT
2021-09-07,DECISION,BNBUSDT,POSITION_LIMIT
2021-09-07,DECISION,AVAXUSDT,POSITION_LIMIT
2021-09-07,DECISION,MATICUSDT,POSITION_LIMIT
2021-09-07,DECISION,EOSUSDT,POSITION_LIMIT
2021-09-07,DECISION,ALICEUSDT,POSITION_LIMIT
2021-09-07,DECISION,AXSUSDT,POSITION_LIMIT
2021-09-07,DECISION,ICPUSDT,POSITION_LIMIT
2021-09-07,DECISION,ETCUSDT,POSITION_LIMIT
2021-09-07,DECISION,DOGEUSDT,POSITION_LIMIT
2021-09-08,DECISION,LINKUSDT,POSITION_LIMIT
2021-09-08,DECISION,BCHUSDT,POSITION_LIMIT
2021-09-08,DECISION,XRPUSDT,POSITION_LIMIT
2021-09-08,DECISION,ADAUSDT,POSITION_LIMIT
2021-09-08,DECISION,BNBUSDT,POSITION_LIMIT
2021-09-08,DECISION,AVAXUSDT,POSITION_LIMIT
2021-09-08,DECISION,MATICUSDT,POSITION_LIMIT
2021-09-08,DECISION,ALICEUSDT,POSITION_LIMIT
2021-09-08,DECISION,BTCUSDT,POSITION_LIMIT
2021-09-08,DECISION,AXSUSDT,POSITION_LIMIT
2021-09-08,DECISION,EOSUSDT,POSITION_LIMIT
2021-09-08,DECISION,ICPUSDT,POSITION_LIMIT
2021-09-08,DECISION,ETCUSDT,POSITION_LIMIT
2021-09-08,DECISION,DOGEUSDT,POSITION_LIMIT
2021-09-09,DECISION,LINKUSDT,POSITION_LIMIT
2021-09-09,DECISION,BCHUSDT,POSITION_LIMIT
2021-09-09,DECISION,XRPUSDT,POSITION_LIMIT
2021-09-09,DECISION,ADAUSDT,POSITION_LIMIT
2021-09-09,DECISION,BNBUSDT,POSITION_LIMIT
2021-09-09,DECISION,AVAXUSDT,POSITION_LIMIT
2021-09-09,DECISION,MATICUSDT,POSITION_LIMIT
2021-09-09,DECISION,ALICEUSDT,POSITION_LIMIT
2021-09-09,DECISION,BTCUSDT,POSITION_LIMIT
2021-09-09,DECISION,AXSUSDT,POSITION_LIMIT
2021-09-09,DECISION,EOSUSDT,POSITION_LIMIT
2021-09-09,DECISION,ICPUSDT,POSITION_LIMIT
2021-09-09,DECISION,ETCUSDT,POSITION_LIMIT
2021-09-09,DECISION,DOGEUSDT,POSITION_LIMIT
2021-09-10,DECISION,ETHUSDT,POSITION_LIMIT
2021-09-10,DECISION,LINKUSDT,POSITION_LIMIT
2021-09-10,DECISION,ALICEUSDT,POSITION_LIMIT
2021-09-10,DECISION,BCHUSDT,POSITION_LIMIT
2021-09-10,DECISION,ADAUSDT,POSITION_LIMIT
2021-09-10,DECISION,BNBUSDT,POSITION_LIMIT
2021-09-10,DECISION,AXSUSDT,POSITION_LIMIT
2021-09-10,DECISION,ICPUSDT,POSITION_LIMIT
2021-09-10,DECISION,BTCUSDT,POSITION_LIMIT
2021-09-10,DECISION,XRPUSDT,POSITION_LIMIT
2021-09-10,DECISION,MATICUSDT,POSITION_LIMIT
2021-09-10,DECISION,ETCUSDT,POSITION_LIMIT
2021-09-10,DECISION,EOSUSDT,POSITION_LIMIT
2021-09-11,DECISION,ETHUSDT,POSITION_LIMIT
2021-09-11,DECISION,LINKUSDT,POSITION_LIMIT
2021-09-11,DECISION,ALICEUSDT,POSITION_LIMIT
2021-09-11,DECISION,BCHUSDT,POSITION_LIMIT
2021-09-11,DECISION,ADAUSDT,POSITION_LIMIT
2021-09-11,DECISION,BNBUSDT,POSITION_LIMIT
2021-09-11,DECISION,AXSUSDT,POSITION_LIMIT
2021-09-11,DECISION,ICPUSDT,POSITION_LIMIT
2021-09-11,DECISION,BTCUSDT,POSITION_LIMIT
2021-09-11,DECISION,XRPUSDT,POSITION_LIMIT
2021-09-11,DECISION,MATICUSDT,POSITION_LIMIT
2021-09-11,DECISION,ETCUSDT,POSITION_LIMIT
2021-09-11,DECISION,EOSUSDT,POSITION_LIMIT
2021-09-12,DECISION,ETHUSDT,POSITION_LIMIT
2021-09-12,DECISION,LINKUSDT,POSITION_LIMIT
2021-09-12,DECISION,ALICEUSDT,POSITION_LIMIT
2021-09-12,DECISION,BCHUSDT,POSITION_LIMIT
2021-09-12,DECISION,ADAUSDT,POSITION_LIMIT
2021-09-12,DECISION,BNBUSDT,POSITION_LIMIT
2021-09-12,DECISION,AXSUSDT,POSITION_LIMIT
2021-09-12,DECISION,ICPUSDT,POSITION_LIMIT
2021-09-12,DECISION,BTCUSDT,POSITION_LIMIT
2021-09-12,DECISION,XRPUSDT,POSITION_LIMIT
2021-09-12,DECISION,MATICUSDT,POSITION_LIMIT
2021-09-12,DECISION,ETCUSDT,POSITION_LIMIT
2021-09-12,DECISION,EOSUSDT,POSITION_LIMIT
2021-09-13,DECISION,ETHUSDT,POSITION_LIMIT
2021-09-13,DECISION,LINKUSDT,POSITION_LIMIT
2021-09-13,DECISION,ADAUSDT,POSITION_LIMIT
2021-09-13,DECISION,BNBUSDT,POSITION_LIMIT
2021-09-13,DECISION,AXSUSDT,POSITION_LIMIT
2021-09-13,DECISION,ALICEUSDT,POSITION_LIMIT
2021-09-13,DECISION,BCHUSDT,POSITION_LIMIT
2021-09-13,DECISION,BTCUSDT,POSITION_LIMIT
2021-09-13,DECISION,XRPUSDT,POSITION_LIMIT
2021-09-13,DECISION,ETCUSDT,POSITION_LIMIT
2021-09-13,DECISION,EOSUSDT,POSITION_LIMIT
2021-09-14,DECISION,FILUSDT,POSITION_LIMIT
2021-09-14,DECISION,ETHUSDT,POSITION_LIMIT
2021-09-14,DECISION,LINKUSDT,POSITION_LIMIT
2021-09-14,DECISION,ADAUSDT,POSITION_LIMIT
2021-09-14,DECISION,BNBUSDT,POSITION_LIMIT
2021-09-14,DECISION,AXSUSDT,POSITION_LIMIT
2021-09-14,DECISION,ALICEUSDT,POSITION_LIMIT
2021-09-14,DECISION,BTCUSDT,POSITION_LIMIT
2021-09-14,DECISION,XRPUSDT,POSITION_LIMIT
2021-09-14,DECISION,ETCUSDT,POSITION_LIMIT
2021-09-14,DECISION,EOSUSDT,POSITION_LIMIT
2021-09-15,DECISION,FILUSDT,POSITION_LIMIT
2021-09-15,DECISION,ETHUSDT,POSITION_LIMIT
2021-09-15,DECISION,LINKUSDT,POSITION_LIMIT
2021-09-15,DECISION,ADAUSDT,POSITION_LIMIT
2021-09-15,DECISION,BNBUSDT,POSITION_LIMIT
2021-09-15,DECISION,AXSUSDT,POSITION_LIMIT
2021-09-15,DECISION,ALICEUSDT,POSITION_LIMIT
2021-09-15,DECISION,BTCUSDT,POSITION_LIMIT
2021-09-15,DECISION,XRPUSDT,POSITION_LIMIT
2021-09-15,DECISION,ETCUSDT,POSITION_LIMIT
2021-09-15,DECISION,EOSUSDT,POSITION_LIMIT
2021-09-16,DECISION,FILUSDT,POSITION_LIMIT
2021-09-16,DECISION,ETHUSDT,POSITION_LIMIT
2021-09-16,DECISION,LINKUSDT,POSITION_LIMIT
2021-09-16,DECISION,ADAUSDT,POSITION_LIMIT
2021-09-16,DECISION,BNBUSDT,POSITION_LIMIT
2021-09-16,DECISION,AXSUSDT,POSITION_LIMIT
2021-09-16,DECISION,ALICEUSDT,POSITION_LIMIT
2021-09-16,DECISION,BTCUSDT,POSITION_LIMIT
2021-09-16,DECISION,XRPUSDT,POSITION_LIMIT
2021-09-16,DECISION,ETCUSDT,POSITION_LIMIT
2021-09-16,DECISION,EOSUSDT,POSITION_LIMIT
2021-09-17,DECISION,FILUSDT,POSITION_LIMIT
2021-09-17,DECISION,ETHUSDT,POSITION_LIMIT
2021-09-17,DECISION,LINKUSDT,POSITION_LIMIT
2021-09-17,DECISION,ADAUSDT,POSITION_LIMIT
2021-09-17,DECISION,BNBUSDT,POSITION_LIMIT
2021-09-17,DECISION,AXSUSDT,POSITION_LIMIT
2021-09-17,DECISION,ALICEUSDT,POSITION_LIMIT
2021-09-17,DECISION,BTCUSDT,POSITION_LIMIT
2021-09-17,DECISION,XRPUSDT,POSITION_LIMIT
2021-09-17,DECISION,EOSUSDT,POSITION_LIMIT
2021-09-17,DECISION,MATICUSDT,POSITION_LIMIT
2021-09-17,DECISION,ETCUSDT,POSITION_LIMIT
2021-09-18,DECISION,FILUSDT,POSITION_LIMIT
2021-09-18,DECISION,ETHUSDT,POSITION_LIMIT
2021-09-18,DECISION,LINKUSDT,POSITION_LIMIT
2021-09-18,DECISION,BTCUSDT,POSITION_LIMIT
2021-09-18,DECISION,ADAUSDT,POSITION_LIMIT
2021-09-18,DECISION,BNBUSDT,POSITION_LIMIT
2021-09-18,DECISION,AXSUSDT,POSITION_LIMIT
2021-09-18,DECISION,ALICEUSDT,POSITION_LIMIT
2021-09-18,DECISION,XRPUSDT,POSITION_LIMIT
2021-09-18,DECISION,EOSUSDT,POSITION_LIMIT
2021-09-18,DECISION,MATICUSDT,POSITION_LIMIT
2021-09-18,DECISION,ETCUSDT,POSITION_LIMIT
2021-09-19,DECISION,FILUSDT,POSITION_LIMIT
2021-09-19,DECISION,ETHUSDT,POSITION_LIMIT
2021-09-19,DECISION,LINKUSDT,POSITION_LIMIT
2021-09-19,DECISION,BTCUSDT,POSITION_LIMIT
2021-09-19,DECISION,ADAUSDT,POSITION_LIMIT
2021-09-19,DECISION,BNBUSDT,POSITION_LIMIT
2021-09-19,DECISION,ALICEUSDT,POSITION_LIMIT
2021-09-19,DECISION,AXSUSDT,POSITION_LIMIT
2021-09-19,DECISION,EOSUSDT,POSITION_LIMIT
2021-09-19,DECISION,XRPUSDT,POSITION_LIMIT
2021-09-19,DECISION,ETCUSDT,POSITION_LIMIT
2021-09-20,DECISION,FILUSDT,POSITION_LIMIT
2021-09-20,DECISION,ADAUSDT,POSITION_LIMIT
2021-09-20,DECISION,BNBUSDT,POSITION_LIMIT
2021-09-20,DECISION,AXSUSDT,POSITION_LIMIT
2021-09-20,DECISION,BTCUSDT,POSITION_LIMIT
2021-09-20,DECISION,ETHUSDT,POSITION_LIMIT
2021-09-20,DECISION,XRPUSDT,POSITION_LIMIT
2021-09-20,DECISION,LTCUSDT,POSITION_LIMIT
2021-09-20,DECISION,LINKUSDT,POSITION_LIMIT
2021-09-20,DECISION,ETCUSDT,POSITION_LIMIT
2021-09-20,DECISION,ALICEUSDT,POSITION_LIMIT
2021-09-21,DECISION,BNBUSDT,POSITION_LIMIT
2021-09-21,DECISION,LUNAUSDT,POSITION_LIMIT
2021-09-21,DECISION,AXSUSDT,POSITION_LIMIT
2021-09-21,DECISION,BTCUSDT,POSITION_LIMIT
2021-09-21,DECISION,ETHUSDT,POSITION_LIMIT
2021-09-21,DECISION,XRPUSDT,POSITION_LIMIT
2021-09-21,DECISION,LTCUSDT,POSITION_LIMIT
2021-09-21,DECISION,ETCUSDT,POSITION_LIMIT
2021-09-21,DECISION,FILUSDT,POSITION_LIMIT
2021-09-21,DECISION,ALICEUSDT,POSITION_LIMIT
2021-09-22,DECISION,ADAUSDT,POSITION_LIMIT
2021-09-22,DECISION,BNBUSDT,POSITION_LIMIT
2021-09-22,DECISION,LUNAUSDT,POSITION_LIMIT
2021-09-22,DECISION,AXSUSDT,POSITION_LIMIT
2021-09-22,DECISION,BTCUSDT,POSITION_LIMIT
2021-09-22,DECISION,ETHUSDT,POSITION_LIMIT
2021-09-22,DECISION,XRPUSDT,POSITION_LIMIT
2021-09-22,DECISION,LTCUSDT,POSITION_LIMIT
2021-09-22,DECISION,ETCUSDT,POSITION_LIMIT
2021-09-22,DECISION,FILUSDT,POSITION_LIMIT
2021-09-23,DECISION,ADAUSDT,POSITION_LIMIT
2021-09-23,DECISION,BNBUSDT,POSITION_LIMIT
2021-09-23,DECISION,LUNAUSDT,POSITION_LIMIT
2021-09-23,DECISION,AXSUSDT,POSITION_LIMIT
2021-09-23,DECISION,BTCUSDT,POSITION_LIMIT
2021-09-23,DECISION,ETHUSDT,POSITION_LIMIT
2021-09-23,DECISION,XRPUSDT,POSITION_LIMIT
2021-09-23,DECISION,LTCUSDT,POSITION_LIMIT
2021-09-23,DECISION,ETCUSDT,POSITION_LIMIT
2021-09-23,DECISION,FILUSDT,POSITION_LIMIT
2021-09-24,DECISION,LUNAUSDT,POSITION_LIMIT
2021-09-24,DECISION,ADAUSDT,POSITION_LIMIT
2021-09-24,DECISION,BNBUSDT,POSITION_LIMIT
2021-09-24,DECISION,AXSUSDT,POSITION_LIMIT
2021-09-24,DECISION,BTCUSDT,POSITION_LIMIT
2021-09-24,DECISION,ETHUSDT,POSITION_LIMIT
2021-09-24,DECISION,XRPUSDT,POSITION_LIMIT
2021-09-24,DECISION,LTCUSDT,POSITION_LIMIT
2021-09-24,DECISION,FILUSDT,POSITION_LIMIT
2021-09-24,DECISION,ETCUSDT,POSITION_LIMIT
2021-09-25,DECISION,DOTUSDT,POSITION_LIMIT
2021-09-25,DECISION,LUNAUSDT,POSITION_LIMIT
2021-09-25,DECISION,ADAUSDT,POSITION_LIMIT
2021-09-25,DECISION,BNBUSDT,POSITION_LIMIT
2021-09-25,DECISION,AXSUSDT,POSITION_LIMIT
2021-09-25,DECISION,BTCUSDT,POSITION_LIMIT
2021-09-25,DECISION,ETHUSDT,POSITION_LIMIT
2021-09-25,DECISION,XRPUSDT,POSITION_LIMIT
2021-09-25,DECISION,LTCUSDT,POSITION_LIMIT
2021-09-26,DECISION,DOTUSDT,POSITION_LIMIT
2021-09-26,DECISION,LUNAUSDT,POSITION_LIMIT
2021-09-26,DECISION,ADAUSDT,POSITION_LIMIT
2021-09-26,DECISION,BNBUSDT,POSITION_LIMIT
2021-09-26,DECISION,AXSUSDT,POSITION_LIMIT
2021-09-26,DECISION,BTCUSDT,POSITION_LIMIT
2021-09-26,DECISION,ETHUSDT,POSITION_LIMIT
2021-09-26,DECISION,XRPUSDT,POSITION_LIMIT
2021-09-26,DECISION,LTCUSDT,POSITION_LIMIT
2021-09-27,DECISION,DOTUSDT,POSITION_LIMIT
2021-09-27,DECISION,LUNAUSDT,POSITION_LIMIT
2021-09-27,DECISION,ADAUSDT,POSITION_LIMIT
2021-09-27,DECISION,AXSUSDT,POSITION_LIMIT
2021-09-27,DECISION,BTCUSDT,POSITION_LIMIT
2021-09-27,DECISION,ETHUSDT,POSITION_LIMIT
2021-09-27,DECISION,XRPUSDT,POSITION_LIMIT
2021-09-27,DECISION,BNBUSDT,POSITION_LIMIT
2021-09-28,DECISION,AXSUSDT,POSITION_LIMIT
2021-09-28,DECISION,ADAUSDT,POSITION_LIMIT
2021-09-28,DECISION,DOTUSDT,POSITION_LIMIT
2021-09-28,DECISION,LUNAUSDT,POSITION_LIMIT
2021-09-28,DECISION,BTCUSDT,POSITION_LIMIT
2021-09-28,DECISION,ETHUSDT,POSITION_LIMIT
2021-09-28,DECISION,XRPUSDT,POSITION_LIMIT
2021-09-28,DECISION,BNBUSDT,POSITION_LIMIT
2021-09-29,DECISION,AXSUSDT,POSITION_LIMIT
2021-09-29,DECISION,ADAUSDT,POSITION_LIMIT
2021-09-29,DECISION,DOTUSDT,POSITION_LIMIT
2021-09-29,DECISION,LUNAUSDT,POSITION_LIMIT
2021-09-29,DECISION,BTCUSDT,POSITION_LIMIT
2021-09-29,DECISION,ETHUSDT,POSITION_LIMIT
2021-09-29,DECISION,XRPUSDT,POSITION_LIMIT
2021-09-29,DECISION,BNBUSDT,POSITION_LIMIT
2021-09-30,DECISION,ALGOUSDT,POSITION_LIMIT
2021-09-30,DECISION,ADAUSDT,POSITION_LIMIT
2021-09-30,DECISION,DOTUSDT,POSITION_LIMIT
2021-09-30,DECISION,BNBUSDT,POSITION_LIMIT
2021-09-30,DECISION,LUNAUSDT,POSITION_LIMIT
2021-09-30,DECISION,BTCUSDT,POSITION_LIMIT
2021-09-30,DECISION,ETHUSDT,POSITION_LIMIT
2021-09-30,DECISION,XRPUSDT,POSITION_LIMIT
2021-10-01,DECISION,ALGOUSDT,POSITION_LIMIT
2021-10-01,DECISION,BTCUSDT,POSITION_LIMIT
2021-10-01,DECISION,ETHUSDT,POSITION_LIMIT
2021-10-01,DECISION,ADAUSDT,POSITION_LIMIT
2021-10-01,DECISION,XRPUSDT,POSITION_LIMIT
2021-10-01,DECISION,DOTUSDT,POSITION_LIMIT
2021-10-01,DECISION,BNBUSDT,POSITION_LIMIT
2021-10-01,DECISION,LUNAUSDT,POSITION_LIMIT
2021-10-01,DECISION,LINKUSDT,POSITION_LIMIT
2021-10-01,DECISION,LTCUSDT,POSITION_LIMIT
2021-10-01,DECISION,MATICUSDT,POSITION_LIMIT
2021-10-02,FILL,AXSUSDT,QUANTITY_ROUNDS_TO_ZERO
2021-10-02,DECISION,LUNAUSDT,POSITION_LIMIT
2021-10-02,DECISION,ALGOUSDT,POSITION_LIMIT
2021-10-02,DECISION,BTCUSDT,POSITION_LIMIT
2021-10-02,DECISION,ETHUSDT,POSITION_LIMIT
2021-10-02,DECISION,ADAUSDT,POSITION_LIMIT
2021-10-02,DECISION,XRPUSDT,POSITION_LIMIT
2021-10-02,DECISION,DOTUSDT,POSITION_LIMIT
2021-10-02,DECISION,BNBUSDT,POSITION_LIMIT
2021-10-02,DECISION,LINKUSDT,POSITION_LIMIT
2021-10-02,DECISION,LTCUSDT,POSITION_LIMIT
2021-10-02,DECISION,MATICUSDT,POSITION_LIMIT
2021-10-03,FILL,AVAXUSDT,QUANTITY_ROUNDS_TO_ZERO
2021-10-03,FILL,AXSUSDT,QUANTITY_ROUNDS_TO_ZERO
2021-10-03,DECISION,LUNAUSDT,POSITION_LIMIT
2021-10-03,DECISION,ALGOUSDT,POSITION_LIMIT
2021-10-03,DECISION,BTCUSDT,POSITION_LIMIT
2021-10-03,DECISION,ETHUSDT,POSITION_LIMIT
2021-10-03,DECISION,ADAUSDT,POSITION_LIMIT
2021-10-03,DECISION,XRPUSDT,POSITION_LIMIT
2021-10-03,DECISION,DOTUSDT,POSITION_LIMIT
2021-10-03,DECISION,BNBUSDT,POSITION_LIMIT
2021-10-03,DECISION,LINKUSDT,POSITION_LIMIT
2021-10-03,DECISION,LTCUSDT,POSITION_LIMIT
2021-10-03,DECISION,EOSUSDT,POSITION_LIMIT
2021-10-03,DECISION,MATICUSDT,POSITION_LIMIT
2021-10-04,FILL,AVAXUSDT,QUANTITY_ROUNDS_TO_ZERO
2021-10-04,FILL,AXSUSDT,QUANTITY_ROUNDS_TO_ZERO
2021-10-04,DECISION,ATOMUSDT,POSITION_LIMIT
2021-10-04,DECISION,ALGOUSDT,POSITION_LIMIT
2021-10-04,DECISION,BTCUSDT,POSITION_LIMIT
2021-10-04,DECISION,ETHUSDT,POSITION_LIMIT
2021-10-04,DECISION,ADAUSDT,POSITION_LIMIT
2021-10-04,DECISION,XRPUSDT,POSITION_LIMIT
2021-10-04,DECISION,DOTUSDT,POSITION_LIMIT
2021-10-04,DECISION,BNBUSDT,POSITION_LIMIT
2021-10-04,DECISION,LINKUSDT,POSITION_LIMIT
2021-10-04,DECISION,LTCUSDT,POSITION_LIMIT
2021-10-04,DECISION,DOGEUSDT,POSITION_LIMIT
2021-10-04,DECISION,EOSUSDT,POSITION_LIMIT
2021-10-04,DECISION,MATICUSDT,POSITION_LIMIT
2021-10-05,FILL,AVAXUSDT,QUANTITY_ROUNDS_TO_ZERO
2021-10-05,DECISION,ATOMUSDT,POSITION_LIMIT
2021-10-05,DECISION,ALGOUSDT,POSITION_LIMIT
2021-10-05,DECISION,BTCUSDT,POSITION_LIMIT
2021-10-05,DECISION,BNBUSDT,POSITION_LIMIT
2021-10-05,DECISION,ETHUSDT,POSITION_LIMIT
2021-10-05,DECISION,ADAUSDT,POSITION_LIMIT
2021-10-05,DECISION,XRPUSDT,POSITION_LIMIT
2021-10-05,DECISION,DOTUSDT,POSITION_LIMIT
2021-10-05,DECISION,DOGEUSDT,POSITION_LIMIT
2021-10-05,DECISION,LINKUSDT,POSITION_LIMIT
2021-10-05,DECISION,EOSUSDT,POSITION_LIMIT
2021-10-05,DECISION,LTCUSDT,POSITION_LIMIT
2021-10-05,DECISION,MATICUSDT,POSITION_LIMIT
2021-10-06,FILL,AVAXUSDT,QUANTITY_ROUNDS_TO_ZERO
2021-10-06,DECISION,SOLUSDT,POSITION_LIMIT
2021-10-06,DECISION,AVAXUSDT,POSITION_LIMIT
2021-10-06,DECISION,ALGOUSDT,POSITION_LIMIT
2021-10-06,DECISION,ETHUSDT,POSITION_LIMIT
2021-10-06,DECISION,DOTUSDT,POSITION_LIMIT
2021-10-06,DECISION,BNBUSDT,POSITION_LIMIT
2021-10-06,DECISION,ADAUSDT,POSITION_LIMIT
2021-10-06,DECISION,XRPUSDT,POSITION_LIMIT
2021-10-06,DECISION,DOGEUSDT,POSITION_LIMIT
2021-10-06,DECISION,FILUSDT,POSITION_LIMIT
2021-10-06,DECISION,LINKUSDT,POSITION_LIMIT
2021-10-06,DECISION,EOSUSDT,POSITION_LIMIT
2021-10-06,DECISION,LTCUSDT,POSITION_LIMIT
2021-10-07,DECISION,SOLUSDT,POSITION_LIMIT
2021-10-07,DECISION,AVAXUSDT,POSITION_LIMIT
2021-10-07,DECISION,ALGOUSDT,POSITION_LIMIT
2021-10-07,DECISION,ETHUSDT,POSITION_LIMIT
2021-10-07,DECISION,ADAUSDT,POSITION_LIMIT
2021-10-07,DECISION,DOTUSDT,POSITION_LIMIT
2021-10-07,DECISION,BNBUSDT,POSITION_LIMIT
2021-10-07,DECISION,XRPUSDT,POSITION_LIMIT
2021-10-07,DECISION,DOGEUSDT,POSITION_LIMIT
2021-10-07,DECISION,FILUSDT,POSITION_LIMIT
2021-10-07,DECISION,LINKUSDT,POSITION_LIMIT
2021-10-07,DECISION,EOSUSDT,POSITION_LIMIT
2021-10-07,DECISION,LTCUSDT,POSITION_LIMIT
2021-10-08,DECISION,SOLUSDT,POSITION_LIMIT
2021-10-08,DECISION,AVAXUSDT,POSITION_LIMIT
2021-10-08,DECISION,ALGOUSDT,POSITION_LIMIT
2021-10-08,DECISION,ETHUSDT,POSITION_LIMIT
2021-10-08,DECISION,ADAUSDT,POSITION_LIMIT
2021-10-08,DECISION,DOTUSDT,POSITION_LIMIT
2021-10-08,DECISION,XRPUSDT,POSITION_LIMIT
2021-10-08,DECISION,BNBUSDT,POSITION_LIMIT
2021-10-08,DECISION,DOGEUSDT,POSITION_LIMIT
2021-10-08,DECISION,FILUSDT,POSITION_LIMIT
2021-10-08,DECISION,EOSUSDT,POSITION_LIMIT
2021-10-08,DECISION,LTCUSDT,POSITION_LIMIT
2021-10-08,DECISION,MATICUSDT,POSITION_LIMIT
2021-10-09,DECISION,SOLUSDT,POSITION_LIMIT
2021-10-09,DECISION,AVAXUSDT,POSITION_LIMIT
2021-10-09,DECISION,XRPUSDT,POSITION_LIMIT
2021-10-09,DECISION,DOTUSDT,POSITION_LIMIT
2021-10-09,DECISION,ALGOUSDT,POSITION_LIMIT
2021-10-09,DECISION,ETHUSDT,POSITION_LIMIT
2021-10-09,DECISION,ADAUSDT,POSITION_LIMIT
2021-10-09,DECISION,BNBUSDT,POSITION_LIMIT
2021-10-09,DECISION,DOGEUSDT,POSITION_LIMIT
2021-10-09,DECISION,LTCUSDT,POSITION_LIMIT
2021-10-09,DECISION,EOSUSDT,POSITION_LIMIT
2021-10-09,DECISION,MATICUSDT,POSITION_LIMIT
2021-10-09,DECISION,FILUSDT,POSITION_LIMIT
2021-10-10,DECISION,XRPUSDT,POSITION_LIMIT
2021-10-10,DECISION,DOTUSDT,POSITION_LIMIT
2021-10-10,DECISION,ATOMUSDT,POSITION_LIMIT
2021-10-10,DECISION,ALGOUSDT,POSITION_LIMIT
2021-10-10,DECISION,AVAXUSDT,POSITION_LIMIT
2021-10-10,DECISION,ETHUSDT,POSITION_LIMIT
2021-10-10,DECISION,ADAUSDT,POSITION_LIMIT
2021-10-10,DECISION,BNBUSDT,POSITION_LIMIT
2021-10-10,DECISION,LTCUSDT,POSITION_LIMIT
2021-10-10,DECISION,DOGEUSDT,POSITION_LIMIT
2021-10-10,DECISION,EOSUSDT,POSITION_LIMIT
2021-10-10,DECISION,MATICUSDT,POSITION_LIMIT
2021-10-11,DECISION,XRPUSDT,POSITION_LIMIT
2021-10-11,DECISION,DOTUSDT,POSITION_LIMIT
2021-10-11,DECISION,ATOMUSDT,POSITION_LIMIT
2021-10-11,DECISION,ALGOUSDT,POSITION_LIMIT
2021-10-11,DECISION,AVAXUSDT,POSITION_LIMIT
2021-10-11,DECISION,ETHUSDT,POSITION_LIMIT
2021-10-11,DECISION,ADAUSDT,POSITION_LIMIT
2021-10-11,DECISION,BNBUSDT,POSITION_LIMIT
2021-10-11,DECISION,LTCUSDT,POSITION_LIMIT
2021-10-11,DECISION,DOGEUSDT,POSITION_LIMIT
2021-10-11,DECISION,EOSUSDT,POSITION_LIMIT
2021-10-12,DECISION,XRPUSDT,POSITION_LIMIT
2021-10-12,DECISION,DOTUSDT,POSITION_LIMIT
2021-10-12,DECISION,BNBUSDT,POSITION_LIMIT
2021-10-12,DECISION,ATOMUSDT,POSITION_LIMIT
2021-10-12,DECISION,ALGOUSDT,POSITION_LIMIT
2021-10-12,DECISION,AVAXUSDT,POSITION_LIMIT
2021-10-12,DECISION,ETHUSDT,POSITION_LIMIT
2021-10-12,DECISION,ADAUSDT,POSITION_LIMIT
2021-10-12,DECISION,DOGEUSDT,POSITION_LIMIT
2021-10-12,DECISION,LTCUSDT,POSITION_LIMIT
2021-10-12,DECISION,EOSUSDT,POSITION_LIMIT
2021-10-13,DECISION,LUNAUSDT,POSITION_LIMIT
2021-10-13,DECISION,SOLUSDT,POSITION_LIMIT
2021-10-13,DECISION,XRPUSDT,POSITION_LIMIT
2021-10-13,DECISION,BNBUSDT,POSITION_LIMIT
2021-10-13,DECISION,ATOMUSDT,POSITION_LIMIT
2021-10-13,DECISION,ETHUSDT,POSITION_LIMIT
2021-10-13,DECISION,AVAXUSDT,POSITION_LIMIT
2021-10-13,DECISION,ADAUSDT,POSITION_LIMIT
2021-10-13,DECISION,DOGEUSDT,POSITION_LIMIT
2021-10-13,DECISION,LTCUSDT,POSITION_LIMIT
2021-10-13,DECISION,EOSUSDT,POSITION_LIMIT
2021-10-14,DECISION,OMGUSDT,POSITION_LIMIT
2021-10-14,DECISION,LUNAUSDT,POSITION_LIMIT
2021-10-14,DECISION,ETHUSDT,POSITION_LIMIT
2021-10-14,DECISION,SOLUSDT,POSITION_LIMIT
2021-10-14,DECISION,XRPUSDT,POSITION_LIMIT
2021-10-14,DECISION,BNBUSDT,POSITION_LIMIT
2021-10-14,DECISION,ATOMUSDT,POSITION_LIMIT
2021-10-14,DECISION,AVAXUSDT,POSITION_LIMIT
2021-10-14,DECISION,ADAUSDT,POSITION_LIMIT
2021-10-14,DECISION,LTCUSDT,POSITION_LIMIT
2021-10-14,DECISION,DOGEUSDT,POSITION_LIMIT
2021-10-14,DECISION,EOSUSDT,POSITION_LIMIT
2021-10-15,DECISION,LUNAUSDT,POSITION_LIMIT
2021-10-15,DECISION,XTZUSDT,POSITION_LIMIT
2021-10-15,DECISION,ETHUSDT,POSITION_LIMIT
2021-10-15,DECISION,SOLUSDT,POSITION_LIMIT
2021-10-15,DECISION,XRPUSDT,POSITION_LIMIT
2021-10-15,DECISION,BNBUSDT,POSITION_LIMIT
2021-10-15,DECISION,ATOMUSDT,POSITION_LIMIT
2021-10-15,DECISION,AVAXUSDT,POSITION_LIMIT
2021-10-15,DECISION,LTCUSDT,POSITION_LIMIT
2021-10-15,DECISION,ADAUSDT,POSITION_LIMIT
2021-10-15,DECISION,DOGEUSDT,POSITION_LIMIT
2021-10-15,DECISION,EOSUSDT,POSITION_LIMIT
2021-10-16,DECISION,LUNAUSDT,POSITION_LIMIT
2021-10-16,DECISION,XTZUSDT,POSITION_LIMIT
2021-10-16,DECISION,ETHUSDT,POSITION_LIMIT
2021-10-16,DECISION,SOLUSDT,POSITION_LIMIT
2021-10-16,DECISION,XRPUSDT,POSITION_LIMIT
2021-10-16,DECISION,BNBUSDT,POSITION_LIMIT
2021-10-16,DECISION,ATOMUSDT,POSITION_LIMIT
2021-10-16,DECISION,AVAXUSDT,POSITION_LIMIT
2021-10-16,DECISION,LTCUSDT,POSITION_LIMIT
2021-10-16,DECISION,ADAUSDT,POSITION_LIMIT
2021-10-16,DECISION,DOGEUSDT,POSITION_LIMIT
2021-10-16,DECISION,EOSUSDT,POSITION_LIMIT
2021-10-17,DECISION,ETHUSDT,POSITION_LIMIT
2021-10-17,DECISION,SOLUSDT,POSITION_LIMIT
2021-10-17,DECISION,BNBUSDT,POSITION_LIMIT
2021-10-17,DECISION,LUNAUSDT,POSITION_LIMIT
2021-10-17,DECISION,ATOMUSDT,POSITION_LIMIT
2021-10-17,DECISION,XTZUSDT,POSITION_LIMIT
2021-10-17,DECISION,XRPUSDT,POSITION_LIMIT
2021-10-17,DECISION,AVAXUSDT,POSITION_LIMIT
2021-10-17,DECISION,LTCUSDT,POSITION_LIMIT
2021-10-17,DECISION,ADAUSDT,POSITION_LIMIT
2021-10-17,DECISION,DOGEUSDT,POSITION_LIMIT
2021-10-18,DECISION,ETHUSDT,POSITION_LIMIT
2021-10-18,DECISION,SOLUSDT,POSITION_LIMIT
2021-10-18,DECISION,BNBUSDT,POSITION_LIMIT
2021-10-18,DECISION,LUNAUSDT,POSITION_LIMIT
2021-10-18,DECISION,XTZUSDT,POSITION_LIMIT
2021-10-18,DECISION,XRPUSDT,POSITION_LIMIT
2021-10-18,DECISION,AVAXUSDT,POSITION_LIMIT
2021-10-18,DECISION,ATOMUSDT,POSITION_LIMIT
2021-10-18,DECISION,LTCUSDT,POSITION_LIMIT
2021-10-18,DECISION,ADAUSDT,POSITION_LIMIT
2021-10-18,DECISION,DOGEUSDT,POSITION_LIMIT
2021-10-19,DECISION,ETHUSDT,POSITION_LIMIT
2021-10-19,DECISION,SOLUSDT,POSITION_LIMIT
2021-10-19,DECISION,BNBUSDT,POSITION_LIMIT
2021-10-19,DECISION,LUNAUSDT,POSITION_LIMIT
2021-10-19,DECISION,XTZUSDT,POSITION_LIMIT
2021-10-19,DECISION,XRPUSDT,POSITION_LIMIT
2021-10-19,DECISION,AVAXUSDT,POSITION_LIMIT
2021-10-19,DECISION,ATOMUSDT,POSITION_LIMIT
2021-10-19,DECISION,LTCUSDT,POSITION_LIMIT
2021-10-19,DECISION,ADAUSDT,POSITION_LIMIT
2021-10-19,DECISION,DOGEUSDT,POSITION_LIMIT
2021-10-20,FILL,AXSUSDT,QUANTITY_ROUNDS_TO_ZERO
2021-10-20,DECISION,1000SHIBUSDT,POSITION_LIMIT
2021-10-20,DECISION,OMGUSDT,POSITION_LIMIT
2021-10-20,DECISION,LUNAUSDT,POSITION_LIMIT
2021-10-20,DECISION,XRPUSDT,POSITION_LIMIT
2021-10-20,DECISION,BNBUSDT,POSITION_LIMIT
2021-10-20,DECISION,AVAXUSDT,POSITION_LIMIT
2021-10-20,DECISION,ATOMUSDT,POSITION_LIMIT
2021-10-20,DECISION,XTZUSDT,POSITION_LIMIT
2021-10-20,DECISION,DOGEUSDT,POSITION_LIMIT
2021-10-20,DECISION,LTCUSDT,POSITION_LIMIT
2021-10-20,DECISION,ADAUSDT,POSITION_LIMIT
2021-10-20,DECISION,EOSUSDT,POSITION_LIMIT
2021-10-20,DECISION,LINKUSDT,POSITION_LIMIT
2021-10-21,FILL,AXSUSDT,QUANTITY_ROUNDS_TO_ZERO
2021-10-21,DECISION,1000SHIBUSDT,POSITION_LIMIT
2021-10-21,DECISION,LUNAUSDT,POSITION_LIMIT
2021-10-21,DECISION,XRPUSDT,POSITION_LIMIT
2021-10-21,DECISION,BNBUSDT,POSITION_LIMIT
2021-10-21,DECISION,AVAXUSDT,POSITION_LIMIT
2021-10-21,DECISION,ATOMUSDT,POSITION_LIMIT
2021-10-21,DECISION,XTZUSDT,POSITION_LIMIT
2021-10-21,DECISION,DOGEUSDT,POSITION_LIMIT
2021-10-21,DECISION,LTCUSDT,POSITION_LIMIT
2021-10-21,DECISION,LINKUSDT,POSITION_LIMIT
2021-10-21,DECISION,MATICUSDT,POSITION_LIMIT
2021-10-21,DECISION,ADAUSDT,POSITION_LIMIT
2021-10-21,DECISION,EOSUSDT,POSITION_LIMIT
2021-10-22,DECISION,1000SHIBUSDT,POSITION_LIMIT
2021-10-22,DECISION,LUNAUSDT,POSITION_LIMIT
2021-10-22,DECISION,XRPUSDT,POSITION_LIMIT
2021-10-22,DECISION,BNBUSDT,POSITION_LIMIT
2021-10-22,DECISION,AVAXUSDT,POSITION_LIMIT
2021-10-22,DECISION,ATOMUSDT,POSITION_LIMIT
2021-10-22,DECISION,XTZUSDT,POSITION_LIMIT
2021-10-22,DECISION,DOGEUSDT,POSITION_LIMIT
2021-10-22,DECISION,LTCUSDT,POSITION_LIMIT
2021-10-22,DECISION,LINKUSDT,POSITION_LIMIT
2021-10-22,DECISION,MATICUSDT,POSITION_LIMIT
2021-10-22,DECISION,ADAUSDT,POSITION_LIMIT
2021-10-22,DECISION,EOSUSDT,POSITION_LIMIT
2021-10-23,DECISION,AXSUSDT,POSITION_LIMIT
2021-10-23,DECISION,LUNAUSDT,POSITION_LIMIT
2021-10-23,DECISION,XRPUSDT,POSITION_LIMIT
2021-10-23,DECISION,BNBUSDT,POSITION_LIMIT
2021-10-23,DECISION,AVAXUSDT,POSITION_LIMIT
2021-10-23,DECISION,ATOMUSDT,POSITION_LIMIT
2021-10-23,DECISION,XTZUSDT,POSITION_LIMIT
2021-10-23,DECISION,LINKUSDT,POSITION_LIMIT
2021-10-23,DECISION,MATICUSDT,POSITION_LIMIT
2021-10-23,DECISION,DOGEUSDT,POSITION_LIMIT
2021-10-23,DECISION,LTCUSDT,POSITION_LIMIT
2021-10-23,DECISION,ADAUSDT,POSITION_LIMIT
2021-10-23,DECISION,EOSUSDT,POSITION_LIMIT
2021-10-24,DECISION,AXSUSDT,POSITION_LIMIT
2021-10-24,DECISION,LUNAUSDT,POSITION_LIMIT
2021-10-24,DECISION,BNBUSDT,POSITION_LIMIT
2021-10-24,DECISION,AVAXUSDT,POSITION_LIMIT
2021-10-24,DECISION,DOGEUSDT,POSITION_LIMIT
2021-10-24,DECISION,ATOMUSDT,POSITION_LIMIT
2021-10-24,DECISION,LINKUSDT,POSITION_LIMIT
2021-10-24,DECISION,MATICUSDT,POSITION_LIMIT
2021-10-24,DECISION,LTCUSDT,POSITION_LIMIT
2021-10-24,DECISION,XTZUSDT,POSITION_LIMIT
2021-10-24,DECISION,ADAUSDT,POSITION_LIMIT
2021-10-24,DECISION,XRPUSDT,POSITION_LIMIT
2021-10-24,DECISION,EOSUSDT,POSITION_LIMIT
2021-10-25,DECISION,BTCUSDT,POSITION_LIMIT
2021-10-25,DECISION,AVAXUSDT,POSITION_LIMIT
2021-10-25,DECISION,LUNAUSDT,POSITION_LIMIT
2021-10-25,DECISION,BNBUSDT,POSITION_LIMIT
2021-10-25,DECISION,DOGEUSDT,POSITION_LIMIT
2021-10-25,DECISION,ATOMUSDT,POSITION_LIMIT
2021-10-25,DECISION,LINKUSDT,POSITION_LIMIT
2021-10-25,DECISION,MATICUSDT,POSITION_LIMIT
2021-10-25,DECISION,LTCUSDT,POSITION_LIMIT
2021-10-25,DECISION,XTZUSDT,POSITION_LIMIT
2021-10-25,DECISION,ADAUSDT,POSITION_LIMIT
2021-10-25,DECISION,XRPUSDT,POSITION_LIMIT
2021-10-25,DECISION,EOSUSDT,POSITION_LIMIT
2021-10-26,DECISION,AVAXUSDT,POSITION_LIMIT
2021-10-26,DECISION,ATOMUSDT,POSITION_LIMIT
2021-10-26,DECISION,BTCUSDT,POSITION_LIMIT
2021-10-26,DECISION,LUNAUSDT,POSITION_LIMIT
2021-10-26,DECISION,BNBUSDT,POSITION_LIMIT
2021-10-26,DECISION,DOGEUSDT,POSITION_LIMIT
2021-10-26,DECISION,LINKUSDT,POSITION_LIMIT
2021-10-26,DECISION,MATICUSDT,POSITION_LIMIT
2021-10-26,DECISION,LTCUSDT,POSITION_LIMIT
2021-10-26,DECISION,XTZUSDT,POSITION_LIMIT
2021-10-26,DECISION,ADAUSDT,POSITION_LIMIT
2021-10-26,DECISION,XRPUSDT,POSITION_LIMIT
2021-10-26,DECISION,EOSUSDT,POSITION_LIMIT
2021-10-27,DECISION,MATICUSDT,POSITION_LIMIT
2021-10-27,DECISION,BTCUSDT,POSITION_LIMIT
2021-10-27,DECISION,DOTUSDT,POSITION_LIMIT
2021-10-27,DECISION,AVAXUSDT,POSITION_LIMIT
2021-10-27,DECISION,LUNAUSDT,POSITION_LIMIT
2021-10-27,DECISION,LINKUSDT,POSITION_LIMIT
2021-10-27,DECISION,DOGEUSDT,POSITION_LIMIT
2021-10-27,DECISION,XTZUSDT,POSITION_LIMIT
2021-10-27,DECISION,BNBUSDT,POSITION_LIMIT
2021-10-27,DECISION,XRPUSDT,POSITION_LIMIT
2021-10-27,DECISION,LTCUSDT,POSITION_LIMIT
2021-10-28,DECISION,ATOMUSDT,POSITION_LIMIT
2021-10-28,DECISION,BTCUSDT,POSITION_LIMIT
2021-10-28,DECISION,DOTUSDT,POSITION_LIMIT
2021-10-28,DECISION,AVAXUSDT,POSITION_LIMIT
2021-10-28,DECISION,DOGEUSDT,POSITION_LIMIT
2021-10-28,DECISION,LUNAUSDT,POSITION_LIMIT
2021-10-28,DECISION,LINKUSDT,POSITION_LIMIT
2021-10-28,DECISION,XTZUSDT,POSITION_LIMIT
2021-10-28,DECISION,BNBUSDT,POSITION_LIMIT
2021-10-28,DECISION,XRPUSDT,POSITION_LIMIT
2021-10-28,DECISION,LTCUSDT,POSITION_LIMIT
2021-10-29,DECISION,SOLUSDT,POSITION_LIMIT
2021-10-29,DECISION,LUNAUSDT,POSITION_LIMIT
2021-10-29,DECISION,ATOMUSDT,POSITION_LIMIT
2021-10-29,DECISION,BTCUSDT,POSITION_LIMIT
2021-10-29,DECISION,DOTUSDT,POSITION_LIMIT
2021-10-29,DECISION,AVAXUSDT,POSITION_LIMIT
2021-10-29,DECISION,DOGEUSDT,POSITION_LIMIT
2021-10-29,DECISION,LINKUSDT,POSITION_LIMIT
2021-10-29,DECISION,XTZUSDT,POSITION_LIMIT
2021-10-29,DECISION,XRPUSDT,POSITION_LIMIT
2021-10-29,DECISION,LTCUSDT,POSITION_LIMIT
2021-10-30,DECISION,FTMUSDT,POSITION_LIMIT
2021-10-30,DECISION,LUNAUSDT,POSITION_LIMIT
2021-10-30,DECISION,ATOMUSDT,POSITION_LIMIT
2021-10-30,DECISION,BTCUSDT,POSITION_LIMIT
2021-10-30,DECISION,DOTUSDT,POSITION_LIMIT
2021-10-30,DECISION,AVAXUSDT,POSITION_LIMIT
2021-10-30,DECISION,DOGEUSDT,POSITION_LIMIT
2021-10-30,DECISION,LINKUSDT,POSITION_LIMIT
2021-10-30,DECISION,XTZUSDT,POSITION_LIMIT
2021-10-30,DECISION,XRPUSDT,POSITION_LIMIT
2021-10-30,DECISION,LTCUSDT,POSITION_LIMIT
2021-10-31,DECISION,FTMUSDT,POSITION_LIMIT
2021-10-31,DECISION,LUNAUSDT,POSITION_LIMIT
2021-10-31,DECISION,ATOMUSDT,POSITION_LIMIT
2021-10-31,DECISION,BTCUSDT,POSITION_LIMIT
2021-10-31,DECISION,DOTUSDT,POSITION_LIMIT
2021-10-31,DECISION,AVAXUSDT,POSITION_LIMIT
2021-10-31,DECISION,DOGEUSDT,POSITION_LIMIT
2021-10-31,DECISION,LINKUSDT,POSITION_LIMIT
2021-10-31,DECISION,XRPUSDT,POSITION_LIMIT
2021-10-31,DECISION,LTCUSDT,POSITION_LIMIT
2021-11-01,DECISION,SOLUSDT,POSITION_LIMIT
2021-11-01,DECISION,FTMUSDT,POSITION_LIMIT
2021-11-01,DECISION,LUNAUSDT,POSITION_LIMIT
2021-11-01,DECISION,ATOMUSDT,POSITION_LIMIT
2021-11-01,DECISION,BTCUSDT,POSITION_LIMIT
2021-11-01,DECISION,AVAXUSDT,POSITION_LIMIT
2021-11-01,DECISION,DOGEUSDT,POSITION_LIMIT
2021-11-01,DECISION,LINKUSDT,POSITION_LIMIT
2021-11-01,DECISION,XRPUSDT,POSITION_LIMIT
2021-11-01,DECISION,LTCUSDT,POSITION_LIMIT
2021-11-02,DECISION,MATICUSDT,POSITION_LIMIT
2021-11-02,DECISION,BTCUSDT,POSITION_LIMIT
2021-11-02,DECISION,FTMUSDT,POSITION_LIMIT
2021-11-02,DECISION,LUNAUSDT,POSITION_LIMIT
2021-11-02,DECISION,AVAXUSDT,POSITION_LIMIT
2021-11-02,DECISION,ATOMUSDT,POSITION_LIMIT
2021-11-02,DECISION,DOGEUSDT,POSITION_LIMIT
2021-11-02,DECISION,LINKUSDT,POSITION_LIMIT
2021-11-02,DECISION,XRPUSDT,POSITION_LIMIT
2021-11-02,DECISION,LTCUSDT,POSITION_LIMIT
2021-11-03,DECISION,MATICUSDT,POSITION_LIMIT
2021-11-03,DECISION,BTCUSDT,POSITION_LIMIT
2021-11-03,DECISION,1000SHIBUSDT,POSITION_LIMIT
2021-11-03,DECISION,FTMUSDT,POSITION_LIMIT
2021-11-03,DECISION,AVAXUSDT,POSITION_LIMIT
2021-11-03,DECISION,XRPUSDT,POSITION_LIMIT
2021-11-03,DECISION,ATOMUSDT,POSITION_LIMIT
2021-11-03,DECISION,DOGEUSDT,POSITION_LIMIT
2021-11-03,DECISION,LINKUSDT,POSITION_LIMIT
2021-11-03,DECISION,LTCUSDT,POSITION_LIMIT
2021-11-04,DECISION,MATICUSDT,POSITION_LIMIT
2021-11-04,DECISION,AVAXUSDT,POSITION_LIMIT
2021-11-04,DECISION,BTCUSDT,POSITION_LIMIT
2021-11-04,DECISION,1000SHIBUSDT,POSITION_LIMIT
2021-11-04,DECISION,FTMUSDT,POSITION_LIMIT
2021-11-04,DECISION,XRPUSDT,POSITION_LIMIT
2021-11-04,DECISION,ATOMUSDT,POSITION_LIMIT
2021-11-04,DECISION,LINKUSDT,POSITION_LIMIT
2021-11-04,DECISION,DOGEUSDT,POSITION_LIMIT
2021-11-04,DECISION,LTCUSDT,POSITION_LIMIT
2021-11-05,DECISION,AVAXUSDT,POSITION_LIMIT
2021-11-05,DECISION,BTCUSDT,POSITION_LIMIT
2021-11-05,DECISION,1000SHIBUSDT,POSITION_LIMIT
2021-11-05,DECISION,MATICUSDT,POSITION_LIMIT
2021-11-05,DECISION,XRPUSDT,POSITION_LIMIT
2021-11-05,DECISION,FTMUSDT,POSITION_LIMIT
2021-11-05,DECISION,LINKUSDT,POSITION_LIMIT
2021-11-05,DECISION,ATOMUSDT,POSITION_LIMIT
2021-11-05,DECISION,DOGEUSDT,POSITION_LIMIT
2021-11-05,DECISION,LTCUSDT,POSITION_LIMIT
2021-11-05,DECISION,ICPUSDT,POSITION_LIMIT
2021-11-06,DECISION,AVAXUSDT,POSITION_LIMIT
2021-11-06,DECISION,BTCUSDT,POSITION_LIMIT
2021-11-06,DECISION,1000SHIBUSDT,POSITION_LIMIT
2021-11-06,DECISION,MATICUSDT,POSITION_LIMIT
2021-11-06,DECISION,FTMUSDT,POSITION_LIMIT
2021-11-06,DECISION,XRPUSDT,POSITION_LIMIT
2021-11-06,DECISION,LINKUSDT,POSITION_LIMIT
2021-11-06,DECISION,ATOMUSDT,POSITION_LIMIT
2021-11-06,DECISION,DOGEUSDT,POSITION_LIMIT
2021-11-06,DECISION,ICPUSDT,POSITION_LIMIT
2021-11-06,DECISION,LTCUSDT,POSITION_LIMIT
2021-11-07,DECISION,AVAXUSDT,POSITION_LIMIT
2021-11-07,DECISION,BTCUSDT,POSITION_LIMIT
2021-11-07,DECISION,1000SHIBUSDT,POSITION_LIMIT
2021-11-07,DECISION,MATICUSDT,POSITION_LIMIT
2021-11-07,DECISION,FTMUSDT,POSITION_LIMIT
2021-11-07,DECISION,XRPUSDT,POSITION_LIMIT
2021-11-07,DECISION,LINKUSDT,POSITION_LIMIT
2021-11-07,DECISION,ATOMUSDT,POSITION_LIMIT
2021-11-07,DECISION,DOGEUSDT,POSITION_LIMIT
2021-11-07,DECISION,ICPUSDT,POSITION_LIMIT
2021-11-07,DECISION,LTCUSDT,POSITION_LIMIT
2021-11-08,DECISION,AXSUSDT,POSITION_LIMIT
2021-11-08,DECISION,LUNAUSDT,POSITION_LIMIT
2021-11-08,DECISION,AVAXUSDT,POSITION_LIMIT
2021-11-08,DECISION,1000SHIBUSDT,POSITION_LIMIT
2021-11-08,DECISION,MATICUSDT,POSITION_LIMIT
2021-11-08,DECISION,XRPUSDT,POSITION_LIMIT
2021-11-08,DECISION,LINKUSDT,POSITION_LIMIT
2021-11-08,DECISION,LTCUSDT,POSITION_LIMIT
2021-11-08,DECISION,ATOMUSDT,POSITION_LIMIT
2021-11-08,DECISION,ICPUSDT,POSITION_LIMIT
2021-11-08,DECISION,DOGEUSDT,POSITION_LIMIT
2021-11-08,DECISION,EOSUSDT,POSITION_LIMIT
2021-11-08,DECISION,ADAUSDT,POSITION_LIMIT
2021-11-09,DECISION,LUNAUSDT,POSITION_LIMIT
2021-11-09,DECISION,AVAXUSDT,POSITION_LIMIT
2021-11-09,DECISION,LTCUSDT,POSITION_LIMIT
2021-11-09,DECISION,1000SHIBUSDT,POSITION_LIMIT
2021-11-09,DECISION,DOTUSDT,POSITION_LIMIT
2021-11-09,DECISION,XRPUSDT,POSITION_LIMIT
2021-11-09,DECISION,MATICUSDT,POSITION_LIMIT
2021-11-09,DECISION,LINKUSDT,POSITION_LIMIT
2021-11-09,DECISION,EOSUSDT,POSITION_LIMIT
2021-11-09,DECISION,ATOMUSDT,POSITION_LIMIT
2021-11-09,DECISION,ICPUSDT,POSITION_LIMIT
2021-11-09,DECISION,DOGEUSDT,POSITION_LIMIT
2021-11-09,DECISION,ADAUSDT,POSITION_LIMIT
2021-11-09,DECISION,FILUSDT,POSITION_LIMIT
2021-11-10,FILL,AXSUSDT,QUANTITY_ROUNDS_TO_ZERO
2021-11-10,DECISION,SOLUSDT,POSITION_LIMIT
2021-11-10,DECISION,DOTUSDT,POSITION_LIMIT
2021-11-10,DECISION,AXSUSDT,POSITION_LIMIT
2021-11-10,DECISION,LUNAUSDT,POSITION_LIMIT
2021-11-10,DECISION,XRPUSDT,POSITION_LIMIT
2021-11-10,DECISION,FTMUSDT,POSITION_LIMIT
2021-11-10,DECISION,LINKUSDT,POSITION_LIMIT
2021-11-10,DECISION,MATICUSDT,POSITION_LIMIT
2021-11-10,DECISION,EOSUSDT,POSITION_LIMIT
2021-11-10,DECISION,ADAUSDT,POSITION_LIMIT
2021-11-10,DECISION,ATOMUSDT,POSITION_LIMIT
2021-11-10,DECISION,ICPUSDT,POSITION_LIMIT
2021-11-10,DECISION,DOGEUSDT,POSITION_LIMIT
2021-11-10,DECISION,FILUSDT,POSITION_LIMIT
2021-11-11,DECISION,SOLUSDT,POSITION_LIMIT
2021-11-11,DECISION,DOTUSDT,POSITION_LIMIT
2021-11-11,DECISION,AXSUSDT,POSITION_LIMIT
2021-11-11,DECISION,LUNAUSDT,POSITION_LIMIT
2021-11-11,DECISION,XRPUSDT,POSITION_LIMIT
2021-11-11,DECISION,LINKUSDT,POSITION_LIMIT
2021-11-11,DECISION,FTMUSDT,POSITION_LIMIT
2021-11-11,DECISION,MATICUSDT,POSITION_LIMIT
2021-11-11,DECISION,EOSUSDT,POSITION_LIMIT
2021-11-11,DECISION,ADAUSDT,POSITION_LIMIT
2021-11-11,DECISION,ATOMUSDT,POSITION_LIMIT
2021-11-11,DECISION,ICPUSDT,POSITION_LIMIT
2021-11-11,DECISION,DOGEUSDT,POSITION_LIMIT
2021-11-11,DECISION,FILUSDT,POSITION_LIMIT
2021-11-12,DECISION,AXSUSDT,POSITION_LIMIT
2021-11-12,DECISION,AVAXUSDT,POSITION_LIMIT
2021-11-12,DECISION,LUNAUSDT,POSITION_LIMIT
2021-11-12,DECISION,DOTUSDT,POSITION_LIMIT
2021-11-12,DECISION,LINKUSDT,POSITION_LIMIT
2021-11-12,DECISION,XRPUSDT,POSITION_LIMIT
2021-11-12,DECISION,FTMUSDT,POSITION_LIMIT
2021-11-12,DECISION,MATICUSDT,POSITION_LIMIT
2021-11-12,DECISION,EOSUSDT,POSITION_LIMIT
2021-11-12,DECISION,ADAUSDT,POSITION_LIMIT
2021-11-12,DECISION,ATOMUSDT,POSITION_LIMIT
2021-11-12,DECISION,ICPUSDT,POSITION_LIMIT
2021-11-12,DECISION,DOGEUSDT,POSITION_LIMIT
2021-11-12,DECISION,FILUSDT,POSITION_LIMIT
2021-11-13,DECISION,SOLUSDT,POSITION_LIMIT
2021-11-13,DECISION,AXSUSDT,POSITION_LIMIT
2021-11-13,DECISION,MANAUSDT,POSITION_LIMIT
2021-11-13,DECISION,LUNAUSDT,POSITION_LIMIT
2021-11-13,DECISION,SANDUSDT,POSITION_LIMIT
2021-11-13,DECISION,DOTUSDT,POSITION_LIMIT
2021-11-13,DECISION,LINKUSDT,POSITION_LIMIT
2021-11-13,DECISION,XRPUSDT,POSITION_LIMIT
2021-11-13,DECISION,FTMUSDT,POSITION_LIMIT
2021-11-13,DECISION,MATICUSDT,POSITION_LIMIT
2021-11-13,DECISION,EOSUSDT,POSITION_LIMIT
2021-11-13,DECISION,ADAUSDT,POSITION_LIMIT
2021-11-13,DECISION,DOGEUSDT,POSITION_LIMIT
2021-11-13,DECISION,FILUSDT,POSITION_LIMIT
2021-11-14,DECISION,1000SHIBUSDT,POSITION_LIMIT
2021-11-14,DECISION,SOLUSDT,POSITION_LIMIT
2021-11-14,DECISION,MANAUSDT,POSITION_LIMIT
2021-11-14,DECISION,AXSUSDT,POSITION_LIMIT
2021-11-14,DECISION,LUNAUSDT,POSITION_LIMIT
2021-11-14,DECISION,DOTUSDT,POSITION_LIMIT
2021-11-14,DECISION,XRPUSDT,POSITION_LIMIT
2021-11-14,DECISION,FTMUSDT,POSITION_LIMIT
2021-11-14,DECISION,LINKUSDT,POSITION_LIMIT
2021-11-14,DECISION,MATICUSDT,POSITION_LIMIT
2021-11-14,DECISION,EOSUSDT,POSITION_LIMIT
2021-11-14,DECISION,DOGEUSDT,POSITION_LIMIT
2021-11-14,DECISION,ADAUSDT,POSITION_LIMIT
2021-11-15,FILL,AVAXUSDT,QUANTITY_ROUNDS_TO_ZERO
2021-11-15,DECISION,ETHUSDT,POSITION_LIMIT
2021-11-15,DECISION,1000SHIBUSDT,POSITION_LIMIT
2021-11-15,DECISION,SOLUSDT,POSITION_LIMIT
2021-11-15,DECISION,MANAUSDT,POSITION_LIMIT
2021-11-15,DECISION,AXSUSDT,POSITION_LIMIT
2021-11-15,DECISION,DOTUSDT,POSITION_LIMIT
2021-11-15,DECISION,LUNAUSDT,POSITION_LIMIT
2021-11-15,DECISION,XRPUSDT,POSITION_LIMIT
2021-11-15,DECISION,LINKUSDT,POSITION_LIMIT
2021-11-15,DECISION,MATICUSDT,POSITION_LIMIT
2021-11-15,DECISION,FTMUSDT,POSITION_LIMIT
2021-11-15,DECISION,DOGEUSDT,POSITION_LIMIT
2021-11-15,DECISION,ADAUSDT,POSITION_LIMIT
2021-11-16,FILL,AVAXUSDT,QUANTITY_ROUNDS_TO_ZERO
2021-11-16,DECISION,BNBUSDT,POSITION_LIMIT
2021-11-16,DECISION,BTCUSDT,POSITION_LIMIT
2021-11-16,DECISION,ETHUSDT,POSITION_LIMIT
2021-11-16,DECISION,1000SHIBUSDT,POSITION_LIMIT
2021-11-16,DECISION,DOTUSDT,POSITION_LIMIT
2021-11-16,DECISION,AXSUSDT,POSITION_LIMIT
2021-11-16,DECISION,LUNAUSDT,POSITION_LIMIT
2021-11-16,DECISION,FTMUSDT,POSITION_LIMIT
2021-11-16,DECISION,MATICUSDT,POSITION_LIMIT
2021-11-16,DECISION,XRPUSDT,POSITION_LIMIT
2021-11-16,DECISION,LINKUSDT,POSITION_LIMIT
2021-11-17,FILL,AVAXUSDT,QUANTITY_ROUNDS_TO_ZERO
2021-11-17,DECISION,BNBUSDT,POSITION_LIMIT
2021-11-17,DECISION,BTCUSDT,POSITION_LIMIT
2021-11-17,DECISION,ETHUSDT,POSITION_LIMIT
2021-11-17,DECISION,1000SHIBUSDT,POSITION_LIMIT
2021-11-17,DECISION,DOTUSDT,POSITION_LIMIT
2021-11-17,DECISION,AXSUSDT,POSITION_LIMIT
2021-11-17,DECISION,LUNAUSDT,POSITION_LIMIT
2021-11-17,DECISION,FTMUSDT,POSITION_LIMIT
2021-11-17,DECISION,MATICUSDT,POSITION_LIMIT
2021-11-17,DECISION,XRPUSDT,POSITION_LIMIT
2021-11-17,DECISION,LINKUSDT,POSITION_LIMIT
2021-11-18,FILL,AVAXUSDT,QUANTITY_ROUNDS_TO_ZERO
2021-11-18,DECISION,SOLUSDT,POSITION_LIMIT
2021-11-18,DECISION,BNBUSDT,POSITION_LIMIT
2021-11-18,DECISION,AXSUSDT,POSITION_LIMIT
2021-11-18,DECISION,LUNAUSDT,POSITION_LIMIT
2021-11-18,DECISION,1000SHIBUSDT,POSITION_LIMIT
2021-11-18,DECISION,MATICUSDT,POSITION_LIMIT
2021-11-18,DECISION,BTCUSDT,POSITION_LIMIT
2021-11-18,DECISION,XRPUSDT,POSITION_LIMIT
2021-11-18,DECISION,FTMUSDT,POSITION_LIMIT
2021-11-18,DECISION,DOTUSDT,POSITION_LIMIT
2021-11-18,DECISION,LINKUSDT,POSITION_LIMIT
2021-11-19,FILL,AVAXUSDT,QUANTITY_ROUNDS_TO_ZERO
2021-11-19,DECISION,SOLUSDT,POSITION_LIMIT
2021-11-19,DECISION,BNBUSDT,POSITION_LIMIT
2021-11-19,DECISION,AXSUSDT,POSITION_LIMIT
2021-11-19,DECISION,LUNAUSDT,POSITION_LIMIT
2021-11-19,DECISION,1000SHIBUSDT,POSITION_LIMIT
2021-11-19,DECISION,MATICUSDT,POSITION_LIMIT
2021-11-19,DECISION,BTCUSDT,POSITION_LIMIT
2021-11-19,DECISION,XRPUSDT,POSITION_LIMIT
2021-11-19,DECISION,DOTUSDT,POSITION_LIMIT
2021-11-19,DECISION,FTMUSDT,POSITION_LIMIT
2021-11-19,DECISION,LINKUSDT,POSITION_LIMIT
2021-11-20,FILL,AVAXUSDT,QUANTITY_ROUNDS_TO_ZERO
2021-11-20,DECISION,ETHUSDT,POSITION_LIMIT
2021-11-20,DECISION,SOLUSDT,POSITION_LIMIT
2021-11-20,DECISION,BNBUSDT,POSITION_LIMIT
2021-11-20,DECISION,AXSUSDT,POSITION_LIMIT
2021-11-20,DECISION,LUNAUSDT,POSITION_LIMIT
2021-11-20,DECISION,1000SHIBUSDT,POSITION_LIMIT
2021-11-20,DECISION,MATICUSDT,POSITION_LIMIT
2021-11-20,DECISION,BTCUSDT,POSITION_LIMIT
2021-11-20,DECISION,XRPUSDT,POSITION_LIMIT
2021-11-20,DECISION,FTMUSDT,POSITION_LIMIT
2021-11-20,DECISION,DOTUSDT,POSITION_LIMIT
2021-11-20,DECISION,LINKUSDT,POSITION_LIMIT
2021-11-21,FILL,AVAXUSDT,QUANTITY_ROUNDS_TO_ZERO
2021-11-21,DECISION,ETHUSDT,POSITION_LIMIT
2021-11-21,DECISION,SOLUSDT,POSITION_LIMIT
2021-11-21,DECISION,BNBUSDT,POSITION_LIMIT
2021-11-21,DECISION,AXSUSDT,POSITION_LIMIT
2021-11-21,DECISION,LUNAUSDT,POSITION_LIMIT
2021-11-21,DECISION,1000SHIBUSDT,POSITION_LIMIT
2021-11-21,DECISION,MATICUSDT,POSITION_LIMIT
2021-11-21,DECISION,BTCUSDT,POSITION_LIMIT
2021-11-21,DECISION,XRPUSDT,POSITION_LIMIT
2021-11-21,DECISION,DOTUSDT,POSITION_LIMIT
2021-11-21,DECISION,FTMUSDT,POSITION_LIMIT
2021-11-21,DECISION,LINKUSDT,POSITION_LIMIT
2021-11-22,DECISION,ETHUSDT,POSITION_LIMIT
2021-11-22,DECISION,SOLUSDT,POSITION_LIMIT
2021-11-22,DECISION,BNBUSDT,POSITION_LIMIT
2021-11-22,DECISION,AXSUSDT,POSITION_LIMIT
2021-11-22,DECISION,LUNAUSDT,POSITION_LIMIT
2021-11-22,DECISION,1000SHIBUSDT,POSITION_LIMIT
2021-11-22,DECISION,MATICUSDT,POSITION_LIMIT
2021-11-22,DECISION,BTCUSDT,POSITION_LIMIT
2021-11-22,DECISION,DOTUSDT,POSITION_LIMIT
2021-11-22,DECISION,FTMUSDT,POSITION_LIMIT
2021-11-22,DECISION,XRPUSDT,POSITION_LIMIT
2021-11-22,DECISION,LINKUSDT,POSITION_LIMIT
2021-11-23,DECISION,ETHUSDT,POSITION_LIMIT
2021-11-23,DECISION,SOLUSDT,POSITION_LIMIT
2021-11-23,DECISION,BNBUSDT,POSITION_LIMIT
2021-11-23,DECISION,AXSUSDT,POSITION_LIMIT
2021-11-23,DECISION,LUNAUSDT,POSITION_LIMIT
2021-11-23,DECISION,1000SHIBUSDT,POSITION_LIMIT
2021-11-23,DECISION,MATICUSDT,POSITION_LIMIT
2021-11-23,DECISION,BTCUSDT,POSITION_LIMIT
2021-11-23,DECISION,DOTUSDT,POSITION_LIMIT
2021-11-23,DECISION,FTMUSDT,POSITION_LIMIT
2021-11-23,DECISION,XRPUSDT,POSITION_LIMIT
2021-11-23,DECISION,LINKUSDT,POSITION_LIMIT
2021-11-24,DECISION,ETHUSDT,POSITION_LIMIT
2021-11-24,DECISION,SOLUSDT,POSITION_LIMIT
2021-11-24,DECISION,BNBUSDT,POSITION_LIMIT
2021-11-24,DECISION,AXSUSDT,POSITION_LIMIT
2021-11-24,DECISION,1000SHIBUSDT,POSITION_LIMIT
2021-11-24,DECISION,MATICUSDT,POSITION_LIMIT
2021-11-24,DECISION,BTCUSDT,POSITION_LIMIT
2021-11-24,DECISION,DOTUSDT,POSITION_LIMIT
2021-11-24,DECISION,FTMUSDT,POSITION_LIMIT
2021-11-24,DECISION,LUNAUSDT,POSITION_LIMIT
2021-11-24,DECISION,XRPUSDT,POSITION_LIMIT
2021-11-25,DECISION,LTCUSDT,POSITION_LIMIT
2021-11-25,DECISION,MATICUSDT,POSITION_LIMIT
2021-11-25,DECISION,ETHUSDT,POSITION_LIMIT
2021-11-25,DECISION,SOLUSDT,POSITION_LIMIT
2021-11-25,DECISION,AXSUSDT,POSITION_LIMIT
2021-11-25,DECISION,CHZUSDT,POSITION_LIMIT
2021-11-25,DECISION,1000SHIBUSDT,POSITION_LIMIT
2021-11-25,DECISION,BTCUSDT,POSITION_LIMIT
2021-11-25,DECISION,DOTUSDT,POSITION_LIMIT
2021-11-25,DECISION,FTMUSDT,POSITION_LIMIT
2021-11-25,DECISION,XRPUSDT,POSITION_LIMIT
2021-11-26,DECISION,ETHUSDT,POSITION_LIMIT
2021-11-26,DECISION,AXSUSDT,POSITION_LIMIT
2021-11-26,DECISION,CHRUSDT,POSITION_LIMIT
2021-11-26,DECISION,CHZUSDT,POSITION_LIMIT
2021-11-26,DECISION,1000SHIBUSDT,POSITION_LIMIT
2021-11-26,DECISION,SOLUSDT,POSITION_LIMIT
2021-11-26,DECISION,LTCUSDT,POSITION_LIMIT
2021-11-26,DECISION,DOTUSDT,POSITION_LIMIT
2021-11-26,DECISION,FTMUSDT,POSITION_LIMIT
2021-11-26,DECISION,BTCUSDT,POSITION_LIMIT
2021-11-27,DECISION,ETHUSDT,POSITION_LIMIT
2021-11-27,DECISION,AXSUSDT,POSITION_LIMIT
2021-11-27,DECISION,CHRUSDT,POSITION_LIMIT
2021-11-27,DECISION,CHZUSDT,POSITION_LIMIT
2021-11-27,DECISION,1000SHIBUSDT,POSITION_LIMIT
2021-11-27,DECISION,SOLUSDT,POSITION_LIMIT
2021-11-27,DECISION,LTCUSDT,POSITION_LIMIT
2021-11-27,DECISION,DOTUSDT,POSITION_LIMIT
2021-11-27,DECISION,FTMUSDT,POSITION_LIMIT
2021-11-27,DECISION,BTCUSDT,POSITION_LIMIT
2021-11-28,DECISION,ETHUSDT,POSITION_LIMIT
2021-11-28,DECISION,AXSUSDT,POSITION_LIMIT
2021-11-28,DECISION,CHRUSDT,POSITION_LIMIT
2021-11-28,DECISION,CHZUSDT,POSITION_LIMIT
2021-11-28,DECISION,1000SHIBUSDT,POSITION_LIMIT
2021-11-28,DECISION,SOLUSDT,POSITION_LIMIT
2021-11-28,DECISION,LTCUSDT,POSITION_LIMIT
2021-11-28,DECISION,DOTUSDT,POSITION_LIMIT
2021-11-28,DECISION,FTMUSDT,POSITION_LIMIT
2021-11-28,DECISION,BTCUSDT,POSITION_LIMIT
2021-11-29,DECISION,ETHUSDT,POSITION_LIMIT
2021-11-29,DECISION,AXSUSDT,POSITION_LIMIT
2021-11-29,DECISION,CHRUSDT,POSITION_LIMIT
2021-11-29,DECISION,CHZUSDT,POSITION_LIMIT
2021-11-29,DECISION,1000SHIBUSDT,POSITION_LIMIT
2021-11-29,DECISION,SOLUSDT,POSITION_LIMIT
2021-11-29,DECISION,LTCUSDT,POSITION_LIMIT
2021-11-29,DECISION,DOTUSDT,POSITION_LIMIT
2021-11-29,DECISION,FTMUSDT,POSITION_LIMIT
2021-11-29,DECISION,BTCUSDT,POSITION_LIMIT
2021-11-30,DECISION,MATICUSDT,POSITION_LIMIT
2021-11-30,DECISION,CHRUSDT,POSITION_LIMIT
2021-11-30,DECISION,AXSUSDT,POSITION_LIMIT
2021-11-30,DECISION,CHZUSDT,POSITION_LIMIT
2021-11-30,DECISION,1000SHIBUSDT,POSITION_LIMIT
2021-11-30,DECISION,SOLUSDT,POSITION_LIMIT
2021-11-30,DECISION,LTCUSDT,POSITION_LIMIT
2021-11-30,DECISION,DOTUSDT,POSITION_LIMIT
2021-11-30,DECISION,FTMUSDT,POSITION_LIMIT
2021-11-30,DECISION,BTCUSDT,POSITION_LIMIT
2021-12-01,DECISION,BNBUSDT,POSITION_LIMIT
2021-12-01,DECISION,MATICUSDT,POSITION_LIMIT
2021-12-01,DECISION,CHRUSDT,POSITION_LIMIT
2021-12-01,DECISION,AXSUSDT,POSITION_LIMIT
2021-12-01,DECISION,1000SHIBUSDT,POSITION_LIMIT
2021-12-01,DECISION,SOLUSDT,POSITION_LIMIT
2021-12-01,DECISION,LTCUSDT,POSITION_LIMIT
2021-12-01,DECISION,DOTUSDT,POSITION_LIMIT
2021-12-01,DECISION,FTMUSDT,POSITION_LIMIT
2021-12-01,DECISION,BTCUSDT,POSITION_LIMIT
2021-12-02,DECISION,BNBUSDT,POSITION_LIMIT
2021-12-02,DECISION,LRCUSDT,POSITION_LIMIT
2021-12-02,DECISION,SOLUSDT,POSITION_LIMIT
2021-12-02,DECISION,AXSUSDT,POSITION_LIMIT
2021-12-02,DECISION,1000SHIBUSDT,POSITION_LIMIT
2021-12-02,DECISION,LTCUSDT,POSITION_LIMIT
2021-12-02,DECISION,CHRUSDT,POSITION_LIMIT
2021-12-02,DECISION,DOTUSDT,POSITION_LIMIT
2021-12-02,DECISION,FTMUSDT,POSITION_LIMIT
2021-12-02,DECISION,BTCUSDT,POSITION_LIMIT
2021-12-03,DECISION,ETHUSDT,POSITION_LIMIT
2021-12-03,DECISION,SOLUSDT,POSITION_LIMIT
2021-12-03,DECISION,BNBUSDT,POSITION_LIMIT
2021-12-03,DECISION,AXSUSDT,POSITION_LIMIT
2021-12-03,DECISION,1000SHIBUSDT,POSITION_LIMIT
2021-12-03,DECISION,CHRUSDT,POSITION_LIMIT
2021-12-03,DECISION,LTCUSDT,POSITION_LIMIT
2021-12-03,DECISION,FTMUSDT,POSITION_LIMIT
2021-12-03,DECISION,BTCUSDT,POSITION_LIMIT
2021-12-03,DECISION,DOTUSDT,POSITION_LIMIT
2021-12-04,DECISION,AVAXUSDT,POSITION_LIMIT
2021-12-04,DECISION,LRCUSDT,POSITION_LIMIT
2021-12-04,DECISION,ALICEUSDT,POSITION_LIMIT
2021-12-04,DECISION,SOLUSDT,POSITION_LIMIT
2021-12-04,DECISION,CHRUSDT,POSITION_LIMIT
2021-12-04,DECISION,1000SHIBUSDT,POSITION_LIMIT
2021-12-04,DECISION,BTCUSDT,POSITION_LIMIT
2021-12-04,DECISION,DOTUSDT,POSITION_LIMIT
2021-12-04,DECISION,LTCUSDT,POSITION_LIMIT
2021-12-04,DECISION,FTMUSDT,POSITION_LIMIT
2021-12-05,DECISION,ALICEUSDT,POSITION_LIMIT
2021-12-05,DECISION,SOLUSDT,POSITION_LIMIT
2021-12-05,DECISION,AVAXUSDT,POSITION_LIMIT
2021-12-05,DECISION,LRCUSDT,POSITION_LIMIT
2021-12-05,DECISION,1000SHIBUSDT,POSITION_LIMIT
2021-12-05,DECISION,CHRUSDT,POSITION_LIMIT
2021-12-05,DECISION,BTCUSDT,POSITION_LIMIT
2021-12-05,DECISION,LTCUSDT,POSITION_LIMIT
2021-12-05,DECISION,DOTUSDT,POSITION_LIMIT
2021-12-05,DECISION,FTMUSDT,POSITION_LIMIT
2021-12-06,DECISION,ALICEUSDT,POSITION_LIMIT
2021-12-06,DECISION,SOLUSDT,POSITION_LIMIT
2021-12-06,DECISION,AVAXUSDT,POSITION_LIMIT
2021-12-06,DECISION,LRCUSDT,POSITION_LIMIT
2021-12-06,DECISION,1000SHIBUSDT,POSITION_LIMIT
2021-12-06,DECISION,CHRUSDT,POSITION_LIMIT
2021-12-06,DECISION,BTCUSDT,POSITION_LIMIT
2021-12-06,DECISION,LTCUSDT,POSITION_LIMIT
2021-12-06,DECISION,DOTUSDT,POSITION_LIMIT
2021-12-06,DECISION,FTMUSDT,POSITION_LIMIT
2021-12-07,DECISION,ALICEUSDT,POSITION_LIMIT
2021-12-07,DECISION,AVAXUSDT,POSITION_LIMIT
2021-12-07,DECISION,LRCUSDT,POSITION_LIMIT
2021-12-07,DECISION,1000SHIBUSDT,POSITION_LIMIT
2021-12-07,DECISION,SOLUSDT,POSITION_LIMIT
2021-12-07,DECISION,CHRUSDT,POSITION_LIMIT
2021-12-07,DECISION,BTCUSDT,POSITION_LIMIT
2021-12-07,DECISION,LTCUSDT,POSITION_LIMIT
2021-12-07,DECISION,DOTUSDT,POSITION_LIMIT
2021-12-07,DECISION,FTMUSDT,POSITION_LIMIT
2021-12-08,DECISION,ALICEUSDT,POSITION_LIMIT
2021-12-08,DECISION,AVAXUSDT,POSITION_LIMIT
2021-12-08,DECISION,LRCUSDT,POSITION_LIMIT
2021-12-08,DECISION,1000SHIBUSDT,POSITION_LIMIT
2021-12-08,DECISION,SOLUSDT,POSITION_LIMIT
2021-12-08,DECISION,CHRUSDT,POSITION_LIMIT
2021-12-08,DECISION,BTCUSDT,POSITION_LIMIT
2021-12-08,DECISION,LTCUSDT,POSITION_LIMIT
2021-12-08,DECISION,DOTUSDT,POSITION_LIMIT
2021-12-08,DECISION,FTMUSDT,POSITION_LIMIT
2021-12-09,DECISION,AVAXUSDT,POSITION_LIMIT
2021-12-09,DECISION,LRCUSDT,POSITION_LIMIT
2021-12-09,DECISION,1000SHIBUSDT,POSITION_LIMIT
2021-12-09,DECISION,SOLUSDT,POSITION_LIMIT
2021-12-09,DECISION,ALICEUSDT,POSITION_LIMIT
2021-12-09,DECISION,CHRUSDT,POSITION_LIMIT
2021-12-09,DECISION,BTCUSDT,POSITION_LIMIT
2021-12-09,DECISION,DOTUSDT,POSITION_LIMIT
2021-12-09,DECISION,LTCUSDT,POSITION_LIMIT
2021-12-09,DECISION,FTMUSDT,POSITION_LIMIT
2021-12-10,DECISION,1000SHIBUSDT,POSITION_LIMIT
2021-12-10,DECISION,AVAXUSDT,POSITION_LIMIT
2021-12-10,DECISION,ALICEUSDT,POSITION_LIMIT
2021-12-10,DECISION,CHRUSDT,POSITION_LIMIT
2021-12-10,DECISION,BTCUSDT,POSITION_LIMIT
2021-12-10,DECISION,ETHUSDT,POSITION_LIMIT
2021-12-10,DECISION,SOLUSDT,POSITION_LIMIT
2021-12-10,DECISION,DOTUSDT,POSITION_LIMIT
2021-12-10,DECISION,LTCUSDT,POSITION_LIMIT
2021-12-10,DECISION,FTMUSDT,POSITION_LIMIT
2021-12-11,DECISION,1000SHIBUSDT,POSITION_LIMIT
2021-12-11,DECISION,AVAXUSDT,POSITION_LIMIT
2021-12-11,DECISION,ALICEUSDT,POSITION_LIMIT
2021-12-11,DECISION,CHRUSDT,POSITION_LIMIT
2021-12-11,DECISION,BTCUSDT,POSITION_LIMIT
2021-12-11,DECISION,ETHUSDT,POSITION_LIMIT
2021-12-11,DECISION,SOLUSDT,POSITION_LIMIT
2021-12-11,DECISION,DOTUSDT,POSITION_LIMIT
2021-12-11,DECISION,LTCUSDT,POSITION_LIMIT
2021-12-11,DECISION,FTMUSDT,POSITION_LIMIT
2021-12-12,DECISION,1000SHIBUSDT,POSITION_LIMIT
2021-12-12,DECISION,AVAXUSDT,POSITION_LIMIT
2021-12-12,DECISION,ALICEUSDT,POSITION_LIMIT
2021-12-12,DECISION,CHRUSDT,POSITION_LIMIT
2021-12-12,DECISION,BTCUSDT,POSITION_LIMIT
2021-12-12,DECISION,ETHUSDT,POSITION_LIMIT
2021-12-12,DECISION,SOLUSDT,POSITION_LIMIT
2021-12-12,DECISION,DOTUSDT,POSITION_LIMIT
2021-12-12,DECISION,LTCUSDT,POSITION_LIMIT
2021-12-12,DECISION,FTMUSDT,POSITION_LIMIT
2021-12-13,DECISION,AVAXUSDT,POSITION_LIMIT
2021-12-13,DECISION,ALICEUSDT,POSITION_LIMIT
2021-12-13,DECISION,CHRUSDT,POSITION_LIMIT
2021-12-13,DECISION,BTCUSDT,POSITION_LIMIT
2021-12-13,DECISION,ETHUSDT,POSITION_LIMIT
2021-12-13,DECISION,1000SHIBUSDT,POSITION_LIMIT
2021-12-13,DECISION,SOLUSDT,POSITION_LIMIT
2021-12-13,DECISION,FTMUSDT,POSITION_LIMIT
2021-12-14,DECISION,AVAXUSDT,POSITION_LIMIT
2021-12-14,DECISION,ALICEUSDT,POSITION_LIMIT
2021-12-14,DECISION,BTCUSDT,POSITION_LIMIT
2021-12-14,DECISION,ETHUSDT,POSITION_LIMIT
2021-12-14,DECISION,1000SHIBUSDT,POSITION_LIMIT
2021-12-14,DECISION,SOLUSDT,POSITION_LIMIT
2021-12-14,DECISION,DOGEUSDT,POSITION_LIMIT
2021-12-14,DECISION,FTMUSDT,POSITION_LIMIT
2021-12-15,DECISION,BNBUSDT,POSITION_LIMIT
2021-12-15,DECISION,ALICEUSDT,POSITION_LIMIT
2021-12-15,DECISION,BTCUSDT,POSITION_LIMIT
2021-12-15,DECISION,ETHUSDT,POSITION_LIMIT
2021-12-15,DECISION,1000SHIBUSDT,POSITION_LIMIT
2021-12-15,DECISION,SOLUSDT,POSITION_LIMIT
2021-12-15,DECISION,DOGEUSDT,POSITION_LIMIT
2021-12-15,DECISION,FTMUSDT,POSITION_LIMIT
2021-12-16,FILL,AVAXUSDT,QUANTITY_ROUNDS_TO_ZERO
2021-12-16,DECISION,BNBUSDT,POSITION_LIMIT
2021-12-16,DECISION,ALICEUSDT,POSITION_LIMIT
2021-12-16,DECISION,BTCUSDT,POSITION_LIMIT
2021-12-16,DECISION,ETHUSDT,POSITION_LIMIT
2021-12-16,DECISION,1000SHIBUSDT,POSITION_LIMIT
2021-12-16,DECISION,SOLUSDT,POSITION_LIMIT
2021-12-16,DECISION,DOGEUSDT,POSITION_LIMIT
2021-12-16,DECISION,FTMUSDT,POSITION_LIMIT
2021-12-17,FILL,AVAXUSDT,QUANTITY_ROUNDS_TO_ZERO
2021-12-17,DECISION,BNBUSDT,POSITION_LIMIT
2021-12-17,DECISION,ALICEUSDT,POSITION_LIMIT
2021-12-17,DECISION,ETHUSDT,POSITION_LIMIT
2021-12-17,DECISION,SOLUSDT,POSITION_LIMIT
2021-12-17,DECISION,1000SHIBUSDT,POSITION_LIMIT
2021-12-17,DECISION,DOGEUSDT,POSITION_LIMIT
2021-12-17,DECISION,FTMUSDT,POSITION_LIMIT
2021-12-18,FILL,AVAXUSDT,QUANTITY_ROUNDS_TO_ZERO
2021-12-18,DECISION,BNBUSDT,POSITION_LIMIT
2021-12-18,DECISION,ALICEUSDT,POSITION_LIMIT
2021-12-18,DECISION,ETHUSDT,POSITION_LIMIT
2021-12-18,DECISION,SOLUSDT,POSITION_LIMIT
2021-12-18,DECISION,1000SHIBUSDT,POSITION_LIMIT
2021-12-18,DECISION,DOGEUSDT,POSITION_LIMIT
2021-12-18,DECISION,FTMUSDT,POSITION_LIMIT
2021-12-19,FILL,AVAXUSDT,QUANTITY_ROUNDS_TO_ZERO
2021-12-19,DECISION,BNBUSDT,POSITION_LIMIT
2021-12-19,DECISION,ALICEUSDT,POSITION_LIMIT
2021-12-19,DECISION,ETHUSDT,POSITION_LIMIT
2021-12-19,DECISION,SOLUSDT,POSITION_LIMIT
2021-12-19,DECISION,1000SHIBUSDT,POSITION_LIMIT
2021-12-19,DECISION,DOGEUSDT,POSITION_LIMIT
2021-12-19,DECISION,FTMUSDT,POSITION_LIMIT
2021-12-20,FILL,AVAXUSDT,QUANTITY_ROUNDS_TO_ZERO
2021-12-20,DECISION,ALICEUSDT,POSITION_LIMIT
2021-12-20,DECISION,LRCUSDT,POSITION_LIMIT
2021-12-20,DECISION,ETHUSDT,POSITION_LIMIT
2021-12-20,DECISION,SOLUSDT,POSITION_LIMIT
2021-12-20,DECISION,1000SHIBUSDT,POSITION_LIMIT
2021-12-20,DECISION,XRPUSDT,POSITION_LIMIT
2021-12-20,DECISION,FTMUSDT,POSITION_LIMIT
2021-12-21,FILL,AVAXUSDT,QUANTITY_ROUNDS_TO_ZERO
2021-12-21,DECISION,ALICEUSDT,POSITION_LIMIT
2021-12-21,DECISION,LRCUSDT,POSITION_LIMIT
2021-12-21,DECISION,ETHUSDT,POSITION_LIMIT
2021-12-21,DECISION,SOLUSDT,POSITION_LIMIT
2021-12-21,DECISION,1000SHIBUSDT,POSITION_LIMIT
2021-12-21,DECISION,XRPUSDT,POSITION_LIMIT
2021-12-21,DECISION,FTMUSDT,POSITION_LIMIT
2021-12-22,FILL,AVAXUSDT,QUANTITY_ROUNDS_TO_ZERO
2021-12-22,DECISION,FTMUSDT,POSITION_LIMIT
2021-12-22,DECISION,LRCUSDT,POSITION_LIMIT
2021-12-22,DECISION,ALICEUSDT,POSITION_LIMIT
2021-12-22,DECISION,ETHUSDT,POSITION_LIMIT
2021-12-22,DECISION,SOLUSDT,POSITION_LIMIT
2021-12-22,DECISION,1000SHIBUSDT,POSITION_LIMIT
2021-12-22,DECISION,XRPUSDT,POSITION_LIMIT
2021-12-23,FILL,AVAXUSDT,QUANTITY_ROUNDS_TO_ZERO
2021-12-23,DECISION,ALICEUSDT,POSITION_LIMIT
2021-12-23,DECISION,ETHUSDT,POSITION_LIMIT
2021-12-23,DECISION,SOLUSDT,POSITION_LIMIT
2021-12-23,DECISION,1000SHIBUSDT,POSITION_LIMIT
2021-12-23,DECISION,XRPUSDT,POSITION_LIMIT
2021-12-23,DECISION,FTMUSDT,POSITION_LIMIT
2021-12-23,DECISION,LRCUSDT,POSITION_LIMIT
2021-12-23,DECISION,BTCUSDT,POSITION_LIMIT
2021-12-23,DECISION,ADAUSDT,POSITION_LIMIT
2021-12-23,DECISION,DOTUSDT,POSITION_LIMIT
2021-12-23,DECISION,LTCUSDT,POSITION_LIMIT
2021-12-23,DECISION,LINKUSDT,POSITION_LIMIT
2021-12-23,DECISION,EOSUSDT,POSITION_LIMIT
2021-12-24,FILL,AVAXUSDT,QUANTITY_ROUNDS_TO_ZERO
2021-12-24,DECISION,BNBUSDT,POSITION_LIMIT
2021-12-24,DECISION,FTMUSDT,POSITION_LIMIT
2021-12-24,DECISION,ETHUSDT,POSITION_LIMIT
2021-12-24,DECISION,1000SHIBUSDT,POSITION_LIMIT
2021-12-24,DECISION,SOLUSDT,POSITION_LIMIT
2021-12-24,DECISION,XRPUSDT,POSITION_LIMIT
2021-12-24,DECISION,LRCUSDT,POSITION_LIMIT
2021-12-24,DECISION,BTCUSDT,POSITION_LIMIT
2021-12-24,DECISION,ADAUSDT,POSITION_LIMIT
2021-12-24,DECISION,DOTUSDT,POSITION_LIMIT
2021-12-24,DECISION,LTCUSDT,POSITION_LIMIT
2021-12-24,DECISION,LINKUSDT,POSITION_LIMIT
2021-12-24,DECISION,EOSUSDT,POSITION_LIMIT
2021-12-25,FILL,AVAXUSDT,QUANTITY_ROUNDS_TO_ZERO
2021-12-25,DECISION,BNBUSDT,POSITION_LIMIT
2021-12-25,DECISION,FTMUSDT,POSITION_LIMIT
2021-12-25,DECISION,ETHUSDT,POSITION_LIMIT
2021-12-25,DECISION,1000SHIBUSDT,POSITION_LIMIT
2021-12-25,DECISION,SOLUSDT,POSITION_LIMIT
2021-12-25,DECISION,XRPUSDT,POSITION_LIMIT
2021-12-25,DECISION,DOGEUSDT,POSITION_LIMIT
2021-12-25,DECISION,LRCUSDT,POSITION_LIMIT
2021-12-25,DECISION,BTCUSDT,POSITION_LIMIT
2021-12-25,DECISION,ADAUSDT,POSITION_LIMIT
2021-12-25,DECISION,DOTUSDT,POSITION_LIMIT
2021-12-25,DECISION,LTCUSDT,POSITION_LIMIT
2021-12-25,DECISION,LINKUSDT,POSITION_LIMIT
2021-12-25,DECISION,EOSUSDT,POSITION_LIMIT
2021-12-26,FILL,AVAXUSDT,QUANTITY_ROUNDS_TO_ZERO
2021-12-26,DECISION,FTMUSDT,POSITION_LIMIT
2021-12-26,DECISION,SOLUSDT,POSITION_LIMIT
2021-12-26,DECISION,BNBUSDT,POSITION_LIMIT
2021-12-26,DECISION,ETHUSDT,POSITION_LIMIT
2021-12-26,DECISION,1000SHIBUSDT,POSITION_LIMIT
2021-12-26,DECISION,XRPUSDT,POSITION_LIMIT
2021-12-26,DECISION,DOTUSDT,POSITION_LIMIT
2021-12-26,DECISION,DOGEUSDT,POSITION_LIMIT
2021-12-26,DECISION,LINKUSDT,POSITION_LIMIT
2021-12-26,DECISION,LRCUSDT,POSITION_LIMIT
2021-12-26,DECISION,BTCUSDT,POSITION_LIMIT
2021-12-26,DECISION,ADAUSDT,POSITION_LIMIT
2021-12-26,DECISION,LTCUSDT,POSITION_LIMIT
2021-12-26,DECISION,EOSUSDT,POSITION_LIMIT
2021-12-27,FILL,AVAXUSDT,QUANTITY_ROUNDS_TO_ZERO
2021-12-27,DECISION,SOLUSDT,POSITION_LIMIT
2021-12-27,DECISION,1000SHIBUSDT,POSITION_LIMIT
2021-12-27,DECISION,BNBUSDT,POSITION_LIMIT
2021-12-27,DECISION,AVAXUSDT,POSITION_LIMIT
2021-12-27,DECISION,ETHUSDT,POSITION_LIMIT
2021-12-27,DECISION,XRPUSDT,POSITION_LIMIT
2021-12-27,DECISION,DOTUSDT,POSITION_LIMIT
2021-12-27,DECISION,ADAUSDT,POSITION_LIMIT
2021-12-27,DECISION,DOGEUSDT,POSITION_LIMIT
2021-12-27,DECISION,LINKUSDT,POSITION_LIMIT
2021-12-27,DECISION,LRCUSDT,POSITION_LIMIT
2021-12-27,DECISION,BTCUSDT,POSITION_LIMIT
2021-12-27,DECISION,LTCUSDT,POSITION_LIMIT
2021-12-27,DECISION,EOSUSDT,POSITION_LIMIT
2021-12-28,DECISION,SOLUSDT,POSITION_LIMIT
2021-12-28,DECISION,1000SHIBUSDT,POSITION_LIMIT
2021-12-28,DECISION,AVAXUSDT,POSITION_LIMIT
2021-12-28,DECISION,BNBUSDT,POSITION_LIMIT
2021-12-28,DECISION,ADAUSDT,POSITION_LIMIT
2021-12-28,DECISION,ETHUSDT,POSITION_LIMIT
2021-12-28,DECISION,XRPUSDT,POSITION_LIMIT
2021-12-28,DECISION,DOTUSDT,POSITION_LIMIT
2021-12-28,DECISION,DOGEUSDT,POSITION_LIMIT
2021-12-28,DECISION,LINKUSDT,POSITION_LIMIT
2021-12-28,DECISION,ATOMUSDT,POSITION_LIMIT
2021-12-29,DECISION,1000SHIBUSDT,POSITION_LIMIT
2021-12-29,DECISION,AVAXUSDT,POSITION_LIMIT
2021-12-29,DECISION,SOLUSDT,POSITION_LIMIT
2021-12-29,DECISION,BNBUSDT,POSITION_LIMIT
2021-12-29,DECISION,DOTUSDT,POSITION_LIMIT
2021-12-29,DECISION,ADAUSDT,POSITION_LIMIT
2021-12-29,DECISION,DOGEUSDT,POSITION_LIMIT
2021-12-29,DECISION,LINKUSDT,POSITION_LIMIT
2021-12-29,DECISION,ATOMUSDT,POSITION_LIMIT
2021-12-30,DECISION,1000SHIBUSDT,POSITION_LIMIT
2021-12-30,DECISION,AVAXUSDT,POSITION_LIMIT
2021-12-30,DECISION,SOLUSDT,POSITION_LIMIT
2021-12-30,DECISION,BNBUSDT,POSITION_LIMIT
2021-12-30,DECISION,DOTUSDT,POSITION_LIMIT
2021-12-30,DECISION,ADAUSDT,POSITION_LIMIT
2021-12-30,DECISION,DOGEUSDT,POSITION_LIMIT
2021-12-30,DECISION,LINKUSDT,POSITION_LIMIT
2021-12-30,DECISION,ATOMUSDT,POSITION_LIMIT
2021-12-31,DECISION,1000SHIBUSDT,POSITION_LIMIT
2021-12-31,DECISION,AVAXUSDT,POSITION_LIMIT
2021-12-31,DECISION,ATOMUSDT,POSITION_LIMIT
2021-12-31,DECISION,SOLUSDT,POSITION_LIMIT
2021-12-31,DECISION,BNBUSDT,POSITION_LIMIT
2021-12-31,DECISION,DOTUSDT,POSITION_LIMIT
2021-12-31,DECISION,ADAUSDT,POSITION_LIMIT
2021-12-31,DECISION,DOGEUSDT,POSITION_LIMIT
2021-12-31,DECISION,LINKUSDT,POSITION_LIMIT
2022-01-01,DECISION,MANAUSDT,POSITION_LIMIT
2022-01-01,DECISION,SUSHIUSDT,POSITION_LIMIT
2022-01-01,DECISION,1000SHIBUSDT,POSITION_LIMIT
2022-01-01,DECISION,AVAXUSDT,POSITION_LIMIT
2022-01-01,DECISION,SOLUSDT,POSITION_LIMIT
2022-01-01,DECISION,DOTUSDT,POSITION_LIMIT
2022-01-01,DECISION,BNBUSDT,POSITION_LIMIT
2022-01-01,DECISION,ADAUSDT,POSITION_LIMIT
2022-01-01,DECISION,DOGEUSDT,POSITION_LIMIT
2022-01-01,DECISION,LINKUSDT,POSITION_LIMIT
2022-01-02,DECISION,MANAUSDT,POSITION_LIMIT
2022-01-02,DECISION,AVAXUSDT,POSITION_LIMIT
2022-01-02,DECISION,1000SHIBUSDT,POSITION_LIMIT
2022-01-02,DECISION,SUSHIUSDT,POSITION_LIMIT
2022-01-02,DECISION,SOLUSDT,POSITION_LIMIT
2022-01-02,DECISION,DOTUSDT,POSITION_LIMIT
2022-01-02,DECISION,ADAUSDT,POSITION_LIMIT
2022-01-02,DECISION,BNBUSDT,POSITION_LIMIT
2022-01-02,DECISION,DOGEUSDT,POSITION_LIMIT
2022-01-02,DECISION,LINKUSDT,POSITION_LIMIT
2022-01-03,DECISION,LINKUSDT,POSITION_LIMIT
2022-01-03,DECISION,AVAXUSDT,POSITION_LIMIT
2022-01-03,DECISION,MANAUSDT,POSITION_LIMIT
2022-01-03,DECISION,SUSHIUSDT,POSITION_LIMIT
2022-01-03,DECISION,SOLUSDT,POSITION_LIMIT
2022-01-03,DECISION,1000SHIBUSDT,POSITION_LIMIT
2022-01-03,DECISION,DOTUSDT,POSITION_LIMIT
2022-01-03,DECISION,ADAUSDT,POSITION_LIMIT
2022-01-03,DECISION,BNBUSDT,POSITION_LIMIT
2022-01-03,DECISION,DOGEUSDT,POSITION_LIMIT
2022-01-04,DECISION,LINKUSDT,POSITION_LIMIT
2022-01-04,DECISION,AVAXUSDT,POSITION_LIMIT
2022-01-04,DECISION,MANAUSDT,POSITION_LIMIT
2022-01-04,DECISION,SUSHIUSDT,POSITION_LIMIT
2022-01-04,DECISION,SOLUSDT,POSITION_LIMIT
2022-01-04,DECISION,1000SHIBUSDT,POSITION_LIMIT
2022-01-04,DECISION,DOTUSDT,POSITION_LIMIT
2022-01-04,DECISION,ADAUSDT,POSITION_LIMIT
2022-01-04,DECISION,BNBUSDT,POSITION_LIMIT
2022-01-04,DECISION,DOGEUSDT,POSITION_LIMIT
2022-01-05,DECISION,LINKUSDT,POSITION_LIMIT
2022-01-05,DECISION,AVAXUSDT,POSITION_LIMIT
2022-01-05,DECISION,1000SHIBUSDT,POSITION_LIMIT
2022-01-05,DECISION,MANAUSDT,POSITION_LIMIT
2022-01-05,DECISION,DOTUSDT,POSITION_LIMIT
2022-01-05,DECISION,BNBUSDT,POSITION_LIMIT
2022-01-05,DECISION,SUSHIUSDT,POSITION_LIMIT
2022-01-06,DECISION,LINKUSDT,POSITION_LIMIT
2022-01-06,DECISION,AVAXUSDT,POSITION_LIMIT
2022-01-06,DECISION,1000SHIBUSDT,POSITION_LIMIT
2022-01-06,DECISION,MANAUSDT,POSITION_LIMIT
2022-01-06,DECISION,DOTUSDT,POSITION_LIMIT
2022-01-06,DECISION,BNBUSDT,POSITION_LIMIT
2022-01-06,DECISION,SUSHIUSDT,POSITION_LIMIT
2022-01-07,DECISION,LINKUSDT,POSITION_LIMIT
2022-01-07,DECISION,AVAXUSDT,POSITION_LIMIT
2022-01-07,DECISION,MANAUSDT,POSITION_LIMIT
2022-01-08,DECISION,LINKUSDT,POSITION_LIMIT
2022-01-08,DECISION,SANDUSDT,POSITION_LIMIT
2022-01-08,DECISION,AVAXUSDT,POSITION_LIMIT
2022-01-08,DECISION,MANAUSDT,POSITION_LIMIT
2022-01-09,DECISION,MATICUSDT,POSITION_LIMIT
2022-01-09,DECISION,SANDUSDT,POSITION_LIMIT
2022-01-09,DECISION,AVAXUSDT,POSITION_LIMIT
2022-01-09,DECISION,MANAUSDT,POSITION_LIMIT
2022-01-10,DECISION,MATICUSDT,POSITION_LIMIT
2022-01-10,DECISION,SANDUSDT,POSITION_LIMIT
2022-01-10,DECISION,AVAXUSDT,POSITION_LIMIT
2022-01-10,DECISION,MANAUSDT,POSITION_LIMIT
2022-01-11,DECISION,MATICUSDT,POSITION_LIMIT
2022-01-11,DECISION,SANDUSDT,POSITION_LIMIT
2022-01-11,DECISION,AVAXUSDT,POSITION_LIMIT
2022-01-11,DECISION,MANAUSDT,POSITION_LIMIT
2022-01-12,DECISION,MATICUSDT,POSITION_LIMIT
2022-01-12,DECISION,SANDUSDT,POSITION_LIMIT
2022-01-12,DECISION,AVAXUSDT,POSITION_LIMIT
2022-01-12,DECISION,MANAUSDT,POSITION_LIMIT
2022-01-13,DECISION,LINKUSDT,POSITION_LIMIT
2022-01-13,DECISION,SANDUSDT,POSITION_LIMIT
2022-01-13,DECISION,AVAXUSDT,POSITION_LIMIT
2022-01-13,DECISION,MANAUSDT,POSITION_LIMIT
2022-01-13,DECISION,DOGEUSDT,POSITION_LIMIT
2022-01-14,DECISION,LINKUSDT,POSITION_LIMIT
2022-01-14,DECISION,SANDUSDT,POSITION_LIMIT
2022-01-14,DECISION,AVAXUSDT,POSITION_LIMIT
2022-01-14,DECISION,MANAUSDT,POSITION_LIMIT
2022-01-14,DECISION,DOGEUSDT,POSITION_LIMIT
2022-01-15,DECISION,LINKUSDT,POSITION_LIMIT
2022-01-15,DECISION,SANDUSDT,POSITION_LIMIT
2022-01-15,DECISION,AVAXUSDT,POSITION_LIMIT
2022-01-15,DECISION,MANAUSDT,POSITION_LIMIT
2022-01-15,DECISION,BNBUSDT,POSITION_LIMIT
2022-01-16,DECISION,LINKUSDT,POSITION_LIMIT
2022-01-16,DECISION,SANDUSDT,POSITION_LIMIT
2022-01-16,DECISION,AVAXUSDT,POSITION_LIMIT
2022-01-16,DECISION,MANAUSDT,POSITION_LIMIT
2022-01-16,DECISION,ADAUSDT,POSITION_LIMIT
2022-01-16,DECISION,BNBUSDT,POSITION_LIMIT
2022-01-17,DECISION,CRVUSDT,POSITION_LIMIT
2022-01-17,DECISION,MATICUSDT,POSITION_LIMIT
2022-01-17,DECISION,SANDUSDT,POSITION_LIMIT
2022-01-17,DECISION,AVAXUSDT,POSITION_LIMIT
2022-01-17,DECISION,LINKUSDT,POSITION_LIMIT
2022-01-17,DECISION,MANAUSDT,POSITION_LIMIT
2022-01-17,DECISION,BNBUSDT,POSITION_LIMIT
2022-01-18,DECISION,CRVUSDT,POSITION_LIMIT
2022-01-18,DECISION,MATICUSDT,POSITION_LIMIT
2022-01-18,DECISION,SANDUSDT,POSITION_LIMIT
2022-01-18,DECISION,AVAXUSDT,POSITION_LIMIT
2022-01-18,DECISION,MANAUSDT,POSITION_LIMIT
2022-01-18,DECISION,LINKUSDT,POSITION_LIMIT
2022-01-19,DECISION,MATICUSDT,POSITION_LIMIT
2022-01-19,DECISION,AVAXUSDT,POSITION_LIMIT
2022-01-19,DECISION,SANDUSDT,POSITION_LIMIT
2022-01-19,DECISION,MANAUSDT,POSITION_LIMIT
2022-01-19,DECISION,LINKUSDT,POSITION_LIMIT
2022-01-20,DECISION,MATICUSDT,POSITION_LIMIT
2022-01-20,DECISION,AVAXUSDT,POSITION_LIMIT
2022-01-20,DECISION,SANDUSDT,POSITION_LIMIT
2022-01-20,DECISION,LINKUSDT,POSITION_LIMIT
2022-01-20,DECISION,MANAUSDT,POSITION_LIMIT
2022-01-21,DECISION,SANDUSDT,POSITION_LIMIT
2022-01-22,DECISION,MATICUSDT,POSITION_LIMIT
2022-01-23,DECISION,MATICUSDT,POSITION_LIMIT
2022-01-24,DECISION,SANDUSDT,POSITION_LIMIT
2022-01-25,DECISION,SANDUSDT,POSITION_LIMIT
2022-01-26,DECISION,SANDUSDT,POSITION_LIMIT
2022-01-27,DECISION,SANDUSDT,POSITION_LIMIT
2022-01-28,DECISION,SANDUSDT,POSITION_LIMIT
2022-01-29,DECISION,SANDUSDT,POSITION_LIMIT
2022-01-30,DECISION,SANDUSDT,POSITION_LIMIT
2022-01-31,DECISION,LUNAUSDT,POSITION_LIMIT
2022-01-31,DECISION,ATOMUSDT,POSITION_LIMIT
2022-01-31,DECISION,MATICUSDT,POSITION_LIMIT
2022-01-31,DECISION,MANAUSDT,POSITION_LIMIT
2022-02-01,FILL,BTCUSDT,BELOW_EXCHANGE_MINIMUM_NOTIONAL
2022-02-01,DECISION,LUNAUSDT,POSITION_LIMIT
2022-02-01,DECISION,ATOMUSDT,POSITION_LIMIT
2022-02-01,DECISION,SOLUSDT,POSITION_LIMIT
2022-02-01,DECISION,MATICUSDT,POSITION_LIMIT
2022-02-01,DECISION,DOTUSDT,POSITION_LIMIT
2022-02-01,DECISION,AVAXUSDT,POSITION_LIMIT
2022-02-01,DECISION,MANAUSDT,POSITION_LIMIT
2022-02-02,FILL,BTCUSDT,BELOW_EXCHANGE_MINIMUM_NOTIONAL
2022-02-02,DECISION,ATOMUSDT,POSITION_LIMIT
2022-02-02,DECISION,SOLUSDT,POSITION_LIMIT
2022-02-02,DECISION,MATICUSDT,POSITION_LIMIT
2022-02-02,DECISION,DOTUSDT,POSITION_LIMIT
2022-02-02,DECISION,AVAXUSDT,POSITION_LIMIT
2022-02-02,DECISION,MANAUSDT,POSITION_LIMIT
2022-02-03,DECISION,ATOMUSDT,POSITION_LIMIT
2022-02-03,DECISION,SOLUSDT,POSITION_LIMIT
2022-02-03,DECISION,MATICUSDT,POSITION_LIMIT
2022-02-03,DECISION,DOTUSDT,POSITION_LIMIT
2022-02-03,DECISION,AVAXUSDT,POSITION_LIMIT
2022-02-03,DECISION,MANAUSDT,POSITION_LIMIT
2022-02-04,DECISION,ETHUSDT,POSITION_LIMIT
2022-02-04,DECISION,LUNAUSDT,POSITION_LIMIT
2022-02-04,DECISION,ATOMUSDT,POSITION_LIMIT
2022-02-04,DECISION,SOLUSDT,POSITION_LIMIT
2022-02-04,DECISION,ADAUSDT,POSITION_LIMIT
2022-02-04,DECISION,BNBUSDT,POSITION_LIMIT
2022-02-04,DECISION,DOTUSDT,POSITION_LIMIT
2022-02-04,DECISION,1000SHIBUSDT,POSITION_LIMIT
2022-02-04,DECISION,DOGEUSDT,POSITION_LIMIT
2022-02-04,DECISION,AVAXUSDT,POSITION_LIMIT
2022-02-04,DECISION,MANAUSDT,POSITION_LIMIT
2022-02-04,DECISION,XRPUSDT,POSITION_LIMIT
2022-02-05,FILL,BTCUSDT,BELOW_EXCHANGE_MINIMUM_NOTIONAL
2022-02-05,DECISION,ETHUSDT,POSITION_LIMIT
2022-02-05,DECISION,LUNAUSDT,POSITION_LIMIT
2022-02-05,DECISION,SOLUSDT,POSITION_LIMIT
2022-02-05,DECISION,ATOMUSDT,POSITION_LIMIT
2022-02-05,DECISION,ADAUSDT,POSITION_LIMIT
2022-02-05,DECISION,BNBUSDT,POSITION_LIMIT
2022-02-05,DECISION,DOTUSDT,POSITION_LIMIT
2022-02-05,DECISION,DOGEUSDT,POSITION_LIMIT
2022-02-05,DECISION,AVAXUSDT,POSITION_LIMIT
2022-02-05,DECISION,1000SHIBUSDT,POSITION_LIMIT
2022-02-05,DECISION,MANAUSDT,POSITION_LIMIT
2022-02-05,DECISION,GALAUSDT,POSITION_LIMIT
2022-02-05,DECISION,XRPUSDT,POSITION_LIMIT
2022-02-06,FILL,BTCUSDT,BELOW_EXCHANGE_MINIMUM_NOTIONAL
2022-02-06,DECISION,LUNAUSDT,POSITION_LIMIT
2022-02-06,DECISION,ATOMUSDT,POSITION_LIMIT
2022-02-06,DECISION,MATICUSDT,POSITION_LIMIT
2022-02-06,DECISION,GALAUSDT,POSITION_LIMIT
2022-02-06,DECISION,ETHUSDT,POSITION_LIMIT
2022-02-06,DECISION,SOLUSDT,POSITION_LIMIT
2022-02-06,DECISION,ADAUSDT,POSITION_LIMIT
2022-02-06,DECISION,BNBUSDT,POSITION_LIMIT
2022-02-06,DECISION,DOTUSDT,POSITION_LIMIT
2022-02-06,DECISION,LINKUSDT,POSITION_LIMIT
2022-02-06,DECISION,DOGEUSDT,POSITION_LIMIT
2022-02-06,DECISION,1000SHIBUSDT,POSITION_LIMIT
2022-02-06,DECISION,AVAXUSDT,POSITION_LIMIT
2022-02-06,DECISION,XRPUSDT,POSITION_LIMIT
2022-02-07,DECISION,XRPUSDT,POSITION_LIMIT
2022-02-07,DECISION,BTCUSDT,POSITION_LIMIT
2022-02-07,DECISION,LUNAUSDT,POSITION_LIMIT
2022-02-07,DECISION,ATOMUSDT,POSITION_LIMIT
2022-02-07,DECISION,MATICUSDT,POSITION_LIMIT
2022-02-07,DECISION,DOGEUSDT,POSITION_LIMIT
2022-02-07,DECISION,GALAUSDT,POSITION_LIMIT
2022-02-07,DECISION,ETHUSDT,POSITION_LIMIT
2022-02-07,DECISION,SOLUSDT,POSITION_LIMIT
2022-02-07,DECISION,ADAUSDT,POSITION_LIMIT
2022-02-07,DECISION,BNBUSDT,POSITION_LIMIT
2022-02-07,DECISION,DOTUSDT,POSITION_LIMIT
2022-02-07,DECISION,LINKUSDT,POSITION_LIMIT
2022-02-07,DECISION,AVAXUSDT,POSITION_LIMIT
2022-02-08,DECISION,GALAUSDT,POSITION_LIMIT
2022-02-08,DECISION,ONEUSDT,POSITION_LIMIT
2022-02-08,DECISION,XRPUSDT,POSITION_LIMIT
2022-02-08,DECISION,LUNAUSDT,POSITION_LIMIT
2022-02-08,DECISION,ATOMUSDT,POSITION_LIMIT
2022-02-08,DECISION,MATICUSDT,POSITION_LIMIT
2022-02-08,DECISION,DOGEUSDT,POSITION_LIMIT
2022-02-08,DECISION,AVAXUSDT,POSITION_LIMIT
2022-02-08,DECISION,ETHUSDT,POSITION_LIMIT
2022-02-08,DECISION,SOLUSDT,POSITION_LIMIT
2022-02-08,DECISION,ADAUSDT,POSITION_LIMIT
2022-02-08,DECISION,BNBUSDT,POSITION_LIMIT
2022-02-08,DECISION,DOTUSDT,POSITION_LIMIT
2022-02-08,DECISION,LINKUSDT,POSITION_LIMIT
2022-02-09,DECISION,1000SHIBUSDT,POSITION_LIMIT
2022-02-09,DECISION,GALAUSDT,POSITION_LIMIT
2022-02-09,DECISION,XRPUSDT,POSITION_LIMIT
2022-02-09,DECISION,ONEUSDT,POSITION_LIMIT
2022-02-09,DECISION,ETHUSDT,POSITION_LIMIT
2022-02-09,DECISION,LUNAUSDT,POSITION_LIMIT
2022-02-09,DECISION,ATOMUSDT,POSITION_LIMIT
2022-02-09,DECISION,DOGEUSDT,POSITION_LIMIT
2022-02-09,DECISION,AVAXUSDT,POSITION_LIMIT
2022-02-09,DECISION,SOLUSDT,POSITION_LIMIT
2022-02-09,DECISION,ADAUSDT,POSITION_LIMIT
2022-02-09,DECISION,BNBUSDT,POSITION_LIMIT
2022-02-09,DECISION,DOTUSDT,POSITION_LIMIT
2022-02-09,DECISION,LINKUSDT,POSITION_LIMIT
2022-02-10,DECISION,GALAUSDT,POSITION_LIMIT
2022-02-10,DECISION,XRPUSDT,POSITION_LIMIT
2022-02-10,DECISION,ONEUSDT,POSITION_LIMIT
2022-02-10,DECISION,ETHUSDT,POSITION_LIMIT
2022-02-10,DECISION,NEARUSDT,POSITION_LIMIT
2022-02-10,DECISION,DOGEUSDT,POSITION_LIMIT
2022-02-10,DECISION,AVAXUSDT,POSITION_LIMIT
2022-02-10,DECISION,LUNAUSDT,POSITION_LIMIT
2022-02-10,DECISION,ATOMUSDT,POSITION_LIMIT
2022-02-10,DECISION,ADAUSDT,POSITION_LIMIT
2022-02-10,DECISION,BNBUSDT,POSITION_LIMIT
2022-02-11,DECISION,MATICUSDT,POSITION_LIMIT
2022-02-11,DECISION,GALAUSDT,POSITION_LIMIT
2022-02-11,DECISION,MANAUSDT,POSITION_LIMIT
2022-02-11,DECISION,AVAXUSDT,POSITION_LIMIT
2022-02-11,DECISION,ETHUSDT,POSITION_LIMIT
2022-02-11,DECISION,LUNAUSDT,POSITION_LIMIT
2022-02-11,DECISION,ATOMUSDT,POSITION_LIMIT
2022-02-11,DECISION,DOGEUSDT,POSITION_LIMIT
2022-02-11,DECISION,LTCUSDT,POSITION_LIMIT
2022-02-12,FILL,BTCUSDT,BELOW_EXCHANGE_MINIMUM_NOTIONAL
2022-02-12,DECISION,MATICUSDT,POSITION_LIMIT
2022-02-12,DECISION,GALAUSDT,POSITION_LIMIT
2022-02-12,DECISION,MANAUSDT,POSITION_LIMIT
2022-02-12,DECISION,ETHUSDT,POSITION_LIMIT
2022-02-12,DECISION,LUNAUSDT,POSITION_LIMIT
2022-02-12,DECISION,ATOMUSDT,POSITION_LIMIT
2022-02-12,DECISION,DOGEUSDT,POSITION_LIMIT
2022-02-12,DECISION,AVAXUSDT,POSITION_LIMIT
2022-02-12,DECISION,LTCUSDT,POSITION_LIMIT
2022-02-13,DECISION,GALAUSDT,POSITION_LIMIT
2022-02-13,DECISION,MANAUSDT,POSITION_LIMIT
2022-02-13,DECISION,ETHUSDT,POSITION_LIMIT
2022-02-13,DECISION,LUNAUSDT,POSITION_LIMIT
2022-02-13,DECISION,FTMUSDT,POSITION_LIMIT
2022-02-13,DECISION,DOGEUSDT,POSITION_LIMIT
2022-02-13,DECISION,AVAXUSDT,POSITION_LIMIT
2022-02-13,DECISION,LTCUSDT,POSITION_LIMIT
2022-02-14,DECISION,MANAUSDT,POSITION_LIMIT
2022-02-14,DECISION,ETHUSDT,POSITION_LIMIT
2022-02-14,DECISION,LUNAUSDT,POSITION_LIMIT
2022-02-14,DECISION,FTMUSDT,POSITION_LIMIT
2022-02-14,DECISION,MATICUSDT,POSITION_LIMIT
2022-02-14,DECISION,DOGEUSDT,POSITION_LIMIT
2022-02-14,DECISION,AVAXUSDT,POSITION_LIMIT
2022-02-14,DECISION,LTCUSDT,POSITION_LIMIT
2022-02-15,DECISION,NEARUSDT,POSITION_LIMIT
2022-02-15,DECISION,MANAUSDT,POSITION_LIMIT
2022-02-15,DECISION,ETHUSDT,POSITION_LIMIT
2022-02-15,DECISION,LUNAUSDT,POSITION_LIMIT
2022-02-15,DECISION,FTMUSDT,POSITION_LIMIT
2022-02-15,DECISION,MATICUSDT,POSITION_LIMIT
2022-02-15,DECISION,DOGEUSDT,POSITION_LIMIT
2022-02-15,DECISION,LTCUSDT,POSITION_LIMIT
2022-02-16,FILL,BTCUSDT,BELOW_EXCHANGE_MINIMUM_NOTIONAL
2022-02-16,DECISION,NEARUSDT,POSITION_LIMIT
2022-02-16,DECISION,MANAUSDT,POSITION_LIMIT
2022-02-16,DECISION,ETHUSDT,POSITION_LIMIT
2022-02-16,DECISION,LUNAUSDT,POSITION_LIMIT
2022-02-16,DECISION,FTMUSDT,POSITION_LIMIT
2022-02-16,DECISION,MATICUSDT,POSITION_LIMIT
2022-02-16,DECISION,DOGEUSDT,POSITION_LIMIT
2022-02-16,DECISION,LTCUSDT,POSITION_LIMIT
2022-02-17,FILL,BTCUSDT,BELOW_EXCHANGE_MINIMUM_NOTIONAL
2022-02-17,DECISION,ETHUSDT,POSITION_LIMIT
2022-02-17,DECISION,LUNAUSDT,POSITION_LIMIT
2022-02-17,DECISION,SANDUSDT,POSITION_LIMIT
2022-02-17,DECISION,FTMUSDT,POSITION_LIMIT
2022-02-17,DECISION,1000SHIBUSDT,POSITION_LIMIT
2022-02-17,DECISION,MATICUSDT,POSITION_LIMIT
2022-02-18,FILL,BTCUSDT,BELOW_EXCHANGE_MINIMUM_NOTIONAL
2022-02-18,DECISION,1000SHIBUSDT,POSITION_LIMIT
2022-02-18,DECISION,SANDUSDT,POSITION_LIMIT
2022-02-18,DECISION,FTMUSDT,POSITION_LIMIT
2022-02-18,DECISION,NEARUSDT,POSITION_LIMIT
2022-02-18,DECISION,MATICUSDT,POSITION_LIMIT
2022-02-19,FILL,BTCUSDT,BELOW_EXCHANGE_MINIMUM_NOTIONAL
2022-02-19,DECISION,1000SHIBUSDT,POSITION_LIMIT
2022-02-19,DECISION,SANDUSDT,POSITION_LIMIT
2022-02-19,DECISION,FTMUSDT,POSITION_LIMIT
2022-02-19,DECISION,NEARUSDT,POSITION_LIMIT
2022-02-19,DECISION,MATICUSDT,POSITION_LIMIT
2022-02-20,FILL,BTCUSDT,BELOW_EXCHANGE_MINIMUM_NOTIONAL
2022-02-20,DECISION,MATICUSDT,POSITION_LIMIT
2022-02-20,DECISION,NEARUSDT,POSITION_LIMIT
2022-02-21,FILL,AVAXUSDT,QUANTITY_ROUNDS_TO_ZERO
2022-02-23,FILL,NEARUSDT,QUANTITY_ROUNDS_TO_ZERO
2022-02-25,FILL,NEARUSDT,QUANTITY_ROUNDS_TO_ZERO
2022-02-26,FILL,NEARUSDT,QUANTITY_ROUNDS_TO_ZERO
2022-02-27,FILL,NEARUSDT,QUANTITY_ROUNDS_TO_ZERO
2022-02-28,FILL,NEARUSDT,QUANTITY_ROUNDS_TO_ZERO
2022-02-28,DECISION,DOTUSDT,POSITION_LIMIT
2022-02-28,DECISION,NEARUSDT,POSITION_LIMIT
2022-03-01,FILL,BTCUSDT,BELOW_EXCHANGE_MINIMUM_NOTIONAL
2022-03-01,DECISION,AVAXUSDT,POSITION_LIMIT
2022-03-01,DECISION,FTMUSDT,POSITION_LIMIT
2022-03-01,DECISION,BNBUSDT,POSITION_LIMIT
2022-03-01,DECISION,DOTUSDT,POSITION_LIMIT
2022-03-01,DECISION,AXSUSDT,POSITION_LIMIT
2022-03-02,FILL,BTCUSDT,BELOW_EXCHANGE_MINIMUM_NOTIONAL
2022-03-02,DECISION,SOLUSDT,POSITION_LIMIT
2022-03-02,DECISION,AVAXUSDT,POSITION_LIMIT
2022-03-02,DECISION,BNBUSDT,POSITION_LIMIT
2022-03-02,DECISION,DOTUSDT,POSITION_LIMIT
2022-03-02,DECISION,MATICUSDT,POSITION_LIMIT
2022-03-02,DECISION,AXSUSDT,POSITION_LIMIT
2022-03-03,FILL,BTCUSDT,BELOW_EXCHANGE_MINIMUM_NOTIONAL
2022-03-03,DECISION,SOLUSDT,POSITION_LIMIT
2022-03-03,DECISION,AVAXUSDT,POSITION_LIMIT
2022-03-03,DECISION,BNBUSDT,POSITION_LIMIT
2022-03-03,DECISION,DOTUSDT,POSITION_LIMIT
2022-03-03,DECISION,MATICUSDT,POSITION_LIMIT
2022-03-03,DECISION,AXSUSDT,POSITION_LIMIT
2022-03-04,FILL,BTCUSDT,BELOW_EXCHANGE_MINIMUM_NOTIONAL
2022-03-04,DECISION,SOLUSDT,POSITION_LIMIT
2022-03-04,DECISION,AVAXUSDT,POSITION_LIMIT
2022-03-04,DECISION,BNBUSDT,POSITION_LIMIT
2022-03-04,DECISION,MATICUSDT,POSITION_LIMIT
2022-03-04,DECISION,AXSUSDT,POSITION_LIMIT
2022-03-05,FILL,BTCUSDT,BELOW_EXCHANGE_MINIMUM_NOTIONAL
2022-03-05,DECISION,SOLUSDT,POSITION_LIMIT
2022-03-05,DECISION,AVAXUSDT,POSITION_LIMIT
2022-03-05,DECISION,BNBUSDT,POSITION_LIMIT
2022-03-05,DECISION,MATICUSDT,POSITION_LIMIT
2022-03-05,DECISION,AXSUSDT,POSITION_LIMIT
2022-03-06,FILL,BTCUSDT,BELOW_EXCHANGE_MINIMUM_NOTIONAL
2022-03-16,DECISION,SANDUSDT,POSITION_LIMIT
2022-03-16,DECISION,NEARUSDT,POSITION_LIMIT
2022-03-16,DECISION,LINKUSDT,POSITION_LIMIT
2022-03-17,DECISION,AVAXUSDT,POSITION_LIMIT
2022-03-17,DECISION,SANDUSDT,POSITION_LIMIT
2022-03-17,DECISION,NEARUSDT,POSITION_LIMIT
2022-03-17,DECISION,LINKUSDT,POSITION_LIMIT
2022-03-18,DECISION,XRPUSDT,POSITION_LIMIT
2022-03-18,DECISION,AVAXUSDT,POSITION_LIMIT
2022-03-18,DECISION,ADAUSDT,POSITION_LIMIT
2022-03-18,DECISION,SANDUSDT,POSITION_LIMIT
2022-03-18,DECISION,BNBUSDT,POSITION_LIMIT
2022-03-18,DECISION,NEARUSDT,POSITION_LIMIT
2022-03-18,DECISION,LINKUSDT,POSITION_LIMIT
2022-03-19,DECISION,ETHUSDT,POSITION_LIMIT
2022-03-19,DECISION,SOLUSDT,POSITION_LIMIT
2022-03-19,DECISION,GALAUSDT,POSITION_LIMIT
2022-03-19,DECISION,1000SHIBUSDT,POSITION_LIMIT
2022-03-19,DECISION,ADAUSDT,POSITION_LIMIT
2022-03-19,DECISION,BNBUSDT,POSITION_LIMIT
2022-03-19,DECISION,SANDUSDT,POSITION_LIMIT
2022-03-19,DECISION,NEARUSDT,POSITION_LIMIT
2022-03-19,DECISION,MANAUSDT,POSITION_LIMIT
2022-03-19,DECISION,MATICUSDT,POSITION_LIMIT
2022-03-19,DECISION,LINKUSDT,POSITION_LIMIT
2022-03-19,DECISION,DOGEUSDT,POSITION_LIMIT
2022-03-20,FILL,BTCUSDT,BELOW_EXCHANGE_MINIMUM_NOTIONAL
2022-03-20,DECISION,BTCUSDT,POSITION_LIMIT
2022-03-20,DECISION,ETHUSDT,POSITION_LIMIT
2022-03-20,DECISION,SOLUSDT,POSITION_LIMIT
2022-03-20,DECISION,GALAUSDT,POSITION_LIMIT
2022-03-20,DECISION,1000SHIBUSDT,POSITION_LIMIT
2022-03-20,DECISION,ADAUSDT,POSITION_LIMIT
2022-03-20,DECISION,BNBUSDT,POSITION_LIMIT
2022-03-20,DECISION,SANDUSDT,POSITION_LIMIT
2022-03-20,DECISION,NEARUSDT,POSITION_LIMIT
2022-03-20,DECISION,MANAUSDT,POSITION_LIMIT
2022-03-20,DECISION,MATICUSDT,POSITION_LIMIT
2022-03-20,DECISION,LINKUSDT,POSITION_LIMIT
2022-03-21,FILL,AVAXUSDT,QUANTITY_ROUNDS_TO_ZERO
2022-03-21,DECISION,BTCUSDT,POSITION_LIMIT
2022-03-21,DECISION,ETHUSDT,POSITION_LIMIT
2022-03-21,DECISION,SOLUSDT,POSITION_LIMIT
2022-03-21,DECISION,GALAUSDT,POSITION_LIMIT
2022-03-21,DECISION,1000SHIBUSDT,POSITION_LIMIT
2022-03-21,DECISION,ADAUSDT,POSITION_LIMIT
2022-03-21,DECISION,BNBUSDT,POSITION_LIMIT
2022-03-21,DECISION,NEARUSDT,POSITION_LIMIT
2022-03-21,DECISION,MANAUSDT,POSITION_LIMIT
2022-03-21,DECISION,MATICUSDT,POSITION_LIMIT
2022-03-21,DECISION,LINKUSDT,POSITION_LIMIT
2022-03-22,DECISION,DOTUSDT,POSITION_LIMIT
2022-03-22,DECISION,LINKUSDT,POSITION_LIMIT
2022-03-22,DECISION,ETHUSDT,POSITION_LIMIT
2022-03-22,DECISION,BTCUSDT,POSITION_LIMIT
2022-03-22,DECISION,SOLUSDT,POSITION_LIMIT
2022-03-22,DECISION,GALAUSDT,POSITION_LIMIT
2022-03-22,DECISION,1000SHIBUSDT,POSITION_LIMIT
2022-03-22,DECISION,BNBUSDT,POSITION_LIMIT
2022-03-22,DECISION,NEARUSDT,POSITION_LIMIT
2022-03-22,DECISION,MATICUSDT,POSITION_LIMIT
2022-03-22,DECISION,MANAUSDT,POSITION_LIMIT
2022-03-23,DECISION,XRPUSDT,POSITION_LIMIT
2022-03-23,DECISION,ADAUSDT,POSITION_LIMIT
2022-03-23,DECISION,DOTUSDT,POSITION_LIMIT
2022-03-23,DECISION,LINKUSDT,POSITION_LIMIT
2022-03-23,DECISION,BTCUSDT,POSITION_LIMIT
2022-03-23,DECISION,GALAUSDT,POSITION_LIMIT
2022-03-23,DECISION,BNBUSDT,POSITION_LIMIT
2022-03-23,DECISION,SANDUSDT,POSITION_LIMIT
2022-03-23,DECISION,SOLUSDT,POSITION_LIMIT
2022-03-23,DECISION,1000SHIBUSDT,POSITION_LIMIT
2022-03-23,DECISION,MATICUSDT,POSITION_LIMIT
2022-03-23,DECISION,MANAUSDT,POSITION_LIMIT
2022-03-24,FILL,AVAXUSDT,QUANTITY_ROUNDS_TO_ZERO
2022-03-24,DECISION,AVAXUSDT,POSITION_LIMIT
2022-03-24,DECISION,XRPUSDT,POSITION_LIMIT
2022-03-24,DECISION,ADAUSDT,POSITION_LIMIT
2022-03-24,DECISION,SANDUSDT,POSITION_LIMIT
2022-03-24,DECISION,BNBUSDT,POSITION_LIMIT
2022-03-24,DECISION,DOTUSDT,POSITION_LIMIT
2022-03-24,DECISION,LINKUSDT,POSITION_LIMIT
2022-03-24,DECISION,BTCUSDT,POSITION_LIMIT
2022-03-24,DECISION,GALAUSDT,POSITION_LIMIT
2022-03-24,DECISION,1000SHIBUSDT,POSITION_LIMIT
2022-03-24,DECISION,MATICUSDT,POSITION_LIMIT
2022-03-24,DECISION,MANAUSDT,POSITION_LIMIT
2022-03-24,DECISION,FTMUSDT,POSITION_LIMIT
2022-03-24,DECISION,ATOMUSDT,POSITION_LIMIT
2022-03-25,DECISION,XRPUSDT,POSITION_LIMIT
2022-03-25,DECISION,ADAUSDT,POSITION_LIMIT
2022-03-25,DECISION,SANDUSDT,POSITION_LIMIT
2022-03-25,DECISION,DOTUSDT,POSITION_LIMIT
2022-03-25,DECISION,BNBUSDT,POSITION_LIMIT
2022-03-25,DECISION,LINKUSDT,POSITION_LIMIT
2022-03-25,DECISION,BTCUSDT,POSITION_LIMIT
2022-03-25,DECISION,AVAXUSDT,POSITION_LIMIT
2022-03-25,DECISION,GALAUSDT,POSITION_LIMIT
2022-03-25,DECISION,1000SHIBUSDT,POSITION_LIMIT
2022-03-25,DECISION,MATICUSDT,POSITION_LIMIT
2022-03-25,DECISION,MANAUSDT,POSITION_LIMIT
2022-03-25,DECISION,FTMUSDT,POSITION_LIMIT
2022-03-25,DECISION,ATOMUSDT,POSITION_LIMIT
2022-03-26,DECISION,SOLUSDT,POSITION_LIMIT
2022-03-26,DECISION,XRPUSDT,POSITION_LIMIT
2022-03-26,DECISION,ADAUSDT,POSITION_LIMIT
2022-03-26,DECISION,SANDUSDT,POSITION_LIMIT
2022-03-26,DECISION,BNBUSDT,POSITION_LIMIT
2022-03-26,DECISION,DOTUSDT,POSITION_LIMIT
2022-03-26,DECISION,LINKUSDT,POSITION_LIMIT
2022-03-26,DECISION,AVAXUSDT,POSITION_LIMIT
2022-03-26,DECISION,GALAUSDT,POSITION_LIMIT
2022-03-26,DECISION,1000SHIBUSDT,POSITION_LIMIT
2022-03-26,DECISION,MATICUSDT,POSITION_LIMIT
2022-03-26,DECISION,MANAUSDT,POSITION_LIMIT
2022-03-26,DECISION,FTMUSDT,POSITION_LIMIT
2022-03-26,DECISION,ATOMUSDT,POSITION_LIMIT
2022-03-27,DECISION,DOTUSDT,POSITION_LIMIT
2022-03-27,DECISION,SOLUSDT,POSITION_LIMIT
2022-03-27,DECISION,XRPUSDT,POSITION_LIMIT
2022-03-27,DECISION,ADAUSDT,POSITION_LIMIT
2022-03-27,DECISION,AVAXUSDT,POSITION_LIMIT
2022-03-27,DECISION,GALAUSDT,POSITION_LIMIT
2022-03-27,DECISION,SANDUSDT,POSITION_LIMIT
2022-03-27,DECISION,BNBUSDT,POSITION_LIMIT
2022-03-27,DECISION,MATICUSDT,POSITION_LIMIT
2022-03-27,DECISION,LINKUSDT,POSITION_LIMIT
2022-03-27,DECISION,FTMUSDT,POSITION_LIMIT
2022-03-27,DECISION,1000SHIBUSDT,POSITION_LIMIT
2022-03-27,DECISION,MANAUSDT,POSITION_LIMIT
2022-03-27,DECISION,ATOMUSDT,POSITION_LIMIT
2022-03-28,DECISION,DOTUSDT,POSITION_LIMIT
2022-03-28,DECISION,SOLUSDT,POSITION_LIMIT
2022-03-28,DECISION,XRPUSDT,POSITION_LIMIT
2022-03-28,DECISION,ADAUSDT,POSITION_LIMIT
2022-03-28,DECISION,AVAXUSDT,POSITION_LIMIT
2022-03-28,DECISION,GALAUSDT,POSITION_LIMIT
2022-03-28,DECISION,SANDUSDT,POSITION_LIMIT
2022-03-28,DECISION,BNBUSDT,POSITION_LIMIT
2022-03-28,DECISION,LINKUSDT,POSITION_LIMIT
2022-03-28,DECISION,MATICUSDT,POSITION_LIMIT
2022-03-28,DECISION,FTMUSDT,POSITION_LIMIT
2022-03-28,DECISION,1000SHIBUSDT,POSITION_LIMIT
2022-03-28,DECISION,MANAUSDT,POSITION_LIMIT
2022-03-28,DECISION,ATOMUSDT,POSITION_LIMIT
2022-03-29,DECISION,BNBUSDT,POSITION_LIMIT
2022-03-29,DECISION,DOTUSDT,POSITION_LIMIT
2022-03-29,DECISION,SOLUSDT,POSITION_LIMIT
2022-03-29,DECISION,XRPUSDT,POSITION_LIMIT
2022-03-29,DECISION,ADAUSDT,POSITION_LIMIT
2022-03-29,DECISION,AVAXUSDT,POSITION_LIMIT
2022-03-29,DECISION,GALAUSDT,POSITION_LIMIT
2022-03-29,DECISION,1000SHIBUSDT,POSITION_LIMIT
2022-03-29,DECISION,SANDUSDT,POSITION_LIMIT
2022-03-29,DECISION,LINKUSDT,POSITION_LIMIT
2022-03-29,DECISION,MATICUSDT,POSITION_LIMIT
2022-03-29,DECISION,FTMUSDT,POSITION_LIMIT
2022-03-29,DECISION,ATOMUSDT,POSITION_LIMIT
2022-03-29,DECISION,MANAUSDT,POSITION_LIMIT
2022-03-30,DECISION,SOLUSDT,POSITION_LIMIT
2022-03-30,DECISION,AVAXUSDT,POSITION_LIMIT
2022-03-30,DECISION,BNBUSDT,POSITION_LIMIT
2022-03-30,DECISION,DOTUSDT,POSITION_LIMIT
2022-03-30,DECISION,XRPUSDT,POSITION_LIMIT
2022-03-30,DECISION,ADAUSDT,POSITION_LIMIT
2022-03-30,DECISION,GALAUSDT,POSITION_LIMIT
2022-03-30,DECISION,1000SHIBUSDT,POSITION_LIMIT
2022-03-30,DECISION,SANDUSDT,POSITION_LIMIT
2022-03-30,DECISION,LINKUSDT,POSITION_LIMIT
2022-03-30,DECISION,MATICUSDT,POSITION_LIMIT
2022-03-30,DECISION,FTMUSDT,POSITION_LIMIT
2022-03-30,DECISION,ATOMUSDT,POSITION_LIMIT
2022-03-30,DECISION,MANAUSDT,POSITION_LIMIT
2022-03-31,DECISION,SOLUSDT,POSITION_LIMIT
2022-03-31,DECISION,AVAXUSDT,POSITION_LIMIT
2022-03-31,DECISION,BNBUSDT,POSITION_LIMIT
2022-03-31,DECISION,DOTUSDT,POSITION_LIMIT
2022-03-31,DECISION,GALAUSDT,POSITION_LIMIT
2022-03-31,DECISION,ADAUSDT,POSITION_LIMIT
2022-03-31,DECISION,1000SHIBUSDT,POSITION_LIMIT
2022-03-31,DECISION,LINKUSDT,POSITION_LIMIT
2022-03-31,DECISION,MATICUSDT,POSITION_LIMIT
2022-03-31,DECISION,FTMUSDT,POSITION_LIMIT
2022-03-31,DECISION,XRPUSDT,POSITION_LIMIT
2022-03-31,DECISION,ATOMUSDT,POSITION_LIMIT
2022-03-31,DECISION,SANDUSDT,POSITION_LIMIT
2022-03-31,DECISION,MANAUSDT,POSITION_LIMIT
2022-04-01,DECISION,SOLUSDT,POSITION_LIMIT
2022-04-01,DECISION,AVAXUSDT,POSITION_LIMIT
2022-04-01,DECISION,BNBUSDT,POSITION_LIMIT
2022-04-01,DECISION,DOTUSDT,POSITION_LIMIT
2022-04-01,DECISION,LINKUSDT,POSITION_LIMIT
2022-04-01,DECISION,GALAUSDT,POSITION_LIMIT
2022-04-01,DECISION,ADAUSDT,POSITION_LIMIT
2022-04-01,DECISION,1000SHIBUSDT,POSITION_LIMIT
2022-04-01,DECISION,MATICUSDT,POSITION_LIMIT
2022-04-01,DECISION,FTMUSDT,POSITION_LIMIT
2022-04-01,DECISION,XRPUSDT,POSITION_LIMIT
2022-04-01,DECISION,ATOMUSDT,POSITION_LIMIT
2022-04-01,DECISION,SANDUSDT,POSITION_LIMIT
2022-04-01,DECISION,MANAUSDT,POSITION_LIMIT
2022-04-02,DECISION,SOLUSDT,POSITION_LIMIT
2022-04-02,DECISION,AVAXUSDT,POSITION_LIMIT
2022-04-02,DECISION,BNBUSDT,POSITION_LIMIT
2022-04-02,DECISION,DOTUSDT,POSITION_LIMIT
2022-04-02,DECISION,LINKUSDT,POSITION_LIMIT
2022-04-02,DECISION,GALAUSDT,POSITION_LIMIT
2022-04-02,DECISION,ADAUSDT,POSITION_LIMIT
2022-04-02,DECISION,MATICUSDT,POSITION_LIMIT
2022-04-02,DECISION,FTMUSDT,POSITION_LIMIT
2022-04-02,DECISION,XRPUSDT,POSITION_LIMIT
2022-04-02,DECISION,1000SHIBUSDT,POSITION_LIMIT
2022-04-02,DECISION,SANDUSDT,POSITION_LIMIT
2022-04-02,DECISION,ATOMUSDT,POSITION_LIMIT
2022-04-02,DECISION,MANAUSDT,POSITION_LIMIT
2022-04-03,DECISION,AVAXUSDT,POSITION_LIMIT
2022-04-03,DECISION,RUNEUSDT,POSITION_LIMIT
2022-04-03,DECISION,BNBUSDT,POSITION_LIMIT
2022-04-03,DECISION,DOTUSDT,POSITION_LIMIT
2022-04-03,DECISION,ETCUSDT,POSITION_LIMIT
2022-04-03,DECISION,LINKUSDT,POSITION_LIMIT
2022-04-03,DECISION,DOGEUSDT,POSITION_LIMIT
2022-04-03,DECISION,GALAUSDT,POSITION_LIMIT
2022-04-03,DECISION,ADAUSDT,POSITION_LIMIT
2022-04-03,DECISION,ATOMUSDT,POSITION_LIMIT
2022-04-03,DECISION,FTMUSDT,POSITION_LIMIT
2022-04-03,DECISION,XRPUSDT,POSITION_LIMIT
2022-04-03,DECISION,1000SHIBUSDT,POSITION_LIMIT
2022-04-03,DECISION,SANDUSDT,POSITION_LIMIT
2022-04-04,DECISION,AVAXUSDT,POSITION_LIMIT
2022-04-04,DECISION,ADAUSDT,POSITION_LIMIT
2022-04-04,DECISION,ETCUSDT,POSITION_LIMIT
2022-04-04,DECISION,RUNEUSDT,POSITION_LIMIT
2022-04-04,DECISION,BNBUSDT,POSITION_LIMIT
2022-04-04,DECISION,DOTUSDT,POSITION_LIMIT
2022-04-04,DECISION,LINKUSDT,POSITION_LIMIT
2022-04-04,DECISION,DOGEUSDT,POSITION_LIMIT
2022-04-04,DECISION,GALAUSDT,POSITION_LIMIT
2022-04-04,DECISION,ATOMUSDT,POSITION_LIMIT
2022-04-04,DECISION,FTMUSDT,POSITION_LIMIT
2022-04-04,DECISION,XRPUSDT,POSITION_LIMIT
2022-04-04,DECISION,1000SHIBUSDT,POSITION_LIMIT
2022-04-04,DECISION,SANDUSDT,POSITION_LIMIT
2022-04-05,DECISION,DOTUSDT,POSITION_LIMIT
2022-04-05,DECISION,BNBUSDT,POSITION_LIMIT
2022-04-05,DECISION,DOGEUSDT,POSITION_LIMIT
2022-04-05,DECISION,BTCUSDT,POSITION_LIMIT
2022-04-05,DECISION,AVAXUSDT,POSITION_LIMIT
2022-04-05,DECISION,WAVESUSDT,POSITION_LIMIT
2022-04-05,DECISION,ETCUSDT,POSITION_LIMIT
2022-04-05,DECISION,ATOMUSDT,POSITION_LIMIT
2022-04-05,DECISION,LINKUSDT,POSITION_LIMIT
2022-04-05,DECISION,FTMUSDT,POSITION_LIMIT
2022-04-05,DECISION,XRPUSDT,POSITION_LIMIT
2022-04-05,DECISION,1000SHIBUSDT,POSITION_LIMIT
2022-04-05,DECISION,GALAUSDT,POSITION_LIMIT
2022-04-05,DECISION,SANDUSDT,POSITION_LIMIT
2022-04-06,DECISION,BTCUSDT,POSITION_LIMIT
2022-04-06,DECISION,ETHUSDT,POSITION_LIMIT
2022-04-06,DECISION,ADAUSDT,POSITION_LIMIT
2022-04-06,DECISION,ETCUSDT,POSITION_LIMIT
2022-04-06,DECISION,BNBUSDT,POSITION_LIMIT
2022-04-06,DECISION,AVAXUSDT,POSITION_LIMIT
2022-04-06,DECISION,DOTUSDT,POSITION_LIMIT
2022-04-06,DECISION,1000SHIBUSDT,POSITION_LIMIT
2022-04-06,DECISION,LINKUSDT,POSITION_LIMIT
2022-04-07,DECISION,BTCUSDT,POSITION_LIMIT
2022-04-07,DECISION,ETHUSDT,POSITION_LIMIT
2022-04-07,DECISION,ETCUSDT,POSITION_LIMIT
2022-04-07,DECISION,ADAUSDT,POSITION_LIMIT
2022-04-07,DECISION,BNBUSDT,POSITION_LIMIT
2022-04-07,DECISION,AVAXUSDT,POSITION_LIMIT
2022-04-07,DECISION,DOTUSDT,POSITION_LIMIT
2022-04-07,DECISION,AXSUSDT,POSITION_LIMIT
2022-04-07,DECISION,1000SHIBUSDT,POSITION_LIMIT
2022-04-08,DECISION,WAVESUSDT,POSITION_LIMIT
2022-04-08,DECISION,ETCUSDT,POSITION_LIMIT
2022-04-08,DECISION,BNBUSDT,POSITION_LIMIT
2022-04-08,DECISION,BTCUSDT,POSITION_LIMIT
2022-04-08,DECISION,AVAXUSDT,POSITION_LIMIT
2022-04-08,DECISION,ADAUSDT,POSITION_LIMIT
2022-04-08,DECISION,DOTUSDT,POSITION_LIMIT
2022-04-08,DECISION,AXSUSDT,POSITION_LIMIT
2022-04-09,DECISION,WAVESUSDT,POSITION_LIMIT
2022-04-09,DECISION,ETCUSDT,POSITION_LIMIT
2022-04-09,DECISION,BNBUSDT,POSITION_LIMIT
2022-04-09,DECISION,BTCUSDT,POSITION_LIMIT
2022-04-09,DECISION,AVAXUSDT,POSITION_LIMIT
2022-04-09,DECISION,ADAUSDT,POSITION_LIMIT
2022-04-09,DECISION,DOTUSDT,POSITION_LIMIT
2022-04-09,DECISION,AXSUSDT,POSITION_LIMIT
2022-04-10,DECISION,ETCUSDT,POSITION_LIMIT
2022-04-10,DECISION,BNBUSDT,POSITION_LIMIT
2022-04-10,DECISION,BTCUSDT,POSITION_LIMIT
2022-04-10,DECISION,WAVESUSDT,POSITION_LIMIT
2022-04-10,DECISION,ADAUSDT,POSITION_LIMIT
2022-04-10,DECISION,DOTUSDT,POSITION_LIMIT
2022-04-10,DECISION,AVAXUSDT,POSITION_LIMIT
2022-04-11,DECISION,WAVESUSDT,POSITION_LIMIT
2022-04-11,DECISION,ADAUSDT,POSITION_LIMIT
2022-04-11,DECISION,RUNEUSDT,POSITION_LIMIT
2022-04-11,DECISION,DOGEUSDT,POSITION_LIMIT
2022-04-11,DECISION,BNBUSDT,POSITION_LIMIT
2022-04-11,DECISION,BTCUSDT,POSITION_LIMIT
2022-04-11,DECISION,AVAXUSDT,POSITION_LIMIT
2022-04-11,DECISION,DOTUSDT,POSITION_LIMIT
2022-04-12,DECISION,WAVESUSDT,POSITION_LIMIT
2022-04-12,DECISION,ADAUSDT,POSITION_LIMIT
2022-04-12,DECISION,DOGEUSDT,POSITION_LIMIT
2022-04-12,DECISION,BNBUSDT,POSITION_LIMIT
2022-04-12,DECISION,RUNEUSDT,POSITION_LIMIT
2022-04-12,DECISION,BTCUSDT,POSITION_LIMIT
2022-04-12,DECISION,AVAXUSDT,POSITION_LIMIT
2022-04-12,DECISION,1000SHIBUSDT,POSITION_LIMIT
2022-04-12,DECISION,DOTUSDT,POSITION_LIMIT
2022-04-13,DECISION,WAVESUSDT,POSITION_LIMIT
2022-04-13,DECISION,ADAUSDT,POSITION_LIMIT
2022-04-13,DECISION,DOGEUSDT,POSITION_LIMIT
2022-04-13,DECISION,BNBUSDT,POSITION_LIMIT
2022-04-13,DECISION,RUNEUSDT,POSITION_LIMIT
2022-04-13,DECISION,BTCUSDT,POSITION_LIMIT
2022-04-13,DECISION,AVAXUSDT,POSITION_LIMIT
2022-04-13,DECISION,1000SHIBUSDT,POSITION_LIMIT
2022-04-13,DECISION,DOTUSDT,POSITION_LIMIT
2022-04-14,DECISION,WAVESUSDT,POSITION_LIMIT
2022-04-14,DECISION,ADAUSDT,POSITION_LIMIT
2022-04-14,DECISION,DOGEUSDT,POSITION_LIMIT
2022-04-14,DECISION,BNBUSDT,POSITION_LIMIT
2022-04-14,DECISION,BTCUSDT,POSITION_LIMIT
2022-04-14,DECISION,AVAXUSDT,POSITION_LIMIT
2022-04-14,DECISION,1000SHIBUSDT,POSITION_LIMIT
2022-04-14,DECISION,DOTUSDT,POSITION_LIMIT
2022-04-15,DECISION,ETCUSDT,POSITION_LIMIT
2022-04-15,DECISION,ADAUSDT,POSITION_LIMIT
2022-04-15,DECISION,DOGEUSDT,POSITION_LIMIT
2022-04-15,DECISION,BNBUSDT,POSITION_LIMIT
2022-04-15,DECISION,RUNEUSDT,POSITION_LIMIT
2022-04-15,DECISION,BTCUSDT,POSITION_LIMIT
2022-04-15,DECISION,AVAXUSDT,POSITION_LIMIT
2022-04-15,DECISION,1000SHIBUSDT,POSITION_LIMIT
2022-04-15,DECISION,DOTUSDT,POSITION_LIMIT
2022-04-16,DECISION,WAVESUSDT,POSITION_LIMIT
2022-04-16,DECISION,ADAUSDT,POSITION_LIMIT
2022-04-16,DECISION,DOGEUSDT,POSITION_LIMIT
2022-04-16,DECISION,BNBUSDT,POSITION_LIMIT
2022-04-16,DECISION,RUNEUSDT,POSITION_LIMIT
2022-04-16,DECISION,BTCUSDT,POSITION_LIMIT
2022-04-16,DECISION,AVAXUSDT,POSITION_LIMIT
2022-04-16,DECISION,1000SHIBUSDT,POSITION_LIMIT
2022-04-16,DECISION,DOTUSDT,POSITION_LIMIT
2022-04-17,DECISION,WAVESUSDT,POSITION_LIMIT
2022-04-17,DECISION,DOGEUSDT,POSITION_LIMIT
2022-04-17,DECISION,BNBUSDT,POSITION_LIMIT
2022-04-17,DECISION,BTCUSDT,POSITION_LIMIT
2022-04-17,DECISION,AVAXUSDT,POSITION_LIMIT
2022-04-17,DECISION,ADAUSDT,POSITION_LIMIT
2022-04-17,DECISION,DOTUSDT,POSITION_LIMIT
2022-04-17,DECISION,RUNEUSDT,POSITION_LIMIT
2022-04-18,DECISION,WAVESUSDT,POSITION_LIMIT
2022-04-18,DECISION,DOGEUSDT,POSITION_LIMIT
2022-04-18,DECISION,BNBUSDT,POSITION_LIMIT
2022-04-18,DECISION,BTCUSDT,POSITION_LIMIT
2022-04-18,DECISION,AVAXUSDT,POSITION_LIMIT
2022-04-18,DECISION,ADAUSDT,POSITION_LIMIT
2022-04-18,DECISION,DOTUSDT,POSITION_LIMIT
2022-04-18,DECISION,RUNEUSDT,POSITION_LIMIT
2022-04-19,DECISION,WAVESUSDT,POSITION_LIMIT
2022-04-19,DECISION,DOGEUSDT,POSITION_LIMIT
2022-04-19,DECISION,BNBUSDT,POSITION_LIMIT
2022-04-19,DECISION,FILUSDT,POSITION_LIMIT
2022-04-19,DECISION,BTCUSDT,POSITION_LIMIT
2022-04-19,DECISION,AVAXUSDT,POSITION_LIMIT
2022-04-19,DECISION,ADAUSDT,POSITION_LIMIT
2022-04-19,DECISION,DOTUSDT,POSITION_LIMIT
2022-04-20,DECISION,WAVESUSDT,POSITION_LIMIT
2022-04-20,DECISION,DOGEUSDT,POSITION_LIMIT
2022-04-20,DECISION,BNBUSDT,POSITION_LIMIT
2022-04-20,DECISION,FILUSDT,POSITION_LIMIT
2022-04-20,DECISION,BTCUSDT,POSITION_LIMIT
2022-04-20,DECISION,AVAXUSDT,POSITION_LIMIT
2022-04-20,DECISION,ADAUSDT,POSITION_LIMIT
2022-04-20,DECISION,DOTUSDT,POSITION_LIMIT
2022-04-21,DECISION,DOGEUSDT,POSITION_LIMIT
2022-04-21,DECISION,BNBUSDT,POSITION_LIMIT
2022-04-21,DECISION,FILUSDT,POSITION_LIMIT
2022-04-21,DECISION,BTCUSDT,POSITION_LIMIT
2022-04-21,DECISION,AVAXUSDT,POSITION_LIMIT
2022-04-21,DECISION,ETCUSDT,POSITION_LIMIT
2022-04-21,DECISION,ADAUSDT,POSITION_LIMIT
2022-04-21,DECISION,DOTUSDT,POSITION_LIMIT
2022-04-22,DECISION,BNBUSDT,POSITION_LIMIT
2022-04-22,DECISION,FILUSDT,POSITION_LIMIT
2022-04-22,DECISION,BTCUSDT,POSITION_LIMIT
2022-04-22,DECISION,ETHUSDT,POSITION_LIMIT
2022-04-22,DECISION,ETCUSDT,POSITION_LIMIT
2022-04-22,DECISION,DOTUSDT,POSITION_LIMIT
2022-04-23,DECISION,FILUSDT,POSITION_LIMIT
2022-04-23,DECISION,ETCUSDT,POSITION_LIMIT
2022-04-23,DECISION,DOGEUSDT,POSITION_LIMIT
2022-04-23,DECISION,DOTUSDT,POSITION_LIMIT
2022-04-24,DECISION,SOLUSDT,POSITION_LIMIT
2022-04-24,DECISION,ETCUSDT,POSITION_LIMIT
2022-04-24,DECISION,DOGEUSDT,POSITION_LIMIT
2022-04-24,DECISION,DOTUSDT,POSITION_LIMIT
2022-04-25,DECISION,FILUSDT,POSITION_LIMIT
2022-04-25,DECISION,SOLUSDT,POSITION_LIMIT
2022-04-25,DECISION,WAVESUSDT,POSITION_LIMIT
2022-04-25,DECISION,ETCUSDT,POSITION_LIMIT
2022-04-25,DECISION,DOTUSDT,POSITION_LIMIT
2022-04-26,DECISION,ETCUSDT,POSITION_LIMIT
2022-04-27,DECISION,ETCUSDT,POSITION_LIMIT
2022-04-28,DECISION,ETCUSDT,POSITION_LIMIT
2022-04-29,FILL,NEARUSDT,QUANTITY_ROUNDS_TO_ZERO
2022-04-29,DECISION,ETCUSDT,POSITION_LIMIT
2022-04-30,FILL,NEARUSDT,QUANTITY_ROUNDS_TO_ZERO
2022-05-01,FILL,NEARUSDT,QUANTITY_ROUNDS_TO_ZERO
2022-05-02,FILL,NEARUSDT,QUANTITY_ROUNDS_TO_ZERO
2022-05-03,FILL,NEARUSDT,QUANTITY_ROUNDS_TO_ZERO
2022-05-04,FILL,NEARUSDT,QUANTITY_ROUNDS_TO_ZERO
2022-05-04,DECISION,ETCUSDT,POSITION_LIMIT
2022-05-05,FILL,NEARUSDT,QUANTITY_ROUNDS_TO_ZERO
2022-05-05,DECISION,ETCUSDT,POSITION_LIMIT
2022-05-06,FILL,NEARUSDT,QUANTITY_ROUNDS_TO_ZERO
2022-05-06,DECISION,ETCUSDT,POSITION_LIMIT
2022-05-07,FILL,NEARUSDT,QUANTITY_ROUNDS_TO_ZERO
2022-05-08,FILL,NEARUSDT,QUANTITY_ROUNDS_TO_ZERO
2022-05-09,FILL,NEARUSDT,QUANTITY_ROUNDS_TO_ZERO
2022-05-10,FILL,NEARUSDT,QUANTITY_ROUNDS_TO_ZERO
2022-05-30,DECISION,SANDUSDT,POSITION_LIMIT
2022-05-30,DECISION,DOGEUSDT,POSITION_LIMIT
2022-05-30,DECISION,WAVESUSDT,POSITION_LIMIT
2022-05-30,DECISION,1000SHIBUSDT,POSITION_LIMIT
2022-05-31,FILL,AXSUSDT,QUANTITY_ROUNDS_TO_ZERO
2022-05-31,DECISION,SANDUSDT,POSITION_LIMIT
2022-05-31,DECISION,ZILUSDT,POSITION_LIMIT
2022-05-31,DECISION,DOGEUSDT,POSITION_LIMIT
2022-05-31,DECISION,1000SHIBUSDT,POSITION_LIMIT
2022-06-01,FILL,AXSUSDT,QUANTITY_ROUNDS_TO_ZERO
2022-06-01,DECISION,SANDUSDT,POSITION_LIMIT
2022-06-01,DECISION,ZILUSDT,POSITION_LIMIT
2022-06-01,DECISION,1000SHIBUSDT,POSITION_LIMIT
2022-06-02,DECISION,SANDUSDT,POSITION_LIMIT
2022-06-02,DECISION,ZILUSDT,POSITION_LIMIT
2022-06-02,DECISION,1000SHIBUSDT,POSITION_LIMIT
2022-06-06,FILL,BTCUSDT,BELOW_EXCHANGE_MINIMUM_NOTIONAL
2022-06-06,DECISION,ZILUSDT,POSITION_LIMIT
2022-06-07,DECISION,ZILUSDT,POSITION_LIMIT
2022-06-08,DECISION,ZILUSDT,POSITION_LIMIT
2022-06-09,DECISION,ZILUSDT,POSITION_LIMIT
2022-06-10,FILL,BTCUSDT,BELOW_EXCHANGE_MINIMUM_NOTIONAL
2022-06-23,DECISION,SANDUSDT,POSITION_LIMIT
2022-06-24,DECISION,WAVESUSDT,POSITION_LIMIT
2022-06-24,DECISION,FTMUSDT,POSITION_LIMIT
2022-06-24,DECISION,NEARUSDT,POSITION_LIMIT
2022-06-24,DECISION,XRPUSDT,POSITION_LIMIT
2022-06-24,DECISION,TRXUSDT,POSITION_LIMIT
2022-06-24,DECISION,SANDUSDT,POSITION_LIMIT
2022-06-24,DECISION,DOGEUSDT,POSITION_LIMIT
2022-06-24,DECISION,AXSUSDT,POSITION_LIMIT
2022-06-25,DECISION,BNBUSDT,POSITION_LIMIT
2022-06-25,DECISION,WAVESUSDT,POSITION_LIMIT
2022-06-25,DECISION,NEARUSDT,POSITION_LIMIT
2022-06-25,DECISION,FTMUSDT,POSITION_LIMIT
2022-06-25,DECISION,XRPUSDT,POSITION_LIMIT
2022-06-25,DECISION,TRXUSDT,POSITION_LIMIT
2022-06-25,DECISION,SANDUSDT,POSITION_LIMIT
2022-06-25,DECISION,DOGEUSDT,POSITION_LIMIT
2022-06-25,DECISION,GALAUSDT,POSITION_LIMIT
2022-06-25,DECISION,AXSUSDT,POSITION_LIMIT
2022-06-26,DECISION,BNBUSDT,POSITION_LIMIT
2022-06-26,DECISION,WAVESUSDT,POSITION_LIMIT
2022-06-26,DECISION,NEARUSDT,POSITION_LIMIT
2022-06-26,DECISION,FTMUSDT,POSITION_LIMIT
2022-06-26,DECISION,XRPUSDT,POSITION_LIMIT
2022-06-26,DECISION,TRXUSDT,POSITION_LIMIT
2022-06-26,DECISION,SANDUSDT,POSITION_LIMIT
2022-06-26,DECISION,GALAUSDT,POSITION_LIMIT
2022-06-26,DECISION,DOGEUSDT,POSITION_LIMIT
2022-06-26,DECISION,AXSUSDT,POSITION_LIMIT
2022-06-27,DECISION,BNBUSDT,POSITION_LIMIT
2022-06-27,DECISION,WAVESUSDT,POSITION_LIMIT
2022-06-27,DECISION,NEARUSDT,POSITION_LIMIT
2022-06-27,DECISION,FTMUSDT,POSITION_LIMIT
2022-06-27,DECISION,XRPUSDT,POSITION_LIMIT
2022-06-27,DECISION,TRXUSDT,POSITION_LIMIT
2022-06-27,DECISION,SANDUSDT,POSITION_LIMIT
2022-06-27,DECISION,DOGEUSDT,POSITION_LIMIT
2022-06-27,DECISION,GALAUSDT,POSITION_LIMIT
2022-06-27,DECISION,AXSUSDT,POSITION_LIMIT
2022-06-28,DECISION,1000SHIBUSDT,POSITION_LIMIT
2022-06-28,DECISION,AXSUSDT,POSITION_LIMIT
2022-07-06,DECISION,DOGEUSDT,POSITION_LIMIT
2022-07-07,DECISION,ETHUSDT,POSITION_LIMIT
2022-07-07,DECISION,AVAXUSDT,POSITION_LIMIT
2022-07-07,DECISION,LINKUSDT,POSITION_LIMIT
2022-07-07,DECISION,MATICUSDT,POSITION_LIMIT
2022-07-07,DECISION,DOGEUSDT,POSITION_LIMIT
2022-07-08,DECISION,ETHUSDT,POSITION_LIMIT
2022-07-08,DECISION,AVAXUSDT,POSITION_LIMIT
2022-07-08,DECISION,LINKUSDT,POSITION_LIMIT
2022-07-08,DECISION,MATICUSDT,POSITION_LIMIT
2022-07-08,DECISION,DOGEUSDT,POSITION_LIMIT
2022-07-09,DECISION,ETHUSDT,POSITION_LIMIT
2022-07-09,DECISION,AVAXUSDT,POSITION_LIMIT
2022-07-09,DECISION,ADAUSDT,POSITION_LIMIT
2022-07-09,DECISION,LINKUSDT,POSITION_LIMIT
2022-07-09,DECISION,MATICUSDT,POSITION_LIMIT
2022-07-09,DECISION,XRPUSDT,POSITION_LIMIT
2022-07-09,DECISION,NEARUSDT,POSITION_LIMIT
2022-07-09,DECISION,FTMUSDT,POSITION_LIMIT
2022-07-09,DECISION,DOGEUSDT,POSITION_LIMIT
2022-07-09,DECISION,LTCUSDT,POSITION_LIMIT
2022-07-10,DECISION,AVAXUSDT,POSITION_LIMIT
2022-07-10,DECISION,ADAUSDT,POSITION_LIMIT
2022-07-10,DECISION,SANDUSDT,POSITION_LIMIT
2022-07-10,DECISION,MATICUSDT,POSITION_LIMIT
2022-07-10,DECISION,XRPUSDT,POSITION_LIMIT
2022-07-10,DECISION,NEARUSDT,POSITION_LIMIT
2022-07-10,DECISION,FTMUSDT,POSITION_LIMIT
2022-07-10,DECISION,DOGEUSDT,POSITION_LIMIT
2022-07-10,DECISION,LTCUSDT,POSITION_LIMIT
2022-07-11,DECISION,1000SHIBUSDT,POSITION_LIMIT
2022-07-12,FILL,BTCUSDT,BELOW_EXCHANGE_MINIMUM_NOTIONAL
2022-07-13,FILL,BTCUSDT,BELOW_EXCHANGE_MINIMUM_NOTIONAL
2022-07-13,DECISION,ATOMUSDT,POSITION_LIMIT
2022-07-14,FILL,BTCUSDT,BELOW_EXCHANGE_MINIMUM_NOTIONAL
2022-07-14,DECISION,ATOMUSDT,POSITION_LIMIT
2022-07-15,FILL,BTCUSDT,BELOW_EXCHANGE_MINIMUM_NOTIONAL
2022-07-15,DECISION,ATOMUSDT,POSITION_LIMIT
2022-07-16,FILL,BTCUSDT,BELOW_EXCHANGE_MINIMUM_NOTIONAL
2022-07-16,DECISION,AVAXUSDT,POSITION_LIMIT
2022-07-16,DECISION,BTCUSDT,POSITION_LIMIT
2022-07-16,DECISION,SANDUSDT,POSITION_LIMIT
2022-07-16,DECISION,XRPUSDT,POSITION_LIMIT
2022-07-16,DECISION,ATOMUSDT,POSITION_LIMIT
2022-07-17,DECISION,AVAXUSDT,POSITION_LIMIT
2022-07-17,DECISION,BTCUSDT,POSITION_LIMIT
2022-07-17,DECISION,SANDUSDT,POSITION_LIMIT
2022-07-17,DECISION,XRPUSDT,POSITION_LIMIT
2022-07-17,DECISION,ATOMUSDT,POSITION_LIMIT
2022-07-18,DECISION,ATOMUSDT,POSITION_LIMIT
2022-07-18,DECISION,BTCUSDT,POSITION_LIMIT
2022-07-18,DECISION,ETHUSDT,POSITION_LIMIT
2022-07-18,DECISION,AVAXUSDT,POSITION_LIMIT
2022-07-18,DECISION,BNBUSDT,POSITION_LIMIT
2022-07-18,DECISION,APEUSDT,POSITION_LIMIT
2022-07-18,DECISION,ADAUSDT,POSITION_LIMIT
2022-07-18,DECISION,XRPUSDT,POSITION_LIMIT
2022-07-18,DECISION,DOTUSDT,POSITION_LIMIT
2022-07-18,DECISION,LINKUSDT,POSITION_LIMIT
2022-07-18,DECISION,NEARUSDT,POSITION_LIMIT
2022-07-18,DECISION,FTMUSDT,POSITION_LIMIT
2022-07-19,DECISION,ATOMUSDT,POSITION_LIMIT
2022-07-19,DECISION,BTCUSDT,POSITION_LIMIT
2022-07-19,DECISION,ETHUSDT,POSITION_LIMIT
2022-07-19,DECISION,AVAXUSDT,POSITION_LIMIT
2022-07-19,DECISION,BNBUSDT,POSITION_LIMIT
2022-07-19,DECISION,ADAUSDT,POSITION_LIMIT
2022-07-19,DECISION,APEUSDT,POSITION_LIMIT
2022-07-19,DECISION,XRPUSDT,POSITION_LIMIT
2022-07-19,DECISION,NEARUSDT,POSITION_LIMIT
2022-07-19,DECISION,FTMUSDT,POSITION_LIMIT
2022-07-19,DECISION,DOTUSDT,POSITION_LIMIT
2022-07-19,DECISION,LINKUSDT,POSITION_LIMIT
2022-07-19,DECISION,WAVESUSDT,POSITION_LIMIT
2022-07-20,DECISION,ATOMUSDT,POSITION_LIMIT
2022-07-20,DECISION,BTCUSDT,POSITION_LIMIT
2022-07-20,DECISION,ETHUSDT,POSITION_LIMIT
2022-07-20,DECISION,AVAXUSDT,POSITION_LIMIT
2022-07-20,DECISION,BNBUSDT,POSITION_LIMIT
2022-07-20,DECISION,ADAUSDT,POSITION_LIMIT
2022-07-20,DECISION,APEUSDT,POSITION_LIMIT
2022-07-20,DECISION,XRPUSDT,POSITION_LIMIT
2022-07-20,DECISION,NEARUSDT,POSITION_LIMIT
2022-07-20,DECISION,FTMUSDT,POSITION_LIMIT
2022-07-20,DECISION,DOTUSDT,POSITION_LIMIT
2022-07-20,DECISION,LINKUSDT,POSITION_LIMIT
2022-07-20,DECISION,WAVESUSDT,POSITION_LIMIT
2022-07-20,DECISION,DOGEUSDT,POSITION_LIMIT
2022-07-21,DECISION,1000SHIBUSDT,POSITION_LIMIT
2022-07-21,DECISION,ATOMUSDT,POSITION_LIMIT
2022-07-21,DECISION,BTCUSDT,POSITION_LIMIT
2022-07-21,DECISION,ETHUSDT,POSITION_LIMIT
2022-07-21,DECISION,AVAXUSDT,POSITION_LIMIT
2022-07-21,DECISION,BNBUSDT,POSITION_LIMIT
2022-07-21,DECISION,ADAUSDT,POSITION_LIMIT
2022-07-21,DECISION,XRPUSDT,POSITION_LIMIT
2022-07-21,DECISION,NEARUSDT,POSITION_LIMIT
2022-07-21,DECISION,FTMUSDT,POSITION_LIMIT
2022-07-21,DECISION,DOTUSDT,POSITION_LIMIT
2022-07-21,DECISION,LINKUSDT,POSITION_LIMIT
2022-07-21,DECISION,WAVESUSDT,POSITION_LIMIT
2022-07-21,DECISION,DOGEUSDT,POSITION_LIMIT
2022-07-22,DECISION,1000SHIBUSDT,POSITION_LIMIT
2022-07-22,DECISION,ATOMUSDT,POSITION_LIMIT
2022-07-22,DECISION,BTCUSDT,POSITION_LIMIT
2022-07-22,DECISION,ETHUSDT,POSITION_LIMIT
2022-07-22,DECISION,AVAXUSDT,POSITION_LIMIT
2022-07-22,DECISION,BNBUSDT,POSITION_LIMIT
2022-07-22,DECISION,ADAUSDT,POSITION_LIMIT
2022-07-22,DECISION,XRPUSDT,POSITION_LIMIT
2022-07-22,DECISION,NEARUSDT,POSITION_LIMIT
2022-07-22,DECISION,FTMUSDT,POSITION_LIMIT
2022-07-22,DECISION,DOTUSDT,POSITION_LIMIT
2022-07-22,DECISION,LINKUSDT,POSITION_LIMIT
2022-07-22,DECISION,WAVESUSDT,POSITION_LIMIT
2022-07-22,DECISION,DOGEUSDT,POSITION_LIMIT
2022-07-23,DECISION,BTCUSDT,POSITION_LIMIT
2022-07-23,DECISION,ETHUSDT,POSITION_LIMIT
2022-07-23,DECISION,SOLUSDT,POSITION_LIMIT
2022-07-23,DECISION,GMTUSDT,POSITION_LIMIT
2022-07-23,DECISION,ADAUSDT,POSITION_LIMIT
2022-07-23,DECISION,BNBUSDT,POSITION_LIMIT
2022-07-23,DECISION,XRPUSDT,POSITION_LIMIT
2022-07-23,DECISION,1000SHIBUSDT,POSITION_LIMIT
2022-07-23,DECISION,NEARUSDT,POSITION_LIMIT
2022-07-23,DECISION,AVAXUSDT,POSITION_LIMIT
2022-07-23,DECISION,DOTUSDT,POSITION_LIMIT
2022-07-23,DECISION,LINKUSDT,POSITION_LIMIT
2022-07-23,DECISION,WAVESUSDT,POSITION_LIMIT
2022-07-23,DECISION,DOGEUSDT,POSITION_LIMIT
2022-07-24,DECISION,BTCUSDT,POSITION_LIMIT
2022-07-24,DECISION,ETHUSDT,POSITION_LIMIT
2022-07-24,DECISION,SOLUSDT,POSITION_LIMIT
2022-07-24,DECISION,GMTUSDT,POSITION_LIMIT
2022-07-24,DECISION,ADAUSDT,POSITION_LIMIT
2022-07-24,DECISION,BNBUSDT,POSITION_LIMIT
2022-07-24,DECISION,XRPUSDT,POSITION_LIMIT
2022-07-24,DECISION,1000SHIBUSDT,POSITION_LIMIT
2022-07-24,DECISION,NEARUSDT,POSITION_LIMIT
2022-07-24,DECISION,AVAXUSDT,POSITION_LIMIT
2022-07-24,DECISION,DOTUSDT,POSITION_LIMIT
2022-07-24,DECISION,LINKUSDT,POSITION_LIMIT
2022-07-24,DECISION,DOGEUSDT,POSITION_LIMIT
2022-07-24,DECISION,WAVESUSDT,POSITION_LIMIT
2022-07-25,DECISION,DYDXUSDT,POSITION_LIMIT
2022-07-25,DECISION,BTCUSDT,POSITION_LIMIT
2022-07-25,DECISION,ETHUSDT,POSITION_LIMIT
2022-07-25,DECISION,SOLUSDT,POSITION_LIMIT
2022-07-25,DECISION,AVAXUSDT,POSITION_LIMIT
2022-07-25,DECISION,ADAUSDT,POSITION_LIMIT
2022-07-25,DECISION,BNBUSDT,POSITION_LIMIT
2022-07-25,DECISION,XRPUSDT,POSITION_LIMIT
2022-07-25,DECISION,1000SHIBUSDT,POSITION_LIMIT
2022-07-25,DECISION,NEARUSDT,POSITION_LIMIT
2022-07-25,DECISION,LINKUSDT,POSITION_LIMIT
2022-07-26,DECISION,DYDXUSDT,POSITION_LIMIT
2022-07-26,DECISION,ATOMUSDT,POSITION_LIMIT
2022-07-26,DECISION,BTCUSDT,POSITION_LIMIT
2022-07-26,DECISION,ETHUSDT,POSITION_LIMIT
2022-07-26,DECISION,SOLUSDT,POSITION_LIMIT
2022-07-26,DECISION,AVAXUSDT,POSITION_LIMIT
2022-07-26,DECISION,ADAUSDT,POSITION_LIMIT
2022-07-26,DECISION,BNBUSDT,POSITION_LIMIT
2022-07-26,DECISION,XRPUSDT,POSITION_LIMIT
2022-07-26,DECISION,1000SHIBUSDT,POSITION_LIMIT
2022-07-26,DECISION,NEARUSDT,POSITION_LIMIT
2022-07-27,DECISION,SANDUSDT,POSITION_LIMIT
2022-07-27,DECISION,DYDXUSDT,POSITION_LIMIT
2022-07-27,DECISION,FTMUSDT,POSITION_LIMIT
2022-07-27,DECISION,ATOMUSDT,POSITION_LIMIT
2022-07-27,DECISION,BTCUSDT,POSITION_LIMIT
2022-07-27,DECISION,SOLUSDT,POSITION_LIMIT
2022-07-27,DECISION,AVAXUSDT,POSITION_LIMIT
2022-07-27,DECISION,ADAUSDT,POSITION_LIMIT
2022-07-27,DECISION,XRPUSDT,POSITION_LIMIT
2022-07-27,DECISION,1000SHIBUSDT,POSITION_LIMIT
2022-07-27,DECISION,NEARUSDT,POSITION_LIMIT
2022-07-28,DECISION,XRPUSDT,POSITION_LIMIT
2022-07-28,DECISION,UNFIUSDT,POSITION_LIMIT
2022-07-28,DECISION,GMTUSDT,POSITION_LIMIT
2022-07-28,DECISION,SANDUSDT,POSITION_LIMIT
2022-07-28,DECISION,DOTUSDT,POSITION_LIMIT
2022-07-28,DECISION,DYDXUSDT,POSITION_LIMIT
2022-07-28,DECISION,FTMUSDT,POSITION_LIMIT
2022-07-28,DECISION,SOLUSDT,POSITION_LIMIT
2022-07-28,DECISION,AVAXUSDT,POSITION_LIMIT
2022-07-28,DECISION,ADAUSDT,POSITION_LIMIT
2022-07-28,DECISION,1000SHIBUSDT,POSITION_LIMIT
2022-07-28,DECISION,NEARUSDT,POSITION_LIMIT
2022-07-29,DECISION,APEUSDT,POSITION_LIMIT
2022-07-29,DECISION,BNBUSDT,POSITION_LIMIT
2022-07-29,DECISION,XRPUSDT,POSITION_LIMIT
2022-07-29,DECISION,LINKUSDT,POSITION_LIMIT
2022-07-29,DECISION,GMTUSDT,POSITION_LIMIT
2022-07-29,DECISION,ADAUSDT,POSITION_LIMIT
2022-07-29,DECISION,SANDUSDT,POSITION_LIMIT
2022-07-29,DECISION,DOTUSDT,POSITION_LIMIT
2022-07-29,DECISION,DYDXUSDT,POSITION_LIMIT
2022-07-29,DECISION,FTMUSDT,POSITION_LIMIT
2022-07-29,DECISION,SOLUSDT,POSITION_LIMIT
2022-07-29,DECISION,AVAXUSDT,POSITION_LIMIT
2022-07-29,DECISION,1000SHIBUSDT,POSITION_LIMIT
2022-07-29,DECISION,NEARUSDT,POSITION_LIMIT
2022-07-30,DECISION,APEUSDT,POSITION_LIMIT
2022-07-30,DECISION,BNBUSDT,POSITION_LIMIT
2022-07-30,DECISION,XRPUSDT,POSITION_LIMIT
2022-07-30,DECISION,LINKUSDT,POSITION_LIMIT
2022-07-30,DECISION,SOLUSDT,POSITION_LIMIT
2022-07-30,DECISION,GMTUSDT,POSITION_LIMIT
2022-07-30,DECISION,ADAUSDT,POSITION_LIMIT
2022-07-30,DECISION,SANDUSDT,POSITION_LIMIT
2022-07-30,DECISION,DOTUSDT,POSITION_LIMIT
2022-07-30,DECISION,DYDXUSDT,POSITION_LIMIT
2022-07-30,DECISION,FTMUSDT,POSITION_LIMIT
2022-07-30,DECISION,AVAXUSDT,POSITION_LIMIT
2022-07-30,DECISION,1000SHIBUSDT,POSITION_LIMIT
2022-07-30,DECISION,NEARUSDT,POSITION_LIMIT
2022-07-31,DECISION,ETHUSDT,POSITION_LIMIT
2022-07-31,DECISION,APEUSDT,POSITION_LIMIT
2022-07-31,DECISION,BNBUSDT,POSITION_LIMIT
2022-07-31,DECISION,XRPUSDT,POSITION_LIMIT
2022-07-31,DECISION,DOTUSDT,POSITION_LIMIT
2022-07-31,DECISION,LINKUSDT,POSITION_LIMIT
2022-07-31,DECISION,SOLUSDT,POSITION_LIMIT
2022-07-31,DECISION,GMTUSDT,POSITION_LIMIT
2022-07-31,DECISION,ADAUSDT,POSITION_LIMIT
2022-07-31,DECISION,SANDUSDT,POSITION_LIMIT
2022-07-31,DECISION,FTMUSDT,POSITION_LIMIT
2022-07-31,DECISION,AVAXUSDT,POSITION_LIMIT
2022-07-31,DECISION,1000SHIBUSDT,POSITION_LIMIT
2022-07-31,DECISION,NEARUSDT,POSITION_LIMIT
2022-08-01,DECISION,XRPUSDT,POSITION_LIMIT
2022-08-01,DECISION,DOTUSDT,POSITION_LIMIT
2022-08-01,DECISION,CRVUSDT,POSITION_LIMIT
2022-08-01,DECISION,LINKUSDT,POSITION_LIMIT
2022-08-01,DECISION,ETHUSDT,POSITION_LIMIT
2022-08-01,DECISION,SOLUSDT,POSITION_LIMIT
2022-08-01,DECISION,GMTUSDT,POSITION_LIMIT
2022-08-01,DECISION,ADAUSDT,POSITION_LIMIT
2022-08-01,DECISION,APEUSDT,POSITION_LIMIT
2022-08-01,DECISION,SANDUSDT,POSITION_LIMIT
2022-08-01,DECISION,1000SHIBUSDT,POSITION_LIMIT
2022-08-01,DECISION,FTMUSDT,POSITION_LIMIT
2022-08-01,DECISION,AVAXUSDT,POSITION_LIMIT
2022-08-01,DECISION,NEARUSDT,POSITION_LIMIT
2022-08-02,DECISION,DYDXUSDT,POSITION_LIMIT
2022-08-02,DECISION,CRVUSDT,POSITION_LIMIT
2022-08-02,DECISION,BTCUSDT,POSITION_LIMIT
2022-08-02,DECISION,ETHUSDT,POSITION_LIMIT
2022-08-02,DECISION,GMTUSDT,POSITION_LIMIT
2022-08-02,DECISION,APEUSDT,POSITION_LIMIT
2022-08-02,DECISION,SANDUSDT,POSITION_LIMIT
2022-08-02,DECISION,1000SHIBUSDT,POSITION_LIMIT
2022-08-02,DECISION,LINKUSDT,POSITION_LIMIT
2022-08-02,DECISION,FTMUSDT,POSITION_LIMIT
2022-08-02,DECISION,SOLUSDT,POSITION_LIMIT
2022-08-02,DECISION,AVAXUSDT,POSITION_LIMIT
2022-08-02,DECISION,ADAUSDT,POSITION_LIMIT
2022-08-02,DECISION,NEARUSDT,POSITION_LIMIT
2022-08-03,DECISION,DOTUSDT,POSITION_LIMIT
2022-08-03,DECISION,DYDXUSDT,POSITION_LIMIT
2022-08-03,DECISION,CRVUSDT,POSITION_LIMIT
2022-08-03,DECISION,BTCUSDT,POSITION_LIMIT
2022-08-03,DECISION,ETHUSDT,POSITION_LIMIT
2022-08-03,DECISION,GMTUSDT,POSITION_LIMIT
2022-08-03,DECISION,SANDUSDT,POSITION_LIMIT
2022-08-03,DECISION,1000SHIBUSDT,POSITION_LIMIT
2022-08-03,DECISION,NEARUSDT,POSITION_LIMIT
2022-08-03,DECISION,FTMUSDT,POSITION_LIMIT
2022-08-03,DECISION,LINKUSDT,POSITION_LIMIT
2022-08-03,DECISION,SOLUSDT,POSITION_LIMIT
2022-08-03,DECISION,AVAXUSDT,POSITION_LIMIT
2022-08-03,DECISION,ADAUSDT,POSITION_LIMIT
2022-08-04,DECISION,DOTUSDT,POSITION_LIMIT
2022-08-04,DECISION,DYDXUSDT,POSITION_LIMIT
2022-08-04,DECISION,CRVUSDT,POSITION_LIMIT
2022-08-04,DECISION,FTMUSDT,POSITION_LIMIT
2022-08-04,DECISION,BTCUSDT,POSITION_LIMIT
2022-08-04,DECISION,ETHUSDT,POSITION_LIMIT
2022-08-04,DECISION,GMTUSDT,POSITION_LIMIT
2022-08-04,DECISION,SANDUSDT,POSITION_LIMIT
2022-08-04,DECISION,1000SHIBUSDT,POSITION_LIMIT
2022-08-04,DECISION,NEARUSDT,POSITION_LIMIT
2022-08-04,DECISION,LINKUSDT,POSITION_LIMIT
2022-08-04,DECISION,SOLUSDT,POSITION_LIMIT
2022-08-04,DECISION,AVAXUSDT,POSITION_LIMIT
2022-08-04,DECISION,ADAUSDT,POSITION_LIMIT
2022-08-05,DECISION,MATICUSDT,POSITION_LIMIT
2022-08-05,DECISION,XRPUSDT,POSITION_LIMIT
2022-08-05,DECISION,DOTUSDT,POSITION_LIMIT
2022-08-05,DECISION,NEARUSDT,POSITION_LIMIT
2022-08-05,DECISION,DYDXUSDT,POSITION_LIMIT
2022-08-05,DECISION,CRVUSDT,POSITION_LIMIT
2022-08-05,DECISION,BTCUSDT,POSITION_LIMIT
2022-08-05,DECISION,GMTUSDT,POSITION_LIMIT
2022-08-05,DECISION,AVAXUSDT,POSITION_LIMIT
2022-08-05,DECISION,SANDUSDT,POSITION_LIMIT
2022-08-05,DECISION,1000SHIBUSDT,POSITION_LIMIT
2022-08-05,DECISION,LINKUSDT,POSITION_LIMIT
2022-08-05,DECISION,SOLUSDT,POSITION_LIMIT
2022-08-05,DECISION,ADAUSDT,POSITION_LIMIT
2022-08-06,DECISION,ETHUSDT,POSITION_LIMIT
2022-08-06,DECISION,MATICUSDT,POSITION_LIMIT
2022-08-06,DECISION,XRPUSDT,POSITION_LIMIT
2022-08-06,DECISION,DOTUSDT,POSITION_LIMIT
2022-08-06,DECISION,NEARUSDT,POSITION_LIMIT
2022-08-06,DECISION,DYDXUSDT,POSITION_LIMIT
2022-08-06,DECISION,CRVUSDT,POSITION_LIMIT
2022-08-06,DECISION,BTCUSDT,POSITION_LIMIT
2022-08-06,DECISION,GMTUSDT,POSITION_LIMIT
2022-08-06,DECISION,SANDUSDT,POSITION_LIMIT
2022-08-06,DECISION,1000SHIBUSDT,POSITION_LIMIT
2022-08-06,DECISION,LINKUSDT,POSITION_LIMIT
2022-08-06,DECISION,SOLUSDT,POSITION_LIMIT
2022-08-06,DECISION,ADAUSDT,POSITION_LIMIT
2022-08-07,DECISION,ETHUSDT,POSITION_LIMIT
2022-08-07,DECISION,MATICUSDT,POSITION_LIMIT
2022-08-07,DECISION,ADAUSDT,POSITION_LIMIT
2022-08-07,DECISION,XRPUSDT,POSITION_LIMIT
2022-08-07,DECISION,DOTUSDT,POSITION_LIMIT
2022-08-07,DECISION,NEARUSDT,POSITION_LIMIT
2022-08-07,DECISION,DYDXUSDT,POSITION_LIMIT
2022-08-07,DECISION,CRVUSDT,POSITION_LIMIT
2022-08-07,DECISION,LINKUSDT,POSITION_LIMIT
2022-08-07,DECISION,BTCUSDT,POSITION_LIMIT
2022-08-07,DECISION,GMTUSDT,POSITION_LIMIT
2022-08-07,DECISION,SANDUSDT,POSITION_LIMIT
2022-08-07,DECISION,1000SHIBUSDT,POSITION_LIMIT
2022-08-07,DECISION,SOLUSDT,POSITION_LIMIT
2022-08-08,DECISION,1000SHIBUSDT,POSITION_LIMIT
2022-08-08,DECISION,FTMUSDT,POSITION_LIMIT
2022-08-08,DECISION,DYDXUSDT,POSITION_LIMIT
2022-08-08,DECISION,BTCUSDT,POSITION_LIMIT
2022-08-08,DECISION,ETHUSDT,POSITION_LIMIT
2022-08-08,DECISION,MATICUSDT,POSITION_LIMIT
2022-08-08,DECISION,ADAUSDT,POSITION_LIMIT
2022-08-08,DECISION,XRPUSDT,POSITION_LIMIT
2022-08-08,DECISION,DOTUSDT,POSITION_LIMIT
2022-08-08,DECISION,CRVUSDT,POSITION_LIMIT
2022-08-08,DECISION,LINKUSDT,POSITION_LIMIT
2022-08-08,DECISION,GMTUSDT,POSITION_LIMIT
2022-08-08,DECISION,SANDUSDT,POSITION_LIMIT
2022-08-08,DECISION,SOLUSDT,POSITION_LIMIT
2022-08-09,DECISION,DYDXUSDT,POSITION_LIMIT
2022-08-09,DECISION,BTCUSDT,POSITION_LIMIT
2022-08-09,DECISION,ETHUSDT,POSITION_LIMIT
2022-08-09,DECISION,MATICUSDT,POSITION_LIMIT
2022-08-09,DECISION,APEUSDT,POSITION_LIMIT
2022-08-09,DECISION,ADAUSDT,POSITION_LIMIT
2022-08-09,DECISION,DOTUSDT,POSITION_LIMIT
2022-08-09,DECISION,LINKUSDT,POSITION_LIMIT
2022-08-09,DECISION,GMTUSDT,POSITION_LIMIT
2022-08-09,DECISION,SANDUSDT,POSITION_LIMIT
2022-08-09,DECISION,CRVUSDT,POSITION_LIMIT
2022-08-09,DECISION,SOLUSDT,POSITION_LIMIT
2022-08-09,DECISION,XRPUSDT,POSITION_LIMIT
2022-08-09,DECISION,DOGEUSDT,POSITION_LIMIT
2022-08-10,DECISION,1000SHIBUSDT,POSITION_LIMIT
2022-08-10,DECISION,FTMUSDT,POSITION_LIMIT
2022-08-10,DECISION,DYDXUSDT,POSITION_LIMIT
2022-08-10,DECISION,BTCUSDT,POSITION_LIMIT
2022-08-10,DECISION,ETHUSDT,POSITION_LIMIT
2022-08-10,DECISION,GMTUSDT,POSITION_LIMIT
2022-08-10,DECISION,APEUSDT,POSITION_LIMIT
2022-08-10,DECISION,ADAUSDT,POSITION_LIMIT
2022-08-10,DECISION,LINKUSDT,POSITION_LIMIT
2022-08-10,DECISION,SOLUSDT,POSITION_LIMIT
2022-08-10,DECISION,XRPUSDT,POSITION_LIMIT
2022-08-10,DECISION,SANDUSDT,POSITION_LIMIT
2022-08-10,DECISION,CRVUSDT,POSITION_LIMIT
2022-08-10,DECISION,DOGEUSDT,POSITION_LIMIT
2022-08-11,DECISION,DOTUSDT,POSITION_LIMIT
2022-08-11,DECISION,FTMUSDT,POSITION_LIMIT
2022-08-11,DECISION,1000SHIBUSDT,POSITION_LIMIT
2022-08-11,DECISION,BTCUSDT,POSITION_LIMIT
2022-08-11,DECISION,GMTUSDT,POSITION_LIMIT
2022-08-11,DECISION,APEUSDT,POSITION_LIMIT
2022-08-11,DECISION,ADAUSDT,POSITION_LIMIT
2022-08-11,DECISION,LINKUSDT,POSITION_LIMIT
2022-08-11,DECISION,DYDXUSDT,POSITION_LIMIT
2022-08-11,DECISION,SOLUSDT,POSITION_LIMIT
2022-08-11,DECISION,XRPUSDT,POSITION_LIMIT
2022-08-11,DECISION,SANDUSDT,POSITION_LIMIT
2022-08-11,DECISION,CRVUSDT,POSITION_LIMIT
2022-08-11,DECISION,DOGEUSDT,POSITION_LIMIT
2022-08-12,DECISION,NEARUSDT,POSITION_LIMIT
2022-08-12,DECISION,DOTUSDT,POSITION_LIMIT
2022-08-12,DECISION,1000SHIBUSDT,POSITION_LIMIT
2022-08-12,DECISION,FTMUSDT,POSITION_LIMIT
2022-08-12,DECISION,LINKUSDT,POSITION_LIMIT
2022-08-12,DECISION,BTCUSDT,POSITION_LIMIT
2022-08-12,DECISION,GMTUSDT,POSITION_LIMIT
2022-08-12,DECISION,APEUSDT,POSITION_LIMIT
2022-08-12,DECISION,ADAUSDT,POSITION_LIMIT
2022-08-12,DECISION,DYDXUSDT,POSITION_LIMIT
2022-08-12,DECISION,DOGEUSDT,POSITION_LIMIT
2022-08-12,DECISION,XRPUSDT,POSITION_LIMIT
2022-08-12,DECISION,SANDUSDT,POSITION_LIMIT
2022-08-12,DECISION,CRVUSDT,POSITION_LIMIT
2022-08-13,DECISION,NEARUSDT,POSITION_LIMIT
2022-08-13,DECISION,DOTUSDT,POSITION_LIMIT
2022-08-13,DECISION,FTMUSDT,POSITION_LIMIT
2022-08-13,DECISION,1000SHIBUSDT,POSITION_LIMIT
2022-08-13,DECISION,LINKUSDT,POSITION_LIMIT
2022-08-13,DECISION,BTCUSDT,POSITION_LIMIT
2022-08-13,DECISION,GMTUSDT,POSITION_LIMIT
2022-08-13,DECISION,ADAUSDT,POSITION_LIMIT
2022-08-13,DECISION,DYDXUSDT,POSITION_LIMIT
2022-08-13,DECISION,APEUSDT,POSITION_LIMIT
2022-08-13,DECISION,XRPUSDT,POSITION_LIMIT
2022-08-13,DECISION,SANDUSDT,POSITION_LIMIT
2022-08-13,DECISION,CRVUSDT,POSITION_LIMIT
2022-08-13,DECISION,FILUSDT,POSITION_LIMIT
2022-08-14,DECISION,DOTUSDT,POSITION_LIMIT
2022-08-14,DECISION,FTMUSDT,POSITION_LIMIT
2022-08-14,DECISION,1000SHIBUSDT,POSITION_LIMIT
2022-08-14,DECISION,LINKUSDT,POSITION_LIMIT
2022-08-14,DECISION,DOGEUSDT,POSITION_LIMIT
2022-08-14,DECISION,BTCUSDT,POSITION_LIMIT
2022-08-14,DECISION,BNBUSDT,POSITION_LIMIT
2022-08-14,DECISION,GMTUSDT,POSITION_LIMIT
2022-08-14,DECISION,ADAUSDT,POSITION_LIMIT
2022-08-14,DECISION,XRPUSDT,POSITION_LIMIT
2022-08-14,DECISION,FILUSDT,POSITION_LIMIT
2022-08-14,DECISION,SANDUSDT,POSITION_LIMIT
2022-08-14,DECISION,CRVUSDT,POSITION_LIMIT
2022-08-14,DECISION,APEUSDT,POSITION_LIMIT
2022-08-15,DECISION,BTCUSDT,POSITION_LIMIT
2022-08-15,DECISION,BNBUSDT,POSITION_LIMIT
2022-08-15,DECISION,AVAXUSDT,POSITION_LIMIT
2022-08-15,DECISION,GMTUSDT,POSITION_LIMIT
2022-08-15,DECISION,ADAUSDT,POSITION_LIMIT
2022-08-15,DECISION,NEARUSDT,POSITION_LIMIT
2022-08-15,DECISION,DOTUSDT,POSITION_LIMIT
2022-08-15,DECISION,FTMUSDT,POSITION_LIMIT
2022-08-15,DECISION,LINKUSDT,POSITION_LIMIT
2022-08-15,DECISION,FILUSDT,POSITION_LIMIT
2022-08-15,DECISION,SANDUSDT,POSITION_LIMIT
2022-08-15,DECISION,CRVUSDT,POSITION_LIMIT
2022-08-15,DECISION,APEUSDT,POSITION_LIMIT
2022-08-15,DECISION,XRPUSDT,POSITION_LIMIT
2022-08-16,DECISION,ETHUSDT,POSITION_LIMIT
2022-08-16,DECISION,BNBUSDT,POSITION_LIMIT
2022-08-16,DECISION,GMTUSDT,POSITION_LIMIT
2022-08-16,DECISION,AVAXUSDT,POSITION_LIMIT
2022-08-16,DECISION,ADAUSDT,POSITION_LIMIT
2022-08-16,DECISION,NEARUSDT,POSITION_LIMIT
2022-08-16,DECISION,DOTUSDT,POSITION_LIMIT
2022-08-16,DECISION,FTMUSDT,POSITION_LIMIT
2022-08-16,DECISION,LINKUSDT,POSITION_LIMIT
2022-08-16,DECISION,BTCUSDT,POSITION_LIMIT
2022-08-16,DECISION,FILUSDT,POSITION_LIMIT
2022-08-16,DECISION,APEUSDT,POSITION_LIMIT
2022-08-16,DECISION,XRPUSDT,POSITION_LIMIT
2022-08-16,DECISION,SANDUSDT,POSITION_LIMIT
2022-08-17,DECISION,NEARUSDT,POSITION_LIMIT
2022-08-17,DECISION,BTCUSDT,POSITION_LIMIT
2022-08-17,DECISION,MATICUSDT,POSITION_LIMIT
2022-08-17,DECISION,BNBUSDT,POSITION_LIMIT
2022-08-17,DECISION,GMTUSDT,POSITION_LIMIT
2022-08-17,DECISION,ADAUSDT,POSITION_LIMIT
2022-08-17,DECISION,AVAXUSDT,POSITION_LIMIT
2022-08-17,DECISION,FILUSDT,POSITION_LIMIT
2022-08-17,DECISION,DOTUSDT,POSITION_LIMIT
2022-08-17,DECISION,FTMUSDT,POSITION_LIMIT
2022-08-17,DECISION,LINKUSDT,POSITION_LIMIT
2022-08-17,DECISION,APEUSDT,POSITION_LIMIT
2022-08-17,DECISION,XRPUSDT,POSITION_LIMIT
2022-08-17,DECISION,SANDUSDT,POSITION_LIMIT
2022-08-18,DECISION,SOLUSDT,POSITION_LIMIT
2022-08-18,DECISION,BNBUSDT,POSITION_LIMIT
2022-08-18,DECISION,AVAXUSDT,POSITION_LIMIT
2022-08-18,DECISION,NEARUSDT,POSITION_LIMIT
2022-08-18,DECISION,DOTUSDT,POSITION_LIMIT
2022-08-18,DECISION,LINKUSDT,POSITION_LIMIT
2022-08-18,DECISION,GMTUSDT,POSITION_LIMIT
2022-08-18,DECISION,ADAUSDT,POSITION_LIMIT
2022-08-18,DECISION,FILUSDT,POSITION_LIMIT
2022-08-18,DECISION,XRPUSDT,POSITION_LIMIT
2022-08-18,DECISION,FTMUSDT,POSITION_LIMIT
2022-08-18,DECISION,MATICUSDT,POSITION_LIMIT
2022-08-18,DECISION,APEUSDT,POSITION_LIMIT
2022-08-19,DECISION,FILUSDT,POSITION_LIMIT
2022-08-19,DECISION,NEARUSDT,POSITION_LIMIT
2022-08-19,DECISION,AVAXUSDT,POSITION_LIMIT
2022-08-19,DECISION,DOTUSDT,POSITION_LIMIT
2022-08-19,DECISION,FTMUSDT,POSITION_LIMIT
2022-08-19,DECISION,LINKUSDT,POSITION_LIMIT
2022-08-20,DECISION,FILUSDT,POSITION_LIMIT
2022-08-20,DECISION,ETHUSDT,POSITION_LIMIT
2022-08-20,DECISION,AVAXUSDT,POSITION_LIMIT
2022-08-20,DECISION,NEARUSDT,POSITION_LIMIT
2022-08-20,DECISION,DOTUSDT,POSITION_LIMIT
2022-08-21,DECISION,FILUSDT,POSITION_LIMIT
2022-08-21,DECISION,ETHUSDT,POSITION_LIMIT
2022-08-21,DECISION,AVAXUSDT,POSITION_LIMIT
2022-08-21,DECISION,NEARUSDT,POSITION_LIMIT
2022-08-21,DECISION,DOTUSDT,POSITION_LIMIT
2022-08-21,DECISION,LINKUSDT,POSITION_LIMIT
2022-08-22,DECISION,FILUSDT,POSITION_LIMIT
2022-08-22,DECISION,ETHUSDT,POSITION_LIMIT
2022-08-22,DECISION,AVAXUSDT,POSITION_LIMIT
2022-08-22,DECISION,NEARUSDT,POSITION_LIMIT
2022-08-22,DECISION,DOTUSDT,POSITION_LIMIT
2022-08-22,DECISION,LINKUSDT,POSITION_LIMIT
2022-08-23,DECISION,FILUSDT,POSITION_LIMIT
2022-08-23,DECISION,ETHUSDT,POSITION_LIMIT
2022-08-23,DECISION,AVAXUSDT,POSITION_LIMIT
2022-08-23,DECISION,NEARUSDT,POSITION_LIMIT
2022-08-23,DECISION,DOTUSDT,POSITION_LIMIT
2022-08-23,DECISION,LINKUSDT,POSITION_LIMIT
2022-08-24,DECISION,FILUSDT,POSITION_LIMIT
2022-08-24,DECISION,ETHUSDT,POSITION_LIMIT
2022-08-24,DECISION,AVAXUSDT,POSITION_LIMIT
2022-08-24,DECISION,NEARUSDT,POSITION_LIMIT
2022-08-24,DECISION,DOTUSDT,POSITION_LIMIT
2022-08-24,DECISION,LINKUSDT,POSITION_LIMIT
2022-08-25,DECISION,FILUSDT,POSITION_LIMIT
2022-08-25,DECISION,ETHUSDT,POSITION_LIMIT
2022-08-25,DECISION,AVAXUSDT,POSITION_LIMIT
2022-08-25,DECISION,NEARUSDT,POSITION_LIMIT
2022-08-25,DECISION,DOTUSDT,POSITION_LIMIT
2022-08-25,DECISION,LINKUSDT,POSITION_LIMIT
2022-08-26,DECISION,ETHUSDT,POSITION_LIMIT
2022-08-26,DECISION,FILUSDT,POSITION_LIMIT
2022-08-26,DECISION,NEARUSDT,POSITION_LIMIT
2022-08-26,DECISION,DOTUSDT,POSITION_LIMIT
2022-08-26,DECISION,DOGEUSDT,POSITION_LIMIT
2022-08-27,DECISION,BNBUSDT,POSITION_LIMIT
2022-08-27,DECISION,FILUSDT,POSITION_LIMIT
2022-08-27,DECISION,NEARUSDT,POSITION_LIMIT
2022-08-27,DECISION,DOTUSDT,POSITION_LIMIT
2022-08-27,DECISION,DOGEUSDT,POSITION_LIMIT
2022-08-31,DECISION,NEARUSDT,POSITION_LIMIT
2022-08-31,DECISION,1000SHIBUSDT,POSITION_LIMIT
2022-09-01,DECISION,MATICUSDT,POSITION_LIMIT
2022-09-01,DECISION,NEARUSDT,POSITION_LIMIT
2022-09-01,DECISION,1000SHIBUSDT,POSITION_LIMIT
2022-09-02,DECISION,MATICUSDT,POSITION_LIMIT
2022-09-02,DECISION,NEARUSDT,POSITION_LIMIT
2022-09-02,DECISION,1000SHIBUSDT,POSITION_LIMIT
2022-09-03,DECISION,MATICUSDT,POSITION_LIMIT
2022-09-03,DECISION,ADAUSDT,POSITION_LIMIT
2022-09-03,DECISION,FILUSDT,POSITION_LIMIT
2022-09-03,DECISION,NEARUSDT,POSITION_LIMIT
2022-09-03,DECISION,1000SHIBUSDT,POSITION_LIMIT
2022-09-04,DECISION,MATICUSDT,POSITION_LIMIT
2022-09-04,DECISION,ADAUSDT,POSITION_LIMIT
2022-09-04,DECISION,FILUSDT,POSITION_LIMIT
2022-09-04,DECISION,NEARUSDT,POSITION_LIMIT
2022-09-04,DECISION,1000SHIBUSDT,POSITION_LIMIT
2022-09-05,DECISION,BNBUSDT,POSITION_LIMIT
2022-09-05,DECISION,MATICUSDT,POSITION_LIMIT
2022-09-05,DECISION,ADAUSDT,POSITION_LIMIT
2022-09-05,DECISION,FILUSDT,POSITION_LIMIT
2022-09-05,DECISION,NEARUSDT,POSITION_LIMIT
2022-09-05,DECISION,1000SHIBUSDT,POSITION_LIMIT
2022-09-06,DECISION,ADAUSDT,POSITION_LIMIT
2022-09-06,DECISION,1000SHIBUSDT,POSITION_LIMIT
2022-09-07,DECISION,SOLUSDT,POSITION_LIMIT
2022-09-07,DECISION,ADAUSDT,POSITION_LIMIT
2022-09-07,DECISION,NEARUSDT,POSITION_LIMIT
2022-09-07,DECISION,1000SHIBUSDT,POSITION_LIMIT
2022-09-07,DECISION,XRPUSDT,POSITION_LIMIT
2022-09-08,DECISION,ETHUSDT,POSITION_LIMIT
2022-09-08,DECISION,SOLUSDT,POSITION_LIMIT
2022-09-08,DECISION,ADAUSDT,POSITION_LIMIT
2022-09-08,DECISION,1000SHIBUSDT,POSITION_LIMIT
2022-09-08,DECISION,XRPUSDT,POSITION_LIMIT
2022-09-08,DECISION,DOTUSDT,POSITION_LIMIT
2022-09-09,DECISION,1000SHIBUSDT,POSITION_LIMIT
2022-09-09,DECISION,XRPUSDT,POSITION_LIMIT
2022-09-09,DECISION,TRBUSDT,POSITION_LIMIT
2022-09-09,DECISION,DOTUSDT,POSITION_LIMIT
2022-09-09,DECISION,BTCUSDT,POSITION_LIMIT
2022-09-09,DECISION,SOLUSDT,POSITION_LIMIT
2022-09-09,DECISION,BNBUSDT,POSITION_LIMIT
2022-09-09,DECISION,ADAUSDT,POSITION_LIMIT
2022-09-09,DECISION,AVAXUSDT,POSITION_LIMIT
2022-09-09,DECISION,GMTUSDT,POSITION_LIMIT
2022-09-09,DECISION,DOGEUSDT,POSITION_LIMIT
2022-09-09,DECISION,APEUSDT,POSITION_LIMIT
2022-09-10,DECISION,ETCUSDT,POSITION_LIMIT
2022-09-10,DECISION,MATICUSDT,POSITION_LIMIT
2022-09-10,DECISION,ADAUSDT,POSITION_LIMIT
2022-09-10,DECISION,NEARUSDT,POSITION_LIMIT
2022-09-10,DECISION,1000SHIBUSDT,POSITION_LIMIT
2022-09-10,DECISION,XRPUSDT,POSITION_LIMIT
2022-09-10,DECISION,DOTUSDT,POSITION_LIMIT
2022-09-10,DECISION,TRBUSDT,POSITION_LIMIT
2022-09-10,DECISION,SOLUSDT,POSITION_LIMIT
2022-09-10,DECISION,BNBUSDT,POSITION_LIMIT
2022-09-10,DECISION,AVAXUSDT,POSITION_LIMIT
2022-09-10,DECISION,GMTUSDT,POSITION_LIMIT
2022-09-10,DECISION,DOGEUSDT,POSITION_LIMIT
2022-09-11,DECISION,MATICUSDT,POSITION_LIMIT
2022-09-11,DECISION,ADAUSDT,POSITION_LIMIT
2022-09-11,DECISION,1000SHIBUSDT,POSITION_LIMIT
2022-09-11,DECISION,NEARUSDT,POSITION_LIMIT
2022-09-11,DECISION,XRPUSDT,POSITION_LIMIT
2022-09-11,DECISION,DOTUSDT,POSITION_LIMIT
2022-09-11,DECISION,TRBUSDT,POSITION_LIMIT
2022-09-11,DECISION,APEUSDT,POSITION_LIMIT
2022-09-11,DECISION,LTCUSDT,POSITION_LIMIT
2022-09-11,DECISION,SOLUSDT,POSITION_LIMIT
2022-09-11,DECISION,BNBUSDT,POSITION_LIMIT
2022-09-11,DECISION,AVAXUSDT,POSITION_LIMIT
2022-09-11,DECISION,GMTUSDT,POSITION_LIMIT
2022-09-12,DECISION,SOLUSDT,POSITION_LIMIT
2022-09-12,DECISION,MATICUSDT,POSITION_LIMIT
2022-09-12,DECISION,ADAUSDT,POSITION_LIMIT
2022-09-12,DECISION,1000SHIBUSDT,POSITION_LIMIT
2022-09-12,DECISION,NEARUSDT,POSITION_LIMIT
2022-09-12,DECISION,XRPUSDT,POSITION_LIMIT
2022-09-12,DECISION,FILUSDT,POSITION_LIMIT
2022-09-12,DECISION,DOTUSDT,POSITION_LIMIT
2022-09-12,DECISION,APEUSDT,POSITION_LIMIT
2022-09-12,DECISION,LTCUSDT,POSITION_LIMIT
2022-09-12,DECISION,TRBUSDT,POSITION_LIMIT
2022-09-12,DECISION,BNBUSDT,POSITION_LIMIT
2022-09-12,DECISION,AVAXUSDT,POSITION_LIMIT
2022-09-12,DECISION,GMTUSDT,POSITION_LIMIT
2022-09-13,DECISION,APEUSDT,POSITION_LIMIT
2022-09-13,DECISION,LTCUSDT,POSITION_LIMIT
2022-09-13,DECISION,ETHUSDT,POSITION_LIMIT
2022-09-13,DECISION,ETCUSDT,POSITION_LIMIT
2022-09-13,DECISION,SOLUSDT,POSITION_LIMIT
2022-09-13,DECISION,ADAUSDT,POSITION_LIMIT
2022-09-13,DECISION,GMTUSDT,POSITION_LIMIT
2022-09-13,DECISION,1000SHIBUSDT,POSITION_LIMIT
2022-09-13,DECISION,NEARUSDT,POSITION_LIMIT
2022-09-13,DECISION,XRPUSDT,POSITION_LIMIT
2022-09-13,DECISION,DOTUSDT,POSITION_LIMIT
2022-09-13,DECISION,TRBUSDT,POSITION_LIMIT
2022-09-14,DECISION,LTCUSDT,POSITION_LIMIT
2022-09-14,DECISION,APEUSDT,POSITION_LIMIT
2022-09-14,DECISION,ETHUSDT,POSITION_LIMIT
2022-09-14,DECISION,ETCUSDT,POSITION_LIMIT
2022-09-14,DECISION,SOLUSDT,POSITION_LIMIT
2022-09-14,DECISION,ADAUSDT,POSITION_LIMIT
2022-09-14,DECISION,GMTUSDT,POSITION_LIMIT
2022-09-14,DECISION,NEARUSDT,POSITION_LIMIT
2022-09-14,DECISION,1000SHIBUSDT,POSITION_LIMIT
2022-09-14,DECISION,XRPUSDT,POSITION_LIMIT
2022-09-14,DECISION,DOTUSDT,POSITION_LIMIT
2022-09-14,DECISION,TRBUSDT,POSITION_LIMIT
2022-09-15,DECISION,ADAUSDT,POSITION_LIMIT
2022-09-15,DECISION,MATICUSDT,POSITION_LIMIT
2022-09-15,DECISION,GMTUSDT,POSITION_LIMIT
2022-09-15,DECISION,NEARUSDT,POSITION_LIMIT
2022-09-15,DECISION,XRPUSDT,POSITION_LIMIT
2022-09-15,DECISION,LTCUSDT,POSITION_LIMIT
2022-09-15,DECISION,FILUSDT,POSITION_LIMIT
2022-09-15,DECISION,DOTUSDT,POSITION_LIMIT
2022-09-15,DECISION,APEUSDT,POSITION_LIMIT
2022-09-15,DECISION,TRBUSDT,POSITION_LIMIT
2022-09-16,FILL,BTCUSDT,BELOW_EXCHANGE_MINIMUM_NOTIONAL
2022-09-16,DECISION,ADAUSDT,POSITION_LIMIT
2022-09-16,DECISION,NEARUSDT,POSITION_LIMIT
2022-09-16,DECISION,XRPUSDT,POSITION_LIMIT
2022-09-16,DECISION,LTCUSDT,POSITION_LIMIT
2022-09-16,DECISION,DOTUSDT,POSITION_LIMIT
2022-09-16,DECISION,APEUSDT,POSITION_LIMIT
2022-09-16,DECISION,FILUSDT,POSITION_LIMIT
2022-09-16,DECISION,TRBUSDT,POSITION_LIMIT
2022-09-17,FILL,BTCUSDT,BELOW_EXCHANGE_MINIMUM_NOTIONAL
2022-09-17,DECISION,SOLUSDT,POSITION_LIMIT
2022-09-17,DECISION,ADAUSDT,POSITION_LIMIT
2022-09-17,DECISION,NEARUSDT,POSITION_LIMIT
2022-09-17,DECISION,LTCUSDT,POSITION_LIMIT
2022-09-17,DECISION,APEUSDT,POSITION_LIMIT
2022-09-17,DECISION,DOTUSDT,POSITION_LIMIT
2022-09-17,DECISION,FILUSDT,POSITION_LIMIT
2022-09-17,DECISION,TRBUSDT,POSITION_LIMIT
2022-09-18,FILL,BTCUSDT,BELOW_EXCHANGE_MINIMUM_NOTIONAL
2022-09-18,DECISION,APEUSDT,POSITION_LIMIT
2022-09-19,FILL,BTCUSDT,BELOW_EXCHANGE_MINIMUM_NOTIONAL
2022-09-19,DECISION,BTCUSDT,POSITION_LIMIT
2022-09-21,DECISION,LINKUSDT,POSITION_LIMIT
2022-09-22,DECISION,LINKUSDT,POSITION_LIMIT
2022-09-23,DECISION,LINKUSDT,POSITION_LIMIT
2022-09-24,DECISION,LINKUSDT,POSITION_LIMIT
2022-09-26,DECISION,LINKUSDT,POSITION_LIMIT
2022-09-27,DECISION,GMTUSDT,POSITION_LIMIT
2022-09-27,DECISION,LINKUSDT,POSITION_LIMIT
2022-09-28,DECISION,BNBUSDT,POSITION_LIMIT
2022-09-28,DECISION,GMTUSDT,POSITION_LIMIT
2022-09-28,DECISION,LINKUSDT,POSITION_LIMIT
2022-09-29,DECISION,SOLUSDT,POSITION_LIMIT
2022-09-29,DECISION,BNBUSDT,POSITION_LIMIT
2022-09-29,DECISION,GMTUSDT,POSITION_LIMIT
2022-09-29,DECISION,LINKUSDT,POSITION_LIMIT
2022-09-30,FILL,BTCUSDT,BELOW_EXCHANGE_MINIMUM_NOTIONAL
2022-09-30,DECISION,SOLUSDT,POSITION_LIMIT
2022-09-30,DECISION,BNBUSDT,POSITION_LIMIT
2022-09-30,DECISION,LINKUSDT,POSITION_LIMIT
2022-09-30,DECISION,GMTUSDT,POSITION_LIMIT
2022-09-30,DECISION,1000SHIBUSDT,POSITION_LIMIT
2022-10-01,FILL,BTCUSDT,BELOW_EXCHANGE_MINIMUM_NOTIONAL
2022-10-01,DECISION,APEUSDT,POSITION_LIMIT
2022-10-01,DECISION,LINKUSDT,POSITION_LIMIT
2022-10-01,DECISION,GMTUSDT,POSITION_LIMIT
2022-10-01,DECISION,1000SHIBUSDT,POSITION_LIMIT
2022-10-02,FILL,BTCUSDT,BELOW_EXCHANGE_MINIMUM_NOTIONAL
2022-10-03,DECISION,MATICUSDT,POSITION_LIMIT
2022-10-03,DECISION,LINKUSDT,POSITION_LIMIT
2022-10-04,DECISION,ETHUSDT,POSITION_LIMIT
2022-10-04,DECISION,SOLUSDT,POSITION_LIMIT
2022-10-04,DECISION,MATICUSDT,POSITION_LIMIT
2022-10-04,DECISION,LINKUSDT,POSITION_LIMIT
2022-10-04,DECISION,1000SHIBUSDT,POSITION_LIMIT
2022-10-04,DECISION,LTCUSDT,POSITION_LIMIT
2022-10-05,DECISION,MATICUSDT,POSITION_LIMIT
2022-10-05,DECISION,ETHUSDT,POSITION_LIMIT
2022-10-05,DECISION,SOLUSDT,POSITION_LIMIT
2022-10-05,DECISION,LINKUSDT,POSITION_LIMIT
2022-10-05,DECISION,1000SHIBUSDT,POSITION_LIMIT
2022-10-05,DECISION,NEARUSDT,POSITION_LIMIT
2022-10-05,DECISION,LTCUSDT,POSITION_LIMIT
2022-10-06,DECISION,MATICUSDT,POSITION_LIMIT
2022-10-06,DECISION,ETHUSDT,POSITION_LIMIT
2022-10-06,DECISION,SOLUSDT,POSITION_LIMIT
2022-10-06,DECISION,LINKUSDT,POSITION_LIMIT
2022-10-06,DECISION,1000SHIBUSDT,POSITION_LIMIT
2022-10-06,DECISION,NEARUSDT,POSITION_LIMIT
2022-10-06,DECISION,LTCUSDT,POSITION_LIMIT
2022-10-07,DECISION,MATICUSDT,POSITION_LIMIT
2022-10-07,DECISION,ETHUSDT,POSITION_LIMIT
2022-10-07,DECISION,SOLUSDT,POSITION_LIMIT
2022-10-07,DECISION,BNBUSDT,POSITION_LIMIT
2022-10-07,DECISION,LINKUSDT,POSITION_LIMIT
2022-10-07,DECISION,1000SHIBUSDT,POSITION_LIMIT
2022-10-07,DECISION,NEARUSDT,POSITION_LIMIT
2022-10-08,DECISION,BTCUSDT,POSITION_LIMIT
2022-10-08,DECISION,LINKUSDT,POSITION_LIMIT
2022-10-09,DECISION,BTCUSDT,POSITION_LIMIT
2022-10-09,DECISION,LINKUSDT,POSITION_LIMIT
2022-10-10,DECISION,MATICUSDT,POSITION_LIMIT
2022-10-10,DECISION,LINKUSDT,POSITION_LIMIT
2022-10-11,DECISION,MATICUSDT,POSITION_LIMIT
2022-10-11,DECISION,LINKUSDT,POSITION_LIMIT
2022-10-12,DECISION,MATICUSDT,POSITION_LIMIT
2022-10-12,DECISION,LINKUSDT,POSITION_LIMIT
2022-10-13,FILL,BTCUSDT,BELOW_EXCHANGE_MINIMUM_NOTIONAL
2022-10-17,FILL,BTCUSDT,BELOW_EXCHANGE_MINIMUM_NOTIONAL
2022-10-17,DECISION,ATOMUSDT,POSITION_LIMIT
2022-10-17,DECISION,MATICUSDT,POSITION_LIMIT
2022-10-18,DECISION,CHZUSDT,POSITION_LIMIT
2022-10-18,DECISION,ATOMUSDT,POSITION_LIMIT
2022-10-19,DECISION,CHZUSDT,POSITION_LIMIT
2022-10-19,DECISION,ATOMUSDT,POSITION_LIMIT
2022-10-20,DECISION,ATOMUSDT,POSITION_LIMIT
2022-10-21,DECISION,ATOMUSDT,POSITION_LIMIT
2022-10-21,DECISION,EOSUSDT,POSITION_LIMIT
2022-10-22,DECISION,EOSUSDT,POSITION_LIMIT
2022-10-22,DECISION,ATOMUSDT,POSITION_LIMIT
2022-10-23,DECISION,BTCUSDT,POSITION_LIMIT
2022-10-23,DECISION,BNBUSDT,POSITION_LIMIT
2022-10-23,DECISION,CHZUSDT,POSITION_LIMIT
2022-10-23,DECISION,EOSUSDT,POSITION_LIMIT
2022-10-23,DECISION,ATOMUSDT,POSITION_LIMIT
2022-10-23,DECISION,DOGEUSDT,POSITION_LIMIT
2022-10-23,DECISION,APEUSDT,POSITION_LIMIT
2022-10-24,DECISION,BTCUSDT,POSITION_LIMIT
2022-10-24,DECISION,BNBUSDT,POSITION_LIMIT
2022-10-24,DECISION,RSRUSDT,POSITION_LIMIT
2022-10-24,DECISION,ATOMUSDT,POSITION_LIMIT
2022-10-24,DECISION,EOSUSDT,POSITION_LIMIT
2022-10-24,DECISION,DOGEUSDT,POSITION_LIMIT
2022-10-24,DECISION,APEUSDT,POSITION_LIMIT
2022-10-25,DECISION,BTCUSDT,POSITION_LIMIT
2022-10-25,DECISION,ETCUSDT,POSITION_LIMIT
2022-10-25,DECISION,BNBUSDT,POSITION_LIMIT
2022-10-25,DECISION,ADAUSDT,POSITION_LIMIT
2022-10-25,DECISION,RSRUSDT,POSITION_LIMIT
2022-10-25,DECISION,ATOMUSDT,POSITION_LIMIT
2022-10-25,DECISION,EOSUSDT,POSITION_LIMIT
2022-10-25,DECISION,DOGEUSDT,POSITION_LIMIT
2022-10-25,DECISION,APEUSDT,POSITION_LIMIT
2022-10-25,DECISION,DOTUSDT,POSITION_LIMIT
2022-10-26,DECISION,XRPUSDT,POSITION_LIMIT
2022-10-26,DECISION,BNBUSDT,POSITION_LIMIT
2022-10-26,DECISION,CHZUSDT,POSITION_LIMIT
2022-10-26,DECISION,SOLUSDT,POSITION_LIMIT
2022-10-26,DECISION,ETCUSDT,POSITION_LIMIT
2022-10-26,DECISION,ADAUSDT,POSITION_LIMIT
2022-10-26,DECISION,RSRUSDT,POSITION_LIMIT
2022-10-26,DECISION,ATOMUSDT,POSITION_LIMIT
2022-10-26,DECISION,EOSUSDT,POSITION_LIMIT
2022-10-26,DECISION,DOTUSDT,POSITION_LIMIT
2022-10-26,DECISION,APEUSDT,POSITION_LIMIT
2022-10-27,DECISION,XRPUSDT,POSITION_LIMIT
2022-10-27,DECISION,BNBUSDT,POSITION_LIMIT
2022-10-27,DECISION,CHZUSDT,POSITION_LIMIT
2022-10-27,DECISION,ATOMUSDT,POSITION_LIMIT
2022-10-27,DECISION,SOLUSDT,POSITION_LIMIT
2022-10-27,DECISION,ETCUSDT,POSITION_LIMIT
2022-10-27,DECISION,ADAUSDT,POSITION_LIMIT
2022-10-27,DECISION,RSRUSDT,POSITION_LIMIT
2022-10-27,DECISION,EOSUSDT,POSITION_LIMIT
2022-10-27,DECISION,DOTUSDT,POSITION_LIMIT
2022-10-27,DECISION,APEUSDT,POSITION_LIMIT
2022-10-28,DECISION,REEFUSDT,POSITION_LIMIT
2022-10-28,DECISION,BTCUSDT,POSITION_LIMIT
2022-10-28,DECISION,ETHUSDT,POSITION_LIMIT
2022-10-28,DECISION,DOTUSDT,POSITION_LIMIT
2022-10-28,DECISION,CHZUSDT,POSITION_LIMIT
2022-10-28,DECISION,EOSUSDT,POSITION_LIMIT
2022-10-28,DECISION,SOLUSDT,POSITION_LIMIT
2022-10-28,DECISION,ETCUSDT,POSITION_LIMIT
2022-10-28,DECISION,ADAUSDT,POSITION_LIMIT
2022-10-28,DECISION,RSRUSDT,POSITION_LIMIT
2022-10-28,DECISION,APEUSDT,POSITION_LIMIT
2022-10-29,DECISION,ATOMUSDT,POSITION_LIMIT
2022-10-29,DECISION,ETHUSDT,POSITION_LIMIT
2022-10-29,DECISION,REEFUSDT,POSITION_LIMIT
2022-10-29,DECISION,DOTUSDT,POSITION_LIMIT
2022-10-29,DECISION,CHZUSDT,POSITION_LIMIT
2022-10-29,DECISION,LINKUSDT,POSITION_LIMIT
2022-10-29,DECISION,EOSUSDT,POSITION_LIMIT
2022-10-29,DECISION,RSRUSDT,POSITION_LIMIT
2022-10-29,DECISION,SOLUSDT,POSITION_LIMIT
2022-10-29,DECISION,ETCUSDT,POSITION_LIMIT
2022-10-29,DECISION,ADAUSDT,POSITION_LIMIT
2022-10-29,DECISION,GMTUSDT,POSITION_LIMIT
2022-10-29,DECISION,NEARUSDT,POSITION_LIMIT
2022-10-29,DECISION,APEUSDT,POSITION_LIMIT
2022-10-30,DECISION,ETHUSDT,POSITION_LIMIT
2022-10-30,DECISION,XRPUSDT,POSITION_LIMIT
2022-10-30,DECISION,CHZUSDT,POSITION_LIMIT
2022-10-30,DECISION,DOTUSDT,POSITION_LIMIT
2022-10-30,DECISION,REEFUSDT,POSITION_LIMIT
2022-10-30,DECISION,SOLUSDT,POSITION_LIMIT
2022-10-30,DECISION,LINKUSDT,POSITION_LIMIT
2022-10-30,DECISION,EOSUSDT,POSITION_LIMIT
2022-10-30,DECISION,RSRUSDT,POSITION_LIMIT
2022-10-30,DECISION,ADAUSDT,POSITION_LIMIT
2022-10-30,DECISION,GMTUSDT,POSITION_LIMIT
2022-10-30,DECISION,NEARUSDT,POSITION_LIMIT
2022-10-30,DECISION,APEUSDT,POSITION_LIMIT
2022-10-31,DECISION,AVAXUSDT,POSITION_LIMIT
2022-10-31,DECISION,ETHUSDT,POSITION_LIMIT
2022-10-31,DECISION,XRPUSDT,POSITION_LIMIT
2022-10-31,DECISION,CHZUSDT,POSITION_LIMIT
2022-10-31,DECISION,REEFUSDT,POSITION_LIMIT
2022-10-31,DECISION,DOTUSDT,POSITION_LIMIT
2022-10-31,DECISION,SOLUSDT,POSITION_LIMIT
2022-10-31,DECISION,LINKUSDT,POSITION_LIMIT
2022-10-31,DECISION,EOSUSDT,POSITION_LIMIT
2022-10-31,DECISION,ADAUSDT,POSITION_LIMIT
2022-10-31,DECISION,GMTUSDT,POSITION_LIMIT
2022-10-31,DECISION,NEARUSDT,POSITION_LIMIT
2022-10-31,DECISION,APEUSDT,POSITION_LIMIT
2022-11-01,DECISION,ATOMUSDT,POSITION_LIMIT
2022-11-01,DECISION,AVAXUSDT,POSITION_LIMIT
2022-11-01,DECISION,ETHUSDT,POSITION_LIMIT
2022-11-01,DECISION,XRPUSDT,POSITION_LIMIT
2022-11-01,DECISION,REEFUSDT,POSITION_LIMIT
2022-11-01,DECISION,DOTUSDT,POSITION_LIMIT
2022-11-01,DECISION,SOLUSDT,POSITION_LIMIT
2022-11-01,DECISION,LINKUSDT,POSITION_LIMIT
2022-11-01,DECISION,EOSUSDT,POSITION_LIMIT
2022-11-01,DECISION,ADAUSDT,POSITION_LIMIT
2022-11-01,DECISION,GMTUSDT,POSITION_LIMIT
2022-11-01,DECISION,NEARUSDT,POSITION_LIMIT
2022-11-02,DECISION,XRPUSDT,POSITION_LIMIT
2022-11-02,DECISION,MATICUSDT,POSITION_LIMIT
2022-11-02,DECISION,ATOMUSDT,POSITION_LIMIT
2022-11-02,DECISION,REEFUSDT,POSITION_LIMIT
2022-11-02,DECISION,AVAXUSDT,POSITION_LIMIT
2022-11-02,DECISION,ETHUSDT,POSITION_LIMIT
2022-11-02,DECISION,LINKUSDT,POSITION_LIMIT
2022-11-02,DECISION,EOSUSDT,POSITION_LIMIT
2022-11-02,DECISION,DOTUSDT,POSITION_LIMIT
2022-11-02,DECISION,SOLUSDT,POSITION_LIMIT
2022-11-03,DECISION,XRPUSDT,POSITION_LIMIT
2022-11-03,DECISION,ATOMUSDT,POSITION_LIMIT
2022-11-03,DECISION,1000SHIBUSDT,POSITION_LIMIT
2022-11-03,DECISION,REEFUSDT,POSITION_LIMIT
2022-11-03,DECISION,AVAXUSDT,POSITION_LIMIT
2022-11-03,DECISION,ETHUSDT,POSITION_LIMIT
2022-11-03,DECISION,LINKUSDT,POSITION_LIMIT
2022-11-03,DECISION,EOSUSDT,POSITION_LIMIT
2022-11-03,DECISION,DOTUSDT,POSITION_LIMIT
2022-11-03,DECISION,SOLUSDT,POSITION_LIMIT
2022-11-04,DECISION,ATOMUSDT,POSITION_LIMIT
2022-11-04,DECISION,BTCUSDT,POSITION_LIMIT
2022-11-04,DECISION,ETHUSDT,POSITION_LIMIT
2022-11-04,DECISION,CHZUSDT,POSITION_LIMIT
2022-11-04,DECISION,DOTUSDT,POSITION_LIMIT
2022-11-04,DECISION,EOSUSDT,POSITION_LIMIT
2022-11-04,DECISION,1000SHIBUSDT,POSITION_LIMIT
2022-11-04,DECISION,REEFUSDT,POSITION_LIMIT
2022-11-04,DECISION,SOLUSDT,POSITION_LIMIT
2022-11-04,DECISION,ADAUSDT,POSITION_LIMIT
2022-11-04,DECISION,NEARUSDT,POSITION_LIMIT
2022-11-05,DECISION,ATOMUSDT,POSITION_LIMIT
2022-11-05,DECISION,BTCUSDT,POSITION_LIMIT
2022-11-05,DECISION,ETHUSDT,POSITION_LIMIT
2022-11-05,DECISION,SOLUSDT,POSITION_LIMIT
2022-11-05,DECISION,CHZUSDT,POSITION_LIMIT
2022-11-05,DECISION,AVAXUSDT,POSITION_LIMIT
2022-11-05,DECISION,EOSUSDT,POSITION_LIMIT
2022-11-05,DECISION,1000SHIBUSDT,POSITION_LIMIT
2022-11-05,DECISION,REEFUSDT,POSITION_LIMIT
2022-11-05,DECISION,ETCUSDT,POSITION_LIMIT
2022-11-05,DECISION,ADAUSDT,POSITION_LIMIT
2022-11-05,DECISION,NEARUSDT,POSITION_LIMIT
2022-11-05,DECISION,APEUSDT,POSITION_LIMIT
2022-11-05,DECISION,GMTUSDT,POSITION_LIMIT
2022-11-06,DECISION,LINKUSDT,POSITION_LIMIT
2022-11-06,DECISION,ATOMUSDT,POSITION_LIMIT
2022-11-06,DECISION,BTCUSDT,POSITION_LIMIT
2022-11-06,DECISION,ETHUSDT,POSITION_LIMIT
2022-11-06,DECISION,SOLUSDT,POSITION_LIMIT
2022-11-06,DECISION,AVAXUSDT,POSITION_LIMIT
2022-11-06,DECISION,DOTUSDT,POSITION_LIMIT
2022-11-06,DECISION,1000SHIBUSDT,POSITION_LIMIT
2022-11-06,DECISION,ETCUSDT,POSITION_LIMIT
2022-11-06,DECISION,ADAUSDT,POSITION_LIMIT
2022-11-06,DECISION,NEARUSDT,POSITION_LIMIT
2022-11-06,DECISION,EOSUSDT,POSITION_LIMIT
2022-11-06,DECISION,APEUSDT,POSITION_LIMIT
2022-11-06,DECISION,GMTUSDT,POSITION_LIMIT
2022-11-07,DECISION,LINKUSDT,POSITION_LIMIT
2022-11-07,DECISION,ATOMUSDT,POSITION_LIMIT
2022-11-07,DECISION,BTCUSDT,POSITION_LIMIT
2022-11-07,DECISION,ETHUSDT,POSITION_LIMIT
2022-11-07,DECISION,AVAXUSDT,POSITION_LIMIT
2022-11-07,DECISION,DOTUSDT,POSITION_LIMIT
2022-11-07,DECISION,1000SHIBUSDT,POSITION_LIMIT
2022-11-07,DECISION,SOLUSDT,POSITION_LIMIT
2022-11-07,DECISION,ETCUSDT,POSITION_LIMIT
2022-11-07,DECISION,ADAUSDT,POSITION_LIMIT
2022-11-07,DECISION,GMTUSDT,POSITION_LIMIT
2022-11-07,DECISION,NEARUSDT,POSITION_LIMIT
2022-11-07,DECISION,EOSUSDT,POSITION_LIMIT
2022-11-07,DECISION,APEUSDT,POSITION_LIMIT
2022-11-08,DECISION,ATOMUSDT,POSITION_LIMIT
2022-11-08,DECISION,XRPUSDT,POSITION_LIMIT
2022-11-08,DECISION,GMTUSDT,POSITION_LIMIT
2022-11-08,DECISION,1000SHIBUSDT,POSITION_LIMIT
2022-11-08,DECISION,OPUSDT,POSITION_LIMIT
2022-11-08,DECISION,AVAXUSDT,POSITION_LIMIT
2022-11-08,DECISION,ETHUSDT,POSITION_LIMIT
2022-11-11,FILL,OPUSDT,BELOW_EXCHANGE_MINIMUM_NOTIONAL
2022-11-12,FILL,OPUSDT,BELOW_EXCHANGE_MINIMUM_NOTIONAL
2022-11-12,DECISION,OPUSDT,POSITION_LIMIT
2022-11-13,DECISION,OPUSDT,POSITION_LIMIT
2022-11-14,DECISION,OPUSDT,POSITION_LIMIT
2022-11-15,DECISION,OPUSDT,POSITION_LIMIT
2022-11-16,DECISION,OPUSDT,POSITION_LIMIT
2022-11-17,DECISION,OPUSDT,POSITION_LIMIT
2022-11-18,DECISION,XRPUSDT,POSITION_LIMIT
2022-11-18,DECISION,CHZUSDT,POSITION_LIMIT
2022-11-18,DECISION,OPUSDT,POSITION_LIMIT
2022-11-19,DECISION,XRPUSDT,POSITION_LIMIT
2022-11-19,DECISION,CHZUSDT,POSITION_LIMIT
2022-11-19,DECISION,OPUSDT,POSITION_LIMIT
2022-11-20,DECISION,BNBUSDT,POSITION_LIMIT
2022-11-20,DECISION,OPUSDT,POSITION_LIMIT
2022-11-21,DECISION,XRPUSDT,POSITION_LIMIT
2022-11-21,DECISION,OPUSDT,POSITION_LIMIT
2022-11-22,DECISION,XRPUSDT,POSITION_LIMIT
2022-11-22,DECISION,LINKUSDT,POSITION_LIMIT
2022-11-22,DECISION,OPUSDT,POSITION_LIMIT
2022-11-23,DECISION,SOLUSDT,POSITION_LIMIT
2022-11-23,DECISION,XRPUSDT,POSITION_LIMIT
2022-11-23,DECISION,BNBUSDT,POSITION_LIMIT
2022-11-23,DECISION,LINKUSDT,POSITION_LIMIT
2022-11-23,DECISION,OPUSDT,POSITION_LIMIT
2022-11-23,DECISION,APEUSDT,POSITION_LIMIT
2022-11-24,DECISION,SUSHIUSDT,POSITION_LIMIT
2022-11-24,DECISION,OPUSDT,POSITION_LIMIT
2022-11-24,DECISION,SOLUSDT,POSITION_LIMIT
2022-11-24,DECISION,BNBUSDT,POSITION_LIMIT
2022-11-24,DECISION,LINKUSDT,POSITION_LIMIT
2022-11-24,DECISION,APEUSDT,POSITION_LIMIT
2022-11-25,DECISION,SUSHIUSDT,POSITION_LIMIT
2022-11-25,DECISION,OPUSDT,POSITION_LIMIT
2022-11-25,DECISION,SOLUSDT,POSITION_LIMIT
2022-11-25,DECISION,BNBUSDT,POSITION_LIMIT
2022-11-25,DECISION,LINKUSDT,POSITION_LIMIT
2022-11-25,DECISION,APEUSDT,POSITION_LIMIT
2022-11-26,DECISION,SUSHIUSDT,POSITION_LIMIT
2022-11-26,DECISION,SOLUSDT,POSITION_LIMIT
2022-11-26,DECISION,BNBUSDT,POSITION_LIMIT
2022-11-26,DECISION,LINKUSDT,POSITION_LIMIT
2022-11-26,DECISION,APEUSDT,POSITION_LIMIT
2022-11-27,DECISION,MATICUSDT,POSITION_LIMIT
2022-11-27,DECISION,SOLUSDT,POSITION_LIMIT
2022-11-27,DECISION,BNBUSDT,POSITION_LIMIT
2022-11-27,DECISION,LINKUSDT,POSITION_LIMIT
2022-11-27,DECISION,1000SHIBUSDT,POSITION_LIMIT
2022-11-27,DECISION,APEUSDT,POSITION_LIMIT
2022-11-28,DECISION,MATICUSDT,POSITION_LIMIT
2022-11-28,DECISION,APEUSDT,POSITION_LIMIT
2022-11-28,DECISION,LINKUSDT,POSITION_LIMIT
2022-11-28,DECISION,1000SHIBUSDT,POSITION_LIMIT
2022-11-29,DECISION,XRPUSDT,POSITION_LIMIT
2022-11-29,DECISION,MATICUSDT,POSITION_LIMIT
2022-11-29,DECISION,LINKUSDT,POSITION_LIMIT
2022-11-29,DECISION,APEUSDT,POSITION_LIMIT
2022-11-29,DECISION,1000SHIBUSDT,POSITION_LIMIT
2022-11-30,DECISION,MATICUSDT,POSITION_LIMIT
2022-11-30,DECISION,XRPUSDT,POSITION_LIMIT
2022-11-30,DECISION,LINKUSDT,POSITION_LIMIT
2022-11-30,DECISION,APEUSDT,POSITION_LIMIT
2022-11-30,DECISION,BTCUSDT,POSITION_LIMIT
2022-11-30,DECISION,ETHUSDT,POSITION_LIMIT
2022-11-30,DECISION,ADAUSDT,POSITION_LIMIT
2022-11-30,DECISION,1000SHIBUSDT,POSITION_LIMIT
2022-11-30,DECISION,NEARUSDT,POSITION_LIMIT
2022-12-01,DECISION,XRPUSDT,POSITION_LIMIT
2022-12-01,DECISION,LINKUSDT,POSITION_LIMIT
2022-12-01,DECISION,APEUSDT,POSITION_LIMIT
2022-12-01,DECISION,BTCUSDT,POSITION_LIMIT
2022-12-01,DECISION,ETHUSDT,POSITION_LIMIT
2022-12-01,DECISION,ADAUSDT,POSITION_LIMIT
2022-12-01,DECISION,1000SHIBUSDT,POSITION_LIMIT
2022-12-01,DECISION,NEARUSDT,POSITION_LIMIT
2022-12-01,DECISION,AVAXUSDT,POSITION_LIMIT
2022-12-02,DECISION,ETHUSDT,POSITION_LIMIT
2022-12-02,DECISION,XRPUSDT,POSITION_LIMIT
2022-12-02,DECISION,LINKUSDT,POSITION_LIMIT
2022-12-02,DECISION,APEUSDT,POSITION_LIMIT
2022-12-02,DECISION,BTCUSDT,POSITION_LIMIT
2022-12-02,DECISION,ADAUSDT,POSITION_LIMIT
2022-12-02,DECISION,NEARUSDT,POSITION_LIMIT
2022-12-02,DECISION,1000SHIBUSDT,POSITION_LIMIT
2022-12-02,DECISION,DOTUSDT,POSITION_LIMIT
2022-12-03,DECISION,ETHUSDT,POSITION_LIMIT
2022-12-03,DECISION,LINKUSDT,POSITION_LIMIT
2022-12-03,DECISION,AVAXUSDT,POSITION_LIMIT
2022-12-03,DECISION,BTCUSDT,POSITION_LIMIT
2022-12-03,DECISION,XRPUSDT,POSITION_LIMIT
2022-12-03,DECISION,APEUSDT,POSITION_LIMIT
2022-12-03,DECISION,ADAUSDT,POSITION_LIMIT
2022-12-03,DECISION,NEARUSDT,POSITION_LIMIT
2022-12-03,DECISION,DOTUSDT,POSITION_LIMIT
2022-12-04,DECISION,ETHUSDT,POSITION_LIMIT
2022-12-04,DECISION,LINKUSDT,POSITION_LIMIT
2022-12-04,DECISION,AVAXUSDT,POSITION_LIMIT
2022-12-04,DECISION,BTCUSDT,POSITION_LIMIT
2022-12-04,DECISION,XRPUSDT,POSITION_LIMIT
2022-12-04,DECISION,APEUSDT,POSITION_LIMIT
2022-12-04,DECISION,ADAUSDT,POSITION_LIMIT
2022-12-04,DECISION,NEARUSDT,POSITION_LIMIT
2022-12-04,DECISION,DOTUSDT,POSITION_LIMIT
2022-12-05,DECISION,ETHUSDT,POSITION_LIMIT
2022-12-05,DECISION,LINKUSDT,POSITION_LIMIT
2022-12-05,DECISION,AVAXUSDT,POSITION_LIMIT
2022-12-05,DECISION,1000SHIBUSDT,POSITION_LIMIT
2022-12-05,DECISION,BTCUSDT,POSITION_LIMIT
2022-12-05,DECISION,XRPUSDT,POSITION_LIMIT
2022-12-05,DECISION,APEUSDT,POSITION_LIMIT
2022-12-05,DECISION,ADAUSDT,POSITION_LIMIT
2022-12-05,DECISION,NEARUSDT,POSITION_LIMIT
2022-12-06,DECISION,ETHUSDT,POSITION_LIMIT
2022-12-06,DECISION,APEUSDT,POSITION_LIMIT
2022-12-06,DECISION,AVAXUSDT,POSITION_LIMIT
2022-12-06,DECISION,1000SHIBUSDT,POSITION_LIMIT
2022-12-06,DECISION,BTCUSDT,POSITION_LIMIT
2022-12-06,DECISION,XRPUSDT,POSITION_LIMIT
2022-12-06,DECISION,SOLUSDT,POSITION_LIMIT
2022-12-06,DECISION,LINKUSDT,POSITION_LIMIT
2022-12-06,DECISION,ADAUSDT,POSITION_LIMIT
2022-12-06,DECISION,NEARUSDT,POSITION_LIMIT
2022-12-06,DECISION,GMTUSDT,POSITION_LIMIT
2022-12-07,DECISION,APEUSDT,POSITION_LIMIT
2022-12-07,DECISION,ETHUSDT,POSITION_LIMIT
2022-12-07,DECISION,XRPUSDT,POSITION_LIMIT
2022-12-07,DECISION,SOLUSDT,POSITION_LIMIT
2022-12-07,DECISION,AVAXUSDT,POSITION_LIMIT
2022-12-07,DECISION,NEARUSDT,POSITION_LIMIT
2022-12-07,DECISION,1000SHIBUSDT,POSITION_LIMIT
2022-12-08,DECISION,BTCUSDT,POSITION_LIMIT
2022-12-08,DECISION,APEUSDT,POSITION_LIMIT
2022-12-08,DECISION,ETHUSDT,POSITION_LIMIT
2022-12-08,DECISION,XRPUSDT,POSITION_LIMIT
2022-12-08,DECISION,SOLUSDT,POSITION_LIMIT
2022-12-08,DECISION,AVAXUSDT,POSITION_LIMIT
2022-12-08,DECISION,NEARUSDT,POSITION_LIMIT
2022-12-09,DECISION,BTCUSDT,POSITION_LIMIT
2022-12-09,DECISION,APEUSDT,POSITION_LIMIT
2022-12-09,DECISION,ETHUSDT,POSITION_LIMIT
2022-12-09,DECISION,XRPUSDT,POSITION_LIMIT
2022-12-09,DECISION,SOLUSDT,POSITION_LIMIT
2022-12-09,DECISION,NEARUSDT,POSITION_LIMIT
2022-12-09,DECISION,AVAXUSDT,POSITION_LIMIT
2022-12-10,DECISION,BTCUSDT,POSITION_LIMIT
2022-12-10,DECISION,APEUSDT,POSITION_LIMIT
2022-12-10,DECISION,ETHUSDT,POSITION_LIMIT
2022-12-10,DECISION,XRPUSDT,POSITION_LIMIT
2022-12-10,DECISION,SOLUSDT,POSITION_LIMIT
2022-12-10,DECISION,NEARUSDT,POSITION_LIMIT
2022-12-10,DECISION,AVAXUSDT,POSITION_LIMIT
2022-12-11,DECISION,BTCUSDT,POSITION_LIMIT
2022-12-11,DECISION,MATICUSDT,POSITION_LIMIT
2022-12-11,DECISION,ETHUSDT,POSITION_LIMIT
2022-12-11,DECISION,XRPUSDT,POSITION_LIMIT
2022-12-11,DECISION,AVAXUSDT,POSITION_LIMIT
2022-12-12,DECISION,BTCUSDT,POSITION_LIMIT
2022-12-12,DECISION,MATICUSDT,POSITION_LIMIT
2022-12-12,DECISION,ETHUSDT,POSITION_LIMIT
2022-12-12,DECISION,XRPUSDT,POSITION_LIMIT
2022-12-12,DECISION,AVAXUSDT,POSITION_LIMIT
2022-12-13,DECISION,APEUSDT,POSITION_LIMIT
2022-12-13,DECISION,DYDXUSDT,POSITION_LIMIT
2022-12-13,DECISION,XRPUSDT,POSITION_LIMIT
2022-12-13,DECISION,MATICUSDT,POSITION_LIMIT
2022-12-13,DECISION,AVAXUSDT,POSITION_LIMIT
2022-12-14,DECISION,DYDXUSDT,POSITION_LIMIT
2022-12-14,DECISION,XRPUSDT,POSITION_LIMIT
2022-12-14,DECISION,MATICUSDT,POSITION_LIMIT
2022-12-14,DECISION,AVAXUSDT,POSITION_LIMIT
2022-12-14,DECISION,FTMUSDT,POSITION_LIMIT
2022-12-15,DECISION,MATICUSDT,POSITION_LIMIT
2022-12-15,DECISION,APEUSDT,POSITION_LIMIT
2022-12-15,DECISION,XRPUSDT,POSITION_LIMIT
2022-12-15,DECISION,AVAXUSDT,POSITION_LIMIT
2022-12-26,DECISION,LINKUSDT,POSITION_LIMIT
2022-12-28,FILL,DOGEUSDT,BELOW_EXCHANGE_MINIMUM_NOTIONAL
2022-12-29,FILL,DOGEUSDT,BELOW_EXCHANGE_MINIMUM_NOTIONAL
2023-01-01,FILL,APEUSDT,BELOW_EXCHANGE_MINIMUM_NOTIONAL
2023-01-02,FILL,APEUSDT,BELOW_EXCHANGE_MINIMUM_NOTIONAL
2023-01-02,DECISION,FTMUSDT,POSITION_LIMIT
2023-01-03,DECISION,APEUSDT,POSITION_LIMIT
2023-01-03,DECISION,FTMUSDT,POSITION_LIMIT
2023-01-04,DECISION,XRPUSDT,POSITION_LIMIT
2023-01-04,DECISION,BNBUSDT,POSITION_LIMIT
2023-01-04,DECISION,SOLUSDT,POSITION_LIMIT
2023-01-04,DECISION,MASKUSDT,POSITION_LIMIT
2023-01-04,DECISION,ADAUSDT,POSITION_LIMIT
2023-01-04,DECISION,FTMUSDT,POSITION_LIMIT
2023-01-04,DECISION,EOSUSDT,POSITION_LIMIT
2023-01-05,DECISION,ETHUSDT,POSITION_LIMIT
2023-01-05,DECISION,DOGEUSDT,POSITION_LIMIT
2023-01-05,DECISION,XRPUSDT,POSITION_LIMIT
2023-01-05,DECISION,BNBUSDT,POSITION_LIMIT
2023-01-05,DECISION,MASKUSDT,POSITION_LIMIT
2023-01-05,DECISION,CHZUSDT,POSITION_LIMIT
2023-01-05,DECISION,FTMUSDT,POSITION_LIMIT
2023-01-05,DECISION,EOSUSDT,POSITION_LIMIT
2023-01-06,DECISION,SOLUSDT,POSITION_LIMIT
2023-01-06,DECISION,MASKUSDT,POSITION_LIMIT
2023-01-06,DECISION,APEUSDT,POSITION_LIMIT
2023-01-06,DECISION,ADAUSDT,POSITION_LIMIT
2023-01-06,DECISION,FTMUSDT,POSITION_LIMIT
2023-01-06,DECISION,DOGEUSDT,POSITION_LIMIT
2023-01-06,DECISION,XRPUSDT,POSITION_LIMIT
2023-01-06,DECISION,DYDXUSDT,POSITION_LIMIT
2023-01-06,DECISION,AXSUSDT,POSITION_LIMIT
2023-01-06,DECISION,CHZUSDT,POSITION_LIMIT
2023-01-06,DECISION,EOSUSDT,POSITION_LIMIT
2023-01-06,DECISION,DOTUSDT,POSITION_LIMIT
2023-01-07,DECISION,SOLUSDT,POSITION_LIMIT
2023-01-07,DECISION,MASKUSDT,POSITION_LIMIT
2023-01-07,DECISION,APEUSDT,POSITION_LIMIT
2023-01-07,DECISION,ADAUSDT,POSITION_LIMIT
2023-01-07,DECISION,FTMUSDT,POSITION_LIMIT
2023-01-07,DECISION,DOGEUSDT,POSITION_LIMIT
2023-01-07,DECISION,XRPUSDT,POSITION_LIMIT
2023-01-07,DECISION,LINKUSDT,POSITION_LIMIT
2023-01-07,DECISION,DYDXUSDT,POSITION_LIMIT
2023-01-07,DECISION,AXSUSDT,POSITION_LIMIT
2023-01-07,DECISION,CHZUSDT,POSITION_LIMIT
2023-01-07,DECISION,EOSUSDT,POSITION_LIMIT
2023-01-07,DECISION,DOTUSDT,POSITION_LIMIT
2023-01-08,DECISION,ETHUSDT,POSITION_LIMIT
2023-01-08,DECISION,DOGEUSDT,POSITION_LIMIT
2023-01-08,DECISION,BNBUSDT,POSITION_LIMIT
2023-01-08,DECISION,MATICUSDT,POSITION_LIMIT
2023-01-08,DECISION,MASKUSDT,POSITION_LIMIT
2023-01-08,DECISION,ADAUSDT,POSITION_LIMIT
2023-01-08,DECISION,AXSUSDT,POSITION_LIMIT
2023-01-08,DECISION,FTMUSDT,POSITION_LIMIT
2023-01-08,DECISION,EOSUSDT,POSITION_LIMIT
2023-01-08,DECISION,DOTUSDT,POSITION_LIMIT
2023-01-08,DECISION,XRPUSDT,POSITION_LIMIT
2023-01-08,DECISION,LINKUSDT,POSITION_LIMIT
2023-01-08,DECISION,DYDXUSDT,POSITION_LIMIT
2023-01-08,DECISION,CHZUSDT,POSITION_LIMIT
2023-01-09,DECISION,ADAUSDT,POSITION_LIMIT
2023-01-09,DECISION,BTCUSDT,POSITION_LIMIT
2023-01-09,DECISION,ETHUSDT,POSITION_LIMIT
2023-01-09,DECISION,DOGEUSDT,POSITION_LIMIT
2023-01-09,DECISION,XRPUSDT,POSITION_LIMIT
2023-01-09,DECISION,BNBUSDT,POSITION_LIMIT
2023-01-09,DECISION,MATICUSDT,POSITION_LIMIT
2023-01-09,DECISION,LINKUSDT,POSITION_LIMIT
2023-01-09,DECISION,AXSUSDT,POSITION_LIMIT
2023-01-09,DECISION,CHZUSDT,POSITION_LIMIT
2023-01-09,DECISION,FTMUSDT,POSITION_LIMIT
2023-01-09,DECISION,EOSUSDT,POSITION_LIMIT
2023-01-09,DECISION,DOTUSDT,POSITION_LIMIT
2023-01-09,DECISION,DYDXUSDT,POSITION_LIMIT
2023-01-10,DECISION,ADAUSDT,POSITION_LIMIT
2023-01-10,DECISION,OCEANUSDT,POSITION_LIMIT
2023-01-10,DECISION,DOGEUSDT,POSITION_LIMIT
2023-01-10,DECISION,MASKUSDT,POSITION_LIMIT
2023-01-10,DECISION,BTCUSDT,POSITION_LIMIT
2023-01-10,DECISION,XRPUSDT,POSITION_LIMIT
2023-01-10,DECISION,BNBUSDT,POSITION_LIMIT
2023-01-10,DECISION,MATICUSDT,POSITION_LIMIT
2023-01-10,DECISION,LINKUSDT,POSITION_LIMIT
2023-01-10,DECISION,DYDXUSDT,POSITION_LIMIT
2023-01-10,DECISION,AXSUSDT,POSITION_LIMIT
2023-01-10,DECISION,CHZUSDT,POSITION_LIMIT
2023-01-10,DECISION,FTMUSDT,POSITION_LIMIT
2023-01-10,DECISION,EOSUSDT,POSITION_LIMIT
2023-01-11,DECISION,ETCUSDT,POSITION_LIMIT
2023-01-11,DECISION,ADAUSDT,POSITION_LIMIT
2023-01-11,DECISION,OCEANUSDT,POSITION_LIMIT
2023-01-11,DECISION,FTMUSDT,POSITION_LIMIT
2023-01-11,DECISION,DOGEUSDT,POSITION_LIMIT
2023-01-11,DECISION,XRPUSDT,POSITION_LIMIT
2023-01-11,DECISION,BNBUSDT,POSITION_LIMIT
2023-01-11,DECISION,MASKUSDT,POSITION_LIMIT
2023-01-11,DECISION,MATICUSDT,POSITION_LIMIT
2023-01-11,DECISION,LINKUSDT,POSITION_LIMIT
2023-01-11,DECISION,DYDXUSDT,POSITION_LIMIT
2023-01-11,DECISION,AXSUSDT,POSITION_LIMIT
2023-01-11,DECISION,CHZUSDT,POSITION_LIMIT
2023-01-11,DECISION,EOSUSDT,POSITION_LIMIT
2023-01-12,DECISION,FTMUSDT,POSITION_LIMIT
2023-01-12,DECISION,SOLUSDT,POSITION_LIMIT
2023-01-12,DECISION,ETCUSDT,POSITION_LIMIT
2023-01-12,DECISION,ADAUSDT,POSITION_LIMIT
2023-01-12,DECISION,DOGEUSDT,POSITION_LIMIT
2023-01-12,DECISION,XRPUSDT,POSITION_LIMIT
2023-01-12,DECISION,BNBUSDT,POSITION_LIMIT
2023-01-12,DECISION,MASKUSDT,POSITION_LIMIT
2023-01-12,DECISION,AXSUSDT,POSITION_LIMIT
2023-01-12,DECISION,MATICUSDT,POSITION_LIMIT
2023-01-12,DECISION,LINKUSDT,POSITION_LIMIT
2023-01-12,DECISION,DYDXUSDT,POSITION_LIMIT
2023-01-12,DECISION,CHZUSDT,POSITION_LIMIT
2023-01-12,DECISION,GMTUSDT,POSITION_LIMIT
2023-01-13,DECISION,SOLUSDT,POSITION_LIMIT
2023-01-13,DECISION,APEUSDT,POSITION_LIMIT
2023-01-13,DECISION,AXSUSDT,POSITION_LIMIT
2023-01-13,DECISION,XRPUSDT,POSITION_LIMIT
2023-01-13,DECISION,ETCUSDT,POSITION_LIMIT
2023-01-13,DECISION,ADAUSDT,POSITION_LIMIT
2023-01-13,DECISION,DOGEUSDT,POSITION_LIMIT
2023-01-13,DECISION,BNBUSDT,POSITION_LIMIT
2023-01-13,DECISION,MATICUSDT,POSITION_LIMIT
2023-01-13,DECISION,MASKUSDT,POSITION_LIMIT
2023-01-13,DECISION,LINKUSDT,POSITION_LIMIT
2023-01-13,DECISION,DYDXUSDT,POSITION_LIMIT
2023-01-13,DECISION,CHZUSDT,POSITION_LIMIT
2023-01-13,DECISION,GMTUSDT,POSITION_LIMIT
2023-01-14,DECISION,SOLUSDT,POSITION_LIMIT
2023-01-14,DECISION,ETCUSDT,POSITION_LIMIT
2023-01-14,DECISION,APEUSDT,POSITION_LIMIT
2023-01-14,DECISION,AXSUSDT,POSITION_LIMIT
2023-01-14,DECISION,GMTUSDT,POSITION_LIMIT
2023-01-14,DECISION,DOGEUSDT,POSITION_LIMIT
2023-01-14,DECISION,XRPUSDT,POSITION_LIMIT
2023-01-14,DECISION,BNBUSDT,POSITION_LIMIT
2023-01-14,DECISION,MATICUSDT,POSITION_LIMIT
2023-01-14,DECISION,MASKUSDT,POSITION_LIMIT
2023-01-14,DECISION,ADAUSDT,POSITION_LIMIT
2023-01-14,DECISION,LINKUSDT,POSITION_LIMIT
2023-01-14,DECISION,DYDXUSDT,POSITION_LIMIT
2023-01-14,DECISION,CHZUSDT,POSITION_LIMIT
2023-01-15,DECISION,ETCUSDT,POSITION_LIMIT
2023-01-15,DECISION,APEUSDT,POSITION_LIMIT
2023-01-15,DECISION,AXSUSDT,POSITION_LIMIT
2023-01-15,DECISION,GMTUSDT,POSITION_LIMIT
2023-01-15,DECISION,FILUSDT,POSITION_LIMIT
2023-01-15,DECISION,DOGEUSDT,POSITION_LIMIT
2023-01-15,DECISION,XRPUSDT,POSITION_LIMIT
2023-01-15,DECISION,BNBUSDT,POSITION_LIMIT
2023-01-15,DECISION,MATICUSDT,POSITION_LIMIT
2023-01-15,DECISION,MASKUSDT,POSITION_LIMIT
2023-01-15,DECISION,ADAUSDT,POSITION_LIMIT
2023-01-15,DECISION,LINKUSDT,POSITION_LIMIT
2023-01-15,DECISION,CHZUSDT,POSITION_LIMIT
2023-01-15,DECISION,DYDXUSDT,POSITION_LIMIT
2023-01-16,DECISION,MATICUSDT,POSITION_LIMIT
2023-01-16,DECISION,ETCUSDT,POSITION_LIMIT
2023-01-16,DECISION,APEUSDT,POSITION_LIMIT
2023-01-16,DECISION,AXSUSDT,POSITION_LIMIT
2023-01-16,DECISION,GMTUSDT,POSITION_LIMIT
2023-01-16,DECISION,FILUSDT,POSITION_LIMIT
2023-01-16,DECISION,DOGEUSDT,POSITION_LIMIT
2023-01-16,DECISION,XRPUSDT,POSITION_LIMIT
2023-01-16,DECISION,BNBUSDT,POSITION_LIMIT
2023-01-16,DECISION,MASKUSDT,POSITION_LIMIT
2023-01-16,DECISION,ADAUSDT,POSITION_LIMIT
2023-01-16,DECISION,LINKUSDT,POSITION_LIMIT
2023-01-16,DECISION,CHZUSDT,POSITION_LIMIT
2023-01-16,DECISION,DYDXUSDT,POSITION_LIMIT
2023-01-17,DECISION,ETCUSDT,POSITION_LIMIT
2023-01-17,DECISION,MATICUSDT,POSITION_LIMIT
2023-01-17,DECISION,APEUSDT,POSITION_LIMIT
2023-01-17,DECISION,AXSUSDT,POSITION_LIMIT
2023-01-17,DECISION,GMTUSDT,POSITION_LIMIT
2023-01-17,DECISION,FILUSDT,POSITION_LIMIT
2023-01-17,DECISION,DOGEUSDT,POSITION_LIMIT
2023-01-17,DECISION,XRPUSDT,POSITION_LIMIT
2023-01-17,DECISION,BNBUSDT,POSITION_LIMIT
2023-01-17,DECISION,ADAUSDT,POSITION_LIMIT
2023-01-17,DECISION,LINKUSDT,POSITION_LIMIT
2023-01-17,DECISION,MASKUSDT,POSITION_LIMIT
2023-01-17,DECISION,CHZUSDT,POSITION_LIMIT
2023-01-17,DECISION,DYDXUSDT,POSITION_LIMIT
2023-01-18,DECISION,MATICUSDT,POSITION_LIMIT
2023-01-18,DECISION,GMTUSDT,POSITION_LIMIT
2023-01-18,DECISION,DOTUSDT,POSITION_LIMIT
2023-01-18,DECISION,ETCUSDT,POSITION_LIMIT
2023-01-18,DECISION,APEUSDT,POSITION_LIMIT
2023-01-18,DECISION,AXSUSDT,POSITION_LIMIT
2023-01-18,DECISION,XRPUSDT,POSITION_LIMIT
2023-01-18,DECISION,DOGEUSDT,POSITION_LIMIT
2023-01-18,DECISION,BNBUSDT,POSITION_LIMIT
2023-01-18,DECISION,ADAUSDT,POSITION_LIMIT
2023-01-18,DECISION,MASKUSDT,POSITION_LIMIT
2023-01-18,DECISION,LINKUSDT,POSITION_LIMIT
2023-01-18,DECISION,CHZUSDT,POSITION_LIMIT
2023-01-18,DECISION,DYDXUSDT,POSITION_LIMIT
2023-01-19,DECISION,LDOUSDT,POSITION_LIMIT
2023-01-19,DECISION,GMTUSDT,POSITION_LIMIT
2023-01-19,DECISION,DOTUSDT,POSITION_LIMIT
2023-01-19,DECISION,ETCUSDT,POSITION_LIMIT
2023-01-19,DECISION,APEUSDT,POSITION_LIMIT
2023-01-19,DECISION,AXSUSDT,POSITION_LIMIT
2023-01-19,DECISION,XRPUSDT,POSITION_LIMIT
2023-01-19,DECISION,DOGEUSDT,POSITION_LIMIT
2023-01-19,DECISION,BNBUSDT,POSITION_LIMIT
2023-01-19,DECISION,ADAUSDT,POSITION_LIMIT
2023-01-19,DECISION,MASKUSDT,POSITION_LIMIT
2023-01-19,DECISION,LINKUSDT,POSITION_LIMIT
2023-01-19,DECISION,CHZUSDT,POSITION_LIMIT
2023-01-19,DECISION,DYDXUSDT,POSITION_LIMIT
2023-01-20,DECISION,SOLUSDT,POSITION_LIMIT
2023-01-20,DECISION,MATICUSDT,POSITION_LIMIT
2023-01-20,DECISION,ADAUSDT,POSITION_LIMIT
2023-01-20,DECISION,GMTUSDT,POSITION_LIMIT
2023-01-20,DECISION,NEARUSDT,POSITION_LIMIT
2023-01-20,DECISION,DOTUSDT,POSITION_LIMIT
2023-01-20,DECISION,ETCUSDT,POSITION_LIMIT
2023-01-20,DECISION,APEUSDT,POSITION_LIMIT
2023-01-20,DECISION,MASKUSDT,POSITION_LIMIT
2023-01-20,DECISION,AXSUSDT,POSITION_LIMIT
2023-01-20,DECISION,DOGEUSDT,POSITION_LIMIT
2023-01-20,DECISION,BNBUSDT,POSITION_LIMIT
2023-01-20,DECISION,LINKUSDT,POSITION_LIMIT
2023-01-20,DECISION,DYDXUSDT,POSITION_LIMIT
2023-01-21,DECISION,LDOUSDT,POSITION_LIMIT
2023-01-21,DECISION,SOLUSDT,POSITION_LIMIT
2023-01-21,DECISION,MATICUSDT,POSITION_LIMIT
2023-01-21,DECISION,ADAUSDT,POSITION_LIMIT
2023-01-21,DECISION,NEARUSDT,POSITION_LIMIT
2023-01-21,DECISION,GALAUSDT,POSITION_LIMIT
2023-01-21,DECISION,GMTUSDT,POSITION_LIMIT
2023-01-21,DECISION,ETCUSDT,POSITION_LIMIT
2023-01-21,DECISION,MASKUSDT,POSITION_LIMIT
2023-01-21,DECISION,AXSUSDT,POSITION_LIMIT
2023-01-21,DECISION,DOGEUSDT,POSITION_LIMIT
2023-01-21,DECISION,BNBUSDT,POSITION_LIMIT
2023-01-21,DECISION,LINKUSDT,POSITION_LIMIT
2023-01-21,DECISION,DYDXUSDT,POSITION_LIMIT
2023-01-22,DECISION,APEUSDT,POSITION_LIMIT
2023-01-22,DECISION,LDOUSDT,POSITION_LIMIT
2023-01-22,DECISION,SOLUSDT,POSITION_LIMIT
2023-01-22,DECISION,ETCUSDT,POSITION_LIMIT
2023-01-22,DECISION,GALAUSDT,POSITION_LIMIT
2023-01-22,DECISION,MATICUSDT,POSITION_LIMIT
2023-01-22,DECISION,ADAUSDT,POSITION_LIMIT
2023-01-22,DECISION,NEARUSDT,POSITION_LIMIT
2023-01-22,DECISION,GMTUSDT,POSITION_LIMIT
2023-01-22,DECISION,DOGEUSDT,POSITION_LIMIT
2023-01-22,DECISION,MASKUSDT,POSITION_LIMIT
2023-01-22,DECISION,BNBUSDT,POSITION_LIMIT
2023-01-22,DECISION,LINKUSDT,POSITION_LIMIT
2023-01-22,DECISION,DYDXUSDT,POSITION_LIMIT
2023-01-23,DECISION,GMTUSDT,POSITION_LIMIT
2023-01-23,DECISION,LDOUSDT,POSITION_LIMIT
2023-01-23,DECISION,SOLUSDT,POSITION_LIMIT
2023-01-23,DECISION,ETCUSDT,POSITION_LIMIT
2023-01-23,DECISION,MATICUSDT,POSITION_LIMIT
2023-01-23,DECISION,ADAUSDT,POSITION_LIMIT
2023-01-23,DECISION,NEARUSDT,POSITION_LIMIT
2023-01-23,DECISION,1000SHIBUSDT,POSITION_LIMIT
2023-01-23,DECISION,SANDUSDT,POSITION_LIMIT
2023-01-23,DECISION,DOGEUSDT,POSITION_LIMIT
2023-01-23,DECISION,BNBUSDT,POSITION_LIMIT
2023-01-23,DECISION,LINKUSDT,POSITION_LIMIT
2023-01-23,DECISION,MASKUSDT,POSITION_LIMIT
2023-01-23,DECISION,DYDXUSDT,POSITION_LIMIT
2023-01-24,DECISION,LDOUSDT,POSITION_LIMIT
2023-01-24,DECISION,GMTUSDT,POSITION_LIMIT
2023-01-24,DECISION,SOLUSDT,POSITION_LIMIT
2023-01-24,DECISION,ETCUSDT,POSITION_LIMIT
2023-01-24,DECISION,ADAUSDT,POSITION_LIMIT
2023-01-24,DECISION,NEARUSDT,POSITION_LIMIT
2023-01-24,DECISION,MATICUSDT,POSITION_LIMIT
2023-01-24,DECISION,SANDUSDT,POSITION_LIMIT
2023-01-24,DECISION,AVAXUSDT,POSITION_LIMIT
2023-01-24,DECISION,DOGEUSDT,POSITION_LIMIT
2023-01-24,DECISION,BNBUSDT,POSITION_LIMIT
2023-01-24,DECISION,LINKUSDT,POSITION_LIMIT
2023-01-24,DECISION,1000SHIBUSDT,POSITION_LIMIT
2023-01-24,DECISION,MASKUSDT,POSITION_LIMIT
2023-01-25,DECISION,XRPUSDT,POSITION_LIMIT
2023-01-25,DECISION,LDOUSDT,POSITION_LIMIT
2023-01-25,DECISION,GMTUSDT,POSITION_LIMIT
2023-01-25,DECISION,SOLUSDT,POSITION_LIMIT
2023-01-25,DECISION,ETCUSDT,POSITION_LIMIT
2023-01-25,DECISION,MATICUSDT,POSITION_LIMIT
2023-01-25,DECISION,ADAUSDT,POSITION_LIMIT
2023-01-25,DECISION,NEARUSDT,POSITION_LIMIT
2023-01-25,DECISION,SANDUSDT,POSITION_LIMIT
2023-01-25,DECISION,AVAXUSDT,POSITION_LIMIT
2023-01-25,DECISION,DOGEUSDT,POSITION_LIMIT
2023-01-25,DECISION,BNBUSDT,POSITION_LIMIT
2023-01-25,DECISION,1000SHIBUSDT,POSITION_LIMIT
2023-01-25,DECISION,LINKUSDT,POSITION_LIMIT
2023-01-26,DECISION,LDOUSDT,POSITION_LIMIT
2023-01-26,DECISION,GMTUSDT,POSITION_LIMIT
2023-01-26,DECISION,MANAUSDT,POSITION_LIMIT
2023-01-26,DECISION,SOLUSDT,POSITION_LIMIT
2023-01-26,DECISION,ETCUSDT,POSITION_LIMIT
2023-01-26,DECISION,MATICUSDT,POSITION_LIMIT
2023-01-26,DECISION,ADAUSDT,POSITION_LIMIT
2023-01-26,DECISION,NEARUSDT,POSITION_LIMIT
2023-01-26,DECISION,SANDUSDT,POSITION_LIMIT
2023-01-26,DECISION,AVAXUSDT,POSITION_LIMIT
2023-01-26,DECISION,DOGEUSDT,POSITION_LIMIT
2023-01-26,DECISION,BNBUSDT,POSITION_LIMIT
2023-01-26,DECISION,1000SHIBUSDT,POSITION_LIMIT
2023-01-26,DECISION,LINKUSDT,POSITION_LIMIT
2023-01-27,DECISION,XRPUSDT,POSITION_LIMIT
2023-01-27,DECISION,GMTUSDT,POSITION_LIMIT
2023-01-27,DECISION,AVAXUSDT,POSITION_LIMIT
2023-01-27,DECISION,LDOUSDT,POSITION_LIMIT
2023-01-27,DECISION,SOLUSDT,POSITION_LIMIT
2023-01-27,DECISION,ETCUSDT,POSITION_LIMIT
2023-01-27,DECISION,MATICUSDT,POSITION_LIMIT
2023-01-27,DECISION,ADAUSDT,POSITION_LIMIT
2023-01-27,DECISION,NEARUSDT,POSITION_LIMIT
2023-01-27,DECISION,SANDUSDT,POSITION_LIMIT
2023-01-27,DECISION,DOGEUSDT,POSITION_LIMIT
2023-01-27,DECISION,BNBUSDT,POSITION_LIMIT
2023-01-27,DECISION,1000SHIBUSDT,POSITION_LIMIT
2023-01-27,DECISION,LINKUSDT,POSITION_LIMIT
2023-01-28,DECISION,XRPUSDT,POSITION_LIMIT
2023-01-28,DECISION,GMTUSDT,POSITION_LIMIT
2023-01-28,DECISION,AVAXUSDT,POSITION_LIMIT
2023-01-28,DECISION,SOLUSDT,POSITION_LIMIT
2023-01-28,DECISION,ETCUSDT,POSITION_LIMIT
2023-01-28,DECISION,MATICUSDT,POSITION_LIMIT
2023-01-28,DECISION,ADAUSDT,POSITION_LIMIT
2023-01-28,DECISION,NEARUSDT,POSITION_LIMIT
2023-01-28,DECISION,SANDUSDT,POSITION_LIMIT
2023-01-28,DECISION,LDOUSDT,POSITION_LIMIT
2023-01-28,DECISION,DOGEUSDT,POSITION_LIMIT
2023-01-28,DECISION,BNBUSDT,POSITION_LIMIT
2023-01-28,DECISION,LINKUSDT,POSITION_LIMIT
2023-01-28,DECISION,1000SHIBUSDT,POSITION_LIMIT
2023-01-29,DECISION,XRPUSDT,POSITION_LIMIT
2023-01-29,DECISION,GMTUSDT,POSITION_LIMIT
2023-01-29,DECISION,AVAXUSDT,POSITION_LIMIT
2023-01-29,DECISION,MANAUSDT,POSITION_LIMIT
2023-01-29,DECISION,SOLUSDT,POSITION_LIMIT
2023-01-29,DECISION,DOGEUSDT,POSITION_LIMIT
2023-01-29,DECISION,BNBUSDT,POSITION_LIMIT
2023-01-29,DECISION,ETCUSDT,POSITION_LIMIT
2023-01-29,DECISION,MATICUSDT,POSITION_LIMIT
2023-01-29,DECISION,ADAUSDT,POSITION_LIMIT
2023-01-29,DECISION,NEARUSDT,POSITION_LIMIT
2023-01-29,DECISION,SANDUSDT,POSITION_LIMIT
2023-01-29,DECISION,LINKUSDT,POSITION_LIMIT
2023-01-29,DECISION,1000SHIBUSDT,POSITION_LIMIT
2023-01-30,DECISION,APEUSDT,POSITION_LIMIT
2023-01-30,DECISION,ETHUSDT,POSITION_LIMIT
2023-01-30,DECISION,DOGEUSDT,POSITION_LIMIT
2023-01-30,DECISION,BNBUSDT,POSITION_LIMIT
2023-01-30,DECISION,GMTUSDT,POSITION_LIMIT
2023-01-30,DECISION,MATICUSDT,POSITION_LIMIT
2023-01-30,DECISION,SOLUSDT,POSITION_LIMIT
2023-01-30,DECISION,XRPUSDT,POSITION_LIMIT
2023-01-30,DECISION,ETCUSDT,POSITION_LIMIT
2023-01-30,DECISION,ADAUSDT,POSITION_LIMIT
2023-01-30,DECISION,1000SHIBUSDT,POSITION_LIMIT
2023-01-30,DECISION,NEARUSDT,POSITION_LIMIT
2023-01-30,DECISION,LINKUSDT,POSITION_LIMIT
2023-01-30,DECISION,SANDUSDT,POSITION_LIMIT
2023-01-31,DECISION,APEUSDT,POSITION_LIMIT
2023-01-31,DECISION,ETHUSDT,POSITION_LIMIT
2023-01-31,DECISION,DOGEUSDT,POSITION_LIMIT
2023-01-31,DECISION,BNBUSDT,POSITION_LIMIT
2023-01-31,DECISION,GMTUSDT,POSITION_LIMIT
2023-01-31,DECISION,MATICUSDT,POSITION_LIMIT
2023-01-31,DECISION,SOLUSDT,POSITION_LIMIT
2023-01-31,DECISION,XRPUSDT,POSITION_LIMIT
2023-01-31,DECISION,ETCUSDT,POSITION_LIMIT
2023-01-31,DECISION,ADAUSDT,POSITION_LIMIT
2023-01-31,DECISION,1000SHIBUSDT,POSITION_LIMIT
2023-01-31,DECISION,NEARUSDT,POSITION_LIMIT
2023-01-31,DECISION,LINKUSDT,POSITION_LIMIT
2023-01-31,DECISION,SANDUSDT,POSITION_LIMIT
2023-02-01,DECISION,APEUSDT,POSITION_LIMIT
2023-02-01,DECISION,ETHUSDT,POSITION_LIMIT
2023-02-01,DECISION,DOGEUSDT,POSITION_LIMIT
2023-02-01,DECISION,BNBUSDT,POSITION_LIMIT
2023-02-01,DECISION,GMTUSDT,POSITION_LIMIT
2023-02-01,DECISION,MATICUSDT,POSITION_LIMIT
2023-02-01,DECISION,SOLUSDT,POSITION_LIMIT
2023-02-01,DECISION,XRPUSDT,POSITION_LIMIT
2023-02-01,DECISION,ETCUSDT,POSITION_LIMIT
2023-02-01,DECISION,ADAUSDT,POSITION_LIMIT
2023-02-01,DECISION,1000SHIBUSDT,POSITION_LIMIT
2023-02-01,DECISION,NEARUSDT,POSITION_LIMIT
2023-02-01,DECISION,LINKUSDT,POSITION_LIMIT
2023-02-01,DECISION,SANDUSDT,POSITION_LIMIT
2023-02-02,DECISION,MANAUSDT,POSITION_LIMIT
2023-02-02,DECISION,APEUSDT,POSITION_LIMIT
2023-02-02,DECISION,ETHUSDT,POSITION_LIMIT
2023-02-02,DECISION,DOGEUSDT,POSITION_LIMIT
2023-02-02,DECISION,BNBUSDT,POSITION_LIMIT
2023-02-02,DECISION,GMTUSDT,POSITION_LIMIT
2023-02-02,DECISION,MATICUSDT,POSITION_LIMIT
2023-02-02,DECISION,ADAUSDT,POSITION_LIMIT
2023-02-02,DECISION,1000SHIBUSDT,POSITION_LIMIT
2023-02-02,DECISION,SOLUSDT,POSITION_LIMIT
2023-02-02,DECISION,XRPUSDT,POSITION_LIMIT
2023-02-02,DECISION,ETCUSDT,POSITION_LIMIT
2023-02-02,DECISION,LINKUSDT,POSITION_LIMIT
2023-02-02,DECISION,NEARUSDT,POSITION_LIMIT
2023-02-03,DECISION,ETHUSDT,POSITION_LIMIT
2023-02-03,DECISION,MANAUSDT,POSITION_LIMIT
2023-02-03,DECISION,APEUSDT,POSITION_LIMIT
2023-02-03,DECISION,DOGEUSDT,POSITION_LIMIT
2023-02-03,DECISION,BNBUSDT,POSITION_LIMIT
2023-02-03,DECISION,ETCUSDT,POSITION_LIMIT
2023-02-03,DECISION,GMTUSDT,POSITION_LIMIT
2023-02-03,DECISION,MATICUSDT,POSITION_LIMIT
2023-02-03,DECISION,ADAUSDT,POSITION_LIMIT
2023-02-03,DECISION,1000SHIBUSDT,POSITION_LIMIT
2023-02-03,DECISION,SOLUSDT,POSITION_LIMIT
2023-02-03,DECISION,XRPUSDT,POSITION_LIMIT
2023-02-03,DECISION,LINKUSDT,POSITION_LIMIT
2023-02-03,DECISION,NEARUSDT,POSITION_LIMIT
2023-02-04,DECISION,BTCUSDT,POSITION_LIMIT
2023-02-04,DECISION,ETHUSDT,POSITION_LIMIT
2023-02-04,DECISION,MANAUSDT,POSITION_LIMIT
2023-02-04,DECISION,APEUSDT,POSITION_LIMIT
2023-02-04,DECISION,DOGEUSDT,POSITION_LIMIT
2023-02-04,DECISION,BNBUSDT,POSITION_LIMIT
2023-02-04,DECISION,ETCUSDT,POSITION_LIMIT
2023-02-04,DECISION,MATICUSDT,POSITION_LIMIT
2023-02-04,DECISION,GMTUSDT,POSITION_LIMIT
2023-02-04,DECISION,ADAUSDT,POSITION_LIMIT
2023-02-04,DECISION,SOLUSDT,POSITION_LIMIT
2023-02-04,DECISION,XRPUSDT,POSITION_LIMIT
2023-02-04,DECISION,LINKUSDT,POSITION_LIMIT
2023-02-04,DECISION,NEARUSDT,POSITION_LIMIT
2023-02-05,DECISION,ETHUSDT,POSITION_LIMIT
2023-02-05,DECISION,GALAUSDT,POSITION_LIMIT
2023-02-05,DECISION,DOGEUSDT,POSITION_LIMIT
2023-02-05,DECISION,BNBUSDT,POSITION_LIMIT
2023-02-05,DECISION,ETCUSDT,POSITION_LIMIT
2023-02-05,DECISION,MATICUSDT,POSITION_LIMIT
2023-02-05,DECISION,ADAUSDT,POSITION_LIMIT
2023-02-05,DECISION,MANAUSDT,POSITION_LIMIT
2023-02-05,DECISION,APEUSDT,POSITION_LIMIT
2023-02-05,DECISION,XRPUSDT,POSITION_LIMIT
2023-02-05,DECISION,GMTUSDT,POSITION_LIMIT
2023-02-05,DECISION,SOLUSDT,POSITION_LIMIT
2023-02-05,DECISION,LINKUSDT,POSITION_LIMIT
2023-02-05,DECISION,NEARUSDT,POSITION_LIMIT
2023-02-06,DECISION,BNBUSDT,POSITION_LIMIT
2023-02-06,DECISION,MATICUSDT,POSITION_LIMIT
2023-02-06,DECISION,GALAUSDT,POSITION_LIMIT
2023-02-06,DECISION,AVAXUSDT,POSITION_LIMIT
2023-02-06,DECISION,MANAUSDT,POSITION_LIMIT
2023-02-06,DECISION,APEUSDT,POSITION_LIMIT
2023-02-06,DECISION,DOGEUSDT,POSITION_LIMIT
2023-02-06,DECISION,ETCUSDT,POSITION_LIMIT
2023-02-06,DECISION,GMTUSDT,POSITION_LIMIT
2023-02-06,DECISION,ADAUSDT,POSITION_LIMIT
2023-02-06,DECISION,XRPUSDT,POSITION_LIMIT
2023-02-06,DECISION,NEARUSDT,POSITION_LIMIT
2023-02-06,DECISION,SOLUSDT,POSITION_LIMIT
2023-02-06,DECISION,LINKUSDT,POSITION_LIMIT
2023-02-07,DECISION,MANAUSDT,POSITION_LIMIT
2023-02-07,DECISION,BTCUSDT,POSITION_LIMIT
2023-02-07,DECISION,BNBUSDT,POSITION_LIMIT
2023-02-07,DECISION,GALAUSDT,POSITION_LIMIT
2023-02-07,DECISION,AVAXUSDT,POSITION_LIMIT
2023-02-07,DECISION,APEUSDT,POSITION_LIMIT
2023-02-07,DECISION,DOGEUSDT,POSITION_LIMIT
2023-02-07,DECISION,ETCUSDT,POSITION_LIMIT
2023-02-07,DECISION,GMTUSDT,POSITION_LIMIT
2023-02-07,DECISION,ADAUSDT,POSITION_LIMIT
2023-02-07,DECISION,XRPUSDT,POSITION_LIMIT
2023-02-07,DECISION,NEARUSDT,POSITION_LIMIT
2023-02-07,DECISION,SOLUSDT,POSITION_LIMIT
2023-02-07,DECISION,LINKUSDT,POSITION_LIMIT
2023-02-08,DECISION,MANAUSDT,POSITION_LIMIT
2023-02-08,DECISION,DYDXUSDT,POSITION_LIMIT
2023-02-08,DECISION,BTCUSDT,POSITION_LIMIT
2023-02-08,DECISION,BNBUSDT,POSITION_LIMIT
2023-02-08,DECISION,GALAUSDT,POSITION_LIMIT
2023-02-08,DECISION,AVAXUSDT,POSITION_LIMIT
2023-02-08,DECISION,APEUSDT,POSITION_LIMIT
2023-02-08,DECISION,DOGEUSDT,POSITION_LIMIT
2023-02-08,DECISION,ETCUSDT,POSITION_LIMIT
2023-02-08,DECISION,GMTUSDT,POSITION_LIMIT
2023-02-08,DECISION,ADAUSDT,POSITION_LIMIT
2023-02-08,DECISION,XRPUSDT,POSITION_LIMIT
2023-02-08,DECISION,SOLUSDT,POSITION_LIMIT
2023-02-08,DECISION,LINKUSDT,POSITION_LIMIT
2023-02-09,DECISION,AVAXUSDT,POSITION_LIMIT
2023-02-09,DECISION,BTCUSDT,POSITION_LIMIT
2023-02-09,DECISION,MANAUSDT,POSITION_LIMIT
2023-02-09,DECISION,ETHUSDT,POSITION_LIMIT
2023-02-09,DECISION,XRPUSDT,POSITION_LIMIT
2023-02-09,DECISION,BNBUSDT,POSITION_LIMIT
2023-02-09,DECISION,GALAUSDT,POSITION_LIMIT
2023-02-09,DECISION,GMTUSDT,POSITION_LIMIT
2023-02-09,DECISION,DOGEUSDT,POSITION_LIMIT
2023-02-09,DECISION,ETCUSDT,POSITION_LIMIT
2023-02-09,DECISION,ADAUSDT,POSITION_LIMIT
2023-02-09,DECISION,LINKUSDT,POSITION_LIMIT
2023-02-09,DECISION,NEARUSDT,POSITION_LIMIT
2023-02-09,DECISION,SOLUSDT,POSITION_LIMIT
2023-02-10,DECISION,FTMUSDT,POSITION_LIMIT
2023-02-10,DECISION,MANAUSDT,POSITION_LIMIT
2023-02-10,DECISION,AVAXUSDT,POSITION_LIMIT
2023-02-10,DECISION,BNBUSDT,POSITION_LIMIT
2023-02-10,DECISION,GALAUSDT,POSITION_LIMIT
2023-02-10,DECISION,GMTUSDT,POSITION_LIMIT
2023-02-10,DECISION,ETHUSDT,POSITION_LIMIT
2023-02-10,DECISION,XRPUSDT,POSITION_LIMIT
2023-02-10,DECISION,ETCUSDT,POSITION_LIMIT
2023-02-10,DECISION,ADAUSDT,POSITION_LIMIT
2023-02-10,DECISION,LINKUSDT,POSITION_LIMIT
2023-02-10,DECISION,NEARUSDT,POSITION_LIMIT
2023-02-10,DECISION,SOLUSDT,POSITION_LIMIT
2023-02-10,DECISION,DOGEUSDT,POSITION_LIMIT
2023-02-11,DECISION,BTCUSDT,POSITION_LIMIT
2023-02-11,DECISION,FTMUSDT,POSITION_LIMIT
2023-02-11,DECISION,MANAUSDT,POSITION_LIMIT
2023-02-11,DECISION,AVAXUSDT,POSITION_LIMIT
2023-02-11,DECISION,BNBUSDT,POSITION_LIMIT
2023-02-11,DECISION,GALAUSDT,POSITION_LIMIT
2023-02-11,DECISION,GMTUSDT,POSITION_LIMIT
2023-02-11,DECISION,ETHUSDT,POSITION_LIMIT
2023-02-11,DECISION,XRPUSDT,POSITION_LIMIT
2023-02-11,DECISION,ETCUSDT,POSITION_LIMIT
2023-02-11,DECISION,ADAUSDT,POSITION_LIMIT
2023-02-11,DECISION,LINKUSDT,POSITION_LIMIT
2023-02-11,DECISION,SOLUSDT,POSITION_LIMIT
2023-02-11,DECISION,DOGEUSDT,POSITION_LIMIT
2023-02-12,DECISION,FTMUSDT,POSITION_LIMIT
2023-02-12,DECISION,AVAXUSDT,POSITION_LIMIT
2023-02-12,DECISION,BNBUSDT,POSITION_LIMIT
2023-02-12,DECISION,GALAUSDT,POSITION_LIMIT
2023-02-12,DECISION,ETHUSDT,POSITION_LIMIT
2023-02-12,DECISION,XRPUSDT,POSITION_LIMIT
2023-02-12,DECISION,ETCUSDT,POSITION_LIMIT
2023-02-12,DECISION,GMTUSDT,POSITION_LIMIT
2023-02-12,DECISION,MANAUSDT,POSITION_LIMIT
2023-02-12,DECISION,ADAUSDT,POSITION_LIMIT
2023-02-12,DECISION,SOLUSDT,POSITION_LIMIT
2023-02-12,DECISION,DOGEUSDT,POSITION_LIMIT
2023-02-12,DECISION,LINKUSDT,POSITION_LIMIT
2023-02-12,DECISION,SANDUSDT,POSITION_LIMIT
2023-02-13,DECISION,LTCUSDT,POSITION_LIMIT
2023-02-13,DECISION,AVAXUSDT,POSITION_LIMIT
2023-02-13,DECISION,GALAUSDT,POSITION_LIMIT
2023-02-13,DECISION,ETHUSDT,POSITION_LIMIT
2023-02-13,DECISION,MANAUSDT,POSITION_LIMIT
2023-02-13,DECISION,GMTUSDT,POSITION_LIMIT
2023-02-13,DECISION,ADAUSDT,POSITION_LIMIT
2023-02-13,DECISION,SOLUSDT,POSITION_LIMIT
2023-02-13,DECISION,DOGEUSDT,POSITION_LIMIT
2023-02-13,DECISION,XRPUSDT,POSITION_LIMIT
2023-02-13,DECISION,BNBUSDT,POSITION_LIMIT
2023-02-13,DECISION,ETCUSDT,POSITION_LIMIT
2023-02-13,DECISION,LINKUSDT,POSITION_LIMIT
2023-02-13,DECISION,SANDUSDT,POSITION_LIMIT
2023-02-14,DECISION,LTCUSDT,POSITION_LIMIT
2023-02-14,DECISION,AVAXUSDT,POSITION_LIMIT
2023-02-14,DECISION,GALAUSDT,POSITION_LIMIT
2023-02-14,DECISION,ETHUSDT,POSITION_LIMIT
2023-02-14,DECISION,MANAUSDT,POSITION_LIMIT
2023-02-14,DECISION,GMTUSDT,POSITION_LIMIT
2023-02-14,DECISION,ADAUSDT,POSITION_LIMIT
2023-02-14,DECISION,SOLUSDT,POSITION_LIMIT
2023-02-14,DECISION,DOGEUSDT,POSITION_LIMIT
2023-02-14,DECISION,XRPUSDT,POSITION_LIMIT
2023-02-14,DECISION,BNBUSDT,POSITION_LIMIT
2023-02-14,DECISION,ETCUSDT,POSITION_LIMIT
2023-02-14,DECISION,LINKUSDT,POSITION_LIMIT
2023-02-14,DECISION,SANDUSDT,POSITION_LIMIT
2023-02-15,DECISION,DYDXUSDT,POSITION_LIMIT
2023-02-15,DECISION,OPUSDT,POSITION_LIMIT
2023-02-15,DECISION,FTMUSDT,POSITION_LIMIT
2023-02-15,DECISION,AVAXUSDT,POSITION_LIMIT
2023-02-15,DECISION,APTUSDT,POSITION_LIMIT
2023-02-15,DECISION,GALAUSDT,POSITION_LIMIT
2023-02-15,DECISION,SOLUSDT,POSITION_LIMIT
2023-02-15,DECISION,GMTUSDT,POSITION_LIMIT
2023-02-15,DECISION,MANAUSDT,POSITION_LIMIT
2023-02-15,DECISION,LINKUSDT,POSITION_LIMIT
2023-02-15,DECISION,DOGEUSDT,POSITION_LIMIT
2023-02-15,DECISION,XRPUSDT,POSITION_LIMIT
2023-02-15,DECISION,BNBUSDT,POSITION_LIMIT
2023-02-15,DECISION,ETCUSDT,POSITION_LIMIT
2023-02-16,DECISION,DYDXUSDT,POSITION_LIMIT
2023-02-16,DECISION,OPUSDT,POSITION_LIMIT
2023-02-16,DECISION,FTMUSDT,POSITION_LIMIT
2023-02-16,DECISION,AVAXUSDT,POSITION_LIMIT
2023-02-16,DECISION,APTUSDT,POSITION_LIMIT
2023-02-16,DECISION,GALAUSDT,POSITION_LIMIT
2023-02-16,DECISION,SOLUSDT,POSITION_LIMIT
2023-02-16,DECISION,GMTUSDT,POSITION_LIMIT
2023-02-16,DECISION,MANAUSDT,POSITION_LIMIT
2023-02-16,DECISION,LINKUSDT,POSITION_LIMIT
2023-02-16,DECISION,DOGEUSDT,POSITION_LIMIT
2023-02-16,DECISION,BNBUSDT,POSITION_LIMIT
2023-02-16,DECISION,XRPUSDT,POSITION_LIMIT
2023-02-16,DECISION,ETCUSDT,POSITION_LIMIT
2023-02-17,DECISION,DYDXUSDT,POSITION_LIMIT
2023-02-17,DECISION,OPUSDT,POSITION_LIMIT
2023-02-17,DECISION,LINKUSDT,POSITION_LIMIT
2023-02-17,DECISION,FTMUSDT,POSITION_LIMIT
2023-02-17,DECISION,AVAXUSDT,POSITION_LIMIT
2023-02-17,DECISION,APTUSDT,POSITION_LIMIT
2023-02-17,DECISION,GALAUSDT,POSITION_LIMIT
2023-02-17,DECISION,SOLUSDT,POSITION_LIMIT
2023-02-17,DECISION,GMTUSDT,POSITION_LIMIT
2023-02-17,DECISION,MANAUSDT,POSITION_LIMIT
2023-02-17,DECISION,DOGEUSDT,POSITION_LIMIT
2023-02-17,DECISION,BNBUSDT,POSITION_LIMIT
2023-02-17,DECISION,XRPUSDT,POSITION_LIMIT
2023-02-17,DECISION,ETCUSDT,POSITION_LIMIT
2023-02-18,DECISION,LINKUSDT,POSITION_LIMIT
2023-02-18,DECISION,DYDXUSDT,POSITION_LIMIT
2023-02-18,DECISION,OPUSDT,POSITION_LIMIT
2023-02-18,DECISION,FTMUSDT,POSITION_LIMIT
2023-02-18,DECISION,AVAXUSDT,POSITION_LIMIT
2023-02-18,DECISION,APTUSDT,POSITION_LIMIT
2023-02-18,DECISION,GALAUSDT,POSITION_LIMIT
2023-02-18,DECISION,SOLUSDT,POSITION_LIMIT
2023-02-18,DECISION,GMTUSDT,POSITION_LIMIT
2023-02-18,DECISION,MANAUSDT,POSITION_LIMIT
2023-02-18,DECISION,DOGEUSDT,POSITION_LIMIT
2023-02-18,DECISION,BNBUSDT,POSITION_LIMIT
2023-02-18,DECISION,XRPUSDT,POSITION_LIMIT
2023-02-18,DECISION,ETCUSDT,POSITION_LIMIT
2023-02-19,DECISION,LINKUSDT,POSITION_LIMIT
2023-02-19,DECISION,DYDXUSDT,POSITION_LIMIT
2023-02-19,DECISION,OPUSDT,POSITION_LIMIT
2023-02-19,DECISION,FTMUSDT,POSITION_LIMIT
2023-02-19,DECISION,AVAXUSDT,POSITION_LIMIT
2023-02-19,DECISION,APTUSDT,POSITION_LIMIT
2023-02-19,DECISION,GALAUSDT,POSITION_LIMIT
2023-02-19,DECISION,SOLUSDT,POSITION_LIMIT
2023-02-19,DECISION,GMTUSDT,POSITION_LIMIT
2023-02-19,DECISION,MANAUSDT,POSITION_LIMIT
2023-02-19,DECISION,DOGEUSDT,POSITION_LIMIT
2023-02-19,DECISION,BNBUSDT,POSITION_LIMIT
2023-02-19,DECISION,XRPUSDT,POSITION_LIMIT
2023-02-19,DECISION,ETCUSDT,POSITION_LIMIT
2023-02-20,DECISION,ADAUSDT,POSITION_LIMIT
2023-02-20,DECISION,LINKUSDT,POSITION_LIMIT
2023-02-20,DECISION,DYDXUSDT,POSITION_LIMIT
2023-02-20,DECISION,OPUSDT,POSITION_LIMIT
2023-02-20,DECISION,AVAXUSDT,POSITION_LIMIT
2023-02-20,DECISION,FTMUSDT,POSITION_LIMIT
2023-02-20,DECISION,APTUSDT,POSITION_LIMIT
2023-02-20,DECISION,GALAUSDT,POSITION_LIMIT
2023-02-20,DECISION,ETCUSDT,POSITION_LIMIT
2023-02-20,DECISION,GMTUSDT,POSITION_LIMIT
2023-02-20,DECISION,SANDUSDT,POSITION_LIMIT
2023-02-20,DECISION,DOGEUSDT,POSITION_LIMIT
2023-02-20,DECISION,BNBUSDT,POSITION_LIMIT
2023-02-20,DECISION,XRPUSDT,POSITION_LIMIT
2023-02-21,DECISION,ADAUSDT,POSITION_LIMIT
2023-02-21,DECISION,LINKUSDT,POSITION_LIMIT
2023-02-21,DECISION,DYDXUSDT,POSITION_LIMIT
2023-02-21,DECISION,OPUSDT,POSITION_LIMIT
2023-02-21,DECISION,AVAXUSDT,POSITION_LIMIT
2023-02-21,DECISION,FTMUSDT,POSITION_LIMIT
2023-02-21,DECISION,APTUSDT,POSITION_LIMIT
2023-02-21,DECISION,GALAUSDT,POSITION_LIMIT
2023-02-21,DECISION,ETCUSDT,POSITION_LIMIT
2023-02-21,DECISION,GMTUSDT,POSITION_LIMIT
2023-02-21,DECISION,SANDUSDT,POSITION_LIMIT
2023-02-21,DECISION,DOGEUSDT,POSITION_LIMIT
2023-02-21,DECISION,BNBUSDT,POSITION_LIMIT
2023-02-21,DECISION,XRPUSDT,POSITION_LIMIT
2023-02-22,DECISION,LINKUSDT,POSITION_LIMIT
2023-02-22,DECISION,DYDXUSDT,POSITION_LIMIT
2023-02-22,DECISION,OPUSDT,POSITION_LIMIT
2023-02-22,DECISION,ADAUSDT,POSITION_LIMIT
2023-02-22,DECISION,AVAXUSDT,POSITION_LIMIT
2023-02-22,DECISION,FTMUSDT,POSITION_LIMIT
2023-02-22,DECISION,APTUSDT,POSITION_LIMIT
2023-02-22,DECISION,GALAUSDT,POSITION_LIMIT
2023-02-22,DECISION,ETCUSDT,POSITION_LIMIT
2023-02-22,DECISION,SANDUSDT,POSITION_LIMIT
2023-02-22,DECISION,GMTUSDT,POSITION_LIMIT
2023-02-22,DECISION,DOGEUSDT,POSITION_LIMIT
2023-02-22,DECISION,BNBUSDT,POSITION_LIMIT
2023-02-22,DECISION,XRPUSDT,POSITION_LIMIT
2023-02-23,DECISION,1000SHIBUSDT,POSITION_LIMIT
2023-02-23,DECISION,LINKUSDT,POSITION_LIMIT
2023-02-23,DECISION,DYDXUSDT,POSITION_LIMIT
2023-02-23,DECISION,ADAUSDT,POSITION_LIMIT
2023-02-23,DECISION,AVAXUSDT,POSITION_LIMIT
2023-02-23,DECISION,FTMUSDT,POSITION_LIMIT
2023-02-23,DECISION,APTUSDT,POSITION_LIMIT
2023-02-23,DECISION,GALAUSDT,POSITION_LIMIT
2023-02-23,DECISION,SANDUSDT,POSITION_LIMIT
2023-02-23,DECISION,GMTUSDT,POSITION_LIMIT
2023-02-23,DECISION,DOGEUSDT,POSITION_LIMIT
2023-02-23,DECISION,BNBUSDT,POSITION_LIMIT
2023-02-23,DECISION,XRPUSDT,POSITION_LIMIT
2023-02-23,DECISION,ETCUSDT,POSITION_LIMIT
2023-02-24,DECISION,DYDXUSDT,POSITION_LIMIT
2023-02-24,DECISION,LTCUSDT,POSITION_LIMIT
2023-02-24,DECISION,1000SHIBUSDT,POSITION_LIMIT
2023-02-24,DECISION,LINKUSDT,POSITION_LIMIT
2023-02-24,DECISION,FTMUSDT,POSITION_LIMIT
2023-02-24,DECISION,ADAUSDT,POSITION_LIMIT
2023-02-24,DECISION,AVAXUSDT,POSITION_LIMIT
2023-02-24,DECISION,APTUSDT,POSITION_LIMIT
2023-02-24,DECISION,GALAUSDT,POSITION_LIMIT
2023-02-24,DECISION,DOGEUSDT,POSITION_LIMIT
2023-02-24,DECISION,BNBUSDT,POSITION_LIMIT
2023-02-24,DECISION,XRPUSDT,POSITION_LIMIT
2023-02-24,DECISION,ETCUSDT,POSITION_LIMIT
2023-02-24,DECISION,SANDUSDT,POSITION_LIMIT
2023-02-25,DECISION,DYDXUSDT,POSITION_LIMIT
2023-02-25,DECISION,LTCUSDT,POSITION_LIMIT
2023-02-25,DECISION,LINKUSDT,POSITION_LIMIT
2023-02-25,DECISION,FTMUSDT,POSITION_LIMIT
2023-02-25,DECISION,1000SHIBUSDT,POSITION_LIMIT
2023-02-25,DECISION,ADAUSDT,POSITION_LIMIT
2023-02-25,DECISION,AVAXUSDT,POSITION_LIMIT
2023-02-25,DECISION,GALAUSDT,POSITION_LIMIT
2023-02-25,DECISION,APTUSDT,POSITION_LIMIT
2023-02-25,DECISION,DOGEUSDT,POSITION_LIMIT
2023-02-25,DECISION,BNBUSDT,POSITION_LIMIT
2023-02-25,DECISION,XRPUSDT,POSITION_LIMIT
2023-02-25,DECISION,ETCUSDT,POSITION_LIMIT
2023-02-25,DECISION,SANDUSDT,POSITION_LIMIT
2023-02-26,DECISION,DYDXUSDT,POSITION_LIMIT
2023-02-26,DECISION,LTCUSDT,POSITION_LIMIT
2023-02-26,DECISION,LINKUSDT,POSITION_LIMIT
2023-02-26,DECISION,FTMUSDT,POSITION_LIMIT
2023-02-26,DECISION,1000SHIBUSDT,POSITION_LIMIT
2023-02-26,DECISION,ADAUSDT,POSITION_LIMIT
2023-02-26,DECISION,AVAXUSDT,POSITION_LIMIT
2023-02-26,DECISION,GALAUSDT,POSITION_LIMIT
2023-02-26,DECISION,APTUSDT,POSITION_LIMIT
2023-02-26,DECISION,DOGEUSDT,POSITION_LIMIT
2023-02-26,DECISION,BNBUSDT,POSITION_LIMIT
2023-02-26,DECISION,XRPUSDT,POSITION_LIMIT
2023-02-26,DECISION,ETCUSDT,POSITION_LIMIT
2023-02-26,DECISION,SANDUSDT,POSITION_LIMIT
2023-02-27,DECISION,DYDXUSDT,POSITION_LIMIT
2023-02-27,DECISION,LTCUSDT,POSITION_LIMIT
2023-02-27,DECISION,FTMUSDT,POSITION_LIMIT
2023-02-27,DECISION,1000SHIBUSDT,POSITION_LIMIT
2023-02-27,DECISION,ADAUSDT,POSITION_LIMIT
2023-02-27,DECISION,LINKUSDT,POSITION_LIMIT
2023-02-27,DECISION,AVAXUSDT,POSITION_LIMIT
2023-02-27,DECISION,GALAUSDT,POSITION_LIMIT
2023-02-27,DECISION,APTUSDT,POSITION_LIMIT
2023-02-27,DECISION,DOGEUSDT,POSITION_LIMIT
2023-02-27,DECISION,BNBUSDT,POSITION_LIMIT
2023-02-27,DECISION,XRPUSDT,POSITION_LIMIT
2023-02-27,DECISION,ETCUSDT,POSITION_LIMIT
2023-02-27,DECISION,SANDUSDT,POSITION_LIMIT
2023-02-28,DECISION,LTCUSDT,POSITION_LIMIT
2023-02-28,DECISION,FILUSDT,POSITION_LIMIT
2023-02-28,DECISION,SOLUSDT,POSITION_LIMIT
2023-02-28,DECISION,LINKUSDT,POSITION_LIMIT
2023-02-28,DECISION,1000SHIBUSDT,POSITION_LIMIT
2023-02-28,DECISION,FTMUSDT,POSITION_LIMIT
2023-02-28,DECISION,AVAXUSDT,POSITION_LIMIT
2023-02-28,DECISION,APTUSDT,POSITION_LIMIT
2023-02-28,DECISION,DOGEUSDT,POSITION_LIMIT
2023-02-28,DECISION,BNBUSDT,POSITION_LIMIT
2023-02-28,DECISION,XRPUSDT,POSITION_LIMIT
2023-02-28,DECISION,ADAUSDT,POSITION_LIMIT
2023-02-28,DECISION,ETCUSDT,POSITION_LIMIT
2023-03-01,DECISION,MATICUSDT,POSITION_LIMIT
2023-03-01,DECISION,FILUSDT,POSITION_LIMIT
2023-03-01,DECISION,SOLUSDT,POSITION_LIMIT
2023-03-01,DECISION,LINKUSDT,POSITION_LIMIT
2023-03-01,DECISION,1000SHIBUSDT,POSITION_LIMIT
2023-03-01,DECISION,FTMUSDT,POSITION_LIMIT
2023-03-01,DECISION,AVAXUSDT,POSITION_LIMIT
2023-03-01,DECISION,APTUSDT,POSITION_LIMIT
2023-03-01,DECISION,DOGEUSDT,POSITION_LIMIT
2023-03-01,DECISION,BNBUSDT,POSITION_LIMIT
2023-03-01,DECISION,XRPUSDT,POSITION_LIMIT
2023-03-01,DECISION,ADAUSDT,POSITION_LIMIT
2023-03-01,DECISION,ETCUSDT,POSITION_LIMIT
2023-03-02,DECISION,MATICUSDT,POSITION_LIMIT
2023-03-02,DECISION,FILUSDT,POSITION_LIMIT
2023-03-02,DECISION,SOLUSDT,POSITION_LIMIT
2023-03-02,DECISION,LINKUSDT,POSITION_LIMIT
2023-03-02,DECISION,1000SHIBUSDT,POSITION_LIMIT
2023-03-02,DECISION,FTMUSDT,POSITION_LIMIT
2023-03-02,DECISION,AVAXUSDT,POSITION_LIMIT
2023-03-02,DECISION,GALAUSDT,POSITION_LIMIT
2023-03-02,DECISION,APTUSDT,POSITION_LIMIT
2023-03-02,DECISION,DOGEUSDT,POSITION_LIMIT
2023-03-02,DECISION,XRPUSDT,POSITION_LIMIT
2023-03-02,DECISION,BNBUSDT,POSITION_LIMIT
2023-03-02,DECISION,ADAUSDT,POSITION_LIMIT
2023-03-02,DECISION,ETCUSDT,POSITION_LIMIT
2023-03-03,DECISION,SOLUSDT,POSITION_LIMIT
2023-03-03,DECISION,MATICUSDT,POSITION_LIMIT
2023-03-03,DECISION,LINKUSDT,POSITION_LIMIT
2023-03-03,DECISION,FTMUSDT,POSITION_LIMIT
2023-03-03,DECISION,LTCUSDT,POSITION_LIMIT
2023-03-03,DECISION,1000SHIBUSDT,POSITION_LIMIT
2023-03-03,DECISION,AVAXUSDT,POSITION_LIMIT
2023-03-03,DECISION,APTUSDT,POSITION_LIMIT
2023-03-03,DECISION,DOGEUSDT,POSITION_LIMIT
2023-03-03,DECISION,XRPUSDT,POSITION_LIMIT
2023-03-03,DECISION,ADAUSDT,POSITION_LIMIT
2023-03-03,DECISION,GALAUSDT,POSITION_LIMIT
2023-03-04,DECISION,MATICUSDT,POSITION_LIMIT
2023-03-04,DECISION,LINKUSDT,POSITION_LIMIT
2023-03-04,DECISION,DYDXUSDT,POSITION_LIMIT
2023-03-04,DECISION,FTMUSDT,POSITION_LIMIT
2023-03-04,DECISION,LTCUSDT,POSITION_LIMIT
2023-03-04,DECISION,1000SHIBUSDT,POSITION_LIMIT
2023-03-04,DECISION,AVAXUSDT,POSITION_LIMIT
2023-03-04,DECISION,APTUSDT,POSITION_LIMIT
2023-03-04,DECISION,DOGEUSDT,POSITION_LIMIT
2023-03-04,DECISION,XRPUSDT,POSITION_LIMIT
2023-03-04,DECISION,ADAUSDT,POSITION_LIMIT
2023-03-04,DECISION,GALAUSDT,POSITION_LIMIT
2023-03-05,DECISION,MATICUSDT,POSITION_LIMIT
2023-03-05,DECISION,LINKUSDT,POSITION_LIMIT
2023-03-05,DECISION,GRTUSDT,POSITION_LIMIT
2023-03-05,DECISION,DYDXUSDT,POSITION_LIMIT
2023-03-05,DECISION,FTMUSDT,POSITION_LIMIT
2023-03-05,DECISION,LTCUSDT,POSITION_LIMIT
2023-03-05,DECISION,1000SHIBUSDT,POSITION_LIMIT
2023-03-05,DECISION,APTUSDT,POSITION_LIMIT
2023-03-05,DECISION,DOGEUSDT,POSITION_LIMIT
2023-03-05,DECISION,XRPUSDT,POSITION_LIMIT
2023-03-05,DECISION,ADAUSDT,POSITION_LIMIT
2023-03-05,DECISION,GALAUSDT,POSITION_LIMIT
2023-03-06,DECISION,LINKUSDT,POSITION_LIMIT
2023-03-06,DECISION,GRTUSDT,POSITION_LIMIT
2023-03-06,DECISION,SOLUSDT,POSITION_LIMIT
2023-03-06,DECISION,DYDXUSDT,POSITION_LIMIT
2023-03-06,DECISION,FTMUSDT,POSITION_LIMIT
2023-03-06,DECISION,LTCUSDT,POSITION_LIMIT
2023-03-06,DECISION,1000SHIBUSDT,POSITION_LIMIT
2023-03-06,DECISION,AVAXUSDT,POSITION_LIMIT
2023-03-06,DECISION,APTUSDT,POSITION_LIMIT
2023-03-06,DECISION,DOGEUSDT,POSITION_LIMIT
2023-03-06,DECISION,XRPUSDT,POSITION_LIMIT
2023-03-06,DECISION,ADAUSDT,POSITION_LIMIT
2023-03-07,DECISION,LINKUSDT,POSITION_LIMIT
2023-03-07,DECISION,GRTUSDT,POSITION_LIMIT
2023-03-07,DECISION,SOLUSDT,POSITION_LIMIT
2023-03-07,DECISION,DYDXUSDT,POSITION_LIMIT
2023-03-07,DECISION,FTMUSDT,POSITION_LIMIT
2023-03-07,DECISION,LTCUSDT,POSITION_LIMIT
2023-03-07,DECISION,1000SHIBUSDT,POSITION_LIMIT
2023-03-07,DECISION,APTUSDT,POSITION_LIMIT
2023-03-07,DECISION,DOGEUSDT,POSITION_LIMIT
2023-03-07,DECISION,XRPUSDT,POSITION_LIMIT
2023-03-07,DECISION,ADAUSDT,POSITION_LIMIT
2023-03-07,DECISION,GALAUSDT,POSITION_LIMIT
2023-03-08,DECISION,DYDXUSDT,POSITION_LIMIT
2023-03-08,DECISION,XRPUSDT,POSITION_LIMIT
2023-03-08,DECISION,FTMUSDT,POSITION_LIMIT
2023-03-08,DECISION,LTCUSDT,POSITION_LIMIT
2023-03-08,DECISION,1000SHIBUSDT,POSITION_LIMIT
2023-03-08,DECISION,APTUSDT,POSITION_LIMIT
2023-03-08,DECISION,DOGEUSDT,POSITION_LIMIT
2023-03-08,DECISION,LINKUSDT,POSITION_LIMIT
2023-03-08,DECISION,GALAUSDT,POSITION_LIMIT
2023-03-08,DECISION,AVAXUSDT,POSITION_LIMIT
2023-03-09,DECISION,FTMUSDT,POSITION_LIMIT
2023-03-09,DECISION,BTCUSDT,POSITION_LIMIT
2023-03-09,DECISION,ETHUSDT,POSITION_LIMIT
2023-03-09,DECISION,APTUSDT,POSITION_LIMIT
2023-03-09,DECISION,LTCUSDT,POSITION_LIMIT
2023-03-09,DECISION,1000SHIBUSDT,POSITION_LIMIT
2023-03-09,DECISION,GALAUSDT,POSITION_LIMIT
2023-03-09,DECISION,AVAXUSDT,POSITION_LIMIT
2023-03-10,DECISION,FTMUSDT,POSITION_LIMIT
2023-03-10,DECISION,BTCUSDT,POSITION_LIMIT
2023-03-10,DECISION,ETHUSDT,POSITION_LIMIT
2023-03-10,DECISION,APTUSDT,POSITION_LIMIT
2023-03-10,DECISION,LTCUSDT,POSITION_LIMIT
2023-03-10,DECISION,1000SHIBUSDT,POSITION_LIMIT
2023-03-10,DECISION,GALAUSDT,POSITION_LIMIT
2023-03-10,DECISION,AVAXUSDT,POSITION_LIMIT
2023-03-11,DECISION,OPUSDT,POSITION_LIMIT
2023-03-11,DECISION,XRPUSDT,POSITION_LIMIT
2023-03-11,DECISION,LTCUSDT,POSITION_LIMIT
2023-03-11,DECISION,FTMUSDT,POSITION_LIMIT
2023-03-11,DECISION,1000SHIBUSDT,POSITION_LIMIT
2023-03-11,DECISION,GALAUSDT,POSITION_LIMIT
2023-03-11,DECISION,AVAXUSDT,POSITION_LIMIT
2023-03-12,FILL,BTCUSDT,BELOW_EXCHANGE_MINIMUM_NOTIONAL
2023-03-12,DECISION,OPUSDT,POSITION_LIMIT
2023-03-12,DECISION,XRPUSDT,POSITION_LIMIT
2023-03-12,DECISION,LTCUSDT,POSITION_LIMIT
2023-03-12,DECISION,FTMUSDT,POSITION_LIMIT
2023-03-12,DECISION,1000SHIBUSDT,POSITION_LIMIT
2023-03-12,DECISION,AVAXUSDT,POSITION_LIMIT
2023-03-12,DECISION,GALAUSDT,POSITION_LIMIT
2023-03-13,FILL,BTCUSDT,BELOW_EXCHANGE_MINIMUM_NOTIONAL
2023-03-13,DECISION,LDOUSDT,POSITION_LIMIT
2023-03-13,DECISION,APTUSDT,POSITION_LIMIT
2023-03-13,DECISION,XRPUSDT,POSITION_LIMIT
2023-03-13,DECISION,BNBUSDT,POSITION_LIMIT
2023-03-13,DECISION,LTCUSDT,POSITION_LIMIT
2023-03-13,DECISION,FTMUSDT,POSITION_LIMIT
2023-03-13,DECISION,ADAUSDT,POSITION_LIMIT
2023-03-13,DECISION,1000SHIBUSDT,POSITION_LIMIT
2023-03-13,DECISION,AVAXUSDT,POSITION_LIMIT
2023-03-13,DECISION,EOSUSDT,POSITION_LIMIT
2023-03-14,FILL,BTCUSDT,BELOW_EXCHANGE_MINIMUM_NOTIONAL
2023-03-14,DECISION,OPUSDT,POSITION_LIMIT
2023-03-14,DECISION,FTMUSDT,POSITION_LIMIT
2023-03-14,DECISION,1000SHIBUSDT,POSITION_LIMIT
2023-03-14,DECISION,AVAXUSDT,POSITION_LIMIT
2023-03-14,DECISION,APTUSDT,POSITION_LIMIT
2023-03-14,DECISION,XRPUSDT,POSITION_LIMIT
2023-03-14,DECISION,BNBUSDT,POSITION_LIMIT
2023-03-14,DECISION,LTCUSDT,POSITION_LIMIT
2023-03-14,DECISION,ADAUSDT,POSITION_LIMIT
2023-03-14,DECISION,LINKUSDT,POSITION_LIMIT
2023-03-14,DECISION,EOSUSDT,POSITION_LIMIT
2023-03-14,DECISION,ETCUSDT,POSITION_LIMIT
2023-03-15,DECISION,OPUSDT,POSITION_LIMIT
2023-03-15,DECISION,FTMUSDT,POSITION_LIMIT
2023-03-15,DECISION,AVAXUSDT,POSITION_LIMIT
2023-03-15,DECISION,1000SHIBUSDT,POSITION_LIMIT
2023-03-15,DECISION,APTUSDT,POSITION_LIMIT
2023-03-15,DECISION,XRPUSDT,POSITION_LIMIT
2023-03-15,DECISION,BNBUSDT,POSITION_LIMIT
2023-03-15,DECISION,LTCUSDT,POSITION_LIMIT
2023-03-15,DECISION,ADAUSDT,POSITION_LIMIT
2023-03-15,DECISION,EOSUSDT,POSITION_LIMIT
2023-03-15,DECISION,LINKUSDT,POSITION_LIMIT
2023-03-15,DECISION,ETCUSDT,POSITION_LIMIT
2023-03-16,DECISION,LDOUSDT,POSITION_LIMIT
2023-03-16,DECISION,OPUSDT,POSITION_LIMIT
2023-03-16,DECISION,FTMUSDT,POSITION_LIMIT
2023-03-16,DECISION,AVAXUSDT,POSITION_LIMIT
2023-03-16,DECISION,1000SHIBUSDT,POSITION_LIMIT
2023-03-16,DECISION,APTUSDT,POSITION_LIMIT
2023-03-16,DECISION,XRPUSDT,POSITION_LIMIT
2023-03-16,DECISION,LTCUSDT,POSITION_LIMIT
2023-03-16,DECISION,ADAUSDT,POSITION_LIMIT
2023-03-16,DECISION,EOSUSDT,POSITION_LIMIT
2023-03-16,DECISION,LINKUSDT,POSITION_LIMIT
2023-03-16,DECISION,ETCUSDT,POSITION_LIMIT
2023-03-17,DECISION,FTMUSDT,POSITION_LIMIT
2023-03-17,DECISION,LDOUSDT,POSITION_LIMIT
2023-03-17,DECISION,GALAUSDT,POSITION_LIMIT
2023-03-17,DECISION,OPUSDT,POSITION_LIMIT
2023-03-17,DECISION,AVAXUSDT,POSITION_LIMIT
2023-03-17,DECISION,1000SHIBUSDT,POSITION_LIMIT
2023-03-17,DECISION,SOLUSDT,POSITION_LIMIT
2023-03-17,DECISION,APTUSDT,POSITION_LIMIT
2023-03-17,DECISION,XRPUSDT,POSITION_LIMIT
2023-03-17,DECISION,LTCUSDT,POSITION_LIMIT
2023-03-17,DECISION,DOGEUSDT,POSITION_LIMIT
2023-03-17,DECISION,ADAUSDT,POSITION_LIMIT
2023-03-17,DECISION,EOSUSDT,POSITION_LIMIT
2023-03-17,DECISION,LINKUSDT,POSITION_LIMIT
2023-03-18,DECISION,FTMUSDT,POSITION_LIMIT
2023-03-18,DECISION,LDOUSDT,POSITION_LIMIT
2023-03-18,DECISION,GALAUSDT,POSITION_LIMIT
2023-03-18,DECISION,OPUSDT,POSITION_LIMIT
2023-03-18,DECISION,AVAXUSDT,POSITION_LIMIT
2023-03-18,DECISION,1000SHIBUSDT,POSITION_LIMIT
2023-03-18,DECISION,SOLUSDT,POSITION_LIMIT
2023-03-18,DECISION,APTUSDT,POSITION_LIMIT
2023-03-18,DECISION,XRPUSDT,POSITION_LIMIT
2023-03-18,DECISION,LTCUSDT,POSITION_LIMIT
2023-03-18,DECISION,DOGEUSDT,POSITION_LIMIT
2023-03-18,DECISION,ADAUSDT,POSITION_LIMIT
2023-03-18,DECISION,EOSUSDT,POSITION_LIMIT
2023-03-18,DECISION,LINKUSDT,POSITION_LIMIT
2023-03-19,DECISION,FTMUSDT,POSITION_LIMIT
2023-03-19,DECISION,LDOUSDT,POSITION_LIMIT
2023-03-19,DECISION,GALAUSDT,POSITION_LIMIT
2023-03-19,DECISION,OPUSDT,POSITION_LIMIT
2023-03-19,DECISION,XRPUSDT,POSITION_LIMIT
2023-03-19,DECISION,EOSUSDT,POSITION_LIMIT
2023-03-19,DECISION,AVAXUSDT,POSITION_LIMIT
2023-03-19,DECISION,1000SHIBUSDT,POSITION_LIMIT
2023-03-19,DECISION,SOLUSDT,POSITION_LIMIT
2023-03-19,DECISION,APTUSDT,POSITION_LIMIT
2023-03-19,DECISION,LTCUSDT,POSITION_LIMIT
2023-03-19,DECISION,DOGEUSDT,POSITION_LIMIT
2023-03-19,DECISION,ADAUSDT,POSITION_LIMIT
2023-03-19,DECISION,LINKUSDT,POSITION_LIMIT
2023-03-20,DECISION,GALAUSDT,POSITION_LIMIT
2023-03-20,DECISION,OPUSDT,POSITION_LIMIT
2023-03-20,DECISION,MATICUSDT,POSITION_LIMIT
2023-03-20,DECISION,XRPUSDT,POSITION_LIMIT
2023-03-20,DECISION,LDOUSDT,POSITION_LIMIT
2023-03-20,DECISION,EOSUSDT,POSITION_LIMIT
2023-03-20,DECISION,AVAXUSDT,POSITION_LIMIT
2023-03-20,DECISION,1000SHIBUSDT,POSITION_LIMIT
2023-03-20,DECISION,SOLUSDT,POSITION_LIMIT
2023-03-20,DECISION,LTCUSDT,POSITION_LIMIT
2023-03-20,DECISION,DOGEUSDT,POSITION_LIMIT
2023-03-20,DECISION,ADAUSDT,POSITION_LIMIT
2023-03-20,DECISION,LINKUSDT,POSITION_LIMIT
2023-03-21,DECISION,FTMUSDT,POSITION_LIMIT
2023-03-21,DECISION,GALAUSDT,POSITION_LIMIT
2023-03-21,DECISION,OPUSDT,POSITION_LIMIT
2023-03-21,DECISION,SOLUSDT,POSITION_LIMIT
2023-03-21,DECISION,MATICUSDT,POSITION_LIMIT
2023-03-21,DECISION,LDOUSDT,POSITION_LIMIT
2023-03-21,DECISION,ADAUSDT,POSITION_LIMIT
2023-03-21,DECISION,EOSUSDT,POSITION_LIMIT
2023-03-21,DECISION,AVAXUSDT,POSITION_LIMIT
2023-03-21,DECISION,1000SHIBUSDT,POSITION_LIMIT
2023-03-21,DECISION,LTCUSDT,POSITION_LIMIT
2023-03-21,DECISION,DOGEUSDT,POSITION_LIMIT
2023-03-21,DECISION,LINKUSDT,POSITION_LIMIT
2023-03-22,DECISION,FTMUSDT,POSITION_LIMIT
2023-03-22,DECISION,OPUSDT,POSITION_LIMIT
2023-03-22,DECISION,SOLUSDT,POSITION_LIMIT
2023-03-22,DECISION,MATICUSDT,POSITION_LIMIT
2023-03-22,DECISION,LTCUSDT,POSITION_LIMIT
2023-03-22,DECISION,LDOUSDT,POSITION_LIMIT
2023-03-22,DECISION,ADAUSDT,POSITION_LIMIT
2023-03-22,DECISION,GALAUSDT,POSITION_LIMIT
2023-03-22,DECISION,AVAXUSDT,POSITION_LIMIT
2023-03-22,DECISION,1000SHIBUSDT,POSITION_LIMIT
2023-03-22,DECISION,DOGEUSDT,POSITION_LIMIT
2023-03-22,DECISION,EOSUSDT,POSITION_LIMIT
2023-03-22,DECISION,LINKUSDT,POSITION_LIMIT
2023-03-23,DECISION,LTCUSDT,POSITION_LIMIT
2023-03-23,DECISION,DYDXUSDT,POSITION_LIMIT
2023-03-23,DECISION,FTMUSDT,POSITION_LIMIT
2023-03-23,DECISION,OPUSDT,POSITION_LIMIT
2023-03-23,DECISION,SOLUSDT,POSITION_LIMIT
2023-03-23,DECISION,MATICUSDT,POSITION_LIMIT
2023-03-23,DECISION,DOGEUSDT,POSITION_LIMIT
2023-03-23,DECISION,ADAUSDT,POSITION_LIMIT
2023-03-23,DECISION,LDOUSDT,POSITION_LIMIT
2023-03-23,DECISION,GALAUSDT,POSITION_LIMIT
2023-03-23,DECISION,AVAXUSDT,POSITION_LIMIT
2023-03-23,DECISION,LINKUSDT,POSITION_LIMIT
2023-03-23,DECISION,EOSUSDT,POSITION_LIMIT
2023-03-24,DECISION,LTCUSDT,POSITION_LIMIT
2023-03-24,DECISION,FTMUSDT,POSITION_LIMIT
2023-03-24,DECISION,MATICUSDT,POSITION_LIMIT
2023-03-24,DECISION,DOGEUSDT,POSITION_LIMIT
2023-03-24,DECISION,DYDXUSDT,POSITION_LIMIT
2023-03-24,DECISION,ADAUSDT,POSITION_LIMIT
2023-03-24,DECISION,LDOUSDT,POSITION_LIMIT
2023-03-24,DECISION,GALAUSDT,POSITION_LIMIT
2023-03-24,DECISION,LINKUSDT,POSITION_LIMIT
2023-03-24,DECISION,AVAXUSDT,POSITION_LIMIT
2023-03-24,DECISION,OPUSDT,POSITION_LIMIT
2023-03-24,DECISION,SOLUSDT,POSITION_LIMIT
2023-03-24,DECISION,EOSUSDT,POSITION_LIMIT
2023-03-25,DECISION,LTCUSDT,POSITION_LIMIT
2023-03-25,DECISION,MATICUSDT,POSITION_LIMIT
2023-03-25,DECISION,DYDXUSDT,POSITION_LIMIT
2023-03-25,DECISION,DOGEUSDT,POSITION_LIMIT
2023-03-25,DECISION,FTMUSDT,POSITION_LIMIT
2023-03-25,DECISION,ADAUSDT,POSITION_LIMIT
2023-03-25,DECISION,GALAUSDT,POSITION_LIMIT
2023-03-25,DECISION,LINKUSDT,POSITION_LIMIT
2023-03-25,DECISION,AVAXUSDT,POSITION_LIMIT
2023-03-25,DECISION,OPUSDT,POSITION_LIMIT
2023-03-25,DECISION,SOLUSDT,POSITION_LIMIT
2023-03-25,DECISION,LDOUSDT,POSITION_LIMIT
2023-03-25,DECISION,EOSUSDT,POSITION_LIMIT
2023-03-26,DECISION,FILUSDT,POSITION_LIMIT
2023-03-26,DECISION,MATICUSDT,POSITION_LIMIT
2023-03-26,DECISION,DYDXUSDT,POSITION_LIMIT
2023-03-26,DECISION,DOGEUSDT,POSITION_LIMIT
2023-03-26,DECISION,FTMUSDT,POSITION_LIMIT
2023-03-26,DECISION,ADAUSDT,POSITION_LIMIT
2023-03-26,DECISION,GALAUSDT,POSITION_LIMIT
2023-03-26,DECISION,LINKUSDT,POSITION_LIMIT
2023-03-26,DECISION,AVAXUSDT,POSITION_LIMIT
2023-03-26,DECISION,OPUSDT,POSITION_LIMIT
2023-03-26,DECISION,SOLUSDT,POSITION_LIMIT
2023-03-26,DECISION,LDOUSDT,POSITION_LIMIT
2023-03-26,DECISION,EOSUSDT,POSITION_LIMIT
2023-03-27,DECISION,FILUSDT,POSITION_LIMIT
2023-03-27,DECISION,MATICUSDT,POSITION_LIMIT
2023-03-27,DECISION,DYDXUSDT,POSITION_LIMIT
2023-03-27,DECISION,OPUSDT,POSITION_LIMIT
2023-03-27,DECISION,DOGEUSDT,POSITION_LIMIT
2023-03-27,DECISION,FTMUSDT,POSITION_LIMIT
2023-03-27,DECISION,LDOUSDT,POSITION_LIMIT
2023-03-27,DECISION,ADAUSDT,POSITION_LIMIT
2023-03-27,DECISION,EOSUSDT,POSITION_LIMIT
2023-03-27,DECISION,GALAUSDT,POSITION_LIMIT
2023-03-27,DECISION,AVAXUSDT,POSITION_LIMIT
2023-03-28,DECISION,MATICUSDT,POSITION_LIMIT
2023-03-28,DECISION,LTCUSDT,POSITION_LIMIT
2023-03-28,DECISION,DYDXUSDT,POSITION_LIMIT
2023-03-28,DECISION,OPUSDT,POSITION_LIMIT
2023-03-28,DECISION,DOGEUSDT,POSITION_LIMIT
2023-03-28,DECISION,FTMUSDT,POSITION_LIMIT
2023-03-28,DECISION,LDOUSDT,POSITION_LIMIT
2023-03-28,DECISION,ADAUSDT,POSITION_LIMIT
2023-03-28,DECISION,EOSUSDT,POSITION_LIMIT
2023-03-28,DECISION,GALAUSDT,POSITION_LIMIT
2023-03-28,DECISION,AVAXUSDT,POSITION_LIMIT
2023-03-29,DECISION,ADAUSDT,POSITION_LIMIT
2023-03-29,DECISION,MATICUSDT,POSITION_LIMIT
2023-03-29,DECISION,LTCUSDT,POSITION_LIMIT
2023-03-29,DECISION,DYDXUSDT,POSITION_LIMIT
2023-03-29,DECISION,OPUSDT,POSITION_LIMIT
2023-03-29,DECISION,DOGEUSDT,POSITION_LIMIT
2023-03-29,DECISION,FTMUSDT,POSITION_LIMIT
2023-03-29,DECISION,LDOUSDT,POSITION_LIMIT
2023-03-29,DECISION,EOSUSDT,POSITION_LIMIT
2023-03-29,DECISION,GALAUSDT,POSITION_LIMIT
2023-03-29,DECISION,AVAXUSDT,POSITION_LIMIT
2023-03-30,DECISION,ADAUSDT,POSITION_LIMIT
2023-03-30,DECISION,EOSUSDT,POSITION_LIMIT
2023-03-30,DECISION,MATICUSDT,POSITION_LIMIT
2023-03-30,DECISION,LTCUSDT,POSITION_LIMIT
2023-03-30,DECISION,DYDXUSDT,POSITION_LIMIT
2023-03-30,DECISION,OPUSDT,POSITION_LIMIT
2023-03-30,DECISION,DOGEUSDT,POSITION_LIMIT
2023-03-30,DECISION,FTMUSDT,POSITION_LIMIT
2023-03-30,DECISION,LDOUSDT,POSITION_LIMIT
2023-03-30,DECISION,GALAUSDT,POSITION_LIMIT
2023-03-30,DECISION,AVAXUSDT,POSITION_LIMIT
2023-03-31,DECISION,ADAUSDT,POSITION_LIMIT
2023-03-31,DECISION,EOSUSDT,POSITION_LIMIT
2023-03-31,DECISION,AVAXUSDT,POSITION_LIMIT
2023-03-31,DECISION,MATICUSDT,POSITION_LIMIT
2023-03-31,DECISION,LTCUSDT,POSITION_LIMIT
2023-03-31,DECISION,DYDXUSDT,POSITION_LIMIT
2023-03-31,DECISION,LDOUSDT,POSITION_LIMIT
2023-03-31,DECISION,OPUSDT,POSITION_LIMIT
2023-03-31,DECISION,DOGEUSDT,POSITION_LIMIT
2023-03-31,DECISION,FTMUSDT,POSITION_LIMIT
2023-03-31,DECISION,GALAUSDT,POSITION_LIMIT
2023-04-01,DECISION,FILUSDT,POSITION_LIMIT
2023-04-01,DECISION,DOGEUSDT,POSITION_LIMIT
2023-04-01,DECISION,ADAUSDT,POSITION_LIMIT
2023-04-01,DECISION,EOSUSDT,POSITION_LIMIT
2023-04-01,DECISION,MATICUSDT,POSITION_LIMIT
2023-04-01,DECISION,LTCUSDT,POSITION_LIMIT
2023-04-01,DECISION,DYDXUSDT,POSITION_LIMIT
2023-04-01,DECISION,LDOUSDT,POSITION_LIMIT
2023-04-01,DECISION,OPUSDT,POSITION_LIMIT
2023-04-01,DECISION,FTMUSDT,POSITION_LIMIT
2023-04-01,DECISION,GALAUSDT,POSITION_LIMIT
2023-04-02,DECISION,DOGEUSDT,POSITION_LIMIT
2023-04-02,DECISION,FILUSDT,POSITION_LIMIT
2023-04-02,DECISION,ADAUSDT,POSITION_LIMIT
2023-04-02,DECISION,EOSUSDT,POSITION_LIMIT
2023-04-02,DECISION,MATICUSDT,POSITION_LIMIT
2023-04-02,DECISION,LTCUSDT,POSITION_LIMIT
2023-04-02,DECISION,DYDXUSDT,POSITION_LIMIT
2023-04-02,DECISION,LDOUSDT,POSITION_LIMIT
2023-04-02,DECISION,OPUSDT,POSITION_LIMIT
2023-04-02,DECISION,FTMUSDT,POSITION_LIMIT
2023-04-02,DECISION,GALAUSDT,POSITION_LIMIT
2023-04-03,DECISION,FILUSDT,POSITION_LIMIT
2023-04-03,DECISION,ADAUSDT,POSITION_LIMIT
2023-04-03,DECISION,EOSUSDT,POSITION_LIMIT
2023-04-03,DECISION,AVAXUSDT,POSITION_LIMIT
2023-04-03,DECISION,MATICUSDT,POSITION_LIMIT
2023-04-03,DECISION,LTCUSDT,POSITION_LIMIT
2023-04-03,DECISION,DYDXUSDT,POSITION_LIMIT
2023-04-03,DECISION,LDOUSDT,POSITION_LIMIT
2023-04-03,DECISION,OPUSDT,POSITION_LIMIT
2023-04-03,DECISION,FTMUSDT,POSITION_LIMIT
2023-04-03,DECISION,GALAUSDT,POSITION_LIMIT
2023-04-04,DECISION,BNBUSDT,POSITION_LIMIT
2023-04-04,DECISION,FILUSDT,POSITION_LIMIT
2023-04-04,DECISION,ADAUSDT,POSITION_LIMIT
2023-04-04,DECISION,LDOUSDT,POSITION_LIMIT
2023-04-04,DECISION,EOSUSDT,POSITION_LIMIT
2023-04-04,DECISION,LTCUSDT,POSITION_LIMIT
2023-04-04,DECISION,DYDXUSDT,POSITION_LIMIT
2023-04-04,DECISION,1000SHIBUSDT,POSITION_LIMIT
2023-04-04,DECISION,OPUSDT,POSITION_LIMIT
2023-04-04,DECISION,FTMUSDT,POSITION_LIMIT
2023-04-04,DECISION,GALAUSDT,POSITION_LIMIT
2023-04-05,DECISION,BNBUSDT,POSITION_LIMIT
2023-04-05,DECISION,FILUSDT,POSITION_LIMIT
2023-04-05,DECISION,DYDXUSDT,POSITION_LIMIT
2023-04-05,DECISION,ADAUSDT,POSITION_LIMIT
2023-04-05,DECISION,LDOUSDT,POSITION_LIMIT
2023-04-05,DECISION,EOSUSDT,POSITION_LIMIT
2023-04-05,DECISION,1000SHIBUSDT,POSITION_LIMIT
2023-04-05,DECISION,LTCUSDT,POSITION_LIMIT
2023-04-05,DECISION,OPUSDT,POSITION_LIMIT
2023-04-05,DECISION,FTMUSDT,POSITION_LIMIT
2023-04-05,DECISION,GALAUSDT,POSITION_LIMIT
2023-04-06,DECISION,BNBUSDT,POSITION_LIMIT
2023-04-06,DECISION,FILUSDT,POSITION_LIMIT
2023-04-06,DECISION,DYDXUSDT,POSITION_LIMIT
2023-04-06,DECISION,ADAUSDT,POSITION_LIMIT
2023-04-06,DECISION,LDOUSDT,POSITION_LIMIT
2023-04-06,DECISION,EOSUSDT,POSITION_LIMIT
2023-04-06,DECISION,1000SHIBUSDT,POSITION_LIMIT
2023-04-06,DECISION,ETCUSDT,POSITION_LIMIT
2023-04-06,DECISION,LTCUSDT,POSITION_LIMIT
2023-04-06,DECISION,OPUSDT,POSITION_LIMIT
2023-04-06,DECISION,FTMUSDT,POSITION_LIMIT
2023-04-07,DECISION,MATICUSDT,POSITION_LIMIT
2023-04-07,DECISION,BNBUSDT,POSITION_LIMIT
2023-04-07,DECISION,DYDXUSDT,POSITION_LIMIT
2023-04-07,DECISION,ADAUSDT,POSITION_LIMIT
2023-04-07,DECISION,LDOUSDT,POSITION_LIMIT
2023-04-07,DECISION,1000SHIBUSDT,POSITION_LIMIT
2023-04-07,DECISION,EOSUSDT,POSITION_LIMIT
2023-04-07,DECISION,ETCUSDT,POSITION_LIMIT
2023-04-07,DECISION,LTCUSDT,POSITION_LIMIT
2023-04-07,DECISION,OPUSDT,POSITION_LIMIT
2023-04-07,DECISION,FTMUSDT,POSITION_LIMIT
2023-04-08,DECISION,DOGEUSDT,POSITION_LIMIT
2023-04-08,DECISION,BNBUSDT,POSITION_LIMIT
2023-04-08,DECISION,ADAUSDT,POSITION_LIMIT
2023-04-08,DECISION,EOSUSDT,POSITION_LIMIT
2023-04-08,DECISION,LTCUSDT,POSITION_LIMIT
2023-04-08,DECISION,DYDXUSDT,POSITION_LIMIT
2023-04-08,DECISION,1000SHIBUSDT,POSITION_LIMIT
2023-04-08,DECISION,LDOUSDT,POSITION_LIMIT
2023-04-08,DECISION,ETCUSDT,POSITION_LIMIT
2023-04-08,DECISION,OPUSDT,POSITION_LIMIT
2023-04-08,DECISION,FTMUSDT,POSITION_LIMIT
2023-04-09,DECISION,BNBUSDT,POSITION_LIMIT
2023-04-09,DECISION,ADAUSDT,POSITION_LIMIT
2023-04-09,DECISION,EOSUSDT,POSITION_LIMIT
2023-04-09,DECISION,LTCUSDT,POSITION_LIMIT
2023-04-09,DECISION,MATICUSDT,POSITION_LIMIT
2023-04-09,DECISION,DYDXUSDT,POSITION_LIMIT
2023-04-09,DECISION,LDOUSDT,POSITION_LIMIT
2023-04-09,DECISION,1000SHIBUSDT,POSITION_LIMIT
2023-04-09,DECISION,ETCUSDT,POSITION_LIMIT
2023-04-09,DECISION,OPUSDT,POSITION_LIMIT
2023-04-09,DECISION,FTMUSDT,POSITION_LIMIT
2023-04-10,DECISION,BNBUSDT,POSITION_LIMIT
2023-04-10,DECISION,EOSUSDT,POSITION_LIMIT
2023-04-10,DECISION,DOGEUSDT,POSITION_LIMIT
2023-04-10,DECISION,ADAUSDT,POSITION_LIMIT
2023-04-10,DECISION,MATICUSDT,POSITION_LIMIT
2023-04-10,DECISION,OPUSDT,POSITION_LIMIT
2023-04-10,DECISION,FTMUSDT,POSITION_LIMIT
2023-04-10,DECISION,DYDXUSDT,POSITION_LIMIT
2023-04-10,DECISION,LDOUSDT,POSITION_LIMIT
2023-04-10,DECISION,ETCUSDT,POSITION_LIMIT
2023-04-10,DECISION,1000SHIBUSDT,POSITION_LIMIT
2023-04-11,DECISION,BNBUSDT,POSITION_LIMIT
2023-04-11,DECISION,ADAUSDT,POSITION_LIMIT
2023-04-11,DECISION,EOSUSDT,POSITION_LIMIT
2023-04-11,DECISION,ETCUSDT,POSITION_LIMIT
2023-04-11,DECISION,DOGEUSDT,POSITION_LIMIT
2023-04-11,DECISION,SOLUSDT,POSITION_LIMIT
2023-04-11,DECISION,MATICUSDT,POSITION_LIMIT
2023-04-11,DECISION,OPUSDT,POSITION_LIMIT
2023-04-11,DECISION,FTMUSDT,POSITION_LIMIT
2023-04-11,DECISION,DYDXUSDT,POSITION_LIMIT
2023-04-11,DECISION,1000SHIBUSDT,POSITION_LIMIT
2023-04-11,DECISION,LDOUSDT,POSITION_LIMIT
2023-04-12,DECISION,BNBUSDT,POSITION_LIMIT
2023-04-12,DECISION,SOLUSDT,POSITION_LIMIT
2023-04-12,DECISION,ADAUSDT,POSITION_LIMIT
2023-04-12,DECISION,ETCUSDT,POSITION_LIMIT
2023-04-12,DECISION,EOSUSDT,POSITION_LIMIT
2023-04-12,DECISION,DOGEUSDT,POSITION_LIMIT
2023-04-12,DECISION,FTMUSDT,POSITION_LIMIT
2023-04-12,DECISION,MATICUSDT,POSITION_LIMIT
2023-04-12,DECISION,OPUSDT,POSITION_LIMIT
2023-04-12,DECISION,DYDXUSDT,POSITION_LIMIT
2023-04-12,DECISION,1000SHIBUSDT,POSITION_LIMIT
2023-04-12,DECISION,LDOUSDT,POSITION_LIMIT
2023-04-13,DECISION,FILUSDT,POSITION_LIMIT
2023-04-13,DECISION,MASKUSDT,POSITION_LIMIT
2023-04-13,DECISION,LTCUSDT,POSITION_LIMIT
2023-04-13,DECISION,BNBUSDT,POSITION_LIMIT
2023-04-13,DECISION,SOLUSDT,POSITION_LIMIT
2023-04-13,DECISION,ETCUSDT,POSITION_LIMIT
2023-04-13,DECISION,EOSUSDT,POSITION_LIMIT
2023-04-13,DECISION,DOGEUSDT,POSITION_LIMIT
2023-04-13,DECISION,OPUSDT,POSITION_LIMIT
2023-04-13,DECISION,MATICUSDT,POSITION_LIMIT
2023-04-13,DECISION,APTUSDT,POSITION_LIMIT
2023-04-13,DECISION,DYDXUSDT,POSITION_LIMIT
2023-04-13,DECISION,LDOUSDT,POSITION_LIMIT
2023-04-13,DECISION,LINKUSDT,POSITION_LIMIT
2023-04-14,DECISION,BNBUSDT,POSITION_LIMIT
2023-04-14,DECISION,FTMUSDT,POSITION_LIMIT
2023-04-14,DECISION,FILUSDT,POSITION_LIMIT
2023-04-14,DECISION,LTCUSDT,POSITION_LIMIT
2023-04-14,DECISION,SOLUSDT,POSITION_LIMIT
2023-04-14,DECISION,MATICUSDT,POSITION_LIMIT
2023-04-14,DECISION,LDOUSDT,POSITION_LIMIT
2023-04-14,DECISION,ETCUSDT,POSITION_LIMIT
2023-04-14,DECISION,EOSUSDT,POSITION_LIMIT
2023-04-14,DECISION,DYDXUSDT,POSITION_LIMIT
2023-04-14,DECISION,LINKUSDT,POSITION_LIMIT
2023-04-14,DECISION,DOGEUSDT,POSITION_LIMIT
2023-04-14,DECISION,OPUSDT,POSITION_LIMIT
2023-04-14,DECISION,APTUSDT,POSITION_LIMIT
2023-04-15,DECISION,BNBUSDT,POSITION_LIMIT
2023-04-15,DECISION,FTMUSDT,POSITION_LIMIT
2023-04-15,DECISION,FILUSDT,POSITION_LIMIT
2023-04-15,DECISION,SXPUSDT,POSITION_LIMIT
2023-04-15,DECISION,LTCUSDT,POSITION_LIMIT
2023-04-15,DECISION,SOLUSDT,POSITION_LIMIT
2023-04-15,DECISION,MATICUSDT,POSITION_LIMIT
2023-04-15,DECISION,LDOUSDT,POSITION_LIMIT
2023-04-15,DECISION,ETCUSDT,POSITION_LIMIT
2023-04-15,DECISION,EOSUSDT,POSITION_LIMIT
2023-04-15,DECISION,LINKUSDT,POSITION_LIMIT
2023-04-15,DECISION,DOGEUSDT,POSITION_LIMIT
2023-04-15,DECISION,OPUSDT,POSITION_LIMIT
2023-04-15,DECISION,APTUSDT,POSITION_LIMIT
2023-04-16,DECISION,LINAUSDT,POSITION_LIMIT
2023-04-16,DECISION,MASKUSDT,POSITION_LIMIT
2023-04-16,DECISION,LTCUSDT,POSITION_LIMIT
2023-04-16,DECISION,FTMUSDT,POSITION_LIMIT
2023-04-16,DECISION,FILUSDT,POSITION_LIMIT
2023-04-16,DECISION,SXPUSDT,POSITION_LIMIT
2023-04-16,DECISION,DOGEUSDT,POSITION_LIMIT
2023-04-16,DECISION,SOLUSDT,POSITION_LIMIT
2023-04-16,DECISION,MATICUSDT,POSITION_LIMIT
2023-04-16,DECISION,ETCUSDT,POSITION_LIMIT
2023-04-16,DECISION,LDOUSDT,POSITION_LIMIT
2023-04-16,DECISION,EOSUSDT,POSITION_LIMIT
2023-04-16,DECISION,OPUSDT,POSITION_LIMIT
2023-04-16,DECISION,APTUSDT,POSITION_LIMIT
2023-04-17,DECISION,LINAUSDT,POSITION_LIMIT
2023-04-17,DECISION,MASKUSDT,POSITION_LIMIT
2023-04-17,DECISION,LTCUSDT,POSITION_LIMIT
2023-04-17,DECISION,FTMUSDT,POSITION_LIMIT
2023-04-17,DECISION,SXPUSDT,POSITION_LIMIT
2023-04-17,DECISION,FILUSDT,POSITION_LIMIT
2023-04-17,DECISION,DOGEUSDT,POSITION_LIMIT
2023-04-17,DECISION,SOLUSDT,POSITION_LIMIT
2023-04-17,DECISION,MATICUSDT,POSITION_LIMIT
2023-04-17,DECISION,LDOUSDT,POSITION_LIMIT
2023-04-17,DECISION,OPUSDT,POSITION_LIMIT
2023-04-17,DECISION,ETCUSDT,POSITION_LIMIT
2023-04-17,DECISION,EOSUSDT,POSITION_LIMIT
2023-04-17,DECISION,APTUSDT,POSITION_LIMIT
2023-04-18,DECISION,LINAUSDT,POSITION_LIMIT
2023-04-18,DECISION,DYDXUSDT,POSITION_LIMIT
2023-04-18,DECISION,MASKUSDT,POSITION_LIMIT
2023-04-18,DECISION,LTCUSDT,POSITION_LIMIT
2023-04-18,DECISION,FTMUSDT,POSITION_LIMIT
2023-04-18,DECISION,SXPUSDT,POSITION_LIMIT
2023-04-18,DECISION,FILUSDT,POSITION_LIMIT
2023-04-18,DECISION,DOGEUSDT,POSITION_LIMIT
2023-04-18,DECISION,SOLUSDT,POSITION_LIMIT
2023-04-18,DECISION,MATICUSDT,POSITION_LIMIT
2023-04-18,DECISION,LDOUSDT,POSITION_LIMIT
2023-04-18,DECISION,OPUSDT,POSITION_LIMIT
2023-04-18,DECISION,ETCUSDT,POSITION_LIMIT
2023-04-18,DECISION,APTUSDT,POSITION_LIMIT
2023-04-19,DECISION,SXPUSDT,POSITION_LIMIT
2023-04-19,DECISION,FTMUSDT,POSITION_LIMIT
2023-04-19,DECISION,LINAUSDT,POSITION_LIMIT
2023-04-19,DECISION,XRPUSDT,POSITION_LIMIT
2023-04-19,DECISION,DOGEUSDT,POSITION_LIMIT
2023-04-19,DECISION,LTCUSDT,POSITION_LIMIT
2023-04-19,DECISION,MASKUSDT,POSITION_LIMIT
2023-04-19,DECISION,SOLUSDT,POSITION_LIMIT
2023-04-19,DECISION,FILUSDT,POSITION_LIMIT
2023-04-19,DECISION,MATICUSDT,POSITION_LIMIT
2023-04-19,DECISION,OPUSDT,POSITION_LIMIT
2023-04-19,DECISION,APTUSDT,POSITION_LIMIT
2023-04-19,DECISION,ETCUSDT,POSITION_LIMIT
2023-04-19,DECISION,LDOUSDT,POSITION_LIMIT
2023-04-20,DECISION,DYDXUSDT,POSITION_LIMIT
2023-04-20,DECISION,SXPUSDT,POSITION_LIMIT
2023-04-20,DECISION,XRPUSDT,POSITION_LIMIT
2023-04-20,DECISION,DOGEUSDT,POSITION_LIMIT
2023-04-20,DECISION,LTCUSDT,POSITION_LIMIT
2023-04-20,DECISION,SOLUSDT,POSITION_LIMIT
2023-04-20,DECISION,FTMUSDT,POSITION_LIMIT
2023-04-20,DECISION,FILUSDT,POSITION_LIMIT
2023-04-20,DECISION,MASKUSDT,POSITION_LIMIT
2023-04-20,DECISION,MATICUSDT,POSITION_LIMIT
2023-04-20,DECISION,OPUSDT,POSITION_LIMIT
2023-04-20,DECISION,LDOUSDT,POSITION_LIMIT
2023-04-21,DECISION,BTCUSDT,POSITION_LIMIT
2023-04-21,DECISION,XRPUSDT,POSITION_LIMIT
2023-04-21,DECISION,LINKUSDT,POSITION_LIMIT
2023-04-21,DECISION,MASKUSDT,POSITION_LIMIT
2023-04-21,DECISION,SOLUSDT,POSITION_LIMIT
2023-04-21,DECISION,FILUSDT,POSITION_LIMIT
2023-04-21,DECISION,DOGEUSDT,POSITION_LIMIT
2023-04-21,DECISION,LTCUSDT,POSITION_LIMIT
2023-04-21,DECISION,FTMUSDT,POSITION_LIMIT
2023-04-21,DECISION,OPUSDT,POSITION_LIMIT
2023-04-21,DECISION,LDOUSDT,POSITION_LIMIT
2023-04-22,DECISION,BTCUSDT,POSITION_LIMIT
2023-04-22,DECISION,XRPUSDT,POSITION_LIMIT
2023-04-22,DECISION,LINKUSDT,POSITION_LIMIT
2023-04-22,DECISION,MASKUSDT,POSITION_LIMIT
2023-04-22,DECISION,SOLUSDT,POSITION_LIMIT
2023-04-22,DECISION,FILUSDT,POSITION_LIMIT
2023-04-22,DECISION,DOGEUSDT,POSITION_LIMIT
2023-04-22,DECISION,LTCUSDT,POSITION_LIMIT
2023-04-22,DECISION,FTMUSDT,POSITION_LIMIT
2023-04-22,DECISION,OPUSDT,POSITION_LIMIT
2023-04-22,DECISION,LDOUSDT,POSITION_LIMIT
2023-04-23,DECISION,XRPUSDT,POSITION_LIMIT
2023-04-23,DECISION,LINKUSDT,POSITION_LIMIT
2023-04-23,DECISION,SOLUSDT,POSITION_LIMIT
2023-04-23,DECISION,MASKUSDT,POSITION_LIMIT
2023-04-23,DECISION,FILUSDT,POSITION_LIMIT
2023-04-23,DECISION,DYDXUSDT,POSITION_LIMIT
2023-04-23,DECISION,DOGEUSDT,POSITION_LIMIT
2023-04-23,DECISION,LTCUSDT,POSITION_LIMIT
2023-04-23,DECISION,OPUSDT,POSITION_LIMIT
2023-04-23,DECISION,FTMUSDT,POSITION_LIMIT
2023-04-23,DECISION,LDOUSDT,POSITION_LIMIT
2023-04-24,DECISION,XRPUSDT,POSITION_LIMIT
2023-04-24,DECISION,LINKUSDT,POSITION_LIMIT
2023-04-24,DECISION,SOLUSDT,POSITION_LIMIT
2023-04-24,DECISION,MASKUSDT,POSITION_LIMIT
2023-04-24,DECISION,FILUSDT,POSITION_LIMIT
2023-04-24,DECISION,DYDXUSDT,POSITION_LIMIT
2023-04-24,DECISION,DOGEUSDT,POSITION_LIMIT
2023-04-24,DECISION,LTCUSDT,POSITION_LIMIT
2023-04-24,DECISION,OPUSDT,POSITION_LIMIT
2023-04-24,DECISION,FTMUSDT,POSITION_LIMIT
2023-04-24,DECISION,1000SHIBUSDT,POSITION_LIMIT
2023-04-25,DECISION,XRPUSDT,POSITION_LIMIT
2023-04-25,DECISION,LINKUSDT,POSITION_LIMIT
2023-04-25,DECISION,SOLUSDT,POSITION_LIMIT
2023-04-25,DECISION,MASKUSDT,POSITION_LIMIT
2023-04-25,DECISION,FILUSDT,POSITION_LIMIT
2023-04-25,DECISION,DYDXUSDT,POSITION_LIMIT
2023-04-25,DECISION,DOGEUSDT,POSITION_LIMIT
2023-04-25,DECISION,LTCUSDT,POSITION_LIMIT
2023-04-25,DECISION,OPUSDT,POSITION_LIMIT
2023-04-25,DECISION,FTMUSDT,POSITION_LIMIT
2023-04-25,DECISION,1000SHIBUSDT,POSITION_LIMIT
2023-04-26,DECISION,XRPUSDT,POSITION_LIMIT
2023-04-26,DECISION,LINKUSDT,POSITION_LIMIT
2023-04-26,DECISION,SOLUSDT,POSITION_LIMIT
2023-04-26,DECISION,MASKUSDT,POSITION_LIMIT
2023-04-26,DECISION,FILUSDT,POSITION_LIMIT
2023-04-26,DECISION,DYDXUSDT,POSITION_LIMIT
2023-04-26,DECISION,AVAXUSDT,POSITION_LIMIT
2023-04-26,DECISION,DOGEUSDT,POSITION_LIMIT
2023-04-26,DECISION,LTCUSDT,POSITION_LIMIT
2023-04-26,DECISION,OPUSDT,POSITION_LIMIT
2023-04-26,DECISION,FTMUSDT,POSITION_LIMIT
2023-04-27,DECISION,XRPUSDT,POSITION_LIMIT
2023-04-27,DECISION,LINKUSDT,POSITION_LIMIT
2023-04-27,DECISION,SOLUSDT,POSITION_LIMIT
2023-04-27,DECISION,MASKUSDT,POSITION_LIMIT
2023-04-27,DECISION,FILUSDT,POSITION_LIMIT
2023-04-27,DECISION,DYDXUSDT,POSITION_LIMIT
2023-04-27,DECISION,AVAXUSDT,POSITION_LIMIT
2023-04-27,DECISION,DOGEUSDT,POSITION_LIMIT
2023-04-27,DECISION,LTCUSDT,POSITION_LIMIT
2023-04-27,DECISION,OPUSDT,POSITION_LIMIT
2023-04-27,DECISION,FTMUSDT,POSITION_LIMIT
2023-04-28,DECISION,XRPUSDT,POSITION_LIMIT
2023-04-28,DECISION,LINKUSDT,POSITION_LIMIT
2023-04-28,DECISION,SOLUSDT,POSITION_LIMIT
2023-04-28,DECISION,MASKUSDT,POSITION_LIMIT
2023-04-28,DECISION,FILUSDT,POSITION_LIMIT
2023-04-28,DECISION,AVAXUSDT,POSITION_LIMIT
2023-04-28,DECISION,DYDXUSDT,POSITION_LIMIT
2023-04-28,DECISION,DOGEUSDT,POSITION_LIMIT
2023-04-28,DECISION,LTCUSDT,POSITION_LIMIT
2023-04-28,DECISION,OPUSDT,POSITION_LIMIT
2023-04-28,DECISION,FTMUSDT,POSITION_LIMIT
2023-04-29,DECISION,XRPUSDT,POSITION_LIMIT
2023-04-29,DECISION,LINKUSDT,POSITION_LIMIT
2023-04-29,DECISION,SOLUSDT,POSITION_LIMIT
2023-04-29,DECISION,LTCUSDT,POSITION_LIMIT
2023-04-29,DECISION,MASKUSDT,POSITION_LIMIT
2023-04-29,DECISION,FILUSDT,POSITION_LIMIT
2023-04-29,DECISION,AVAXUSDT,POSITION_LIMIT
2023-04-29,DECISION,DYDXUSDT,POSITION_LIMIT
2023-04-29,DECISION,DOGEUSDT,POSITION_LIMIT
2023-04-29,DECISION,OPUSDT,POSITION_LIMIT
2023-04-29,DECISION,FTMUSDT,POSITION_LIMIT
2023-04-30,DECISION,XRPUSDT,POSITION_LIMIT
2023-04-30,DECISION,LINKUSDT,POSITION_LIMIT
2023-04-30,DECISION,SOLUSDT,POSITION_LIMIT
2023-04-30,DECISION,LTCUSDT,POSITION_LIMIT
2023-04-30,DECISION,MASKUSDT,POSITION_LIMIT
2023-04-30,DECISION,FILUSDT,POSITION_LIMIT
2023-04-30,DECISION,DYDXUSDT,POSITION_LIMIT
2023-04-30,DECISION,AVAXUSDT,POSITION_LIMIT
2023-04-30,DECISION,DOGEUSDT,POSITION_LIMIT
2023-04-30,DECISION,OPUSDT,POSITION_LIMIT
2023-04-30,DECISION,FTMUSDT,POSITION_LIMIT
2023-05-01,DECISION,XRPUSDT,POSITION_LIMIT
2023-05-01,DECISION,SOLUSDT,POSITION_LIMIT
2023-05-01,DECISION,MASKUSDT,POSITION_LIMIT
2023-05-01,DECISION,FILUSDT,POSITION_LIMIT
2023-05-01,DECISION,LINKUSDT,POSITION_LIMIT
2023-05-01,DECISION,DYDXUSDT,POSITION_LIMIT
2023-05-01,DECISION,DOGEUSDT,POSITION_LIMIT
2023-05-01,DECISION,LTCUSDT,POSITION_LIMIT
2023-05-01,DECISION,OPUSDT,POSITION_LIMIT
2023-05-01,DECISION,FTMUSDT,POSITION_LIMIT
2023-05-01,DECISION,AVAXUSDT,POSITION_LIMIT
2023-05-02,DECISION,XRPUSDT,POSITION_LIMIT
2023-05-02,DECISION,SOLUSDT,POSITION_LIMIT
2023-05-02,DECISION,MASKUSDT,POSITION_LIMIT
2023-05-02,DECISION,FILUSDT,POSITION_LIMIT
2023-05-02,DECISION,LINKUSDT,POSITION_LIMIT
2023-05-02,DECISION,DYDXUSDT,POSITION_LIMIT
2023-05-02,DECISION,DOGEUSDT,POSITION_LIMIT
2023-05-02,DECISION,LTCUSDT,POSITION_LIMIT
2023-05-02,DECISION,OPUSDT,POSITION_LIMIT
2023-05-02,DECISION,FTMUSDT,POSITION_LIMIT
2023-05-02,DECISION,AVAXUSDT,POSITION_LIMIT
2023-05-03,DECISION,ETHUSDT,POSITION_LIMIT
2023-05-03,DECISION,XRPUSDT,POSITION_LIMIT
2023-05-03,DECISION,SOLUSDT,POSITION_LIMIT
2023-05-03,DECISION,MASKUSDT,POSITION_LIMIT
2023-05-03,DECISION,FTMUSDT,POSITION_LIMIT
2023-05-03,DECISION,FILUSDT,POSITION_LIMIT
2023-05-03,DECISION,LINKUSDT,POSITION_LIMIT
2023-05-03,DECISION,DYDXUSDT,POSITION_LIMIT
2023-05-03,DECISION,DOGEUSDT,POSITION_LIMIT
2023-05-03,DECISION,LTCUSDT,POSITION_LIMIT
2023-05-03,DECISION,OPUSDT,POSITION_LIMIT
2023-05-04,DECISION,ETHUSDT,POSITION_LIMIT
2023-05-04,DECISION,XRPUSDT,POSITION_LIMIT
2023-05-04,DECISION,SOLUSDT,POSITION_LIMIT
2023-05-04,DECISION,MASKUSDT,POSITION_LIMIT
2023-05-04,DECISION,FTMUSDT,POSITION_LIMIT
2023-05-04,DECISION,FILUSDT,POSITION_LIMIT
2023-05-04,DECISION,LINKUSDT,POSITION_LIMIT
2023-05-04,DECISION,DYDXUSDT,POSITION_LIMIT
2023-05-04,DECISION,LTCUSDT,POSITION_LIMIT
2023-05-04,DECISION,OPUSDT,POSITION_LIMIT
2023-05-05,DECISION,SXPUSDT,POSITION_LIMIT
2023-05-05,DECISION,XRPUSDT,POSITION_LIMIT
2023-05-05,DECISION,SOLUSDT,POSITION_LIMIT
2023-05-05,DECISION,MASKUSDT,POSITION_LIMIT
2023-05-05,DECISION,FTMUSDT,POSITION_LIMIT
2023-05-05,DECISION,FILUSDT,POSITION_LIMIT
2023-05-05,DECISION,LINKUSDT,POSITION_LIMIT
2023-05-05,DECISION,DYDXUSDT,POSITION_LIMIT
2023-05-05,DECISION,LTCUSDT,POSITION_LIMIT
2023-05-05,DECISION,OPUSDT,POSITION_LIMIT
2023-05-06,DECISION,SOLUSDT,POSITION_LIMIT
2023-05-06,DECISION,ADAUSDT,POSITION_LIMIT
2023-05-06,DECISION,LINKUSDT,POSITION_LIMIT
2023-05-06,DECISION,DYDXUSDT,POSITION_LIMIT
2023-05-06,DECISION,LTCUSDT,POSITION_LIMIT
2023-05-06,DECISION,FTMUSDT,POSITION_LIMIT
2023-05-06,DECISION,MASKUSDT,POSITION_LIMIT
2023-05-06,DECISION,FILUSDT,POSITION_LIMIT
2023-05-06,DECISION,AVAXUSDT,POSITION_LIMIT
2023-05-07,DECISION,SOLUSDT,POSITION_LIMIT
2023-05-07,DECISION,ADAUSDT,POSITION_LIMIT
2023-05-07,DECISION,LINKUSDT,POSITION_LIMIT
2023-05-07,DECISION,LTCUSDT,POSITION_LIMIT
2023-05-07,DECISION,FTMUSDT,POSITION_LIMIT
2023-05-07,DECISION,FILUSDT,POSITION_LIMIT
2023-05-07,DECISION,MASKUSDT,POSITION_LIMIT
2023-05-07,DECISION,AVAXUSDT,POSITION_LIMIT
2023-05-07,DECISION,GALAUSDT,POSITION_LIMIT
2023-05-08,DECISION,ADAUSDT,POSITION_LIMIT
2023-05-08,DECISION,LTCUSDT,POSITION_LIMIT
2023-05-08,DECISION,FTMUSDT,POSITION_LIMIT
2023-05-08,DECISION,LINKUSDT,POSITION_LIMIT
2023-05-08,DECISION,AVAXUSDT,POSITION_LIMIT
2023-05-08,DECISION,MASKUSDT,POSITION_LIMIT
2023-05-09,DECISION,ADAUSDT,POSITION_LIMIT
2023-05-09,DECISION,LTCUSDT,POSITION_LIMIT
2023-05-09,DECISION,FTMUSDT,POSITION_LIMIT
2023-05-09,DECISION,MASKUSDT,POSITION_LIMIT
2023-05-09,DECISION,LINKUSDT,POSITION_LIMIT
2023-05-09,DECISION,AVAXUSDT,POSITION_LIMIT
2023-05-10,DECISION,ADAUSDT,POSITION_LIMIT
2023-05-10,DECISION,LTCUSDT,POSITION_LIMIT
2023-05-10,DECISION,FTMUSDT,POSITION_LIMIT
2023-05-10,DECISION,LINKUSDT,POSITION_LIMIT
2023-05-10,DECISION,AVAXUSDT,POSITION_LIMIT
2023-05-10,DECISION,DYDXUSDT,POSITION_LIMIT
2023-05-11,DECISION,BNBUSDT,POSITION_LIMIT
2023-05-11,DECISION,LTCUSDT,POSITION_LIMIT
2023-05-11,DECISION,FTMUSDT,POSITION_LIMIT
2023-05-11,DECISION,AVAXUSDT,POSITION_LIMIT
2023-05-11,DECISION,LINKUSDT,POSITION_LIMIT
2023-05-11,DECISION,DYDXUSDT,POSITION_LIMIT
2023-05-12,DECISION,BNBUSDT,POSITION_LIMIT
2023-05-12,DECISION,LTCUSDT,POSITION_LIMIT
2023-05-12,DECISION,FTMUSDT,POSITION_LIMIT
2023-05-12,DECISION,AVAXUSDT,POSITION_LIMIT
2023-05-12,DECISION,LINKUSDT,POSITION_LIMIT
2023-05-12,DECISION,DYDXUSDT,POSITION_LIMIT
2023-05-13,FILL,BTCUSDT,BELOW_EXCHANGE_MINIMUM_NOTIONAL
2023-05-13,DECISION,XRPUSDT,POSITION_LIMIT
2023-05-13,DECISION,BNBUSDT,POSITION_LIMIT
2023-05-13,DECISION,LTCUSDT,POSITION_LIMIT
2023-05-13,DECISION,FTMUSDT,POSITION_LIMIT
2023-05-13,DECISION,LINKUSDT,POSITION_LIMIT
2023-05-13,DECISION,AVAXUSDT,POSITION_LIMIT
2023-05-14,FILL,BTCUSDT,BELOW_EXCHANGE_MINIMUM_NOTIONAL
2023-05-14,DECISION,XRPUSDT,POSITION_LIMIT
2023-05-14,DECISION,BNBUSDT,POSITION_LIMIT
2023-05-14,DECISION,LTCUSDT,POSITION_LIMIT
2023-05-14,DECISION,FTMUSDT,POSITION_LIMIT
2023-05-14,DECISION,LINKUSDT,POSITION_LIMIT
2023-05-14,DECISION,DYDXUSDT,POSITION_LIMIT
2023-05-14,DECISION,AVAXUSDT,POSITION_LIMIT
2023-05-15,FILL,BTCUSDT,BELOW_EXCHANGE_MINIMUM_NOTIONAL
2023-05-15,DECISION,XRPUSDT,POSITION_LIMIT
2023-05-15,DECISION,BNBUSDT,POSITION_LIMIT
2023-05-15,DECISION,LTCUSDT,POSITION_LIMIT
2023-05-15,DECISION,FTMUSDT,POSITION_LIMIT
2023-05-15,DECISION,LINKUSDT,POSITION_LIMIT
2023-05-15,DECISION,AVAXUSDT,POSITION_LIMIT
2023-05-16,FILL,BTCUSDT,BELOW_EXCHANGE_MINIMUM_NOTIONAL
2023-05-16,DECISION,BTCUSDT,POSITION_LIMIT
2023-05-16,DECISION,XRPUSDT,POSITION_LIMIT
2023-05-16,DECISION,BNBUSDT,POSITION_LIMIT
2023-05-16,DECISION,FTMUSDT,POSITION_LIMIT
2023-05-16,DECISION,GALAUSDT,POSITION_LIMIT
2023-05-16,DECISION,LINKUSDT,POSITION_LIMIT
2023-05-16,DECISION,AVAXUSDT,POSITION_LIMIT
2023-05-17,DECISION,BTCUSDT,POSITION_LIMIT
2023-05-17,DECISION,XRPUSDT,POSITION_LIMIT
2023-05-17,DECISION,BNBUSDT,POSITION_LIMIT
2023-05-17,DECISION,FTMUSDT,POSITION_LIMIT
2023-05-17,DECISION,GALAUSDT,POSITION_LIMIT
2023-05-17,DECISION,LINKUSDT,POSITION_LIMIT
2023-05-17,DECISION,AVAXUSDT,POSITION_LIMIT
2023-05-17,DECISION,MASKUSDT,POSITION_LIMIT
2023-05-18,DECISION,XRPUSDT,POSITION_LIMIT
2023-05-18,DECISION,ADAUSDT,POSITION_LIMIT
2023-05-18,DECISION,BTCUSDT,POSITION_LIMIT
2023-05-18,DECISION,BNBUSDT,POSITION_LIMIT
2023-05-18,DECISION,FTMUSDT,POSITION_LIMIT
2023-05-18,DECISION,GALAUSDT,POSITION_LIMIT
2023-05-18,DECISION,LINKUSDT,POSITION_LIMIT
2023-05-18,DECISION,AVAXUSDT,POSITION_LIMIT
2023-05-19,DECISION,XRPUSDT,POSITION_LIMIT
2023-05-19,DECISION,ADAUSDT,POSITION_LIMIT
2023-05-19,DECISION,BTCUSDT,POSITION_LIMIT
2023-05-19,DECISION,BNBUSDT,POSITION_LIMIT
2023-05-19,DECISION,FTMUSDT,POSITION_LIMIT
2023-05-19,DECISION,GALAUSDT,POSITION_LIMIT
2023-05-19,DECISION,LINKUSDT,POSITION_LIMIT
2023-05-19,DECISION,AVAXUSDT,POSITION_LIMIT
2023-05-20,DECISION,XRPUSDT,POSITION_LIMIT
2023-05-20,DECISION,ADAUSDT,POSITION_LIMIT
2023-05-20,DECISION,BTCUSDT,POSITION_LIMIT
2023-05-20,DECISION,BNBUSDT,POSITION_LIMIT
2023-05-20,DECISION,GALAUSDT,POSITION_LIMIT
2023-05-20,DECISION,FTMUSDT,POSITION_LIMIT
2023-05-20,DECISION,LINKUSDT,POSITION_LIMIT
2023-05-20,DECISION,AVAXUSDT,POSITION_LIMIT
2023-05-21,DECISION,XRPUSDT,POSITION_LIMIT
2023-05-21,DECISION,ADAUSDT,POSITION_LIMIT
2023-05-21,DECISION,BTCUSDT,POSITION_LIMIT
2023-05-21,DECISION,BNBUSDT,POSITION_LIMIT
2023-05-21,DECISION,FTMUSDT,POSITION_LIMIT
2023-05-21,DECISION,LINKUSDT,POSITION_LIMIT
2023-05-21,DECISION,LDOUSDT,POSITION_LIMIT
2023-05-22,DECISION,ADAUSDT,POSITION_LIMIT
2023-05-22,DECISION,BTCUSDT,POSITION_LIMIT
2023-05-22,DECISION,BNBUSDT,POSITION_LIMIT
2023-05-22,DECISION,FTMUSDT,POSITION_LIMIT
2023-05-22,DECISION,LINKUSDT,POSITION_LIMIT
2023-05-22,DECISION,LDOUSDT,POSITION_LIMIT
2023-05-23,DECISION,MASKUSDT,POSITION_LIMIT
2023-05-23,DECISION,BTCUSDT,POSITION_LIMIT
2023-05-23,DECISION,BNBUSDT,POSITION_LIMIT
2023-05-23,DECISION,MATICUSDT,POSITION_LIMIT
2023-05-23,DECISION,FTMUSDT,POSITION_LIMIT
2023-05-23,DECISION,LINKUSDT,POSITION_LIMIT
2023-05-23,DECISION,LDOUSDT,POSITION_LIMIT
2023-05-24,DECISION,BTCUSDT,POSITION_LIMIT
2023-05-24,DECISION,XRPUSDT,POSITION_LIMIT
2023-05-24,DECISION,BNBUSDT,POSITION_LIMIT
2023-05-24,DECISION,MATICUSDT,POSITION_LIMIT
2023-05-24,DECISION,LINKUSDT,POSITION_LIMIT
2023-05-24,DECISION,LDOUSDT,POSITION_LIMIT
2023-05-25,DECISION,MASKUSDT,POSITION_LIMIT
2023-05-25,DECISION,BTCUSDT,POSITION_LIMIT
2023-05-25,DECISION,XRPUSDT,POSITION_LIMIT
2023-05-25,DECISION,BNBUSDT,POSITION_LIMIT
2023-05-25,DECISION,MATICUSDT,POSITION_LIMIT
2023-05-25,DECISION,ADAUSDT,POSITION_LIMIT
2023-05-25,DECISION,LINKUSDT,POSITION_LIMIT
2023-05-26,DECISION,MASKUSDT,POSITION_LIMIT
2023-05-26,DECISION,BTCUSDT,POSITION_LIMIT
2023-05-26,DECISION,XRPUSDT,POSITION_LIMIT
2023-05-26,DECISION,BNBUSDT,POSITION_LIMIT
2023-05-26,DECISION,MATICUSDT,POSITION_LIMIT
2023-05-26,DECISION,ADAUSDT,POSITION_LIMIT
2023-05-26,DECISION,LINKUSDT,POSITION_LIMIT
2023-05-27,DECISION,MASKUSDT,POSITION_LIMIT
2023-05-27,DECISION,BTCUSDT,POSITION_LIMIT
2023-05-27,DECISION,BNBUSDT,POSITION_LIMIT
2023-05-27,DECISION,MATICUSDT,POSITION_LIMIT
2023-05-27,DECISION,ADAUSDT,POSITION_LIMIT
2023-05-27,DECISION,LINKUSDT,POSITION_LIMIT
2023-05-28,DECISION,BTCUSDT,POSITION_LIMIT
2023-05-28,DECISION,BNBUSDT,POSITION_LIMIT
2023-05-28,DECISION,INJUSDT,POSITION_LIMIT
2023-05-28,DECISION,ADAUSDT,POSITION_LIMIT
2023-05-28,DECISION,LTCUSDT,POSITION_LIMIT
2023-05-28,DECISION,MATICUSDT,POSITION_LIMIT
2023-05-28,DECISION,MASKUSDT,POSITION_LIMIT
2023-05-28,DECISION,SOLUSDT,POSITION_LIMIT
2023-05-29,DECISION,XRPUSDT,POSITION_LIMIT
2023-05-29,DECISION,BTCUSDT,POSITION_LIMIT
2023-05-29,DECISION,BNBUSDT,POSITION_LIMIT
2023-05-29,DECISION,ADAUSDT,POSITION_LIMIT
2023-05-29,DECISION,LTCUSDT,POSITION_LIMIT
2023-05-29,DECISION,MATICUSDT,POSITION_LIMIT
2023-05-29,DECISION,MASKUSDT,POSITION_LIMIT
2023-05-29,DECISION,SOLUSDT,POSITION_LIMIT
2023-05-29,DECISION,LDOUSDT,POSITION_LIMIT
2023-05-30,DECISION,XRPUSDT,POSITION_LIMIT
2023-05-30,DECISION,BTCUSDT,POSITION_LIMIT
2023-05-30,DECISION,BNBUSDT,POSITION_LIMIT
2023-05-30,DECISION,ADAUSDT,POSITION_LIMIT
2023-05-30,DECISION,SOLUSDT,POSITION_LIMIT
2023-05-30,DECISION,LTCUSDT,POSITION_LIMIT
2023-05-30,DECISION,MATICUSDT,POSITION_LIMIT
2023-05-30,DECISION,MASKUSDT,POSITION_LIMIT
2023-05-30,DECISION,LDOUSDT,POSITION_LIMIT
2023-05-31,DECISION,XRPUSDT,POSITION_LIMIT
2023-05-31,DECISION,BTCUSDT,POSITION_LIMIT
2023-05-31,DECISION,BNBUSDT,POSITION_LIMIT
2023-05-31,DECISION,ADAUSDT,POSITION_LIMIT
2023-05-31,DECISION,SOLUSDT,POSITION_LIMIT
2023-05-31,DECISION,LTCUSDT,POSITION_LIMIT
2023-05-31,DECISION,MASKUSDT,POSITION_LIMIT
2023-05-31,DECISION,MATICUSDT,POSITION_LIMIT
2023-05-31,DECISION,LDOUSDT,POSITION_LIMIT
2023-06-01,DECISION,XRPUSDT,POSITION_LIMIT
2023-06-01,DECISION,LTCUSDT,POSITION_LIMIT
2023-06-01,DECISION,BTCUSDT,POSITION_LIMIT
2023-06-01,DECISION,SOLUSDT,POSITION_LIMIT
2023-06-01,DECISION,BNBUSDT,POSITION_LIMIT
2023-06-01,DECISION,MASKUSDT,POSITION_LIMIT
2023-06-01,DECISION,ADAUSDT,POSITION_LIMIT
2023-06-01,DECISION,MATICUSDT,POSITION_LIMIT
2023-06-01,DECISION,LDOUSDT,POSITION_LIMIT
2023-06-01,DECISION,APTUSDT,POSITION_LIMIT
2023-06-02,DECISION,ETHUSDT,POSITION_LIMIT
2023-06-02,DECISION,XRPUSDT,POSITION_LIMIT
2023-06-02,DECISION,LTCUSDT,POSITION_LIMIT
2023-06-02,DECISION,BTCUSDT,POSITION_LIMIT
2023-06-02,DECISION,SOLUSDT,POSITION_LIMIT
2023-06-02,DECISION,BNBUSDT,POSITION_LIMIT
2023-06-02,DECISION,ADAUSDT,POSITION_LIMIT
2023-06-02,DECISION,MASKUSDT,POSITION_LIMIT
2023-06-02,DECISION,APTUSDT,POSITION_LIMIT
2023-06-02,DECISION,MATICUSDT,POSITION_LIMIT
2023-06-02,DECISION,LDOUSDT,POSITION_LIMIT
2023-06-03,DECISION,KAVAUSDT,POSITION_LIMIT
2023-06-03,DECISION,ETHUSDT,POSITION_LIMIT
2023-06-03,DECISION,XRPUSDT,POSITION_LIMIT
2023-06-03,DECISION,BTCUSDT,POSITION_LIMIT
2023-06-03,DECISION,SOLUSDT,POSITION_LIMIT
2023-06-03,DECISION,BNBUSDT,POSITION_LIMIT
2023-06-03,DECISION,MASKUSDT,POSITION_LIMIT
2023-06-03,DECISION,ADAUSDT,POSITION_LIMIT
2023-06-03,DECISION,APTUSDT,POSITION_LIMIT
2023-06-03,DECISION,MATICUSDT,POSITION_LIMIT
2023-06-03,DECISION,LDOUSDT,POSITION_LIMIT
2023-06-04,DECISION,RNDRUSDT,POSITION_LIMIT
2023-06-04,DECISION,KAVAUSDT,POSITION_LIMIT
2023-06-04,DECISION,ETHUSDT,POSITION_LIMIT
2023-06-04,DECISION,BTCUSDT,POSITION_LIMIT
2023-06-04,DECISION,SOLUSDT,POSITION_LIMIT
2023-06-04,DECISION,BNBUSDT,POSITION_LIMIT
2023-06-04,DECISION,MASKUSDT,POSITION_LIMIT
2023-06-04,DECISION,ADAUSDT,POSITION_LIMIT
2023-06-04,DECISION,APTUSDT,POSITION_LIMIT
2023-06-04,DECISION,MATICUSDT,POSITION_LIMIT
2023-06-04,DECISION,LDOUSDT,POSITION_LIMIT
2023-06-05,DECISION,ARPAUSDT,POSITION_LIMIT
2023-06-05,DECISION,RNDRUSDT,POSITION_LIMIT
2023-06-05,DECISION,ETHUSDT,POSITION_LIMIT
2023-06-05,DECISION,MASKUSDT,POSITION_LIMIT
2023-06-05,DECISION,SOLUSDT,POSITION_LIMIT
2023-06-05,DECISION,ADAUSDT,POSITION_LIMIT
2023-06-05,DECISION,LDOUSDT,POSITION_LIMIT
2023-06-05,DECISION,APTUSDT,POSITION_LIMIT
2023-06-06,DECISION,ARPAUSDT,POSITION_LIMIT
2023-06-06,DECISION,LDOUSDT,POSITION_LIMIT
2023-06-06,DECISION,RNDRUSDT,POSITION_LIMIT
2023-06-06,DECISION,ETHUSDT,POSITION_LIMIT
2023-06-06,DECISION,MASKUSDT,POSITION_LIMIT
2023-06-06,DECISION,SOLUSDT,POSITION_LIMIT
2023-06-06,DECISION,ADAUSDT,POSITION_LIMIT
2023-06-06,DECISION,APTUSDT,POSITION_LIMIT
2023-06-07,DECISION,LDOUSDT,POSITION_LIMIT
2023-06-07,DECISION,KAVAUSDT,POSITION_LIMIT
2023-06-07,DECISION,RNDRUSDT,POSITION_LIMIT
2023-06-07,DECISION,ETHUSDT,POSITION_LIMIT
2023-06-07,DECISION,MASKUSDT,POSITION_LIMIT
2023-06-08,DECISION,KAVAUSDT,POSITION_LIMIT
2023-06-08,DECISION,RNDRUSDT,POSITION_LIMIT
2023-06-08,DECISION,LDOUSDT,POSITION_LIMIT
2023-06-08,DECISION,ETHUSDT,POSITION_LIMIT
2023-06-08,DECISION,MASKUSDT,POSITION_LIMIT
2023-06-09,DECISION,KAVAUSDT,POSITION_LIMIT
2023-06-09,DECISION,RNDRUSDT,POSITION_LIMIT
2023-06-09,DECISION,LDOUSDT,POSITION_LIMIT
2023-06-09,DECISION,ETHUSDT,POSITION_LIMIT
2023-06-09,DECISION,MASKUSDT,POSITION_LIMIT
2023-06-10,DECISION,ETHUSDT,POSITION_LIMIT
2023-06-10,DECISION,INJUSDT,POSITION_LIMIT
2023-06-11,DECISION,ETHUSDT,POSITION_LIMIT
2023-06-11,DECISION,INJUSDT,POSITION_LIMIT
2023-06-12,DECISION,INJUSDT,POSITION_LIMIT
2023-06-17,DECISION,INJUSDT,POSITION_LIMIT
2023-06-18,FILL,BTCUSDT,BELOW_EXCHANGE_MINIMUM_NOTIONAL
2023-06-18,DECISION,BTCUSDT,POSITION_LIMIT
2023-06-18,DECISION,INJUSDT,POSITION_LIMIT
2023-06-19,DECISION,BTCUSDT,POSITION_LIMIT
2023-06-19,DECISION,INJUSDT,POSITION_LIMIT
2023-06-20,DECISION,INJUSDT,POSITION_LIMIT
2023-06-20,DECISION,RNDRUSDT,POSITION_LIMIT
2023-06-20,DECISION,ETHUSDT,POSITION_LIMIT
2023-06-20,DECISION,SOLUSDT,POSITION_LIMIT
2023-06-20,DECISION,BNBUSDT,POSITION_LIMIT
2023-06-20,DECISION,LTCUSDT,POSITION_LIMIT
2023-06-20,DECISION,CFXUSDT,POSITION_LIMIT
2023-06-20,DECISION,DOGEUSDT,POSITION_LIMIT
2023-06-20,DECISION,OPUSDT,POSITION_LIMIT
2023-06-20,DECISION,MASKUSDT,POSITION_LIMIT
2023-06-20,DECISION,LDOUSDT,POSITION_LIMIT
2023-06-20,DECISION,APTUSDT,POSITION_LIMIT
2023-06-21,DECISION,RNDRUSDT,POSITION_LIMIT
2023-06-21,DECISION,INJUSDT,POSITION_LIMIT
2023-06-21,DECISION,ETHUSDT,POSITION_LIMIT
2023-06-21,DECISION,BNBUSDT,POSITION_LIMIT
2023-06-21,DECISION,SOLUSDT,POSITION_LIMIT
2023-06-21,DECISION,LTCUSDT,POSITION_LIMIT
2023-06-21,DECISION,MATICUSDT,POSITION_LIMIT
2023-06-21,DECISION,ADAUSDT,POSITION_LIMIT
2023-06-21,DECISION,OPUSDT,POSITION_LIMIT
2023-06-21,DECISION,CFXUSDT,POSITION_LIMIT
2023-06-21,DECISION,DOGEUSDT,POSITION_LIMIT
2023-06-21,DECISION,APTUSDT,POSITION_LIMIT
2023-06-21,DECISION,LDOUSDT,POSITION_LIMIT
2023-06-21,DECISION,MASKUSDT,POSITION_LIMIT
2023-06-22,DECISION,RNDRUSDT,POSITION_LIMIT
2023-06-22,DECISION,INJUSDT,POSITION_LIMIT
2023-06-22,DECISION,ETHUSDT,POSITION_LIMIT
2023-06-22,DECISION,SOLUSDT,POSITION_LIMIT
2023-06-22,DECISION,LTCUSDT,POSITION_LIMIT
2023-06-22,DECISION,MATICUSDT,POSITION_LIMIT
2023-06-22,DECISION,OPUSDT,POSITION_LIMIT
2023-06-22,DECISION,ADAUSDT,POSITION_LIMIT
2023-06-22,DECISION,CFXUSDT,POSITION_LIMIT
2023-06-22,DECISION,DOGEUSDT,POSITION_LIMIT
2023-06-22,DECISION,APTUSDT,POSITION_LIMIT
2023-06-22,DECISION,LDOUSDT,POSITION_LIMIT
2023-06-22,DECISION,MASKUSDT,POSITION_LIMIT
2023-06-23,DECISION,RNDRUSDT,POSITION_LIMIT
2023-06-23,DECISION,ETHUSDT,POSITION_LIMIT
2023-06-23,DECISION,INJUSDT,POSITION_LIMIT
2023-06-23,DECISION,SOLUSDT,POSITION_LIMIT
2023-06-23,DECISION,LTCUSDT,POSITION_LIMIT
2023-06-23,DECISION,MATICUSDT,POSITION_LIMIT
2023-06-23,DECISION,ADAUSDT,POSITION_LIMIT
2023-06-23,DECISION,OPUSDT,POSITION_LIMIT
2023-06-23,DECISION,DOGEUSDT,POSITION_LIMIT
2023-06-23,DECISION,CFXUSDT,POSITION_LIMIT
2023-06-23,DECISION,APTUSDT,POSITION_LIMIT
2023-06-23,DECISION,LDOUSDT,POSITION_LIMIT
2023-06-23,DECISION,MASKUSDT,POSITION_LIMIT
2023-06-24,DECISION,ETHUSDT,POSITION_LIMIT
2023-06-24,DECISION,INJUSDT,POSITION_LIMIT
2023-06-24,DECISION,RNDRUSDT,POSITION_LIMIT
2023-06-24,DECISION,SOLUSDT,POSITION_LIMIT
2023-06-24,DECISION,LTCUSDT,POSITION_LIMIT
2023-06-24,DECISION,MATICUSDT,POSITION_LIMIT
2023-06-24,DECISION,ADAUSDT,POSITION_LIMIT
2023-06-24,DECISION,OPUSDT,POSITION_LIMIT
2023-06-24,DECISION,DOGEUSDT,POSITION_LIMIT
2023-06-24,DECISION,CFXUSDT,POSITION_LIMIT
2023-06-24,DECISION,APTUSDT,POSITION_LIMIT
2023-06-24,DECISION,LDOUSDT,POSITION_LIMIT
2023-06-24,DECISION,MASKUSDT,POSITION_LIMIT
2023-06-25,DECISION,ETHUSDT,POSITION_LIMIT
2023-06-25,DECISION,INJUSDT,POSITION_LIMIT
2023-06-25,DECISION,RNDRUSDT,POSITION_LIMIT
2023-06-25,DECISION,SOLUSDT,POSITION_LIMIT
2023-06-25,DECISION,LTCUSDT,POSITION_LIMIT
2023-06-25,DECISION,MATICUSDT,POSITION_LIMIT
2023-06-25,DECISION,ADAUSDT,POSITION_LIMIT
2023-06-25,DECISION,OPUSDT,POSITION_LIMIT
2023-06-25,DECISION,DOGEUSDT,POSITION_LIMIT
2023-06-25,DECISION,CFXUSDT,POSITION_LIMIT
2023-06-25,DECISION,APTUSDT,POSITION_LIMIT
2023-06-25,DECISION,LDOUSDT,POSITION_LIMIT
2023-06-26,DECISION,INJUSDT,POSITION_LIMIT
2023-06-26,DECISION,RNDRUSDT,POSITION_LIMIT
2023-06-26,DECISION,FTMUSDT,POSITION_LIMIT
2023-06-26,DECISION,ETHUSDT,POSITION_LIMIT
2023-06-26,DECISION,LTCUSDT,POSITION_LIMIT
2023-06-27,DECISION,INJUSDT,POSITION_LIMIT
2023-06-27,DECISION,FTMUSDT,POSITION_LIMIT
2023-06-27,DECISION,RNDRUSDT,POSITION_LIMIT
2023-06-27,DECISION,ETHUSDT,POSITION_LIMIT
2023-06-27,DECISION,LTCUSDT,POSITION_LIMIT
2023-06-28,DECISION,ETHUSDT,POSITION_LIMIT
2023-06-28,DECISION,XRPUSDT,POSITION_LIMIT
2023-06-28,DECISION,FTMUSDT,POSITION_LIMIT
2023-06-28,DECISION,LINKUSDT,POSITION_LIMIT
2023-06-28,DECISION,APEUSDT,POSITION_LIMIT
2023-06-29,DECISION,RNDRUSDT,POSITION_LIMIT
2023-06-29,DECISION,ETHUSDT,POSITION_LIMIT
2023-06-29,DECISION,XRPUSDT,POSITION_LIMIT
2023-06-29,DECISION,APEUSDT,POSITION_LIMIT
2023-06-29,DECISION,LINKUSDT,POSITION_LIMIT
2023-06-29,DECISION,FTMUSDT,POSITION_LIMIT
2023-06-30,DECISION,SOLUSDT,POSITION_LIMIT
2023-06-30,DECISION,TOMOUSDT,POSITION_LIMIT
2023-06-30,DECISION,LINKUSDT,POSITION_LIMIT
2023-06-30,DECISION,EOSUSDT,POSITION_LIMIT
2023-06-30,DECISION,XRPUSDT,POSITION_LIMIT
2023-06-30,DECISION,APEUSDT,POSITION_LIMIT
2023-06-30,DECISION,FTMUSDT,POSITION_LIMIT
2023-07-01,DECISION,LINKUSDT,POSITION_LIMIT
2023-07-01,DECISION,STXUSDT,POSITION_LIMIT
2023-07-01,DECISION,SOLUSDT,POSITION_LIMIT
2023-07-01,DECISION,MATICUSDT,POSITION_LIMIT
2023-07-01,DECISION,TOMOUSDT,POSITION_LIMIT
2023-07-01,DECISION,DOGEUSDT,POSITION_LIMIT
2023-07-01,DECISION,XRPUSDT,POSITION_LIMIT
2023-07-01,DECISION,APEUSDT,POSITION_LIMIT
2023-07-01,DECISION,FTMUSDT,POSITION_LIMIT
2023-07-02,DECISION,LINKUSDT,POSITION_LIMIT
2023-07-02,DECISION,STXUSDT,POSITION_LIMIT
2023-07-02,DECISION,SOLUSDT,POSITION_LIMIT
2023-07-02,DECISION,MATICUSDT,POSITION_LIMIT
2023-07-02,DECISION,TOMOUSDT,POSITION_LIMIT
2023-07-02,DECISION,DOGEUSDT,POSITION_LIMIT
2023-07-02,DECISION,EOSUSDT,POSITION_LIMIT
2023-07-02,DECISION,XRPUSDT,POSITION_LIMIT
2023-07-03,DECISION,LINKUSDT,POSITION_LIMIT
2023-07-03,DECISION,STXUSDT,POSITION_LIMIT
2023-07-03,DECISION,SOLUSDT,POSITION_LIMIT
2023-07-03,DECISION,MATICUSDT,POSITION_LIMIT
2023-07-03,DECISION,TOMOUSDT,POSITION_LIMIT
2023-07-03,DECISION,ADAUSDT,POSITION_LIMIT
2023-07-03,DECISION,DOGEUSDT,POSITION_LIMIT
2023-07-03,DECISION,EOSUSDT,POSITION_LIMIT
2023-07-03,DECISION,XRPUSDT,POSITION_LIMIT
2023-07-04,DECISION,LINKUSDT,POSITION_LIMIT
2023-07-04,DECISION,STXUSDT,POSITION_LIMIT
2023-07-04,DECISION,SOLUSDT,POSITION_LIMIT
2023-07-04,DECISION,MATICUSDT,POSITION_LIMIT
2023-07-04,DECISION,TOMOUSDT,POSITION_LIMIT
2023-07-04,DECISION,ADAUSDT,POSITION_LIMIT
2023-07-04,DECISION,DOGEUSDT,POSITION_LIMIT
2023-07-04,DECISION,APTUSDT,POSITION_LIMIT
2023-07-04,DECISION,EOSUSDT,POSITION_LIMIT
2023-07-04,DECISION,XRPUSDT,POSITION_LIMIT
2023-07-05,DECISION,SOLUSDT,POSITION_LIMIT
2023-07-05,DECISION,MATICUSDT,POSITION_LIMIT
2023-07-05,DECISION,TOMOUSDT,POSITION_LIMIT
2023-07-05,DECISION,DOGEUSDT,POSITION_LIMIT
2023-07-05,DECISION,APTUSDT,POSITION_LIMIT
2023-07-05,DECISION,LINKUSDT,POSITION_LIMIT
2023-07-05,DECISION,XRPUSDT,POSITION_LIMIT
2023-07-05,DECISION,ADAUSDT,POSITION_LIMIT
2023-07-05,DECISION,EOSUSDT,POSITION_LIMIT
2023-07-05,DECISION,STXUSDT,POSITION_LIMIT
2023-07-06,DECISION,LINAUSDT,POSITION_LIMIT
2023-07-06,DECISION,SOLUSDT,POSITION_LIMIT
2023-07-06,DECISION,TOMOUSDT,POSITION_LIMIT
2023-07-06,DECISION,LINKUSDT,POSITION_LIMIT
2023-07-06,DECISION,XRPUSDT,POSITION_LIMIT
2023-07-06,DECISION,MATICUSDT,POSITION_LIMIT
2023-07-06,DECISION,ADAUSDT,POSITION_LIMIT
2023-07-06,DECISION,DOGEUSDT,POSITION_LIMIT
2023-07-06,DECISION,APTUSDT,POSITION_LIMIT
2023-07-06,DECISION,EOSUSDT,POSITION_LIMIT
2023-07-07,DECISION,SOLUSDT,POSITION_LIMIT
2023-07-07,DECISION,LINAUSDT,POSITION_LIMIT
2023-07-07,DECISION,TOMOUSDT,POSITION_LIMIT
2023-07-07,DECISION,LINKUSDT,POSITION_LIMIT
2023-07-07,DECISION,XRPUSDT,POSITION_LIMIT
2023-07-07,DECISION,MATICUSDT,POSITION_LIMIT
2023-07-07,DECISION,ADAUSDT,POSITION_LIMIT
2023-07-07,DECISION,DOGEUSDT,POSITION_LIMIT
2023-07-07,DECISION,APTUSDT,POSITION_LIMIT
2023-07-07,DECISION,EOSUSDT,POSITION_LIMIT
2023-07-08,DECISION,SOLUSDT,POSITION_LIMIT
2023-07-08,DECISION,LINAUSDT,POSITION_LIMIT
2023-07-08,DECISION,TOMOUSDT,POSITION_LIMIT
2023-07-08,DECISION,LINKUSDT,POSITION_LIMIT
2023-07-08,DECISION,XRPUSDT,POSITION_LIMIT
2023-07-08,DECISION,MATICUSDT,POSITION_LIMIT
2023-07-08,DECISION,ADAUSDT,POSITION_LIMIT
2023-07-08,DECISION,DOGEUSDT,POSITION_LIMIT
2023-07-08,DECISION,APTUSDT,POSITION_LIMIT
2023-07-08,DECISION,EOSUSDT,POSITION_LIMIT
2023-07-09,DECISION,SOLUSDT,POSITION_LIMIT
2023-07-09,DECISION,TOMOUSDT,POSITION_LIMIT
2023-07-09,DECISION,LINAUSDT,POSITION_LIMIT
2023-07-09,DECISION,LINKUSDT,POSITION_LIMIT
2023-07-09,DECISION,XRPUSDT,POSITION_LIMIT
2023-07-09,DECISION,MATICUSDT,POSITION_LIMIT
2023-07-09,DECISION,ADAUSDT,POSITION_LIMIT
2023-07-09,DECISION,DOGEUSDT,POSITION_LIMIT
2023-07-09,DECISION,APTUSDT,POSITION_LIMIT
2023-07-09,DECISION,EOSUSDT,POSITION_LIMIT
2023-07-10,DECISION,SOLUSDT,POSITION_LIMIT
2023-07-10,DECISION,MATICUSDT,POSITION_LIMIT
2023-07-10,DECISION,TOMOUSDT,POSITION_LIMIT
2023-07-10,DECISION,LINAUSDT,POSITION_LIMIT
2023-07-10,DECISION,LINKUSDT,POSITION_LIMIT
2023-07-10,DECISION,XRPUSDT,POSITION_LIMIT
2023-07-10,DECISION,ADAUSDT,POSITION_LIMIT
2023-07-10,DECISION,DOGEUSDT,POSITION_LIMIT
2023-07-10,DECISION,APTUSDT,POSITION_LIMIT
2023-07-10,DECISION,EOSUSDT,POSITION_LIMIT
2023-07-11,DECISION,ETHUSDT,POSITION_LIMIT
2023-07-11,DECISION,MATICUSDT,POSITION_LIMIT
2023-07-11,DECISION,TOMOUSDT,POSITION_LIMIT
2023-07-11,DECISION,LINAUSDT,POSITION_LIMIT
2023-07-11,DECISION,LINKUSDT,POSITION_LIMIT
2023-07-11,DECISION,XRPUSDT,POSITION_LIMIT
2023-07-11,DECISION,BNBUSDT,POSITION_LIMIT
2023-07-11,DECISION,ADAUSDT,POSITION_LIMIT
2023-07-11,DECISION,DOGEUSDT,POSITION_LIMIT
2023-07-11,DECISION,EOSUSDT,POSITION_LIMIT
2023-07-12,DECISION,ETCUSDT,POSITION_LIMIT
2023-07-12,DECISION,ETHUSDT,POSITION_LIMIT
2023-07-12,DECISION,MATICUSDT,POSITION_LIMIT
2023-07-12,DECISION,TOMOUSDT,POSITION_LIMIT
2023-07-12,DECISION,LINAUSDT,POSITION_LIMIT
2023-07-12,DECISION,LINKUSDT,POSITION_LIMIT
2023-07-12,DECISION,XRPUSDT,POSITION_LIMIT
2023-07-12,DECISION,BNBUSDT,POSITION_LIMIT
2023-07-12,DECISION,ADAUSDT,POSITION_LIMIT
2023-07-12,DECISION,DOGEUSDT,POSITION_LIMIT
2023-07-13,DECISION,ETHUSDT,POSITION_LIMIT
2023-07-13,DECISION,INJUSDT,POSITION_LIMIT
2023-07-13,DECISION,ETCUSDT,POSITION_LIMIT
2023-07-13,DECISION,LINKUSDT,POSITION_LIMIT
2023-07-13,DECISION,LINAUSDT,POSITION_LIMIT
2023-07-13,DECISION,BNBUSDT,POSITION_LIMIT
2023-07-13,DECISION,MATICUSDT,POSITION_LIMIT
2023-07-13,DECISION,TOMOUSDT,POSITION_LIMIT
2023-07-13,DECISION,DOGEUSDT,POSITION_LIMIT
2023-07-13,DECISION,ADAUSDT,POSITION_LIMIT
2023-07-13,DECISION,OPUSDT,POSITION_LIMIT
2023-07-14,DECISION,ETHUSDT,POSITION_LIMIT
2023-07-14,DECISION,BCHUSDT,POSITION_LIMIT
2023-07-14,DECISION,ETCUSDT,POSITION_LIMIT
2023-07-14,DECISION,LINKUSDT,POSITION_LIMIT
2023-07-14,DECISION,WAVESUSDT,POSITION_LIMIT
2023-07-14,DECISION,BNBUSDT,POSITION_LIMIT
2023-07-14,DECISION,MATICUSDT,POSITION_LIMIT
2023-07-14,DECISION,DOGEUSDT,POSITION_LIMIT
2023-07-14,DECISION,ADAUSDT,POSITION_LIMIT
2023-07-14,DECISION,OPUSDT,POSITION_LIMIT
2023-07-14,DECISION,TOMOUSDT,POSITION_LIMIT
2023-07-15,DECISION,ETCUSDT,POSITION_LIMIT
2023-07-15,DECISION,LINKUSDT,POSITION_LIMIT
2023-07-15,DECISION,BCHUSDT,POSITION_LIMIT
2023-07-15,DECISION,LTCUSDT,POSITION_LIMIT
2023-07-15,DECISION,WAVESUSDT,POSITION_LIMIT
2023-07-15,DECISION,BNBUSDT,POSITION_LIMIT
2023-07-15,DECISION,MATICUSDT,POSITION_LIMIT
2023-07-15,DECISION,DOGEUSDT,POSITION_LIMIT
2023-07-15,DECISION,ADAUSDT,POSITION_LIMIT
2023-07-15,DECISION,EOSUSDT,POSITION_LIMIT
2023-07-15,DECISION,OPUSDT,POSITION_LIMIT
2023-07-15,DECISION,TOMOUSDT,POSITION_LIMIT
2023-07-16,DECISION,ETCUSDT,POSITION_LIMIT
2023-07-16,DECISION,LINKUSDT,POSITION_LIMIT
2023-07-16,DECISION,BCHUSDT,POSITION_LIMIT
2023-07-16,DECISION,LTCUSDT,POSITION_LIMIT
2023-07-16,DECISION,WAVESUSDT,POSITION_LIMIT
2023-07-16,DECISION,MATICUSDT,POSITION_LIMIT
2023-07-16,DECISION,DOGEUSDT,POSITION_LIMIT
2023-07-16,DECISION,ADAUSDT,POSITION_LIMIT
2023-07-16,DECISION,OPUSDT,POSITION_LIMIT
2023-07-16,DECISION,EOSUSDT,POSITION_LIMIT
2023-07-16,DECISION,BNBUSDT,POSITION_LIMIT
2023-07-16,DECISION,TOMOUSDT,POSITION_LIMIT
2023-07-17,DECISION,ETCUSDT,POSITION_LIMIT
2023-07-17,DECISION,LINKUSDT,POSITION_LIMIT
2023-07-17,DECISION,BCHUSDT,POSITION_LIMIT
2023-07-17,DECISION,LTCUSDT,POSITION_LIMIT
2023-07-17,DECISION,WAVESUSDT,POSITION_LIMIT
2023-07-17,DECISION,MATICUSDT,POSITION_LIMIT
2023-07-17,DECISION,DOGEUSDT,POSITION_LIMIT
2023-07-17,DECISION,ADAUSDT,POSITION_LIMIT
2023-07-17,DECISION,APTUSDT,POSITION_LIMIT
2023-07-17,DECISION,OPUSDT,POSITION_LIMIT
2023-07-17,DECISION,EOSUSDT,POSITION_LIMIT
2023-07-17,DECISION,BNBUSDT,POSITION_LIMIT
2023-07-17,DECISION,TOMOUSDT,POSITION_LIMIT
2023-07-18,DECISION,BCHUSDT,POSITION_LIMIT
2023-07-18,DECISION,LTCUSDT,POSITION_LIMIT
2023-07-18,DECISION,WAVESUSDT,POSITION_LIMIT
2023-07-18,DECISION,ETCUSDT,POSITION_LIMIT
2023-07-18,DECISION,BTCUSDT,POSITION_LIMIT
2023-07-18,DECISION,DOGEUSDT,POSITION_LIMIT
2023-07-18,DECISION,APTUSDT,POSITION_LIMIT
2023-07-18,DECISION,OPUSDT,POSITION_LIMIT
2023-07-18,DECISION,EOSUSDT,POSITION_LIMIT
2023-07-18,DECISION,BNBUSDT,POSITION_LIMIT
2023-07-18,DECISION,MATICUSDT,POSITION_LIMIT
2023-07-18,DECISION,ADAUSDT,POSITION_LIMIT
2023-07-18,DECISION,TOMOUSDT,POSITION_LIMIT
2023-07-19,DECISION,BCHUSDT,POSITION_LIMIT
2023-07-19,DECISION,LTCUSDT,POSITION_LIMIT
2023-07-19,DECISION,WAVESUSDT,POSITION_LIMIT
2023-07-19,DECISION,OPUSDT,POSITION_LIMIT
2023-07-19,DECISION,ETCUSDT,POSITION_LIMIT
2023-07-19,DECISION,TOMOUSDT,POSITION_LIMIT
2023-07-19,DECISION,BTCUSDT,POSITION_LIMIT
2023-07-19,DECISION,DOGEUSDT,POSITION_LIMIT
2023-07-19,DECISION,APTUSDT,POSITION_LIMIT
2023-07-19,DECISION,EOSUSDT,POSITION_LIMIT
2023-07-19,DECISION,BNBUSDT,POSITION_LIMIT
2023-07-19,DECISION,MATICUSDT,POSITION_LIMIT
2023-07-19,DECISION,ADAUSDT,POSITION_LIMIT
2023-07-20,DECISION,BCHUSDT,POSITION_LIMIT
2023-07-20,DECISION,LTCUSDT,POSITION_LIMIT
2023-07-20,DECISION,WAVESUSDT,POSITION_LIMIT
2023-07-20,DECISION,OPUSDT,POSITION_LIMIT
2023-07-20,DECISION,TOMOUSDT,POSITION_LIMIT
2023-07-20,DECISION,BTCUSDT,POSITION_LIMIT
2023-07-20,DECISION,DOGEUSDT,POSITION_LIMIT
2023-07-20,DECISION,APTUSDT,POSITION_LIMIT
2023-07-20,DECISION,EOSUSDT,POSITION_LIMIT
2023-07-20,DECISION,ETCUSDT,POSITION_LIMIT
2023-07-20,DECISION,BNBUSDT,POSITION_LIMIT
2023-07-20,DECISION,MATICUSDT,POSITION_LIMIT
2023-07-20,DECISION,ADAUSDT,POSITION_LIMIT
2023-07-21,DECISION,BCHUSDT,POSITION_LIMIT
2023-07-21,DECISION,LTCUSDT,POSITION_LIMIT
2023-07-21,DECISION,ARBUSDT,POSITION_LIMIT
2023-07-21,DECISION,DOGEUSDT,POSITION_LIMIT
2023-07-21,DECISION,WAVESUSDT,POSITION_LIMIT
2023-07-21,DECISION,OPUSDT,POSITION_LIMIT
2023-07-21,DECISION,BTCUSDT,POSITION_LIMIT
2023-07-21,DECISION,APTUSDT,POSITION_LIMIT
2023-07-21,DECISION,EOSUSDT,POSITION_LIMIT
2023-07-21,DECISION,ETCUSDT,POSITION_LIMIT
2023-07-21,DECISION,BNBUSDT,POSITION_LIMIT
2023-07-21,DECISION,MATICUSDT,POSITION_LIMIT
2023-07-21,DECISION,ADAUSDT,POSITION_LIMIT
2023-07-22,DECISION,ARBUSDT,POSITION_LIMIT
2023-07-22,DECISION,DOGEUSDT,POSITION_LIMIT
2023-07-22,DECISION,WAVESUSDT,POSITION_LIMIT
2023-07-22,DECISION,OPUSDT,POSITION_LIMIT
2023-07-22,DECISION,BTCUSDT,POSITION_LIMIT
2023-07-22,DECISION,ETHUSDT,POSITION_LIMIT
2023-07-22,DECISION,BCHUSDT,POSITION_LIMIT
2023-07-22,DECISION,APTUSDT,POSITION_LIMIT
2023-07-22,DECISION,EOSUSDT,POSITION_LIMIT
2023-07-22,DECISION,BNBUSDT,POSITION_LIMIT
2023-07-22,DECISION,MATICUSDT,POSITION_LIMIT
2023-07-22,DECISION,ADAUSDT,POSITION_LIMIT
2023-07-22,DECISION,ETCUSDT,POSITION_LIMIT
2023-07-23,DECISION,ARBUSDT,POSITION_LIMIT
2023-07-23,DECISION,DOGEUSDT,POSITION_LIMIT
2023-07-23,DECISION,WAVESUSDT,POSITION_LIMIT
2023-07-23,DECISION,OPUSDT,POSITION_LIMIT
2023-07-23,DECISION,BTCUSDT,POSITION_LIMIT
2023-07-23,DECISION,ETHUSDT,POSITION_LIMIT
2023-07-23,DECISION,BCHUSDT,POSITION_LIMIT
2023-07-23,DECISION,APTUSDT,POSITION_LIMIT
2023-07-23,DECISION,EOSUSDT,POSITION_LIMIT
2023-07-23,DECISION,BNBUSDT,POSITION_LIMIT
2023-07-23,DECISION,MATICUSDT,POSITION_LIMIT
2023-07-23,DECISION,ADAUSDT,POSITION_LIMIT
2023-07-23,DECISION,ETCUSDT,POSITION_LIMIT
2023-07-24,DECISION,INJUSDT,POSITION_LIMIT
2023-07-24,DECISION,BCHUSDT,POSITION_LIMIT
2023-07-24,DECISION,LTCUSDT,POSITION_LIMIT
2023-07-24,DECISION,ARBUSDT,POSITION_LIMIT
2023-07-24,DECISION,WAVESUSDT,POSITION_LIMIT
2023-07-24,DECISION,OPUSDT,POSITION_LIMIT
2023-07-24,DECISION,BTCUSDT,POSITION_LIMIT
2023-07-24,DECISION,ETHUSDT,POSITION_LIMIT
2023-07-24,DECISION,BNBUSDT,POSITION_LIMIT
2023-07-24,DECISION,MATICUSDT,POSITION_LIMIT
2023-07-24,DECISION,ADAUSDT,POSITION_LIMIT
2023-07-24,DECISION,APTUSDT,POSITION_LIMIT
2023-07-24,DECISION,ETCUSDT,POSITION_LIMIT
2023-07-24,DECISION,EOSUSDT,POSITION_LIMIT
2023-07-25,DECISION,LINKUSDT,POSITION_LIMIT
2023-07-25,DECISION,BCHUSDT,POSITION_LIMIT
2023-07-25,DECISION,LTCUSDT,POSITION_LIMIT
2023-07-25,DECISION,ARBUSDT,POSITION_LIMIT
2023-07-25,DECISION,WAVESUSDT,POSITION_LIMIT
2023-07-25,DECISION,OPUSDT,POSITION_LIMIT
2023-07-25,DECISION,BTCUSDT,POSITION_LIMIT
2023-07-25,DECISION,ETHUSDT,POSITION_LIMIT
2023-07-25,DECISION,ADAUSDT,POSITION_LIMIT
2023-07-25,DECISION,EOSUSDT,POSITION_LIMIT
2023-07-26,DECISION,LINKUSDT,POSITION_LIMIT
2023-07-26,DECISION,TOMOUSDT,POSITION_LIMIT
2023-07-26,DECISION,BCHUSDT,POSITION_LIMIT
2023-07-26,DECISION,LTCUSDT,POSITION_LIMIT
2023-07-26,DECISION,ARBUSDT,POSITION_LIMIT
2023-07-26,DECISION,WAVESUSDT,POSITION_LIMIT
2023-07-26,DECISION,OPUSDT,POSITION_LIMIT
2023-07-26,DECISION,BTCUSDT,POSITION_LIMIT
2023-07-26,DECISION,ETHUSDT,POSITION_LIMIT
2023-07-26,DECISION,ADAUSDT,POSITION_LIMIT
2023-07-26,DECISION,EOSUSDT,POSITION_LIMIT
2023-07-27,DECISION,INJUSDT,POSITION_LIMIT
2023-07-27,DECISION,LINKUSDT,POSITION_LIMIT
2023-07-27,DECISION,BCHUSDT,POSITION_LIMIT
2023-07-27,DECISION,LTCUSDT,POSITION_LIMIT
2023-07-27,DECISION,ARBUSDT,POSITION_LIMIT
2023-07-27,DECISION,OPUSDT,POSITION_LIMIT
2023-07-27,DECISION,WAVESUSDT,POSITION_LIMIT
2023-07-27,DECISION,BTCUSDT,POSITION_LIMIT
2023-07-27,DECISION,ETHUSDT,POSITION_LIMIT
2023-07-27,DECISION,ADAUSDT,POSITION_LIMIT
2023-07-27,DECISION,EOSUSDT,POSITION_LIMIT
2023-07-28,DECISION,INJUSDT,POSITION_LIMIT
2023-07-28,DECISION,LINKUSDT,POSITION_LIMIT
2023-07-28,DECISION,BCHUSDT,POSITION_LIMIT
2023-07-28,DECISION,LTCUSDT,POSITION_LIMIT
2023-07-28,DECISION,ARBUSDT,POSITION_LIMIT
2023-07-28,DECISION,OPUSDT,POSITION_LIMIT
2023-07-28,DECISION,WAVESUSDT,POSITION_LIMIT
2023-07-28,DECISION,BTCUSDT,POSITION_LIMIT
2023-07-28,DECISION,ETHUSDT,POSITION_LIMIT
2023-07-28,DECISION,ADAUSDT,POSITION_LIMIT
2023-07-28,DECISION,EOSUSDT,POSITION_LIMIT
2023-07-29,DECISION,INJUSDT,POSITION_LIMIT
2023-07-29,DECISION,LTCUSDT,POSITION_LIMIT
2023-07-29,DECISION,LINKUSDT,POSITION_LIMIT
2023-07-29,DECISION,BCHUSDT,POSITION_LIMIT
2023-07-29,DECISION,ARBUSDT,POSITION_LIMIT
2023-07-29,DECISION,OPUSDT,POSITION_LIMIT
2023-07-29,DECISION,WAVESUSDT,POSITION_LIMIT
2023-07-29,DECISION,BTCUSDT,POSITION_LIMIT
2023-07-29,DECISION,ETHUSDT,POSITION_LIMIT
2023-07-29,DECISION,ADAUSDT,POSITION_LIMIT
2023-07-29,DECISION,EOSUSDT,POSITION_LIMIT
2023-07-30,DECISION,BCHUSDT,POSITION_LIMIT
2023-07-30,DECISION,LTCUSDT,POSITION_LIMIT
2023-07-30,DECISION,LINKUSDT,POSITION_LIMIT
2023-07-30,DECISION,OPUSDT,POSITION_LIMIT
2023-07-30,DECISION,INJUSDT,POSITION_LIMIT
2023-07-30,DECISION,BTCUSDT,POSITION_LIMIT
2023-07-30,DECISION,ETHUSDT,POSITION_LIMIT
2023-07-30,DECISION,ARBUSDT,POSITION_LIMIT
2023-07-30,DECISION,ADAUSDT,POSITION_LIMIT
2023-07-30,DECISION,EOSUSDT,POSITION_LIMIT
2023-07-31,DECISION,BCHUSDT,POSITION_LIMIT
2023-07-31,DECISION,LTCUSDT,POSITION_LIMIT
2023-07-31,DECISION,LINKUSDT,POSITION_LIMIT
2023-07-31,DECISION,OPUSDT,POSITION_LIMIT
2023-07-31,DECISION,INJUSDT,POSITION_LIMIT
2023-07-31,DECISION,BTCUSDT,POSITION_LIMIT
2023-07-31,DECISION,ETHUSDT,POSITION_LIMIT
2023-07-31,DECISION,ARBUSDT,POSITION_LIMIT
2023-07-31,DECISION,ADAUSDT,POSITION_LIMIT
2023-07-31,DECISION,EOSUSDT,POSITION_LIMIT
2023-08-01,DECISION,TOMOUSDT,POSITION_LIMIT
2023-08-01,DECISION,XRPUSDT,POSITION_LIMIT
2023-08-01,DECISION,BCHUSDT,POSITION_LIMIT
2023-08-01,DECISION,LTCUSDT,POSITION_LIMIT
2023-08-01,DECISION,LINKUSDT,POSITION_LIMIT
2023-08-01,DECISION,BTCUSDT,POSITION_LIMIT
2023-08-01,DECISION,ETHUSDT,POSITION_LIMIT
2023-08-01,DECISION,ARBUSDT,POSITION_LIMIT
2023-08-01,DECISION,BNBUSDT,POSITION_LIMIT
2023-08-01,DECISION,ADAUSDT,POSITION_LIMIT
2023-08-01,DECISION,EOSUSDT,POSITION_LIMIT
2023-08-02,DECISION,DOGEUSDT,POSITION_LIMIT
2023-08-02,DECISION,COMPUSDT,POSITION_LIMIT
2023-08-02,DECISION,LINKUSDT,POSITION_LIMIT
2023-08-02,DECISION,BTCUSDT,POSITION_LIMIT
2023-08-02,DECISION,BCHUSDT,POSITION_LIMIT
2023-08-02,DECISION,LTCUSDT,POSITION_LIMIT
2023-08-02,DECISION,ARBUSDT,POSITION_LIMIT
2023-08-03,DECISION,DOGEUSDT,POSITION_LIMIT
2023-08-03,DECISION,COMPUSDT,POSITION_LIMIT
2023-08-03,DECISION,LINKUSDT,POSITION_LIMIT
2023-08-03,DECISION,BTCUSDT,POSITION_LIMIT
2023-08-03,DECISION,BCHUSDT,POSITION_LIMIT
2023-08-03,DECISION,LTCUSDT,POSITION_LIMIT
2023-08-03,DECISION,ARBUSDT,POSITION_LIMIT
2023-08-04,DECISION,DOGEUSDT,POSITION_LIMIT
2023-08-04,DECISION,COMPUSDT,POSITION_LIMIT
2023-08-04,DECISION,LINKUSDT,POSITION_LIMIT
2023-08-04,DECISION,BTCUSDT,POSITION_LIMIT
2023-08-04,DECISION,BCHUSDT,POSITION_LIMIT
2023-08-04,DECISION,LTCUSDT,POSITION_LIMIT
2023-08-04,DECISION,ARBUSDT,POSITION_LIMIT
2023-08-05,DECISION,XRPUSDT,POSITION_LIMIT
2023-08-05,DECISION,DOGEUSDT,POSITION_LIMIT
2023-08-05,DECISION,COMPUSDT,POSITION_LIMIT
2023-08-05,DECISION,LINKUSDT,POSITION_LIMIT
2023-08-05,DECISION,BTCUSDT,POSITION_LIMIT
2023-08-05,DECISION,BCHUSDT,POSITION_LIMIT
2023-08-05,DECISION,LTCUSDT,POSITION_LIMIT
2023-08-05,DECISION,ARBUSDT,POSITION_LIMIT
2023-08-06,DECISION,XRPUSDT,POSITION_LIMIT
2023-08-06,DECISION,DOGEUSDT,POSITION_LIMIT
2023-08-06,DECISION,COMPUSDT,POSITION_LIMIT
2023-08-06,DECISION,BTCUSDT,POSITION_LIMIT
2023-08-06,DECISION,BCHUSDT,POSITION_LIMIT
2023-08-06,DECISION,LTCUSDT,POSITION_LIMIT
2023-08-06,DECISION,LINKUSDT,POSITION_LIMIT
2023-08-06,DECISION,ARBUSDT,POSITION_LIMIT
2023-08-07,DECISION,XRPUSDT,POSITION_LIMIT
2023-08-07,DECISION,DOGEUSDT,POSITION_LIMIT
2023-08-07,DECISION,COMPUSDT,POSITION_LIMIT
2023-08-07,DECISION,BTCUSDT,POSITION_LIMIT
2023-08-07,DECISION,BCHUSDT,POSITION_LIMIT
2023-08-07,DECISION,LTCUSDT,POSITION_LIMIT
2023-08-07,DECISION,LINKUSDT,POSITION_LIMIT
2023-08-07,DECISION,ARBUSDT,POSITION_LIMIT
2023-08-08,DECISION,TOMOUSDT,POSITION_LIMIT
2023-08-08,DECISION,BTCUSDT,POSITION_LIMIT
2023-08-08,DECISION,XRPUSDT,POSITION_LIMIT
2023-08-08,DECISION,DOGEUSDT,POSITION_LIMIT
2023-08-08,DECISION,COMPUSDT,POSITION_LIMIT
2023-08-08,DECISION,BCHUSDT,POSITION_LIMIT
2023-08-08,DECISION,LTCUSDT,POSITION_LIMIT
2023-08-08,DECISION,LINKUSDT,POSITION_LIMIT
2023-08-08,DECISION,ARBUSDT,POSITION_LIMIT
2023-08-09,DECISION,BTCUSDT,POSITION_LIMIT
2023-08-09,DECISION,XRPUSDT,POSITION_LIMIT
2023-08-09,DECISION,DOGEUSDT,POSITION_LIMIT
2023-08-09,DECISION,COMPUSDT,POSITION_LIMIT
2023-08-09,DECISION,OPUSDT,POSITION_LIMIT
2023-08-09,DECISION,LINKUSDT,POSITION_LIMIT
2023-08-09,DECISION,ARBUSDT,POSITION_LIMIT
2023-08-09,DECISION,BCHUSDT,POSITION_LIMIT
2023-08-09,DECISION,LTCUSDT,POSITION_LIMIT
2023-08-10,DECISION,BTCUSDT,POSITION_LIMIT
2023-08-10,DECISION,XRPUSDT,POSITION_LIMIT
2023-08-10,DECISION,DOGEUSDT,POSITION_LIMIT
2023-08-10,DECISION,OPUSDT,POSITION_LIMIT
2023-08-10,DECISION,COMPUSDT,POSITION_LIMIT
2023-08-10,DECISION,LINKUSDT,POSITION_LIMIT
2023-08-10,DECISION,ARBUSDT,POSITION_LIMIT
2023-08-10,DECISION,BCHUSDT,POSITION_LIMIT
2023-08-10,DECISION,LTCUSDT,POSITION_LIMIT
2023-08-11,DECISION,BTCUSDT,POSITION_LIMIT
2023-08-11,DECISION,XRPUSDT,POSITION_LIMIT
2023-08-11,DECISION,DOGEUSDT,POSITION_LIMIT
2023-08-11,DECISION,OPUSDT,POSITION_LIMIT
2023-08-11,DECISION,COMPUSDT,POSITION_LIMIT
2023-08-11,DECISION,LINKUSDT,POSITION_LIMIT
2023-08-11,DECISION,ARBUSDT,POSITION_LIMIT
2023-08-11,DECISION,BCHUSDT,POSITION_LIMIT
2023-08-11,DECISION,LTCUSDT,POSITION_LIMIT
2023-08-12,DECISION,TOMOUSDT,POSITION_LIMIT
2023-08-12,DECISION,BTCUSDT,POSITION_LIMIT
2023-08-12,DECISION,XRPUSDT,POSITION_LIMIT
2023-08-12,DECISION,OPUSDT,POSITION_LIMIT
2023-08-12,DECISION,COMPUSDT,POSITION_LIMIT
2023-08-12,DECISION,LINKUSDT,POSITION_LIMIT
2023-08-12,DECISION,ARBUSDT,POSITION_LIMIT
2023-08-12,DECISION,BCHUSDT,POSITION_LIMIT
2023-08-12,DECISION,LTCUSDT,POSITION_LIMIT
2023-08-12,DECISION,APEUSDT,POSITION_LIMIT
2023-08-13,DECISION,XRPUSDT,POSITION_LIMIT
2023-08-13,DECISION,DOGEUSDT,POSITION_LIMIT
2023-08-13,DECISION,OPUSDT,POSITION_LIMIT
2023-08-13,DECISION,BTCUSDT,POSITION_LIMIT
2023-08-13,DECISION,BCHUSDT,POSITION_LIMIT
2023-08-13,DECISION,COMPUSDT,POSITION_LIMIT
2023-08-13,DECISION,LINKUSDT,POSITION_LIMIT
2023-08-13,DECISION,ARBUSDT,POSITION_LIMIT
2023-08-13,DECISION,LTCUSDT,POSITION_LIMIT
2023-08-13,DECISION,APEUSDT,POSITION_LIMIT
2023-08-14,DECISION,DOGEUSDT,POSITION_LIMIT
2023-08-14,DECISION,XLMUSDT,POSITION_LIMIT
2023-08-14,DECISION,BTCUSDT,POSITION_LIMIT
2023-08-14,DECISION,BCHUSDT,POSITION_LIMIT
2023-08-14,DECISION,OPUSDT,POSITION_LIMIT
2023-08-14,DECISION,COMPUSDT,POSITION_LIMIT
2023-08-14,DECISION,LINKUSDT,POSITION_LIMIT
2023-08-14,DECISION,ARBUSDT,POSITION_LIMIT
2023-08-14,DECISION,APEUSDT,POSITION_LIMIT
2023-08-14,DECISION,LTCUSDT,POSITION_LIMIT
2023-08-15,DECISION,BTCUSDT,POSITION_LIMIT
2023-08-15,DECISION,XRPUSDT,POSITION_LIMIT
2023-08-15,DECISION,BCHUSDT,POSITION_LIMIT
2023-08-15,DECISION,OPUSDT,POSITION_LIMIT
2023-08-15,DECISION,COMPUSDT,POSITION_LIMIT
2023-08-15,DECISION,ARBUSDT,POSITION_LIMIT
2023-08-15,DECISION,DOGEUSDT,POSITION_LIMIT
2023-08-15,DECISION,LTCUSDT,POSITION_LIMIT
2023-08-15,DECISION,LINKUSDT,POSITION_LIMIT
2023-08-15,DECISION,APEUSDT,POSITION_LIMIT
2023-08-16,DECISION,COMPUSDT,POSITION_LIMIT
2023-08-16,DECISION,XLMUSDT,POSITION_LIMIT
2023-08-16,DECISION,BTCUSDT,POSITION_LIMIT
2023-08-16,DECISION,BCHUSDT,POSITION_LIMIT
2023-08-16,DECISION,LTCUSDT,POSITION_LIMIT
2023-08-16,DECISION,LINKUSDT,POSITION_LIMIT
2023-08-17,DECISION,XLMUSDT,POSITION_LIMIT
2023-08-17,DECISION,BTCUSDT,POSITION_LIMIT
2023-08-17,DECISION,BCHUSDT,POSITION_LIMIT
2023-08-17,DECISION,COMPUSDT,POSITION_LIMIT
2023-08-18,DECISION,XLMUSDT,POSITION_LIMIT
2023-08-18,DECISION,BTCUSDT,POSITION_LIMIT
2023-08-18,DECISION,BCHUSDT,POSITION_LIMIT
2023-08-18,DECISION,COMPUSDT,POSITION_LIMIT
2023-08-19,DECISION,XLMUSDT,POSITION_LIMIT
2023-08-19,DECISION,BTCUSDT,POSITION_LIMIT
2023-08-19,DECISION,BCHUSDT,POSITION_LIMIT
2023-08-19,DECISION,COMPUSDT,POSITION_LIMIT
2023-08-20,DECISION,XLMUSDT,POSITION_LIMIT
2023-08-20,DECISION,BTCUSDT,POSITION_LIMIT
2023-08-20,DECISION,BCHUSDT,POSITION_LIMIT
2023-08-20,DECISION,COMPUSDT,POSITION_LIMIT
2023-08-21,DECISION,XLMUSDT,POSITION_LIMIT
2023-08-21,DECISION,BTCUSDT,POSITION_LIMIT
2023-08-21,DECISION,BCHUSDT,POSITION_LIMIT
2023-08-21,DECISION,COMPUSDT,POSITION_LIMIT
2023-08-22,DECISION,XLMUSDT,POSITION_LIMIT
2023-08-22,DECISION,BTCUSDT,POSITION_LIMIT
2023-08-22,DECISION,BCHUSDT,POSITION_LIMIT
2023-08-22,DECISION,OPUSDT,POSITION_LIMIT
2023-08-22,DECISION,COMPUSDT,POSITION_LIMIT
2023-08-23,DECISION,BTCUSDT,POSITION_LIMIT
2023-08-23,DECISION,BCHUSDT,POSITION_LIMIT
2023-08-23,DECISION,OPUSDT,POSITION_LIMIT
2023-08-23,DECISION,COMPUSDT,POSITION_LIMIT
2023-08-24,DECISION,BTCUSDT,POSITION_LIMIT
2023-08-24,DECISION,BCHUSDT,POSITION_LIMIT
2023-08-24,DECISION,OPUSDT,POSITION_LIMIT
2023-08-24,DECISION,COMPUSDT,POSITION_LIMIT
2023-08-25,DECISION,XLMUSDT,POSITION_LIMIT
2023-08-25,DECISION,BTCUSDT,POSITION_LIMIT
2023-08-25,DECISION,BCHUSDT,POSITION_LIMIT
2023-08-25,DECISION,COMPUSDT,POSITION_LIMIT
2023-08-26,DECISION,BCHUSDT,POSITION_LIMIT
2023-08-26,DECISION,TOMOUSDT,POSITION_LIMIT
2023-08-26,DECISION,COMPUSDT,POSITION_LIMIT
2023-08-27,FILL,BTCUSDT,BELOW_EXCHANGE_MINIMUM_NOTIONAL
2023-08-27,DECISION,BTCUSDT,POSITION_LIMIT
2023-08-27,DECISION,SOLUSDT,POSITION_LIMIT
2023-08-27,DECISION,TOMOUSDT,POSITION_LIMIT
2023-08-27,DECISION,COMPUSDT,POSITION_LIMIT
2023-08-28,DECISION,MKRUSDT,POSITION_LIMIT
2023-08-28,DECISION,BTCUSDT,POSITION_LIMIT
2023-08-28,DECISION,SOLUSDT,POSITION_LIMIT
2023-08-28,DECISION,TOMOUSDT,POSITION_LIMIT
2023-08-29,DECISION,BCHUSDT,POSITION_LIMIT
2023-08-29,DECISION,MKRUSDT,POSITION_LIMIT
2023-08-29,DECISION,ETHUSDT,POSITION_LIMIT
2023-08-29,DECISION,SOLUSDT,POSITION_LIMIT
2023-08-29,DECISION,DOGEUSDT,POSITION_LIMIT
2023-08-29,DECISION,LTCUSDT,POSITION_LIMIT
2023-08-29,DECISION,BNBUSDT,POSITION_LIMIT
2023-08-29,DECISION,TOMOUSDT,POSITION_LIMIT
2023-08-29,DECISION,MATICUSDT,POSITION_LIMIT
2023-08-29,DECISION,ADAUSDT,POSITION_LIMIT
2023-08-30,DECISION,BCHUSDT,POSITION_LIMIT
2023-08-30,DECISION,MKRUSDT,POSITION_LIMIT
2023-08-30,DECISION,ETHUSDT,POSITION_LIMIT
2023-08-30,DECISION,SOLUSDT,POSITION_LIMIT
2023-08-30,DECISION,DOGEUSDT,POSITION_LIMIT
2023-08-30,DECISION,LTCUSDT,POSITION_LIMIT
2023-08-30,DECISION,BNBUSDT,POSITION_LIMIT
2023-08-30,DECISION,TOMOUSDT,POSITION_LIMIT
2023-08-30,DECISION,MATICUSDT,POSITION_LIMIT
2023-08-31,DECISION,BCHUSDT,POSITION_LIMIT
2023-08-31,DECISION,SOLUSDT,POSITION_LIMIT
2023-08-31,DECISION,DOGEUSDT,POSITION_LIMIT
2023-08-31,DECISION,BNBUSDT,POSITION_LIMIT
2023-08-31,DECISION,TOMOUSDT,POSITION_LIMIT
2023-08-31,DECISION,MATICUSDT,POSITION_LIMIT
2023-09-01,DECISION,SOLUSDT,POSITION_LIMIT
2023-09-01,DECISION,1000SHIBUSDT,POSITION_LIMIT
2023-09-01,DECISION,DOGEUSDT,POSITION_LIMIT
2023-09-01,DECISION,TOMOUSDT,POSITION_LIMIT
2023-09-02,DECISION,XRPUSDT,POSITION_LIMIT
2023-09-02,DECISION,SOLUSDT,POSITION_LIMIT
2023-09-02,DECISION,1000SHIBUSDT,POSITION_LIMIT
2023-09-02,DECISION,DOGEUSDT,POSITION_LIMIT
2023-09-02,DECISION,TOMOUSDT,POSITION_LIMIT
2023-09-03,DECISION,TOMOUSDT,POSITION_LIMIT
2023-09-03,DECISION,XRPUSDT,POSITION_LIMIT
2023-09-03,DECISION,SOLUSDT,POSITION_LIMIT
2023-09-03,DECISION,1000SHIBUSDT,POSITION_LIMIT
2023-09-04,DECISION,SOLUSDT,POSITION_LIMIT
2023-09-04,DECISION,BCHUSDT,POSITION_LIMIT
2023-09-05,DECISION,SOLUSDT,POSITION_LIMIT
2023-09-05,DECISION,BCHUSDT,POSITION_LIMIT
2023-09-06,DECISION,XRPUSDT,POSITION_LIMIT
2023-09-06,DECISION,SOLUSDT,POSITION_LIMIT
2023-09-06,DECISION,BCHUSDT,POSITION_LIMIT
2023-09-06,DECISION,LINKUSDT,POSITION_LIMIT
2023-09-07,DECISION,LINKUSDT,POSITION_LIMIT
2023-09-07,DECISION,XRPUSDT,POSITION_LIMIT
2023-09-07,DECISION,SOLUSDT,POSITION_LIMIT
2023-09-07,DECISION,BCHUSDT,POSITION_LIMIT
2023-09-08,DECISION,SOLUSDT,POSITION_LIMIT
2023-09-08,DECISION,XRPUSDT,POSITION_LIMIT
2023-09-08,DECISION,BCHUSDT,POSITION_LIMIT
2023-09-09,DECISION,SOLUSDT,POSITION_LIMIT
2023-09-09,DECISION,XRPUSDT,POSITION_LIMIT
2023-09-09,DECISION,BCHUSDT,POSITION_LIMIT
2023-09-10,DECISION,XRPUSDT,POSITION_LIMIT
2023-09-10,DECISION,BCHUSDT,POSITION_LIMIT
2023-09-10,DECISION,LINKUSDT,POSITION_LIMIT
2023-09-11,DECISION,BCHUSDT,POSITION_LIMIT
2023-09-11,DECISION,TOMOUSDT,POSITION_LIMIT
2023-09-12,DECISION,XRPUSDT,POSITION_LIMIT
2023-09-12,DECISION,TOMOUSDT,POSITION_LIMIT
2023-09-13,DECISION,SOLUSDT,POSITION_LIMIT
2023-09-13,DECISION,XRPUSDT,POSITION_LIMIT
2023-09-13,DECISION,OPUSDT,POSITION_LIMIT
2023-09-13,DECISION,TOMOUSDT,POSITION_LIMIT
2023-09-14,DECISION,BTCUSDT,POSITION_LIMIT
2023-09-14,DECISION,SOLUSDT,POSITION_LIMIT
2023-09-14,DECISION,XRPUSDT,POSITION_LIMIT
2023-09-14,DECISION,OPUSDT,POSITION_LIMIT
2023-09-14,DECISION,TOMOUSDT,POSITION_LIMIT
2023-09-15,DECISION,BTCUSDT,POSITION_LIMIT
2023-09-15,DECISION,SOLUSDT,POSITION_LIMIT
2023-09-15,DECISION,XRPUSDT,POSITION_LIMIT
2023-09-15,DECISION,OPUSDT,POSITION_LIMIT
2023-09-15,DECISION,LTCUSDT,POSITION_LIMIT
2023-09-15,DECISION,TOMOUSDT,POSITION_LIMIT
2023-09-16,DECISION,BTCUSDT,POSITION_LIMIT
2023-09-16,DECISION,SOLUSDT,POSITION_LIMIT
2023-09-16,DECISION,XRPUSDT,POSITION_LIMIT
2023-09-16,DECISION,OPUSDT,POSITION_LIMIT
2023-09-16,DECISION,LTCUSDT,POSITION_LIMIT
2023-09-16,DECISION,TOMOUSDT,POSITION_LIMIT
2023-09-17,DECISION,BTCUSDT,POSITION_LIMIT
2023-09-17,DECISION,SOLUSDT,POSITION_LIMIT
2023-09-17,DECISION,XRPUSDT,POSITION_LIMIT
2023-09-17,DECISION,LTCUSDT,POSITION_LIMIT
2023-09-17,DECISION,OPUSDT,POSITION_LIMIT
2023-09-17,DECISION,TOMOUSDT,POSITION_LIMIT
2023-09-18,DECISION,BCHUSDT,POSITION_LIMIT
2023-09-18,DECISION,BTCUSDT,POSITION_LIMIT
2023-09-18,DECISION,XRPUSDT,POSITION_LIMIT
2023-09-18,DECISION,LTCUSDT,POSITION_LIMIT
2023-09-18,DECISION,TOMOUSDT,POSITION_LIMIT
2023-09-18,DECISION,OPUSDT,POSITION_LIMIT
2023-09-19,DECISION,SOLUSDT,POSITION_LIMIT
2023-09-19,DECISION,XRPUSDT,POSITION_LIMIT
2023-09-19,DECISION,BTCUSDT,POSITION_LIMIT
2023-09-19,DECISION,ETHUSDT,POSITION_LIMIT
2023-09-19,DECISION,LTCUSDT,POSITION_LIMIT
2023-09-19,DECISION,BNBUSDT,POSITION_LIMIT
2023-09-19,DECISION,OPUSDT,POSITION_LIMIT
2023-09-19,DECISION,TOMOUSDT,POSITION_LIMIT
2023-09-19,DECISION,MATICUSDT,POSITION_LIMIT
2023-09-20,DECISION,BCHUSDT,POSITION_LIMIT
2023-09-20,DECISION,LINKUSDT,POSITION_LIMIT
2023-09-20,DECISION,TOMOUSDT,POSITION_LIMIT
2023-09-20,DECISION,BTCUSDT,POSITION_LIMIT
2023-09-20,DECISION,LTCUSDT,POSITION_LIMIT
2023-09-20,DECISION,BNBUSDT,POSITION_LIMIT
2023-09-20,DECISION,OPUSDT,POSITION_LIMIT
2023-09-20,DECISION,MATICUSDT,POSITION_LIMIT
2023-09-21,DECISION,LINKUSDT,POSITION_LIMIT
2023-09-21,DECISION,BCHUSDT,POSITION_LIMIT
2023-09-21,DECISION,TOMOUSDT,POSITION_LIMIT
2023-09-21,DECISION,BTCUSDT,POSITION_LIMIT
2023-09-21,DECISION,LTCUSDT,POSITION_LIMIT
2023-09-21,DECISION,MATICUSDT,POSITION_LIMIT
2023-09-22,DECISION,LINKUSDT,POSITION_LIMIT
2023-09-22,DECISION,BCHUSDT,POSITION_LIMIT
2023-09-22,DECISION,BTCUSDT,POSITION_LIMIT
2023-09-22,DECISION,LTCUSDT,POSITION_LIMIT
2023-09-22,DECISION,MATICUSDT,POSITION_LIMIT
2023-09-22,DECISION,1000PEPEUSDT,POSITION_LIMIT
2023-09-22,DECISION,CFXUSDT,POSITION_LIMIT
2023-09-23,DECISION,XRPUSDT,POSITION_LIMIT
2023-09-23,DECISION,LINKUSDT,POSITION_LIMIT
2023-09-23,DECISION,BCHUSDT,POSITION_LIMIT
2023-09-23,DECISION,BTCUSDT,POSITION_LIMIT
2023-09-23,DECISION,LTCUSDT,POSITION_LIMIT
2023-09-23,DECISION,MATICUSDT,POSITION_LIMIT
2023-09-23,DECISION,1000PEPEUSDT,POSITION_LIMIT
2023-09-24,DECISION,SOLUSDT,POSITION_LIMIT
2023-09-24,DECISION,XRPUSDT,POSITION_LIMIT
2023-09-24,DECISION,BCHUSDT,POSITION_LIMIT
2023-09-24,DECISION,1000PEPEUSDT,POSITION_LIMIT
2023-09-25,DECISION,SOLUSDT,POSITION_LIMIT
2023-09-25,DECISION,XRPUSDT,POSITION_LIMIT
2023-09-25,DECISION,BCHUSDT,POSITION_LIMIT
2023-09-25,DECISION,1000PEPEUSDT,POSITION_LIMIT
2023-09-26,DECISION,SOLUSDT,POSITION_LIMIT
2023-09-26,DECISION,XRPUSDT,POSITION_LIMIT
2023-09-26,DECISION,BCHUSDT,POSITION_LIMIT
2023-09-26,DECISION,1000PEPEUSDT,POSITION_LIMIT
2023-09-27,DECISION,UNFIUSDT,POSITION_LIMIT
2023-09-27,DECISION,CRVUSDT,POSITION_LIMIT
2023-09-27,DECISION,SOLUSDT,POSITION_LIMIT
2023-09-27,DECISION,XRPUSDT,POSITION_LIMIT
2023-09-27,DECISION,1000PEPEUSDT,POSITION_LIMIT
2023-09-28,DECISION,UNFIUSDT,POSITION_LIMIT
2023-09-28,DECISION,CRVUSDT,POSITION_LIMIT
2023-09-28,DECISION,ETHUSDT,POSITION_LIMIT
2023-09-28,DECISION,SOLUSDT,POSITION_LIMIT
2023-09-28,DECISION,XRPUSDT,POSITION_LIMIT
2023-09-28,DECISION,1000PEPEUSDT,POSITION_LIMIT
2023-09-28,DECISION,ARBUSDT,POSITION_LIMIT
2023-09-28,DECISION,APEUSDT,POSITION_LIMIT
2023-09-29,DECISION,LINKUSDT,POSITION_LIMIT
2023-09-29,DECISION,XRPUSDT,POSITION_LIMIT
2023-09-29,DECISION,UNFIUSDT,POSITION_LIMIT
2023-09-29,DECISION,ETHUSDT,POSITION_LIMIT
2023-09-29,DECISION,SOLUSDT,POSITION_LIMIT
2023-09-29,DECISION,1000PEPEUSDT,POSITION_LIMIT
2023-09-29,DECISION,ARBUSDT,POSITION_LIMIT
2023-09-29,DECISION,APEUSDT,POSITION_LIMIT
2023-09-30,DECISION,SOLUSDT,POSITION_LIMIT
2023-09-30,DECISION,STMXUSDT,POSITION_LIMIT
2023-09-30,DECISION,ETHUSDT,POSITION_LIMIT
2023-09-30,DECISION,XRPUSDT,POSITION_LIMIT
2023-09-30,DECISION,UNFIUSDT,POSITION_LIMIT
2023-09-30,DECISION,1000PEPEUSDT,POSITION_LIMIT
2023-09-30,DECISION,APEUSDT,POSITION_LIMIT
2023-09-30,DECISION,ARBUSDT,POSITION_LIMIT
2023-09-30,DECISION,LTCUSDT,POSITION_LIMIT
2023-10-01,DECISION,LINKUSDT,POSITION_LIMIT
2023-10-01,DECISION,BTCUSDT,POSITION_LIMIT
2023-10-01,DECISION,ETHUSDT,POSITION_LIMIT
2023-10-01,DECISION,XRPUSDT,POSITION_LIMIT
2023-10-01,DECISION,STMXUSDT,POSITION_LIMIT
2023-10-01,DECISION,CRVUSDT,POSITION_LIMIT
2023-10-01,DECISION,LTCUSDT,POSITION_LIMIT
2023-10-01,DECISION,BNBUSDT,POSITION_LIMIT
2023-10-01,DECISION,1000PEPEUSDT,POSITION_LIMIT
2023-10-01,DECISION,OPUSDT,POSITION_LIMIT
2023-10-01,DECISION,MATICUSDT,POSITION_LIMIT
2023-10-01,DECISION,ARBUSDT,POSITION_LIMIT
2023-10-01,DECISION,DOGEUSDT,POSITION_LIMIT
2023-10-01,DECISION,APEUSDT,POSITION_LIMIT
2023-10-02,DECISION,BTCUSDT,POSITION_LIMIT
2023-10-02,DECISION,ETHUSDT,POSITION_LIMIT
2023-10-02,DECISION,XRPUSDT,POSITION_LIMIT
2023-10-02,DECISION,LINKUSDT,POSITION_LIMIT
2023-10-02,DECISION,STMXUSDT,POSITION_LIMIT
2023-10-02,DECISION,LTCUSDT,POSITION_LIMIT
2023-10-02,DECISION,BNBUSDT,POSITION_LIMIT
2023-10-02,DECISION,1000PEPEUSDT,POSITION_LIMIT
2023-10-02,DECISION,OPUSDT,POSITION_LIMIT
2023-10-02,DECISION,MATICUSDT,POSITION_LIMIT
2023-10-02,DECISION,ARBUSDT,POSITION_LIMIT
2023-10-02,DECISION,CRVUSDT,POSITION_LIMIT
2023-10-02,DECISION,DOGEUSDT,POSITION_LIMIT
2023-10-02,DECISION,APEUSDT,POSITION_LIMIT
2023-10-03,DECISION,XRPUSDT,POSITION_LIMIT
2023-10-03,DECISION,BCHUSDT,POSITION_LIMIT
2023-10-03,DECISION,BLZUSDT,POSITION_LIMIT
2023-10-03,DECISION,LINKUSDT,POSITION_LIMIT
2023-10-03,DECISION,LTCUSDT,POSITION_LIMIT
2023-10-03,DECISION,MATICUSDT,POSITION_LIMIT
2023-10-03,DECISION,ARBUSDT,POSITION_LIMIT
2023-10-03,DECISION,CRVUSDT,POSITION_LIMIT
2023-10-03,DECISION,STMXUSDT,POSITION_LIMIT
2023-10-03,DECISION,BNBUSDT,POSITION_LIMIT
2023-10-03,DECISION,1000PEPEUSDT,POSITION_LIMIT
2023-10-03,DECISION,OPUSDT,POSITION_LIMIT
2023-10-03,DECISION,DOGEUSDT,POSITION_LIMIT
2023-10-03,DECISION,APEUSDT,POSITION_LIMIT
2023-10-04,DECISION,LINKUSDT,POSITION_LIMIT
2023-10-04,DECISION,ETHUSDT,POSITION_LIMIT
2023-10-04,DECISION,BLZUSDT,POSITION_LIMIT
2023-10-04,DECISION,MATICUSDT,POSITION_LIMIT
2023-10-04,DECISION,PERPUSDT,POSITION_LIMIT
2023-10-04,DECISION,LTCUSDT,POSITION_LIMIT
2023-10-04,DECISION,BNBUSDT,POSITION_LIMIT
2023-10-04,DECISION,1000PEPEUSDT,POSITION_LIMIT
2023-10-04,DECISION,OPUSDT,POSITION_LIMIT
2023-10-04,DECISION,ARBUSDT,POSITION_LIMIT
2023-10-04,DECISION,CRVUSDT,POSITION_LIMIT
2023-10-04,DECISION,SUIUSDT,POSITION_LIMIT
2023-10-04,DECISION,DOGEUSDT,POSITION_LIMIT
2023-10-04,DECISION,APEUSDT,POSITION_LIMIT
2023-10-05,DECISION,LINKUSDT,POSITION_LIMIT
2023-10-05,DECISION,ETHUSDT,POSITION_LIMIT
2023-10-05,DECISION,BLZUSDT,POSITION_LIMIT
2023-10-05,DECISION,MATICUSDT,POSITION_LIMIT
2023-10-05,DECISION,PERPUSDT,POSITION_LIMIT
2023-10-05,DECISION,ADAUSDT,POSITION_LIMIT
2023-10-05,DECISION,LTCUSDT,POSITION_LIMIT
2023-10-05,DECISION,BNBUSDT,POSITION_LIMIT
2023-10-05,DECISION,1000PEPEUSDT,POSITION_LIMIT
2023-10-05,DECISION,OPUSDT,POSITION_LIMIT
2023-10-05,DECISION,ARBUSDT,POSITION_LIMIT
2023-10-05,DECISION,CRVUSDT,POSITION_LIMIT
2023-10-05,DECISION,DOGEUSDT,POSITION_LIMIT
2023-10-06,DECISION,XRPUSDT,POSITION_LIMIT
2023-10-06,DECISION,BCHUSDT,POSITION_LIMIT
2023-10-06,DECISION,LINKUSDT,POSITION_LIMIT
2023-10-06,DECISION,ETHUSDT,POSITION_LIMIT
2023-10-06,DECISION,BLZUSDT,POSITION_LIMIT
2023-10-06,DECISION,MATICUSDT,POSITION_LIMIT
2023-10-06,DECISION,LTCUSDT,POSITION_LIMIT
2023-10-06,DECISION,BNBUSDT,POSITION_LIMIT
2023-10-06,DECISION,1000PEPEUSDT,POSITION_LIMIT
2023-10-06,DECISION,OPUSDT,POSITION_LIMIT
2023-10-06,DECISION,ARBUSDT,POSITION_LIMIT
2023-10-06,DECISION,CRVUSDT,POSITION_LIMIT
2023-10-06,DECISION,DOGEUSDT,POSITION_LIMIT
2023-10-07,DECISION,BCHUSDT,POSITION_LIMIT
2023-10-07,DECISION,LINKUSDT,POSITION_LIMIT
2023-10-07,DECISION,ETHUSDT,POSITION_LIMIT
2023-10-07,DECISION,BLZUSDT,POSITION_LIMIT
2023-10-07,DECISION,MATICUSDT,POSITION_LIMIT
2023-10-07,DECISION,STMXUSDT,POSITION_LIMIT
2023-10-07,DECISION,LTCUSDT,POSITION_LIMIT
2023-10-07,DECISION,BNBUSDT,POSITION_LIMIT
2023-10-07,DECISION,1000PEPEUSDT,POSITION_LIMIT
2023-10-07,DECISION,OPUSDT,POSITION_LIMIT
2023-10-07,DECISION,ARBUSDT,POSITION_LIMIT
2023-10-07,DECISION,CRVUSDT,POSITION_LIMIT
2023-10-07,DECISION,DOGEUSDT,POSITION_LIMIT
2023-10-08,DECISION,LINKUSDT,POSITION_LIMIT
2023-10-08,DECISION,ETHUSDT,POSITION_LIMIT
2023-10-08,DECISION,XRPUSDT,POSITION_LIMIT
2023-10-08,DECISION,BCHUSDT,POSITION_LIMIT
2023-10-08,DECISION,BLZUSDT,POSITION_LIMIT
2023-10-08,DECISION,MATICUSDT,POSITION_LIMIT
2023-10-08,DECISION,STMXUSDT,POSITION_LIMIT
2023-10-08,DECISION,LTCUSDT,POSITION_LIMIT
2023-10-08,DECISION,BNBUSDT,POSITION_LIMIT
2023-10-08,DECISION,1000PEPEUSDT,POSITION_LIMIT
2023-10-08,DECISION,DOGEUSDT,POSITION_LIMIT
2023-10-08,DECISION,OPUSDT,POSITION_LIMIT
2023-10-08,DECISION,ARBUSDT,POSITION_LIMIT
2023-10-09,DECISION,BCHUSDT,POSITION_LIMIT
2023-10-09,DECISION,BLZUSDT,POSITION_LIMIT
2023-10-09,DECISION,RUNEUSDT,POSITION_LIMIT
2023-10-09,DECISION,STMXUSDT,POSITION_LIMIT
2023-10-09,DECISION,XRPUSDT,POSITION_LIMIT
2023-10-09,DECISION,MATICUSDT,POSITION_LIMIT
2023-10-09,DECISION,ARBUSDT,POSITION_LIMIT
2023-10-10,DECISION,BLZUSDT,POSITION_LIMIT
2023-10-10,DECISION,RUNEUSDT,POSITION_LIMIT
2023-10-10,DECISION,LEVERUSDT,POSITION_LIMIT
2023-10-10,DECISION,LINKUSDT,POSITION_LIMIT
2023-10-10,DECISION,XRPUSDT,POSITION_LIMIT
2023-10-10,DECISION,MATICUSDT,POSITION_LIMIT
2023-10-10,DECISION,ARBUSDT,POSITION_LIMIT
2023-10-11,FILL,BTCUSDT,BELOW_EXCHANGE_MINIMUM_NOTIONAL
2023-10-11,DECISION,LEVERUSDT,POSITION_LIMIT
2023-10-11,DECISION,BTCUSDT,POSITION_LIMIT
2023-10-11,DECISION,LINKUSDT,POSITION_LIMIT
2023-10-11,DECISION,BLZUSDT,POSITION_LIMIT
2023-10-11,DECISION,XRPUSDT,POSITION_LIMIT
2023-10-11,DECISION,MATICUSDT,POSITION_LIMIT
2023-10-12,DECISION,BTCUSDT,POSITION_LIMIT
2023-10-12,DECISION,LINKUSDT,POSITION_LIMIT
2023-10-12,DECISION,STMXUSDT,POSITION_LIMIT
2023-10-12,DECISION,BLZUSDT,POSITION_LIMIT
2023-10-12,DECISION,XRPUSDT,POSITION_LIMIT
2023-10-12,DECISION,MATICUSDT,POSITION_LIMIT
2023-10-13,DECISION,LEVERUSDT,POSITION_LIMIT
2023-10-13,DECISION,BTCUSDT,POSITION_LIMIT
2023-10-13,DECISION,LINKUSDT,POSITION_LIMIT
2023-10-13,DECISION,STMXUSDT,POSITION_LIMIT
2023-10-13,DECISION,XRPUSDT,POSITION_LIMIT
2023-10-13,DECISION,MATICUSDT,POSITION_LIMIT
2023-10-14,DECISION,LEVERUSDT,POSITION_LIMIT
2023-10-14,DECISION,BTCUSDT,POSITION_LIMIT
2023-10-14,DECISION,LINKUSDT,POSITION_LIMIT
2023-10-14,DECISION,STMXUSDT,POSITION_LIMIT
2023-10-14,DECISION,XRPUSDT,POSITION_LIMIT
2023-10-14,DECISION,MATICUSDT,POSITION_LIMIT
2023-10-15,DECISION,LEVERUSDT,POSITION_LIMIT
2023-10-15,DECISION,BTCUSDT,POSITION_LIMIT
2023-10-15,DECISION,LINKUSDT,POSITION_LIMIT
2023-10-15,DECISION,STMXUSDT,POSITION_LIMIT
2023-10-15,DECISION,XRPUSDT,POSITION_LIMIT
2023-10-15,DECISION,MATICUSDT,POSITION_LIMIT
2023-10-16,DECISION,RUNEUSDT,POSITION_LIMIT
2023-10-16,DECISION,LEVERUSDT,POSITION_LIMIT
2023-10-16,DECISION,LINKUSDT,POSITION_LIMIT
2023-10-16,DECISION,STMXUSDT,POSITION_LIMIT
2023-10-16,DECISION,XRPUSDT,POSITION_LIMIT
2023-10-16,DECISION,BNBUSDT,POSITION_LIMIT
2023-10-16,DECISION,MATICUSDT,POSITION_LIMIT
2023-10-17,DECISION,LINKUSDT,POSITION_LIMIT
2023-10-17,DECISION,RUNEUSDT,POSITION_LIMIT
2023-10-17,DECISION,LEVERUSDT,POSITION_LIMIT
2023-10-17,DECISION,XRPUSDT,POSITION_LIMIT
2023-10-17,DECISION,BNBUSDT,POSITION_LIMIT
2023-10-17,DECISION,MATICUSDT,POSITION_LIMIT
2023-10-18,DECISION,STORJUSDT,POSITION_LIMIT
2023-10-18,DECISION,LINKUSDT,POSITION_LIMIT
2023-10-18,DECISION,RUNEUSDT,POSITION_LIMIT
2023-10-18,DECISION,LEVERUSDT,POSITION_LIMIT
2023-10-18,DECISION,XRPUSDT,POSITION_LIMIT
2023-10-18,DECISION,BNBUSDT,POSITION_LIMIT
2023-10-18,DECISION,MATICUSDT,POSITION_LIMIT
2023-10-19,DECISION,STORJUSDT,POSITION_LIMIT
2023-10-19,DECISION,XRPUSDT,POSITION_LIMIT
2023-10-19,DECISION,LINKUSDT,POSITION_LIMIT
2023-10-19,DECISION,RUNEUSDT,POSITION_LIMIT
2023-10-19,DECISION,BNBUSDT,POSITION_LIMIT
2023-10-19,DECISION,MATICUSDT,POSITION_LIMIT
2023-10-19,DECISION,LEVERUSDT,POSITION_LIMIT
2023-10-20,DECISION,LINKUSDT,POSITION_LIMIT
2023-10-20,DECISION,STORJUSDT,POSITION_LIMIT
2023-10-20,DECISION,XRPUSDT,POSITION_LIMIT
2023-10-20,DECISION,MATICUSDT,POSITION_LIMIT
2023-10-20,DECISION,RUNEUSDT,POSITION_LIMIT
2023-10-20,DECISION,ETHUSDT,POSITION_LIMIT
2023-10-20,DECISION,BNBUSDT,POSITION_LIMIT
2023-10-20,DECISION,LEVERUSDT,POSITION_LIMIT
2023-10-21,DECISION,MATICUSDT,POSITION_LIMIT
2023-10-21,DECISION,MKRUSDT,POSITION_LIMIT
2023-10-21,DECISION,STORJUSDT,POSITION_LIMIT
2023-10-21,DECISION,RUNEUSDT,POSITION_LIMIT
2023-10-21,DECISION,XRPUSDT,POSITION_LIMIT
2023-10-21,DECISION,ETHUSDT,POSITION_LIMIT
2023-10-21,DECISION,DOGEUSDT,POSITION_LIMIT
2023-10-21,DECISION,BNBUSDT,POSITION_LIMIT
2023-10-21,DECISION,LTCUSDT,POSITION_LIMIT
2023-10-21,DECISION,OPUSDT,POSITION_LIMIT
2023-10-21,DECISION,LEVERUSDT,POSITION_LIMIT
2023-10-21,DECISION,1000PEPEUSDT,POSITION_LIMIT
2023-10-21,DECISION,AVAXUSDT,POSITION_LIMIT
2023-10-21,DECISION,ARBUSDT,POSITION_LIMIT
2023-10-22,DECISION,MKRUSDT,POSITION_LIMIT
2023-10-22,DECISION,BCHUSDT,POSITION_LIMIT
2023-10-22,DECISION,STORJUSDT,POSITION_LIMIT
2023-10-22,DECISION,RUNEUSDT,POSITION_LIMIT
2023-10-22,DECISION,ETHUSDT,POSITION_LIMIT
2023-10-22,DECISION,XRPUSDT,POSITION_LIMIT
2023-10-22,DECISION,BNBUSDT,POSITION_LIMIT
2023-10-22,DECISION,1000PEPEUSDT,POSITION_LIMIT
2023-10-22,DECISION,DOGEUSDT,POSITION_LIMIT
2023-10-22,DECISION,LTCUSDT,POSITION_LIMIT
2023-10-22,DECISION,OPUSDT,POSITION_LIMIT
2023-10-22,DECISION,AVAXUSDT,POSITION_LIMIT
2023-10-22,DECISION,LEVERUSDT,POSITION_LIMIT
2023-10-22,DECISION,ARBUSDT,POSITION_LIMIT
2023-10-23,DECISION,MKRUSDT,POSITION_LIMIT
2023-10-23,DECISION,RUNEUSDT,POSITION_LIMIT
2023-10-23,DECISION,XRPUSDT,POSITION_LIMIT
2023-10-23,DECISION,ETHUSDT,POSITION_LIMIT
2023-10-23,DECISION,DOGEUSDT,POSITION_LIMIT
2023-10-23,DECISION,BNBUSDT,POSITION_LIMIT
2023-10-23,DECISION,MATICUSDT,POSITION_LIMIT
2023-10-23,DECISION,LTCUSDT,POSITION_LIMIT
2023-10-23,DECISION,1000PEPEUSDT,POSITION_LIMIT
2023-10-23,DECISION,STORJUSDT,POSITION_LIMIT
2023-10-23,DECISION,OPUSDT,POSITION_LIMIT
2023-10-23,DECISION,APEUSDT,POSITION_LIMIT
2023-10-23,DECISION,AVAXUSDT,POSITION_LIMIT
2023-10-23,DECISION,ARBUSDT,POSITION_LIMIT
2023-10-24,DECISION,RUNEUSDT,POSITION_LIMIT
2023-10-24,DECISION,LQTYUSDT,POSITION_LIMIT
2023-10-24,DECISION,XRPUSDT,POSITION_LIMIT
2023-10-24,DECISION,ETHUSDT,POSITION_LIMIT
2023-10-24,DECISION,DOGEUSDT,POSITION_LIMIT
2023-10-24,DECISION,BNBUSDT,POSITION_LIMIT
2023-10-24,DECISION,MATICUSDT,POSITION_LIMIT
2023-10-24,DECISION,LTCUSDT,POSITION_LIMIT
2023-10-24,DECISION,1000PEPEUSDT,POSITION_LIMIT
2023-10-24,DECISION,STORJUSDT,POSITION_LIMIT
2023-10-24,DECISION,OPUSDT,POSITION_LIMIT
2023-10-24,DECISION,ARBUSDT,POSITION_LIMIT
2023-10-24,DECISION,APEUSDT,POSITION_LIMIT
2023-10-24,DECISION,AVAXUSDT,POSITION_LIMIT
2023-10-25,DECISION,RUNEUSDT,POSITION_LIMIT
2023-10-25,DECISION,LQTYUSDT,POSITION_LIMIT
2023-10-25,DECISION,XRPUSDT,POSITION_LIMIT
2023-10-25,DECISION,ETHUSDT,POSITION_LIMIT
2023-10-25,DECISION,DOGEUSDT,POSITION_LIMIT
2023-10-25,DECISION,BNBUSDT,POSITION_LIMIT
2023-10-25,DECISION,MATICUSDT,POSITION_LIMIT
2023-10-25,DECISION,LTCUSDT,POSITION_LIMIT
2023-10-25,DECISION,1000PEPEUSDT,POSITION_LIMIT
2023-10-25,DECISION,STORJUSDT,POSITION_LIMIT
2023-10-25,DECISION,APEUSDT,POSITION_LIMIT
2023-10-25,DECISION,OPUSDT,POSITION_LIMIT
2023-10-25,DECISION,ARBUSDT,POSITION_LIMIT
2023-10-25,DECISION,AVAXUSDT,POSITION_LIMIT
2023-10-26,DECISION,LQTYUSDT,POSITION_LIMIT
2023-10-26,DECISION,XRPUSDT,POSITION_LIMIT
2023-10-26,DECISION,MKRUSDT,POSITION_LIMIT
2023-10-26,DECISION,ETHUSDT,POSITION_LIMIT
2023-10-26,DECISION,DOGEUSDT,POSITION_LIMIT
2023-10-26,DECISION,BNBUSDT,POSITION_LIMIT
2023-10-26,DECISION,MATICUSDT,POSITION_LIMIT
2023-10-26,DECISION,LTCUSDT,POSITION_LIMIT
2023-10-26,DECISION,AVAXUSDT,POSITION_LIMIT
2023-10-26,DECISION,1000PEPEUSDT,POSITION_LIMIT
2023-10-26,DECISION,STORJUSDT,POSITION_LIMIT
2023-10-26,DECISION,APEUSDT,POSITION_LIMIT
2023-10-26,DECISION,OPUSDT,POSITION_LIMIT
2023-10-26,DECISION,ARBUSDT,POSITION_LIMIT
2023-10-27,DECISION,XRPUSDT,POSITION_LIMIT
2023-10-27,DECISION,BCHUSDT,POSITION_LIMIT
2023-10-27,DECISION,MKRUSDT,POSITION_LIMIT
2023-10-27,DECISION,ETHUSDT,POSITION_LIMIT
2023-10-27,DECISION,DOGEUSDT,POSITION_LIMIT
2023-10-27,DECISION,BNBUSDT,POSITION_LIMIT
2023-10-27,DECISION,AVAXUSDT,POSITION_LIMIT
2023-10-27,DECISION,LTCUSDT,POSITION_LIMIT
2023-10-27,DECISION,1000PEPEUSDT,POSITION_LIMIT
2023-10-27,DECISION,ADAUSDT,POSITION_LIMIT
2023-10-27,DECISION,MATICUSDT,POSITION_LIMIT
2023-10-27,DECISION,STORJUSDT,POSITION_LIMIT
2023-10-27,DECISION,OPUSDT,POSITION_LIMIT
2023-10-27,DECISION,ARBUSDT,POSITION_LIMIT
2023-10-28,DECISION,XRPUSDT,POSITION_LIMIT
2023-10-28,DECISION,BCHUSDT,POSITION_LIMIT
2023-10-28,DECISION,MKRUSDT,POSITION_LIMIT
2023-10-28,DECISION,ETHUSDT,POSITION_LIMIT
2023-10-28,DECISION,DOGEUSDT,POSITION_LIMIT
2023-10-28,DECISION,BNBUSDT,POSITION_LIMIT
2023-10-28,DECISION,AVAXUSDT,POSITION_LIMIT
2023-10-28,DECISION,LTCUSDT,POSITION_LIMIT
2023-10-28,DECISION,1000PEPEUSDT,POSITION_LIMIT
2023-10-28,DECISION,MATICUSDT,POSITION_LIMIT
2023-10-28,DECISION,STORJUSDT,POSITION_LIMIT
2023-10-28,DECISION,APEUSDT,POSITION_LIMIT
2023-10-28,DECISION,OPUSDT,POSITION_LIMIT
2023-10-28,DECISION,ARBUSDT,POSITION_LIMIT
2023-10-29,DECISION,XRPUSDT,POSITION_LIMIT
2023-10-29,DECISION,BCHUSDT,POSITION_LIMIT
2023-10-29,DECISION,ETHUSDT,POSITION_LIMIT
2023-10-29,DECISION,DOGEUSDT,POSITION_LIMIT
2023-10-29,DECISION,MATICUSDT,POSITION_LIMIT
2023-10-29,DECISION,AVAXUSDT,POSITION_LIMIT
2023-10-29,DECISION,BNBUSDT,POSITION_LIMIT
2023-10-29,DECISION,LTCUSDT,POSITION_LIMIT
2023-10-29,DECISION,1000PEPEUSDT,POSITION_LIMIT
2023-10-29,DECISION,GALAUSDT,POSITION_LIMIT
2023-10-29,DECISION,STORJUSDT,POSITION_LIMIT
2023-10-29,DECISION,OPUSDT,POSITION_LIMIT
2023-10-29,DECISION,SUIUSDT,POSITION_LIMIT
2023-10-29,DECISION,ARBUSDT,POSITION_LIMIT
2023-10-30,DECISION,BCHUSDT,POSITION_LIMIT
2023-10-30,DECISION,ETHUSDT,POSITION_LIMIT
2023-10-30,DECISION,DOGEUSDT,POSITION_LIMIT
2023-10-30,DECISION,MATICUSDT,POSITION_LIMIT
2023-10-30,DECISION,AVAXUSDT,POSITION_LIMIT
2023-10-30,DECISION,BNBUSDT,POSITION_LIMIT
2023-10-30,DECISION,LTCUSDT,POSITION_LIMIT
2023-10-30,DECISION,1000PEPEUSDT,POSITION_LIMIT
2023-10-30,DECISION,GALAUSDT,POSITION_LIMIT
2023-10-30,DECISION,STORJUSDT,POSITION_LIMIT
2023-10-30,DECISION,OPUSDT,POSITION_LIMIT
2023-10-30,DECISION,APEUSDT,POSITION_LIMIT
2023-10-30,DECISION,ARBUSDT,POSITION_LIMIT
2023-10-30,DECISION,SUIUSDT,POSITION_LIMIT
2023-10-31,DECISION,BCHUSDT,POSITION_LIMIT
2023-10-31,DECISION,LQTYUSDT,POSITION_LIMIT
2023-10-31,DECISION,ETHUSDT,POSITION_LIMIT
2023-10-31,DECISION,DOGEUSDT,POSITION_LIMIT
2023-10-31,DECISION,MATICUSDT,POSITION_LIMIT
2023-10-31,DECISION,AVAXUSDT,POSITION_LIMIT
2023-10-31,DECISION,BNBUSDT,POSITION_LIMIT
2023-10-31,DECISION,LTCUSDT,POSITION_LIMIT
2023-10-31,DECISION,GALAUSDT,POSITION_LIMIT
2023-10-31,DECISION,1000PEPEUSDT,POSITION_LIMIT
2023-10-31,DECISION,ADAUSDT,POSITION_LIMIT
2023-10-31,DECISION,OPUSDT,POSITION_LIMIT
2023-10-31,DECISION,ARBUSDT,POSITION_LIMIT
2023-10-31,DECISION,SUIUSDT,POSITION_LIMIT
2023-11-01,DECISION,BCHUSDT,POSITION_LIMIT
2023-11-01,DECISION,LQTYUSDT,POSITION_LIMIT
2023-11-01,DECISION,ETHUSDT,POSITION_LIMIT
2023-11-01,DECISION,DOGEUSDT,POSITION_LIMIT
2023-11-01,DECISION,MATICUSDT,POSITION_LIMIT
2023-11-01,DECISION,AVAXUSDT,POSITION_LIMIT
2023-11-01,DECISION,BNBUSDT,POSITION_LIMIT
2023-11-01,DECISION,LTCUSDT,POSITION_LIMIT
2023-11-01,DECISION,GALAUSDT,POSITION_LIMIT
2023-11-01,DECISION,1000PEPEUSDT,POSITION_LIMIT
2023-11-01,DECISION,ARBUSDT,POSITION_LIMIT
2023-11-01,DECISION,ADAUSDT,POSITION_LIMIT
2023-11-01,DECISION,OPUSDT,POSITION_LIMIT
2023-11-01,DECISION,SUIUSDT,POSITION_LIMIT
2023-11-02,DECISION,LQTYUSDT,POSITION_LIMIT
2023-11-02,DECISION,ADAUSDT,POSITION_LIMIT
2023-11-02,DECISION,ETHUSDT,POSITION_LIMIT
2023-11-02,DECISION,BCHUSDT,POSITION_LIMIT
2023-11-02,DECISION,AVAXUSDT,POSITION_LIMIT
2023-11-02,DECISION,MATICUSDT,POSITION_LIMIT
2023-11-02,DECISION,BNBUSDT,POSITION_LIMIT
2023-11-02,DECISION,LTCUSDT,POSITION_LIMIT
2023-11-02,DECISION,GALAUSDT,POSITION_LIMIT
2023-11-02,DECISION,ARBUSDT,POSITION_LIMIT
2023-11-02,DECISION,DOGEUSDT,POSITION_LIMIT
2023-11-02,DECISION,OPUSDT,POSITION_LIMIT
2023-11-02,DECISION,1000PEPEUSDT,POSITION_LIMIT
2023-11-02,DECISION,SUIUSDT,POSITION_LIMIT
2023-11-03,DECISION,LQTYUSDT,POSITION_LIMIT
2023-11-03,DECISION,ETHUSDT,POSITION_LIMIT
2023-11-03,DECISION,BCHUSDT,POSITION_LIMIT
2023-11-03,DECISION,AVAXUSDT,POSITION_LIMIT
2023-11-03,DECISION,MATICUSDT,POSITION_LIMIT
2023-11-03,DECISION,BNBUSDT,POSITION_LIMIT
2023-11-03,DECISION,LTCUSDT,POSITION_LIMIT
2023-11-03,DECISION,GALAUSDT,POSITION_LIMIT
2023-11-03,DECISION,ARBUSDT,POSITION_LIMIT
2023-11-03,DECISION,DOGEUSDT,POSITION_LIMIT
2023-11-03,DECISION,APEUSDT,POSITION_LIMIT
2023-11-03,DECISION,OPUSDT,POSITION_LIMIT
2023-11-03,DECISION,1000PEPEUSDT,POSITION_LIMIT
2023-11-03,DECISION,SUIUSDT,POSITION_LIMIT
2023-11-04,DECISION,ADAUSDT,POSITION_LIMIT
2023-11-04,DECISION,LQTYUSDT,POSITION_LIMIT
2023-11-04,DECISION,ETHUSDT,POSITION_LIMIT
2023-11-04,DECISION,BCHUSDT,POSITION_LIMIT
2023-11-04,DECISION,AVAXUSDT,POSITION_LIMIT
2023-11-04,DECISION,MATICUSDT,POSITION_LIMIT
2023-11-04,DECISION,BNBUSDT,POSITION_LIMIT
2023-11-04,DECISION,LTCUSDT,POSITION_LIMIT
2023-11-04,DECISION,OPUSDT,POSITION_LIMIT
2023-11-04,DECISION,GALAUSDT,POSITION_LIMIT
2023-11-04,DECISION,ARBUSDT,POSITION_LIMIT
2023-11-04,DECISION,DOGEUSDT,POSITION_LIMIT
2023-11-04,DECISION,1000PEPEUSDT,POSITION_LIMIT
2023-11-04,DECISION,APEUSDT,POSITION_LIMIT
2023-11-05,DECISION,XRPUSDT,POSITION_LIMIT
2023-11-05,DECISION,ADAUSDT,POSITION_LIMIT
2023-11-05,DECISION,LQTYUSDT,POSITION_LIMIT
2023-11-05,DECISION,BCHUSDT,POSITION_LIMIT
2023-11-05,DECISION,AVAXUSDT,POSITION_LIMIT
2023-11-05,DECISION,BNBUSDT,POSITION_LIMIT
2023-11-05,DECISION,MATICUSDT,POSITION_LIMIT
2023-11-05,DECISION,OPUSDT,POSITION_LIMIT
2023-11-05,DECISION,APEUSDT,POSITION_LIMIT
2023-11-05,DECISION,LTCUSDT,POSITION_LIMIT
2023-11-05,DECISION,GALAUSDT,POSITION_LIMIT
2023-11-05,DECISION,ARBUSDT,POSITION_LIMIT
2023-11-05,DECISION,DOGEUSDT,POSITION_LIMIT
2023-11-05,DECISION,1000PEPEUSDT,POSITION_LIMIT
2023-11-06,DECISION,ADAUSDT,POSITION_LIMIT
2023-11-06,DECISION,ETHUSDT,POSITION_LIMIT
2023-11-06,DECISION,BNBUSDT,POSITION_LIMIT
2023-11-06,DECISION,MATICUSDT,POSITION_LIMIT
2023-11-06,DECISION,BCHUSDT,POSITION_LIMIT
2023-11-06,DECISION,DOGEUSDT,POSITION_LIMIT
2023-11-06,DECISION,1000PEPEUSDT,POSITION_LIMIT
2023-11-06,DECISION,AVAXUSDT,POSITION_LIMIT
2023-11-06,DECISION,OPUSDT,POSITION_LIMIT
2023-11-06,DECISION,LTCUSDT,POSITION_LIMIT
2023-11-06,DECISION,APEUSDT,POSITION_LIMIT
2023-11-06,DECISION,ARBUSDT,POSITION_LIMIT
2023-11-06,DECISION,GALAUSDT,POSITION_LIMIT
2023-11-06,DECISION,SUIUSDT,POSITION_LIMIT
2023-11-07,DECISION,ETHUSDT,POSITION_LIMIT
2023-11-07,DECISION,BNBUSDT,POSITION_LIMIT
2023-11-07,DECISION,MATICUSDT,POSITION_LIMIT
2023-11-07,DECISION,BCHUSDT,POSITION_LIMIT
2023-11-07,DECISION,DOGEUSDT,POSITION_LIMIT
2023-11-07,DECISION,1000PEPEUSDT,POSITION_LIMIT
2023-11-07,DECISION,AVAXUSDT,POSITION_LIMIT
2023-11-07,DECISION,LTCUSDT,POSITION_LIMIT
2023-11-07,DECISION,OPUSDT,POSITION_LIMIT
2023-11-07,DECISION,ARBUSDT,POSITION_LIMIT
2023-11-07,DECISION,APEUSDT,POSITION_LIMIT
2023-11-07,DECISION,GALAUSDT,POSITION_LIMIT
2023-11-07,DECISION,SUIUSDT,POSITION_LIMIT
2023-11-07,DECISION,DOTUSDT,POSITION_LIMIT
2023-11-08,DECISION,ADAUSDT,POSITION_LIMIT
2023-11-08,DECISION,ETHUSDT,POSITION_LIMIT
2023-11-08,DECISION,BNBUSDT,POSITION_LIMIT
2023-11-08,DECISION,MATICUSDT,POSITION_LIMIT
2023-11-08,DECISION,BCHUSDT,POSITION_LIMIT
2023-11-08,DECISION,DOGEUSDT,POSITION_LIMIT
2023-11-08,DECISION,1000PEPEUSDT,POSITION_LIMIT
2023-11-08,DECISION,AVAXUSDT,POSITION_LIMIT
2023-11-08,DECISION,LTCUSDT,POSITION_LIMIT
2023-11-08,DECISION,ARBUSDT,POSITION_LIMIT
2023-11-08,DECISION,OPUSDT,POSITION_LIMIT
2023-11-08,DECISION,DOTUSDT,POSITION_LIMIT
2023-11-08,DECISION,GALAUSDT,POSITION_LIMIT
2023-11-08,DECISION,SUIUSDT,POSITION_LIMIT
2023-11-09,DECISION,INJUSDT,POSITION_LIMIT
2023-11-09,DECISION,ADAUSDT,POSITION_LIMIT
2023-11-09,DECISION,TRBUSDT,POSITION_LIMIT
2023-11-09,DECISION,BNBUSDT,POSITION_LIMIT
2023-11-09,DECISION,ARBUSDT,POSITION_LIMIT
2023-11-09,DECISION,DOGEUSDT,POSITION_LIMIT
2023-11-09,DECISION,BCHUSDT,POSITION_LIMIT
2023-11-09,DECISION,1000PEPEUSDT,POSITION_LIMIT
2023-11-09,DECISION,AVAXUSDT,POSITION_LIMIT
2023-11-09,DECISION,LTCUSDT,POSITION_LIMIT
2023-11-09,DECISION,OPUSDT,POSITION_LIMIT
2023-11-09,DECISION,SUIUSDT,POSITION_LIMIT
2023-11-09,DECISION,GALAUSDT,POSITION_LIMIT
2023-11-09,DECISION,DOTUSDT,POSITION_LIMIT
2023-11-10,DECISION,ADAUSDT,POSITION_LIMIT
2023-11-10,DECISION,XRPUSDT,POSITION_LIMIT
2023-11-10,DECISION,BNBUSDT,POSITION_LIMIT
2023-11-10,DECISION,ARBUSDT,POSITION_LIMIT
2023-11-10,DECISION,AVAXUSDT,POSITION_LIMIT
2023-11-10,DECISION,GALAUSDT,POSITION_LIMIT
2023-11-10,DECISION,DOTUSDT,POSITION_LIMIT
2023-11-10,DECISION,DOGEUSDT,POSITION_LIMIT
2023-11-10,DECISION,BCHUSDT,POSITION_LIMIT
2023-11-10,DECISION,1000PEPEUSDT,POSITION_LIMIT
2023-11-10,DECISION,LTCUSDT,POSITION_LIMIT
2023-11-10,DECISION,SUIUSDT,POSITION_LIMIT
2023-11-10,DECISION,OPUSDT,POSITION_LIMIT
2023-11-10,DECISION,TRBUSDT,POSITION_LIMIT
2023-11-11,DECISION,INJUSDT,POSITION_LIMIT
2023-11-11,DECISION,ADAUSDT,POSITION_LIMIT
2023-11-11,DECISION,DOTUSDT,POSITION_LIMIT
2023-11-11,DECISION,XRPUSDT,POSITION_LIMIT
2023-11-11,DECISION,DOGEUSDT,POSITION_LIMIT
2023-11-11,DECISION,BNBUSDT,POSITION_LIMIT
2023-11-11,DECISION,ARBUSDT,POSITION_LIMIT
2023-11-11,DECISION,GALAUSDT,POSITION_LIMIT
2023-11-11,DECISION,APTUSDT,POSITION_LIMIT
2023-11-11,DECISION,1000PEPEUSDT,POSITION_LIMIT
2023-11-11,DECISION,BCHUSDT,POSITION_LIMIT
2023-11-11,DECISION,LTCUSDT,POSITION_LIMIT
2023-11-11,DECISION,SUIUSDT,POSITION_LIMIT
2023-11-11,DECISION,TRBUSDT,POSITION_LIMIT
2023-11-12,DECISION,ADAUSDT,POSITION_LIMIT
2023-11-12,DECISION,INJUSDT,POSITION_LIMIT
2023-11-12,DECISION,APTUSDT,POSITION_LIMIT
2023-11-12,DECISION,DOTUSDT,POSITION_LIMIT
2023-11-12,DECISION,XRPUSDT,POSITION_LIMIT
2023-11-12,DECISION,DOGEUSDT,POSITION_LIMIT
2023-11-12,DECISION,BNBUSDT,POSITION_LIMIT
2023-11-12,DECISION,ARBUSDT,POSITION_LIMIT
2023-11-12,DECISION,GALAUSDT,POSITION_LIMIT
2023-11-12,DECISION,SUIUSDT,POSITION_LIMIT
2023-11-12,DECISION,1000PEPEUSDT,POSITION_LIMIT
2023-11-12,DECISION,BCHUSDT,POSITION_LIMIT
2023-11-12,DECISION,LTCUSDT,POSITION_LIMIT
2023-11-12,DECISION,TRBUSDT,POSITION_LIMIT
2023-11-13,DECISION,DOTUSDT,POSITION_LIMIT
2023-11-13,DECISION,XRPUSDT,POSITION_LIMIT
2023-11-13,DECISION,LINKUSDT,POSITION_LIMIT
2023-11-13,DECISION,DOGEUSDT,POSITION_LIMIT
2023-11-13,DECISION,ARBUSDT,POSITION_LIMIT
2023-11-13,DECISION,ADAUSDT,POSITION_LIMIT
2023-11-13,DECISION,INJUSDT,POSITION_LIMIT
2023-11-13,DECISION,SUIUSDT,POSITION_LIMIT
2023-11-13,DECISION,BNBUSDT,POSITION_LIMIT
2023-11-13,DECISION,GALAUSDT,POSITION_LIMIT
2023-11-13,DECISION,TRBUSDT,POSITION_LIMIT
2023-11-13,DECISION,1000PEPEUSDT,POSITION_LIMIT
2023-11-13,DECISION,LTCUSDT,POSITION_LIMIT
2023-11-13,DECISION,BCHUSDT,POSITION_LIMIT
2023-11-14,DECISION,XRPUSDT,POSITION_LIMIT
2023-11-14,DECISION,LINKUSDT,POSITION_LIMIT
2023-11-14,DECISION,ADAUSDT,POSITION_LIMIT
2023-11-14,DECISION,INJUSDT,POSITION_LIMIT
2023-11-14,DECISION,APTUSDT,POSITION_LIMIT
2023-11-14,DECISION,SUIUSDT,POSITION_LIMIT
2023-11-14,DECISION,DOGEUSDT,POSITION_LIMIT
2023-11-14,DECISION,BNBUSDT,POSITION_LIMIT
2023-11-14,DECISION,GALAUSDT,POSITION_LIMIT
2023-11-14,DECISION,TRBUSDT,POSITION_LIMIT
2023-11-14,DECISION,1000PEPEUSDT,POSITION_LIMIT
2023-11-14,DECISION,LTCUSDT,POSITION_LIMIT
2023-11-14,DECISION,ARBUSDT,POSITION_LIMIT
2023-11-14,DECISION,BCHUSDT,POSITION_LIMIT
2023-11-15,DECISION,ETHUSDT,POSITION_LIMIT
2023-11-15,DECISION,XRPUSDT,POSITION_LIMIT
2023-11-15,DECISION,LINKUSDT,POSITION_LIMIT
2023-11-15,DECISION,ADAUSDT,POSITION_LIMIT
2023-11-15,DECISION,APTUSDT,POSITION_LIMIT
2023-11-15,DECISION,INJUSDT,POSITION_LIMIT
2023-11-15,DECISION,DOGEUSDT,POSITION_LIMIT
2023-11-15,DECISION,BNBUSDT,POSITION_LIMIT
2023-11-15,DECISION,GALAUSDT,POSITION_LIMIT
2023-11-15,DECISION,TRBUSDT,POSITION_LIMIT
2023-11-15,DECISION,1000PEPEUSDT,POSITION_LIMIT
2023-11-15,DECISION,LTCUSDT,POSITION_LIMIT
2023-11-15,DECISION,ARBUSDT,POSITION_LIMIT
2023-11-15,DECISION,BCHUSDT,POSITION_LIMIT
2023-11-16,DECISION,ETHUSDT,POSITION_LIMIT
2023-11-16,DECISION,LINKUSDT,POSITION_LIMIT
2023-11-16,DECISION,DOGEUSDT,POSITION_LIMIT
2023-11-16,DECISION,ADAUSDT,POSITION_LIMIT
2023-11-16,DECISION,APTUSDT,POSITION_LIMIT
2023-11-16,DECISION,INJUSDT,POSITION_LIMIT
2023-11-16,DECISION,XRPUSDT,POSITION_LIMIT
2023-11-16,DECISION,BNBUSDT,POSITION_LIMIT
2023-11-16,DECISION,GALAUSDT,POSITION_LIMIT
2023-11-16,DECISION,TRBUSDT,POSITION_LIMIT
2023-11-16,DECISION,LTCUSDT,POSITION_LIMIT
2023-11-16,DECISION,ARBUSDT,POSITION_LIMIT
2023-11-16,DECISION,1000PEPEUSDT,POSITION_LIMIT
2023-11-16,DECISION,BCHUSDT,POSITION_LIMIT
2023-11-17,DECISION,LINKUSDT,POSITION_LIMIT
2023-11-17,DECISION,MATICUSDT,POSITION_LIMIT
2023-11-17,DECISION,ADAUSDT,POSITION_LIMIT
2023-11-17,DECISION,GALAUSDT,POSITION_LIMIT
2023-11-17,DECISION,APTUSDT,POSITION_LIMIT
2023-11-17,DECISION,INJUSDT,POSITION_LIMIT
2023-11-17,DECISION,OPUSDT,POSITION_LIMIT
2023-11-17,DECISION,XRPUSDT,POSITION_LIMIT
2023-11-17,DECISION,BNBUSDT,POSITION_LIMIT
2023-11-17,DECISION,TRBUSDT,POSITION_LIMIT
2023-11-17,DECISION,ARBUSDT,POSITION_LIMIT
2023-11-17,DECISION,1000PEPEUSDT,POSITION_LIMIT
2023-11-17,DECISION,LTCUSDT,POSITION_LIMIT
2023-11-17,DECISION,BCHUSDT,POSITION_LIMIT
2023-11-18,DECISION,LINKUSDT,POSITION_LIMIT
2023-11-18,DECISION,MATICUSDT,POSITION_LIMIT
2023-11-18,DECISION,ADAUSDT,POSITION_LIMIT
2023-11-18,DECISION,GALAUSDT,POSITION_LIMIT
2023-11-18,DECISION,INJUSDT,POSITION_LIMIT
2023-11-18,DECISION,OPUSDT,POSITION_LIMIT
2023-11-18,DECISION,BNBUSDT,POSITION_LIMIT
2023-11-18,DECISION,APTUSDT,POSITION_LIMIT
2023-11-18,DECISION,XRPUSDT,POSITION_LIMIT
2023-11-18,DECISION,TRBUSDT,POSITION_LIMIT
2023-11-18,DECISION,1000PEPEUSDT,POSITION_LIMIT
2023-11-18,DECISION,LTCUSDT,POSITION_LIMIT
2023-11-18,DECISION,ARBUSDT,POSITION_LIMIT
2023-11-18,DECISION,BCHUSDT,POSITION_LIMIT
2023-11-19,DECISION,ETHUSDT,POSITION_LIMIT
2023-11-19,DECISION,LINKUSDT,POSITION_LIMIT
2023-11-19,DECISION,MATICUSDT,POSITION_LIMIT
2023-11-19,DECISION,ADAUSDT,POSITION_LIMIT
2023-11-19,DECISION,GALAUSDT,POSITION_LIMIT
2023-11-19,DECISION,INJUSDT,POSITION_LIMIT
2023-11-19,DECISION,BNBUSDT,POSITION_LIMIT
2023-11-19,DECISION,APTUSDT,POSITION_LIMIT
2023-11-19,DECISION,XRPUSDT,POSITION_LIMIT
2023-11-19,DECISION,TRBUSDT,POSITION_LIMIT
2023-11-19,DECISION,1000PEPEUSDT,POSITION_LIMIT
2023-11-19,DECISION,LTCUSDT,POSITION_LIMIT
2023-11-19,DECISION,ARBUSDT,POSITION_LIMIT
2023-11-19,DECISION,BCHUSDT,POSITION_LIMIT
2023-11-20,DECISION,LINKUSDT,POSITION_LIMIT
2023-11-20,DECISION,MATICUSDT,POSITION_LIMIT
2023-11-20,DECISION,ADAUSDT,POSITION_LIMIT
2023-11-20,DECISION,GALAUSDT,POSITION_LIMIT
2023-11-20,DECISION,WLDUSDT,POSITION_LIMIT
2023-11-20,DECISION,RUNEUSDT,POSITION_LIMIT
2023-11-20,DECISION,BNBUSDT,POSITION_LIMIT
2023-11-20,DECISION,APTUSDT,POSITION_LIMIT
2023-11-20,DECISION,XRPUSDT,POSITION_LIMIT
2023-11-20,DECISION,TRBUSDT,POSITION_LIMIT
2023-11-20,DECISION,1000PEPEUSDT,POSITION_LIMIT
2023-11-20,DECISION,ARBUSDT,POSITION_LIMIT
2023-11-20,DECISION,LTCUSDT,POSITION_LIMIT
2023-11-20,DECISION,BCHUSDT,POSITION_LIMIT
2023-11-21,DECISION,ETHUSDT,POSITION_LIMIT
2023-11-21,DECISION,LINKUSDT,POSITION_LIMIT
2023-11-21,DECISION,ADAUSDT,POSITION_LIMIT
2023-11-21,DECISION,GALAUSDT,POSITION_LIMIT
2023-11-21,DECISION,XRPUSDT,POSITION_LIMIT
2023-11-21,DECISION,TRBUSDT,POSITION_LIMIT
2023-11-21,DECISION,DOGEUSDT,POSITION_LIMIT
2023-11-21,DECISION,MATICUSDT,POSITION_LIMIT
2023-11-21,DECISION,DOTUSDT,POSITION_LIMIT
2023-11-21,DECISION,ARBUSDT,POSITION_LIMIT
2023-11-21,DECISION,BNBUSDT,POSITION_LIMIT
2023-11-21,DECISION,BCHUSDT,POSITION_LIMIT
2023-11-21,DECISION,1000PEPEUSDT,POSITION_LIMIT
2023-11-21,DECISION,LTCUSDT,POSITION_LIMIT
2023-11-22,DECISION,RUNEUSDT,POSITION_LIMIT
2023-11-22,DECISION,LINKUSDT,POSITION_LIMIT
2023-11-22,DECISION,TRBUSDT,POSITION_LIMIT
2023-11-22,DECISION,ADAUSDT,POSITION_LIMIT
2023-11-22,DECISION,GALAUSDT,POSITION_LIMIT
2023-11-22,DECISION,XRPUSDT,POSITION_LIMIT
2023-11-22,DECISION,DOGEUSDT,POSITION_LIMIT
2023-11-22,DECISION,MATICUSDT,POSITION_LIMIT
2023-11-22,DECISION,DOTUSDT,POSITION_LIMIT
2023-11-22,DECISION,ARBUSDT,POSITION_LIMIT
2023-11-22,DECISION,BNBUSDT,POSITION_LIMIT
2023-11-22,DECISION,BCHUSDT,POSITION_LIMIT
2023-11-22,DECISION,1000PEPEUSDT,POSITION_LIMIT
2023-11-22,DECISION,LTCUSDT,POSITION_LIMIT
2023-11-23,DECISION,DYDXUSDT,POSITION_LIMIT
2023-11-23,DECISION,RUNEUSDT,POSITION_LIMIT
2023-11-23,DECISION,LINKUSDT,POSITION_LIMIT
2023-11-23,DECISION,TRBUSDT,POSITION_LIMIT
2023-11-23,DECISION,GALAUSDT,POSITION_LIMIT
2023-11-23,DECISION,XRPUSDT,POSITION_LIMIT
2023-11-23,DECISION,DOGEUSDT,POSITION_LIMIT
2023-11-23,DECISION,MATICUSDT,POSITION_LIMIT
2023-11-23,DECISION,DOTUSDT,POSITION_LIMIT
2023-11-23,DECISION,ARBUSDT,POSITION_LIMIT
2023-11-23,DECISION,BNBUSDT,POSITION_LIMIT
2023-11-23,DECISION,BCHUSDT,POSITION_LIMIT
2023-11-23,DECISION,1000PEPEUSDT,POSITION_LIMIT
2023-11-23,DECISION,LTCUSDT,POSITION_LIMIT
2023-11-24,DECISION,WLDUSDT,POSITION_LIMIT
2023-11-24,DECISION,RUNEUSDT,POSITION_LIMIT
2023-11-24,DECISION,LINKUSDT,POSITION_LIMIT
2023-11-24,DECISION,TRBUSDT,POSITION_LIMIT
2023-11-24,DECISION,GALAUSDT,POSITION_LIMIT
2023-11-24,DECISION,XRPUSDT,POSITION_LIMIT
2023-11-24,DECISION,DOGEUSDT,POSITION_LIMIT
2023-11-24,DECISION,MATICUSDT,POSITION_LIMIT
2023-11-24,DECISION,DOTUSDT,POSITION_LIMIT
2023-11-24,DECISION,ARBUSDT,POSITION_LIMIT
2023-11-24,DECISION,BNBUSDT,POSITION_LIMIT
2023-11-24,DECISION,BCHUSDT,POSITION_LIMIT
2023-11-24,DECISION,1000PEPEUSDT,POSITION_LIMIT
2023-11-24,DECISION,LTCUSDT,POSITION_LIMIT
2023-11-25,DECISION,DYDXUSDT,POSITION_LIMIT
2023-11-25,DECISION,WLDUSDT,POSITION_LIMIT
2023-11-25,DECISION,RUNEUSDT,POSITION_LIMIT
2023-11-25,DECISION,LINKUSDT,POSITION_LIMIT
2023-11-25,DECISION,TRBUSDT,POSITION_LIMIT
2023-11-25,DECISION,XRPUSDT,POSITION_LIMIT
2023-11-25,DECISION,DOGEUSDT,POSITION_LIMIT
2023-11-25,DECISION,MATICUSDT,POSITION_LIMIT
2023-11-25,DECISION,DOTUSDT,POSITION_LIMIT
2023-11-25,DECISION,ARBUSDT,POSITION_LIMIT
2023-11-25,DECISION,BNBUSDT,POSITION_LIMIT
2023-11-25,DECISION,BCHUSDT,POSITION_LIMIT
2023-11-25,DECISION,1000PEPEUSDT,POSITION_LIMIT
2023-11-25,DECISION,LTCUSDT,POSITION_LIMIT
2023-11-26,DECISION,DYDXUSDT,POSITION_LIMIT
2023-11-26,DECISION,WLDUSDT,POSITION_LIMIT
2023-11-26,DECISION,RUNEUSDT,POSITION_LIMIT
2023-11-26,DECISION,LINKUSDT,POSITION_LIMIT
2023-11-26,DECISION,XRPUSDT,POSITION_LIMIT
2023-11-26,DECISION,TRBUSDT,POSITION_LIMIT
2023-11-26,DECISION,DOGEUSDT,POSITION_LIMIT
2023-11-26,DECISION,MATICUSDT,POSITION_LIMIT
2023-11-26,DECISION,DOTUSDT,POSITION_LIMIT
2023-11-26,DECISION,ARBUSDT,POSITION_LIMIT
2023-11-26,DECISION,BNBUSDT,POSITION_LIMIT
2023-11-26,DECISION,BCHUSDT,POSITION_LIMIT
2023-11-26,DECISION,1000PEPEUSDT,POSITION_LIMIT
2023-11-26,DECISION,LTCUSDT,POSITION_LIMIT
2023-11-27,DECISION,WLDUSDT,POSITION_LIMIT
2023-11-27,DECISION,RUNEUSDT,POSITION_LIMIT
2023-11-27,DECISION,SUIUSDT,POSITION_LIMIT
2023-11-27,DECISION,ETHUSDT,POSITION_LIMIT
2023-11-27,DECISION,LINKUSDT,POSITION_LIMIT
2023-11-27,DECISION,XRPUSDT,POSITION_LIMIT
2023-11-27,DECISION,DOGEUSDT,POSITION_LIMIT
2023-11-27,DECISION,MATICUSDT,POSITION_LIMIT
2023-11-27,DECISION,DOTUSDT,POSITION_LIMIT
2023-11-27,DECISION,ARBUSDT,POSITION_LIMIT
2023-11-27,DECISION,TRBUSDT,POSITION_LIMIT
2023-11-27,DECISION,BNBUSDT,POSITION_LIMIT
2023-11-27,DECISION,1000PEPEUSDT,POSITION_LIMIT
2023-11-27,DECISION,LTCUSDT,POSITION_LIMIT
2023-11-28,DECISION,WLDUSDT,POSITION_LIMIT
2023-11-28,DECISION,DYDXUSDT,POSITION_LIMIT
2023-11-28,DECISION,ETHUSDT,POSITION_LIMIT
2023-11-28,DECISION,LINKUSDT,POSITION_LIMIT
2023-11-28,DECISION,DOGEUSDT,POSITION_LIMIT
2023-11-28,DECISION,OPUSDT,POSITION_LIMIT
2023-11-28,DECISION,XRPUSDT,POSITION_LIMIT
2023-11-28,DECISION,MATICUSDT,POSITION_LIMIT
2023-11-28,DECISION,DOTUSDT,POSITION_LIMIT
2023-11-28,DECISION,ARBUSDT,POSITION_LIMIT
2023-11-28,DECISION,TRBUSDT,POSITION_LIMIT
2023-11-28,DECISION,BNBUSDT,POSITION_LIMIT
2023-11-28,DECISION,1000PEPEUSDT,POSITION_LIMIT
2023-11-28,DECISION,LTCUSDT,POSITION_LIMIT
2023-11-29,DECISION,DYDXUSDT,POSITION_LIMIT
2023-11-29,DECISION,ATOMUSDT,POSITION_LIMIT
2023-11-29,DECISION,ETHUSDT,POSITION_LIMIT
2023-11-29,DECISION,LINKUSDT,POSITION_LIMIT
2023-11-29,DECISION,DOGEUSDT,POSITION_LIMIT
2023-11-29,DECISION,WLDUSDT,POSITION_LIMIT
2023-11-29,DECISION,XRPUSDT,POSITION_LIMIT
2023-11-29,DECISION,MATICUSDT,POSITION_LIMIT
2023-11-29,DECISION,DOTUSDT,POSITION_LIMIT
2023-11-29,DECISION,ARBUSDT,POSITION_LIMIT
2023-11-29,DECISION,TRBUSDT,POSITION_LIMIT
2023-11-29,DECISION,BNBUSDT,POSITION_LIMIT
2023-11-29,DECISION,1000PEPEUSDT,POSITION_LIMIT
2023-11-29,DECISION,LTCUSDT,POSITION_LIMIT
2023-11-30,DECISION,DYDXUSDT,POSITION_LIMIT
2023-11-30,DECISION,BLURUSDT,POSITION_LIMIT
2023-11-30,DECISION,ETHUSDT,POSITION_LIMIT
2023-11-30,DECISION,LINKUSDT,POSITION_LIMIT
2023-11-30,DECISION,DOGEUSDT,POSITION_LIMIT
2023-11-30,DECISION,WLDUSDT,POSITION_LIMIT
2023-11-30,DECISION,DOTUSDT,POSITION_LIMIT
2023-11-30,DECISION,XRPUSDT,POSITION_LIMIT
2023-11-30,DECISION,MATICUSDT,POSITION_LIMIT
2023-11-30,DECISION,ARBUSDT,POSITION_LIMIT
2023-11-30,DECISION,TRBUSDT,POSITION_LIMIT
2023-11-30,DECISION,BNBUSDT,POSITION_LIMIT
2023-11-30,DECISION,LTCUSDT,POSITION_LIMIT
2023-11-30,DECISION,1000PEPEUSDT,POSITION_LIMIT
2023-12-01,DECISION,ADAUSDT,POSITION_LIMIT
2023-12-01,DECISION,GALAUSDT,POSITION_LIMIT
2023-12-01,DECISION,BLURUSDT,POSITION_LIMIT
2023-12-01,DECISION,DYDXUSDT,POSITION_LIMIT
2023-12-01,DECISION,DOGEUSDT,POSITION_LIMIT
2023-12-01,DECISION,MATICUSDT,POSITION_LIMIT
2023-12-01,DECISION,WLDUSDT,POSITION_LIMIT
2023-12-01,DECISION,DOTUSDT,POSITION_LIMIT
2023-12-01,DECISION,XRPUSDT,POSITION_LIMIT
2023-12-01,DECISION,ARBUSDT,POSITION_LIMIT
2023-12-01,DECISION,TRBUSDT,POSITION_LIMIT
2023-12-01,DECISION,BNBUSDT,POSITION_LIMIT
2023-12-01,DECISION,1000PEPEUSDT,POSITION_LIMIT
2023-12-01,DECISION,LTCUSDT,POSITION_LIMIT
2023-12-02,DECISION,LINKUSDT,POSITION_LIMIT
2023-12-02,DECISION,BLURUSDT,POSITION_LIMIT
2023-12-02,DECISION,DYDXUSDT,POSITION_LIMIT
2023-12-02,DECISION,GALAUSDT,POSITION_LIMIT
2023-12-02,DECISION,SUIUSDT,POSITION_LIMIT
2023-12-02,DECISION,DOGEUSDT,POSITION_LIMIT
2023-12-02,DECISION,MATICUSDT,POSITION_LIMIT
2023-12-02,DECISION,WLDUSDT,POSITION_LIMIT
2023-12-02,DECISION,XRPUSDT,POSITION_LIMIT
2023-12-02,DECISION,ARBUSDT,POSITION_LIMIT
2023-12-02,DECISION,BNBUSDT,POSITION_LIMIT
2023-12-02,DECISION,TRBUSDT,POSITION_LIMIT
2023-12-02,DECISION,LTCUSDT,POSITION_LIMIT
2023-12-02,DECISION,1000PEPEUSDT,POSITION_LIMIT
2023-12-03,DECISION,LINKUSDT,POSITION_LIMIT
2023-12-03,DECISION,BLURUSDT,POSITION_LIMIT
2023-12-03,DECISION,DYDXUSDT,POSITION_LIMIT
2023-12-03,DECISION,GALAUSDT,POSITION_LIMIT
2023-12-03,DECISION,SUIUSDT,POSITION_LIMIT
2023-12-03,DECISION,XRPUSDT,POSITION_LIMIT
2023-12-03,DECISION,DOGEUSDT,POSITION_LIMIT
2023-12-03,DECISION,MATICUSDT,POSITION_LIMIT
2023-12-03,DECISION,WLDUSDT,POSITION_LIMIT
2023-12-03,DECISION,ARBUSDT,POSITION_LIMIT
2023-12-03,DECISION,BNBUSDT,POSITION_LIMIT
2023-12-03,DECISION,TRBUSDT,POSITION_LIMIT
2023-12-03,DECISION,LTCUSDT,POSITION_LIMIT
2023-12-03,DECISION,1000PEPEUSDT,POSITION_LIMIT
2023-12-04,DECISION,GALAUSDT,POSITION_LIMIT
2023-12-04,DECISION,RUNEUSDT,POSITION_LIMIT
2023-12-04,DECISION,LINKUSDT,POSITION_LIMIT
2023-12-04,DECISION,BLURUSDT,POSITION_LIMIT
2023-12-04,DECISION,DYDXUSDT,POSITION_LIMIT
2023-12-04,DECISION,1000PEPEUSDT,POSITION_LIMIT
2023-12-04,DECISION,SUIUSDT,POSITION_LIMIT
2023-12-04,DECISION,XRPUSDT,POSITION_LIMIT
2023-12-04,DECISION,MATICUSDT,POSITION_LIMIT
2023-12-04,DECISION,WLDUSDT,POSITION_LIMIT
2023-12-04,DECISION,ARBUSDT,POSITION_LIMIT
2023-12-04,DECISION,BNBUSDT,POSITION_LIMIT
2023-12-04,DECISION,TRBUSDT,POSITION_LIMIT
2023-12-04,DECISION,LTCUSDT,POSITION_LIMIT
2023-12-05,DECISION,ADAUSDT,POSITION_LIMIT
2023-12-05,DECISION,GALAUSDT,POSITION_LIMIT
2023-12-05,DECISION,LINKUSDT,POSITION_LIMIT
2023-12-05,DECISION,BLURUSDT,POSITION_LIMIT
2023-12-05,DECISION,1000PEPEUSDT,POSITION_LIMIT
2023-12-05,DECISION,SUIUSDT,POSITION_LIMIT
2023-12-05,DECISION,XRPUSDT,POSITION_LIMIT
2023-12-05,DECISION,MATICUSDT,POSITION_LIMIT
2023-12-05,DECISION,DYDXUSDT,POSITION_LIMIT
2023-12-05,DECISION,WLDUSDT,POSITION_LIMIT
2023-12-05,DECISION,ARBUSDT,POSITION_LIMIT
2023-12-05,DECISION,LTCUSDT,POSITION_LIMIT
2023-12-05,DECISION,BNBUSDT,POSITION_LIMIT
2023-12-05,DECISION,TRBUSDT,POSITION_LIMIT
2023-12-06,DECISION,GALAUSDT,POSITION_LIMIT
2023-12-06,DECISION,XRPUSDT,POSITION_LIMIT
2023-12-06,DECISION,LINKUSDT,POSITION_LIMIT
2023-12-06,DECISION,BLURUSDT,POSITION_LIMIT
2023-12-06,DECISION,RUNEUSDT,POSITION_LIMIT
2023-12-06,DECISION,1000PEPEUSDT,POSITION_LIMIT
2023-12-06,DECISION,GMTUSDT,POSITION_LIMIT
2023-12-06,DECISION,MATICUSDT,POSITION_LIMIT
2023-12-06,DECISION,WLDUSDT,POSITION_LIMIT
2023-12-06,DECISION,ARBUSDT,POSITION_LIMIT
2023-12-06,DECISION,DYDXUSDT,POSITION_LIMIT
2023-12-06,DECISION,LTCUSDT,POSITION_LIMIT
2023-12-06,DECISION,BNBUSDT,POSITION_LIMIT
2023-12-06,DECISION,TRBUSDT,POSITION_LIMIT
2023-12-07,DECISION,GALAUSDT,POSITION_LIMIT
2023-12-07,DECISION,DOTUSDT,POSITION_LIMIT
2023-12-07,DECISION,XRPUSDT,POSITION_LIMIT
2023-12-07,DECISION,LINKUSDT,POSITION_LIMIT
2023-12-07,DECISION,BLURUSDT,POSITION_LIMIT
2023-12-07,DECISION,RUNEUSDT,POSITION_LIMIT
2023-12-07,DECISION,1000PEPEUSDT,POSITION_LIMIT
2023-12-07,DECISION,GMTUSDT,POSITION_LIMIT
2023-12-07,DECISION,MATICUSDT,POSITION_LIMIT
2023-12-07,DECISION,ARBUSDT,POSITION_LIMIT
2023-12-07,DECISION,WLDUSDT,POSITION_LIMIT
2023-12-07,DECISION,DYDXUSDT,POSITION_LIMIT
2023-12-07,DECISION,LTCUSDT,POSITION_LIMIT
2023-12-07,DECISION,BNBUSDT,POSITION_LIMIT
2023-12-08,DECISION,GALAUSDT,POSITION_LIMIT
2023-12-08,DECISION,ADAUSDT,POSITION_LIMIT
2023-12-08,DECISION,DOTUSDT,POSITION_LIMIT
2023-12-08,DECISION,XRPUSDT,POSITION_LIMIT
2023-12-08,DECISION,MATICUSDT,POSITION_LIMIT
2023-12-08,DECISION,BLURUSDT,POSITION_LIMIT
2023-12-08,DECISION,RUNEUSDT,POSITION_LIMIT
2023-12-08,DECISION,LTCUSDT,POSITION_LIMIT
2023-12-08,DECISION,1000PEPEUSDT,POSITION_LIMIT
2023-12-08,DECISION,SUIUSDT,POSITION_LIMIT
2023-12-08,DECISION,ARBUSDT,POSITION_LIMIT
2023-12-08,DECISION,WLDUSDT,POSITION_LIMIT
2023-12-08,DECISION,BNBUSDT,POSITION_LIMIT
2023-12-08,DECISION,DYDXUSDT,POSITION_LIMIT
2023-12-09,DECISION,ADAUSDT,POSITION_LIMIT
2023-12-09,DECISION,GALAUSDT,POSITION_LIMIT
2023-12-09,DECISION,OPUSDT,POSITION_LIMIT
2023-12-09,DECISION,DOTUSDT,POSITION_LIMIT
2023-12-09,DECISION,XRPUSDT,POSITION_LIMIT
2023-12-09,DECISION,MATICUSDT,POSITION_LIMIT
2023-12-09,DECISION,BLURUSDT,POSITION_LIMIT
2023-12-09,DECISION,1000PEPEUSDT,POSITION_LIMIT
2023-12-09,DECISION,LTCUSDT,POSITION_LIMIT
2023-12-09,DECISION,ARBUSDT,POSITION_LIMIT
2023-12-09,DECISION,RUNEUSDT,POSITION_LIMIT
2023-12-09,DECISION,WLDUSDT,POSITION_LIMIT
2023-12-09,DECISION,BNBUSDT,POSITION_LIMIT
2023-12-09,DECISION,DYDXUSDT,POSITION_LIMIT
2023-12-10,DECISION,MATICUSDT,POSITION_LIMIT
2023-12-10,DECISION,ADAUSDT,POSITION_LIMIT
2023-12-10,DECISION,GALAUSDT,POSITION_LIMIT
2023-12-10,DECISION,OPUSDT,POSITION_LIMIT
2023-12-10,DECISION,XRPUSDT,POSITION_LIMIT
2023-12-10,DECISION,BLURUSDT,POSITION_LIMIT
2023-12-10,DECISION,1000LUNCUSDT,POSITION_LIMIT
2023-12-10,DECISION,1000PEPEUSDT,POSITION_LIMIT
2023-12-10,DECISION,LTCUSDT,POSITION_LIMIT
2023-12-10,DECISION,WLDUSDT,POSITION_LIMIT
2023-12-10,DECISION,ARBUSDT,POSITION_LIMIT
2023-12-10,DECISION,RUNEUSDT,POSITION_LIMIT
2023-12-10,DECISION,BNBUSDT,POSITION_LIMIT
2023-12-10,DECISION,DYDXUSDT,POSITION_LIMIT
2023-12-11,DECISION,BTCUSDT,POSITION_LIMIT
2023-12-11,DECISION,ETHUSDT,POSITION_LIMIT
2023-12-11,DECISION,DOGEUSDT,POSITION_LIMIT
2023-12-11,DECISION,1000LUNCUSDT,POSITION_LIMIT
2023-12-11,DECISION,LTCUSDT,POSITION_LIMIT
2023-12-11,DECISION,WLDUSDT,POSITION_LIMIT
2023-12-11,DECISION,XRPUSDT,POSITION_LIMIT
2023-12-11,DECISION,LINKUSDT,POSITION_LIMIT
2023-12-11,DECISION,ARBUSDT,POSITION_LIMIT
2023-12-11,DECISION,RUNEUSDT,POSITION_LIMIT
2023-12-11,DECISION,1000PEPEUSDT,POSITION_LIMIT
2023-12-11,DECISION,BNBUSDT,POSITION_LIMIT
2023-12-11,DECISION,BLURUSDT,POSITION_LIMIT
2023-12-11,DECISION,DYDXUSDT,POSITION_LIMIT
2023-12-12,DECISION,BTCUSDT,POSITION_LIMIT
2023-12-12,DECISION,ETHUSDT,POSITION_LIMIT
2023-12-12,DECISION,DOGEUSDT,POSITION_LIMIT
2023-12-12,DECISION,1000LUNCUSDT,POSITION_LIMIT
2023-12-12,DECISION,ARBUSDT,POSITION_LIMIT
2023-12-12,DECISION,NEARUSDT,POSITION_LIMIT
2023-12-12,DECISION,XRPUSDT,POSITION_LIMIT
2023-12-12,DECISION,LINKUSDT,POSITION_LIMIT
2023-12-12,DECISION,LTCUSDT,POSITION_LIMIT
2023-12-12,DECISION,RUNEUSDT,POSITION_LIMIT
2023-12-12,DECISION,1000PEPEUSDT,POSITION_LIMIT
2023-12-12,DECISION,BNBUSDT,POSITION_LIMIT
2023-12-12,DECISION,BLURUSDT,POSITION_LIMIT
2023-12-12,DECISION,DYDXUSDT,POSITION_LIMIT
2023-12-13,DECISION,BTCUSDT,POSITION_LIMIT
2023-12-13,DECISION,ETHUSDT,POSITION_LIMIT
2023-12-13,DECISION,DOGEUSDT,POSITION_LIMIT
2023-12-13,DECISION,1000LUNCUSDT,POSITION_LIMIT
2023-12-13,DECISION,ARBUSDT,POSITION_LIMIT
2023-12-13,DECISION,NEARUSDT,POSITION_LIMIT
2023-12-13,DECISION,XRPUSDT,POSITION_LIMIT
2023-12-13,DECISION,LINKUSDT,POSITION_LIMIT
2023-12-13,DECISION,LTCUSDT,POSITION_LIMIT
2023-12-13,DECISION,RUNEUSDT,POSITION_LIMIT
2023-12-13,DECISION,1000PEPEUSDT,POSITION_LIMIT
2023-12-13,DECISION,BNBUSDT,POSITION_LIMIT
2023-12-13,DECISION,BLURUSDT,POSITION_LIMIT
2023-12-13,DECISION,DYDXUSDT,POSITION_LIMIT
2023-12-14,DECISION,DOTUSDT,POSITION_LIMIT
2023-12-14,DECISION,BTCUSDT,POSITION_LIMIT
2023-12-14,DECISION,ETHUSDT,POSITION_LIMIT
2023-12-14,DECISION,DOGEUSDT,POSITION_LIMIT
2023-12-14,DECISION,1000LUNCUSDT,POSITION_LIMIT
2023-12-14,DECISION,ARBUSDT,POSITION_LIMIT
2023-12-14,DECISION,NEARUSDT,POSITION_LIMIT
2023-12-14,DECISION,XRPUSDT,POSITION_LIMIT
2023-12-14,DECISION,LINKUSDT,POSITION_LIMIT
2023-12-14,DECISION,LTCUSDT,POSITION_LIMIT
2023-12-14,DECISION,BNBUSDT,POSITION_LIMIT
2023-12-14,DECISION,BLURUSDT,POSITION_LIMIT
2023-12-14,DECISION,SEIUSDT,POSITION_LIMIT
2023-12-14,DECISION,DYDXUSDT,POSITION_LIMIT
2023-12-15,DECISION,ETHUSDT,POSITION_LIMIT
2023-12-15,DECISION,MATICUSDT,POSITION_LIMIT
2023-12-15,DECISION,GALAUSDT,POSITION_LIMIT
2023-12-15,DECISION,ARBUSDT,POSITION_LIMIT
2023-12-15,DECISION,DOGEUSDT,POSITION_LIMIT
2023-12-15,DECISION,1000LUNCUSDT,POSITION_LIMIT
2023-12-15,DECISION,NEARUSDT,POSITION_LIMIT
2023-12-15,DECISION,XRPUSDT,POSITION_LIMIT
2023-12-15,DECISION,LINKUSDT,POSITION_LIMIT
2023-12-15,DECISION,BNBUSDT,POSITION_LIMIT
2023-12-15,DECISION,LTCUSDT,POSITION_LIMIT
2023-12-15,DECISION,BLURUSDT,POSITION_LIMIT
2023-12-15,DECISION,SEIUSDT,POSITION_LIMIT
2023-12-15,DECISION,DYDXUSDT,POSITION_LIMIT
2023-12-16,DECISION,ETHUSDT,POSITION_LIMIT
2023-12-16,DECISION,MATICUSDT,POSITION_LIMIT
2023-12-16,DECISION,ARBUSDT,POSITION_LIMIT
2023-12-16,DECISION,GALAUSDT,POSITION_LIMIT
2023-12-16,DECISION,DOGEUSDT,POSITION_LIMIT
2023-12-16,DECISION,1000LUNCUSDT,POSITION_LIMIT
2023-12-16,DECISION,NEARUSDT,POSITION_LIMIT
2023-12-16,DECISION,XRPUSDT,POSITION_LIMIT
2023-12-16,DECISION,LINKUSDT,POSITION_LIMIT
2023-12-16,DECISION,LTCUSDT,POSITION_LIMIT
2023-12-16,DECISION,BNBUSDT,POSITION_LIMIT
2023-12-16,DECISION,DYDXUSDT,POSITION_LIMIT
2023-12-16,DECISION,BLURUSDT,POSITION_LIMIT
2023-12-16,DECISION,SEIUSDT,POSITION_LIMIT
2023-12-17,DECISION,DOTUSDT,POSITION_LIMIT
2023-12-17,DECISION,OPUSDT,POSITION_LIMIT
2023-12-17,DECISION,GALAUSDT,POSITION_LIMIT
2023-12-17,DECISION,ETHUSDT,POSITION_LIMIT
2023-12-17,DECISION,DOGEUSDT,POSITION_LIMIT
2023-12-17,DECISION,MATICUSDT,POSITION_LIMIT
2023-12-17,DECISION,1000LUNCUSDT,POSITION_LIMIT
2023-12-17,DECISION,NEARUSDT,POSITION_LIMIT
2023-12-17,DECISION,XRPUSDT,POSITION_LIMIT
2023-12-17,DECISION,LINKUSDT,POSITION_LIMIT
2023-12-17,DECISION,BNBUSDT,POSITION_LIMIT
2023-12-17,DECISION,DYDXUSDT,POSITION_LIMIT
2023-12-17,DECISION,BLURUSDT,POSITION_LIMIT
2023-12-17,DECISION,SEIUSDT,POSITION_LIMIT
2023-12-18,DECISION,ARBUSDT,POSITION_LIMIT
2023-12-18,DECISION,OPUSDT,POSITION_LIMIT
2023-12-18,DECISION,ETHUSDT,POSITION_LIMIT
2023-12-18,DECISION,DOGEUSDT,POSITION_LIMIT
2023-12-18,DECISION,NEARUSDT,POSITION_LIMIT
2023-12-18,DECISION,XRPUSDT,POSITION_LIMIT
2023-12-18,DECISION,MATICUSDT,POSITION_LIMIT
2023-12-18,DECISION,1000LUNCUSDT,POSITION_LIMIT
2023-12-18,DECISION,SEIUSDT,POSITION_LIMIT
2023-12-18,DECISION,LINKUSDT,POSITION_LIMIT
2023-12-18,DECISION,BNBUSDT,POSITION_LIMIT
2023-12-18,DECISION,DYDXUSDT,POSITION_LIMIT
2023-12-18,DECISION,BLURUSDT,POSITION_LIMIT
2023-12-18,DECISION,LTCUSDT,POSITION_LIMIT
2023-12-19,DECISION,ATOMUSDT,POSITION_LIMIT
2023-12-19,DECISION,OPUSDT,POSITION_LIMIT
2023-12-19,DECISION,DOTUSDT,POSITION_LIMIT
2023-12-19,DECISION,NEARUSDT,POSITION_LIMIT
2023-12-19,DECISION,ETHUSDT,POSITION_LIMIT
2023-12-19,DECISION,DOGEUSDT,POSITION_LIMIT
2023-12-19,DECISION,XRPUSDT,POSITION_LIMIT
2023-12-19,DECISION,MATICUSDT,POSITION_LIMIT
2023-12-19,DECISION,1000LUNCUSDT,POSITION_LIMIT
2023-12-19,DECISION,ARBUSDT,POSITION_LIMIT
2023-12-19,DECISION,LINKUSDT,POSITION_LIMIT
2023-12-19,DECISION,BNBUSDT,POSITION_LIMIT
2023-12-19,DECISION,DYDXUSDT,POSITION_LIMIT
2023-12-19,DECISION,BLURUSDT,POSITION_LIMIT
2023-12-20,DECISION,ADAUSDT,POSITION_LIMIT
2023-12-20,DECISION,SEIUSDT,POSITION_LIMIT
2023-12-20,DECISION,ATOMUSDT,POSITION_LIMIT
2023-12-20,DECISION,OPUSDT,POSITION_LIMIT
2023-12-20,DECISION,DOTUSDT,POSITION_LIMIT
2023-12-20,DECISION,ETHUSDT,POSITION_LIMIT
2023-12-20,DECISION,DOGEUSDT,POSITION_LIMIT
2023-12-20,DECISION,XRPUSDT,POSITION_LIMIT
2023-12-20,DECISION,MATICUSDT,POSITION_LIMIT
2023-12-20,DECISION,1000LUNCUSDT,POSITION_LIMIT
2023-12-20,DECISION,ARBUSDT,POSITION_LIMIT
2023-12-20,DECISION,LINKUSDT,POSITION_LIMIT
2023-12-20,DECISION,BLURUSDT,POSITION_LIMIT
2023-12-20,DECISION,DYDXUSDT,POSITION_LIMIT
2023-12-21,DECISION,INJUSDT,POSITION_LIMIT
2023-12-21,DECISION,FILUSDT,POSITION_LIMIT
2023-12-21,DECISION,TRBUSDT,POSITION_LIMIT
2023-12-21,DECISION,ADAUSDT,POSITION_LIMIT
2023-12-21,DECISION,SEIUSDT,POSITION_LIMIT
2023-12-21,DECISION,ATOMUSDT,POSITION_LIMIT
2023-12-21,DECISION,ETHUSDT,POSITION_LIMIT
2023-12-21,DECISION,DOGEUSDT,POSITION_LIMIT
2023-12-21,DECISION,XRPUSDT,POSITION_LIMIT
2023-12-21,DECISION,MATICUSDT,POSITION_LIMIT
2023-12-21,DECISION,1000LUNCUSDT,POSITION_LIMIT
2023-12-21,DECISION,LINKUSDT,POSITION_LIMIT
2023-12-21,DECISION,BLURUSDT,POSITION_LIMIT
2023-12-21,DECISION,DYDXUSDT,POSITION_LIMIT
2023-12-22,FILL,AVAXUSDT,QUANTITY_ROUNDS_TO_ZERO
2023-12-22,DECISION,INJUSDT,POSITION_LIMIT
2023-12-22,DECISION,FILUSDT,POSITION_LIMIT
2023-12-22,DECISION,TRBUSDT,POSITION_LIMIT
2023-12-22,DECISION,ADAUSDT,POSITION_LIMIT
2023-12-22,DECISION,SEIUSDT,POSITION_LIMIT
2023-12-22,DECISION,ATOMUSDT,POSITION_LIMIT
2023-12-22,DECISION,ETHUSDT,POSITION_LIMIT
2023-12-22,DECISION,DOGEUSDT,POSITION_LIMIT
2023-12-22,DECISION,XRPUSDT,POSITION_LIMIT
2023-12-22,DECISION,LINKUSDT,POSITION_LIMIT
2023-12-22,DECISION,MATICUSDT,POSITION_LIMIT
2023-12-22,DECISION,1000LUNCUSDT,POSITION_LIMIT
2023-12-22,DECISION,BLURUSDT,POSITION_LIMIT
2023-12-22,DECISION,DYDXUSDT,POSITION_LIMIT
2023-12-23,DECISION,INJUSDT,POSITION_LIMIT
2023-12-23,DECISION,TRBUSDT,POSITION_LIMIT
2023-12-23,DECISION,ARBUSDT,POSITION_LIMIT
2023-12-23,DECISION,ADAUSDT,POSITION_LIMIT
2023-12-23,DECISION,SEIUSDT,POSITION_LIMIT
2023-12-23,DECISION,ATOMUSDT,POSITION_LIMIT
2023-12-23,DECISION,ETHUSDT,POSITION_LIMIT
2023-12-23,DECISION,DOGEUSDT,POSITION_LIMIT
2023-12-23,DECISION,XRPUSDT,POSITION_LIMIT
2023-12-23,DECISION,LINKUSDT,POSITION_LIMIT
2023-12-23,DECISION,MATICUSDT,POSITION_LIMIT
2023-12-23,DECISION,1000LUNCUSDT,POSITION_LIMIT
2023-12-23,DECISION,BLURUSDT,POSITION_LIMIT
2023-12-23,DECISION,DYDXUSDT,POSITION_LIMIT
2023-12-24,DECISION,OPUSDT,POSITION_LIMIT
2023-12-24,DECISION,TRBUSDT,POSITION_LIMIT
2023-12-24,DECISION,ARBUSDT,POSITION_LIMIT
2023-12-24,DECISION,ADAUSDT,POSITION_LIMIT
2023-12-24,DECISION,SEIUSDT,POSITION_LIMIT
2023-12-24,DECISION,ATOMUSDT,POSITION_LIMIT
2023-12-24,DECISION,ETHUSDT,POSITION_LIMIT
2023-12-24,DECISION,DOGEUSDT,POSITION_LIMIT
2023-12-24,DECISION,XRPUSDT,POSITION_LIMIT
2023-12-24,DECISION,LINKUSDT,POSITION_LIMIT
2023-12-24,DECISION,MATICUSDT,POSITION_LIMIT
2023-12-24,DECISION,1000LUNCUSDT,POSITION_LIMIT
2023-12-24,DECISION,BLURUSDT,POSITION_LIMIT
2023-12-24,DECISION,DYDXUSDT,POSITION_LIMIT
2023-12-25,DECISION,DOTUSDT,POSITION_LIMIT
2023-12-25,DECISION,TRBUSDT,POSITION_LIMIT
2023-12-25,DECISION,ARBUSDT,POSITION_LIMIT
2023-12-25,DECISION,ADAUSDT,POSITION_LIMIT
2023-12-25,DECISION,SEIUSDT,POSITION_LIMIT
2023-12-25,DECISION,ATOMUSDT,POSITION_LIMIT
2023-12-25,DECISION,ETHUSDT,POSITION_LIMIT
2023-12-25,DECISION,XRPUSDT,POSITION_LIMIT
2023-12-25,DECISION,MATICUSDT,POSITION_LIMIT
2023-12-25,DECISION,DOGEUSDT,POSITION_LIMIT
2023-12-25,DECISION,LINKUSDT,POSITION_LIMIT
2023-12-25,DECISION,1000LUNCUSDT,POSITION_LIMIT
2023-12-25,DECISION,BLURUSDT,POSITION_LIMIT
2023-12-25,DECISION,DYDXUSDT,POSITION_LIMIT
2023-12-26,DECISION,TRBUSDT,POSITION_LIMIT
2023-12-26,DECISION,ARBUSDT,POSITION_LIMIT
2023-12-26,DECISION,FILUSDT,POSITION_LIMIT
2023-12-26,DECISION,BTCUSDT,POSITION_LIMIT
2023-12-26,DECISION,AVAXUSDT,POSITION_LIMIT
2023-12-26,DECISION,ADAUSDT,POSITION_LIMIT
2023-12-26,DECISION,SEIUSDT,POSITION_LIMIT
2023-12-26,DECISION,ATOMUSDT,POSITION_LIMIT
2023-12-26,DECISION,XRPUSDT,POSITION_LIMIT
2023-12-26,DECISION,ETHUSDT,POSITION_LIMIT
2023-12-26,DECISION,DOGEUSDT,POSITION_LIMIT
2023-12-26,DECISION,DYDXUSDT,POSITION_LIMIT
2023-12-26,DECISION,LINKUSDT,POSITION_LIMIT
2023-12-26,DECISION,1000LUNCUSDT,POSITION_LIMIT
2023-12-27,DECISION,DOTUSDT,POSITION_LIMIT
2023-12-27,DECISION,TRBUSDT,POSITION_LIMIT
2023-12-27,DECISION,ARBUSDT,POSITION_LIMIT
2023-12-27,DECISION,ATOMUSDT,POSITION_LIMIT
2023-12-27,DECISION,FILUSDT,POSITION_LIMIT
2023-12-27,DECISION,BTCUSDT,POSITION_LIMIT
2023-12-27,DECISION,AVAXUSDT,POSITION_LIMIT
2023-12-27,DECISION,ADAUSDT,POSITION_LIMIT
2023-12-27,DECISION,SEIUSDT,POSITION_LIMIT
2023-12-27,DECISION,XRPUSDT,POSITION_LIMIT
2023-12-27,DECISION,DOGEUSDT,POSITION_LIMIT
2023-12-27,DECISION,LINKUSDT,POSITION_LIMIT
2023-12-27,DECISION,DYDXUSDT,POSITION_LIMIT
2023-12-27,DECISION,1000LUNCUSDT,POSITION_LIMIT
2023-12-28,DECISION,ARBUSDT,POSITION_LIMIT
2023-12-28,DECISION,FILUSDT,POSITION_LIMIT
2023-12-28,DECISION,BTCUSDT,POSITION_LIMIT
2023-12-28,DECISION,SOLUSDT,POSITION_LIMIT
2023-12-28,DECISION,AVAXUSDT,POSITION_LIMIT
2023-12-28,DECISION,ADAUSDT,POSITION_LIMIT
2023-12-28,DECISION,SEIUSDT,POSITION_LIMIT
2023-12-28,DECISION,NEARUSDT,POSITION_LIMIT
2023-12-28,DECISION,XRPUSDT,POSITION_LIMIT
2023-12-28,DECISION,INJUSDT,POSITION_LIMIT
2023-12-28,DECISION,DOGEUSDT,POSITION_LIMIT
2023-12-28,DECISION,LINKUSDT,POSITION_LIMIT
2023-12-28,DECISION,DYDXUSDT,POSITION_LIMIT
2023-12-28,DECISION,1000LUNCUSDT,POSITION_LIMIT
2023-12-29,DECISION,FILUSDT,POSITION_LIMIT
2023-12-29,DECISION,SOLUSDT,POSITION_LIMIT
2023-12-29,DECISION,AVAXUSDT,POSITION_LIMIT
2023-12-29,DECISION,ADAUSDT,POSITION_LIMIT
2023-12-29,DECISION,DOTUSDT,POSITION_LIMIT
2023-12-29,DECISION,SEIUSDT,POSITION_LIMIT
2023-12-29,DECISION,NEARUSDT,POSITION_LIMIT
2023-12-29,DECISION,ATOMUSDT,POSITION_LIMIT
2023-12-29,DECISION,BTCUSDT,POSITION_LIMIT
2023-12-29,DECISION,XRPUSDT,POSITION_LIMIT
2023-12-29,DECISION,INJUSDT,POSITION_LIMIT
2023-12-29,DECISION,DOGEUSDT,POSITION_LIMIT
2023-12-29,DECISION,LINKUSDT,POSITION_LIMIT
2023-12-29,DECISION,DYDXUSDT,POSITION_LIMIT
2023-12-30,DECISION,FILUSDT,POSITION_LIMIT
2023-12-30,DECISION,SOLUSDT,POSITION_LIMIT
2023-12-30,DECISION,ADAUSDT,POSITION_LIMIT
2023-12-30,DECISION,DOTUSDT,POSITION_LIMIT
2023-12-30,DECISION,NEARUSDT,POSITION_LIMIT
2023-12-30,DECISION,SEIUSDT,POSITION_LIMIT
2023-12-30,DECISION,ATOMUSDT,POSITION_LIMIT
2023-12-30,DECISION,BTCUSDT,POSITION_LIMIT
2023-12-30,DECISION,INJUSDT,POSITION_LIMIT
2023-12-30,DECISION,AVAXUSDT,POSITION_LIMIT
2023-12-30,DECISION,XRPUSDT,POSITION_LIMIT
2023-12-30,DECISION,LINKUSDT,POSITION_LIMIT
2023-12-30,DECISION,DOGEUSDT,POSITION_LIMIT
2023-12-30,DECISION,DYDXUSDT,POSITION_LIMIT
2023-12-31,DECISION,FILUSDT,POSITION_LIMIT
2023-12-31,DECISION,SOLUSDT,POSITION_LIMIT
2023-12-31,DECISION,ADAUSDT,POSITION_LIMIT
2023-12-31,DECISION,DOTUSDT,POSITION_LIMIT
2023-12-31,DECISION,NEARUSDT,POSITION_LIMIT
2023-12-31,DECISION,SEIUSDT,POSITION_LIMIT
2023-12-31,DECISION,BTCUSDT,POSITION_LIMIT
2023-12-31,DECISION,INJUSDT,POSITION_LIMIT
2023-12-31,DECISION,ATOMUSDT,POSITION_LIMIT
2023-12-31,DECISION,AVAXUSDT,POSITION_LIMIT
2023-12-31,DECISION,XRPUSDT,POSITION_LIMIT
2023-12-31,DECISION,DOGEUSDT,POSITION_LIMIT
2023-12-31,DECISION,LINKUSDT,POSITION_LIMIT
2023-12-31,DECISION,DYDXUSDT,POSITION_LIMIT
2024-01-01,DECISION,FILUSDT,POSITION_LIMIT
2024-01-01,DECISION,SOLUSDT,POSITION_LIMIT
2024-01-01,DECISION,ADAUSDT,POSITION_LIMIT
2024-01-01,DECISION,TRBUSDT,POSITION_LIMIT
2024-01-01,DECISION,DOTUSDT,POSITION_LIMIT
2024-01-01,DECISION,NEARUSDT,POSITION_LIMIT
2024-01-01,DECISION,SEIUSDT,POSITION_LIMIT
2024-01-01,DECISION,INJUSDT,POSITION_LIMIT
2024-01-01,DECISION,ATOMUSDT,POSITION_LIMIT
2024-01-01,DECISION,AVAXUSDT,POSITION_LIMIT
2024-01-01,DECISION,XRPUSDT,POSITION_LIMIT
2024-01-01,DECISION,DOGEUSDT,POSITION_LIMIT
2024-01-01,DECISION,LINKUSDT,POSITION_LIMIT
2024-01-01,DECISION,DYDXUSDT,POSITION_LIMIT
2024-01-02,DECISION,FILUSDT,POSITION_LIMIT
2024-01-02,DECISION,SOLUSDT,POSITION_LIMIT
2024-01-02,DECISION,ADAUSDT,POSITION_LIMIT
2024-01-02,DECISION,DOTUSDT,POSITION_LIMIT
2024-01-02,DECISION,SEIUSDT,POSITION_LIMIT
2024-01-02,DECISION,NEARUSDT,POSITION_LIMIT
2024-01-02,DECISION,BAKEUSDT,POSITION_LIMIT
2024-01-02,DECISION,TRBUSDT,POSITION_LIMIT
2024-01-02,DECISION,INJUSDT,POSITION_LIMIT
2024-01-02,DECISION,ATOMUSDT,POSITION_LIMIT
2024-01-02,DECISION,AVAXUSDT,POSITION_LIMIT
2024-01-02,DECISION,XRPUSDT,POSITION_LIMIT
2024-01-02,DECISION,DOGEUSDT,POSITION_LIMIT
2024-01-02,DECISION,LINKUSDT,POSITION_LIMIT
2024-01-03,DECISION,SEIUSDT,POSITION_LIMIT
2024-01-03,DECISION,NEARUSDT,POSITION_LIMIT
2024-01-03,DECISION,ETHUSDT,POSITION_LIMIT
2024-01-03,DECISION,SOLUSDT,POSITION_LIMIT
2024-01-03,DECISION,TRBUSDT,POSITION_LIMIT
2024-01-03,DECISION,DOTUSDT,POSITION_LIMIT
2024-01-03,DECISION,BAKEUSDT,POSITION_LIMIT
2024-01-03,DECISION,INJUSDT,POSITION_LIMIT
2024-01-03,DECISION,AVAXUSDT,POSITION_LIMIT
2024-01-03,DECISION,ADAUSDT,POSITION_LIMIT
2024-01-03,DECISION,LINKUSDT,POSITION_LIMIT
2024-01-03,DECISION,ATOMUSDT,POSITION_LIMIT
2024-01-03,DECISION,XRPUSDT,POSITION_LIMIT
2024-01-03,DECISION,DOGEUSDT,POSITION_LIMIT
2024-01-04,DECISION,SEIUSDT,POSITION_LIMIT
2024-01-04,DECISION,NEARUSDT,POSITION_LIMIT
2024-01-04,DECISION,ETHUSDT,POSITION_LIMIT
2024-01-04,DECISION,SOLUSDT,POSITION_LIMIT
2024-01-04,DECISION,TRBUSDT,POSITION_LIMIT
2024-01-04,DECISION,DOTUSDT,POSITION_LIMIT
2024-01-04,DECISION,BAKEUSDT,POSITION_LIMIT
2024-01-04,DECISION,INJUSDT,POSITION_LIMIT
2024-01-04,DECISION,AVAXUSDT,POSITION_LIMIT
2024-01-04,DECISION,ADAUSDT,POSITION_LIMIT
2024-01-04,DECISION,LINKUSDT,POSITION_LIMIT
2024-01-04,DECISION,ATOMUSDT,POSITION_LIMIT
2024-01-04,DECISION,XRPUSDT,POSITION_LIMIT
2024-01-04,DECISION,DOGEUSDT,POSITION_LIMIT
2024-01-05,DECISION,SOLUSDT,POSITION_LIMIT
2024-01-05,DECISION,OPUSDT,POSITION_LIMIT
2024-01-05,DECISION,TRBUSDT,POSITION_LIMIT
2024-01-05,DECISION,MATICUSDT,POSITION_LIMIT
2024-01-05,DECISION,NEARUSDT,POSITION_LIMIT
2024-01-05,DECISION,BAKEUSDT,POSITION_LIMIT
2024-01-05,DECISION,INJUSDT,POSITION_LIMIT
2024-01-05,DECISION,DOTUSDT,POSITION_LIMIT
2024-01-05,DECISION,AVAXUSDT,POSITION_LIMIT
2024-01-05,DECISION,ADAUSDT,POSITION_LIMIT
2024-01-05,DECISION,LINKUSDT,POSITION_LIMIT
2024-01-05,DECISION,ATOMUSDT,POSITION_LIMIT
2024-01-05,DECISION,DOGEUSDT,POSITION_LIMIT
2024-01-05,DECISION,XRPUSDT,POSITION_LIMIT
2024-01-06,DECISION,INJUSDT,POSITION_LIMIT
2024-01-06,DECISION,NEARUSDT,POSITION_LIMIT
2024-01-06,DECISION,SOLUSDT,POSITION_LIMIT
2024-01-06,DECISION,OPUSDT,POSITION_LIMIT
2024-01-06,DECISION,TRBUSDT,POSITION_LIMIT
2024-01-06,DECISION,MATICUSDT,POSITION_LIMIT
2024-01-06,DECISION,DOTUSDT,POSITION_LIMIT
2024-01-06,DECISION,BAKEUSDT,POSITION_LIMIT
2024-01-06,DECISION,AVAXUSDT,POSITION_LIMIT
2024-01-06,DECISION,ADAUSDT,POSITION_LIMIT
2024-01-06,DECISION,ATOMUSDT,POSITION_LIMIT
2024-01-06,DECISION,DOGEUSDT,POSITION_LIMIT
2024-01-06,DECISION,LINKUSDT,POSITION_LIMIT
2024-01-06,DECISION,XRPUSDT,POSITION_LIMIT
2024-01-07,DECISION,SOLUSDT,POSITION_LIMIT
2024-01-07,DECISION,TRBUSDT,POSITION_LIMIT
2024-01-07,DECISION,OPUSDT,POSITION_LIMIT
2024-01-07,DECISION,MATICUSDT,POSITION_LIMIT
2024-01-07,DECISION,FILUSDT,POSITION_LIMIT
2024-01-07,DECISION,DOTUSDT,POSITION_LIMIT
2024-01-07,DECISION,NEARUSDT,POSITION_LIMIT
2024-01-07,DECISION,AVAXUSDT,POSITION_LIMIT
2024-01-07,DECISION,ADAUSDT,POSITION_LIMIT
2024-01-07,DECISION,DOGEUSDT,POSITION_LIMIT
2024-01-07,DECISION,ATOMUSDT,POSITION_LIMIT
2024-01-07,DECISION,XRPUSDT,POSITION_LIMIT
2024-01-07,DECISION,LINKUSDT,POSITION_LIMIT
2024-01-07,DECISION,DYDXUSDT,POSITION_LIMIT
2024-01-08,DECISION,SOLUSDT,POSITION_LIMIT
2024-01-08,DECISION,TRBUSDT,POSITION_LIMIT
2024-01-08,DECISION,OPUSDT,POSITION_LIMIT
2024-01-08,DECISION,MATICUSDT,POSITION_LIMIT
2024-01-08,DECISION,FILUSDT,POSITION_LIMIT
2024-01-08,DECISION,DOTUSDT,POSITION_LIMIT
2024-01-08,DECISION,NEARUSDT,POSITION_LIMIT
2024-01-08,DECISION,AVAXUSDT,POSITION_LIMIT
2024-01-08,DECISION,ADAUSDT,POSITION_LIMIT
2024-01-08,DECISION,DOGEUSDT,POSITION_LIMIT
2024-01-08,DECISION,ATOMUSDT,POSITION_LIMIT
2024-01-08,DECISION,XRPUSDT,POSITION_LIMIT
2024-01-08,DECISION,LINKUSDT,POSITION_LIMIT
2024-01-08,DECISION,DYDXUSDT,POSITION_LIMIT
2024-01-09,DECISION,INJUSDT,POSITION_LIMIT
2024-01-09,DECISION,SOLUSDT,POSITION_LIMIT
2024-01-09,DECISION,TRBUSDT,POSITION_LIMIT
2024-01-09,DECISION,OPUSDT,POSITION_LIMIT
2024-01-09,DECISION,MATICUSDT,POSITION_LIMIT
2024-01-09,DECISION,FILUSDT,POSITION_LIMIT
2024-01-09,DECISION,NEARUSDT,POSITION_LIMIT
2024-01-09,DECISION,DOTUSDT,POSITION_LIMIT
2024-01-09,DECISION,AVAXUSDT,POSITION_LIMIT
2024-01-09,DECISION,ADAUSDT,POSITION_LIMIT
2024-01-09,DECISION,DOGEUSDT,POSITION_LIMIT
2024-01-09,DECISION,ATOMUSDT,POSITION_LIMIT
2024-01-09,DECISION,XRPUSDT,POSITION_LIMIT
2024-01-09,DECISION,LINKUSDT,POSITION_LIMIT
2024-01-10,DECISION,BNBUSDT,POSITION_LIMIT
2024-01-10,DECISION,INJUSDT,POSITION_LIMIT
2024-01-10,DECISION,SOLUSDT,POSITION_LIMIT
2024-01-10,DECISION,TRBUSDT,POSITION_LIMIT
2024-01-10,DECISION,OPUSDT,POSITION_LIMIT
2024-01-10,DECISION,MATICUSDT,POSITION_LIMIT
2024-01-10,DECISION,FILUSDT,POSITION_LIMIT
2024-01-10,DECISION,NEARUSDT,POSITION_LIMIT
2024-01-10,DECISION,DOTUSDT,POSITION_LIMIT
2024-01-10,DECISION,AVAXUSDT,POSITION_LIMIT
2024-01-10,DECISION,ADAUSDT,POSITION_LIMIT
2024-01-10,DECISION,DOGEUSDT,POSITION_LIMIT
2024-01-10,DECISION,XRPUSDT,POSITION_LIMIT
2024-01-10,DECISION,LINKUSDT,POSITION_LIMIT
2024-01-11,DECISION,BNBUSDT,POSITION_LIMIT
2024-01-11,DECISION,INJUSDT,POSITION_LIMIT
2024-01-11,DECISION,SOLUSDT,POSITION_LIMIT
2024-01-11,DECISION,TRBUSDT,POSITION_LIMIT
2024-01-11,DECISION,OPUSDT,POSITION_LIMIT
2024-01-11,DECISION,MATICUSDT,POSITION_LIMIT
2024-01-11,DECISION,FILUSDT,POSITION_LIMIT
2024-01-11,DECISION,NEARUSDT,POSITION_LIMIT
2024-01-11,DECISION,DOTUSDT,POSITION_LIMIT
2024-01-11,DECISION,AVAXUSDT,POSITION_LIMIT
2024-01-11,DECISION,ADAUSDT,POSITION_LIMIT
2024-01-11,DECISION,DOGEUSDT,POSITION_LIMIT
2024-01-11,DECISION,XRPUSDT,POSITION_LIMIT
2024-01-11,DECISION,LINKUSDT,POSITION_LIMIT
2024-01-12,DECISION,INJUSDT,POSITION_LIMIT
2024-01-12,DECISION,SOLUSDT,POSITION_LIMIT
2024-01-12,DECISION,OPUSDT,POSITION_LIMIT
2024-01-12,DECISION,MATICUSDT,POSITION_LIMIT
2024-01-12,DECISION,BNBUSDT,POSITION_LIMIT
2024-01-12,DECISION,FILUSDT,POSITION_LIMIT
2024-01-12,DECISION,NEARUSDT,POSITION_LIMIT
2024-01-12,DECISION,DOTUSDT,POSITION_LIMIT
2024-01-12,DECISION,AVAXUSDT,POSITION_LIMIT
2024-01-12,DECISION,TRBUSDT,POSITION_LIMIT
2024-01-12,DECISION,ADAUSDT,POSITION_LIMIT
2024-01-12,DECISION,DOGEUSDT,POSITION_LIMIT
2024-01-12,DECISION,XRPUSDT,POSITION_LIMIT
2024-01-12,DECISION,LINKUSDT,POSITION_LIMIT
2024-01-13,DECISION,INJUSDT,POSITION_LIMIT
2024-01-13,DECISION,SOLUSDT,POSITION_LIMIT
2024-01-13,DECISION,OPUSDT,POSITION_LIMIT
2024-01-13,DECISION,MATICUSDT,POSITION_LIMIT
2024-01-13,DECISION,BNBUSDT,POSITION_LIMIT
2024-01-13,DECISION,FILUSDT,POSITION_LIMIT
2024-01-13,DECISION,NEARUSDT,POSITION_LIMIT
2024-01-13,DECISION,DOTUSDT,POSITION_LIMIT
2024-01-13,DECISION,AVAXUSDT,POSITION_LIMIT
2024-01-13,DECISION,TRBUSDT,POSITION_LIMIT
2024-01-13,DECISION,ADAUSDT,POSITION_LIMIT
2024-01-13,DECISION,DOGEUSDT,POSITION_LIMIT
2024-01-13,DECISION,XRPUSDT,POSITION_LIMIT
2024-01-13,DECISION,LINKUSDT,POSITION_LIMIT
2024-01-14,DECISION,SOLUSDT,POSITION_LIMIT
2024-01-14,DECISION,OPUSDT,POSITION_LIMIT
2024-01-14,DECISION,MATICUSDT,POSITION_LIMIT
2024-01-14,DECISION,BNBUSDT,POSITION_LIMIT
2024-01-14,DECISION,FILUSDT,POSITION_LIMIT
2024-01-14,DECISION,NEARUSDT,POSITION_LIMIT
2024-01-14,DECISION,DOTUSDT,POSITION_LIMIT
2024-01-14,DECISION,BTCUSDT,POSITION_LIMIT
2024-01-14,DECISION,AVAXUSDT,POSITION_LIMIT
2024-01-14,DECISION,TRBUSDT,POSITION_LIMIT
2024-01-14,DECISION,ADAUSDT,POSITION_LIMIT
2024-01-14,DECISION,DOGEUSDT,POSITION_LIMIT
2024-01-14,DECISION,XRPUSDT,POSITION_LIMIT
2024-01-14,DECISION,LINKUSDT,POSITION_LIMIT
2024-01-15,DECISION,INJUSDT,POSITION_LIMIT
2024-01-15,DECISION,SOLUSDT,POSITION_LIMIT
2024-01-15,DECISION,OPUSDT,POSITION_LIMIT
2024-01-15,DECISION,MATICUSDT,POSITION_LIMIT
2024-01-15,DECISION,FILUSDT,POSITION_LIMIT
2024-01-15,DECISION,NEARUSDT,POSITION_LIMIT
2024-01-15,DECISION,DOTUSDT,POSITION_LIMIT
2024-01-15,DECISION,BTCUSDT,POSITION_LIMIT
2024-01-15,DECISION,AVAXUSDT,POSITION_LIMIT
2024-01-15,DECISION,TRBUSDT,POSITION_LIMIT
2024-01-15,DECISION,ADAUSDT,POSITION_LIMIT
2024-01-15,DECISION,DOGEUSDT,POSITION_LIMIT
2024-01-15,DECISION,LINKUSDT,POSITION_LIMIT
2024-01-15,DECISION,XRPUSDT,POSITION_LIMIT
2024-01-16,DECISION,INJUSDT,POSITION_LIMIT
2024-01-16,DECISION,SOLUSDT,POSITION_LIMIT
2024-01-16,DECISION,OPUSDT,POSITION_LIMIT
2024-01-16,DECISION,MATICUSDT,POSITION_LIMIT
2024-01-16,DECISION,FILUSDT,POSITION_LIMIT
2024-01-16,DECISION,NEARUSDT,POSITION_LIMIT
2024-01-16,DECISION,DOTUSDT,POSITION_LIMIT
2024-01-16,DECISION,BTCUSDT,POSITION_LIMIT
2024-01-16,DECISION,AVAXUSDT,POSITION_LIMIT
2024-01-16,DECISION,TRBUSDT,POSITION_LIMIT
2024-01-16,DECISION,ADAUSDT,POSITION_LIMIT
2024-01-16,DECISION,DOGEUSDT,POSITION_LIMIT
2024-01-16,DECISION,LINKUSDT,POSITION_LIMIT
2024-01-16,DECISION,XRPUSDT,POSITION_LIMIT
2024-01-17,DECISION,INJUSDT,POSITION_LIMIT
2024-01-17,DECISION,STXUSDT,POSITION_LIMIT
2024-01-17,DECISION,OPUSDT,POSITION_LIMIT
2024-01-17,DECISION,TRBUSDT,POSITION_LIMIT
2024-01-17,DECISION,MATICUSDT,POSITION_LIMIT
2024-01-17,DECISION,FILUSDT,POSITION_LIMIT
2024-01-17,DECISION,NEARUSDT,POSITION_LIMIT
2024-01-17,DECISION,DOTUSDT,POSITION_LIMIT
2024-01-17,DECISION,BTCUSDT,POSITION_LIMIT
2024-01-17,DECISION,AVAXUSDT,POSITION_LIMIT
2024-01-17,DECISION,ADAUSDT,POSITION_LIMIT
2024-01-17,DECISION,DOGEUSDT,POSITION_LIMIT
2024-01-17,DECISION,LINKUSDT,POSITION_LIMIT
2024-01-17,DECISION,XRPUSDT,POSITION_LIMIT
2024-01-18,DECISION,TRBUSDT,POSITION_LIMIT
2024-01-18,DECISION,OPUSDT,POSITION_LIMIT
2024-01-18,DECISION,INJUSDT,POSITION_LIMIT
2024-01-18,DECISION,FILUSDT,POSITION_LIMIT
2024-01-18,DECISION,DOTUSDT,POSITION_LIMIT
2024-01-18,DECISION,STXUSDT,POSITION_LIMIT
2024-01-18,DECISION,MATICUSDT,POSITION_LIMIT
2024-01-18,DECISION,ADAUSDT,POSITION_LIMIT
2024-01-18,DECISION,NEARUSDT,POSITION_LIMIT
2024-01-18,DECISION,BTCUSDT,POSITION_LIMIT
2024-01-18,DECISION,AVAXUSDT,POSITION_LIMIT
2024-01-18,DECISION,LINKUSDT,POSITION_LIMIT
2024-01-18,DECISION,XRPUSDT,POSITION_LIMIT
2024-01-18,DECISION,DOGEUSDT,POSITION_LIMIT
2024-01-19,DECISION,TRBUSDT,POSITION_LIMIT
2024-01-19,DECISION,OPUSDT,POSITION_LIMIT
2024-01-19,DECISION,INJUSDT,POSITION_LIMIT
2024-01-19,DECISION,STXUSDT,POSITION_LIMIT
2024-01-19,DECISION,LINKUSDT,POSITION_LIMIT
2024-01-19,DECISION,ADAUSDT,POSITION_LIMIT
2024-01-19,DECISION,FILUSDT,POSITION_LIMIT
2024-01-19,DECISION,NEARUSDT,POSITION_LIMIT
2024-01-19,DECISION,DOTUSDT,POSITION_LIMIT
2024-01-19,DECISION,BTCUSDT,POSITION_LIMIT
2024-01-19,DECISION,AVAXUSDT,POSITION_LIMIT
2024-01-19,DECISION,MATICUSDT,POSITION_LIMIT
2024-01-19,DECISION,DOGEUSDT,POSITION_LIMIT
2024-01-20,DECISION,SOLUSDT,POSITION_LIMIT
2024-01-20,DECISION,OPUSDT,POSITION_LIMIT
2024-01-20,DECISION,TRBUSDT,POSITION_LIMIT
2024-01-20,DECISION,INJUSDT,POSITION_LIMIT
2024-01-20,DECISION,LINKUSDT,POSITION_LIMIT
2024-01-20,DECISION,FILUSDT,POSITION_LIMIT
2024-01-20,DECISION,ADAUSDT,POSITION_LIMIT
2024-01-20,DECISION,NEARUSDT,POSITION_LIMIT
2024-01-20,DECISION,DOTUSDT,POSITION_LIMIT
2024-01-20,DECISION,BTCUSDT,POSITION_LIMIT
2024-01-20,DECISION,AVAXUSDT,POSITION_LIMIT
2024-01-20,DECISION,DOGEUSDT,POSITION_LIMIT
2024-01-20,DECISION,MATICUSDT,POSITION_LIMIT
2024-01-21,DECISION,SEIUSDT,POSITION_LIMIT
2024-01-21,DECISION,INJUSDT,POSITION_LIMIT
2024-01-21,DECISION,OPUSDT,POSITION_LIMIT
2024-01-21,DECISION,TRBUSDT,POSITION_LIMIT
2024-01-21,DECISION,LINKUSDT,POSITION_LIMIT
2024-01-21,DECISION,FILUSDT,POSITION_LIMIT
2024-01-21,DECISION,ADAUSDT,POSITION_LIMIT
2024-01-21,DECISION,NEARUSDT,POSITION_LIMIT
2024-01-21,DECISION,BTCUSDT,POSITION_LIMIT
2024-01-21,DECISION,AVAXUSDT,POSITION_LIMIT
2024-01-21,DECISION,DOGEUSDT,POSITION_LIMIT
2024-01-21,DECISION,DOTUSDT,POSITION_LIMIT
2024-01-21,DECISION,MATICUSDT,POSITION_LIMIT
2024-01-22,DECISION,OPUSDT,POSITION_LIMIT
2024-01-22,DECISION,SOLUSDT,POSITION_LIMIT
2024-01-22,DECISION,AVAXUSDT,POSITION_LIMIT
2024-01-22,DECISION,TRBUSDT,POSITION_LIMIT
2024-01-22,DECISION,LINKUSDT,POSITION_LIMIT
2024-01-22,DECISION,DOGEUSDT,POSITION_LIMIT
2024-01-22,DECISION,FILUSDT,POSITION_LIMIT
2024-01-22,DECISION,INJUSDT,POSITION_LIMIT
2024-01-22,DECISION,ADAUSDT,POSITION_LIMIT
2024-01-22,DECISION,NEARUSDT,POSITION_LIMIT
2024-01-22,DECISION,DOTUSDT,POSITION_LIMIT
2024-01-22,DECISION,BTCUSDT,POSITION_LIMIT
2024-01-22,DECISION,MATICUSDT,POSITION_LIMIT
2024-01-23,DECISION,SOLUSDT,POSITION_LIMIT
2024-01-23,DECISION,AVAXUSDT,POSITION_LIMIT
2024-01-23,DECISION,OPUSDT,POSITION_LIMIT
2024-01-23,DECISION,TRBUSDT,POSITION_LIMIT
2024-01-23,DECISION,DOGEUSDT,POSITION_LIMIT
2024-01-23,DECISION,FILUSDT,POSITION_LIMIT
2024-01-23,DECISION,ADAUSDT,POSITION_LIMIT
2024-01-23,DECISION,INJUSDT,POSITION_LIMIT
2024-01-23,DECISION,NEARUSDT,POSITION_LIMIT
2024-01-23,DECISION,DOTUSDT,POSITION_LIMIT
2024-01-23,DECISION,BTCUSDT,POSITION_LIMIT
2024-01-23,DECISION,LINKUSDT,POSITION_LIMIT
2024-01-24,DECISION,SOLUSDT,POSITION_LIMIT
2024-01-24,DECISION,AVAXUSDT,POSITION_LIMIT
2024-01-24,DECISION,OPUSDT,POSITION_LIMIT
2024-01-24,DECISION,DOGEUSDT,POSITION_LIMIT
2024-01-24,DECISION,TRBUSDT,POSITION_LIMIT
2024-01-24,DECISION,FILUSDT,POSITION_LIMIT
2024-01-24,DECISION,ADAUSDT,POSITION_LIMIT
2024-01-24,DECISION,INJUSDT,POSITION_LIMIT
2024-01-24,DECISION,DOTUSDT,POSITION_LIMIT
2024-01-24,DECISION,BTCUSDT,POSITION_LIMIT
2024-01-24,DECISION,LINKUSDT,POSITION_LIMIT
2024-01-25,DECISION,SOLUSDT,POSITION_LIMIT
2024-01-25,DECISION,AVAXUSDT,POSITION_LIMIT
2024-01-25,DECISION,OPUSDT,POSITION_LIMIT
2024-01-25,DECISION,FILUSDT,POSITION_LIMIT
2024-01-25,DECISION,TRBUSDT,POSITION_LIMIT
2024-01-25,DECISION,ADAUSDT,POSITION_LIMIT
2024-01-25,DECISION,INJUSDT,POSITION_LIMIT
2024-01-25,DECISION,DOTUSDT,POSITION_LIMIT
2024-01-25,DECISION,BTCUSDT,POSITION_LIMIT
2024-01-25,DECISION,DOGEUSDT,POSITION_LIMIT
2024-01-25,DECISION,LINKUSDT,POSITION_LIMIT
2024-01-26,DECISION,SOLUSDT,POSITION_LIMIT
2024-01-26,DECISION,AVAXUSDT,POSITION_LIMIT
2024-01-26,DECISION,OPUSDT,POSITION_LIMIT
2024-01-26,DECISION,FILUSDT,POSITION_LIMIT
2024-01-26,DECISION,TRBUSDT,POSITION_LIMIT
2024-01-26,DECISION,ADAUSDT,POSITION_LIMIT
2024-01-26,DECISION,INJUSDT,POSITION_LIMIT
2024-01-26,DECISION,DOTUSDT,POSITION_LIMIT
2024-01-26,DECISION,BTCUSDT,POSITION_LIMIT
2024-01-26,DECISION,DOGEUSDT,POSITION_LIMIT
2024-01-26,DECISION,LINKUSDT,POSITION_LIMIT
2024-01-27,DECISION,SOLUSDT,POSITION_LIMIT
2024-01-27,DECISION,OPUSDT,POSITION_LIMIT
2024-01-27,DECISION,AVAXUSDT,POSITION_LIMIT
2024-01-27,DECISION,TRBUSDT,POSITION_LIMIT
2024-01-27,DECISION,FILUSDT,POSITION_LIMIT
2024-01-27,DECISION,INJUSDT,POSITION_LIMIT
2024-01-27,DECISION,ADAUSDT,POSITION_LIMIT
2024-01-27,DECISION,DOTUSDT,POSITION_LIMIT
2024-01-27,DECISION,BTCUSDT,POSITION_LIMIT
2024-01-27,DECISION,DOGEUSDT,POSITION_LIMIT
2024-01-27,DECISION,LINKUSDT,POSITION_LIMIT
2024-01-28,DECISION,SOLUSDT,POSITION_LIMIT
2024-01-28,DECISION,BNBUSDT,POSITION_LIMIT
2024-01-28,DECISION,AVAXUSDT,POSITION_LIMIT
2024-01-28,DECISION,INJUSDT,POSITION_LIMIT
2024-01-28,DECISION,OPUSDT,POSITION_LIMIT
2024-01-28,DECISION,TRBUSDT,POSITION_LIMIT
2024-01-28,DECISION,FILUSDT,POSITION_LIMIT
2024-01-28,DECISION,ADAUSDT,POSITION_LIMIT
2024-01-28,DECISION,NEARUSDT,POSITION_LIMIT
2024-01-28,DECISION,BTCUSDT,POSITION_LIMIT
2024-01-28,DECISION,DOGEUSDT,POSITION_LIMIT
2024-01-28,DECISION,MATICUSDT,POSITION_LIMIT
2024-01-28,DECISION,LINKUSDT,POSITION_LIMIT
2024-01-29,DECISION,SOLUSDT,POSITION_LIMIT
2024-01-29,DECISION,BNBUSDT,POSITION_LIMIT
2024-01-29,DECISION,AVAXUSDT,POSITION_LIMIT
2024-01-29,DECISION,INJUSDT,POSITION_LIMIT
2024-01-29,DECISION,ADAUSDT,POSITION_LIMIT
2024-01-29,DECISION,NEARUSDT,POSITION_LIMIT
2024-01-29,DECISION,BTCUSDT,POSITION_LIMIT
2024-01-29,DECISION,OPUSDT,POSITION_LIMIT
2024-01-29,DECISION,TRBUSDT,POSITION_LIMIT
2024-01-29,DECISION,FILUSDT,POSITION_LIMIT
2024-01-29,DECISION,MATICUSDT,POSITION_LIMIT
2024-01-29,DECISION,LINKUSDT,POSITION_LIMIT
2024-01-29,DECISION,DOGEUSDT,POSITION_LIMIT
2024-01-30,DECISION,SOLUSDT,POSITION_LIMIT
2024-01-30,DECISION,BNBUSDT,POSITION_LIMIT
2024-01-30,DECISION,AVAXUSDT,POSITION_LIMIT
2024-01-30,DECISION,INJUSDT,POSITION_LIMIT
2024-01-30,DECISION,ADAUSDT,POSITION_LIMIT
2024-01-30,DECISION,DOTUSDT,POSITION_LIMIT
2024-01-30,DECISION,BTCUSDT,POSITION_LIMIT
2024-01-30,DECISION,OPUSDT,POSITION_LIMIT
2024-01-30,DECISION,TRBUSDT,POSITION_LIMIT
2024-01-30,DECISION,FILUSDT,POSITION_LIMIT
2024-01-30,DECISION,DOGEUSDT,POSITION_LIMIT
2024-01-30,DECISION,MATICUSDT,POSITION_LIMIT
2024-01-30,DECISION,LINKUSDT,POSITION_LIMIT
2024-01-31,DECISION,SOLUSDT,POSITION_LIMIT
2024-01-31,DECISION,AVAXUSDT,POSITION_LIMIT
2024-01-31,DECISION,BNBUSDT,POSITION_LIMIT
2024-01-31,DECISION,INJUSDT,POSITION_LIMIT
2024-01-31,DECISION,ADAUSDT,POSITION_LIMIT
2024-01-31,DECISION,BTCUSDT,POSITION_LIMIT
2024-01-31,DECISION,OPUSDT,POSITION_LIMIT
2024-01-31,DECISION,TRBUSDT,POSITION_LIMIT
2024-01-31,DECISION,FILUSDT,POSITION_LIMIT
2024-01-31,DECISION,NEARUSDT,POSITION_LIMIT
2024-01-31,DECISION,DOGEUSDT,POSITION_LIMIT
2024-01-31,DECISION,LINKUSDT,POSITION_LIMIT
2024-01-31,DECISION,MATICUSDT,POSITION_LIMIT
2024-02-01,DECISION,ARBUSDT,POSITION_LIMIT
2024-02-01,DECISION,SOLUSDT,POSITION_LIMIT
2024-02-01,DECISION,AVAXUSDT,POSITION_LIMIT
2024-02-01,DECISION,BNBUSDT,POSITION_LIMIT
2024-02-01,DECISION,ADAUSDT,POSITION_LIMIT
2024-02-01,DECISION,BTCUSDT,POSITION_LIMIT
2024-02-01,DECISION,OPUSDT,POSITION_LIMIT
2024-02-01,DECISION,TRBUSDT,POSITION_LIMIT
2024-02-01,DECISION,INJUSDT,POSITION_LIMIT
2024-02-01,DECISION,FILUSDT,POSITION_LIMIT
2024-02-01,DECISION,DOGEUSDT,POSITION_LIMIT
2024-02-01,DECISION,MATICUSDT,POSITION_LIMIT
2024-02-02,DECISION,ARBUSDT,POSITION_LIMIT
2024-02-02,DECISION,AVAXUSDT,POSITION_LIMIT
2024-02-02,DECISION,SEIUSDT,POSITION_LIMIT
2024-02-02,DECISION,SOLUSDT,POSITION_LIMIT
2024-02-02,DECISION,BNBUSDT,POSITION_LIMIT
2024-02-02,DECISION,ADAUSDT,POSITION_LIMIT
2024-02-02,DECISION,BTCUSDT,POSITION_LIMIT
2024-02-02,DECISION,OPUSDT,POSITION_LIMIT
2024-02-02,DECISION,TRBUSDT,POSITION_LIMIT
2024-02-02,DECISION,INJUSDT,POSITION_LIMIT
2024-02-02,DECISION,FILUSDT,POSITION_LIMIT
2024-02-02,DECISION,DOGEUSDT,POSITION_LIMIT
2024-02-02,DECISION,MATICUSDT,POSITION_LIMIT
2024-02-03,DECISION,AVAXUSDT,POSITION_LIMIT
2024-02-03,DECISION,SEIUSDT,POSITION_LIMIT
2024-02-03,DECISION,SOLUSDT,POSITION_LIMIT
2024-02-03,DECISION,BNBUSDT,POSITION_LIMIT
2024-02-03,DECISION,ADAUSDT,POSITION_LIMIT
2024-02-03,DECISION,BTCUSDT,POSITION_LIMIT
2024-02-03,DECISION,OPUSDT,POSITION_LIMIT
2024-02-03,DECISION,TRBUSDT,POSITION_LIMIT
2024-02-03,DECISION,INJUSDT,POSITION_LIMIT
2024-02-03,DECISION,FILUSDT,POSITION_LIMIT
2024-02-03,DECISION,NEARUSDT,POSITION_LIMIT
2024-02-03,DECISION,DOGEUSDT,POSITION_LIMIT
2024-02-04,DECISION,AVAXUSDT,POSITION_LIMIT
2024-02-04,DECISION,BNBUSDT,POSITION_LIMIT
2024-02-04,DECISION,BTCUSDT,POSITION_LIMIT
2024-02-04,DECISION,SOLUSDT,POSITION_LIMIT
2024-02-04,DECISION,SEIUSDT,POSITION_LIMIT
2024-02-04,DECISION,OPUSDT,POSITION_LIMIT
2024-02-04,DECISION,TRBUSDT,POSITION_LIMIT
2024-02-04,DECISION,INJUSDT,POSITION_LIMIT
2024-02-04,DECISION,ADAUSDT,POSITION_LIMIT
2024-02-04,DECISION,FILUSDT,POSITION_LIMIT
2024-02-04,DECISION,NEARUSDT,POSITION_LIMIT
2024-02-04,DECISION,DOGEUSDT,POSITION_LIMIT
2024-02-05,DECISION,BLURUSDT,POSITION_LIMIT
2024-02-05,DECISION,BNBUSDT,POSITION_LIMIT
2024-02-05,DECISION,BTCUSDT,POSITION_LIMIT
2024-02-05,DECISION,SOLUSDT,POSITION_LIMIT
2024-02-05,DECISION,SEIUSDT,POSITION_LIMIT
2024-02-05,DECISION,OPUSDT,POSITION_LIMIT
2024-02-05,DECISION,INJUSDT,POSITION_LIMIT
2024-02-05,DECISION,ADAUSDT,POSITION_LIMIT
2024-02-05,DECISION,TRBUSDT,POSITION_LIMIT
2024-02-05,DECISION,FILUSDT,POSITION_LIMIT
2024-02-05,DECISION,NEARUSDT,POSITION_LIMIT
2024-02-05,DECISION,DOGEUSDT,POSITION_LIMIT
2024-02-06,DECISION,AVAXUSDT,POSITION_LIMIT
2024-02-06,DECISION,BLURUSDT,POSITION_LIMIT
2024-02-06,DECISION,OPUSDT,POSITION_LIMIT
2024-02-06,DECISION,BNBUSDT,POSITION_LIMIT
2024-02-06,DECISION,BTCUSDT,POSITION_LIMIT
2024-02-06,DECISION,SOLUSDT,POSITION_LIMIT
2024-02-06,DECISION,SEIUSDT,POSITION_LIMIT
2024-02-06,DECISION,ADAUSDT,POSITION_LIMIT
2024-02-06,DECISION,FILUSDT,POSITION_LIMIT
2024-02-06,DECISION,TRBUSDT,POSITION_LIMIT
2024-02-06,DECISION,DOGEUSDT,POSITION_LIMIT
2024-02-06,DECISION,INJUSDT,POSITION_LIMIT
2024-02-07,DECISION,AVAXUSDT,POSITION_LIMIT
2024-02-07,DECISION,OPUSDT,POSITION_LIMIT
2024-02-07,DECISION,BLURUSDT,POSITION_LIMIT
2024-02-07,DECISION,BTCUSDT,POSITION_LIMIT
2024-02-07,DECISION,BNBUSDT,POSITION_LIMIT
2024-02-07,DECISION,SOLUSDT,POSITION_LIMIT
2024-02-07,DECISION,SEIUSDT,POSITION_LIMIT
2024-02-07,DECISION,MATICUSDT,POSITION_LIMIT
2024-02-07,DECISION,ADAUSDT,POSITION_LIMIT
2024-02-07,DECISION,TRBUSDT,POSITION_LIMIT
2024-02-07,DECISION,FILUSDT,POSITION_LIMIT
2024-02-07,DECISION,DOGEUSDT,POSITION_LIMIT
2024-02-07,DECISION,INJUSDT,POSITION_LIMIT
2024-02-08,DECISION,ETHUSDT,POSITION_LIMIT
2024-02-08,DECISION,SOLUSDT,POSITION_LIMIT
2024-02-08,DECISION,AVAXUSDT,POSITION_LIMIT
2024-02-08,DECISION,OPUSDT,POSITION_LIMIT
2024-02-08,DECISION,ADAUSDT,POSITION_LIMIT
2024-02-08,DECISION,BLURUSDT,POSITION_LIMIT
2024-02-08,DECISION,BTCUSDT,POSITION_LIMIT
2024-02-08,DECISION,SEIUSDT,POSITION_LIMIT
2024-02-08,DECISION,MATICUSDT,POSITION_LIMIT
2024-02-08,DECISION,TRBUSDT,POSITION_LIMIT
2024-02-08,DECISION,FILUSDT,POSITION_LIMIT
2024-02-08,DECISION,DOGEUSDT,POSITION_LIMIT
2024-02-08,DECISION,INJUSDT,POSITION_LIMIT
2024-02-09,DECISION,API3USDT,POSITION_LIMIT
2024-02-09,DECISION,ETHUSDT,POSITION_LIMIT
2024-02-09,DECISION,ARBUSDT,POSITION_LIMIT
2024-02-09,DECISION,SOLUSDT,POSITION_LIMIT
2024-02-09,DECISION,BLURUSDT,POSITION_LIMIT
2024-02-09,DECISION,AVAXUSDT,POSITION_LIMIT
2024-02-09,DECISION,OPUSDT,POSITION_LIMIT
2024-02-09,DECISION,SEIUSDT,POSITION_LIMIT
2024-02-09,DECISION,ADAUSDT,POSITION_LIMIT
2024-02-09,DECISION,TRBUSDT,POSITION_LIMIT
2024-02-09,DECISION,MATICUSDT,POSITION_LIMIT
2024-02-09,DECISION,DOGEUSDT,POSITION_LIMIT
2024-02-09,DECISION,XRPUSDT,POSITION_LIMIT
2024-02-09,DECISION,INJUSDT,POSITION_LIMIT
2024-02-10,DECISION,API3USDT,POSITION_LIMIT
2024-02-10,DECISION,ETHUSDT,POSITION_LIMIT
2024-02-10,DECISION,ARBUSDT,POSITION_LIMIT
2024-02-10,DECISION,SOLUSDT,POSITION_LIMIT
2024-02-10,DECISION,AVAXUSDT,POSITION_LIMIT
2024-02-10,DECISION,BLURUSDT,POSITION_LIMIT
2024-02-10,DECISION,OPUSDT,POSITION_LIMIT
2024-02-10,DECISION,SEIUSDT,POSITION_LIMIT
2024-02-10,DECISION,ADAUSDT,POSITION_LIMIT
2024-02-10,DECISION,TRBUSDT,POSITION_LIMIT
2024-02-10,DECISION,MATICUSDT,POSITION_LIMIT
2024-02-10,DECISION,DOGEUSDT,POSITION_LIMIT
2024-02-10,DECISION,INJUSDT,POSITION_LIMIT
2024-02-10,DECISION,XRPUSDT,POSITION_LIMIT
2024-02-11,DECISION,API3USDT,POSITION_LIMIT
2024-02-11,DECISION,ETHUSDT,POSITION_LIMIT
2024-02-11,DECISION,ARBUSDT,POSITION_LIMIT
2024-02-11,DECISION,SOLUSDT,POSITION_LIMIT
2024-02-11,DECISION,AVAXUSDT,POSITION_LIMIT
2024-02-11,DECISION,BLURUSDT,POSITION_LIMIT
2024-02-11,DECISION,OPUSDT,POSITION_LIMIT
2024-02-11,DECISION,SEIUSDT,POSITION_LIMIT
2024-02-11,DECISION,ADAUSDT,POSITION_LIMIT
2024-02-11,DECISION,TRBUSDT,POSITION_LIMIT
2024-02-11,DECISION,DOGEUSDT,POSITION_LIMIT
2024-02-11,DECISION,MATICUSDT,POSITION_LIMIT
2024-02-11,DECISION,INJUSDT,POSITION_LIMIT
2024-02-11,DECISION,XRPUSDT,POSITION_LIMIT
2024-02-12,DECISION,ENSUSDT,POSITION_LIMIT
2024-02-12,DECISION,API3USDT,POSITION_LIMIT
2024-02-12,DECISION,SOLUSDT,POSITION_LIMIT
2024-02-12,DECISION,ARBUSDT,POSITION_LIMIT
2024-02-12,DECISION,AVAXUSDT,POSITION_LIMIT
2024-02-12,DECISION,OPUSDT,POSITION_LIMIT
2024-02-12,DECISION,ADAUSDT,POSITION_LIMIT
2024-02-12,DECISION,SEIUSDT,POSITION_LIMIT
2024-02-12,DECISION,TRBUSDT,POSITION_LIMIT
2024-02-12,DECISION,DOTUSDT,POSITION_LIMIT
2024-02-12,DECISION,DOGEUSDT,POSITION_LIMIT
2024-02-12,DECISION,MATICUSDT,POSITION_LIMIT
2024-02-12,DECISION,INJUSDT,POSITION_LIMIT
2024-02-12,DECISION,XRPUSDT,POSITION_LIMIT
2024-02-13,DECISION,API3USDT,POSITION_LIMIT
2024-02-13,DECISION,ENSUSDT,POSITION_LIMIT
2024-02-13,DECISION,SOLUSDT,POSITION_LIMIT
2024-02-13,DECISION,ARBUSDT,POSITION_LIMIT
2024-02-13,DECISION,AVAXUSDT,POSITION_LIMIT
2024-02-13,DECISION,OPUSDT,POSITION_LIMIT
2024-02-13,DECISION,ADAUSDT,POSITION_LIMIT
2024-02-13,DECISION,SEIUSDT,POSITION_LIMIT
2024-02-13,DECISION,TRBUSDT,POSITION_LIMIT
2024-02-13,DECISION,UMAUSDT,POSITION_LIMIT
2024-02-13,DECISION,DOGEUSDT,POSITION_LIMIT
2024-02-13,DECISION,MATICUSDT,POSITION_LIMIT
2024-02-13,DECISION,INJUSDT,POSITION_LIMIT
2024-02-13,DECISION,XRPUSDT,POSITION_LIMIT
2024-02-14,DECISION,ETCUSDT,POSITION_LIMIT
2024-02-14,DECISION,API3USDT,POSITION_LIMIT
2024-02-14,DECISION,ENSUSDT,POSITION_LIMIT
2024-02-14,DECISION,SOLUSDT,POSITION_LIMIT
2024-02-14,DECISION,AVAXUSDT,POSITION_LIMIT
2024-02-14,DECISION,ARBUSDT,POSITION_LIMIT
2024-02-14,DECISION,OPUSDT,POSITION_LIMIT
2024-02-14,DECISION,ADAUSDT,POSITION_LIMIT
2024-02-14,DECISION,TRBUSDT,POSITION_LIMIT
2024-02-14,DECISION,UMAUSDT,POSITION_LIMIT
2024-02-14,DECISION,DOGEUSDT,POSITION_LIMIT
2024-02-14,DECISION,MATICUSDT,POSITION_LIMIT
2024-02-14,DECISION,XRPUSDT,POSITION_LIMIT
2024-02-14,DECISION,INJUSDT,POSITION_LIMIT
2024-02-15,DECISION,API3USDT,POSITION_LIMIT
2024-02-15,DECISION,ETCUSDT,POSITION_LIMIT
2024-02-15,DECISION,ENSUSDT,POSITION_LIMIT
2024-02-15,DECISION,SOLUSDT,POSITION_LIMIT
2024-02-15,DECISION,AVAXUSDT,POSITION_LIMIT
2024-02-15,DECISION,ARBUSDT,POSITION_LIMIT
2024-02-15,DECISION,OPUSDT,POSITION_LIMIT
2024-02-15,DECISION,ADAUSDT,POSITION_LIMIT
2024-02-15,DECISION,NEARUSDT,POSITION_LIMIT
2024-02-15,DECISION,TRBUSDT,POSITION_LIMIT
2024-02-15,DECISION,DOGEUSDT,POSITION_LIMIT
2024-02-15,DECISION,MATICUSDT,POSITION_LIMIT
2024-02-15,DECISION,XRPUSDT,POSITION_LIMIT
2024-02-15,DECISION,INJUSDT,POSITION_LIMIT
2024-02-16,DECISION,ETCUSDT,POSITION_LIMIT
2024-02-16,DECISION,ENSUSDT,POSITION_LIMIT
2024-02-16,DECISION,SOLUSDT,POSITION_LIMIT
2024-02-16,DECISION,LINKUSDT,POSITION_LIMIT
2024-02-16,DECISION,AVAXUSDT,POSITION_LIMIT
2024-02-16,DECISION,ARBUSDT,POSITION_LIMIT
2024-02-16,DECISION,OPUSDT,POSITION_LIMIT
2024-02-16,DECISION,ADAUSDT,POSITION_LIMIT
2024-02-16,DECISION,NEARUSDT,POSITION_LIMIT
2024-02-16,DECISION,TRBUSDT,POSITION_LIMIT
2024-02-16,DECISION,DOGEUSDT,POSITION_LIMIT
2024-02-16,DECISION,MATICUSDT,POSITION_LIMIT
2024-02-16,DECISION,XRPUSDT,POSITION_LIMIT
2024-02-16,DECISION,INJUSDT,POSITION_LIMIT
2024-02-17,DECISION,LINKUSDT,POSITION_LIMIT
2024-02-17,DECISION,AVAXUSDT,POSITION_LIMIT
2024-02-17,DECISION,ADAUSDT,POSITION_LIMIT
2024-02-17,DECISION,ETCUSDT,POSITION_LIMIT
2024-02-17,DECISION,ENSUSDT,POSITION_LIMIT
2024-02-17,DECISION,SOLUSDT,POSITION_LIMIT
2024-02-17,DECISION,ARBUSDT,POSITION_LIMIT
2024-02-17,DECISION,NEARUSDT,POSITION_LIMIT
2024-02-17,DECISION,OPUSDT,POSITION_LIMIT
2024-02-17,DECISION,INJUSDT,POSITION_LIMIT
2024-02-17,DECISION,TRBUSDT,POSITION_LIMIT
2024-02-17,DECISION,DOGEUSDT,POSITION_LIMIT
2024-02-17,DECISION,MATICUSDT,POSITION_LIMIT
2024-02-17,DECISION,XRPUSDT,POSITION_LIMIT
2024-02-18,DECISION,LINKUSDT,POSITION_LIMIT
2024-02-18,DECISION,AVAXUSDT,POSITION_LIMIT
2024-02-18,DECISION,ADAUSDT,POSITION_LIMIT
2024-02-18,DECISION,ETCUSDT,POSITION_LIMIT
2024-02-18,DECISION,SOLUSDT,POSITION_LIMIT
2024-02-18,DECISION,ARBUSDT,POSITION_LIMIT
2024-02-18,DECISION,NEARUSDT,POSITION_LIMIT
2024-02-18,DECISION,OPUSDT,POSITION_LIMIT
2024-02-18,DECISION,MATICUSDT,POSITION_LIMIT
2024-02-18,DECISION,INJUSDT,POSITION_LIMIT
2024-02-18,DECISION,TRBUSDT,POSITION_LIMIT
2024-02-18,DECISION,DOGEUSDT,POSITION_LIMIT
2024-02-18,DECISION,UMAUSDT,POSITION_LIMIT
2024-02-18,DECISION,XRPUSDT,POSITION_LIMIT
2024-02-19,DECISION,ETCUSDT,POSITION_LIMIT
2024-02-19,DECISION,LINKUSDT,POSITION_LIMIT
2024-02-19,DECISION,ADAUSDT,POSITION_LIMIT
2024-02-19,DECISION,SOLUSDT,POSITION_LIMIT
2024-02-19,DECISION,AVAXUSDT,POSITION_LIMIT
2024-02-19,DECISION,ARBUSDT,POSITION_LIMIT
2024-02-19,DECISION,DOGEUSDT,POSITION_LIMIT
2024-02-19,DECISION,OPUSDT,POSITION_LIMIT
2024-02-19,DECISION,NEARUSDT,POSITION_LIMIT
2024-02-19,DECISION,DOTUSDT,POSITION_LIMIT
2024-02-19,DECISION,MATICUSDT,POSITION_LIMIT
2024-02-19,DECISION,INJUSDT,POSITION_LIMIT
2024-02-19,DECISION,TRBUSDT,POSITION_LIMIT
2024-02-19,DECISION,XRPUSDT,POSITION_LIMIT
2024-02-20,DECISION,SUIUSDT,POSITION_LIMIT
2024-02-20,DECISION,LINKUSDT,POSITION_LIMIT
2024-02-20,DECISION,ADAUSDT,POSITION_LIMIT
2024-02-20,DECISION,API3USDT,POSITION_LIMIT
2024-02-20,DECISION,ENSUSDT,POSITION_LIMIT
2024-02-20,DECISION,SOLUSDT,POSITION_LIMIT
2024-02-20,DECISION,ARBUSDT,POSITION_LIMIT
2024-02-20,DECISION,DOGEUSDT,POSITION_LIMIT
2024-02-20,DECISION,NEARUSDT,POSITION_LIMIT
2024-02-20,DECISION,DOTUSDT,POSITION_LIMIT
2024-02-20,DECISION,AVAXUSDT,POSITION_LIMIT
2024-02-20,DECISION,MATICUSDT,POSITION_LIMIT
2024-02-20,DECISION,INJUSDT,POSITION_LIMIT
2024-02-20,DECISION,XRPUSDT,POSITION_LIMIT
2024-02-21,DECISION,SEIUSDT,POSITION_LIMIT
2024-02-21,DECISION,API3USDT,POSITION_LIMIT
2024-02-21,DECISION,SUIUSDT,POSITION_LIMIT
2024-02-21,DECISION,LINKUSDT,POSITION_LIMIT
2024-02-21,DECISION,ADAUSDT,POSITION_LIMIT
2024-02-21,DECISION,DOGEUSDT,POSITION_LIMIT
2024-02-21,DECISION,SOLUSDT,POSITION_LIMIT
2024-02-21,DECISION,AVAXUSDT,POSITION_LIMIT
2024-02-21,DECISION,ARBUSDT,POSITION_LIMIT
2024-02-21,DECISION,MATICUSDT,POSITION_LIMIT
2024-02-21,DECISION,INJUSDT,POSITION_LIMIT
2024-02-21,DECISION,NEARUSDT,POSITION_LIMIT
2024-02-21,DECISION,DOTUSDT,POSITION_LIMIT
2024-02-21,DECISION,XRPUSDT,POSITION_LIMIT
2024-02-22,DECISION,API3USDT,POSITION_LIMIT
2024-02-22,DECISION,SUIUSDT,POSITION_LIMIT
2024-02-22,DECISION,ADAUSDT,POSITION_LIMIT
2024-02-22,DECISION,DOGEUSDT,POSITION_LIMIT
2024-02-22,DECISION,ETCUSDT,POSITION_LIMIT
2024-02-22,DECISION,SOLUSDT,POSITION_LIMIT
2024-02-22,DECISION,LINKUSDT,POSITION_LIMIT
2024-02-22,DECISION,AVAXUSDT,POSITION_LIMIT
2024-02-22,DECISION,ARBUSDT,POSITION_LIMIT
2024-02-22,DECISION,MATICUSDT,POSITION_LIMIT
2024-02-22,DECISION,NEARUSDT,POSITION_LIMIT
2024-02-22,DECISION,DOTUSDT,POSITION_LIMIT
2024-02-22,DECISION,INJUSDT,POSITION_LIMIT
2024-02-22,DECISION,XRPUSDT,POSITION_LIMIT
2024-02-23,DECISION,SUIUSDT,POSITION_LIMIT
2024-02-23,DECISION,ADAUSDT,POSITION_LIMIT
2024-02-23,DECISION,OPUSDT,POSITION_LIMIT
2024-02-23,DECISION,DOGEUSDT,POSITION_LIMIT
2024-02-23,DECISION,LINKUSDT,POSITION_LIMIT
2024-02-23,DECISION,AVAXUSDT,POSITION_LIMIT
2024-02-23,DECISION,ARBUSDT,POSITION_LIMIT
2024-02-23,DECISION,MATICUSDT,POSITION_LIMIT
2024-02-23,DECISION,ETCUSDT,POSITION_LIMIT
2024-02-23,DECISION,DOTUSDT,POSITION_LIMIT
2024-02-23,DECISION,NEARUSDT,POSITION_LIMIT
2024-02-23,DECISION,SOLUSDT,POSITION_LIMIT
2024-02-23,DECISION,INJUSDT,POSITION_LIMIT
2024-02-23,DECISION,XRPUSDT,POSITION_LIMIT
2024-02-24,DECISION,NEARUSDT,POSITION_LIMIT
2024-02-24,DECISION,SUIUSDT,POSITION_LIMIT
2024-02-24,DECISION,ADAUSDT,POSITION_LIMIT
2024-02-24,DECISION,OPUSDT,POSITION_LIMIT
2024-02-24,DECISION,DOGEUSDT,POSITION_LIMIT
2024-02-24,DECISION,LINKUSDT,POSITION_LIMIT
2024-02-24,DECISION,AVAXUSDT,POSITION_LIMIT
2024-02-24,DECISION,ARBUSDT,POSITION_LIMIT
2024-02-24,DECISION,MATICUSDT,POSITION_LIMIT
2024-02-24,DECISION,ETCUSDT,POSITION_LIMIT
2024-02-24,DECISION,DOTUSDT,POSITION_LIMIT
2024-02-24,DECISION,SOLUSDT,POSITION_LIMIT
2024-02-24,DECISION,INJUSDT,POSITION_LIMIT
2024-02-24,DECISION,XRPUSDT,POSITION_LIMIT
2024-02-25,DECISION,API3USDT,POSITION_LIMIT
2024-02-25,DECISION,SUIUSDT,POSITION_LIMIT
2024-02-25,DECISION,ADAUSDT,POSITION_LIMIT
2024-02-25,DECISION,OPUSDT,POSITION_LIMIT
2024-02-25,DECISION,DOGEUSDT,POSITION_LIMIT
2024-02-25,DECISION,LINKUSDT,POSITION_LIMIT
2024-02-25,DECISION,AVAXUSDT,POSITION_LIMIT
2024-02-25,DECISION,ARBUSDT,POSITION_LIMIT
2024-02-25,DECISION,MATICUSDT,POSITION_LIMIT
2024-02-25,DECISION,ETCUSDT,POSITION_LIMIT
2024-02-25,DECISION,DOTUSDT,POSITION_LIMIT
2024-02-25,DECISION,SOLUSDT,POSITION_LIMIT
2024-02-25,DECISION,INJUSDT,POSITION_LIMIT
2024-02-25,DECISION,XRPUSDT,POSITION_LIMIT
2024-02-26,DECISION,SEIUSDT,POSITION_LIMIT
2024-02-26,DECISION,NEARUSDT,POSITION_LIMIT
2024-02-26,DECISION,API3USDT,POSITION_LIMIT
2024-02-26,DECISION,DOTUSDT,POSITION_LIMIT
2024-02-26,DECISION,SUIUSDT,POSITION_LIMIT
2024-02-26,DECISION,ADAUSDT,POSITION_LIMIT
2024-02-26,DECISION,DOGEUSDT,POSITION_LIMIT
2024-02-26,DECISION,OPUSDT,POSITION_LIMIT
2024-02-26,DECISION,LINKUSDT,POSITION_LIMIT
2024-02-26,DECISION,AVAXUSDT,POSITION_LIMIT
2024-02-26,DECISION,ARBUSDT,POSITION_LIMIT
2024-02-26,DECISION,SOLUSDT,POSITION_LIMIT
2024-02-26,DECISION,INJUSDT,POSITION_LIMIT
2024-02-26,DECISION,XRPUSDT,POSITION_LIMIT
2024-02-27,DECISION,SEIUSDT,POSITION_LIMIT
2024-02-27,DECISION,FILUSDT,POSITION_LIMIT
2024-02-27,DECISION,NEARUSDT,POSITION_LIMIT
2024-02-27,DECISION,DOTUSDT,POSITION_LIMIT
2024-02-27,DECISION,SUIUSDT,POSITION_LIMIT
2024-02-27,DECISION,ADAUSDT,POSITION_LIMIT
2024-02-27,DECISION,OPUSDT,POSITION_LIMIT
2024-02-27,DECISION,LINKUSDT,POSITION_LIMIT
2024-02-27,DECISION,XRPUSDT,POSITION_LIMIT
2024-02-27,DECISION,AVAXUSDT,POSITION_LIMIT
2024-02-27,DECISION,ARBUSDT,POSITION_LIMIT
2024-02-27,DECISION,INJUSDT,POSITION_LIMIT
2024-02-27,DECISION,SOLUSDT,POSITION_LIMIT
2024-02-27,DECISION,TIAUSDT,POSITION_LIMIT
2024-02-28,DECISION,SOLUSDT,POSITION_LIMIT
2024-02-28,DECISION,SEIUSDT,POSITION_LIMIT
2024-02-28,DECISION,FILUSDT,POSITION_LIMIT
2024-02-28,DECISION,NEARUSDT,POSITION_LIMIT
2024-02-28,DECISION,WLDUSDT,POSITION_LIMIT
2024-02-28,DECISION,AVAXUSDT,POSITION_LIMIT
2024-02-28,DECISION,ADAUSDT,POSITION_LIMIT
2024-02-28,DECISION,OPUSDT,POSITION_LIMIT
2024-02-28,DECISION,INJUSDT,POSITION_LIMIT
2024-02-28,DECISION,LINKUSDT,POSITION_LIMIT
2024-02-28,DECISION,XRPUSDT,POSITION_LIMIT
2024-02-28,DECISION,SUIUSDT,POSITION_LIMIT
2024-02-28,DECISION,ARBUSDT,POSITION_LIMIT
2024-02-28,DECISION,TIAUSDT,POSITION_LIMIT
2024-02-29,DECISION,DOGEUSDT,POSITION_LIMIT
2024-02-29,DECISION,FILUSDT,POSITION_LIMIT
2024-02-29,DECISION,ETCUSDT,POSITION_LIMIT
2024-02-29,DECISION,STXUSDT,POSITION_LIMIT
2024-02-29,DECISION,SEIUSDT,POSITION_LIMIT
2024-02-29,DECISION,WLDUSDT,POSITION_LIMIT
2024-02-29,DECISION,AVAXUSDT,POSITION_LIMIT
2024-02-29,DECISION,OPUSDT,POSITION_LIMIT
2024-02-29,DECISION,INJUSDT,POSITION_LIMIT
2024-02-29,DECISION,XRPUSDT,POSITION_LIMIT
2024-02-29,DECISION,LINKUSDT,POSITION_LIMIT
2024-02-29,DECISION,SUIUSDT,POSITION_LIMIT
2024-02-29,DECISION,ARBUSDT,POSITION_LIMIT
2024-02-29,DECISION,TIAUSDT,POSITION_LIMIT
2024-03-01,DECISION,MATICUSDT,POSITION_LIMIT
2024-03-01,DECISION,DOGEUSDT,POSITION_LIMIT
2024-03-01,DECISION,FILUSDT,POSITION_LIMIT
2024-03-01,DECISION,INJUSDT,POSITION_LIMIT
2024-03-01,DECISION,ETCUSDT,POSITION_LIMIT
2024-03-01,DECISION,STXUSDT,POSITION_LIMIT
2024-03-01,DECISION,SEIUSDT,POSITION_LIMIT
2024-03-01,DECISION,WLDUSDT,POSITION_LIMIT
2024-03-01,DECISION,LINKUSDT,POSITION_LIMIT
2024-03-01,DECISION,OPUSDT,POSITION_LIMIT
2024-03-01,DECISION,XRPUSDT,POSITION_LIMIT
2024-03-01,DECISION,SUIUSDT,POSITION_LIMIT
2024-03-01,DECISION,ARBUSDT,POSITION_LIMIT
2024-03-01,DECISION,TIAUSDT,POSITION_LIMIT
2024-03-02,DECISION,ADAUSDT,POSITION_LIMIT
2024-03-02,DECISION,MATICUSDT,POSITION_LIMIT
2024-03-02,DECISION,DOGEUSDT,POSITION_LIMIT
2024-03-02,DECISION,FILUSDT,POSITION_LIMIT
2024-03-02,DECISION,INJUSDT,POSITION_LIMIT
2024-03-02,DECISION,ETCUSDT,POSITION_LIMIT
2024-03-02,DECISION,STXUSDT,POSITION_LIMIT
2024-03-02,DECISION,WLDUSDT,POSITION_LIMIT
2024-03-02,DECISION,OPUSDT,POSITION_LIMIT
2024-03-02,DECISION,SEIUSDT,POSITION_LIMIT
2024-03-02,DECISION,XRPUSDT,POSITION_LIMIT
2024-03-02,DECISION,ARBUSDT,POSITION_LIMIT
2024-03-02,DECISION,SUIUSDT,POSITION_LIMIT
2024-03-02,DECISION,TIAUSDT,POSITION_LIMIT
2024-03-03,DECISION,FILUSDT,POSITION_LIMIT
2024-03-03,DECISION,ADAUSDT,POSITION_LIMIT
2024-03-03,DECISION,MATICUSDT,POSITION_LIMIT
2024-03-03,DECISION,DOGEUSDT,POSITION_LIMIT
2024-03-03,DECISION,INJUSDT,POSITION_LIMIT
2024-03-03,DECISION,ETCUSDT,POSITION_LIMIT
2024-03-03,DECISION,STXUSDT,POSITION_LIMIT
2024-03-03,DECISION,WLDUSDT,POSITION_LIMIT
2024-03-03,DECISION,OPUSDT,POSITION_LIMIT
2024-03-03,DECISION,SEIUSDT,POSITION_LIMIT
2024-03-03,DECISION,XRPUSDT,POSITION_LIMIT
2024-03-03,DECISION,ARBUSDT,POSITION_LIMIT
2024-03-03,DECISION,SUIUSDT,POSITION_LIMIT
2024-03-03,DECISION,TIAUSDT,POSITION_LIMIT
2024-03-04,DECISION,BNBUSDT,POSITION_LIMIT
2024-03-04,DECISION,ADAUSDT,POSITION_LIMIT
2024-03-04,DECISION,MATICUSDT,POSITION_LIMIT
2024-03-04,DECISION,DOGEUSDT,POSITION_LIMIT
2024-03-04,DECISION,ETCUSDT,POSITION_LIMIT
2024-03-04,DECISION,DOTUSDT,POSITION_LIMIT
2024-03-04,DECISION,WLDUSDT,POSITION_LIMIT
2024-03-04,DECISION,OPUSDT,POSITION_LIMIT
2024-03-04,DECISION,INJUSDT,POSITION_LIMIT
2024-03-04,DECISION,SEIUSDT,POSITION_LIMIT
2024-03-04,DECISION,XRPUSDT,POSITION_LIMIT
2024-03-04,DECISION,ARBUSDT,POSITION_LIMIT
2024-03-04,DECISION,SUIUSDT,POSITION_LIMIT
2024-03-04,DECISION,TIAUSDT,POSITION_LIMIT
2024-03-05,DECISION,OPUSDT,POSITION_LIMIT
2024-03-05,DECISION,ETCUSDT,POSITION_LIMIT
2024-03-05,DECISION,SOLUSDT,POSITION_LIMIT
2024-03-05,DECISION,ORDIUSDT,POSITION_LIMIT
2024-03-05,DECISION,LINKUSDT,POSITION_LIMIT
2024-03-05,DECISION,AVAXUSDT,POSITION_LIMIT
2024-03-05,DECISION,BNBUSDT,POSITION_LIMIT
2024-03-05,DECISION,INJUSDT,POSITION_LIMIT
2024-03-05,DECISION,XRPUSDT,POSITION_LIMIT
2024-03-05,DECISION,ARBUSDT,POSITION_LIMIT
2024-03-05,DECISION,WLDUSDT,POSITION_LIMIT
2024-03-05,DECISION,SEIUSDT,POSITION_LIMIT
2024-03-05,DECISION,SUIUSDT,POSITION_LIMIT
2024-03-05,DECISION,TIAUSDT,POSITION_LIMIT
2024-03-06,DECISION,DOGEUSDT,POSITION_LIMIT
2024-03-06,DECISION,OPUSDT,POSITION_LIMIT
2024-03-06,DECISION,ETCUSDT,POSITION_LIMIT
2024-03-06,DECISION,AGIXUSDT,POSITION_LIMIT
2024-03-06,DECISION,SOLUSDT,POSITION_LIMIT
2024-03-06,DECISION,ORDIUSDT,POSITION_LIMIT
2024-03-06,DECISION,LINKUSDT,POSITION_LIMIT
2024-03-06,DECISION,AVAXUSDT,POSITION_LIMIT
2024-03-06,DECISION,INJUSDT,POSITION_LIMIT
2024-03-06,DECISION,XRPUSDT,POSITION_LIMIT
2024-03-06,DECISION,ARBUSDT,POSITION_LIMIT
2024-03-06,DECISION,WLDUSDT,POSITION_LIMIT
2024-03-06,DECISION,SEIUSDT,POSITION_LIMIT
2024-03-06,DECISION,SUIUSDT,POSITION_LIMIT
2024-03-07,DECISION,ADAUSDT,POSITION_LIMIT
2024-03-07,DECISION,DOGEUSDT,POSITION_LIMIT
2024-03-07,DECISION,ARBUSDT,POSITION_LIMIT
2024-03-07,DECISION,OPUSDT,POSITION_LIMIT
2024-03-07,DECISION,AGIXUSDT,POSITION_LIMIT
2024-03-07,DECISION,BCHUSDT,POSITION_LIMIT
2024-03-07,DECISION,ORDIUSDT,POSITION_LIMIT
2024-03-07,DECISION,LINKUSDT,POSITION_LIMIT
2024-03-07,DECISION,AVAXUSDT,POSITION_LIMIT
2024-03-07,DECISION,INJUSDT,POSITION_LIMIT
2024-03-07,DECISION,XRPUSDT,POSITION_LIMIT
2024-03-07,DECISION,WLDUSDT,POSITION_LIMIT
2024-03-07,DECISION,SEIUSDT,POSITION_LIMIT
2024-03-07,DECISION,SUIUSDT,POSITION_LIMIT
2024-03-08,DECISION,DOGEUSDT,POSITION_LIMIT
2024-03-08,DECISION,ADAUSDT,POSITION_LIMIT
2024-03-08,DECISION,ARBUSDT,POSITION_LIMIT
2024-03-08,DECISION,OPUSDT,POSITION_LIMIT
2024-03-08,DECISION,BCHUSDT,POSITION_LIMIT
2024-03-08,DECISION,AGIXUSDT,POSITION_LIMIT
2024-03-08,DECISION,ORDIUSDT,POSITION_LIMIT
2024-03-08,DECISION,AVAXUSDT,POSITION_LIMIT
2024-03-08,DECISION,LINKUSDT,POSITION_LIMIT
2024-03-08,DECISION,INJUSDT,POSITION_LIMIT
2024-03-08,DECISION,XRPUSDT,POSITION_LIMIT
2024-03-08,DECISION,WLDUSDT,POSITION_LIMIT
2024-03-08,DECISION,SEIUSDT,POSITION_LIMIT
2024-03-08,DECISION,SUIUSDT,POSITION_LIMIT
2024-03-09,DECISION,DOGEUSDT,POSITION_LIMIT
2024-03-09,DECISION,MATICUSDT,POSITION_LIMIT
2024-03-09,DECISION,ADAUSDT,POSITION_LIMIT
2024-03-09,DECISION,ARBUSDT,POSITION_LIMIT
2024-03-09,DECISION,OPUSDT,POSITION_LIMIT
2024-03-09,DECISION,BCHUSDT,POSITION_LIMIT
2024-03-09,DECISION,LTCUSDT,POSITION_LIMIT
2024-03-09,DECISION,ORDIUSDT,POSITION_LIMIT
2024-03-09,DECISION,AVAXUSDT,POSITION_LIMIT
2024-03-09,DECISION,LINKUSDT,POSITION_LIMIT
2024-03-09,DECISION,INJUSDT,POSITION_LIMIT
2024-03-09,DECISION,XRPUSDT,POSITION_LIMIT
2024-03-09,DECISION,SEIUSDT,POSITION_LIMIT
2024-03-09,DECISION,SUIUSDT,POSITION_LIMIT
2024-03-10,DECISION,BNBUSDT,POSITION_LIMIT
2024-03-10,DECISION,MATICUSDT,POSITION_LIMIT
2024-03-10,DECISION,LINKUSDT,POSITION_LIMIT
2024-03-10,DECISION,ADAUSDT,POSITION_LIMIT
2024-03-10,DECISION,ARBUSDT,POSITION_LIMIT
2024-03-10,DECISION,BCHUSDT,POSITION_LIMIT
2024-03-10,DECISION,OPUSDT,POSITION_LIMIT
2024-03-10,DECISION,FETUSDT,POSITION_LIMIT
2024-03-10,DECISION,ORDIUSDT,POSITION_LIMIT
2024-03-10,DECISION,AVAXUSDT,POSITION_LIMIT
2024-03-10,DECISION,INJUSDT,POSITION_LIMIT
2024-03-10,DECISION,XRPUSDT,POSITION_LIMIT
2024-03-10,DECISION,SEIUSDT,POSITION_LIMIT
2024-03-10,DECISION,SUIUSDT,POSITION_LIMIT
2024-03-11,DECISION,DOGEUSDT,POSITION_LIMIT
2024-03-11,DECISION,BNBUSDT,POSITION_LIMIT
2024-03-11,DECISION,MATICUSDT,POSITION_LIMIT
2024-03-11,DECISION,AVAXUSDT,POSITION_LIMIT
2024-03-11,DECISION,LINKUSDT,POSITION_LIMIT
2024-03-11,DECISION,ADAUSDT,POSITION_LIMIT
2024-03-11,DECISION,ARBUSDT,POSITION_LIMIT
2024-03-11,DECISION,1000PEPEUSDT,POSITION_LIMIT
2024-03-11,DECISION,BCHUSDT,POSITION_LIMIT
2024-03-11,DECISION,FETUSDT,POSITION_LIMIT
2024-03-11,DECISION,OPUSDT,POSITION_LIMIT
2024-03-11,DECISION,ORDIUSDT,POSITION_LIMIT
2024-03-11,DECISION,SEIUSDT,POSITION_LIMIT
2024-03-11,DECISION,SUIUSDT,POSITION_LIMIT
2024-03-12,DECISION,DOGEUSDT,POSITION_LIMIT
2024-03-12,DECISION,BNBUSDT,POSITION_LIMIT
2024-03-12,DECISION,1000PEPEUSDT,POSITION_LIMIT
2024-03-12,DECISION,MATICUSDT,POSITION_LIMIT
2024-03-12,DECISION,AVAXUSDT,POSITION_LIMIT
2024-03-12,DECISION,ADAUSDT,POSITION_LIMIT
2024-03-12,DECISION,LINKUSDT,POSITION_LIMIT
2024-03-12,DECISION,BCHUSDT,POSITION_LIMIT
2024-03-12,DECISION,FETUSDT,POSITION_LIMIT
2024-03-12,DECISION,ORDIUSDT,POSITION_LIMIT
2024-03-12,DECISION,ARBUSDT,POSITION_LIMIT
2024-03-12,DECISION,OPUSDT,POSITION_LIMIT
2024-03-12,DECISION,SEIUSDT,POSITION_LIMIT
2024-03-12,DECISION,SUIUSDT,POSITION_LIMIT
2024-03-13,DECISION,XRPUSDT,POSITION_LIMIT
2024-03-13,DECISION,BNBUSDT,POSITION_LIMIT
2024-03-13,DECISION,MATICUSDT,POSITION_LIMIT
2024-03-13,DECISION,AVAXUSDT,POSITION_LIMIT
2024-03-13,DECISION,ADAUSDT,POSITION_LIMIT
2024-03-13,DECISION,LINKUSDT,POSITION_LIMIT
2024-03-13,DECISION,BCHUSDT,POSITION_LIMIT
2024-03-13,DECISION,NEARUSDT,POSITION_LIMIT
2024-03-13,DECISION,LTCUSDT,POSITION_LIMIT
2024-03-13,DECISION,FILUSDT,POSITION_LIMIT
2024-03-13,DECISION,ORDIUSDT,POSITION_LIMIT
2024-03-13,DECISION,ARBUSDT,POSITION_LIMIT
2024-03-13,DECISION,FETUSDT,POSITION_LIMIT
2024-03-13,DECISION,OPUSDT,POSITION_LIMIT
2024-03-14,DECISION,XRPUSDT,POSITION_LIMIT
2024-03-14,DECISION,BNBUSDT,POSITION_LIMIT
2024-03-14,DECISION,MATICUSDT,POSITION_LIMIT
2024-03-14,DECISION,AVAXUSDT,POSITION_LIMIT
2024-03-14,DECISION,ADAUSDT,POSITION_LIMIT
2024-03-14,DECISION,LINKUSDT,POSITION_LIMIT
2024-03-14,DECISION,LTCUSDT,POSITION_LIMIT
2024-03-14,DECISION,BCHUSDT,POSITION_LIMIT
2024-03-14,DECISION,FILUSDT,POSITION_LIMIT
2024-03-14,DECISION,1000SHIBUSDT,POSITION_LIMIT
2024-03-14,DECISION,ORDIUSDT,POSITION_LIMIT
2024-03-14,DECISION,ARBUSDT,POSITION_LIMIT
2024-03-14,DECISION,FETUSDT,POSITION_LIMIT
2024-03-14,DECISION,OPUSDT,POSITION_LIMIT
2024-03-15,DECISION,ADAUSDT,POSITION_LIMIT
2024-03-15,DECISION,AVAXUSDT,POSITION_LIMIT
2024-03-15,DECISION,LTCUSDT,POSITION_LIMIT
2024-03-15,DECISION,ETHUSDT,POSITION_LIMIT
2024-03-15,DECISION,DOGEUSDT,POSITION_LIMIT
2024-03-15,DECISION,FILUSDT,POSITION_LIMIT
2024-03-15,DECISION,MATICUSDT,POSITION_LIMIT
2024-03-15,DECISION,LINKUSDT,POSITION_LIMIT
2024-03-15,DECISION,FETUSDT,POSITION_LIMIT
2024-03-15,DECISION,1000FLOKIUSDT,POSITION_LIMIT
2024-03-15,DECISION,BCHUSDT,POSITION_LIMIT
2024-03-15,DECISION,1000SHIBUSDT,POSITION_LIMIT
2024-03-15,DECISION,ORDIUSDT,POSITION_LIMIT
2024-03-15,DECISION,ARBUSDT,POSITION_LIMIT
2024-03-16,DECISION,INJUSDT,POSITION_LIMIT
2024-03-16,DECISION,BTCUSDT,POSITION_LIMIT
2024-03-16,DECISION,ETHUSDT,POSITION_LIMIT
2024-03-16,DECISION,DOGEUSDT,POSITION_LIMIT
2024-03-16,DECISION,XRPUSDT,POSITION_LIMIT
2024-03-16,DECISION,1000SHIBUSDT,POSITION_LIMIT
2024-03-16,DECISION,FILUSDT,POSITION_LIMIT
2024-03-16,DECISION,MATICUSDT,POSITION_LIMIT
2024-03-16,DECISION,LTCUSDT,POSITION_LIMIT
2024-03-16,DECISION,FETUSDT,POSITION_LIMIT
2024-03-16,DECISION,ADAUSDT,POSITION_LIMIT
2024-03-16,DECISION,LINKUSDT,POSITION_LIMIT
2024-03-16,DECISION,ORDIUSDT,POSITION_LIMIT
2024-03-16,DECISION,ARBUSDT,POSITION_LIMIT
2024-03-17,DECISION,INJUSDT,POSITION_LIMIT
2024-03-17,DECISION,BTCUSDT,POSITION_LIMIT
2024-03-17,DECISION,ETHUSDT,POSITION_LIMIT
2024-03-17,DECISION,DOGEUSDT,POSITION_LIMIT
2024-03-17,DECISION,1000SHIBUSDT,POSITION_LIMIT
2024-03-17,DECISION,XRPUSDT,POSITION_LIMIT
2024-03-17,DECISION,FILUSDT,POSITION_LIMIT
2024-03-17,DECISION,MATICUSDT,POSITION_LIMIT
2024-03-17,DECISION,LTCUSDT,POSITION_LIMIT
2024-03-17,DECISION,DOTUSDT,POSITION_LIMIT
2024-03-17,DECISION,ADAUSDT,POSITION_LIMIT
2024-03-17,DECISION,LINKUSDT,POSITION_LIMIT
2024-03-17,DECISION,ORDIUSDT,POSITION_LIMIT
2024-03-17,DECISION,ARBUSDT,POSITION_LIMIT
2024-03-18,FILL,AVAXUSDT,QUANTITY_ROUNDS_TO_ZERO
2024-03-18,DECISION,ETHUSDT,POSITION_LIMIT
2024-03-18,DECISION,1000PEPEUSDT,POSITION_LIMIT
2024-03-18,DECISION,DOGEUSDT,POSITION_LIMIT
2024-03-18,DECISION,1000SHIBUSDT,POSITION_LIMIT
2024-03-18,DECISION,XRPUSDT,POSITION_LIMIT
2024-03-18,DECISION,FILUSDT,POSITION_LIMIT
2024-03-18,DECISION,1000FLOKIUSDT,POSITION_LIMIT
2024-03-18,DECISION,DOTUSDT,POSITION_LIMIT
2024-03-18,DECISION,LTCUSDT,POSITION_LIMIT
2024-03-18,DECISION,MATICUSDT,POSITION_LIMIT
2024-03-18,DECISION,ADAUSDT,POSITION_LIMIT
2024-03-18,DECISION,LINKUSDT,POSITION_LIMIT
2024-03-18,DECISION,ORDIUSDT,POSITION_LIMIT
2024-03-19,DECISION,1000FLOKIUSDT,POSITION_LIMIT
2024-03-19,DECISION,BTCUSDT,POSITION_LIMIT
2024-03-19,DECISION,DOGEUSDT,POSITION_LIMIT
2024-03-19,DECISION,1000SHIBUSDT,POSITION_LIMIT
2024-03-19,DECISION,XRPUSDT,POSITION_LIMIT
2024-03-19,DECISION,FILUSDT,POSITION_LIMIT
2024-03-19,DECISION,DOTUSDT,POSITION_LIMIT
2024-03-19,DECISION,LTCUSDT,POSITION_LIMIT
2024-03-19,DECISION,ETHUSDT,POSITION_LIMIT
2024-03-19,DECISION,MATICUSDT,POSITION_LIMIT
2024-03-19,DECISION,ADAUSDT,POSITION_LIMIT
2024-03-19,DECISION,LINKUSDT,POSITION_LIMIT
2024-03-19,DECISION,ORDIUSDT,POSITION_LIMIT
2024-03-20,FILL,AVAXUSDT,QUANTITY_ROUNDS_TO_ZERO
2024-03-20,DECISION,1000FLOKIUSDT,POSITION_LIMIT
2024-03-20,DECISION,BTCUSDT,POSITION_LIMIT
2024-03-20,DECISION,DOGEUSDT,POSITION_LIMIT
2024-03-20,DECISION,1000SHIBUSDT,POSITION_LIMIT
2024-03-20,DECISION,XRPUSDT,POSITION_LIMIT
2024-03-20,DECISION,FILUSDT,POSITION_LIMIT
2024-03-20,DECISION,LTCUSDT,POSITION_LIMIT
2024-03-20,DECISION,DOTUSDT,POSITION_LIMIT
2024-03-20,DECISION,ETHUSDT,POSITION_LIMIT
2024-03-20,DECISION,MATICUSDT,POSITION_LIMIT
2024-03-20,DECISION,ADAUSDT,POSITION_LIMIT
2024-03-20,DECISION,LINKUSDT,POSITION_LIMIT
2024-03-20,DECISION,ORDIUSDT,POSITION_LIMIT
2024-03-21,FILL,AVAXUSDT,QUANTITY_ROUNDS_TO_ZERO
2024-03-21,DECISION,1000FLOKIUSDT,POSITION_LIMIT
2024-03-21,DECISION,BTCUSDT,POSITION_LIMIT
2024-03-21,DECISION,DOGEUSDT,POSITION_LIMIT
2024-03-21,DECISION,1000SHIBUSDT,POSITION_LIMIT
2024-03-21,DECISION,XRPUSDT,POSITION_LIMIT
2024-03-21,DECISION,FILUSDT,POSITION_LIMIT
2024-03-21,DECISION,DOTUSDT,POSITION_LIMIT
2024-03-21,DECISION,LTCUSDT,POSITION_LIMIT
2024-03-21,DECISION,ETHUSDT,POSITION_LIMIT
2024-03-21,DECISION,MATICUSDT,POSITION_LIMIT
2024-03-21,DECISION,ADAUSDT,POSITION_LIMIT
2024-03-21,DECISION,LINKUSDT,POSITION_LIMIT
2024-03-21,DECISION,ORDIUSDT,POSITION_LIMIT
2024-03-22,DECISION,1000FLOKIUSDT,POSITION_LIMIT
2024-03-22,DECISION,BTCUSDT,POSITION_LIMIT
2024-03-22,DECISION,DOGEUSDT,POSITION_LIMIT
2024-03-22,DECISION,XRPUSDT,POSITION_LIMIT
2024-03-22,DECISION,1000SHIBUSDT,POSITION_LIMIT
2024-03-22,DECISION,FILUSDT,POSITION_LIMIT
2024-03-22,DECISION,DOTUSDT,POSITION_LIMIT
2024-03-22,DECISION,LTCUSDT,POSITION_LIMIT
2024-03-22,DECISION,ETHUSDT,POSITION_LIMIT
2024-03-22,DECISION,MATICUSDT,POSITION_LIMIT
2024-03-22,DECISION,ADAUSDT,POSITION_LIMIT
2024-03-22,DECISION,LINKUSDT,POSITION_LIMIT
2024-03-22,DECISION,ORDIUSDT,POSITION_LIMIT
2024-03-23,DECISION,1000FLOKIUSDT,POSITION_LIMIT
2024-03-23,DECISION,BCHUSDT,POSITION_LIMIT
2024-03-23,DECISION,BTCUSDT,POSITION_LIMIT
2024-03-23,DECISION,DOGEUSDT,POSITION_LIMIT
2024-03-23,DECISION,XRPUSDT,POSITION_LIMIT
2024-03-23,DECISION,1000SHIBUSDT,POSITION_LIMIT
2024-03-23,DECISION,FILUSDT,POSITION_LIMIT
2024-03-23,DECISION,DOTUSDT,POSITION_LIMIT
2024-03-23,DECISION,LTCUSDT,POSITION_LIMIT
2024-03-23,DECISION,ETHUSDT,POSITION_LIMIT
2024-03-23,DECISION,MATICUSDT,POSITION_LIMIT
2024-03-23,DECISION,ADAUSDT,POSITION_LIMIT
2024-03-23,DECISION,ORDIUSDT,POSITION_LIMIT
2024-03-24,DECISION,WLDUSDT,POSITION_LIMIT
2024-03-24,DECISION,AVAXUSDT,POSITION_LIMIT
2024-03-24,DECISION,1000FLOKIUSDT,POSITION_LIMIT
2024-03-24,DECISION,BTCUSDT,POSITION_LIMIT
2024-03-24,DECISION,DOGEUSDT,POSITION_LIMIT
2024-03-24,DECISION,XRPUSDT,POSITION_LIMIT
2024-03-24,DECISION,1000SHIBUSDT,POSITION_LIMIT
2024-03-24,DECISION,FILUSDT,POSITION_LIMIT
2024-03-24,DECISION,DOTUSDT,POSITION_LIMIT
2024-03-24,DECISION,ETHUSDT,POSITION_LIMIT
2024-03-24,DECISION,MATICUSDT,POSITION_LIMIT
2024-03-24,DECISION,ADAUSDT,POSITION_LIMIT
2024-03-24,DECISION,ORDIUSDT,POSITION_LIMIT
2024-03-25,DECISION,1000PEPEUSDT,POSITION_LIMIT
2024-03-25,DECISION,WLDUSDT,POSITION_LIMIT
2024-03-25,DECISION,AVAXUSDT,POSITION_LIMIT
2024-03-25,DECISION,1000FLOKIUSDT,POSITION_LIMIT
2024-03-25,DECISION,DOGEUSDT,POSITION_LIMIT
2024-03-25,DECISION,XRPUSDT,POSITION_LIMIT
2024-03-25,DECISION,1000SHIBUSDT,POSITION_LIMIT
2024-03-25,DECISION,FILUSDT,POSITION_LIMIT
2024-03-25,DECISION,DOTUSDT,POSITION_LIMIT
2024-03-25,DECISION,ETHUSDT,POSITION_LIMIT
2024-03-25,DECISION,MATICUSDT,POSITION_LIMIT
2024-03-25,DECISION,ADAUSDT,POSITION_LIMIT
2024-03-25,DECISION,ORDIUSDT,POSITION_LIMIT
2024-03-26,DECISION,BCHUSDT,POSITION_LIMIT
2024-03-26,DECISION,BTCUSDT,POSITION_LIMIT
2024-03-26,DECISION,1000PEPEUSDT,POSITION_LIMIT
2024-03-26,DECISION,1000SHIBUSDT,POSITION_LIMIT
2024-03-26,DECISION,WLDUSDT,POSITION_LIMIT
2024-03-26,DECISION,AVAXUSDT,POSITION_LIMIT
2024-03-26,DECISION,FILUSDT,POSITION_LIMIT
2024-03-26,DECISION,XRPUSDT,POSITION_LIMIT
2024-03-26,DECISION,DOTUSDT,POSITION_LIMIT
2024-03-26,DECISION,ETHUSDT,POSITION_LIMIT
2024-03-26,DECISION,MATICUSDT,POSITION_LIMIT
2024-03-26,DECISION,ADAUSDT,POSITION_LIMIT
2024-03-26,DECISION,ORDIUSDT,POSITION_LIMIT
2024-03-27,DECISION,BTCUSDT,POSITION_LIMIT
2024-03-27,DECISION,1000PEPEUSDT,POSITION_LIMIT
2024-03-27,DECISION,1000SHIBUSDT,POSITION_LIMIT
2024-03-27,DECISION,WLDUSDT,POSITION_LIMIT
2024-03-27,DECISION,AVAXUSDT,POSITION_LIMIT
2024-03-27,DECISION,FILUSDT,POSITION_LIMIT
2024-03-27,DECISION,1000FLOKIUSDT,POSITION_LIMIT
2024-03-27,DECISION,LTCUSDT,POSITION_LIMIT
2024-03-27,DECISION,XRPUSDT,POSITION_LIMIT
2024-03-27,DECISION,ETHUSDT,POSITION_LIMIT
2024-03-27,DECISION,MATICUSDT,POSITION_LIMIT
2024-03-27,DECISION,ADAUSDT,POSITION_LIMIT
2024-03-27,DECISION,ORDIUSDT,POSITION_LIMIT
2024-03-28,DECISION,FTMUSDT,POSITION_LIMIT
2024-03-28,DECISION,BTCUSDT,POSITION_LIMIT
2024-03-28,DECISION,1000PEPEUSDT,POSITION_LIMIT
2024-03-28,DECISION,1000SHIBUSDT,POSITION_LIMIT
2024-03-28,DECISION,WLDUSDT,POSITION_LIMIT
2024-03-28,DECISION,AVAXUSDT,POSITION_LIMIT
2024-03-28,DECISION,FILUSDT,POSITION_LIMIT
2024-03-28,DECISION,LTCUSDT,POSITION_LIMIT
2024-03-28,DECISION,XRPUSDT,POSITION_LIMIT
2024-03-28,DECISION,ETHUSDT,POSITION_LIMIT
2024-03-28,DECISION,MATICUSDT,POSITION_LIMIT
2024-03-28,DECISION,ADAUSDT,POSITION_LIMIT
2024-03-28,DECISION,ORDIUSDT,POSITION_LIMIT
2024-03-29,DECISION,NEARUSDT,POSITION_LIMIT
2024-03-29,DECISION,BTCUSDT,POSITION_LIMIT
2024-03-29,DECISION,1000PEPEUSDT,POSITION_LIMIT
2024-03-29,DECISION,1000SHIBUSDT,POSITION_LIMIT
2024-03-29,DECISION,WLDUSDT,POSITION_LIMIT
2024-03-29,DECISION,FILUSDT,POSITION_LIMIT
2024-03-29,DECISION,FTMUSDT,POSITION_LIMIT
2024-03-29,DECISION,XRPUSDT,POSITION_LIMIT
2024-03-29,DECISION,AVAXUSDT,POSITION_LIMIT
2024-03-29,DECISION,ETHUSDT,POSITION_LIMIT
2024-03-29,DECISION,MATICUSDT,POSITION_LIMIT
2024-03-29,DECISION,ADAUSDT,POSITION_LIMIT
2024-03-29,DECISION,ORDIUSDT,POSITION_LIMIT
2024-03-30,DECISION,NEARUSDT,POSITION_LIMIT
2024-03-30,DECISION,BTCUSDT,POSITION_LIMIT
2024-03-30,DECISION,1000PEPEUSDT,POSITION_LIMIT
2024-03-30,DECISION,1000SHIBUSDT,POSITION_LIMIT
2024-03-30,DECISION,WLDUSDT,POSITION_LIMIT
2024-03-30,DECISION,FILUSDT,POSITION_LIMIT
2024-03-30,DECISION,FTMUSDT,POSITION_LIMIT
2024-03-30,DECISION,XRPUSDT,POSITION_LIMIT
2024-03-30,DECISION,AVAXUSDT,POSITION_LIMIT
2024-03-30,DECISION,ETHUSDT,POSITION_LIMIT
2024-03-30,DECISION,MATICUSDT,POSITION_LIMIT
2024-03-30,DECISION,ADAUSDT,POSITION_LIMIT
2024-03-30,DECISION,ORDIUSDT,POSITION_LIMIT
2024-03-31,DECISION,1000FLOKIUSDT,POSITION_LIMIT
2024-03-31,DECISION,NEARUSDT,POSITION_LIMIT
2024-03-31,DECISION,BTCUSDT,POSITION_LIMIT
2024-03-31,DECISION,1000SHIBUSDT,POSITION_LIMIT
2024-03-31,DECISION,WLDUSDT,POSITION_LIMIT
2024-03-31,DECISION,FILUSDT,POSITION_LIMIT
2024-03-31,DECISION,FTMUSDT,POSITION_LIMIT
2024-03-31,DECISION,ETHUSDT,POSITION_LIMIT
2024-03-31,DECISION,XRPUSDT,POSITION_LIMIT
2024-03-31,DECISION,AVAXUSDT,POSITION_LIMIT
2024-03-31,DECISION,MATICUSDT,POSITION_LIMIT
2024-03-31,DECISION,ADAUSDT,POSITION_LIMIT
2024-03-31,DECISION,ORDIUSDT,POSITION_LIMIT
2024-04-01,DECISION,1000FLOKIUSDT,POSITION_LIMIT
2024-04-01,DECISION,NEARUSDT,POSITION_LIMIT
2024-04-01,DECISION,BTCUSDT,POSITION_LIMIT
2024-04-01,DECISION,WLDUSDT,POSITION_LIMIT
2024-04-01,DECISION,FILUSDT,POSITION_LIMIT
2024-04-01,DECISION,FTMUSDT,POSITION_LIMIT
2024-04-01,DECISION,ETHUSDT,POSITION_LIMIT
2024-04-01,DECISION,1000SHIBUSDT,POSITION_LIMIT
2024-04-01,DECISION,XRPUSDT,POSITION_LIMIT
2024-04-01,DECISION,AVAXUSDT,POSITION_LIMIT
2024-04-01,DECISION,MATICUSDT,POSITION_LIMIT
2024-04-01,DECISION,ADAUSDT,POSITION_LIMIT
2024-04-01,DECISION,ORDIUSDT,POSITION_LIMIT
2024-04-02,DECISION,1000FLOKIUSDT,POSITION_LIMIT
2024-04-02,DECISION,BTCUSDT,POSITION_LIMIT
2024-04-02,DECISION,1000SHIBUSDT,POSITION_LIMIT
2024-04-02,DECISION,XRPUSDT,POSITION_LIMIT
2024-04-02,DECISION,FILUSDT,POSITION_LIMIT
2024-04-02,DECISION,FTMUSDT,POSITION_LIMIT
2024-04-02,DECISION,ETHUSDT,POSITION_LIMIT
2024-04-02,DECISION,WLDUSDT,POSITION_LIMIT
2024-04-02,DECISION,AVAXUSDT,POSITION_LIMIT
2024-04-02,DECISION,NEARUSDT,POSITION_LIMIT
2024-04-02,DECISION,MATICUSDT,POSITION_LIMIT
2024-04-02,DECISION,ADAUSDT,POSITION_LIMIT
2024-04-02,DECISION,ORDIUSDT,POSITION_LIMIT
2024-04-03,DECISION,1000FLOKIUSDT,POSITION_LIMIT
2024-04-03,DECISION,BTCUSDT,POSITION_LIMIT
2024-04-03,DECISION,1000SHIBUSDT,POSITION_LIMIT
2024-04-03,DECISION,FILUSDT,POSITION_LIMIT
2024-04-03,DECISION,FTMUSDT,POSITION_LIMIT
2024-04-03,DECISION,ETHUSDT,POSITION_LIMIT
2024-04-03,DECISION,WLDUSDT,POSITION_LIMIT
2024-04-03,DECISION,AVAXUSDT,POSITION_LIMIT
2024-04-03,DECISION,NEARUSDT,POSITION_LIMIT
2024-04-03,DECISION,XRPUSDT,POSITION_LIMIT
2024-04-03,DECISION,MATICUSDT,POSITION_LIMIT
2024-04-03,DECISION,ADAUSDT,POSITION_LIMIT
2024-04-04,DECISION,1000FLOKIUSDT,POSITION_LIMIT
2024-04-04,DECISION,BTCUSDT,POSITION_LIMIT
2024-04-04,DECISION,1000SHIBUSDT,POSITION_LIMIT
2024-04-04,DECISION,FILUSDT,POSITION_LIMIT
2024-04-04,DECISION,FTMUSDT,POSITION_LIMIT
2024-04-04,DECISION,APTUSDT,POSITION_LIMIT
2024-04-04,DECISION,ETHUSDT,POSITION_LIMIT
2024-04-04,DECISION,WLDUSDT,POSITION_LIMIT
2024-04-04,DECISION,AVAXUSDT,POSITION_LIMIT
2024-04-04,DECISION,NEARUSDT,POSITION_LIMIT
2024-04-04,DECISION,XRPUSDT,POSITION_LIMIT
2024-04-04,DECISION,MATICUSDT,POSITION_LIMIT
2024-04-05,DECISION,1000SHIBUSDT,POSITION_LIMIT
2024-04-05,DECISION,FILUSDT,POSITION_LIMIT
2024-04-05,DECISION,1000FLOKIUSDT,POSITION_LIMIT
2024-04-05,DECISION,FTMUSDT,POSITION_LIMIT
2024-04-05,DECISION,ETHUSDT,POSITION_LIMIT
2024-04-05,DECISION,1000PEPEUSDT,POSITION_LIMIT
2024-04-05,DECISION,WLDUSDT,POSITION_LIMIT
2024-04-05,DECISION,AVAXUSDT,POSITION_LIMIT
2024-04-05,DECISION,NEARUSDT,POSITION_LIMIT
2024-04-05,DECISION,APTUSDT,POSITION_LIMIT
2024-04-05,DECISION,XRPUSDT,POSITION_LIMIT
2024-04-05,DECISION,ADAUSDT,POSITION_LIMIT
2024-04-06,DECISION,1000SHIBUSDT,POSITION_LIMIT
2024-04-06,DECISION,FILUSDT,POSITION_LIMIT
2024-04-06,DECISION,1000FLOKIUSDT,POSITION_LIMIT
2024-04-06,DECISION,FTMUSDT,POSITION_LIMIT
2024-04-06,DECISION,ETHUSDT,POSITION_LIMIT
2024-04-06,DECISION,1000PEPEUSDT,POSITION_LIMIT
2024-04-06,DECISION,WLDUSDT,POSITION_LIMIT
2024-04-06,DECISION,AVAXUSDT,POSITION_LIMIT
2024-04-06,DECISION,NEARUSDT,POSITION_LIMIT
2024-04-06,DECISION,APTUSDT,POSITION_LIMIT
2024-04-06,DECISION,XRPUSDT,POSITION_LIMIT
2024-04-06,DECISION,ORDIUSDT,POSITION_LIMIT
2024-04-06,DECISION,ADAUSDT,POSITION_LIMIT
2024-04-07,DECISION,1000SHIBUSDT,POSITION_LIMIT
2024-04-07,DECISION,FILUSDT,POSITION_LIMIT
2024-04-07,DECISION,1000FLOKIUSDT,POSITION_LIMIT
2024-04-07,DECISION,FTMUSDT,POSITION_LIMIT
2024-04-07,DECISION,ETHUSDT,POSITION_LIMIT
2024-04-07,DECISION,1000PEPEUSDT,POSITION_LIMIT
2024-04-07,DECISION,WLDUSDT,POSITION_LIMIT
2024-04-07,DECISION,NEARUSDT,POSITION_LIMIT
2024-04-07,DECISION,AVAXUSDT,POSITION_LIMIT
2024-04-07,DECISION,APTUSDT,POSITION_LIMIT
2024-04-07,DECISION,XRPUSDT,POSITION_LIMIT
2024-04-07,DECISION,ORDIUSDT,POSITION_LIMIT
2024-04-07,DECISION,ADAUSDT,POSITION_LIMIT
2024-04-08,DECISION,BNBUSDT,POSITION_LIMIT
2024-04-08,DECISION,1000SHIBUSDT,POSITION_LIMIT
2024-04-08,DECISION,NEARUSDT,POSITION_LIMIT
2024-04-08,DECISION,FILUSDT,POSITION_LIMIT
2024-04-08,DECISION,1000FLOKIUSDT,POSITION_LIMIT
2024-04-08,DECISION,FTMUSDT,POSITION_LIMIT
2024-04-08,DECISION,SUIUSDT,POSITION_LIMIT
2024-04-08,DECISION,1000PEPEUSDT,POSITION_LIMIT
2024-04-08,DECISION,AVAXUSDT,POSITION_LIMIT
2024-04-08,DECISION,WLDUSDT,POSITION_LIMIT
2024-04-08,DECISION,APTUSDT,POSITION_LIMIT
2024-04-08,DECISION,XRPUSDT,POSITION_LIMIT
2024-04-08,DECISION,ORDIUSDT,POSITION_LIMIT
2024-04-09,DECISION,FTMUSDT,POSITION_LIMIT
2024-04-09,DECISION,SOLUSDT,POSITION_LIMIT
2024-04-09,DECISION,1000SHIBUSDT,POSITION_LIMIT
2024-04-09,DECISION,NEARUSDT,POSITION_LIMIT
2024-04-09,DECISION,FILUSDT,POSITION_LIMIT
2024-04-09,DECISION,1000FLOKIUSDT,POSITION_LIMIT
2024-04-09,DECISION,SUIUSDT,POSITION_LIMIT
2024-04-09,DECISION,1000PEPEUSDT,POSITION_LIMIT
2024-04-09,DECISION,AVAXUSDT,POSITION_LIMIT
2024-04-09,DECISION,XRPUSDT,POSITION_LIMIT
2024-04-09,DECISION,ORDIUSDT,POSITION_LIMIT
2024-04-09,DECISION,WLDUSDT,POSITION_LIMIT
2024-04-09,DECISION,APTUSDT,POSITION_LIMIT
2024-04-10,DECISION,FTMUSDT,POSITION_LIMIT
2024-04-10,DECISION,SOLUSDT,POSITION_LIMIT
2024-04-10,DECISION,1000SHIBUSDT,POSITION_LIMIT
2024-04-10,DECISION,NEARUSDT,POSITION_LIMIT
2024-04-10,DECISION,FILUSDT,POSITION_LIMIT
2024-04-10,DECISION,1000FLOKIUSDT,POSITION_LIMIT
2024-04-10,DECISION,1000PEPEUSDT,POSITION_LIMIT
2024-04-10,DECISION,AVAXUSDT,POSITION_LIMIT
2024-04-10,DECISION,SUIUSDT,POSITION_LIMIT
2024-04-10,DECISION,XRPUSDT,POSITION_LIMIT
2024-04-10,DECISION,ORDIUSDT,POSITION_LIMIT
2024-04-10,DECISION,WLDUSDT,POSITION_LIMIT
2024-04-10,DECISION,APTUSDT,POSITION_LIMIT
2024-04-11,DECISION,LTCUSDT,POSITION_LIMIT
2024-04-11,DECISION,1000SHIBUSDT,POSITION_LIMIT
2024-04-11,DECISION,1000FLOKIUSDT,POSITION_LIMIT
2024-04-11,DECISION,SOLUSDT,POSITION_LIMIT
2024-04-11,DECISION,1000PEPEUSDT,POSITION_LIMIT
2024-04-11,DECISION,AVAXUSDT,POSITION_LIMIT
2024-04-11,DECISION,NEARUSDT,POSITION_LIMIT
2024-04-11,DECISION,FILUSDT,POSITION_LIMIT
2024-04-11,DECISION,XRPUSDT,POSITION_LIMIT
2024-04-11,DECISION,ORDIUSDT,POSITION_LIMIT
2024-04-11,DECISION,APTUSDT,POSITION_LIMIT
2024-04-11,DECISION,SUIUSDT,POSITION_LIMIT
2024-04-11,DECISION,WLDUSDT,POSITION_LIMIT
2024-04-12,DECISION,SOLUSDT,POSITION_LIMIT
2024-04-12,DECISION,1000PEPEUSDT,POSITION_LIMIT
2024-04-12,DECISION,XRPUSDT,POSITION_LIMIT
2024-04-12,DECISION,1000SHIBUSDT,POSITION_LIMIT
2024-04-12,DECISION,AVAXUSDT,POSITION_LIMIT
2024-04-12,DECISION,NEARUSDT,POSITION_LIMIT
2024-04-12,DECISION,FTMUSDT,POSITION_LIMIT
2024-04-12,DECISION,APTUSDT,POSITION_LIMIT
2024-04-12,DECISION,ORDIUSDT,POSITION_LIMIT
2024-04-12,DECISION,FILUSDT,POSITION_LIMIT
2024-04-12,DECISION,WLDUSDT,POSITION_LIMIT
2024-04-12,DECISION,ADAUSDT,POSITION_LIMIT
2024-04-13,DECISION,1000PEPEUSDT,POSITION_LIMIT
2024-04-13,DECISION,1000SHIBUSDT,POSITION_LIMIT
2024-04-13,DECISION,NEARUSDT,POSITION_LIMIT
2024-04-13,DECISION,FTMUSDT,POSITION_LIMIT
2024-04-13,DECISION,LTCUSDT,POSITION_LIMIT
2024-04-13,DECISION,AVAXUSDT,POSITION_LIMIT
2024-04-13,DECISION,FILUSDT,POSITION_LIMIT
2024-04-13,DECISION,WLDUSDT,POSITION_LIMIT
2024-04-13,DECISION,APTUSDT,POSITION_LIMIT
2024-04-14,DECISION,1000PEPEUSDT,POSITION_LIMIT
2024-04-14,DECISION,1000SHIBUSDT,POSITION_LIMIT
2024-04-14,DECISION,NEARUSDT,POSITION_LIMIT
2024-04-14,DECISION,FTMUSDT,POSITION_LIMIT
2024-04-14,DECISION,LTCUSDT,POSITION_LIMIT
2024-04-14,DECISION,AVAXUSDT,POSITION_LIMIT
2024-04-14,DECISION,FILUSDT,POSITION_LIMIT
2024-04-14,DECISION,WLDUSDT,POSITION_LIMIT
2024-04-14,DECISION,APTUSDT,POSITION_LIMIT
2024-04-15,DECISION,1000PEPEUSDT,POSITION_LIMIT
2024-04-15,DECISION,1000SHIBUSDT,POSITION_LIMIT
2024-04-15,DECISION,NEARUSDT,POSITION_LIMIT
2024-04-15,DECISION,LTCUSDT,POSITION_LIMIT
2024-04-15,DECISION,FTMUSDT,POSITION_LIMIT
2024-04-15,DECISION,AVAXUSDT,POSITION_LIMIT
2024-04-15,DECISION,FILUSDT,POSITION_LIMIT
2024-04-15,DECISION,WLDUSDT,POSITION_LIMIT
2024-04-15,DECISION,APTUSDT,POSITION_LIMIT
2024-04-16,DECISION,SOLUSDT,POSITION_LIMIT
2024-04-16,DECISION,1000PEPEUSDT,POSITION_LIMIT
2024-04-16,DECISION,1000SHIBUSDT,POSITION_LIMIT
2024-04-16,DECISION,NEARUSDT,POSITION_LIMIT
2024-04-16,DECISION,LTCUSDT,POSITION_LIMIT
2024-04-16,DECISION,FTMUSDT,POSITION_LIMIT
2024-04-16,DECISION,AVAXUSDT,POSITION_LIMIT
2024-04-16,DECISION,FILUSDT,POSITION_LIMIT
2024-04-16,DECISION,WLDUSDT,POSITION_LIMIT
2024-04-16,DECISION,APTUSDT,POSITION_LIMIT
2024-04-17,DECISION,1000PEPEUSDT,POSITION_LIMIT
2024-04-17,DECISION,1000SHIBUSDT,POSITION_LIMIT
2024-04-17,DECISION,NEARUSDT,POSITION_LIMIT
2024-04-17,DECISION,LTCUSDT,POSITION_LIMIT
2024-04-17,DECISION,FTMUSDT,POSITION_LIMIT
2024-04-17,DECISION,ETHUSDT,POSITION_LIMIT
2024-04-17,DECISION,FILUSDT,POSITION_LIMIT
2024-04-17,DECISION,WLDUSDT,POSITION_LIMIT
2024-04-17,DECISION,APTUSDT,POSITION_LIMIT
2024-04-18,FILL,BCHUSDT,BELOW_EXCHANGE_MINIMUM_NOTIONAL
2024-04-18,DECISION,1000PEPEUSDT,POSITION_LIMIT
2024-04-18,DECISION,1000SHIBUSDT,POSITION_LIMIT
2024-04-18,DECISION,NEARUSDT,POSITION_LIMIT
2024-04-18,DECISION,LTCUSDT,POSITION_LIMIT
2024-04-18,DECISION,FTMUSDT,POSITION_LIMIT
2024-04-18,DECISION,ETHUSDT,POSITION_LIMIT
2024-04-18,DECISION,WLDUSDT,POSITION_LIMIT
2024-04-18,DECISION,FILUSDT,POSITION_LIMIT
2024-04-18,DECISION,APTUSDT,POSITION_LIMIT
2024-04-19,DECISION,1000PEPEUSDT,POSITION_LIMIT
2024-04-19,DECISION,1000SHIBUSDT,POSITION_LIMIT
2024-04-19,DECISION,NEARUSDT,POSITION_LIMIT
2024-04-19,DECISION,LTCUSDT,POSITION_LIMIT
2024-04-19,DECISION,FTMUSDT,POSITION_LIMIT
2024-04-19,DECISION,ETHUSDT,POSITION_LIMIT
2024-04-19,DECISION,FILUSDT,POSITION_LIMIT
2024-04-19,DECISION,WLDUSDT,POSITION_LIMIT
2024-04-19,DECISION,APTUSDT,POSITION_LIMIT
2024-04-20,FILL,BTCUSDT,QUANTITY_ROUNDS_TO_ZERO
2024-04-20,DECISION,1000PEPEUSDT,POSITION_LIMIT
2024-04-20,DECISION,1000SHIBUSDT,POSITION_LIMIT
2024-04-20,DECISION,NEARUSDT,POSITION_LIMIT
2024-04-20,DECISION,LTCUSDT,POSITION_LIMIT
2024-04-20,DECISION,FTMUSDT,POSITION_LIMIT
2024-04-20,DECISION,ETHUSDT,POSITION_LIMIT
2024-04-20,DECISION,WLDUSDT,POSITION_LIMIT
2024-04-20,DECISION,FILUSDT,POSITION_LIMIT
2024-04-20,DECISION,APTUSDT,POSITION_LIMIT
2024-04-21,FILL,BTCUSDT,QUANTITY_ROUNDS_TO_ZERO
2024-04-21,DECISION,1000PEPEUSDT,POSITION_LIMIT
2024-04-21,DECISION,1000SHIBUSDT,POSITION_LIMIT
2024-04-21,DECISION,NEARUSDT,POSITION_LIMIT
2024-04-21,DECISION,LTCUSDT,POSITION_LIMIT
2024-04-21,DECISION,FTMUSDT,POSITION_LIMIT
2024-04-21,DECISION,ETHUSDT,POSITION_LIMIT
2024-04-21,DECISION,WLDUSDT,POSITION_LIMIT
2024-04-21,DECISION,FILUSDT,POSITION_LIMIT
2024-04-21,DECISION,APTUSDT,POSITION_LIMIT
2024-04-22,DECISION,1000SHIBUSDT,POSITION_LIMIT
2024-04-22,DECISION,NEARUSDT,POSITION_LIMIT
2024-04-22,DECISION,BTCUSDT,POSITION_LIMIT
2024-04-22,DECISION,LTCUSDT,POSITION_LIMIT
2024-04-22,DECISION,FTMUSDT,POSITION_LIMIT
2024-04-22,DECISION,ETHUSDT,POSITION_LIMIT
2024-04-22,DECISION,XRPUSDT,POSITION_LIMIT
2024-04-22,DECISION,FILUSDT,POSITION_LIMIT
2024-04-22,DECISION,WLDUSDT,POSITION_LIMIT
2024-04-22,DECISION,ADAUSDT,POSITION_LIMIT
2024-04-23,DECISION,NEARUSDT,POSITION_LIMIT
2024-04-23,DECISION,BTCUSDT,POSITION_LIMIT
2024-04-23,DECISION,ETHUSDT,POSITION_LIMIT
2024-04-23,DECISION,LTCUSDT,POSITION_LIMIT
2024-04-23,DECISION,FTMUSDT,POSITION_LIMIT
2024-04-23,DECISION,XRPUSDT,POSITION_LIMIT
2024-04-23,DECISION,FILUSDT,POSITION_LIMIT
2024-04-23,DECISION,WLDUSDT,POSITION_LIMIT
2024-04-23,DECISION,ADAUSDT,POSITION_LIMIT
2024-04-24,DECISION,NEARUSDT,POSITION_LIMIT
2024-04-24,DECISION,BTCUSDT,POSITION_LIMIT
2024-04-24,DECISION,ETHUSDT,POSITION_LIMIT
2024-04-24,DECISION,LTCUSDT,POSITION_LIMIT
2024-04-24,DECISION,FTMUSDT,POSITION_LIMIT
2024-04-24,DECISION,XRPUSDT,POSITION_LIMIT
2024-04-24,DECISION,FILUSDT,POSITION_LIMIT
2024-04-24,DECISION,WLDUSDT,POSITION_LIMIT
2024-04-24,DECISION,ADAUSDT,POSITION_LIMIT
2024-04-25,DECISION,BTCUSDT,POSITION_LIMIT
2024-04-25,DECISION,ETHUSDT,POSITION_LIMIT
2024-04-25,DECISION,SOLUSDT,POSITION_LIMIT
2024-04-25,DECISION,LTCUSDT,POSITION_LIMIT
2024-04-25,DECISION,FTMUSDT,POSITION_LIMIT
2024-04-25,DECISION,XRPUSDT,POSITION_LIMIT
2024-04-25,DECISION,FILUSDT,POSITION_LIMIT
2024-04-25,DECISION,WLDUSDT,POSITION_LIMIT
2024-04-26,DECISION,BTCUSDT,POSITION_LIMIT
2024-04-26,DECISION,SOLUSDT,POSITION_LIMIT
2024-04-26,DECISION,1000SHIBUSDT,POSITION_LIMIT
2024-04-26,DECISION,FTMUSDT,POSITION_LIMIT
2024-04-26,DECISION,ETHUSDT,POSITION_LIMIT
2024-04-26,DECISION,XRPUSDT,POSITION_LIMIT
2024-04-26,DECISION,FILUSDT,POSITION_LIMIT
2024-04-26,DECISION,WLDUSDT,POSITION_LIMIT
2024-04-27,DECISION,BTCUSDT,POSITION_LIMIT
2024-04-27,DECISION,ETHUSDT,POSITION_LIMIT
2024-04-27,DECISION,SOLUSDT,POSITION_LIMIT
2024-04-27,DECISION,1000SHIBUSDT,POSITION_LIMIT
2024-04-27,DECISION,FTMUSDT,POSITION_LIMIT
2024-04-27,DECISION,FILUSDT,POSITION_LIMIT
2024-04-27,DECISION,WLDUSDT,POSITION_LIMIT
2024-04-28,DECISION,ETHUSDT,POSITION_LIMIT
2024-04-28,DECISION,SOLUSDT,POSITION_LIMIT
2024-04-28,DECISION,DOGEUSDT,POSITION_LIMIT
2024-04-28,DECISION,1000SHIBUSDT,POSITION_LIMIT
2024-04-28,DECISION,FTMUSDT,POSITION_LIMIT
2024-04-28,DECISION,WLDUSDT,POSITION_LIMIT
2024-04-28,DECISION,FILUSDT,POSITION_LIMIT
2024-04-28,DECISION,ETCUSDT,POSITION_LIMIT
2024-04-29,DECISION,ETHUSDT,POSITION_LIMIT
2024-04-29,DECISION,SOLUSDT,POSITION_LIMIT
2024-04-29,DECISION,DOGEUSDT,POSITION_LIMIT
2024-04-29,DECISION,1000SHIBUSDT,POSITION_LIMIT
2024-04-29,DECISION,FTMUSDT,POSITION_LIMIT
2024-04-29,DECISION,WLDUSDT,POSITION_LIMIT
2024-04-29,DECISION,FILUSDT,POSITION_LIMIT
2024-04-29,DECISION,ETCUSDT,POSITION_LIMIT
2024-04-30,FILL,BTCUSDT,QUANTITY_ROUNDS_TO_ZERO
2024-04-30,DECISION,1000SHIBUSDT,POSITION_LIMIT
2024-04-30,DECISION,LTCUSDT,POSITION_LIMIT
2024-04-30,DECISION,BTCUSDT,POSITION_LIMIT
2024-04-30,DECISION,ETHUSDT,POSITION_LIMIT
2024-04-30,DECISION,SOLUSDT,POSITION_LIMIT
2024-04-30,DECISION,WLDUSDT,POSITION_LIMIT
2024-04-30,DECISION,FTMUSDT,POSITION_LIMIT
2024-04-30,DECISION,ETCUSDT,POSITION_LIMIT
2024-05-01,DECISION,LTCUSDT,POSITION_LIMIT
2024-05-01,DECISION,BTCUSDT,POSITION_LIMIT
2024-05-01,DECISION,ETHUSDT,POSITION_LIMIT
2024-05-01,DECISION,SOLUSDT,POSITION_LIMIT
2024-05-01,DECISION,WLDUSDT,POSITION_LIMIT
2024-05-01,DECISION,FTMUSDT,POSITION_LIMIT
2024-05-01,DECISION,ETCUSDT,POSITION_LIMIT
2024-05-02,DECISION,LTCUSDT,POSITION_LIMIT
2024-05-02,DECISION,BTCUSDT,POSITION_LIMIT
2024-05-02,DECISION,ETHUSDT,POSITION_LIMIT
2024-05-02,DECISION,SOLUSDT,POSITION_LIMIT
2024-05-02,DECISION,WLDUSDT,POSITION_LIMIT
2024-05-02,DECISION,ETCUSDT,POSITION_LIMIT
2024-05-02,DECISION,FTMUSDT,POSITION_LIMIT
2024-05-03,DECISION,BCHUSDT,POSITION_LIMIT
2024-05-03,DECISION,LTCUSDT,POSITION_LIMIT
2024-05-03,DECISION,BTCUSDT,POSITION_LIMIT
2024-05-03,DECISION,ETHUSDT,POSITION_LIMIT
2024-05-03,DECISION,SOLUSDT,POSITION_LIMIT
2024-05-03,DECISION,WLDUSDT,POSITION_LIMIT
2024-05-03,DECISION,ETCUSDT,POSITION_LIMIT
2024-05-04,DECISION,BCHUSDT,POSITION_LIMIT
2024-05-04,DECISION,LTCUSDT,POSITION_LIMIT
2024-05-04,DECISION,BTCUSDT,POSITION_LIMIT
2024-05-04,DECISION,ETHUSDT,POSITION_LIMIT
2024-05-04,DECISION,SOLUSDT,POSITION_LIMIT
2024-05-04,DECISION,AVAXUSDT,POSITION_LIMIT
2024-05-04,DECISION,WLDUSDT,POSITION_LIMIT
2024-05-04,DECISION,FILUSDT,POSITION_LIMIT
2024-05-04,DECISION,ETCUSDT,POSITION_LIMIT
2024-05-05,DECISION,1000SHIBUSDT,POSITION_LIMIT
2024-05-05,DECISION,BCHUSDT,POSITION_LIMIT
2024-05-05,DECISION,LTCUSDT,POSITION_LIMIT
2024-05-05,DECISION,BTCUSDT,POSITION_LIMIT
2024-05-05,DECISION,ETHUSDT,POSITION_LIMIT
2024-05-05,DECISION,SOLUSDT,POSITION_LIMIT
2024-05-05,DECISION,AVAXUSDT,POSITION_LIMIT
2024-05-05,DECISION,FILUSDT,POSITION_LIMIT
2024-05-05,DECISION,MATICUSDT,POSITION_LIMIT
2024-05-05,DECISION,ETCUSDT,POSITION_LIMIT
2024-05-06,DECISION,SOLUSDT,POSITION_LIMIT
2024-05-06,DECISION,1000SHIBUSDT,POSITION_LIMIT
2024-05-06,DECISION,BCHUSDT,POSITION_LIMIT
2024-05-06,DECISION,LTCUSDT,POSITION_LIMIT
2024-05-06,DECISION,BTCUSDT,POSITION_LIMIT
2024-05-06,DECISION,ETHUSDT,POSITION_LIMIT
2024-05-06,DECISION,XRPUSDT,POSITION_LIMIT
2024-05-06,DECISION,AVAXUSDT,POSITION_LIMIT
2024-05-06,DECISION,FILUSDT,POSITION_LIMIT
2024-05-06,DECISION,MATICUSDT,POSITION_LIMIT
2024-05-06,DECISION,ETCUSDT,POSITION_LIMIT
2024-05-07,DECISION,SOLUSDT,POSITION_LIMIT
2024-05-07,DECISION,1000SHIBUSDT,POSITION_LIMIT
2024-05-07,DECISION,BCHUSDT,POSITION_LIMIT
2024-05-07,DECISION,LTCUSDT,POSITION_LIMIT
2024-05-07,DECISION,1000BONKUSDT,POSITION_LIMIT
2024-05-07,DECISION,BTCUSDT,POSITION_LIMIT
2024-05-07,DECISION,ETHUSDT,POSITION_LIMIT
2024-05-07,DECISION,XRPUSDT,POSITION_LIMIT
2024-05-07,DECISION,AVAXUSDT,POSITION_LIMIT
2024-05-07,DECISION,ETCUSDT,POSITION_LIMIT
2024-05-08,DECISION,1000SHIBUSDT,POSITION_LIMIT
2024-05-08,DECISION,BCHUSDT,POSITION_LIMIT
2024-05-08,DECISION,LTCUSDT,POSITION_LIMIT
2024-05-08,DECISION,1000BONKUSDT,POSITION_LIMIT
2024-05-08,DECISION,BTCUSDT,POSITION_LIMIT
2024-05-08,DECISION,ETHUSDT,POSITION_LIMIT
2024-05-08,DECISION,SOLUSDT,POSITION_LIMIT
2024-05-08,DECISION,ETCUSDT,POSITION_LIMIT
2024-05-09,DECISION,1000SHIBUSDT,POSITION_LIMIT
2024-05-09,DECISION,BCHUSDT,POSITION_LIMIT
2024-05-09,DECISION,1000BONKUSDT,POSITION_LIMIT
2024-05-09,DECISION,LTCUSDT,POSITION_LIMIT
2024-05-09,DECISION,BTCUSDT,POSITION_LIMIT
2024-05-09,DECISION,ETHUSDT,POSITION_LIMIT
2024-05-09,DECISION,SOLUSDT,POSITION_LIMIT
2024-05-09,DECISION,ETCUSDT,POSITION_LIMIT
2024-05-10,DECISION,1000SHIBUSDT,POSITION_LIMIT
2024-05-10,DECISION,1000BONKUSDT,POSITION_LIMIT
2024-05-10,DECISION,BCHUSDT,POSITION_LIMIT
2024-05-10,DECISION,LTCUSDT,POSITION_LIMIT
2024-05-10,DECISION,BTCUSDT,POSITION_LIMIT
2024-05-10,DECISION,SOLUSDT,POSITION_LIMIT
2024-05-11,DECISION,1000BONKUSDT,POSITION_LIMIT
2024-05-11,DECISION,BCHUSDT,POSITION_LIMIT
2024-05-11,DECISION,ONGUSDT,POSITION_LIMIT
2024-05-11,DECISION,LTCUSDT,POSITION_LIMIT
2024-05-11,DECISION,BTCUSDT,POSITION_LIMIT
2024-05-11,DECISION,SOLUSDT,POSITION_LIMIT
2024-05-12,DECISION,BCHUSDT,POSITION_LIMIT
2024-05-12,DECISION,LTCUSDT,POSITION_LIMIT
2024-05-12,DECISION,BTCUSDT,POSITION_LIMIT
2024-05-12,DECISION,SOLUSDT,POSITION_LIMIT
2024-05-12,DECISION,1000BONKUSDT,POSITION_LIMIT
2024-05-12,DECISION,ETCUSDT,POSITION_LIMIT
2024-05-13,DECISION,1000SHIBUSDT,POSITION_LIMIT
2024-05-13,DECISION,BCHUSDT,POSITION_LIMIT
2024-05-13,DECISION,FTMUSDT,POSITION_LIMIT
2024-05-13,DECISION,BTCUSDT,POSITION_LIMIT
2024-05-13,DECISION,SOLUSDT,POSITION_LIMIT
2024-05-13,DECISION,1000BONKUSDT,POSITION_LIMIT
2024-05-13,DECISION,ETCUSDT,POSITION_LIMIT
2024-05-14,DECISION,BCHUSDT,POSITION_LIMIT
2024-05-14,DECISION,BTCUSDT,POSITION_LIMIT
2024-05-14,DECISION,SOLUSDT,POSITION_LIMIT
2024-05-14,DECISION,WLDUSDT,POSITION_LIMIT
2024-05-14,DECISION,1000BONKUSDT,POSITION_LIMIT
2024-05-14,DECISION,FTMUSDT,POSITION_LIMIT
2024-05-15,DECISION,1000SHIBUSDT,POSITION_LIMIT
2024-05-15,DECISION,DOGEUSDT,POSITION_LIMIT
2024-05-15,DECISION,BCHUSDT,POSITION_LIMIT
2024-05-15,DECISION,WLDUSDT,POSITION_LIMIT
2024-05-15,DECISION,1000BONKUSDT,POSITION_LIMIT
2024-05-16,DECISION,WIFUSDT,POSITION_LIMIT
2024-05-16,DECISION,1000SHIBUSDT,POSITION_LIMIT
2024-05-16,DECISION,DOGEUSDT,POSITION_LIMIT
2024-05-16,DECISION,BCHUSDT,POSITION_LIMIT
2024-05-16,DECISION,WLDUSDT,POSITION_LIMIT
2024-05-16,DECISION,1000BONKUSDT,POSITION_LIMIT
2024-05-17,DECISION,JTOUSDT,POSITION_LIMIT
2024-05-17,DECISION,DOGEUSDT,POSITION_LIMIT
2024-05-17,DECISION,WIFUSDT,POSITION_LIMIT
2024-05-17,DECISION,1000SHIBUSDT,POSITION_LIMIT
2024-05-17,DECISION,BCHUSDT,POSITION_LIMIT
2024-05-17,DECISION,ADAUSDT,POSITION_LIMIT
2024-05-17,DECISION,ETHUSDT,POSITION_LIMIT
2024-05-17,DECISION,WLDUSDT,POSITION_LIMIT
2024-05-17,DECISION,ORDIUSDT,POSITION_LIMIT
2024-05-17,DECISION,1000BONKUSDT,POSITION_LIMIT
2024-05-17,DECISION,AVAXUSDT,POSITION_LIMIT
2024-05-17,DECISION,MATICUSDT,POSITION_LIMIT
2024-05-18,DECISION,BCHUSDT,POSITION_LIMIT
2024-05-18,DECISION,JTOUSDT,POSITION_LIMIT
2024-05-18,DECISION,DOGEUSDT,POSITION_LIMIT
2024-05-18,DECISION,1000SHIBUSDT,POSITION_LIMIT
2024-05-18,DECISION,WIFUSDT,POSITION_LIMIT
2024-05-18,DECISION,1000BONKUSDT,POSITION_LIMIT
2024-05-18,DECISION,ADAUSDT,POSITION_LIMIT
2024-05-18,DECISION,ETHUSDT,POSITION_LIMIT
2024-05-18,DECISION,WLDUSDT,POSITION_LIMIT
2024-05-18,DECISION,ORDIUSDT,POSITION_LIMIT
2024-05-18,DECISION,AVAXUSDT,POSITION_LIMIT
2024-05-18,DECISION,SUIUSDT,POSITION_LIMIT
2024-05-19,DECISION,BCHUSDT,POSITION_LIMIT
2024-05-19,DECISION,JTOUSDT,POSITION_LIMIT
2024-05-19,DECISION,FTMUSDT,POSITION_LIMIT
2024-05-19,DECISION,DOGEUSDT,POSITION_LIMIT
2024-05-19,DECISION,1000SHIBUSDT,POSITION_LIMIT
2024-05-19,DECISION,WIFUSDT,POSITION_LIMIT
2024-05-19,DECISION,1000BONKUSDT,POSITION_LIMIT
2024-05-19,DECISION,ADAUSDT,POSITION_LIMIT
2024-05-19,DECISION,ETHUSDT,POSITION_LIMIT
2024-05-19,DECISION,WLDUSDT,POSITION_LIMIT
2024-05-19,DECISION,ORDIUSDT,POSITION_LIMIT
2024-05-19,DECISION,AVAXUSDT,POSITION_LIMIT
2024-05-20,DECISION,BTCUSDT,POSITION_LIMIT
2024-05-20,DECISION,TRBUSDT,POSITION_LIMIT
2024-05-20,DECISION,1000SHIBUSDT,POSITION_LIMIT
2024-05-20,DECISION,BCHUSDT,POSITION_LIMIT
2024-05-20,DECISION,JTOUSDT,POSITION_LIMIT
2024-05-20,DECISION,FTMUSDT,POSITION_LIMIT
2024-05-20,DECISION,ETHUSDT,POSITION_LIMIT
2024-05-20,DECISION,AVAXUSDT,POSITION_LIMIT
2024-05-20,DECISION,WIFUSDT,POSITION_LIMIT
2024-05-20,DECISION,ORDIUSDT,POSITION_LIMIT
2024-05-20,DECISION,FILUSDT,POSITION_LIMIT
2024-05-20,DECISION,ADAUSDT,POSITION_LIMIT
2024-05-20,DECISION,XRPUSDT,POSITION_LIMIT
2024-05-20,DECISION,WLDUSDT,POSITION_LIMIT
2024-05-21,DECISION,1000BONKUSDT,POSITION_LIMIT
2024-05-21,DECISION,BTCUSDT,POSITION_LIMIT
2024-05-21,DECISION,TRBUSDT,POSITION_LIMIT
2024-05-21,DECISION,1000SHIBUSDT,POSITION_LIMIT
2024-05-21,DECISION,BCHUSDT,POSITION_LIMIT
2024-05-21,DECISION,FTMUSDT,POSITION_LIMIT
2024-05-21,DECISION,AVAXUSDT,POSITION_LIMIT
2024-05-21,DECISION,JTOUSDT,POSITION_LIMIT
2024-05-21,DECISION,WIFUSDT,POSITION_LIMIT
2024-05-21,DECISION,ORDIUSDT,POSITION_LIMIT
2024-05-21,DECISION,FILUSDT,POSITION_LIMIT
2024-05-21,DECISION,ADAUSDT,POSITION_LIMIT
2024-05-21,DECISION,XRPUSDT,POSITION_LIMIT
2024-05-21,DECISION,WLDUSDT,POSITION_LIMIT
2024-05-22,DECISION,1000BONKUSDT,POSITION_LIMIT
2024-05-22,DECISION,BTCUSDT,POSITION_LIMIT
2024-05-22,DECISION,TRBUSDT,POSITION_LIMIT
2024-05-22,DECISION,1000SHIBUSDT,POSITION_LIMIT
2024-05-22,DECISION,BCHUSDT,POSITION_LIMIT
2024-05-22,DECISION,FTMUSDT,POSITION_LIMIT
2024-05-22,DECISION,AVAXUSDT,POSITION_LIMIT
2024-05-22,DECISION,JTOUSDT,POSITION_LIMIT
2024-05-22,DECISION,WIFUSDT,POSITION_LIMIT
2024-05-22,DECISION,ORDIUSDT,POSITION_LIMIT
2024-05-22,DECISION,FILUSDT,POSITION_LIMIT
2024-05-22,DECISION,ADAUSDT,POSITION_LIMIT
2024-05-22,DECISION,XRPUSDT,POSITION_LIMIT
2024-05-22,DECISION,WLDUSDT,POSITION_LIMIT
2024-05-23,DECISION,1000BONKUSDT,POSITION_LIMIT
2024-05-23,DECISION,BTCUSDT,POSITION_LIMIT
2024-05-23,DECISION,1000SHIBUSDT,POSITION_LIMIT
2024-05-23,DECISION,BCHUSDT,POSITION_LIMIT
2024-05-23,DECISION,TRBUSDT,POSITION_LIMIT
2024-05-23,DECISION,AVAXUSDT,POSITION_LIMIT
2024-05-23,DECISION,FTMUSDT,POSITION_LIMIT
2024-05-23,DECISION,JTOUSDT,POSITION_LIMIT
2024-05-23,DECISION,WIFUSDT,POSITION_LIMIT
2024-05-23,DECISION,FILUSDT,POSITION_LIMIT
2024-05-23,DECISION,WLDUSDT,POSITION_LIMIT
2024-05-23,DECISION,XRPUSDT,POSITION_LIMIT
2024-05-23,DECISION,ORDIUSDT,POSITION_LIMIT
2024-05-23,DECISION,ADAUSDT,POSITION_LIMIT
2024-05-24,DECISION,BTCUSDT,POSITION_LIMIT
2024-05-24,DECISION,SOLUSDT,POSITION_LIMIT
2024-05-24,DECISION,1000SHIBUSDT,POSITION_LIMIT
2024-05-24,DECISION,BCHUSDT,POSITION_LIMIT
2024-05-24,DECISION,RNDRUSDT,POSITION_LIMIT
2024-05-24,DECISION,TRBUSDT,POSITION_LIMIT
2024-05-24,DECISION,AVAXUSDT,POSITION_LIMIT
2024-05-24,DECISION,OPUSDT,POSITION_LIMIT
2024-05-24,DECISION,FTMUSDT,POSITION_LIMIT
2024-05-24,DECISION,WIFUSDT,POSITION_LIMIT
2024-05-24,DECISION,FILUSDT,POSITION_LIMIT
2024-05-24,DECISION,WLDUSDT,POSITION_LIMIT
2024-05-24,DECISION,XRPUSDT,POSITION_LIMIT
2024-05-24,DECISION,ORDIUSDT,POSITION_LIMIT
2024-05-25,DECISION,BTCUSDT,POSITION_LIMIT
2024-05-25,DECISION,SOLUSDT,POSITION_LIMIT
2024-05-25,DECISION,1000SHIBUSDT,POSITION_LIMIT
2024-05-25,DECISION,BCHUSDT,POSITION_LIMIT
2024-05-25,DECISION,RNDRUSDT,POSITION_LIMIT
2024-05-25,DECISION,WIFUSDT,POSITION_LIMIT
2024-05-25,DECISION,TRBUSDT,POSITION_LIMIT
2024-05-25,DECISION,XRPUSDT,POSITION_LIMIT
2024-05-25,DECISION,AVAXUSDT,POSITION_LIMIT
2024-05-25,DECISION,OPUSDT,POSITION_LIMIT
2024-05-25,DECISION,FTMUSDT,POSITION_LIMIT
2024-05-25,DECISION,FILUSDT,POSITION_LIMIT
2024-05-25,DECISION,WLDUSDT,POSITION_LIMIT
2024-05-25,DECISION,ORDIUSDT,POSITION_LIMIT
2024-05-26,DECISION,BTCUSDT,POSITION_LIMIT
2024-05-26,DECISION,SOLUSDT,POSITION_LIMIT
2024-05-26,DECISION,WIFUSDT,POSITION_LIMIT
2024-05-26,DECISION,TRBUSDT,POSITION_LIMIT
2024-05-26,DECISION,XRPUSDT,POSITION_LIMIT
2024-05-26,DECISION,1000SHIBUSDT,POSITION_LIMIT
2024-05-26,DECISION,OPUSDT,POSITION_LIMIT
2024-05-26,DECISION,BCHUSDT,POSITION_LIMIT
2024-05-26,DECISION,ARBUSDT,POSITION_LIMIT
2024-05-26,DECISION,ETCUSDT,POSITION_LIMIT
2024-05-26,DECISION,AVAXUSDT,POSITION_LIMIT
2024-05-26,DECISION,RNDRUSDT,POSITION_LIMIT
2024-05-26,DECISION,WLDUSDT,POSITION_LIMIT
2024-05-26,DECISION,ORDIUSDT,POSITION_LIMIT
2024-05-27,DECISION,DOGEUSDT,POSITION_LIMIT
2024-05-27,DECISION,WIFUSDT,POSITION_LIMIT
2024-05-27,DECISION,BTCUSDT,POSITION_LIMIT
2024-05-27,DECISION,SOLUSDT,POSITION_LIMIT
2024-05-27,DECISION,ARBUSDT,POSITION_LIMIT
2024-05-27,DECISION,TRBUSDT,POSITION_LIMIT
2024-05-27,DECISION,XRPUSDT,POSITION_LIMIT
2024-05-27,DECISION,1000SHIBUSDT,POSITION_LIMIT
2024-05-27,DECISION,OPUSDT,POSITION_LIMIT
2024-05-27,DECISION,BCHUSDT,POSITION_LIMIT
2024-05-27,DECISION,AVAXUSDT,POSITION_LIMIT
2024-05-27,DECISION,RNDRUSDT,POSITION_LIMIT
2024-05-27,DECISION,WLDUSDT,POSITION_LIMIT
2024-05-27,DECISION,ORDIUSDT,POSITION_LIMIT
2024-05-28,DECISION,DOGEUSDT,POSITION_LIMIT
2024-05-28,DECISION,WIFUSDT,POSITION_LIMIT
2024-05-28,DECISION,1000SHIBUSDT,POSITION_LIMIT
2024-05-28,DECISION,BTCUSDT,POSITION_LIMIT
2024-05-28,DECISION,SOLUSDT,POSITION_LIMIT
2024-05-28,DECISION,ARBUSDT,POSITION_LIMIT
2024-05-28,DECISION,TRBUSDT,POSITION_LIMIT
2024-05-28,DECISION,XRPUSDT,POSITION_LIMIT
2024-05-28,DECISION,OPUSDT,POSITION_LIMIT
2024-05-28,DECISION,AVAXUSDT,POSITION_LIMIT
2024-05-28,DECISION,BCHUSDT,POSITION_LIMIT
2024-05-28,DECISION,RNDRUSDT,POSITION_LIMIT
2024-05-28,DECISION,WLDUSDT,POSITION_LIMIT
2024-05-28,DECISION,ORDIUSDT,POSITION_LIMIT
2024-05-29,DECISION,DOGEUSDT,POSITION_LIMIT
2024-05-29,DECISION,WIFUSDT,POSITION_LIMIT
2024-05-29,DECISION,NEARUSDT,POSITION_LIMIT
2024-05-29,DECISION,SOLUSDT,POSITION_LIMIT
2024-05-29,DECISION,BTCUSDT,POSITION_LIMIT
2024-05-29,DECISION,TRBUSDT,POSITION_LIMIT
2024-05-29,DECISION,ARBUSDT,POSITION_LIMIT
2024-05-29,DECISION,XRPUSDT,POSITION_LIMIT
2024-05-29,DECISION,AVAXUSDT,POSITION_LIMIT
2024-05-29,DECISION,BCHUSDT,POSITION_LIMIT
2024-05-29,DECISION,OPUSDT,POSITION_LIMIT
2024-05-29,DECISION,RNDRUSDT,POSITION_LIMIT
2024-05-29,DECISION,WLDUSDT,POSITION_LIMIT
2024-05-29,DECISION,ORDIUSDT,POSITION_LIMIT
2024-05-30,DECISION,ETHUSDT,POSITION_LIMIT
2024-05-30,DECISION,SOLUSDT,POSITION_LIMIT
2024-05-30,DECISION,NEARUSDT,POSITION_LIMIT
2024-05-30,DECISION,LINKUSDT,POSITION_LIMIT
2024-05-30,DECISION,BTCUSDT,POSITION_LIMIT
2024-05-30,DECISION,DOGEUSDT,POSITION_LIMIT
2024-05-30,DECISION,TRBUSDT,POSITION_LIMIT
2024-05-30,DECISION,ORDIUSDT,POSITION_LIMIT
2024-05-30,DECISION,BCHUSDT,POSITION_LIMIT
2024-05-30,DECISION,RNDRUSDT,POSITION_LIMIT
2024-05-30,DECISION,WLDUSDT,POSITION_LIMIT
2024-05-30,DECISION,XRPUSDT,POSITION_LIMIT
2024-05-30,DECISION,AVAXUSDT,POSITION_LIMIT
2024-05-30,DECISION,OPUSDT,POSITION_LIMIT
2024-05-31,DECISION,ETHUSDT,POSITION_LIMIT
2024-05-31,DECISION,SOLUSDT,POSITION_LIMIT
2024-05-31,DECISION,NEARUSDT,POSITION_LIMIT
2024-05-31,DECISION,LINKUSDT,POSITION_LIMIT
2024-05-31,DECISION,DOGEUSDT,POSITION_LIMIT
2024-05-31,DECISION,TRBUSDT,POSITION_LIMIT
2024-05-31,DECISION,ORDIUSDT,POSITION_LIMIT
2024-05-31,DECISION,BTCUSDT,POSITION_LIMIT
2024-05-31,DECISION,RNDRUSDT,POSITION_LIMIT
2024-05-31,DECISION,BCHUSDT,POSITION_LIMIT
2024-05-31,DECISION,ARBUSDT,POSITION_LIMIT
2024-05-31,DECISION,WLDUSDT,POSITION_LIMIT
2024-05-31,DECISION,XRPUSDT,POSITION_LIMIT
2024-05-31,DECISION,AVAXUSDT,POSITION_LIMIT
2024-06-01,DECISION,ETHUSDT,POSITION_LIMIT
2024-06-01,DECISION,SOLUSDT,POSITION_LIMIT
2024-06-01,DECISION,WIFUSDT,POSITION_LIMIT
2024-06-01,DECISION,NEARUSDT,POSITION_LIMIT
2024-06-01,DECISION,LINKUSDT,POSITION_LIMIT
2024-06-01,DECISION,DOGEUSDT,POSITION_LIMIT
2024-06-01,DECISION,TRBUSDT,POSITION_LIMIT
2024-06-01,DECISION,ORDIUSDT,POSITION_LIMIT
2024-06-01,DECISION,BTCUSDT,POSITION_LIMIT
2024-06-01,DECISION,RNDRUSDT,POSITION_LIMIT
2024-06-01,DECISION,ARBUSDT,POSITION_LIMIT
2024-06-01,DECISION,WLDUSDT,POSITION_LIMIT
2024-06-01,DECISION,XRPUSDT,POSITION_LIMIT
2024-06-01,DECISION,AVAXUSDT,POSITION_LIMIT
2024-06-02,DECISION,ETHUSDT,POSITION_LIMIT
2024-06-02,DECISION,WIFUSDT,POSITION_LIMIT
2024-06-02,DECISION,NEARUSDT,POSITION_LIMIT
2024-06-02,DECISION,LINKUSDT,POSITION_LIMIT
2024-06-02,DECISION,DOGEUSDT,POSITION_LIMIT
2024-06-02,DECISION,ORDIUSDT,POSITION_LIMIT
2024-06-02,DECISION,BTCUSDT,POSITION_LIMIT
2024-06-02,DECISION,SOLUSDT,POSITION_LIMIT
2024-06-02,DECISION,TRBUSDT,POSITION_LIMIT
2024-06-02,DECISION,BCHUSDT,POSITION_LIMIT
2024-06-02,DECISION,WLDUSDT,POSITION_LIMIT
2024-06-02,DECISION,XRPUSDT,POSITION_LIMIT
2024-06-02,DECISION,RNDRUSDT,POSITION_LIMIT
2024-06-03,DECISION,ETHUSDT,POSITION_LIMIT
2024-06-03,DECISION,WIFUSDT,POSITION_LIMIT
2024-06-03,DECISION,NEARUSDT,POSITION_LIMIT
2024-06-03,DECISION,DOGEUSDT,POSITION_LIMIT
2024-06-03,DECISION,ORDIUSDT,POSITION_LIMIT
2024-06-03,DECISION,LINKUSDT,POSITION_LIMIT
2024-06-03,DECISION,BTCUSDT,POSITION_LIMIT
2024-06-03,DECISION,SOLUSDT,POSITION_LIMIT
2024-06-03,DECISION,TRBUSDT,POSITION_LIMIT
2024-06-03,DECISION,ARBUSDT,POSITION_LIMIT
2024-06-03,DECISION,WLDUSDT,POSITION_LIMIT
2024-06-03,DECISION,XRPUSDT,POSITION_LIMIT
2024-06-03,DECISION,RNDRUSDT,POSITION_LIMIT
2024-06-04,DECISION,1000BONKUSDT,POSITION_LIMIT
2024-06-04,DECISION,ETHUSDT,POSITION_LIMIT
2024-06-04,DECISION,WIFUSDT,POSITION_LIMIT
2024-06-04,DECISION,ORDIUSDT,POSITION_LIMIT
2024-06-04,DECISION,NEARUSDT,POSITION_LIMIT
2024-06-04,DECISION,BTCUSDT,POSITION_LIMIT
2024-06-04,DECISION,SOLUSDT,POSITION_LIMIT
2024-06-04,DECISION,DOGEUSDT,POSITION_LIMIT
2024-06-04,DECISION,LINKUSDT,POSITION_LIMIT
2024-06-04,DECISION,TRBUSDT,POSITION_LIMIT
2024-06-04,DECISION,RNDRUSDT,POSITION_LIMIT
2024-06-04,DECISION,WLDUSDT,POSITION_LIMIT
2024-06-04,DECISION,XRPUSDT,POSITION_LIMIT
2024-06-05,DECISION,1000BONKUSDT,POSITION_LIMIT
2024-06-05,DECISION,ETHUSDT,POSITION_LIMIT
2024-06-05,DECISION,WIFUSDT,POSITION_LIMIT
2024-06-05,DECISION,ORDIUSDT,POSITION_LIMIT
2024-06-05,DECISION,NEARUSDT,POSITION_LIMIT
2024-06-05,DECISION,BTCUSDT,POSITION_LIMIT
2024-06-05,DECISION,SOLUSDT,POSITION_LIMIT
2024-06-05,DECISION,DOGEUSDT,POSITION_LIMIT
2024-06-05,DECISION,LINKUSDT,POSITION_LIMIT
2024-06-05,DECISION,TRBUSDT,POSITION_LIMIT
2024-06-05,DECISION,RNDRUSDT,POSITION_LIMIT
2024-06-05,DECISION,WLDUSDT,POSITION_LIMIT
2024-06-05,DECISION,XRPUSDT,POSITION_LIMIT
2024-06-06,DECISION,ONDOUSDT,POSITION_LIMIT
2024-06-06,DECISION,ETHUSDT,POSITION_LIMIT
2024-06-06,DECISION,WIFUSDT,POSITION_LIMIT
2024-06-06,DECISION,ORDIUSDT,POSITION_LIMIT
2024-06-06,DECISION,NEARUSDT,POSITION_LIMIT
2024-06-06,DECISION,BTCUSDT,POSITION_LIMIT
2024-06-06,DECISION,SOLUSDT,POSITION_LIMIT
2024-06-06,DECISION,DOGEUSDT,POSITION_LIMIT
2024-06-06,DECISION,TRBUSDT,POSITION_LIMIT
2024-06-06,DECISION,LINKUSDT,POSITION_LIMIT
2024-06-06,DECISION,RNDRUSDT,POSITION_LIMIT
2024-06-06,DECISION,WLDUSDT,POSITION_LIMIT
2024-06-06,DECISION,XRPUSDT,POSITION_LIMIT
2024-06-07,DECISION,1000BONKUSDT,POSITION_LIMIT
2024-06-07,DECISION,BTCUSDT,POSITION_LIMIT
2024-06-07,DECISION,NEARUSDT,POSITION_LIMIT
2024-06-07,DECISION,ETHUSDT,POSITION_LIMIT
2024-06-07,DECISION,SOLUSDT,POSITION_LIMIT
2024-06-07,DECISION,DOGEUSDT,POSITION_LIMIT
2024-06-07,DECISION,WIFUSDT,POSITION_LIMIT
2024-06-07,DECISION,1000SHIBUSDT,POSITION_LIMIT
2024-06-07,DECISION,TRBUSDT,POSITION_LIMIT
2024-06-07,DECISION,LINKUSDT,POSITION_LIMIT
2024-06-08,DECISION,1000BONKUSDT,POSITION_LIMIT
2024-06-08,DECISION,BTCUSDT,POSITION_LIMIT
2024-06-08,DECISION,ETHUSDT,POSITION_LIMIT
2024-06-08,DECISION,DOGEUSDT,POSITION_LIMIT
2024-06-08,DECISION,WIFUSDT,POSITION_LIMIT
2024-06-08,DECISION,1000SHIBUSDT,POSITION_LIMIT
2024-06-08,DECISION,NEARUSDT,POSITION_LIMIT
2024-06-08,DECISION,SOLUSDT,POSITION_LIMIT
2024-06-08,DECISION,TRBUSDT,POSITION_LIMIT
2024-06-09,DECISION,1000BONKUSDT,POSITION_LIMIT
2024-06-09,DECISION,BTCUSDT,POSITION_LIMIT
2024-06-09,DECISION,ETHUSDT,POSITION_LIMIT
2024-06-09,DECISION,DOGEUSDT,POSITION_LIMIT
2024-06-09,DECISION,WIFUSDT,POSITION_LIMIT
2024-06-09,DECISION,1000SHIBUSDT,POSITION_LIMIT
2024-06-09,DECISION,NEARUSDT,POSITION_LIMIT
2024-06-09,DECISION,SOLUSDT,POSITION_LIMIT
2024-06-09,DECISION,TRBUSDT,POSITION_LIMIT
2024-06-09,DECISION,FILUSDT,POSITION_LIMIT
2024-06-10,DECISION,BTCUSDT,POSITION_LIMIT
2024-06-10,DECISION,ORDIUSDT,POSITION_LIMIT
2024-06-10,DECISION,ETHUSDT,POSITION_LIMIT
2024-06-10,DECISION,DOGEUSDT,POSITION_LIMIT
2024-06-10,DECISION,WIFUSDT,POSITION_LIMIT
2024-06-10,DECISION,1000SHIBUSDT,POSITION_LIMIT
2024-06-10,DECISION,NEARUSDT,POSITION_LIMIT
2024-06-10,DECISION,SOLUSDT,POSITION_LIMIT
2024-06-11,DECISION,ORDIUSDT,POSITION_LIMIT
2024-06-11,DECISION,DOGEUSDT,POSITION_LIMIT
2024-06-11,DECISION,BTCUSDT,POSITION_LIMIT
2024-06-11,DECISION,ETHUSDT,POSITION_LIMIT
2024-06-11,DECISION,SOLUSDT,POSITION_LIMIT
2024-06-11,DECISION,WIFUSDT,POSITION_LIMIT
2024-06-11,DECISION,1000SHIBUSDT,POSITION_LIMIT
2024-06-11,DECISION,NEARUSDT,POSITION_LIMIT
2024-06-12,DECISION,ORDIUSDT,POSITION_LIMIT
2024-06-12,DECISION,1000FLOKIUSDT,POSITION_LIMIT
2024-06-12,DECISION,DOGEUSDT,POSITION_LIMIT
2024-06-12,DECISION,BTCUSDT,POSITION_LIMIT
2024-06-12,DECISION,ETHUSDT,POSITION_LIMIT
2024-06-12,DECISION,SOLUSDT,POSITION_LIMIT
2024-06-12,DECISION,WIFUSDT,POSITION_LIMIT
2024-06-12,DECISION,1000SHIBUSDT,POSITION_LIMIT
2024-06-12,DECISION,NEARUSDT,POSITION_LIMIT
2024-06-13,DECISION,1000FLOKIUSDT,POSITION_LIMIT
2024-06-13,DECISION,DOGEUSDT,POSITION_LIMIT
2024-06-13,DECISION,ORDIUSDT,POSITION_LIMIT
2024-06-13,DECISION,BTCUSDT,POSITION_LIMIT
2024-06-13,DECISION,ETHUSDT,POSITION_LIMIT
2024-06-13,DECISION,SOLUSDT,POSITION_LIMIT
2024-06-13,DECISION,1000SHIBUSDT,POSITION_LIMIT
2024-06-13,DECISION,NEARUSDT,POSITION_LIMIT
2024-06-14,DECISION,1000FLOKIUSDT,POSITION_LIMIT
2024-06-14,DECISION,DOGEUSDT,POSITION_LIMIT
2024-06-14,DECISION,ORDIUSDT,POSITION_LIMIT
2024-06-14,DECISION,BTCUSDT,POSITION_LIMIT
2024-06-14,DECISION,ETHUSDT,POSITION_LIMIT
2024-06-14,DECISION,SOLUSDT,POSITION_LIMIT
2024-06-14,DECISION,NEARUSDT,POSITION_LIMIT
2024-06-15,DECISION,1000FLOKIUSDT,POSITION_LIMIT
2024-06-15,DECISION,DOGEUSDT,POSITION_LIMIT
2024-06-15,DECISION,ORDIUSDT,POSITION_LIMIT
2024-06-15,DECISION,BTCUSDT,POSITION_LIMIT
2024-06-15,DECISION,ETHUSDT,POSITION_LIMIT
2024-06-15,DECISION,SOLUSDT,POSITION_LIMIT
2024-06-15,DECISION,NEARUSDT,POSITION_LIMIT
2024-06-16,DECISION,1000FLOKIUSDT,POSITION_LIMIT
2024-06-16,DECISION,ONDOUSDT,POSITION_LIMIT
2024-06-16,DECISION,DOGEUSDT,POSITION_LIMIT
2024-06-16,DECISION,ORDIUSDT,POSITION_LIMIT
2024-06-16,DECISION,BTCUSDT,POSITION_LIMIT
2024-06-16,DECISION,ETHUSDT,POSITION_LIMIT
2024-06-16,DECISION,SOLUSDT,POSITION_LIMIT
2024-06-16,DECISION,NEARUSDT,POSITION_LIMIT
2024-06-17,DECISION,1000FLOKIUSDT,POSITION_LIMIT
2024-06-17,DECISION,ONDOUSDT,POSITION_LIMIT
2024-06-17,DECISION,BTCUSDT,POSITION_LIMIT
2024-06-17,DECISION,ETHUSDT,POSITION_LIMIT
2024-06-17,DECISION,SOLUSDT,POSITION_LIMIT
2024-06-17,DECISION,ORDIUSDT,POSITION_LIMIT
2024-06-17,DECISION,XRPUSDT,POSITION_LIMIT
2024-06-18,DECISION,ONDOUSDT,POSITION_LIMIT
2024-06-18,DECISION,BTCUSDT,POSITION_LIMIT
2024-06-18,DECISION,ETHUSDT,POSITION_LIMIT
2024-06-18,DECISION,SOLUSDT,POSITION_LIMIT
2024-06-18,DECISION,1000BONKUSDT,POSITION_LIMIT
2024-06-18,DECISION,XRPUSDT,POSITION_LIMIT
2024-06-19,DECISION,ONDOUSDT,POSITION_LIMIT
2024-06-19,DECISION,BTCUSDT,POSITION_LIMIT
2024-06-19,DECISION,ETHUSDT,POSITION_LIMIT
2024-06-19,DECISION,SOLUSDT,POSITION_LIMIT
2024-06-19,DECISION,XRPUSDT,POSITION_LIMIT
2024-06-19,DECISION,1000BONKUSDT,POSITION_LIMIT
2024-06-20,DECISION,ONDOUSDT,POSITION_LIMIT
2024-06-20,DECISION,BTCUSDT,POSITION_LIMIT
2024-06-20,DECISION,ETHUSDT,POSITION_LIMIT
2024-06-20,DECISION,SOLUSDT,POSITION_LIMIT
2024-06-20,DECISION,1000BONKUSDT,POSITION_LIMIT
2024-06-21,DECISION,ONDOUSDT,POSITION_LIMIT
2024-06-21,DECISION,BTCUSDT,POSITION_LIMIT
2024-06-21,DECISION,ETHUSDT,POSITION_LIMIT
2024-06-21,DECISION,SOLUSDT,POSITION_LIMIT
2024-06-21,DECISION,1000BONKUSDT,POSITION_LIMIT
2024-06-22,DECISION,ONDOUSDT,POSITION_LIMIT
2024-06-22,DECISION,BTCUSDT,POSITION_LIMIT
2024-06-22,DECISION,ETHUSDT,POSITION_LIMIT
2024-06-22,DECISION,SOLUSDT,POSITION_LIMIT
2024-06-22,DECISION,1000BONKUSDT,POSITION_LIMIT
2024-06-23,DECISION,BTCUSDT,POSITION_LIMIT
2024-06-23,DECISION,SOLUSDT,POSITION_LIMIT
2024-06-23,DECISION,1000FLOKIUSDT,POSITION_LIMIT
2024-06-23,DECISION,1000BONKUSDT,POSITION_LIMIT
2024-06-24,DECISION,BTCUSDT,POSITION_LIMIT
2024-06-24,DECISION,SOLUSDT,POSITION_LIMIT
2024-06-24,DECISION,1000FLOKIUSDT,POSITION_LIMIT
2024-06-24,DECISION,1000BONKUSDT,POSITION_LIMIT
2024-06-25,DECISION,BTCUSDT,POSITION_LIMIT
2024-06-25,DECISION,SOLUSDT,POSITION_LIMIT
2024-06-25,DECISION,1000FLOKIUSDT,POSITION_LIMIT
2024-06-25,DECISION,1000BONKUSDT,POSITION_LIMIT
2024-06-26,DECISION,BTCUSDT,POSITION_LIMIT
2024-06-26,DECISION,SOLUSDT,POSITION_LIMIT
2024-06-26,DECISION,1000FLOKIUSDT,POSITION_LIMIT
2024-06-26,DECISION,1000BONKUSDT,POSITION_LIMIT
2024-06-27,DECISION,1000BONKUSDT,POSITION_LIMIT
2024-06-27,DECISION,ONDOUSDT,POSITION_LIMIT
2024-06-27,DECISION,BTCUSDT,POSITION_LIMIT
2024-06-27,DECISION,1000FLOKIUSDT,POSITION_LIMIT
2024-06-28,DECISION,ONDOUSDT,POSITION_LIMIT
2024-06-28,DECISION,UNIUSDT,POSITION_LIMIT
2024-06-28,DECISION,BTCUSDT,POSITION_LIMIT
2024-06-28,DECISION,1000FLOKIUSDT,POSITION_LIMIT
2024-06-28,DECISION,AVAXUSDT,POSITION_LIMIT
2024-06-29,DECISION,ONDOUSDT,POSITION_LIMIT
2024-06-29,DECISION,BTCUSDT,POSITION_LIMIT
2024-06-29,DECISION,1000FLOKIUSDT,POSITION_LIMIT
2024-06-29,DECISION,AVAXUSDT,POSITION_LIMIT
2024-06-30,DECISION,1000BONKUSDT,POSITION_LIMIT
2024-06-30,DECISION,BTCUSDT,POSITION_LIMIT
2024-06-30,DECISION,WIFUSDT,POSITION_LIMIT
2024-06-30,DECISION,1000FLOKIUSDT,POSITION_LIMIT
2024-06-30,DECISION,AVAXUSDT,POSITION_LIMIT
2024-06-30,DECISION,INJUSDT,POSITION_LIMIT
2024-07-01,DECISION,ONDOUSDT,POSITION_LIMIT
2024-07-01,DECISION,BTCUSDT,POSITION_LIMIT
2024-07-01,DECISION,WIFUSDT,POSITION_LIMIT
2024-07-01,DECISION,AVAXUSDT,POSITION_LIMIT
2024-07-01,DECISION,1000FLOKIUSDT,POSITION_LIMIT
2024-07-02,DECISION,1000BONKUSDT,POSITION_LIMIT
2024-07-02,DECISION,ONDOUSDT,POSITION_LIMIT
2024-07-02,DECISION,BTCUSDT,POSITION_LIMIT
2024-07-02,DECISION,WIFUSDT,POSITION_LIMIT
2024-07-02,DECISION,AVAXUSDT,POSITION_LIMIT
2024-07-02,DECISION,NEARUSDT,POSITION_LIMIT
2024-07-03,DECISION,BTCUSDT,POSITION_LIMIT
2024-07-03,DECISION,BNBUSDT,POSITION_LIMIT
2024-07-03,DECISION,1000FLOKIUSDT,POSITION_LIMIT
2024-07-03,DECISION,NEARUSDT,POSITION_LIMIT
2024-07-12,DECISION,CRVUSDT,POSITION_LIMIT
2024-07-13,DECISION,1000PEPEUSDT,POSITION_LIMIT
2024-07-13,DECISION,CRVUSDT,POSITION_LIMIT
2024-07-13,DECISION,NEARUSDT,POSITION_LIMIT
2024-07-14,DECISION,BTCUSDT,POSITION_LIMIT
2024-07-14,DECISION,ETHUSDT,POSITION_LIMIT
2024-07-14,DECISION,1000PEPEUSDT,POSITION_LIMIT
2024-07-14,DECISION,DOGEUSDT,POSITION_LIMIT
2024-07-14,DECISION,BNBUSDT,POSITION_LIMIT
2024-07-14,DECISION,1000SHIBUSDT,POSITION_LIMIT
2024-07-14,DECISION,CRVUSDT,POSITION_LIMIT
2024-07-14,DECISION,NEARUSDT,POSITION_LIMIT
2024-07-14,DECISION,BOMEUSDT,POSITION_LIMIT
2024-07-15,DECISION,NEARUSDT,POSITION_LIMIT
2024-07-15,DECISION,BTCUSDT,POSITION_LIMIT
2024-07-15,DECISION,ETHUSDT,POSITION_LIMIT
2024-07-15,DECISION,1000PEPEUSDT,POSITION_LIMIT
2024-07-15,DECISION,BNBUSDT,POSITION_LIMIT
2024-07-15,DECISION,1000SHIBUSDT,POSITION_LIMIT
2024-07-15,DECISION,WIFUSDT,POSITION_LIMIT
2024-07-15,DECISION,DOGEUSDT,POSITION_LIMIT
2024-07-15,DECISION,ORDIUSDT,POSITION_LIMIT
2024-07-15,DECISION,WLDUSDT,POSITION_LIMIT
2024-07-15,DECISION,AVAXUSDT,POSITION_LIMIT
2024-07-15,DECISION,1000RATSUSDT,POSITION_LIMIT
2024-07-15,DECISION,CRVUSDT,POSITION_LIMIT
2024-07-15,DECISION,LDOUSDT,POSITION_LIMIT
2024-07-16,DECISION,NEARUSDT,POSITION_LIMIT
2024-07-16,DECISION,ADAUSDT,POSITION_LIMIT
2024-07-16,DECISION,BTCUSDT,POSITION_LIMIT
2024-07-16,DECISION,ETHUSDT,POSITION_LIMIT
2024-07-16,DECISION,1000PEPEUSDT,POSITION_LIMIT
2024-07-16,DECISION,WLDUSDT,POSITION_LIMIT
2024-07-16,DECISION,BNBUSDT,POSITION_LIMIT
2024-07-16,DECISION,1000SHIBUSDT,POSITION_LIMIT
2024-07-16,DECISION,WIFUSDT,POSITION_LIMIT
2024-07-16,DECISION,DOGEUSDT,POSITION_LIMIT
2024-07-16,DECISION,ORDIUSDT,POSITION_LIMIT
2024-07-16,DECISION,AVAXUSDT,POSITION_LIMIT
2024-07-16,DECISION,1000RATSUSDT,POSITION_LIMIT
2024-07-16,DECISION,BOMEUSDT,POSITION_LIMIT
2024-07-17,DECISION,NEARUSDT,POSITION_LIMIT
2024-07-17,DECISION,ADAUSDT,POSITION_LIMIT
2024-07-17,DECISION,BTCUSDT,POSITION_LIMIT
2024-07-17,DECISION,ETHUSDT,POSITION_LIMIT
2024-07-17,DECISION,1000PEPEUSDT,POSITION_LIMIT
2024-07-17,DECISION,WLDUSDT,POSITION_LIMIT
2024-07-17,DECISION,BNBUSDT,POSITION_LIMIT
2024-07-17,DECISION,1000SHIBUSDT,POSITION_LIMIT
2024-07-17,DECISION,WIFUSDT,POSITION_LIMIT
2024-07-17,DECISION,DOGEUSDT,POSITION_LIMIT
2024-07-17,DECISION,ORDIUSDT,POSITION_LIMIT
2024-07-17,DECISION,AVAXUSDT,POSITION_LIMIT
2024-07-17,DECISION,1000RATSUSDT,POSITION_LIMIT
2024-07-17,DECISION,BOMEUSDT,POSITION_LIMIT
2024-07-18,DECISION,1000SATSUSDT,POSITION_LIMIT
2024-07-18,DECISION,NEARUSDT,POSITION_LIMIT
2024-07-18,DECISION,BTCUSDT,POSITION_LIMIT
2024-07-18,DECISION,ETHUSDT,POSITION_LIMIT
2024-07-18,DECISION,1000PEPEUSDT,POSITION_LIMIT
2024-07-18,DECISION,WLDUSDT,POSITION_LIMIT
2024-07-18,DECISION,BNBUSDT,POSITION_LIMIT
2024-07-18,DECISION,1000SHIBUSDT,POSITION_LIMIT
2024-07-18,DECISION,ADAUSDT,POSITION_LIMIT
2024-07-18,DECISION,DOGEUSDT,POSITION_LIMIT
2024-07-18,DECISION,ORDIUSDT,POSITION_LIMIT
2024-07-18,DECISION,AVAXUSDT,POSITION_LIMIT
2024-07-18,DECISION,1000RATSUSDT,POSITION_LIMIT
2024-07-18,DECISION,BOMEUSDT,POSITION_LIMIT
2024-07-19,DECISION,WIFUSDT,POSITION_LIMIT
2024-07-19,DECISION,PEOPLEUSDT,POSITION_LIMIT
2024-07-19,DECISION,1000SATSUSDT,POSITION_LIMIT
2024-07-19,DECISION,NEARUSDT,POSITION_LIMIT
2024-07-19,DECISION,ETHUSDT,POSITION_LIMIT
2024-07-19,DECISION,DOGEUSDT,POSITION_LIMIT
2024-07-19,DECISION,WLDUSDT,POSITION_LIMIT
2024-07-19,DECISION,BNBUSDT,POSITION_LIMIT
2024-07-19,DECISION,1000SHIBUSDT,POSITION_LIMIT
2024-07-19,DECISION,ADAUSDT,POSITION_LIMIT
2024-07-19,DECISION,ORDIUSDT,POSITION_LIMIT
2024-07-19,DECISION,AVAXUSDT,POSITION_LIMIT
2024-07-19,DECISION,1000RATSUSDT,POSITION_LIMIT
2024-07-19,DECISION,BOMEUSDT,POSITION_LIMIT
2024-07-20,DECISION,WIFUSDT,POSITION_LIMIT
2024-07-20,DECISION,DOGEUSDT,POSITION_LIMIT
2024-07-20,DECISION,PEOPLEUSDT,POSITION_LIMIT
2024-07-20,DECISION,1000SATSUSDT,POSITION_LIMIT
2024-07-20,DECISION,NEARUSDT,POSITION_LIMIT
2024-07-20,DECISION,ETHUSDT,POSITION_LIMIT
2024-07-20,DECISION,WLDUSDT,POSITION_LIMIT
2024-07-20,DECISION,ORDIUSDT,POSITION_LIMIT
2024-07-20,DECISION,BNBUSDT,POSITION_LIMIT
2024-07-20,DECISION,1000SHIBUSDT,POSITION_LIMIT
2024-07-20,DECISION,ADAUSDT,POSITION_LIMIT
2024-07-20,DECISION,AVAXUSDT,POSITION_LIMIT
2024-07-20,DECISION,1000RATSUSDT,POSITION_LIMIT
2024-07-20,DECISION,BOMEUSDT,POSITION_LIMIT
2024-07-21,DECISION,1000PEPEUSDT,POSITION_LIMIT
2024-07-21,DECISION,WIFUSDT,POSITION_LIMIT
2024-07-21,DECISION,DOGEUSDT,POSITION_LIMIT
2024-07-21,DECISION,1000SATSUSDT,POSITION_LIMIT
2024-07-21,DECISION,PEOPLEUSDT,POSITION_LIMIT
2024-07-21,DECISION,BNBUSDT,POSITION_LIMIT
2024-07-21,DECISION,AVAXUSDT,POSITION_LIMIT
2024-07-21,DECISION,NEARUSDT,POSITION_LIMIT
2024-07-21,DECISION,ADAUSDT,POSITION_LIMIT
2024-07-21,DECISION,ORDIUSDT,POSITION_LIMIT
2024-07-21,DECISION,1000SHIBUSDT,POSITION_LIMIT
2024-07-21,DECISION,WLDUSDT,POSITION_LIMIT
2024-07-21,DECISION,1000RATSUSDT,POSITION_LIMIT
2024-07-21,DECISION,BOMEUSDT,POSITION_LIMIT
2024-07-22,DECISION,1000PEPEUSDT,POSITION_LIMIT
2024-07-22,DECISION,WIFUSDT,POSITION_LIMIT
2024-07-22,DECISION,DOGEUSDT,POSITION_LIMIT
2024-07-22,DECISION,BNBUSDT,POSITION_LIMIT
2024-07-22,DECISION,AVAXUSDT,POSITION_LIMIT
2024-07-22,DECISION,ADAUSDT,POSITION_LIMIT
2024-07-22,DECISION,1000SATSUSDT,POSITION_LIMIT
2024-07-22,DECISION,ORDIUSDT,POSITION_LIMIT
2024-07-22,DECISION,PEOPLEUSDT,POSITION_LIMIT
2024-07-22,DECISION,1000SHIBUSDT,POSITION_LIMIT
2024-07-22,DECISION,NEARUSDT,POSITION_LIMIT
2024-07-22,DECISION,WLDUSDT,POSITION_LIMIT
2024-07-22,DECISION,1000RATSUSDT,POSITION_LIMIT
2024-07-22,DECISION,BOMEUSDT,POSITION_LIMIT
2024-07-23,DECISION,1000PEPEUSDT,POSITION_LIMIT
2024-07-23,DECISION,WIFUSDT,POSITION_LIMIT
2024-07-23,DECISION,DOGEUSDT,POSITION_LIMIT
2024-07-23,DECISION,BNBUSDT,POSITION_LIMIT
2024-07-23,DECISION,AVAXUSDT,POSITION_LIMIT
2024-07-23,DECISION,1000FLOKIUSDT,POSITION_LIMIT
2024-07-23,DECISION,1000SATSUSDT,POSITION_LIMIT
2024-07-23,DECISION,PEOPLEUSDT,POSITION_LIMIT
2024-07-23,DECISION,NEARUSDT,POSITION_LIMIT
2024-07-23,DECISION,WLDUSDT,POSITION_LIMIT
2024-07-23,DECISION,ORDIUSDT,POSITION_LIMIT
2024-07-23,DECISION,ADAUSDT,POSITION_LIMIT
2024-07-24,DECISION,AVAXUSDT,POSITION_LIMIT
2024-07-24,DECISION,BTCUSDT,POSITION_LIMIT
2024-07-24,DECISION,ETHUSDT,POSITION_LIMIT
2024-07-24,DECISION,WIFUSDT,POSITION_LIMIT
2024-07-24,DECISION,1000SATSUSDT,POSITION_LIMIT
2024-07-24,DECISION,PEOPLEUSDT,POSITION_LIMIT
2024-07-24,DECISION,BNBUSDT,POSITION_LIMIT
2024-07-24,DECISION,1000FLOKIUSDT,POSITION_LIMIT
2024-07-24,DECISION,WLDUSDT,POSITION_LIMIT
2024-07-24,DECISION,ORDIUSDT,POSITION_LIMIT
2024-07-24,DECISION,ADAUSDT,POSITION_LIMIT
2024-07-24,DECISION,FILUSDT,POSITION_LIMIT
2024-07-25,DECISION,1000PEPEUSDT,POSITION_LIMIT
2024-07-25,DECISION,WIFUSDT,POSITION_LIMIT
2024-07-25,DECISION,DOGEUSDT,POSITION_LIMIT
2024-07-25,DECISION,BNBUSDT,POSITION_LIMIT
2024-07-25,DECISION,PEOPLEUSDT,POSITION_LIMIT
2024-07-25,DECISION,AVAXUSDT,POSITION_LIMIT
2024-07-25,DECISION,1000FLOKIUSDT,POSITION_LIMIT
2024-07-25,DECISION,ETHUSDT,POSITION_LIMIT
2024-07-25,DECISION,ADAUSDT,POSITION_LIMIT
2024-07-26,DECISION,1000PEPEUSDT,POSITION_LIMIT
2024-07-26,DECISION,WIFUSDT,POSITION_LIMIT
2024-07-26,DECISION,DOGEUSDT,POSITION_LIMIT
2024-07-26,DECISION,BNBUSDT,POSITION_LIMIT
2024-07-26,DECISION,PEOPLEUSDT,POSITION_LIMIT
2024-07-26,DECISION,AVAXUSDT,POSITION_LIMIT
2024-07-26,DECISION,1000RATSUSDT,POSITION_LIMIT
2024-07-26,DECISION,1000FLOKIUSDT,POSITION_LIMIT
2024-07-26,DECISION,ETHUSDT,POSITION_LIMIT
2024-07-26,DECISION,ADAUSDT,POSITION_LIMIT
2024-07-27,DECISION,1000PEPEUSDT,POSITION_LIMIT
2024-07-27,DECISION,WIFUSDT,POSITION_LIMIT
2024-07-27,DECISION,DOGEUSDT,POSITION_LIMIT
2024-07-27,DECISION,BNBUSDT,POSITION_LIMIT
2024-07-27,DECISION,PEOPLEUSDT,POSITION_LIMIT
2024-07-27,DECISION,AVAXUSDT,POSITION_LIMIT
2024-07-27,DECISION,1000RATSUSDT,POSITION_LIMIT
2024-07-27,DECISION,ETHUSDT,POSITION_LIMIT
2024-07-27,DECISION,ADAUSDT,POSITION_LIMIT
2024-07-27,DECISION,FILUSDT,POSITION_LIMIT
2024-07-28,DECISION,1000PEPEUSDT,POSITION_LIMIT
2024-07-28,DECISION,DOGEUSDT,POSITION_LIMIT
2024-07-28,DECISION,BNBUSDT,POSITION_LIMIT
2024-07-28,DECISION,PEOPLEUSDT,POSITION_LIMIT
2024-07-28,DECISION,AVAXUSDT,POSITION_LIMIT
2024-07-28,DECISION,1000RATSUSDT,POSITION_LIMIT
2024-07-28,DECISION,ETHUSDT,POSITION_LIMIT
2024-07-28,DECISION,WIFUSDT,POSITION_LIMIT
2024-07-28,DECISION,ADAUSDT,POSITION_LIMIT
2024-07-28,DECISION,FILUSDT,POSITION_LIMIT
2024-07-29,DECISION,DOGEUSDT,POSITION_LIMIT
2024-07-29,DECISION,BNBUSDT,POSITION_LIMIT
2024-07-29,DECISION,PEOPLEUSDT,POSITION_LIMIT
2024-07-29,DECISION,1000RATSUSDT,POSITION_LIMIT
2024-07-29,DECISION,ETHUSDT,POSITION_LIMIT
2024-07-29,DECISION,WIFUSDT,POSITION_LIMIT
2024-07-29,DECISION,AVAXUSDT,POSITION_LIMIT
2024-07-29,DECISION,ADAUSDT,POSITION_LIMIT
2024-07-29,DECISION,FILUSDT,POSITION_LIMIT
2024-07-29,DECISION,1000FLOKIUSDT,POSITION_LIMIT
2024-07-30,DECISION,PEOPLEUSDT,POSITION_LIMIT
2024-07-30,DECISION,1000BONKUSDT,POSITION_LIMIT
2024-07-30,DECISION,1000RATSUSDT,POSITION_LIMIT
2024-07-30,DECISION,ETHUSDT,POSITION_LIMIT
2024-07-30,DECISION,1000PEPEUSDT,POSITION_LIMIT
2024-07-30,DECISION,WIFUSDT,POSITION_LIMIT
2024-07-30,DECISION,ADAUSDT,POSITION_LIMIT
2024-07-30,DECISION,FILUSDT,POSITION_LIMIT
2024-07-31,DECISION,1000BONKUSDT,POSITION_LIMIT
2024-07-31,DECISION,ETHUSDT,POSITION_LIMIT
2024-07-31,DECISION,1000PEPEUSDT,POSITION_LIMIT
2024-07-31,DECISION,WIFUSDT,POSITION_LIMIT
2024-07-31,DECISION,DOGEUSDT,POSITION_LIMIT
2024-07-31,DECISION,1000RATSUSDT,POSITION_LIMIT
2024-07-31,DECISION,FILUSDT,POSITION_LIMIT
2024-08-01,DECISION,PEOPLEUSDT,POSITION_LIMIT
2024-08-01,DECISION,1000BONKUSDT,POSITION_LIMIT
2024-08-01,DECISION,ETHUSDT,POSITION_LIMIT
2024-08-01,DECISION,1000PEPEUSDT,POSITION_LIMIT
2024-08-02,FILL,BTCUSDT,QUANTITY_ROUNDS_TO_ZERO
2024-08-02,DECISION,1000PEPEUSDT,POSITION_LIMIT
2024-08-02,DECISION,1000BONKUSDT,POSITION_LIMIT
2024-08-03,DECISION,1000BONKUSDT,POSITION_LIMIT
2024-08-03,DECISION,BOMEUSDT,POSITION_LIMIT
2024-08-21,DECISION,BNBUSDT,POSITION_LIMIT
2024-08-21,DECISION,ORDIUSDT,POSITION_LIMIT
2024-08-21,DECISION,AVAXUSDT,POSITION_LIMIT
2024-08-21,DECISION,ADAUSDT,POSITION_LIMIT
2024-08-22,FILL,BTCUSDT,QUANTITY_ROUNDS_TO_ZERO
2024-08-22,DECISION,BNBUSDT,POSITION_LIMIT
2024-08-22,DECISION,AVAXUSDT,POSITION_LIMIT
2024-08-22,DECISION,ADAUSDT,POSITION_LIMIT
2024-08-22,DECISION,BTCUSDT,POSITION_LIMIT
2024-08-22,DECISION,ORDIUSDT,POSITION_LIMIT
2024-08-22,DECISION,LINKUSDT,POSITION_LIMIT
2024-08-23,DECISION,BNBUSDT,POSITION_LIMIT
2024-08-23,DECISION,BTCUSDT,POSITION_LIMIT
2024-08-23,DECISION,1000PEPEUSDT,POSITION_LIMIT
2024-08-23,DECISION,DOGEUSDT,POSITION_LIMIT
2024-08-23,DECISION,ORDIUSDT,POSITION_LIMIT
2024-08-23,DECISION,AVAXUSDT,POSITION_LIMIT
2024-08-23,DECISION,BOMEUSDT,POSITION_LIMIT
2024-08-23,DECISION,BCHUSDT,POSITION_LIMIT
2024-08-23,DECISION,ADAUSDT,POSITION_LIMIT
2024-08-23,DECISION,LINKUSDT,POSITION_LIMIT
2024-08-23,DECISION,ETHUSDT,POSITION_LIMIT
2024-08-23,DECISION,WIFUSDT,POSITION_LIMIT
2024-08-23,DECISION,WLDUSDT,POSITION_LIMIT
2024-08-24,DECISION,BNBUSDT,POSITION_LIMIT
2024-08-24,DECISION,BTCUSDT,POSITION_LIMIT
2024-08-24,DECISION,ETHUSDT,POSITION_LIMIT
2024-08-24,DECISION,1000PEPEUSDT,POSITION_LIMIT
2024-08-24,DECISION,WIFUSDT,POSITION_LIMIT
2024-08-24,DECISION,DOGEUSDT,POSITION_LIMIT
2024-08-24,DECISION,ORDIUSDT,POSITION_LIMIT
2024-08-24,DECISION,WLDUSDT,POSITION_LIMIT
2024-08-24,DECISION,AVAXUSDT,POSITION_LIMIT
2024-08-24,DECISION,BOMEUSDT,POSITION_LIMIT
2024-08-24,DECISION,BCHUSDT,POSITION_LIMIT
2024-08-24,DECISION,LINKUSDT,POSITION_LIMIT
2024-08-24,DECISION,ADAUSDT,POSITION_LIMIT
2024-08-24,DECISION,TIAUSDT,POSITION_LIMIT
2024-08-25,DECISION,BNBUSDT,POSITION_LIMIT
2024-08-25,DECISION,BTCUSDT,POSITION_LIMIT
2024-08-25,DECISION,ETHUSDT,POSITION_LIMIT
2024-08-25,DECISION,1000PEPEUSDT,POSITION_LIMIT
2024-08-25,DECISION,WIFUSDT,POSITION_LIMIT
2024-08-25,DECISION,DOGEUSDT,POSITION_LIMIT
2024-08-25,DECISION,ORDIUSDT,POSITION_LIMIT
2024-08-25,DECISION,WLDUSDT,POSITION_LIMIT
2024-08-25,DECISION,AVAXUSDT,POSITION_LIMIT
2024-08-25,DECISION,BOMEUSDT,POSITION_LIMIT
2024-08-25,DECISION,BCHUSDT,POSITION_LIMIT
2024-08-25,DECISION,LINKUSDT,POSITION_LIMIT
2024-08-25,DECISION,ADAUSDT,POSITION_LIMIT
2024-08-25,DECISION,TIAUSDT,POSITION_LIMIT
2024-08-26,DECISION,ETHUSDT,POSITION_LIMIT
2024-08-26,DECISION,1000PEPEUSDT,POSITION_LIMIT
2024-08-26,DECISION,WIFUSDT,POSITION_LIMIT
2024-08-26,DECISION,XRPUSDT,POSITION_LIMIT
2024-08-26,DECISION,BNBUSDT,POSITION_LIMIT
2024-08-26,DECISION,ORDIUSDT,POSITION_LIMIT
2024-08-26,DECISION,WLDUSDT,POSITION_LIMIT
2024-08-26,DECISION,AVAXUSDT,POSITION_LIMIT
2024-08-26,DECISION,LINKUSDT,POSITION_LIMIT
2024-08-26,DECISION,DOGEUSDT,POSITION_LIMIT
2024-08-26,DECISION,BOMEUSDT,POSITION_LIMIT
2024-08-26,DECISION,TIAUSDT,POSITION_LIMIT
2024-08-26,DECISION,BCHUSDT,POSITION_LIMIT
2024-08-27,DECISION,CRVUSDT,POSITION_LIMIT
2024-08-27,DECISION,BTCUSDT,POSITION_LIMIT
2024-08-27,DECISION,1000PEPEUSDT,POSITION_LIMIT
2024-08-27,DECISION,WIFUSDT,POSITION_LIMIT
2024-08-27,DECISION,ORDIUSDT,POSITION_LIMIT
2024-08-27,DECISION,WLDUSDT,POSITION_LIMIT
2024-08-27,DECISION,AVAXUSDT,POSITION_LIMIT
2024-08-27,DECISION,LINKUSDT,POSITION_LIMIT
2024-08-28,DECISION,CRVUSDT,POSITION_LIMIT
2024-08-28,DECISION,BTCUSDT,POSITION_LIMIT
2024-08-28,DECISION,1000PEPEUSDT,POSITION_LIMIT
2024-08-28,DECISION,WIFUSDT,POSITION_LIMIT
2024-08-28,DECISION,WLDUSDT,POSITION_LIMIT
2024-08-28,DECISION,AVAXUSDT,POSITION_LIMIT
2024-08-28,DECISION,LINKUSDT,POSITION_LIMIT
2024-08-29,DECISION,CRVUSDT,POSITION_LIMIT
2024-08-29,DECISION,FTMUSDT,POSITION_LIMIT
2024-08-29,DECISION,BTCUSDT,POSITION_LIMIT
2024-08-29,DECISION,1000PEPEUSDT,POSITION_LIMIT
2024-08-29,DECISION,WIFUSDT,POSITION_LIMIT
2024-08-29,DECISION,AVAXUSDT,POSITION_LIMIT
2024-08-29,DECISION,LINKUSDT,POSITION_LIMIT
2024-08-30,DECISION,CRVUSDT,POSITION_LIMIT
2024-08-30,DECISION,FTMUSDT,POSITION_LIMIT
2024-08-30,DECISION,BTCUSDT,POSITION_LIMIT
2024-08-30,DECISION,1000PEPEUSDT,POSITION_LIMIT
2024-08-30,DECISION,WIFUSDT,POSITION_LIMIT
2024-08-30,DECISION,AVAXUSDT,POSITION_LIMIT
2024-08-30,DECISION,LINKUSDT,POSITION_LIMIT
2024-08-31,DECISION,BNBUSDT,POSITION_LIMIT
2024-08-31,DECISION,SUIUSDT,POSITION_LIMIT
2024-08-31,DECISION,LINKUSDT,POSITION_LIMIT
2024-09-01,DECISION,SUIUSDT,POSITION_LIMIT
2024-09-01,DECISION,FTMUSDT,POSITION_LIMIT
2024-09-02,DECISION,SUIUSDT,POSITION_LIMIT
2024-09-02,DECISION,FTMUSDT,POSITION_LIMIT
2024-09-04,DECISION,FETUSDT,POSITION_LIMIT
2024-09-05,DECISION,FETUSDT,POSITION_LIMIT
2024-09-06,DECISION,FETUSDT,POSITION_LIMIT
2024-09-09,DECISION,DOGEUSDT,POSITION_LIMIT
2024-09-09,DECISION,AVAXUSDT,POSITION_LIMIT
2024-09-09,DECISION,FTMUSDT,POSITION_LIMIT
2024-09-09,DECISION,CRVUSDT,POSITION_LIMIT
2024-09-10,DECISION,WIFUSDT,POSITION_LIMIT
2024-09-10,DECISION,DOGEUSDT,POSITION_LIMIT
2024-09-10,DECISION,TONUSDT,POSITION_LIMIT
2024-09-10,DECISION,AVAXUSDT,POSITION_LIMIT
2024-09-10,DECISION,FETUSDT,POSITION_LIMIT
2024-09-10,DECISION,FTMUSDT,POSITION_LIMIT
2024-09-10,DECISION,CRVUSDT,POSITION_LIMIT
2024-09-11,DECISION,WIFUSDT,POSITION_LIMIT
2024-09-11,DECISION,BNBUSDT,POSITION_LIMIT
2024-09-11,DECISION,DOGEUSDT,POSITION_LIMIT
2024-09-11,DECISION,TONUSDT,POSITION_LIMIT
2024-09-11,DECISION,AVAXUSDT,POSITION_LIMIT
2024-09-11,DECISION,FETUSDT,POSITION_LIMIT
2024-09-11,DECISION,FTMUSDT,POSITION_LIMIT
2024-09-11,DECISION,CRVUSDT,POSITION_LIMIT
2024-09-12,DECISION,SOLUSDT,POSITION_LIMIT
2024-09-12,DECISION,WIFUSDT,POSITION_LIMIT
2024-09-12,DECISION,BNBUSDT,POSITION_LIMIT
2024-09-12,DECISION,DOGEUSDT,POSITION_LIMIT
2024-09-12,DECISION,TONUSDT,POSITION_LIMIT
2024-09-12,DECISION,WLDUSDT,POSITION_LIMIT
2024-09-12,DECISION,AVAXUSDT,POSITION_LIMIT
2024-09-12,DECISION,FTMUSDT,POSITION_LIMIT
2024-09-12,DECISION,CRVUSDT,POSITION_LIMIT
2024-09-13,DECISION,BTCUSDT,POSITION_LIMIT
2024-09-13,DECISION,SOLUSDT,POSITION_LIMIT
2024-09-13,DECISION,1000PEPEUSDT,POSITION_LIMIT
2024-09-13,DECISION,WIFUSDT,POSITION_LIMIT
2024-09-13,DECISION,BNBUSDT,POSITION_LIMIT
2024-09-13,DECISION,DOGEUSDT,POSITION_LIMIT
2024-09-13,DECISION,ORDIUSDT,POSITION_LIMIT
2024-09-13,DECISION,TONUSDT,POSITION_LIMIT
2024-09-13,DECISION,WLDUSDT,POSITION_LIMIT
2024-09-13,DECISION,AVAXUSDT,POSITION_LIMIT
2024-09-13,DECISION,FTMUSDT,POSITION_LIMIT
2024-09-13,DECISION,CRVUSDT,POSITION_LIMIT
2024-09-14,DECISION,BTCUSDT,POSITION_LIMIT
2024-09-14,DECISION,SOLUSDT,POSITION_LIMIT
2024-09-14,DECISION,1000PEPEUSDT,POSITION_LIMIT
2024-09-14,DECISION,WIFUSDT,POSITION_LIMIT
2024-09-14,DECISION,BNBUSDT,POSITION_LIMIT
2024-09-14,DECISION,DOGEUSDT,POSITION_LIMIT
2024-09-14,DECISION,ORDIUSDT,POSITION_LIMIT
2024-09-14,DECISION,TONUSDT,POSITION_LIMIT
2024-09-14,DECISION,WLDUSDT,POSITION_LIMIT
2024-09-14,DECISION,AVAXUSDT,POSITION_LIMIT
2024-09-14,DECISION,CRVUSDT,POSITION_LIMIT
2024-09-15,DECISION,FTMUSDT,POSITION_LIMIT
2024-09-15,DECISION,BTCUSDT,POSITION_LIMIT
2024-09-15,DECISION,1000PEPEUSDT,POSITION_LIMIT
2024-09-15,DECISION,BNBUSDT,POSITION_LIMIT
2024-09-15,DECISION,DOGEUSDT,POSITION_LIMIT
2024-09-15,DECISION,ORDIUSDT,POSITION_LIMIT
2024-09-15,DECISION,TONUSDT,POSITION_LIMIT
2024-09-15,DECISION,WLDUSDT,POSITION_LIMIT
2024-09-15,DECISION,AVAXUSDT,POSITION_LIMIT
2024-09-16,DECISION,PEOPLEUSDT,POSITION_LIMIT
2024-09-16,DECISION,FTMUSDT,POSITION_LIMIT
2024-09-16,DECISION,BTCUSDT,POSITION_LIMIT
2024-09-16,DECISION,BNBUSDT,POSITION_LIMIT
2024-09-16,DECISION,ORDIUSDT,POSITION_LIMIT
2024-09-16,DECISION,TONUSDT,POSITION_LIMIT
2024-09-16,DECISION,WLDUSDT,POSITION_LIMIT
2024-09-16,DECISION,AVAXUSDT,POSITION_LIMIT
2024-09-17,DECISION,FETUSDT,POSITION_LIMIT
2024-09-17,DECISION,PEOPLEUSDT,POSITION_LIMIT
2024-09-17,DECISION,BTCUSDT,POSITION_LIMIT
2024-09-17,DECISION,BNBUSDT,POSITION_LIMIT
2024-09-17,DECISION,ORDIUSDT,POSITION_LIMIT
2024-09-17,DECISION,TONUSDT,POSITION_LIMIT
2024-09-17,DECISION,WLDUSDT,POSITION_LIMIT
2024-09-17,DECISION,AVAXUSDT,POSITION_LIMIT
2024-09-18,DECISION,1000SATSUSDT,POSITION_LIMIT
2024-09-18,DECISION,BTCUSDT,POSITION_LIMIT
2024-09-18,DECISION,BNBUSDT,POSITION_LIMIT
2024-09-18,DECISION,WLDUSDT,POSITION_LIMIT
2024-09-18,DECISION,PEOPLEUSDT,POSITION_LIMIT
2024-09-18,DECISION,ORDIUSDT,POSITION_LIMIT
2024-09-18,DECISION,TONUSDT,POSITION_LIMIT
2024-09-18,DECISION,AVAXUSDT,POSITION_LIMIT
2024-09-19,DECISION,1000SATSUSDT,POSITION_LIMIT
2024-09-19,DECISION,PEOPLEUSDT,POSITION_LIMIT
2024-09-19,DECISION,BTCUSDT,POSITION_LIMIT
2024-09-19,DECISION,SOLUSDT,POSITION_LIMIT
2024-09-19,DECISION,1000PEPEUSDT,POSITION_LIMIT
2024-09-19,DECISION,WIFUSDT,POSITION_LIMIT
2024-09-19,DECISION,BNBUSDT,POSITION_LIMIT
2024-09-19,DECISION,ORDIUSDT,POSITION_LIMIT
2024-09-19,DECISION,WLDUSDT,POSITION_LIMIT
2024-09-19,DECISION,AVAXUSDT,POSITION_LIMIT
2024-09-19,DECISION,ETHUSDT,POSITION_LIMIT
2024-09-19,DECISION,TONUSDT,POSITION_LIMIT
2024-09-20,DECISION,XRPUSDT,POSITION_LIMIT
2024-09-20,DECISION,1000SATSUSDT,POSITION_LIMIT
2024-09-20,DECISION,PEOPLEUSDT,POSITION_LIMIT
2024-09-20,DECISION,BTCUSDT,POSITION_LIMIT
2024-09-20,DECISION,ETHUSDT,POSITION_LIMIT
2024-09-20,DECISION,SOLUSDT,POSITION_LIMIT
2024-09-20,DECISION,1000PEPEUSDT,POSITION_LIMIT
2024-09-20,DECISION,WIFUSDT,POSITION_LIMIT
2024-09-20,DECISION,BNBUSDT,POSITION_LIMIT
2024-09-20,DECISION,ORDIUSDT,POSITION_LIMIT
2024-09-20,DECISION,WLDUSDT,POSITION_LIMIT
2024-09-20,DECISION,TONUSDT,POSITION_LIMIT
2024-09-21,DECISION,AVAXUSDT,POSITION_LIMIT
2024-09-21,DECISION,1000SATSUSDT,POSITION_LIMIT
2024-09-21,DECISION,PEOPLEUSDT,POSITION_LIMIT
2024-09-21,DECISION,BTCUSDT,POSITION_LIMIT
2024-09-21,DECISION,ETHUSDT,POSITION_LIMIT
2024-09-21,DECISION,SOLUSDT,POSITION_LIMIT
2024-09-21,DECISION,1000PEPEUSDT,POSITION_LIMIT
2024-09-21,DECISION,WIFUSDT,POSITION_LIMIT
2024-09-21,DECISION,BNBUSDT,POSITION_LIMIT
2024-09-21,DECISION,DOGEUSDT,POSITION_LIMIT
2024-09-21,DECISION,ORDIUSDT,POSITION_LIMIT
2024-09-21,DECISION,WLDUSDT,POSITION_LIMIT
2024-09-21,DECISION,TONUSDT,POSITION_LIMIT
2024-09-22,DECISION,AVAXUSDT,POSITION_LIMIT
2024-09-22,DECISION,1000SATSUSDT,POSITION_LIMIT
2024-09-22,DECISION,PEOPLEUSDT,POSITION_LIMIT
2024-09-22,DECISION,BTCUSDT,POSITION_LIMIT
2024-09-22,DECISION,ETHUSDT,POSITION_LIMIT
2024-09-22,DECISION,SOLUSDT,POSITION_LIMIT
2024-09-22,DECISION,1000PEPEUSDT,POSITION_LIMIT
2024-09-22,DECISION,WIFUSDT,POSITION_LIMIT
2024-09-22,DECISION,BNBUSDT,POSITION_LIMIT
2024-09-22,DECISION,DOGEUSDT,POSITION_LIMIT
2024-09-22,DECISION,ORDIUSDT,POSITION_LIMIT
2024-09-22,DECISION,WLDUSDT,POSITION_LIMIT
2024-09-22,DECISION,TONUSDT,POSITION_LIMIT
2024-09-23,DECISION,AVAXUSDT,POSITION_LIMIT
2024-09-23,DECISION,PEOPLEUSDT,POSITION_LIMIT
2024-09-23,DECISION,XRPUSDT,POSITION_LIMIT
2024-09-23,DECISION,1000SATSUSDT,POSITION_LIMIT
2024-09-23,DECISION,BTCUSDT,POSITION_LIMIT
2024-09-23,DECISION,ETHUSDT,POSITION_LIMIT
2024-09-23,DECISION,SOLUSDT,POSITION_LIMIT
2024-09-23,DECISION,1000PEPEUSDT,POSITION_LIMIT
2024-09-23,DECISION,WIFUSDT,POSITION_LIMIT
2024-09-23,DECISION,DOGEUSDT,POSITION_LIMIT
2024-09-23,DECISION,ORDIUSDT,POSITION_LIMIT
2024-09-23,DECISION,WLDUSDT,POSITION_LIMIT
2024-09-23,DECISION,TONUSDT,POSITION_LIMIT
2024-09-24,DECISION,BTCUSDT,POSITION_LIMIT
2024-09-24,DECISION,WIFUSDT,POSITION_LIMIT
2024-09-24,DECISION,AVAXUSDT,POSITION_LIMIT
2024-09-24,DECISION,PEOPLEUSDT,POSITION_LIMIT
2024-09-24,DECISION,XRPUSDT,POSITION_LIMIT
2024-09-24,DECISION,1000SATSUSDT,POSITION_LIMIT
2024-09-24,DECISION,ORDIUSDT,POSITION_LIMIT
2024-09-24,DECISION,ETHUSDT,POSITION_LIMIT
2024-09-24,DECISION,SOLUSDT,POSITION_LIMIT
2024-09-24,DECISION,1000PEPEUSDT,POSITION_LIMIT
2024-09-24,DECISION,DOGEUSDT,POSITION_LIMIT
2024-09-24,DECISION,WLDUSDT,POSITION_LIMIT
2024-09-24,DECISION,TONUSDT,POSITION_LIMIT
2024-09-24,DECISION,NOTUSDT,POSITION_LIMIT
2024-09-25,DECISION,WIFUSDT,POSITION_LIMIT
2024-09-25,DECISION,WLDUSDT,POSITION_LIMIT
2024-09-25,DECISION,PEOPLEUSDT,POSITION_LIMIT
2024-09-25,DECISION,BTCUSDT,POSITION_LIMIT
2024-09-25,DECISION,XRPUSDT,POSITION_LIMIT
2024-09-25,DECISION,1000SATSUSDT,POSITION_LIMIT
2024-09-25,DECISION,ORDIUSDT,POSITION_LIMIT
2024-09-25,DECISION,AVAXUSDT,POSITION_LIMIT
2024-09-25,DECISION,ETHUSDT,POSITION_LIMIT
2024-09-25,DECISION,SOLUSDT,POSITION_LIMIT
2024-09-25,DECISION,1000PEPEUSDT,POSITION_LIMIT
2024-09-25,DECISION,DOGEUSDT,POSITION_LIMIT
2024-09-25,DECISION,NOTUSDT,POSITION_LIMIT
2024-09-25,DECISION,TONUSDT,POSITION_LIMIT
2024-09-26,DECISION,ORDIUSDT,POSITION_LIMIT
2024-09-26,DECISION,FETUSDT,POSITION_LIMIT
2024-09-26,DECISION,PEOPLEUSDT,POSITION_LIMIT
2024-09-26,DECISION,BTCUSDT,POSITION_LIMIT
2024-09-26,DECISION,1000PEPEUSDT,POSITION_LIMIT
2024-09-26,DECISION,WIFUSDT,POSITION_LIMIT
2024-09-26,DECISION,DOGEUSDT,POSITION_LIMIT
2024-09-26,DECISION,WLDUSDT,POSITION_LIMIT
2024-09-26,DECISION,AVAXUSDT,POSITION_LIMIT
2024-09-26,DECISION,SOLUSDT,POSITION_LIMIT
2024-09-26,DECISION,XRPUSDT,POSITION_LIMIT
2024-09-26,DECISION,TONUSDT,POSITION_LIMIT
2024-09-26,DECISION,ETHUSDT,POSITION_LIMIT
2024-09-26,DECISION,NOTUSDT,POSITION_LIMIT
2024-09-27,DECISION,PEOPLEUSDT,POSITION_LIMIT
2024-09-27,DECISION,ORDIUSDT,POSITION_LIMIT
2024-09-27,DECISION,FETUSDT,POSITION_LIMIT
2024-09-27,DECISION,AVAXUSDT,POSITION_LIMIT
2024-09-27,DECISION,BTCUSDT,POSITION_LIMIT
2024-09-27,DECISION,1000PEPEUSDT,POSITION_LIMIT
2024-09-27,DECISION,WIFUSDT,POSITION_LIMIT
2024-09-27,DECISION,DOGEUSDT,POSITION_LIMIT
2024-09-27,DECISION,WLDUSDT,POSITION_LIMIT
2024-09-27,DECISION,ETHUSDT,POSITION_LIMIT
2024-09-27,DECISION,SOLUSDT,POSITION_LIMIT
2024-09-27,DECISION,XRPUSDT,POSITION_LIMIT
2024-09-27,DECISION,TONUSDT,POSITION_LIMIT
2024-09-27,DECISION,NOTUSDT,POSITION_LIMIT
2024-09-28,DECISION,AAVEUSDT,POSITION_LIMIT
2024-09-28,DECISION,PEOPLEUSDT,POSITION_LIMIT
2024-09-28,DECISION,ORDIUSDT,POSITION_LIMIT
2024-09-28,DECISION,AVAXUSDT,POSITION_LIMIT
2024-09-28,DECISION,BTCUSDT,POSITION_LIMIT
2024-09-28,DECISION,1000PEPEUSDT,POSITION_LIMIT
2024-09-28,DECISION,WIFUSDT,POSITION_LIMIT
2024-09-28,DECISION,DOGEUSDT,POSITION_LIMIT
2024-09-28,DECISION,FETUSDT,POSITION_LIMIT
2024-09-28,DECISION,WLDUSDT,POSITION_LIMIT
2024-09-28,DECISION,ETHUSDT,POSITION_LIMIT
2024-09-28,DECISION,SOLUSDT,POSITION_LIMIT
2024-09-28,DECISION,TONUSDT,POSITION_LIMIT
2024-09-28,DECISION,NOTUSDT,POSITION_LIMIT
2024-09-29,DECISION,AAVEUSDT,POSITION_LIMIT
2024-09-29,DECISION,PEOPLEUSDT,POSITION_LIMIT
2024-09-29,DECISION,ORDIUSDT,POSITION_LIMIT
2024-09-29,DECISION,AVAXUSDT,POSITION_LIMIT
2024-09-29,DECISION,BTCUSDT,POSITION_LIMIT
2024-09-29,DECISION,1000PEPEUSDT,POSITION_LIMIT
2024-09-29,DECISION,WIFUSDT,POSITION_LIMIT
2024-09-29,DECISION,DOGEUSDT,POSITION_LIMIT
2024-09-29,DECISION,FETUSDT,POSITION_LIMIT
2024-09-29,DECISION,WLDUSDT,POSITION_LIMIT
2024-09-29,DECISION,ETHUSDT,POSITION_LIMIT
2024-09-29,DECISION,SOLUSDT,POSITION_LIMIT
2024-09-29,DECISION,TONUSDT,POSITION_LIMIT
2024-09-29,DECISION,TIAUSDT,POSITION_LIMIT
2024-09-30,DECISION,PEOPLEUSDT,POSITION_LIMIT
2024-09-30,DECISION,ORDIUSDT,POSITION_LIMIT
2024-09-30,DECISION,AVAXUSDT,POSITION_LIMIT
2024-09-30,DECISION,BTCUSDT,POSITION_LIMIT
2024-09-30,DECISION,1000PEPEUSDT,POSITION_LIMIT
2024-09-30,DECISION,WIFUSDT,POSITION_LIMIT
2024-09-30,DECISION,BNBUSDT,POSITION_LIMIT
2024-09-30,DECISION,DOGEUSDT,POSITION_LIMIT
2024-09-30,DECISION,ETHUSDT,POSITION_LIMIT
2024-09-30,DECISION,SOLUSDT,POSITION_LIMIT
2024-09-30,DECISION,FETUSDT,POSITION_LIMIT
2024-09-30,DECISION,WLDUSDT,POSITION_LIMIT
2024-09-30,DECISION,TIAUSDT,POSITION_LIMIT
2024-09-30,DECISION,TONUSDT,POSITION_LIMIT
2024-10-01,DECISION,1000PEPEUSDT,POSITION_LIMIT
2024-10-01,DECISION,WIFUSDT,POSITION_LIMIT
2024-10-01,DECISION,BNBUSDT,POSITION_LIMIT
2024-10-01,DECISION,ORDIUSDT,POSITION_LIMIT
2024-10-01,DECISION,DOGEUSDT,POSITION_LIMIT
2024-10-01,DECISION,FETUSDT,POSITION_LIMIT
2024-10-01,DECISION,WLDUSDT,POSITION_LIMIT
2024-10-01,DECISION,AVAXUSDT,POSITION_LIMIT
2024-10-01,DECISION,BTCUSDT,POSITION_LIMIT
2024-10-01,DECISION,SOLUSDT,POSITION_LIMIT
2024-10-01,DECISION,TIAUSDT,POSITION_LIMIT
2024-10-01,DECISION,ETHUSDT,POSITION_LIMIT
2024-10-02,DECISION,WIFUSDT,POSITION_LIMIT
2024-10-02,DECISION,BNBUSDT,POSITION_LIMIT
2024-10-02,DECISION,ORDIUSDT,POSITION_LIMIT
2024-10-02,DECISION,FETUSDT,POSITION_LIMIT
2024-10-02,DECISION,WLDUSDT,POSITION_LIMIT
2024-10-02,DECISION,AAVEUSDT,POSITION_LIMIT
2024-10-02,DECISION,AVAXUSDT,POSITION_LIMIT
2024-10-02,DECISION,BTCUSDT,POSITION_LIMIT
2024-10-02,DECISION,DOGEUSDT,POSITION_LIMIT
2024-10-02,DECISION,ETHUSDT,POSITION_LIMIT
2024-10-02,DECISION,SOLUSDT,POSITION_LIMIT
2024-10-02,DECISION,TIAUSDT,POSITION_LIMIT
2024-10-03,DECISION,ORDIUSDT,POSITION_LIMIT
2024-10-03,DECISION,FTMUSDT,POSITION_LIMIT
2024-10-03,DECISION,WLDUSDT,POSITION_LIMIT
2024-10-03,DECISION,AAVEUSDT,POSITION_LIMIT
2024-10-03,DECISION,PEOPLEUSDT,POSITION_LIMIT
2024-10-03,DECISION,SAGAUSDT,POSITION_LIMIT
2024-10-03,DECISION,BTCUSDT,POSITION_LIMIT
2024-10-03,DECISION,DOGEUSDT,POSITION_LIMIT
2024-10-03,DECISION,FETUSDT,POSITION_LIMIT
2024-10-03,DECISION,AVAXUSDT,POSITION_LIMIT
2024-10-03,DECISION,SOLUSDT,POSITION_LIMIT
2024-10-03,DECISION,TIAUSDT,POSITION_LIMIT
2024-10-04,DECISION,ORDIUSDT,POSITION_LIMIT
2024-10-04,DECISION,FTMUSDT,POSITION_LIMIT
2024-10-04,DECISION,WLDUSDT,POSITION_LIMIT
2024-10-04,DECISION,AAVEUSDT,POSITION_LIMIT
2024-10-04,DECISION,PEOPLEUSDT,POSITION_LIMIT
2024-10-04,DECISION,SAGAUSDT,POSITION_LIMIT
2024-10-04,DECISION,BTCUSDT,POSITION_LIMIT
2024-10-04,DECISION,DOGEUSDT,POSITION_LIMIT
2024-10-04,DECISION,FETUSDT,POSITION_LIMIT
2024-10-04,DECISION,AVAXUSDT,POSITION_LIMIT
2024-10-04,DECISION,SOLUSDT,POSITION_LIMIT
2024-10-04,DECISION,TIAUSDT,POSITION_LIMIT
2024-10-05,DECISION,ORDIUSDT,POSITION_LIMIT
2024-10-05,DECISION,FTMUSDT,POSITION_LIMIT
2024-10-05,DECISION,WLDUSDT,POSITION_LIMIT
2024-10-05,DECISION,AAVEUSDT,POSITION_LIMIT
2024-10-05,DECISION,SAGAUSDT,POSITION_LIMIT
2024-10-05,DECISION,PEOPLEUSDT,POSITION_LIMIT
2024-10-05,DECISION,BTCUSDT,POSITION_LIMIT
2024-10-05,DECISION,DOGEUSDT,POSITION_LIMIT
2024-10-05,DECISION,FETUSDT,POSITION_LIMIT
2024-10-05,DECISION,AVAXUSDT,POSITION_LIMIT
2024-10-05,DECISION,SOLUSDT,POSITION_LIMIT
2024-10-05,DECISION,TIAUSDT,POSITION_LIMIT
2024-10-06,DECISION,ORDIUSDT,POSITION_LIMIT
2024-10-06,DECISION,FTMUSDT,POSITION_LIMIT
2024-10-06,DECISION,WLDUSDT,POSITION_LIMIT
2024-10-06,DECISION,SAGAUSDT,POSITION_LIMIT
2024-10-06,DECISION,AAVEUSDT,POSITION_LIMIT
2024-10-06,DECISION,PEOPLEUSDT,POSITION_LIMIT
2024-10-06,DECISION,BTCUSDT,POSITION_LIMIT
2024-10-06,DECISION,DOGEUSDT,POSITION_LIMIT
2024-10-06,DECISION,FETUSDT,POSITION_LIMIT
2024-10-06,DECISION,AVAXUSDT,POSITION_LIMIT
2024-10-06,DECISION,SOLUSDT,POSITION_LIMIT
2024-10-06,DECISION,TIAUSDT,POSITION_LIMIT
2024-10-07,DECISION,XRPUSDT,POSITION_LIMIT
2024-10-07,DECISION,BNBUSDT,POSITION_LIMIT
2024-10-07,DECISION,WLDUSDT,POSITION_LIMIT
2024-10-07,DECISION,ORDIUSDT,POSITION_LIMIT
2024-10-07,DECISION,FTMUSDT,POSITION_LIMIT
2024-10-07,DECISION,AAVEUSDT,POSITION_LIMIT
2024-10-07,DECISION,BTCUSDT,POSITION_LIMIT
2024-10-07,DECISION,DOGEUSDT,POSITION_LIMIT
2024-10-07,DECISION,FETUSDT,POSITION_LIMIT
2024-10-07,DECISION,AVAXUSDT,POSITION_LIMIT
2024-10-07,DECISION,SOLUSDT,POSITION_LIMIT
2024-10-07,DECISION,TIAUSDT,POSITION_LIMIT
2024-10-08,DECISION,XRPUSDT,POSITION_LIMIT
2024-10-08,DECISION,BNBUSDT,POSITION_LIMIT
2024-10-08,DECISION,WLDUSDT,POSITION_LIMIT
2024-10-08,DECISION,ORDIUSDT,POSITION_LIMIT
2024-10-08,DECISION,FTMUSDT,POSITION_LIMIT
2024-10-08,DECISION,AAVEUSDT,POSITION_LIMIT
2024-10-08,DECISION,BTCUSDT,POSITION_LIMIT
2024-10-08,DECISION,DOGEUSDT,POSITION_LIMIT
2024-10-08,DECISION,FETUSDT,POSITION_LIMIT
2024-10-08,DECISION,AVAXUSDT,POSITION_LIMIT
2024-10-08,DECISION,SOLUSDT,POSITION_LIMIT
2024-10-08,DECISION,TIAUSDT,POSITION_LIMIT
2024-10-09,DECISION,XRPUSDT,POSITION_LIMIT
2024-10-09,DECISION,BNBUSDT,POSITION_LIMIT
2024-10-09,DECISION,WLDUSDT,POSITION_LIMIT
2024-10-09,DECISION,FTMUSDT,POSITION_LIMIT
2024-10-09,DECISION,ORDIUSDT,POSITION_LIMIT
2024-10-09,DECISION,AAVEUSDT,POSITION_LIMIT
2024-10-09,DECISION,DOGEUSDT,POSITION_LIMIT
2024-10-09,DECISION,AVAXUSDT,POSITION_LIMIT
2024-10-09,DECISION,BTCUSDT,POSITION_LIMIT
2024-10-09,DECISION,SOLUSDT,POSITION_LIMIT
2024-10-09,DECISION,TIAUSDT,POSITION_LIMIT
2024-10-09,DECISION,FETUSDT,POSITION_LIMIT
2024-10-10,DECISION,1000PEPEUSDT,POSITION_LIMIT
2024-10-10,DECISION,XRPUSDT,POSITION_LIMIT
2024-10-10,DECISION,BNBUSDT,POSITION_LIMIT
2024-10-10,DECISION,WLDUSDT,POSITION_LIMIT
2024-10-10,DECISION,FTMUSDT,POSITION_LIMIT
2024-10-10,DECISION,ORDIUSDT,POSITION_LIMIT
2024-10-10,DECISION,PEOPLEUSDT,POSITION_LIMIT
2024-10-10,DECISION,DOGEUSDT,POSITION_LIMIT
2024-10-10,DECISION,SOLUSDT,POSITION_LIMIT
2024-10-10,DECISION,TIAUSDT,POSITION_LIMIT
2024-10-10,DECISION,FETUSDT,POSITION_LIMIT
2024-10-11,DECISION,1000SHIBUSDT,POSITION_LIMIT
2024-10-11,DECISION,1000PEPEUSDT,POSITION_LIMIT
2024-10-11,DECISION,XRPUSDT,POSITION_LIMIT
2024-10-11,DECISION,BNBUSDT,POSITION_LIMIT
2024-10-11,DECISION,WLDUSDT,POSITION_LIMIT
2024-10-11,DECISION,FTMUSDT,POSITION_LIMIT
2024-10-11,DECISION,ORDIUSDT,POSITION_LIMIT
2024-10-11,DECISION,DOGEUSDT,POSITION_LIMIT
2024-10-11,DECISION,TIAUSDT,POSITION_LIMIT
2024-10-11,DECISION,SOLUSDT,POSITION_LIMIT
2024-10-11,DECISION,FETUSDT,POSITION_LIMIT
2024-10-12,DECISION,FTMUSDT,POSITION_LIMIT
2024-10-12,DECISION,1000SHIBUSDT,POSITION_LIMIT
2024-10-12,DECISION,XRPUSDT,POSITION_LIMIT
2024-10-12,DECISION,WLDUSDT,POSITION_LIMIT
2024-10-12,DECISION,1000PEPEUSDT,POSITION_LIMIT
2024-10-12,DECISION,BNBUSDT,POSITION_LIMIT
2024-10-12,DECISION,ORDIUSDT,POSITION_LIMIT
2024-10-12,DECISION,DOGEUSDT,POSITION_LIMIT
2024-10-12,DECISION,TIAUSDT,POSITION_LIMIT
2024-10-12,DECISION,FETUSDT,POSITION_LIMIT
2024-10-12,DECISION,BTCUSDT,POSITION_LIMIT
2024-10-12,DECISION,ETHUSDT,POSITION_LIMIT
2024-10-12,DECISION,SOLUSDT,POSITION_LIMIT
2024-10-13,DECISION,FTMUSDT,POSITION_LIMIT
2024-10-13,DECISION,1000SHIBUSDT,POSITION_LIMIT
2024-10-13,DECISION,XRPUSDT,POSITION_LIMIT
2024-10-13,DECISION,WLDUSDT,POSITION_LIMIT
2024-10-13,DECISION,1000PEPEUSDT,POSITION_LIMIT
2024-10-13,DECISION,BNBUSDT,POSITION_LIMIT
2024-10-13,DECISION,ORDIUSDT,POSITION_LIMIT
2024-10-13,DECISION,SOLUSDT,POSITION_LIMIT
2024-10-13,DECISION,DOGEUSDT,POSITION_LIMIT
2024-10-13,DECISION,TIAUSDT,POSITION_LIMIT
2024-10-13,DECISION,FETUSDT,POSITION_LIMIT
2024-10-13,DECISION,BTCUSDT,POSITION_LIMIT
2024-10-13,DECISION,ETHUSDT,POSITION_LIMIT
2024-10-14,DECISION,1000SHIBUSDT,POSITION_LIMIT
2024-10-14,DECISION,SEIUSDT,POSITION_LIMIT
2024-10-14,DECISION,BTCUSDT,POSITION_LIMIT
2024-10-14,DECISION,WLDUSDT,POSITION_LIMIT
2024-10-14,DECISION,1000PEPEUSDT,POSITION_LIMIT
2024-10-14,DECISION,XRPUSDT,POSITION_LIMIT
2024-10-14,DECISION,BNBUSDT,POSITION_LIMIT
2024-10-14,DECISION,ORDIUSDT,POSITION_LIMIT
2024-10-14,DECISION,DOGEUSDT,POSITION_LIMIT
2024-10-14,DECISION,SOLUSDT,POSITION_LIMIT
2024-10-14,DECISION,TIAUSDT,POSITION_LIMIT
2024-10-14,DECISION,FETUSDT,POSITION_LIMIT
2024-10-14,DECISION,ETHUSDT,POSITION_LIMIT
2024-10-14,DECISION,1000SATSUSDT,POSITION_LIMIT
2024-10-15,DECISION,SEIUSDT,POSITION_LIMIT
2024-10-15,DECISION,BTCUSDT,POSITION_LIMIT
2024-10-15,DECISION,WLDUSDT,POSITION_LIMIT
2024-10-15,DECISION,1000PEPEUSDT,POSITION_LIMIT
2024-10-15,DECISION,XRPUSDT,POSITION_LIMIT
2024-10-15,DECISION,BNBUSDT,POSITION_LIMIT
2024-10-15,DECISION,ORDIUSDT,POSITION_LIMIT
2024-10-15,DECISION,DOGEUSDT,POSITION_LIMIT
2024-10-15,DECISION,REEFUSDT,POSITION_LIMIT
2024-10-15,DECISION,SOLUSDT,POSITION_LIMIT
2024-10-15,DECISION,TIAUSDT,POSITION_LIMIT
2024-10-15,DECISION,FETUSDT,POSITION_LIMIT
2024-10-15,DECISION,ETHUSDT,POSITION_LIMIT
2024-10-15,DECISION,1000SATSUSDT,POSITION_LIMIT
2024-10-16,DECISION,BTCUSDT,POSITION_LIMIT
2024-10-16,DECISION,WIFUSDT,POSITION_LIMIT
2024-10-16,DECISION,WLDUSDT,POSITION_LIMIT
2024-10-16,DECISION,SEIUSDT,POSITION_LIMIT
2024-10-16,DECISION,1000PEPEUSDT,POSITION_LIMIT
2024-10-16,DECISION,XRPUSDT,POSITION_LIMIT
2024-10-16,DECISION,BNBUSDT,POSITION_LIMIT
2024-10-16,DECISION,ORDIUSDT,POSITION_LIMIT
2024-10-16,DECISION,DOGEUSDT,POSITION_LIMIT
2024-10-16,DECISION,SOLUSDT,POSITION_LIMIT
2024-10-16,DECISION,REEFUSDT,POSITION_LIMIT
2024-10-16,DECISION,TIAUSDT,POSITION_LIMIT
2024-10-16,DECISION,FETUSDT,POSITION_LIMIT
2024-10-16,DECISION,ETHUSDT,POSITION_LIMIT
2024-10-17,DECISION,BTCUSDT,POSITION_LIMIT
2024-10-17,DECISION,WIFUSDT,POSITION_LIMIT
2024-10-17,DECISION,WLDUSDT,POSITION_LIMIT
2024-10-17,DECISION,DOGEUSDT,POSITION_LIMIT
2024-10-17,DECISION,SEIUSDT,POSITION_LIMIT
2024-10-17,DECISION,1000PEPEUSDT,POSITION_LIMIT
2024-10-17,DECISION,XRPUSDT,POSITION_LIMIT
2024-10-17,DECISION,BNBUSDT,POSITION_LIMIT
2024-10-17,DECISION,ORDIUSDT,POSITION_LIMIT
2024-10-17,DECISION,SOLUSDT,POSITION_LIMIT
2024-10-17,DECISION,REEFUSDT,POSITION_LIMIT
2024-10-17,DECISION,TIAUSDT,POSITION_LIMIT
2024-10-17,DECISION,ETHUSDT,POSITION_LIMIT
2024-10-17,DECISION,FETUSDT,POSITION_LIMIT
2024-10-18,DECISION,1000SHIBUSDT,POSITION_LIMIT
2024-10-18,DECISION,WIFUSDT,POSITION_LIMIT
2024-10-18,DECISION,WLDUSDT,POSITION_LIMIT
2024-10-18,DECISION,DOGEUSDT,POSITION_LIMIT
2024-10-18,DECISION,SEIUSDT,POSITION_LIMIT
2024-10-18,DECISION,1000PEPEUSDT,POSITION_LIMIT
2024-10-18,DECISION,XRPUSDT,POSITION_LIMIT
2024-10-18,DECISION,BNBUSDT,POSITION_LIMIT
2024-10-18,DECISION,ORDIUSDT,POSITION_LIMIT
2024-10-18,DECISION,SOLUSDT,POSITION_LIMIT
2024-10-18,DECISION,REEFUSDT,POSITION_LIMIT
2024-10-18,DECISION,TIAUSDT,POSITION_LIMIT
2024-10-18,DECISION,ETHUSDT,POSITION_LIMIT
2024-10-18,DECISION,FETUSDT,POSITION_LIMIT
2024-10-19,DECISION,WIFUSDT,POSITION_LIMIT
2024-10-19,DECISION,WLDUSDT,POSITION_LIMIT
2024-10-19,DECISION,FTMUSDT,POSITION_LIMIT
2024-10-19,DECISION,ENAUSDT,POSITION_LIMIT
2024-10-19,DECISION,SEIUSDT,POSITION_LIMIT
2024-10-19,DECISION,SOLUSDT,POSITION_LIMIT
2024-10-19,DECISION,1000PEPEUSDT,POSITION_LIMIT
2024-10-19,DECISION,XRPUSDT,POSITION_LIMIT
2024-10-19,DECISION,BNBUSDT,POSITION_LIMIT
2024-10-19,DECISION,ORDIUSDT,POSITION_LIMIT
2024-10-19,DECISION,TAOUSDT,POSITION_LIMIT
2024-10-19,DECISION,REEFUSDT,POSITION_LIMIT
2024-10-19,DECISION,ETHUSDT,POSITION_LIMIT
2024-10-19,DECISION,TIAUSDT,POSITION_LIMIT
2024-10-20,DECISION,APTUSDT,POSITION_LIMIT
2024-10-20,DECISION,SOLUSDT,POSITION_LIMIT
2024-10-20,DECISION,WIFUSDT,POSITION_LIMIT
2024-10-20,DECISION,WLDUSDT,POSITION_LIMIT
2024-10-20,DECISION,BNBUSDT,POSITION_LIMIT
2024-10-20,DECISION,ENAUSDT,POSITION_LIMIT
2024-10-20,DECISION,SEIUSDT,POSITION_LIMIT
2024-10-20,DECISION,ETHUSDT,POSITION_LIMIT
2024-10-20,DECISION,1000PEPEUSDT,POSITION_LIMIT
2024-10-20,DECISION,XRPUSDT,POSITION_LIMIT
2024-10-20,DECISION,TAOUSDT,POSITION_LIMIT
2024-10-20,DECISION,ORDIUSDT,POSITION_LIMIT
2024-10-20,DECISION,REEFUSDT,POSITION_LIMIT
2024-10-20,DECISION,TIAUSDT,POSITION_LIMIT
2024-10-21,DECISION,SUIUSDT,POSITION_LIMIT
2024-10-21,DECISION,WLDUSDT,POSITION_LIMIT
2024-10-21,DECISION,BNBUSDT,POSITION_LIMIT
2024-10-21,DECISION,SAGAUSDT,POSITION_LIMIT
2024-10-21,DECISION,ENAUSDT,POSITION_LIMIT
2024-10-21,DECISION,ETHUSDT,POSITION_LIMIT
2024-10-21,DECISION,1000PEPEUSDT,POSITION_LIMIT
2024-10-21,DECISION,WIFUSDT,POSITION_LIMIT
2024-10-21,DECISION,XRPUSDT,POSITION_LIMIT
2024-10-21,DECISION,TAOUSDT,POSITION_LIMIT
2024-10-21,DECISION,SEIUSDT,POSITION_LIMIT
2024-10-21,DECISION,ORDIUSDT,POSITION_LIMIT
2024-10-21,DECISION,REEFUSDT,POSITION_LIMIT
2024-10-21,DECISION,TIAUSDT,POSITION_LIMIT
2024-10-22,DECISION,BNBUSDT,POSITION_LIMIT
2024-10-22,DECISION,1000SHIBUSDT,POSITION_LIMIT
2024-10-22,DECISION,FTMUSDT,POSITION_LIMIT
2024-10-22,DECISION,SAGAUSDT,POSITION_LIMIT
2024-10-22,DECISION,ENAUSDT,POSITION_LIMIT
2024-10-22,DECISION,ETHUSDT,POSITION_LIMIT
2024-10-22,DECISION,1000PEPEUSDT,POSITION_LIMIT
2024-10-22,DECISION,WIFUSDT,POSITION_LIMIT
2024-10-22,DECISION,TAOUSDT,POSITION_LIMIT
2024-10-22,DECISION,SEIUSDT,POSITION_LIMIT
2024-10-22,DECISION,XRPUSDT,POSITION_LIMIT
2024-10-22,DECISION,ORDIUSDT,POSITION_LIMIT
2024-10-22,DECISION,REEFUSDT,POSITION_LIMIT
2024-10-22,DECISION,TIAUSDT,POSITION_LIMIT
2024-10-23,DECISION,FTMUSDT,POSITION_LIMIT
2024-10-23,DECISION,SAGAUSDT,POSITION_LIMIT
2024-10-23,DECISION,WIFUSDT,POSITION_LIMIT
2024-10-23,DECISION,WLDUSDT,POSITION_LIMIT
2024-10-23,DECISION,BNBUSDT,POSITION_LIMIT
2024-10-23,DECISION,TAOUSDT,POSITION_LIMIT
2024-10-23,DECISION,ENAUSDT,POSITION_LIMIT
2024-10-23,DECISION,SEIUSDT,POSITION_LIMIT
2024-10-23,DECISION,ETHUSDT,POSITION_LIMIT
2024-10-23,DECISION,1000PEPEUSDT,POSITION_LIMIT
2024-10-23,DECISION,XRPUSDT,POSITION_LIMIT
2024-10-23,DECISION,ORDIUSDT,POSITION_LIMIT
2024-10-23,DECISION,REEFUSDT,POSITION_LIMIT
2024-10-23,DECISION,TIAUSDT,POSITION_LIMIT
2024-10-24,DECISION,FTMUSDT,POSITION_LIMIT
2024-10-24,DECISION,WIFUSDT,POSITION_LIMIT
2024-10-24,DECISION,WLDUSDT,POSITION_LIMIT
2024-10-24,DECISION,BNBUSDT,POSITION_LIMIT
2024-10-24,DECISION,TAOUSDT,POSITION_LIMIT
2024-10-24,DECISION,SAGAUSDT,POSITION_LIMIT
2024-10-24,DECISION,ENAUSDT,POSITION_LIMIT
2024-10-24,DECISION,SEIUSDT,POSITION_LIMIT
2024-10-24,DECISION,ETHUSDT,POSITION_LIMIT
2024-10-24,DECISION,1000PEPEUSDT,POSITION_LIMIT
2024-10-24,DECISION,XRPUSDT,POSITION_LIMIT
2024-10-24,DECISION,ORDIUSDT,POSITION_LIMIT
2024-10-24,DECISION,REEFUSDT,POSITION_LIMIT
2024-10-24,DECISION,TIAUSDT,POSITION_LIMIT
2024-10-25,DECISION,WLDUSDT,POSITION_LIMIT
2024-10-25,DECISION,BNBUSDT,POSITION_LIMIT
2024-10-25,DECISION,1000SHIBUSDT,POSITION_LIMIT
2024-10-25,DECISION,FTMUSDT,POSITION_LIMIT
2024-10-25,DECISION,ENAUSDT,POSITION_LIMIT
2024-10-25,DECISION,ETHUSDT,POSITION_LIMIT
2024-10-25,DECISION,TAOUSDT,POSITION_LIMIT
2024-10-25,DECISION,REEFUSDT,POSITION_LIMIT
2024-10-25,DECISION,SAGAUSDT,POSITION_LIMIT
2024-10-25,DECISION,SEIUSDT,POSITION_LIMIT
2024-10-25,DECISION,1000PEPEUSDT,POSITION_LIMIT
2024-10-25,DECISION,TIAUSDT,POSITION_LIMIT
2024-10-26,DECISION,WLDUSDT,POSITION_LIMIT
2024-10-26,DECISION,BNBUSDT,POSITION_LIMIT
2024-10-26,DECISION,1000SHIBUSDT,POSITION_LIMIT
2024-10-26,DECISION,FTMUSDT,POSITION_LIMIT
2024-10-26,DECISION,BOMEUSDT,POSITION_LIMIT
2024-10-26,DECISION,ENAUSDT,POSITION_LIMIT
2024-10-26,DECISION,ETHUSDT,POSITION_LIMIT
2024-10-26,DECISION,TAOUSDT,POSITION_LIMIT
2024-10-26,DECISION,REEFUSDT,POSITION_LIMIT
2024-10-26,DECISION,SAGAUSDT,POSITION_LIMIT
2024-10-26,DECISION,1000PEPEUSDT,POSITION_LIMIT
2024-10-26,DECISION,TIAUSDT,POSITION_LIMIT
2024-10-27,DECISION,WLDUSDT,POSITION_LIMIT
2024-10-27,DECISION,BNBUSDT,POSITION_LIMIT
2024-10-27,DECISION,1000SHIBUSDT,POSITION_LIMIT
2024-10-27,DECISION,FTMUSDT,POSITION_LIMIT
2024-10-27,DECISION,BOMEUSDT,POSITION_LIMIT
2024-10-27,DECISION,ENAUSDT,POSITION_LIMIT
2024-10-27,DECISION,ETHUSDT,POSITION_LIMIT
2024-10-27,DECISION,REEFUSDT,POSITION_LIMIT
2024-10-27,DECISION,TAOUSDT,POSITION_LIMIT
2024-10-27,DECISION,SAGAUSDT,POSITION_LIMIT
2024-10-27,DECISION,1000PEPEUSDT,POSITION_LIMIT
2024-10-27,DECISION,TIAUSDT,POSITION_LIMIT
2024-10-28,DECISION,WIFUSDT,POSITION_LIMIT
2024-10-28,DECISION,WLDUSDT,POSITION_LIMIT
2024-10-28,DECISION,BNBUSDT,POSITION_LIMIT
2024-10-28,DECISION,1000SHIBUSDT,POSITION_LIMIT
2024-10-28,DECISION,FTMUSDT,POSITION_LIMIT
2024-10-28,DECISION,ENAUSDT,POSITION_LIMIT
2024-10-28,DECISION,BOMEUSDT,POSITION_LIMIT
2024-10-28,DECISION,ETHUSDT,POSITION_LIMIT
2024-10-28,DECISION,TAOUSDT,POSITION_LIMIT
2024-10-28,DECISION,SAGAUSDT,POSITION_LIMIT
2024-10-28,DECISION,REEFUSDT,POSITION_LIMIT
2024-10-28,DECISION,1000PEPEUSDT,POSITION_LIMIT
2024-10-28,DECISION,TIAUSDT,POSITION_LIMIT
2024-10-29,DECISION,SUIUSDT,POSITION_LIMIT
2024-10-29,DECISION,TURBOUSDT,POSITION_LIMIT
2024-10-29,DECISION,WIFUSDT,POSITION_LIMIT
2024-10-29,DECISION,WLDUSDT,POSITION_LIMIT
2024-10-29,DECISION,BOMEUSDT,POSITION_LIMIT
2024-10-29,DECISION,ENAUSDT,POSITION_LIMIT
2024-10-29,DECISION,FTMUSDT,POSITION_LIMIT
2024-10-29,DECISION,ETHUSDT,POSITION_LIMIT
2024-10-29,DECISION,TAOUSDT,POSITION_LIMIT
2024-10-29,DECISION,SAGAUSDT,POSITION_LIMIT
2024-10-29,DECISION,1000PEPEUSDT,POSITION_LIMIT
2024-10-29,DECISION,TIAUSDT,POSITION_LIMIT
2024-10-30,DECISION,SUIUSDT,POSITION_LIMIT
2024-10-30,DECISION,TURBOUSDT,POSITION_LIMIT
2024-10-30,DECISION,WIFUSDT,POSITION_LIMIT
2024-10-30,DECISION,WLDUSDT,POSITION_LIMIT
2024-10-30,DECISION,BOMEUSDT,POSITION_LIMIT
2024-10-30,DECISION,ENAUSDT,POSITION_LIMIT
2024-10-30,DECISION,FTMUSDT,POSITION_LIMIT
2024-10-30,DECISION,ETHUSDT,POSITION_LIMIT
2024-10-30,DECISION,TAOUSDT,POSITION_LIMIT
2024-10-30,DECISION,SAGAUSDT,POSITION_LIMIT
2024-10-30,DECISION,1000PEPEUSDT,POSITION_LIMIT
2024-10-31,DECISION,SUIUSDT,POSITION_LIMIT
2024-10-31,DECISION,TURBOUSDT,POSITION_LIMIT
2024-10-31,DECISION,WIFUSDT,POSITION_LIMIT
2024-10-31,DECISION,WLDUSDT,POSITION_LIMIT
2024-10-31,DECISION,ENAUSDT,POSITION_LIMIT
2024-10-31,DECISION,FTMUSDT,POSITION_LIMIT
2024-10-31,DECISION,ETHUSDT,POSITION_LIMIT
2024-10-31,DECISION,BOMEUSDT,POSITION_LIMIT
2024-10-31,DECISION,SAGAUSDT,POSITION_LIMIT
2024-10-31,DECISION,TAOUSDT,POSITION_LIMIT
2024-10-31,DECISION,1000PEPEUSDT,POSITION_LIMIT
2024-11-01,DECISION,APTUSDT,POSITION_LIMIT
2024-11-01,DECISION,BNBUSDT,POSITION_LIMIT
2024-11-01,DECISION,ENAUSDT,POSITION_LIMIT
2024-11-01,DECISION,TURBOUSDT,POSITION_LIMIT
2024-11-01,DECISION,FTMUSDT,POSITION_LIMIT
2024-11-01,DECISION,ETHUSDT,POSITION_LIMIT
2024-11-01,DECISION,WIFUSDT,POSITION_LIMIT
2024-11-01,DECISION,WLDUSDT,POSITION_LIMIT
2024-11-01,DECISION,BOMEUSDT,POSITION_LIMIT
2024-11-01,DECISION,SAGAUSDT,POSITION_LIMIT
2024-11-01,DECISION,1000PEPEUSDT,POSITION_LIMIT
2024-11-02,DECISION,MEWUSDT,POSITION_LIMIT
2024-11-02,DECISION,ENAUSDT,POSITION_LIMIT
2024-11-02,DECISION,TURBOUSDT,POSITION_LIMIT
2024-11-02,DECISION,ETHUSDT,POSITION_LIMIT
2024-11-02,DECISION,WIFUSDT,POSITION_LIMIT
2024-11-02,DECISION,BNBUSDT,POSITION_LIMIT
2024-11-02,DECISION,BOMEUSDT,POSITION_LIMIT
2024-11-02,DECISION,SAGAUSDT,POSITION_LIMIT
2024-11-02,DECISION,FTMUSDT,POSITION_LIMIT
2024-11-02,DECISION,WLDUSDT,POSITION_LIMIT
2024-11-03,DECISION,MEWUSDT,POSITION_LIMIT
2024-11-03,DECISION,ETHUSDT,POSITION_LIMIT
2024-11-03,DECISION,WIFUSDT,POSITION_LIMIT
2024-11-03,DECISION,BNBUSDT,POSITION_LIMIT
2024-11-03,DECISION,BOMEUSDT,POSITION_LIMIT
2024-11-03,DECISION,ENAUSDT,POSITION_LIMIT
2024-11-03,DECISION,TURBOUSDT,POSITION_LIMIT
2024-11-03,DECISION,SAGAUSDT,POSITION_LIMIT
2024-11-03,DECISION,WLDUSDT,POSITION_LIMIT
2024-11-03,DECISION,FTMUSDT,POSITION_LIMIT
2024-11-04,DECISION,SOLUSDT,POSITION_LIMIT
2024-11-04,DECISION,BNBUSDT,POSITION_LIMIT
2024-11-04,DECISION,APTUSDT,POSITION_LIMIT
2024-11-04,DECISION,TURBOUSDT,POSITION_LIMIT
2024-11-04,DECISION,SAGAUSDT,POSITION_LIMIT
2024-11-04,DECISION,WIFUSDT,POSITION_LIMIT
2024-11-04,DECISION,WLDUSDT,POSITION_LIMIT
2024-11-04,DECISION,BOMEUSDT,POSITION_LIMIT
2024-11-04,DECISION,ENAUSDT,POSITION_LIMIT
2024-11-05,DECISION,SOLUSDT,POSITION_LIMIT
2024-11-05,DECISION,BNBUSDT,POSITION_LIMIT
2024-11-05,DECISION,APTUSDT,POSITION_LIMIT
2024-11-05,DECISION,TURBOUSDT,POSITION_LIMIT
2024-11-05,DECISION,WIFUSDT,POSITION_LIMIT
2024-11-05,DECISION,WLDUSDT,POSITION_LIMIT
2024-11-05,DECISION,BOMEUSDT,POSITION_LIMIT
2024-11-05,DECISION,ENAUSDT,POSITION_LIMIT
2024-11-05,DECISION,FTMUSDT,POSITION_LIMIT
2024-11-06,DECISION,APEUSDT,POSITION_LIMIT
2024-11-06,DECISION,TURBOUSDT,POSITION_LIMIT
2024-11-06,DECISION,MEWUSDT,POSITION_LIMIT
2024-11-06,DECISION,BNBUSDT,POSITION_LIMIT
2024-11-06,DECISION,APTUSDT,POSITION_LIMIT
2024-11-06,DECISION,ETHUSDT,POSITION_LIMIT
2024-11-06,DECISION,1000PEPEUSDT,POSITION_LIMIT
2024-11-06,DECISION,WIFUSDT,POSITION_LIMIT
2024-11-06,DECISION,WLDUSDT,POSITION_LIMIT
2024-11-06,DECISION,XRPUSDT,POSITION_LIMIT
2024-11-06,DECISION,BOMEUSDT,POSITION_LIMIT
2024-11-06,DECISION,FTMUSDT,POSITION_LIMIT
2024-11-07,DECISION,ETHUSDT,POSITION_LIMIT
2024-11-07,DECISION,BIGTIMEUSDT,POSITION_LIMIT
2024-11-07,DECISION,APEUSDT,POSITION_LIMIT
2024-11-07,DECISION,1000PEPEUSDT,POSITION_LIMIT
2024-11-07,DECISION,XRPUSDT,POSITION_LIMIT
2024-11-07,DECISION,TURBOUSDT,POSITION_LIMIT
2024-11-07,DECISION,MEWUSDT,POSITION_LIMIT
2024-11-07,DECISION,BNBUSDT,POSITION_LIMIT
2024-11-07,DECISION,APTUSDT,POSITION_LIMIT
2024-11-07,DECISION,WIFUSDT,POSITION_LIMIT
2024-11-07,DECISION,WLDUSDT,POSITION_LIMIT
2024-11-07,DECISION,BOMEUSDT,POSITION_LIMIT
2024-11-08,DECISION,ETHUSDT,POSITION_LIMIT
2024-11-08,DECISION,BIGTIMEUSDT,POSITION_LIMIT
2024-11-08,DECISION,APEUSDT,POSITION_LIMIT
2024-11-08,DECISION,1000PEPEUSDT,POSITION_LIMIT
2024-11-08,DECISION,XRPUSDT,POSITION_LIMIT
2024-11-08,DECISION,TURBOUSDT,POSITION_LIMIT
2024-11-08,DECISION,MEWUSDT,POSITION_LIMIT
2024-11-08,DECISION,BNBUSDT,POSITION_LIMIT
2024-11-08,DECISION,APTUSDT,POSITION_LIMIT
2024-11-08,DECISION,WIFUSDT,POSITION_LIMIT
2024-11-08,DECISION,WLDUSDT,POSITION_LIMIT
2024-11-08,DECISION,TIAUSDT,POSITION_LIMIT
2024-11-08,DECISION,BOMEUSDT,POSITION_LIMIT
2024-11-09,DECISION,1000SHIBUSDT,POSITION_LIMIT
2024-11-09,DECISION,ETHUSDT,POSITION_LIMIT
2024-11-09,DECISION,APEUSDT,POSITION_LIMIT
2024-11-09,DECISION,BIGTIMEUSDT,POSITION_LIMIT
2024-11-09,DECISION,APTUSDT,POSITION_LIMIT
2024-11-09,DECISION,1000PEPEUSDT,POSITION_LIMIT
2024-11-09,DECISION,XRPUSDT,POSITION_LIMIT
2024-11-09,DECISION,TURBOUSDT,POSITION_LIMIT
2024-11-09,DECISION,MEWUSDT,POSITION_LIMIT
2024-11-09,DECISION,WLDUSDT,POSITION_LIMIT
2024-11-09,DECISION,WIFUSDT,POSITION_LIMIT
2024-11-09,DECISION,TIAUSDT,POSITION_LIMIT
2024-11-09,DECISION,BOMEUSDT,POSITION_LIMIT
2024-11-09,DECISION,ORDIUSDT,POSITION_LIMIT
2024-11-10,DECISION,APTUSDT,POSITION_LIMIT
2024-11-10,DECISION,ETHUSDT,POSITION_LIMIT
2024-11-10,DECISION,1000PEPEUSDT,POSITION_LIMIT
2024-11-10,DECISION,ENAUSDT,POSITION_LIMIT
2024-11-10,DECISION,APEUSDT,POSITION_LIMIT
2024-11-10,DECISION,BIGTIMEUSDT,POSITION_LIMIT
2024-11-10,DECISION,MEWUSDT,POSITION_LIMIT
2024-11-10,DECISION,WIFUSDT,POSITION_LIMIT
2024-11-10,DECISION,XRPUSDT,POSITION_LIMIT
2024-11-10,DECISION,TURBOUSDT,POSITION_LIMIT
2024-11-10,DECISION,ORDIUSDT,POSITION_LIMIT
2024-11-10,DECISION,WLDUSDT,POSITION_LIMIT
2024-11-10,DECISION,BOMEUSDT,POSITION_LIMIT
2024-11-10,DECISION,TIAUSDT,POSITION_LIMIT
2024-11-11,DECISION,BNBUSDT,POSITION_LIMIT
2024-11-11,DECISION,1000SHIBUSDT,POSITION_LIMIT
2024-11-11,DECISION,APTUSDT,POSITION_LIMIT
2024-11-11,DECISION,ORDIUSDT,POSITION_LIMIT
2024-11-11,DECISION,BIGTIMEUSDT,POSITION_LIMIT
2024-11-11,DECISION,ETHUSDT,POSITION_LIMIT
2024-11-11,DECISION,WLDUSDT,POSITION_LIMIT
2024-11-11,DECISION,ENAUSDT,POSITION_LIMIT
2024-11-11,DECISION,MEWUSDT,POSITION_LIMIT
2024-11-11,DECISION,APEUSDT,POSITION_LIMIT
2024-11-11,DECISION,XRPUSDT,POSITION_LIMIT
2024-11-11,DECISION,TURBOUSDT,POSITION_LIMIT
2024-11-11,DECISION,BOMEUSDT,POSITION_LIMIT
2024-11-11,DECISION,TIAUSDT,POSITION_LIMIT
2024-11-12,DECISION,BNBUSDT,POSITION_LIMIT
2024-11-12,DECISION,XRPUSDT,POSITION_LIMIT
2024-11-12,DECISION,1000SHIBUSDT,POSITION_LIMIT
2024-11-12,DECISION,APTUSDT,POSITION_LIMIT
2024-11-12,DECISION,ORDIUSDT,POSITION_LIMIT
2024-11-12,DECISION,ETHUSDT,POSITION_LIMIT
2024-11-12,DECISION,WLDUSDT,POSITION_LIMIT
2024-11-12,DECISION,ENAUSDT,POSITION_LIMIT
2024-11-12,DECISION,MEWUSDT,POSITION_LIMIT
2024-11-12,DECISION,BIGTIMEUSDT,POSITION_LIMIT
2024-11-12,DECISION,APEUSDT,POSITION_LIMIT
2024-11-12,DECISION,TURBOUSDT,POSITION_LIMIT
2024-11-12,DECISION,BOMEUSDT,POSITION_LIMIT
2024-11-12,DECISION,TIAUSDT,POSITION_LIMIT
2024-11-13,DECISION,BNBUSDT,POSITION_LIMIT
2024-11-13,DECISION,XRPUSDT,POSITION_LIMIT
2024-11-13,DECISION,BOMEUSDT,POSITION_LIMIT
2024-11-13,DECISION,1000SHIBUSDT,POSITION_LIMIT
2024-11-13,DECISION,APTUSDT,POSITION_LIMIT
2024-11-13,DECISION,ORDIUSDT,POSITION_LIMIT
2024-11-13,DECISION,ETHUSDT,POSITION_LIMIT
2024-11-13,DECISION,WLDUSDT,POSITION_LIMIT
2024-11-13,DECISION,ENAUSDT,POSITION_LIMIT
2024-11-13,DECISION,MEWUSDT,POSITION_LIMIT
2024-11-13,DECISION,BIGTIMEUSDT,POSITION_LIMIT
2024-11-13,DECISION,APEUSDT,POSITION_LIMIT
2024-11-13,DECISION,TURBOUSDT,POSITION_LIMIT
2024-11-14,DECISION,BNBUSDT,POSITION_LIMIT
2024-11-14,DECISION,XRPUSDT,POSITION_LIMIT
2024-11-14,DECISION,BOMEUSDT,POSITION_LIMIT
2024-11-14,DECISION,1000SHIBUSDT,POSITION_LIMIT
2024-11-14,DECISION,APTUSDT,POSITION_LIMIT
2024-11-14,DECISION,ORDIUSDT,POSITION_LIMIT
2024-11-14,DECISION,WLDUSDT,POSITION_LIMIT
2024-11-14,DECISION,MEWUSDT,POSITION_LIMIT
2024-11-14,DECISION,BIGTIMEUSDT,POSITION_LIMIT
2024-11-14,DECISION,ETHUSDT,POSITION_LIMIT
2024-11-14,DECISION,ENAUSDT,POSITION_LIMIT
2024-11-14,DECISION,APEUSDT,POSITION_LIMIT
2024-11-14,DECISION,TURBOUSDT,POSITION_LIMIT
2024-11-15,DECISION,XRPUSDT,POSITION_LIMIT
2024-11-15,DECISION,BOMEUSDT,POSITION_LIMIT
2024-11-15,DECISION,1000SHIBUSDT,POSITION_LIMIT
2024-11-15,DECISION,APTUSDT,POSITION_LIMIT
2024-11-15,DECISION,ORDIUSDT,POSITION_LIMIT
2024-11-15,DECISION,BNBUSDT,POSITION_LIMIT
2024-11-15,DECISION,WLDUSDT,POSITION_LIMIT
2024-11-15,DECISION,MEWUSDT,POSITION_LIMIT
2024-11-15,DECISION,BIGTIMEUSDT,POSITION_LIMIT
2024-11-15,DECISION,ETHUSDT,POSITION_LIMIT
2024-11-15,DECISION,ENAUSDT,POSITION_LIMIT
2024-11-15,DECISION,APEUSDT,POSITION_LIMIT
2024-11-15,DECISION,TURBOUSDT,POSITION_LIMIT
2024-11-16,DECISION,XRPUSDT,POSITION_LIMIT
2024-11-16,DECISION,BOMEUSDT,POSITION_LIMIT
2024-11-16,DECISION,1000SHIBUSDT,POSITION_LIMIT
2024-11-16,DECISION,APTUSDT,POSITION_LIMIT
2024-11-16,DECISION,BNBUSDT,POSITION_LIMIT
2024-11-16,DECISION,WLDUSDT,POSITION_LIMIT
2024-11-16,DECISION,MEWUSDT,POSITION_LIMIT
2024-11-16,DECISION,BIGTIMEUSDT,POSITION_LIMIT
2024-11-16,DECISION,ETHUSDT,POSITION_LIMIT
2024-11-16,DECISION,ENAUSDT,POSITION_LIMIT
2024-11-16,DECISION,APEUSDT,POSITION_LIMIT
2024-11-16,DECISION,TURBOUSDT,POSITION_LIMIT
2024-11-16,DECISION,PEOPLEUSDT,POSITION_LIMIT
2024-11-17,DECISION,XRPUSDT,POSITION_LIMIT
2024-11-17,DECISION,1000SHIBUSDT,POSITION_LIMIT
2024-11-17,DECISION,BOMEUSDT,POSITION_LIMIT
2024-11-17,DECISION,APTUSDT,POSITION_LIMIT
2024-11-17,DECISION,MEWUSDT,POSITION_LIMIT
2024-11-17,DECISION,BNBUSDT,POSITION_LIMIT
2024-11-17,DECISION,WLDUSDT,POSITION_LIMIT
2024-11-17,DECISION,BIGTIMEUSDT,POSITION_LIMIT
2024-11-17,DECISION,ETHUSDT,POSITION_LIMIT
2024-11-17,DECISION,ENAUSDT,POSITION_LIMIT
2024-11-17,DECISION,APEUSDT,POSITION_LIMIT
2024-11-17,DECISION,PEOPLEUSDT,POSITION_LIMIT
2024-11-17,DECISION,TURBOUSDT,POSITION_LIMIT
2024-11-18,DECISION,BOMEUSDT,POSITION_LIMIT
2024-11-18,DECISION,APTUSDT,POSITION_LIMIT
2024-11-18,DECISION,MEWUSDT,POSITION_LIMIT
2024-11-18,DECISION,LINKUSDT,POSITION_LIMIT
2024-11-18,DECISION,1000PEPEUSDT,POSITION_LIMIT
2024-11-18,DECISION,WIFUSDT,POSITION_LIMIT
2024-11-18,DECISION,BNBUSDT,POSITION_LIMIT
2024-11-18,DECISION,WLDUSDT,POSITION_LIMIT
2024-11-18,DECISION,ORDIUSDT,POSITION_LIMIT
2024-11-18,DECISION,ETHUSDT,POSITION_LIMIT
2024-11-18,DECISION,ENAUSDT,POSITION_LIMIT
2024-11-18,DECISION,APEUSDT,POSITION_LIMIT
2024-11-18,DECISION,TURBOUSDT,POSITION_LIMIT
2024-11-19,DECISION,BOMEUSDT,POSITION_LIMIT
2024-11-19,DECISION,APTUSDT,POSITION_LIMIT
2024-11-19,DECISION,MEWUSDT,POSITION_LIMIT
2024-11-19,DECISION,LINKUSDT,POSITION_LIMIT
2024-11-19,DECISION,1000PEPEUSDT,POSITION_LIMIT
2024-11-19,DECISION,WIFUSDT,POSITION_LIMIT
2024-11-19,DECISION,WLDUSDT,POSITION_LIMIT
2024-11-19,DECISION,ORDIUSDT,POSITION_LIMIT
2024-11-19,DECISION,ETHUSDT,POSITION_LIMIT
2024-11-19,DECISION,BNBUSDT,POSITION_LIMIT
2024-11-19,DECISION,APEUSDT,POSITION_LIMIT
2024-11-19,DECISION,ENAUSDT,POSITION_LIMIT
2024-11-19,DECISION,TURBOUSDT,POSITION_LIMIT
2024-11-20,DECISION,ADAUSDT,POSITION_LIMIT
2024-11-20,DECISION,1000PEPEUSDT,POSITION_LIMIT
2024-11-20,DECISION,SUIUSDT,POSITION_LIMIT
2024-11-20,DECISION,WIFUSDT,POSITION_LIMIT
2024-11-20,DECISION,1000SHIBUSDT,POSITION_LIMIT
2024-11-20,DECISION,MEWUSDT,POSITION_LIMIT
2024-11-20,DECISION,ETHUSDT,POSITION_LIMIT
2024-11-20,DECISION,BNBUSDT,POSITION_LIMIT
2024-11-20,DECISION,BOMEUSDT,POSITION_LIMIT
2024-11-20,DECISION,ORDIUSDT,POSITION_LIMIT
2024-11-20,DECISION,APEUSDT,POSITION_LIMIT
2024-11-20,DECISION,WLDUSDT,POSITION_LIMIT
2024-11-20,DECISION,ENAUSDT,POSITION_LIMIT
2024-11-21,DECISION,AVAXUSDT,POSITION_LIMIT
2024-11-21,DECISION,LINKUSDT,POSITION_LIMIT
2024-11-21,DECISION,1000PEPEUSDT,POSITION_LIMIT
2024-11-21,DECISION,SUIUSDT,POSITION_LIMIT
2024-11-21,DECISION,WIFUSDT,POSITION_LIMIT
2024-11-21,DECISION,1000SHIBUSDT,POSITION_LIMIT
2024-11-21,DECISION,ETHUSDT,POSITION_LIMIT
2024-11-21,DECISION,BNBUSDT,POSITION_LIMIT
2024-11-21,DECISION,BOMEUSDT,POSITION_LIMIT
2024-11-21,DECISION,ORDIUSDT,POSITION_LIMIT
2024-11-21,DECISION,APEUSDT,POSITION_LIMIT
2024-11-21,DECISION,WLDUSDT,POSITION_LIMIT
2024-11-21,DECISION,ENAUSDT,POSITION_LIMIT
2024-11-22,DECISION,ADAUSDT,POSITION_LIMIT
2024-11-22,DECISION,AVAXUSDT,POSITION_LIMIT
2024-11-22,DECISION,LINKUSDT,POSITION_LIMIT
2024-11-22,DECISION,1000PEPEUSDT,POSITION_LIMIT
2024-11-22,DECISION,SUIUSDT,POSITION_LIMIT
2024-11-22,DECISION,WIFUSDT,POSITION_LIMIT
2024-11-22,DECISION,BNBUSDT,POSITION_LIMIT
2024-11-22,DECISION,1000SHIBUSDT,POSITION_LIMIT
2024-11-22,DECISION,ETHUSDT,POSITION_LIMIT
2024-11-22,DECISION,ENAUSDT,POSITION_LIMIT
2024-11-22,DECISION,BOMEUSDT,POSITION_LIMIT
2024-11-22,DECISION,ORDIUSDT,POSITION_LIMIT
2024-11-22,DECISION,WLDUSDT,POSITION_LIMIT
2024-11-22,DECISION,TIAUSDT,POSITION_LIMIT
2024-11-23,DECISION,APEUSDT,POSITION_LIMIT
2024-11-23,DECISION,ENAUSDT,POSITION_LIMIT
2024-11-23,DECISION,APTUSDT,POSITION_LIMIT
2024-11-23,DECISION,AVAXUSDT,POSITION_LIMIT
2024-11-23,DECISION,LINKUSDT,POSITION_LIMIT
2024-11-23,DECISION,ETHUSDT,POSITION_LIMIT
2024-11-23,DECISION,1000PEPEUSDT,POSITION_LIMIT
2024-11-23,DECISION,SUIUSDT,POSITION_LIMIT
2024-11-23,DECISION,WIFUSDT,POSITION_LIMIT
2024-11-23,DECISION,BNBUSDT,POSITION_LIMIT
2024-11-23,DECISION,TIAUSDT,POSITION_LIMIT
2024-11-23,DECISION,WLDUSDT,POSITION_LIMIT
2024-11-23,DECISION,BOMEUSDT,POSITION_LIMIT
2024-11-23,DECISION,ORDIUSDT,POSITION_LIMIT
2024-11-24,DECISION,APEUSDT,POSITION_LIMIT
2024-11-24,DECISION,TIAUSDT,POSITION_LIMIT
2024-11-24,DECISION,ENAUSDT,POSITION_LIMIT
2024-11-24,DECISION,AVAXUSDT,POSITION_LIMIT
2024-11-24,DECISION,APTUSDT,POSITION_LIMIT
2024-11-24,DECISION,LINKUSDT,POSITION_LIMIT
2024-11-24,DECISION,ETHUSDT,POSITION_LIMIT
2024-11-24,DECISION,1000PEPEUSDT,POSITION_LIMIT
2024-11-24,DECISION,SUIUSDT,POSITION_LIMIT
2024-11-24,DECISION,WIFUSDT,POSITION_LIMIT
2024-11-24,DECISION,BNBUSDT,POSITION_LIMIT
2024-11-24,DECISION,WLDUSDT,POSITION_LIMIT
2024-11-24,DECISION,ORDIUSDT,POSITION_LIMIT
2024-11-24,DECISION,BOMEUSDT,POSITION_LIMIT
2024-11-25,DECISION,AVAXUSDT,POSITION_LIMIT
2024-11-25,DECISION,APEUSDT,POSITION_LIMIT
2024-11-25,DECISION,APTUSDT,POSITION_LIMIT
2024-11-25,DECISION,LINKUSDT,POSITION_LIMIT
2024-11-25,DECISION,BTCUSDT,POSITION_LIMIT
2024-11-25,DECISION,ETHUSDT,POSITION_LIMIT
2024-11-25,DECISION,SOLUSDT,POSITION_LIMIT
2024-11-25,DECISION,1000PEPEUSDT,POSITION_LIMIT
2024-11-25,DECISION,WIFUSDT,POSITION_LIMIT
2024-11-25,DECISION,BNBUSDT,POSITION_LIMIT
2024-11-25,DECISION,WLDUSDT,POSITION_LIMIT
2024-11-25,DECISION,SUIUSDT,POSITION_LIMIT
2024-11-25,DECISION,1000BONKUSDT,POSITION_LIMIT
2024-11-25,DECISION,ORDIUSDT,POSITION_LIMIT
2024-11-26,DECISION,APTUSDT,POSITION_LIMIT
2024-11-26,DECISION,APEUSDT,POSITION_LIMIT
2024-11-26,DECISION,LTCUSDT,POSITION_LIMIT
2024-11-26,DECISION,BTCUSDT,POSITION_LIMIT
2024-11-26,DECISION,SOLUSDT,POSITION_LIMIT
2024-11-26,DECISION,1000SHIBUSDT,POSITION_LIMIT
2024-11-26,DECISION,WLDUSDT,POSITION_LIMIT
2024-11-26,DECISION,ETHUSDT,POSITION_LIMIT
2024-11-26,DECISION,1000PEPEUSDT,POSITION_LIMIT
2024-11-26,DECISION,SUIUSDT,POSITION_LIMIT
2024-11-26,DECISION,BNBUSDT,POSITION_LIMIT
2024-11-26,DECISION,1000BONKUSDT,POSITION_LIMIT
2024-11-26,DECISION,ORDIUSDT,POSITION_LIMIT
2024-11-26,DECISION,WIFUSDT,POSITION_LIMIT
2024-11-27,DECISION,ENAUSDT,POSITION_LIMIT
2024-11-27,DECISION,APTUSDT,POSITION_LIMIT
2024-11-27,DECISION,NEARUSDT,POSITION_LIMIT
2024-11-27,DECISION,LTCUSDT,POSITION_LIMIT
2024-11-27,DECISION,BTCUSDT,POSITION_LIMIT
2024-11-27,DECISION,SOLUSDT,POSITION_LIMIT
2024-11-27,DECISION,1000SHIBUSDT,POSITION_LIMIT
2024-11-27,DECISION,WLDUSDT,POSITION_LIMIT
2024-11-27,DECISION,1000PEPEUSDT,POSITION_LIMIT
2024-11-27,DECISION,SUIUSDT,POSITION_LIMIT
2024-11-27,DECISION,BNBUSDT,POSITION_LIMIT
2024-11-27,DECISION,1000BONKUSDT,POSITION_LIMIT
2024-11-27,DECISION,ORDIUSDT,POSITION_LIMIT
2024-11-27,DECISION,WIFUSDT,POSITION_LIMIT
2024-11-28,DECISION,ENAUSDT,POSITION_LIMIT
2024-11-28,DECISION,NEARUSDT,POSITION_LIMIT
2024-11-28,DECISION,APTUSDT,POSITION_LIMIT
2024-11-28,DECISION,LINKUSDT,POSITION_LIMIT
2024-11-28,DECISION,BTCUSDT,POSITION_LIMIT
2024-11-28,DECISION,SOLUSDT,POSITION_LIMIT
2024-11-28,DECISION,1000SHIBUSDT,POSITION_LIMIT
2024-11-28,DECISION,WLDUSDT,POSITION_LIMIT
2024-11-28,DECISION,ORDIUSDT,POSITION_LIMIT
2024-11-28,DECISION,1000PEPEUSDT,POSITION_LIMIT
2024-11-28,DECISION,SUIUSDT,POSITION_LIMIT
2024-11-28,DECISION,BNBUSDT,POSITION_LIMIT
2024-11-28,DECISION,1000BONKUSDT,POSITION_LIMIT
2024-11-28,DECISION,WIFUSDT,POSITION_LIMIT
2024-11-29,DECISION,AVAXUSDT,POSITION_LIMIT
2024-11-29,DECISION,ENAUSDT,POSITION_LIMIT
2024-11-29,DECISION,NEARUSDT,POSITION_LIMIT
2024-11-29,DECISION,APTUSDT,POSITION_LIMIT
2024-11-29,DECISION,LINKUSDT,POSITION_LIMIT
2024-11-29,DECISION,BTCUSDT,POSITION_LIMIT
2024-11-29,DECISION,SOLUSDT,POSITION_LIMIT
2024-11-29,DECISION,WLDUSDT,POSITION_LIMIT
2024-11-29,DECISION,ORDIUSDT,POSITION_LIMIT
2024-11-29,DECISION,1000PEPEUSDT,POSITION_LIMIT
2024-11-29,DECISION,SUIUSDT,POSITION_LIMIT
2024-11-29,DECISION,BNBUSDT,POSITION_LIMIT
2024-11-29,DECISION,1000BONKUSDT,POSITION_LIMIT
2024-11-29,DECISION,WIFUSDT,POSITION_LIMIT
2024-11-30,DECISION,AVAXUSDT,POSITION_LIMIT
2024-11-30,DECISION,TIAUSDT,POSITION_LIMIT
2024-11-30,DECISION,ENAUSDT,POSITION_LIMIT
2024-11-30,DECISION,NEARUSDT,POSITION_LIMIT
2024-11-30,DECISION,APTUSDT,POSITION_LIMIT
2024-11-30,DECISION,LTCUSDT,POSITION_LIMIT
2024-11-30,DECISION,BTCUSDT,POSITION_LIMIT
2024-11-30,DECISION,SOLUSDT,POSITION_LIMIT
2024-11-30,DECISION,ORDIUSDT,POSITION_LIMIT
2024-11-30,DECISION,1000PEPEUSDT,POSITION_LIMIT
2024-11-30,DECISION,SUIUSDT,POSITION_LIMIT
2024-11-30,DECISION,BNBUSDT,POSITION_LIMIT
2024-11-30,DECISION,1000BONKUSDT,POSITION_LIMIT
2024-11-30,DECISION,WIFUSDT,POSITION_LIMIT
2024-12-01,DECISION,WLDUSDT,POSITION_LIMIT
2024-12-01,DECISION,AVAXUSDT,POSITION_LIMIT
2024-12-01,DECISION,ENAUSDT,POSITION_LIMIT
2024-12-01,DECISION,NEARUSDT,POSITION_LIMIT
2024-12-01,DECISION,APTUSDT,POSITION_LIMIT
2024-12-01,DECISION,BTCUSDT,POSITION_LIMIT
2024-12-01,DECISION,SOLUSDT,POSITION_LIMIT
2024-12-01,DECISION,1000PEPEUSDT,POSITION_LIMIT
2024-12-01,DECISION,TIAUSDT,POSITION_LIMIT
2024-12-01,DECISION,ORDIUSDT,POSITION_LIMIT
2024-12-01,DECISION,SUIUSDT,POSITION_LIMIT
2024-12-01,DECISION,WIFUSDT,POSITION_LIMIT
2024-12-01,DECISION,BNBUSDT,POSITION_LIMIT
2024-12-01,DECISION,1000BONKUSDT,POSITION_LIMIT
2024-12-02,DECISION,WLDUSDT,POSITION_LIMIT
2024-12-02,DECISION,AVAXUSDT,POSITION_LIMIT
2024-12-02,DECISION,ENAUSDT,POSITION_LIMIT
2024-12-02,DECISION,NEARUSDT,POSITION_LIMIT
2024-12-02,DECISION,DOTUSDT,POSITION_LIMIT
2024-12-02,DECISION,BTCUSDT,POSITION_LIMIT
2024-12-02,DECISION,1000PEPEUSDT,POSITION_LIMIT
2024-12-02,DECISION,TIAUSDT,POSITION_LIMIT
2024-12-02,DECISION,SUIUSDT,POSITION_LIMIT
2024-12-02,DECISION,WIFUSDT,POSITION_LIMIT
2024-12-02,DECISION,BNBUSDT,POSITION_LIMIT
2024-12-02,DECISION,1000BONKUSDT,POSITION_LIMIT
2024-12-02,DECISION,ORDIUSDT,POSITION_LIMIT
2024-12-02,DECISION,SOLUSDT,POSITION_LIMIT
2024-12-03,DECISION,1000SHIBUSDT,POSITION_LIMIT
2024-12-03,DECISION,WLDUSDT,POSITION_LIMIT
2024-12-03,DECISION,AVAXUSDT,POSITION_LIMIT
2024-12-03,DECISION,ORDIUSDT,POSITION_LIMIT
2024-12-03,DECISION,ENAUSDT,POSITION_LIMIT
2024-12-03,DECISION,NEARUSDT,POSITION_LIMIT
2024-12-03,DECISION,DOTUSDT,POSITION_LIMIT
2024-12-03,DECISION,BTCUSDT,POSITION_LIMIT
2024-12-03,DECISION,1000PEPEUSDT,POSITION_LIMIT
2024-12-03,DECISION,SUIUSDT,POSITION_LIMIT
2024-12-03,DECISION,TIAUSDT,POSITION_LIMIT
2024-12-03,DECISION,WIFUSDT,POSITION_LIMIT
2024-12-03,DECISION,SOLUSDT,POSITION_LIMIT
2024-12-03,DECISION,1000BONKUSDT,POSITION_LIMIT
2024-12-04,DECISION,1000SHIBUSDT,POSITION_LIMIT
2024-12-04,DECISION,WLDUSDT,POSITION_LIMIT
2024-12-04,DECISION,AVAXUSDT,POSITION_LIMIT
2024-12-04,DECISION,ORDIUSDT,POSITION_LIMIT
2024-12-04,DECISION,ENAUSDT,POSITION_LIMIT
2024-12-04,DECISION,NEARUSDT,POSITION_LIMIT
2024-12-04,DECISION,DOTUSDT,POSITION_LIMIT
2024-12-04,DECISION,1000PEPEUSDT,POSITION_LIMIT
2024-12-04,DECISION,SUIUSDT,POSITION_LIMIT
2024-12-04,DECISION,XLMUSDT,POSITION_LIMIT
2024-12-04,DECISION,TIAUSDT,POSITION_LIMIT
2024-12-04,DECISION,WIFUSDT,POSITION_LIMIT
2024-12-04,DECISION,SOLUSDT,POSITION_LIMIT
2024-12-04,DECISION,1000BONKUSDT,POSITION_LIMIT
2024-12-05,DECISION,BNBUSDT,POSITION_LIMIT
2024-12-05,DECISION,1000SHIBUSDT,POSITION_LIMIT
2024-12-05,DECISION,WLDUSDT,POSITION_LIMIT
2024-12-05,DECISION,AVAXUSDT,POSITION_LIMIT
2024-12-05,DECISION,ORDIUSDT,POSITION_LIMIT
2024-12-05,DECISION,ENAUSDT,POSITION_LIMIT
2024-12-05,DECISION,LTCUSDT,POSITION_LIMIT
2024-12-05,DECISION,APTUSDT,POSITION_LIMIT
2024-12-05,DECISION,1000PEPEUSDT,POSITION_LIMIT
2024-12-05,DECISION,XLMUSDT,POSITION_LIMIT
2024-12-05,DECISION,TIAUSDT,POSITION_LIMIT
2024-12-05,DECISION,WIFUSDT,POSITION_LIMIT
2024-12-05,DECISION,SOLUSDT,POSITION_LIMIT
2024-12-05,DECISION,1000BONKUSDT,POSITION_LIMIT
2024-12-06,DECISION,BNBUSDT,POSITION_LIMIT
2024-12-06,DECISION,1000SHIBUSDT,POSITION_LIMIT
2024-12-06,DECISION,WLDUSDT,POSITION_LIMIT
2024-12-06,DECISION,AVAXUSDT,POSITION_LIMIT
2024-12-06,DECISION,LTCUSDT,POSITION_LIMIT
2024-12-06,DECISION,TIAUSDT,POSITION_LIMIT
2024-12-06,DECISION,ORDIUSDT,POSITION_LIMIT
2024-12-06,DECISION,ENAUSDT,POSITION_LIMIT
2024-12-06,DECISION,NEARUSDT,POSITION_LIMIT
2024-12-06,DECISION,1000PEPEUSDT,POSITION_LIMIT
2024-12-06,DECISION,XLMUSDT,POSITION_LIMIT
2024-12-06,DECISION,WIFUSDT,POSITION_LIMIT
2024-12-06,DECISION,SOLUSDT,POSITION_LIMIT
2024-12-06,DECISION,1000BONKUSDT,POSITION_LIMIT
2024-12-07,DECISION,ADAUSDT,POSITION_LIMIT
2024-12-07,DECISION,BNBUSDT,POSITION_LIMIT
2024-12-07,DECISION,1000SHIBUSDT,POSITION_LIMIT
2024-12-07,DECISION,WLDUSDT,POSITION_LIMIT
2024-12-07,DECISION,AVAXUSDT,POSITION_LIMIT
2024-12-07,DECISION,HBARUSDT,POSITION_LIMIT
2024-12-07,DECISION,LTCUSDT,POSITION_LIMIT
2024-12-07,DECISION,NEARUSDT,POSITION_LIMIT
2024-12-07,DECISION,TIAUSDT,POSITION_LIMIT
2024-12-07,DECISION,ORDIUSDT,POSITION_LIMIT
2024-12-07,DECISION,WIFUSDT,POSITION_LIMIT
2024-12-07,DECISION,XLMUSDT,POSITION_LIMIT
2024-12-07,DECISION,SOLUSDT,POSITION_LIMIT
2024-12-07,DECISION,1000BONKUSDT,POSITION_LIMIT
2024-12-08,DECISION,ADAUSDT,POSITION_LIMIT
2024-12-08,DECISION,BNBUSDT,POSITION_LIMIT
2024-12-08,DECISION,1000SHIBUSDT,POSITION_LIMIT
2024-12-08,DECISION,WLDUSDT,POSITION_LIMIT
2024-12-08,DECISION,AVAXUSDT,POSITION_LIMIT
2024-12-08,DECISION,HBARUSDT,POSITION_LIMIT
2024-12-08,DECISION,LTCUSDT,POSITION_LIMIT
2024-12-08,DECISION,LINKUSDT,POSITION_LIMIT
2024-12-08,DECISION,NEARUSDT,POSITION_LIMIT
2024-12-08,DECISION,TIAUSDT,POSITION_LIMIT
2024-12-08,DECISION,WIFUSDT,POSITION_LIMIT
2024-12-08,DECISION,XLMUSDT,POSITION_LIMIT
2024-12-08,DECISION,SOLUSDT,POSITION_LIMIT
2024-12-08,DECISION,1000BONKUSDT,POSITION_LIMIT
2024-12-09,DECISION,BNBUSDT,POSITION_LIMIT
2024-12-09,DECISION,1000SHIBUSDT,POSITION_LIMIT
2024-12-09,DECISION,HBARUSDT,POSITION_LIMIT
2024-12-09,DECISION,AVAXUSDT,POSITION_LIMIT
2024-12-09,DECISION,LTCUSDT,POSITION_LIMIT
2024-12-09,DECISION,LINKUSDT,POSITION_LIMIT
2024-12-09,DECISION,ADAUSDT,POSITION_LIMIT
2024-12-09,DECISION,WLDUSDT,POSITION_LIMIT
2024-12-09,DECISION,NEARUSDT,POSITION_LIMIT
2024-12-09,DECISION,WIFUSDT,POSITION_LIMIT
2024-12-09,DECISION,XLMUSDT,POSITION_LIMIT
2024-12-09,DECISION,TIAUSDT,POSITION_LIMIT
2024-12-09,DECISION,SOLUSDT,POSITION_LIMIT
2024-12-09,DECISION,1000BONKUSDT,POSITION_LIMIT
2024-12-10,DECISION,1000SHIBUSDT,POSITION_LIMIT
2024-12-10,DECISION,HBARUSDT,POSITION_LIMIT
2024-12-10,DECISION,LTCUSDT,POSITION_LIMIT
2024-12-10,DECISION,LINKUSDT,POSITION_LIMIT
2024-12-10,DECISION,DOGEUSDT,POSITION_LIMIT
2024-12-10,DECISION,ADAUSDT,POSITION_LIMIT
2024-12-10,DECISION,WLDUSDT,POSITION_LIMIT
2024-12-10,DECISION,AVAXUSDT,POSITION_LIMIT
2024-12-10,DECISION,XLMUSDT,POSITION_LIMIT
2024-12-10,DECISION,NEARUSDT,POSITION_LIMIT
2024-12-10,DECISION,TIAUSDT,POSITION_LIMIT
2024-12-10,DECISION,SOLUSDT,POSITION_LIMIT
2024-12-10,DECISION,WIFUSDT,POSITION_LIMIT
2024-12-10,DECISION,1000BONKUSDT,POSITION_LIMIT
2024-12-11,DECISION,1000SHIBUSDT,POSITION_LIMIT
2024-12-11,DECISION,HBARUSDT,POSITION_LIMIT
2024-12-11,DECISION,LTCUSDT,POSITION_LIMIT
2024-12-11,DECISION,LINKUSDT,POSITION_LIMIT
2024-12-11,DECISION,DOGEUSDT,POSITION_LIMIT
2024-12-11,DECISION,ADAUSDT,POSITION_LIMIT
2024-12-11,DECISION,WLDUSDT,POSITION_LIMIT
2024-12-11,DECISION,AVAXUSDT,POSITION_LIMIT
2024-12-11,DECISION,XLMUSDT,POSITION_LIMIT
2024-12-11,DECISION,NEARUSDT,POSITION_LIMIT
2024-12-11,DECISION,TIAUSDT,POSITION_LIMIT
2024-12-11,DECISION,SOLUSDT,POSITION_LIMIT
2024-12-11,DECISION,WIFUSDT,POSITION_LIMIT
2024-12-11,DECISION,1000BONKUSDT,POSITION_LIMIT
2024-12-12,DECISION,BNBUSDT,POSITION_LIMIT
2024-12-12,DECISION,1000SHIBUSDT,POSITION_LIMIT
2024-12-12,DECISION,HBARUSDT,POSITION_LIMIT
2024-12-12,DECISION,LTCUSDT,POSITION_LIMIT
2024-12-12,DECISION,DOGEUSDT,POSITION_LIMIT
2024-12-12,DECISION,ADAUSDT,POSITION_LIMIT
2024-12-12,DECISION,WLDUSDT,POSITION_LIMIT
2024-12-12,DECISION,AVAXUSDT,POSITION_LIMIT
2024-12-12,DECISION,XLMUSDT,POSITION_LIMIT
2024-12-12,DECISION,NEARUSDT,POSITION_LIMIT
2024-12-12,DECISION,TIAUSDT,POSITION_LIMIT
2024-12-12,DECISION,SOLUSDT,POSITION_LIMIT
2024-12-12,DECISION,WIFUSDT,POSITION_LIMIT
2024-12-12,DECISION,1000BONKUSDT,POSITION_LIMIT
2024-12-13,DECISION,BNBUSDT,POSITION_LIMIT
2024-12-13,DECISION,1000SHIBUSDT,POSITION_LIMIT
2024-12-13,DECISION,HBARUSDT,POSITION_LIMIT
2024-12-13,DECISION,LTCUSDT,POSITION_LIMIT
2024-12-13,DECISION,ENAUSDT,POSITION_LIMIT
2024-12-13,DECISION,DOGEUSDT,POSITION_LIMIT
2024-12-13,DECISION,ADAUSDT,POSITION_LIMIT
2024-12-13,DECISION,WLDUSDT,POSITION_LIMIT
2024-12-13,DECISION,AVAXUSDT,POSITION_LIMIT
2024-12-13,DECISION,XLMUSDT,POSITION_LIMIT
2024-12-13,DECISION,NEARUSDT,POSITION_LIMIT
2024-12-13,DECISION,SOLUSDT,POSITION_LIMIT
2024-12-13,DECISION,WIFUSDT,POSITION_LIMIT
2024-12-13,DECISION,1000BONKUSDT,POSITION_LIMIT
2024-12-14,DECISION,BNBUSDT,POSITION_LIMIT
2024-12-14,DECISION,HBARUSDT,POSITION_LIMIT
2024-12-14,DECISION,1000SHIBUSDT,POSITION_LIMIT
2024-12-14,DECISION,LTCUSDT,POSITION_LIMIT
2024-12-14,DECISION,DOGEUSDT,POSITION_LIMIT
2024-12-14,DECISION,ADAUSDT,POSITION_LIMIT
2024-12-14,DECISION,WLDUSDT,POSITION_LIMIT
2024-12-14,DECISION,AVAXUSDT,POSITION_LIMIT
2024-12-14,DECISION,ETCUSDT,POSITION_LIMIT
2024-12-14,DECISION,DOTUSDT,POSITION_LIMIT
2024-12-14,DECISION,XLMUSDT,POSITION_LIMIT
2024-12-14,DECISION,SOLUSDT,POSITION_LIMIT
2024-12-14,DECISION,WIFUSDT,POSITION_LIMIT
2024-12-14,DECISION,1000BONKUSDT,POSITION_LIMIT
2024-12-15,DECISION,1000PEPEUSDT,POSITION_LIMIT
2024-12-15,DECISION,BNBUSDT,POSITION_LIMIT
2024-12-15,DECISION,HBARUSDT,POSITION_LIMIT
2024-12-15,DECISION,1000SHIBUSDT,POSITION_LIMIT
2024-12-15,DECISION,LTCUSDT,POSITION_LIMIT
2024-12-15,DECISION,DOGEUSDT,POSITION_LIMIT
2024-12-15,DECISION,ADAUSDT,POSITION_LIMIT
2024-12-15,DECISION,WLDUSDT,POSITION_LIMIT
2024-12-15,DECISION,AVAXUSDT,POSITION_LIMIT
2024-12-15,DECISION,ETCUSDT,POSITION_LIMIT
2024-12-15,DECISION,XLMUSDT,POSITION_LIMIT
2024-12-15,DECISION,SOLUSDT,POSITION_LIMIT
2024-12-15,DECISION,WIFUSDT,POSITION_LIMIT
2024-12-15,DECISION,1000BONKUSDT,POSITION_LIMIT
2024-12-16,DECISION,1000PEPEUSDT,POSITION_LIMIT
2024-12-16,DECISION,BNBUSDT,POSITION_LIMIT
2024-12-16,DECISION,HBARUSDT,POSITION_LIMIT
2024-12-16,DECISION,1000SHIBUSDT,POSITION_LIMIT
2024-12-16,DECISION,LTCUSDT,POSITION_LIMIT
2024-12-16,DECISION,DOGEUSDT,POSITION_LIMIT
2024-12-16,DECISION,ADAUSDT,POSITION_LIMIT
2024-12-16,DECISION,WLDUSDT,POSITION_LIMIT
2024-12-16,DECISION,AVAXUSDT,POSITION_LIMIT
2024-12-16,DECISION,ETCUSDT,POSITION_LIMIT
2024-12-16,DECISION,DOTUSDT,POSITION_LIMIT
2024-12-16,DECISION,XLMUSDT,POSITION_LIMIT
2024-12-16,DECISION,SOLUSDT,POSITION_LIMIT
2024-12-16,DECISION,WIFUSDT,POSITION_LIMIT
2024-12-17,DECISION,BNBUSDT,POSITION_LIMIT
2024-12-17,DECISION,HBARUSDT,POSITION_LIMIT
2024-12-17,DECISION,LINKUSDT,POSITION_LIMIT
2024-12-17,DECISION,LTCUSDT,POSITION_LIMIT
2024-12-17,DECISION,DOGEUSDT,POSITION_LIMIT
2024-12-17,DECISION,1000PEPEUSDT,POSITION_LIMIT
2024-12-17,DECISION,ADAUSDT,POSITION_LIMIT
2024-12-17,DECISION,AVAXUSDT,POSITION_LIMIT
2024-12-17,DECISION,DOTUSDT,POSITION_LIMIT
2024-12-17,DECISION,XLMUSDT,POSITION_LIMIT
2024-12-17,DECISION,WLDUSDT,POSITION_LIMIT
2024-12-17,DECISION,1000SHIBUSDT,POSITION_LIMIT
2024-12-17,DECISION,SOLUSDT,POSITION_LIMIT
2024-12-17,DECISION,WIFUSDT,POSITION_LIMIT
2024-12-18,DECISION,ENSUSDT,POSITION_LIMIT
2024-12-18,DECISION,ETHUSDT,POSITION_LIMIT
2024-12-18,DECISION,1000PEPEUSDT,POSITION_LIMIT
2024-12-18,DECISION,ADAUSDT,POSITION_LIMIT
2024-12-18,DECISION,HBARUSDT,POSITION_LIMIT
2024-12-18,DECISION,WLDUSDT,POSITION_LIMIT
2024-12-18,DECISION,LTCUSDT,POSITION_LIMIT
2024-12-18,DECISION,XLMUSDT,POSITION_LIMIT
2024-12-18,DECISION,AVAXUSDT,POSITION_LIMIT
2024-12-18,DECISION,1000SHIBUSDT,POSITION_LIMIT
2024-12-18,DECISION,DOTUSDT,POSITION_LIMIT
2024-12-18,DECISION,DOGEUSDT,POSITION_LIMIT
2024-12-18,DECISION,SOLUSDT,POSITION_LIMIT
2024-12-18,DECISION,WIFUSDT,POSITION_LIMIT
2024-12-19,DECISION,HBARUSDT,POSITION_LIMIT
2024-12-19,DECISION,LTCUSDT,POSITION_LIMIT
2024-12-19,DECISION,UNIUSDT,POSITION_LIMIT
2024-12-19,DECISION,ETHUSDT,POSITION_LIMIT
2024-12-19,DECISION,ADAUSDT,POSITION_LIMIT
2024-12-19,DECISION,XLMUSDT,POSITION_LIMIT
2024-12-19,DECISION,AVAXUSDT,POSITION_LIMIT
2024-12-19,DECISION,WLDUSDT,POSITION_LIMIT
2024-12-19,DECISION,DOTUSDT,POSITION_LIMIT
2024-12-19,DECISION,DOGEUSDT,POSITION_LIMIT
2024-12-19,DECISION,SOLUSDT,POSITION_LIMIT
2024-12-19,DECISION,1000PEPEUSDT,POSITION_LIMIT
2024-12-19,DECISION,WIFUSDT,POSITION_LIMIT
2024-12-19,DECISION,1000SHIBUSDT,POSITION_LIMIT
2024-12-20,DECISION,HBARUSDT,POSITION_LIMIT
2024-12-20,DECISION,LTCUSDT,POSITION_LIMIT
2024-12-20,DECISION,ETHUSDT,POSITION_LIMIT
2024-12-20,DECISION,ADAUSDT,POSITION_LIMIT
2024-12-20,DECISION,XLMUSDT,POSITION_LIMIT
2024-12-20,DECISION,WLDUSDT,POSITION_LIMIT
2024-12-20,DECISION,AVAXUSDT,POSITION_LIMIT
2024-12-20,DECISION,DOTUSDT,POSITION_LIMIT
2024-12-20,DECISION,FILUSDT,POSITION_LIMIT
2024-12-20,DECISION,DOGEUSDT,POSITION_LIMIT
2024-12-20,DECISION,SOLUSDT,POSITION_LIMIT
2024-12-20,DECISION,1000PEPEUSDT,POSITION_LIMIT
2024-12-20,DECISION,WIFUSDT,POSITION_LIMIT
2024-12-20,DECISION,1000SHIBUSDT,POSITION_LIMIT
2024-12-21,DECISION,HBARUSDT,POSITION_LIMIT
2024-12-21,DECISION,LTCUSDT,POSITION_LIMIT
2024-12-21,DECISION,CRVUSDT,POSITION_LIMIT
2024-12-21,DECISION,ETHUSDT,POSITION_LIMIT
2024-12-21,DECISION,ADAUSDT,POSITION_LIMIT
2024-12-21,DECISION,XLMUSDT,POSITION_LIMIT
2024-12-21,DECISION,AVAXUSDT,POSITION_LIMIT
2024-12-21,DECISION,WLDUSDT,POSITION_LIMIT
2024-12-21,DECISION,DOTUSDT,POSITION_LIMIT
2024-12-21,DECISION,DOGEUSDT,POSITION_LIMIT
2024-12-21,DECISION,SOLUSDT,POSITION_LIMIT
2024-12-21,DECISION,1000PEPEUSDT,POSITION_LIMIT
2024-12-21,DECISION,1000SHIBUSDT,POSITION_LIMIT
2024-12-22,DECISION,HBARUSDT,POSITION_LIMIT
2024-12-22,DECISION,LTCUSDT,POSITION_LIMIT
2024-12-22,DECISION,BTCUSDT,POSITION_LIMIT
2024-12-22,DECISION,ETHUSDT,POSITION_LIMIT
2024-12-22,DECISION,ADAUSDT,POSITION_LIMIT
2024-12-22,DECISION,XLMUSDT,POSITION_LIMIT
2024-12-22,DECISION,AVAXUSDT,POSITION_LIMIT
2024-12-22,DECISION,WLDUSDT,POSITION_LIMIT
2024-12-22,DECISION,DOTUSDT,POSITION_LIMIT
2024-12-22,DECISION,DOGEUSDT,POSITION_LIMIT
2024-12-22,DECISION,SOLUSDT,POSITION_LIMIT
2024-12-22,DECISION,1000PEPEUSDT,POSITION_LIMIT
2024-12-22,DECISION,1000SHIBUSDT,POSITION_LIMIT
2024-12-23,DECISION,HBARUSDT,POSITION_LIMIT
2024-12-23,DECISION,LTCUSDT,POSITION_LIMIT
2024-12-23,DECISION,BTCUSDT,POSITION_LIMIT
2024-12-23,DECISION,ETHUSDT,POSITION_LIMIT
2024-12-23,DECISION,ADAUSDT,POSITION_LIMIT
2024-12-23,DECISION,XLMUSDT,POSITION_LIMIT
2024-12-23,DECISION,WLDUSDT,POSITION_LIMIT
2024-12-23,DECISION,AVAXUSDT,POSITION_LIMIT
2024-12-23,DECISION,DOTUSDT,POSITION_LIMIT
2024-12-23,DECISION,DOGEUSDT,POSITION_LIMIT
2024-12-23,DECISION,SOLUSDT,POSITION_LIMIT
2024-12-23,DECISION,1000PEPEUSDT,POSITION_LIMIT
2024-12-23,DECISION,1000SHIBUSDT,POSITION_LIMIT
2024-12-24,DECISION,LINKUSDT,POSITION_LIMIT
2024-12-24,DECISION,LTCUSDT,POSITION_LIMIT
2024-12-24,DECISION,BTCUSDT,POSITION_LIMIT
2024-12-24,DECISION,ETHUSDT,POSITION_LIMIT
2024-12-24,DECISION,ADAUSDT,POSITION_LIMIT
2024-12-24,DECISION,XLMUSDT,POSITION_LIMIT
2024-12-24,DECISION,WLDUSDT,POSITION_LIMIT
2024-12-24,DECISION,AVAXUSDT,POSITION_LIMIT
2024-12-24,DECISION,DOTUSDT,POSITION_LIMIT
2024-12-24,DECISION,DOGEUSDT,POSITION_LIMIT
2024-12-24,DECISION,SOLUSDT,POSITION_LIMIT
2024-12-24,DECISION,1000PEPEUSDT,POSITION_LIMIT
2024-12-24,DECISION,1000SHIBUSDT,POSITION_LIMIT
2024-12-25,DECISION,LINKUSDT,POSITION_LIMIT
2024-12-25,DECISION,LTCUSDT,POSITION_LIMIT
2024-12-25,DECISION,CRVUSDT,POSITION_LIMIT
2024-12-25,DECISION,BTCUSDT,POSITION_LIMIT
2024-12-25,DECISION,ETHUSDT,POSITION_LIMIT
2024-12-25,DECISION,ADAUSDT,POSITION_LIMIT
2024-12-25,DECISION,WLDUSDT,POSITION_LIMIT
2024-12-25,DECISION,AVAXUSDT,POSITION_LIMIT
2024-12-25,DECISION,XLMUSDT,POSITION_LIMIT
2024-12-25,DECISION,DOGEUSDT,POSITION_LIMIT
2024-12-25,DECISION,SOLUSDT,POSITION_LIMIT
2024-12-25,DECISION,1000PEPEUSDT,POSITION_LIMIT
2024-12-25,DECISION,1000SHIBUSDT,POSITION_LIMIT
2024-12-26,DECISION,LTCUSDT,POSITION_LIMIT
2024-12-26,DECISION,CRVUSDT,POSITION_LIMIT
2024-12-26,DECISION,BTCUSDT,POSITION_LIMIT
2024-12-26,DECISION,ETHUSDT,POSITION_LIMIT
2024-12-26,DECISION,XRPUSDT,POSITION_LIMIT
2024-12-26,DECISION,AVAXUSDT,POSITION_LIMIT
2024-12-26,DECISION,WLDUSDT,POSITION_LIMIT
2024-12-26,DECISION,DOGEUSDT,POSITION_LIMIT
2024-12-26,DECISION,SOLUSDT,POSITION_LIMIT
2024-12-26,DECISION,1000PEPEUSDT,POSITION_LIMIT
2024-12-26,DECISION,ADAUSDT,POSITION_LIMIT
2024-12-26,DECISION,1000SHIBUSDT,POSITION_LIMIT
2024-12-26,DECISION,XLMUSDT,POSITION_LIMIT
2024-12-27,DECISION,CRVUSDT,POSITION_LIMIT
2024-12-27,DECISION,BTCUSDT,POSITION_LIMIT
2024-12-27,DECISION,ETHUSDT,POSITION_LIMIT
2024-12-27,DECISION,XRPUSDT,POSITION_LIMIT
2024-12-27,DECISION,LINKUSDT,POSITION_LIMIT
2024-12-27,DECISION,WLDUSDT,POSITION_LIMIT
2024-12-27,DECISION,DOGEUSDT,POSITION_LIMIT
2024-12-27,DECISION,SOLUSDT,POSITION_LIMIT
2024-12-27,DECISION,1000PEPEUSDT,POSITION_LIMIT
2024-12-27,DECISION,ADAUSDT,POSITION_LIMIT
2024-12-27,DECISION,AVAXUSDT,POSITION_LIMIT
2024-12-27,DECISION,1000SHIBUSDT,POSITION_LIMIT
2024-12-27,DECISION,XLMUSDT,POSITION_LIMIT
2024-12-28,DECISION,CRVUSDT,POSITION_LIMIT
2024-12-28,DECISION,BTCUSDT,POSITION_LIMIT
2024-12-28,DECISION,ETHUSDT,POSITION_LIMIT
2024-12-28,DECISION,XRPUSDT,POSITION_LIMIT
2024-12-28,DECISION,LINKUSDT,POSITION_LIMIT
2024-12-28,DECISION,WLDUSDT,POSITION_LIMIT
2024-12-28,DECISION,DOGEUSDT,POSITION_LIMIT
2024-12-28,DECISION,SOLUSDT,POSITION_LIMIT
2024-12-28,DECISION,1000PEPEUSDT,POSITION_LIMIT
2024-12-28,DECISION,ADAUSDT,POSITION_LIMIT
2024-12-28,DECISION,AVAXUSDT,POSITION_LIMIT
2024-12-28,DECISION,1000SHIBUSDT,POSITION_LIMIT
2024-12-28,DECISION,XLMUSDT,POSITION_LIMIT
2024-12-29,DECISION,ETHUSDT,POSITION_LIMIT
2024-12-29,DECISION,XRPUSDT,POSITION_LIMIT
2024-12-29,DECISION,LINKUSDT,POSITION_LIMIT
2024-12-29,DECISION,LTCUSDT,POSITION_LIMIT
2024-12-29,DECISION,BTCUSDT,POSITION_LIMIT
2024-12-29,DECISION,DOGEUSDT,POSITION_LIMIT
2024-12-29,DECISION,SOLUSDT,POSITION_LIMIT
2024-12-29,DECISION,1000PEPEUSDT,POSITION_LIMIT
2024-12-29,DECISION,ADAUSDT,POSITION_LIMIT
2024-12-29,DECISION,AVAXUSDT,POSITION_LIMIT
2024-12-29,DECISION,1000SHIBUSDT,POSITION_LIMIT
2024-12-29,DECISION,WLDUSDT,POSITION_LIMIT
2024-12-29,DECISION,XLMUSDT,POSITION_LIMIT
2024-12-30,DECISION,ETHUSDT,POSITION_LIMIT
2024-12-30,DECISION,XRPUSDT,POSITION_LIMIT
2024-12-30,DECISION,LINKUSDT,POSITION_LIMIT
2024-12-30,DECISION,LTCUSDT,POSITION_LIMIT
2024-12-30,DECISION,BTCUSDT,POSITION_LIMIT
2024-12-30,DECISION,DOGEUSDT,POSITION_LIMIT
2024-12-30,DECISION,SOLUSDT,POSITION_LIMIT
2024-12-30,DECISION,1000PEPEUSDT,POSITION_LIMIT
2024-12-30,DECISION,ADAUSDT,POSITION_LIMIT
2024-12-30,DECISION,AVAXUSDT,POSITION_LIMIT
2024-12-30,DECISION,XLMUSDT,POSITION_LIMIT
2024-12-30,DECISION,1000SHIBUSDT,POSITION_LIMIT
2024-12-30,DECISION,WLDUSDT,POSITION_LIMIT
2024-12-31,DECISION,ETHUSDT,POSITION_LIMIT
2024-12-31,DECISION,XRPUSDT,POSITION_LIMIT
2024-12-31,DECISION,1000PEPEUSDT,POSITION_LIMIT
2024-12-31,DECISION,LINKUSDT,POSITION_LIMIT
2024-12-31,DECISION,LTCUSDT,POSITION_LIMIT
2024-12-31,DECISION,BTCUSDT,POSITION_LIMIT
2024-12-31,DECISION,DOGEUSDT,POSITION_LIMIT
2024-12-31,DECISION,SOLUSDT,POSITION_LIMIT
2024-12-31,DECISION,ADAUSDT,POSITION_LIMIT
2024-12-31,DECISION,AVAXUSDT,POSITION_LIMIT
2024-12-31,DECISION,XLMUSDT,POSITION_LIMIT
2024-12-31,DECISION,1000SHIBUSDT,POSITION_LIMIT
2024-12-31,DECISION,WLDUSDT,POSITION_LIMIT
