symbol,entry_day,exit_day,entry_price,exit_price,exit_reason,quantity,max_quantity,entry_stop_distance,days_held,pnl_price,fees,slippage,funding,net_pnl,adjustments
BTCUSDT,2020-04-30,2020-05-10,8788.442024999998,8615.3611645,STOP,0.025,0.025,0.12791887707474786,10,-4.109474999999975,0.21754753986875,0.2175465125,1.68742063352,-6.231989685888726,0
ETHUSDT,2020-04-30,2020-05-10,215.60774999999998,178.391455402125,STOP,0.769,0.769,0.17219721577726219,10,-22.043691252500018,0.15470316529656314,0.15469765437375002,1.0882806530377,-23.44137272520803,1
LTCUSDT,2020-05-08,2020-05-10,47.413695,39.264358,STOP,2.5220000000000002,2.5220000000000002,0.17968980797636638,2,-20.443332000000005,0.109301024833,0.10929591400000002,0.4230553903108001,-21.084984329143808,0
XRPUSDT,2020-05-05,2020-05-10,0.218109,0.18283853500000005,STOP,784.3000000000001,784.3000000000001,0.1668500687757909,5,-22.49078999999998,0.15973762769750002,0.159732005,0.4594178446400001,-23.269677477337478,1
BCHUSDT,2020-04-30,2020-05-11,258.18903,232.63362500000002,TARGET_ZERO,0.289,0.44299999999999995,0.19136247384329233,11,-15.206049999999998,0.1456243565125,0.14562055499999998,0.4972994799238999,-15.994594391436397,2
EOSUSDT,2020-05-07,2020-05-11,2.6543265,2.4417785000000003,TARGET_ZERO,27.088316357833268,27.088316357833268,0.19851111948737277,4,-5.688546435144985,0.06902245221636796,0.06902103007975918,0.28045405112607164,-6.107043968567184,0
TRXUSDT,2020-05-14,2020-05-16,0.014997495,0.014892550000000001,TARGET_ZERO,2129.0,2129.0,0.22184789859906606,2,-0.19160999999999961,0.0318179529025,0.031817905,0.019307901000000002,-0.2745537589024996,0
XRPUSDT,2020-05-11,2020-05-19,0.19699845,0.20519735000000003,TARGET_ZERO,354.40000000000003,354.40000000000003,0.20251141552511404,8,0.6230400000000057,0.07009272424000002,0.07009288000000002,0.09227423700000002,0.3905801587600056,1
LTCUSDT,2020-05-11,2020-05-30,42.06102,44.487745000000004,TARGET_ZERO,0.78,0.78,0.21550903901046628,19,1.926599999999999,0.033754018350000005,0.03375450000000001,0.0006291469080000001,1.858462334741999,0
BTCUSDT,2020-05-11,2020-05-31,8727.591615,9689.53281,TARGET_ZERO,0.017,0.017,0.18175973934374903,20,16.729930000000007,0.1566556925175,0.15665987500000003,0.4376093408014,15.979005091681108,1
TRXUSDT,2020-05-31,2020-06-02,0.016398194999999997,0.01709145,TARGET_ZERO,13058.0,13058.0,0.15082417582417582,2,9.271180000000031,0.218653892205,0.21865621000000002,0.1556396574204,8.678230240374631,0
ETCUSDT,2020-05-15,2020-06-05,6.2741355,6.908544,TARGET_ZERO,4.22,27.59,0.26759731971920875,21,-5.277700000000005,0.193342249425,0.19334093000000002,0.4943667105822,-6.158749890007204,3
LINKUSDT,2020-05-16,2020-06-07,3.665832,4.353822,TARGET_ZERO,8.39,47.85,0.23005457025920883,22,11.843949999999982,0.2462924240125,0.24629538499999998,1.1589438804107,10.192418310576782,3
XTZUSDT,2020-06-05,2020-06-08,3.0025004999999996,2.8875555,TARGET_ZERO,52.800000000000004,52.800000000000004,0.19197201865423058,3,-5.913600000000006,0.1554974784,0.155496,0.551505927984,-6.776099406384006,0
ZECUSDT,2020-06-08,2020-06-09,52.316145,52.543715000000006,TARGET_ZERO,3.1910000000000003,3.1910000000000003,0.18775100401606423,1,0.8934800000000037,0.16730390663000003,0.16730413000000002,0.0623872231304,0.49648474023960365,0
BNBUSDT,2020-06-09,2020-06-10,17.461726499999997,17.373309000000003,TARGET_ZERO,13.35,13.35,0.13446112416203515,1,-0.9478499999999727,0.23252386196250002,0.232523625,0.0652882434855,-1.4781857304479726,0
ONTUSDT,2020-06-10,2020-06-11,0.5994995999999999,0.6055970500000001,TARGET_ZERO,256.90000000000003,256.90000000000003,0.20975467289719626,1,1.7212300000000103,0.15479466469250003,0.15479509500000002,0.04829038058950001,1.36334985971801,0
XLMUSDT,2020-05-19,2020-06-11,0.07027512,0.07898049000000001,TARGET_ZERO,1362.0,2693.0,0.2222467273762095,23,18.183530000000026,0.23812634911749997,0.238130895,3.5937870174133,14.113485738469224,4
TRXUSDT,2020-06-07,2020-06-11,0.017048519999999998,0.015044474000000004,STOP,10047.0,10047.0,0.17718475073313777,4,-19.973435999999968,0.161219155359,0.161214162,0.8384536523685,-21.134322969727467,0
ETHUSDT,2020-05-11,2020-06-12,187.57374,230.36476,TARGET_ZERO,0.177,0.985,0.21296928327645054,32,15.170359999999988,0.25139162741,0.25139542000000004,1.2150545611092003,13.452518391480789,4
XMRUSDT,2020-06-11,2020-06-12,69.67482,63.648160000000004,TARGET_ZERO,3.9170000000000003,3.9170000000000003,0.13362304266628355,1,-23.345320000000005,0.26111305633000004,0.26110722000000003,0.07949943200000001,-23.947039708330003,0
ATOMUSDT,2020-06-12,2020-06-13,2.7673829999999997,2.8685650000000003,TARGET_ZERO,53.78,53.78,0.19022406938923023,1,5.593120000000005,0.15155064172,0.15155204,0.1023699374368,5.187647380843205,0
ADAUSDT,2020-05-30,2020-06-15,0.064662315,0.069275345,STOP,3221.0,3221.0,0.20416989014389597,16,33.83519999999998,0.22508237120000002,0.22509083000000002,1.0710909991918998,32.313935799608075,3
BATUSDT,2020-06-12,2020-06-19,0.22241114999999997,0.21799095,TARGET_ZERO,752.2,752.2,0.2115107913669064,7,-2.347030000000003,0.1660411317575,0.166040545,0.5323218458732001,-3.2114335226307027,1
XLMUSDT,2020-06-12,2020-06-19,0.071185575,0.070574695,TARGET_ZERO,1847.0,1847.0,0.21544572553430824,7,-0.9973799999999983,0.13091560934500002,0.13091536,0.27865134900000005,-1.5378623183449982,0
ETHUSDT,2020-06-19,2020-06-20,231.37562999999997,228.86551,TARGET_ZERO,0.522,0.522,0.1755686240595001,1,-1.1901600000000006,0.12012293754,0.12012264,0.0360963,-1.4665018775400005,0
TRXUSDT,2020-06-19,2020-06-22,0.016007999999999998,0.015822085,TARGET_ZERO,6339.0,6339.0,0.208838226108682,3,-1.07763,0.10088545440749999,0.10088518500000002,0.090850548,-1.3702511874075,0
ADAUSDT,2020-06-16,2020-06-24,0.07825910999999999,0.082688635,TARGET_ZERO,1285.0,2015.0,0.28119008053176536,8,5.240550000000003,0.1640793648625,0.164080675,0.0894235121325,4.822966448005003,1
VETUSDT,2020-06-13,2020-06-24,0.0096998475,0.00889555,TARGET_ZERO,18425.0,18425.0,0.23839092315626603,11,-16.195836000000007,0.17053650595900002,0.170532457,-0.05834570986109001,-16.478559253097917,2
BTCUSDT,2020-06-02,2020-06-26,10237.526205,9242.126625,TARGET_ZERO,0.023,0.032,0.14874297335543288,24,-26.632339999999996,0.309218828085,0.30921217,1.3477864099758998,-28.598557408060895,1
IOSTUSDT,2020-06-20,2020-06-27,0.005874935999999999,0.0053367303,STOP,28818.0,28818.0,0.25005957446808513,7,-7.733603599999981,0.1653544276009,0.16535249419999998,-1.8579632928087604,-6.20634722899212,1
ONTUSDT,2020-06-22,2020-07-02,0.58559265,0.53901036,STOP,259.2,362.3,0.18616002735510348,10,-15.59823600000001,0.21047590155900003,0.21047200200000002,1.6758615574640001,-17.69504546102301,2
ZECUSDT,2020-06-11,2020-07-08,55.30764,55.132419999999996,TARGET_ZERO,3.912,3.912,0.16842105263157897,27,-6.161270000000018,0.2131762653175,0.213174725,1.9133226195848,-8.500943609902318,1
ATOMUSDT,2020-07-08,2020-07-09,3.2526254999999997,3.5532225000000004,TARGET_ZERO,65.72,65.72,0.15844615384615382,1,19.978880000000018,0.22364016528000003,0.22364516,0.28703812060920003,19.24455655411082,0
BATUSDT,2020-06-24,2020-07-09,0.2575287,0.2646676,TARGET_ZERO,692.6,692.6,0.18595571095571098,15,1.6185899999999762,0.17908413035250004,0.179084535,-3.8079149647811,5.0683362994285766,1
VETUSDT,2020-06-28,2020-07-10,0.008604299999999999,0.01580479365,STOP,10680.0,19496.0,0.28625581395348837,12,130.34228819999998,0.24390503852795,0.24393762409999997,-2.65621444428434,132.51065998165637,5
IOSTUSDT,2020-07-03,2020-07-11,0.0054517244999999995,0.006418789,TARGET_ZERO,13934.0,23572.0,0.2694658590308369,8,9.317061999999991,0.1467185237345,0.14672085299999998,1.5878297332836202,7.435792889981872,1
TRXUSDT,2020-07-11,2020-07-13,0.01814907,0.018170910000000002,TARGET_ZERO,12507.0,12507.0,0.13833425261996685,2,0.5002800000000228,0.22712699493000002,0.22712712000000002,0.19010362844880002,-0.1440777433787772,0
BNBUSDT,2020-07-13,2020-07-16,18.3221565,17.6421745,TARGET_ZERO,15.69,15.69,0.110108125819135,3,-10.386779999999984,0.282140176695,0.28213758,1.2001059421112998,-12.151163698806284,0
VETUSDT,2020-07-11,2020-07-17,0.0171115515,0.0180379765,TARGET_ZERO,6195.0,6195.0,0.2958883693746347,6,5.8480799999999995,0.10887566298,0.10887712499999999,0.20124954772650003,5.429077664293499,0
ATOMUSDT,2020-07-17,2020-07-21,4.080039,3.8840570000000003,TARGET_ZERO,33.480000000000004,33.480000000000004,0.2324301128003923,4,-6.428160000000006,0.13331896704000004,0.13331736000000002,0.48181054340160007,-7.176606870441607,0
BNBUSDT,2020-07-21,2020-07-22,17.490741,17.721135,TARGET_ZERO,11.950000000000001,11.950000000000001,0.1440490481907049,1,2.963600000000014,0.21039095910000002,0.21039170000000004,0.144653392958,2.3981639479420136,0
XTZUSDT,2020-07-16,2020-07-23,3.2226105,3.1094445000000004,TARGET_ZERO,52.2,52.2,0.18889751552795037,7,-6.766799999999996,0.1647544917,0.1647528,0.9731858460599999,-8.069493137759997,1
ONTUSDT,2020-07-09,2020-07-24,0.6535266,0.7239378500000001,TARGET_ZERO,254.9,254.9,0.19484843845682798,15,20.11521000000002,0.1765532561975,0.176558285,3.4390406908964004,16.323057767906118,1
BNBUSDT,2020-07-24,2020-07-26,18.773381999999998,19.830080000000002,TARGET_ZERO,12.68,12.68,0.1365728900255755,2,13.643680000000007,0.24474594908,0.24474936,0.0999942482096,13.054190442710407,0
LINKUSDT,2020-06-24,2020-07-27,4.807402499999999,7.4952505,TARGET_ZERO,59.160000000000004,59.160000000000004,0.13604578563995842,33,103.93318000000002,0.336204406705,0.33623039000000005,-0.26968908455499996,103.53043428785003,5
XLMUSDT,2020-07-09,2020-07-30,0.08545270499999999,0.095082435,TARGET_ZERO,2602.0,2602.0,0.14597728071202715,21,28.376810000000024,0.2364181307975,0.23642522500000002,5.422566866620301,22.481399777582222,3
QTUMUSDT,2020-07-30,2020-08-01,2.3541765,2.4217885000000003,TARGET_ZERO,75.2,75.2,0.19645284621920128,2,5.263999999999989,0.17957628400000003,0.1795776,0.6475025650399999,4.257343550959988,0
XRPUSDT,2020-08-01,2020-08-01,0.2597298,0.22539994365000002,STOP,1023.0,1023.0,0.1317411402157165,0,-34.871307899999984,0.248143863876975,0.24813514605000003,0.11502668060400001,-35.48261359053095,0
TRXUSDT,2020-07-26,2020-08-02,0.018829409999999998,0.020499745000000003,TARGET_ZERO,14059.0,14059.0,0.13397129186602869,7,23.75971000000001,0.27646429507250003,0.276470235,4.074284058051901,19.132491411875606,0
ZECUSDT,2020-07-22,2020-08-02,62.561265,89.90502500000001,TARGET_ZERO,3.404,3.404,0.16535263073724607,11,93.33768,0.25949762558,0.25952096,5.488071431344399,87.33058998307561,0
BNBUSDT,2020-08-02,2020-08-02,21.651820499999996,18.64618726767681,STOP,11.76,11.76,0.13838584495980785,0,-35.10930330377257,0.2369522856739396,0.23694350834811367,0.0,-35.58319909779462,0
BTCUSDT,2020-07-27,2020-08-02,9944.64984,10733.988321,STOP,0.05,0.05,0.06108238788131218,6,44.467724,0.5192067450690001,0.5192178620000001,6.6504153821664005,36.7788840107646,1
ETHUSDT,2020-07-23,2020-08-02,264.43215,335.77203000000003,STOP,1.298,1.298,0.09720740152117152,10,88.66020000000002,0.38736933495000003,0.38739150000000006,7.7880486076701985,80.09739055737981,2
XRPUSDT,2020-08-02,2020-08-02,0.2913456,0.24516493870875,STOP,765.7,765.7,0.1580872252747253,0,-35.155138079750024,0.20540305974464496,0.20539427096012502,0.3982477737056,-35.9641831841604,0
ADAUSDT,2020-06-26,2020-08-03,0.08160077999999998,0.13387303,TARGET_ZERO,1853.0,2533.0,0.1823871996076509,38,121.38072000000004,0.26815589482,0.26818624,1.2056099299480005,119.63876793523204,4
ZECUSDT,2020-08-03,2020-08-04,84.52224,82.39878,TARGET_ZERO,2.15,2.15,0.19080255681818184,1,-4.386000000000013,0.1794400965,0.17943900000000002,0.34474601904,-5.089625115540013,0
BNBUSDT,2020-08-03,2020-08-05,20.9714805,22.312838000000003,TARGET_ZERO,10.31,10.31,0.16034877618206977,2,14.052530000000033,0.22313066186750002,0.22313417500000002,0.6033370414615,13.002928121671031,0
XLMUSDT,2020-08-02,2020-08-09,0.10777385999999999,0.103378285,TARGET_ZERO,1554.0,1554.0,0.2105180096546602,7,-6.666660000000004,0.164065216665,0.16406355,2.6666185629048,-9.661407329569803,0
XRPUSDT,2020-08-03,2020-08-10,0.28864424999999994,0.2882558,TARGET_ZERO,614.9000000000001,614.9000000000001,0.19538994800693243,7,0.72412000000001,0.17776052897,0.17776071000000004,1.748495335159,-1.3798965741289901,1
ADAUSDT,2020-08-09,2020-08-12,0.147483705,0.13695149,TARGET_ZERO,1040.0,1040.0,0.2281086764805644,3,-10.805600000000013,0.1479063014,0.14790360000000002,1.5845330462000002,-12.685942947600013,0
BTCUSDT,2020-08-03,2020-08-12,11086.24035,11386.94368,TARGET_ZERO,0.026000000000000002,0.026000000000000002,0.11732692703425716,9,10.631539999999971,0.29341131211500004,0.29341397,2.3113638010886004,7.733350916796372,1
ETHUSDT,2020-08-03,2020-08-12,373.04643,379.15033,TARGET_ZERO,0.513,0.513,0.18113048142684726,9,4.545039999999986,0.19354856374,0.1935497,2.5593487659276994,1.598592970332286,1
XLMUSDT,2020-08-10,2020-08-12,0.105302625,0.100159895,TARGET_ZERO,1583.0,1583.0,0.21023666951810666,2,-7.9783200000000045,0.16262358458,0.16262158999999998,1.0939717750228,-9.397536949602804,0
VETUSDT,2020-08-12,2020-08-14,0.019983986999999998,0.0196411745,TARGET_ZERO,6364.0,6364.0,0.2746458781720806,2,-2.055572000000003,0.12608726389299998,0.12608675,0.31771649045428,-2.625462504347283,0
ONTUSDT,2020-08-12,2020-08-16,0.7596796499999999,0.831584,TARGET_ZERO,207.8,207.8,0.22131568549980252,4,15.10706,0.165332293235,0.16533607,1.7805938870656002,12.995797749699399,0
ATOMUSDT,2020-08-12,2020-08-17,4.92246,6.2458755,TARGET_ZERO,28.73,28.73,0.24714314762098416,5,37.29069,0.15998762232750002,0.159996945,2.4556033995065,34.515102033165995,1
TRXUSDT,2020-08-12,2020-08-17,0.020140065,0.02826586,TARGET_ZERO,8655.0,8655.0,0.20034756703078452,5,65.26172000000001,0.20683969457,0.20685601,2.3165189565146003,62.53150533891542,1
XTZUSDT,2020-08-05,2020-08-18,3.2526254999999997,4.0429775,TARGET_ZERO,41.300000000000004,41.300000000000004,0.25902799138726557,13,32.58979999999999,0.15055305255,0.1505612,6.4709191279940015,25.817766619455988,1
ETHUSDT,2020-08-14,2020-08-19,425.48263499999996,422.118835,TARGET_ZERO,0.376,0.376,0.22051770348427138,5,-1.1054400000000004,0.15934907636,0.1593488,2.084259730088,-3.5083976064480007,0
LINKUSDT,2020-08-04,2020-08-19,9.238617,16.193899000000002,TARGET_ZERO,14.74,14.74,0.25549057829759586,15,93.25418000000002,0.18271293645500003,0.18273625000000002,0.2354823487076,92.6532484648374,3
BNBUSDT,2020-08-19,2020-08-20,23.027507999999997,22.3818035,TARGET_ZERO,8.31,8.31,0.18459332638164763,1,-5.1771299999999805,0.1886756892825,0.188674395,0.3499094745615,-5.90438955884398,0
XLMUSDT,2020-08-19,2020-08-20,0.10831413,0.102198875,TARGET_ZERO,1382.0,1382.0,0.2362884597616188,1,-8.30582,0.14546448645499999,0.14546241,0.13012076124939997,-8.7268676577044,0
XRPUSDT,2020-08-18,2020-08-20,0.31605795,0.28975505,TARGET_ZERO,416.5,416.5,0.26934514394179054,2,-10.82900000000001,0.12616055725,0.12615785000000002,0.3122169686545,-11.39353537590451,0
BTCUSDT,2020-08-17,2020-08-21,11927.280659999999,11852.600735000002,TARGET_ZERO,0.021,0.021,0.13767786545515853,4,-1.3185899999999808,0.2496887546475,0.24968842500000002,1.6356566280557998,-3.4536238077032806,0
IOSTUSDT,2020-08-20,2020-08-21,0.0068484225,0.0075572195,TARGET_ZERO,20731.0,20731.0,0.2541344046749452,1,14.843395999999991,0.149321682151,0.149325393,0.31647371491505,14.228275209933942,0
ATOMUSDT,2020-08-21,2020-08-22,6.3051509999999995,5.6091940000000005,TARGET_ZERO,18.830000000000002,18.830000000000002,0.29783367719409615,1,-12.992699999999992,0.11217355817500002,0.11217031000000001,0.13193372251500002,-13.348977590689993,0
EOSUSDT,2020-08-16,2020-08-22,3.729864,3.254372,TARGET_ZERO,40.83469932955243,40.83469932955243,0.23258246178600162,6,-19.273978083548762,0.14259958855331797,0.1425947700587971,1.4029495146227804,-20.962121956783655,0
LTCUSDT,2020-08-17,2020-08-22,64.05201,59.220375000000004,TARGET_ZERO,2.461,2.461,0.22544517338331765,5,-11.738969999999991,0.1516866697425,0.151683735,1.6529347465805997,-13.695275151323091,0
TRXUSDT,2020-08-20,2020-08-22,0.026533259999999996,0.024267860000000002,TARGET_ZERO,5131.0,5131.0,0.26498868778280554,2,-11.493439999999994,0.13033027336,0.13032739999999998,0.23975168888159998,-11.993849362241596,0
ETHUSDT,2020-08-22,2020-08-23,388.46413499999994,395.24228,TARGET_ZERO,0.35000000000000003,0.35000000000000003,0.23768576947842884,1,2.509500000000006,0.137148622625,0.13714925,0.04955744276,2.185644684615006,0
LINKUSDT,2020-08-22,2020-08-23,13.859926499999998,15.809091500000001,TARGET_ZERO,5.84,5.84,0.4,1,11.46976,0.08663353256,0.0866364,0.0489929439432,11.247497123496801,0
BTCUSDT,2020-08-22,2020-08-26,11544.299265,11321.51641,TARGET_ZERO,0.02,0.02,0.13748393426199,4,-4.2270000000000065,0.22865815675,0.22865710000000003,0.38602608341600003,-5.0703413401660065,0
XMRUSDT,2020-08-21,2020-08-26,101.90092499999999,88.51572,TARGET_ZERO,1.873,1.873,0.18530191458026513,5,-24.892169999999986,0.17832518804249997,0.178318965,0.33421451147819997,-25.583028664520686,0
IOSTUSDT,2020-08-22,2020-08-27,0.0072866415,0.006822587,TARGET_ZERO,19498.0,19498.0,0.26607853906357265,5,-8.910586000000018,0.1375508686465,0.13754864100000003,0.52965839903438,-9.715343908680898,0
ONTUSDT,2020-08-23,2020-08-31,0.9188592,0.8912541500000001,TARGET_ZERO,145.0,145.0,0.2708687132593076,8,-3.87149999999999,0.131233217875,0.13123225,1.9814606530349999,-6.11542612090999,0
QTUMUSDT,2020-08-27,2020-08-31,3.7908945,3.4512735,TARGET_ZERO,23.700000000000003,23.700000000000003,0.37993134407182455,4,-7.9632000000000085,0.08581969080000001,0.08581770000000001,0.38950340009400003,-8.524340790894009,0
ATOMUSDT,2020-08-23,2020-09-01,6.4152059999999995,7.204396000000001,TARGET_ZERO,17.92,17.92,0.3141831799032611,9,15.596560000000004,0.12269742086000002,0.12270132,0.8394219291892,14.511739329950803,1
BNBUSDT,2020-08-31,2020-09-03,23.652820499999997,20.773458074999997,STOP,9.65,9.65,0.16664833770408602,3,-27.571497500000007,0.21435679412437497,0.21434990124999997,1.5988130433580001,-29.59901723873238,0
ETHUSDT,2020-08-26,2020-09-03,383.261535,394.4876575,STOP,0.37,0.37,0.20093445746652402,8,4.2975499999999975,0.1438836006125,0.143884675,0.6703678205479999,3.339413903839498,0
LTCUSDT,2020-08-31,2020-09-03,63.031499999999994,49.214380500000004,STOP,2.329,2.329,0.22215431020796952,3,-32.04936899999999,0.13071032784225,0.1307023155,0.9559749238925002,-33.266756567234744,0
LINKUSDT,2020-08-26,2020-09-05,14.131062,9.8938506,STOP,6.05,6.05,0.4,10,-25.56246,0.072675360615,0.07266897,1.066187604889,-26.773991935504,0
TRXUSDT,2020-09-01,2020-09-05,0.029244614999999998,0.027935525250000006,STOP,3823.0,3823.0,0.291170431211499,4,-4.895351499999972,0.10929983808787501,0.10929861425000001,-0.7493698699028,-4.3645800824350465,0
ETHUSDT,2020-09-04,2020-09-11,381.71075999999994,367.50615500000004,TARGET_ZERO,0.249,0.249,0.235997851265657,7,-6.891869999999992,0.09155426796749999,0.091552545,0.13563081062880003,-7.210607623596292,1
BTCUSDT,2020-09-04,2020-09-12,10146.4707,10382.616095,TARGET_ZERO,0.011,0.011,0.13152815084783864,8,2.7105099999999984,0.1129099773725,0.112910655,0.27113590899999995,2.2135534586274987,0
ATOMUSDT,2020-09-04,2020-09-15,4.905451499999999,5.383307,TARGET_ZERO,11.46,11.46,0.4,11,6.242090000000008,0.0593078644775,0.059309425,0.3301134963269,5.793359214195608,1
LINKUSDT,2020-09-06,2020-09-18,10.6053,11.010492000000001,TARGET_ZERO,5.2700000000000005,5.2700000000000005,0.4,12,4.9560400000000016,0.058338780990000005,0.058340020000000006,0.12286145595670003,4.716499743053301,1
BNBUSDT,2020-09-12,2020-09-21,25.3596735,23.546970625,STOP,6.78,6.78,0.26639858072146666,9,-5.643052500000009,0.16903254451312502,0.16903113375,-4.020570409420198,-1.9605457688429357,1
IOSTUSDT,2020-09-11,2020-09-21,0.007727861999999999,0.005884006525000002,STOP,22648.0,22648.0,0.2988559979317477,10,-28.628327399999975,0.16062614538185002,0.16061898830000002,0.01665169756796002,-28.966224231249786,1
ETHUSDT,2020-09-18,2020-09-24,389.424615,320.47968000000003,TARGET_ZERO,0.192,0.192,0.28886291234199984,6,-13.169280000000006,0.06815081232,0.06814752,0.06066865992960001,-13.366246992249607,0
BTCUSDT,2020-09-15,2020-09-28,10669.43205,10762.616,TARGET_ZERO,0.013000000000000001,0.013000000000000001,0.133408726474808,13,1.3506999999999962,0.13930831232500002,0.13930865000000003,0.04395152466120001,1.028131513013796,0
NEOUSDT,2020-08-20,2020-10-02,15.863928,18.015037975000002,STOP,9.36,9.36,0.2428675078864353,43,28.02820450000002,0.16241925519887498,0.16242626225,-0.5585993892057994,28.261958371756943,3
NEOUSDT,2020-10-03,2020-10-07,18.079034999999998,16.547722,TARGET_ZERO,3.1,3.1,0.4,4,-4.693399999999998,0.05367147335,0.053670300000000004,-0.21712547126000004,-4.583616302089998,0
IOSTUSDT,2020-09-22,2020-10-08,0.0054097035,0.0053663155,TARGET_ZERO,17205.0,18725.0,0.4,16,1.242994999999989,0.12490088175125,0.12490119250000001,0.36855892689625,0.6246339988524889,2
ZECUSDT,2020-10-07,2020-10-09,61.520745,61.959005000000005,TARGET_ZERO,1.76,1.76,0.20763787213274776,2,0.88,0.10866218000000001,0.1086624,0.06503728000000002,0.5976381399999999,0
TRXUSDT,2020-09-06,2020-10-10,0.029904945,0.02624687,TARGET_ZERO,4366.0,4649.0,0.4,34,-6.726820000000007,0.182433191705,0.18243151,-4.205165805316302,-2.886518896388705,4
BCHUSDT,2020-10-10,2020-10-12,237.468675,238.93047500000003,TARGET_ZERO,0.664,0.664,0.14313613955252183,2,1.1288000000000113,0.15816451780000002,0.1581648,0.09468308000000002,0.7177876022000114,0
XRPUSDT,2020-10-09,2020-10-15,0.2515257,0.24907540000000003,TARGET_ZERO,686.7,920.4000000000001,0.1303777335984096,6,-2.398800000000005,0.23056367970000002,0.23056308000000003,0.47346962078460003,-3.3333963804846047,1
ATOMUSDT,2020-10-12,2020-10-17,6.0780375,5.4002985,TARGET_ZERO,19.93,19.93,0.24079012345679007,5,-13.392960000000011,0.11438161824,0.11437827,0.24842792054729998,-13.87014780878731,0
ETHUSDT,2020-10-15,2020-10-17,378.939375,365.23729000000003,TARGET_ZERO,0.47300000000000003,0.47300000000000003,0.12190099009900991,2,-6.305089999999993,0.17599778127250001,0.17599620500000002,0.106699813,-6.763783799272492,0
THETAUSDT,2020-09-24,2020-10-18,0.55397685,0.62338815,TARGET_ZERO,220.0,220.0,0.30462996389891683,24,20.31013000000001,0.1319639874675,0.131969065,-15.695087296878201,35.741284244410714,1
ATOMUSDT,2020-10-18,2020-10-20,5.464731,5.5012479999999995,TARGET_ZERO,15.450000000000001,15.450000000000001,0.26688917337234813,2,0.6488999999999967,0.084712187775,0.08471234999999999,0.20091602094000002,0.27855944128499666,0
BCHUSDT,2020-10-17,2020-10-21,250.60523999999998,240.79954,TARGET_ZERO,0.656,0.656,0.13716664005110196,4,-6.271360000000001,0.16118076784000002,0.1611792,0.22390613897279998,-6.817626106812802,0
TRXUSDT,2020-10-17,2020-10-22,0.025702845,0.026686650000000003,TARGET_ZERO,5985.0,5985.0,0.14673024523160763,5,6.044850000000004,0.15677556378750002,0.15677707500000002,0.23437255212000005,5.496924809092504,0
XLMUSDT,2020-10-20,2020-10-23,0.085232595,0.08545725000000001,TARGET_ZERO,2684.0,2684.0,0.13190414659931873,3,0.8320400000000132,0.22906577199,0.22906598,0.1925109065,0.18139734151001322,0
XRPUSDT,2020-10-23,2020-10-27,0.25732859999999996,0.24797595,TARGET_ZERO,852.1,852.1,0.14270995334370146,4,-7.754109999999997,0.21528500352749996,0.215283065,0.3001750152666,-8.484853083794096,0
LINKUSDT,2020-10-27,2020-10-29,11.7068505,11.4272835,TARGET_ZERO,9.09,9.09,0.22828818049739336,2,-2.4361200000000065,0.10514463902999999,0.10514403,0.03376259513009999,-2.6801712641601068,0
BCHUSDT,2020-10-29,2020-11-03,268.45416,257.22132500000004,TARGET_ZERO,0.635,0.635,0.1508552582544534,5,-6.965949999999981,0.1669019664875,0.166900225,0.28545350072,-7.585205692207481,0
BNBUSDT,2020-09-22,2020-11-03,23.13156,27.36261185,STOP,4.0200000000000005,11.29,0.4,42,4.199935000000019,0.31501171751625,0.3150127675,-7.7019841494335015,11.271894664417271,5
LTCUSDT,2020-10-22,2020-11-03,53.06652,51.02697375,STOP,4.329,4.329,0.13964932126696838,12,0.7123175000000161,0.22996614067062499,0.22996631874999995,1.2954203883293995,-1.0430353477500083,2
BCHUSDT,2020-11-04,2020-11-05,244.111995,240.66960500000002,TARGET_ZERO,0.337,0.337,0.1839122411318435,1,-1.0784000000000058,0.08168569960000002,0.08168543,-0.023685178471900003,-1.2180859511281057,0
BNBUSDT,2020-11-05,2020-11-07,26.975481,29.039473,TARGET_ZERO,3.65,3.65,0.15366654302670615,2,7.635799999999995,0.10222729105,0.10222919999999999,0.26674832950149996,7.164595179448495,0
XMRUSDT,2020-09-28,2020-11-07,97.16856,109.38478025,STOP,2.301,2.301,0.16759526261585997,40,39.53834249999999,0.243232406664375,0.24324229125,-8.448435912741697,47.50030371482731,2
XMRUSDT,2020-11-08,2020-11-18,111.11552999999999,125.33730000000001,TARGET_ZERO,0.8270000000000001,0.8270000000000001,0.2316512109480508,10,11.859180000000006,0.09777324520500003,0.09777621000000002,0.1648708453732,11.498759699421807,0
ETCUSDT,2020-11-18,2020-11-21,5.780888999999999,6.0679645,TARGET_ZERO,32.160000000000004,32.160000000000004,0.1535306334371755,3,9.422880000000005,0.19052956428,0.19053192000000002,0.6891758597808001,8.352642655939205,0
ADAUSDT,2020-11-21,2020-11-22,0.11858926499999999,0.1335332,TARGET_ZERO,1249.0,1249.0,0.18919591630104624,1,18.82243,0.15745047939249998,0.157455185,0.4423225849939001,18.0652017506136,0
TRXUSDT,2020-11-22,2020-11-23,0.03065532,0.028745620000000003,TARGET_ZERO,8412.0,8412.0,0.12938968668407314,1,-15.814559999999998,0.24984035364,0.24983640000000001,0.7826472578304,-17.0968840114704,0
LINKUSDT,2020-11-03,2020-11-24,10.7843895,15.270361000000001,TARGET_ZERO,6.05,10.21,0.23170052880601166,21,37.901830000000004,0.13702798954250003,0.137037465,2.3874407213882005,35.2403238240693,1
ADAUSDT,2020-11-23,2020-11-25,0.14632312499999997,0.16749621,TARGET_ZERO,1179.0,1179.0,0.19232531108984,2,25.14807000000002,0.18499649798249998,0.185002785,1.2854127425589001,23.49265797445862,0
LTCUSDT,2020-11-04,2020-11-26,53.996984999999995,81.80907499999999,TARGET_ZERO,2.216,3.813,0.1897443023902168,22,67.28418999999998,0.2543288639525,0.254345685,5.232441561723599,61.543073889323885,3
ADAUSDT,2020-11-26,2020-11-26,0.155107515,0.11737597239681194,STOP,988.0,988.0,0.24288201160541587,0,-37.144166535217416,0.1346068427740251,0.13459755673239132,0.015316964000000002,-37.42868789872384,0
BCHUSDT,2020-11-24,2020-11-26,323.911875,280.95195375000003,STOP,0.601,0.601,0.19175491679273823,2,-25.637157499999983,0.18176158053937502,0.18175517125,1.1072157084724,-27.10788996026176,0
BNBUSDT,2020-11-25,2020-11-26,33.943963499999995,29.345062242729625,STOP,8.2,8.2,0.1350526253722103,1,-37.45151466695056,0.25948500554519144,0.2594756426665247,0.64169044896,-38.612165764122274,0
BTCUSDT,2020-10-08,2020-11-26,10664.079375,16295.641603250002,STOP,0.016,0.04,0.08289836988389822,49,192.25670599999998,0.5346923688235,0.534740433,7.745418740614801,183.44185445756167,6
ETHUSDT,2020-10-21,2020-11-26,368.92437,507.70152225000004,STOP,0.33,0.683,0.12336334544665618,36,86.66815500000001,0.37099415046125006,0.3710158175,10.032664602468204,75.89348042957057,5
XRPUSDT,2020-11-07,2020-11-26,0.2589294,0.5565515850000001,STOP,913.7,913.7,0.1509853168469861,19,263.40127400000006,0.3681003466815001,0.36816619700000003,6.355088424636501,256.30991903168206,3
BTCUSDT,2020-11-27,2020-11-28,17163.947685,17135.537945,TARGET_ZERO,0.011,0.011,0.1790773018780158,1,-0.12385999999998239,0.188647170965,0.18864714,0.056600335,-0.5577546459649823,0
TRXUSDT,2020-11-28,2020-12-01,0.029404694999999998,0.03240379,TARGET_ZERO,4801.0,4801.0,0.24666553249404555,3,14.54702999999999,0.14837126824250002,0.148374905,0.226968081568,14.02331574518949,0
BNBUSDT,2020-11-27,2020-12-04,28.2771315,30.70464,TARGET_ZERO,6.11,6.11,0.20138898718946852,7,15.012269999999987,0.18018931193250004,0.18019306499999999,1.2653404669321,13.386547156135387,0
XLMUSDT,2020-12-04,2020-12-05,0.18442216499999997,0.16141925000000001,TARGET_ZERO,564.0,564.0,0.3648400216919739,1,-12.876119999999993,0.09752727903,0.09752406,0.08659121604359998,-13.157762555073592,0
BNBUSDT,2020-12-05,2020-12-08,29.054519999999997,29.369308,TARGET_ZERO,5.65,5.65,0.218235820792727,3,1.9436000000000069,0.1650473141,0.16504780000000002,0.14624798638399997,1.467256899516007,0
ADAUSDT,2020-11-27,2020-12-09,0.13884939,0.14106943,TARGET_ZERO,958.0,958.0,0.30538494809688577,12,5.566880000000004,0.13573328828000003,0.13573468,1.2837829427138003,4.011629089006204,1
BCHUSDT,2020-11-27,2020-12-09,271.785825,267.74606,TARGET_ZERO,0.40900000000000003,0.40900000000000003,0.3127751196172249,12,-1.5419299999999938,0.1103342704825,0.110333885,1.0964577611979998,-2.859055916680494,0
XMRUSDT,2020-12-08,2020-12-10,138.80937,132.38377499999999,TARGET_ZERO,1.333,1.333,0.22054562490990345,2,-8.384570000000027,0.1807502311425,0.180748135,0.10894609,-8.855014456142527,0
VETUSDT,2020-12-09,2020-12-11,0.016389190499999998,0.0159410255,TARGET_ZERO,5610.0,5610.0,0.4,2,-2.4235199999999906,0.09068625587999998,0.09068565,0.055554147,-2.660446052879991,0
BCHUSDT,2020-12-11,2020-12-12,266.102985,259.360255,TARGET_ZERO,0.34700000000000003,0.34700000000000003,0.3616897277786133,1,-2.2485600000000066,0.09116787214,0.09116731000000003,0.030498871971600006,-2.461394054111606,0
XRPUSDT,2020-11-27,2020-12-12,0.5372685,0.51244365,TARGET_ZERO,218.9,218.9,0.3451955307262569,15,1.738170000000002,0.1184179504575,0.11841838500000001,-0.3697199327600999,1.871053597302602,1
COMPUSDT,2020-12-12,2020-12-14,142.721325,147.096415,TARGET_ZERO,0.713,0.713,0.34879733520336614,2,3.2227599999999867,0.10332002431000001,0.10332083,0.061728688,2.954390457689987,0
WAVESUSDT,2020-12-10,2020-12-17,8.547171449999999,8.356919450000001,TARGET_ZERO,11.600000000000001,11.600000000000001,0.3810288937519749,7,-2.10887999999999,0.09804372722000002,0.09804320000000002,0.1680518951672,-2.47301882238719,0
XLMUSDT,2020-12-17,2020-12-19,0.19336663499999998,0.18544723000000002,TARGET_ZERO,449.0,449.0,0.328416968442835,2,-3.4707699999999937,0.08504371269250001,0.085042845,0.32380414230520005,-3.9646606999976934,0
VETUSDT,2020-12-19,2020-12-20,0.017460726,0.017385303,TARGET_ZERO,6895.0,6895.0,0.27829377364981084,1,-0.3999099999999933,0.12013168497750001,0.12013158499999999,0.3749104507162,-1.0150837206936933,0
ADAUSDT,2020-12-12,2020-12-21,0.13942968,0.16196897500000002,TARGET_ZERO,636.0,636.0,0.4,9,14.430839999999991,0.09584477229000002,0.09584838000000001,0.9287316151236,13.31041523258639,0
XMRUSDT,2020-12-14,2020-12-23,152.10601499999999,156.32180000000002,TARGET_ZERO,1.499,1.499,0.20561731237255804,9,6.550630000000012,0.23116664734250003,0.23116828500000003,0.4896360304685001,5.598659037189012,0
BCHUSDT,2020-12-20,2020-12-23,318.41913,282.67908975000006,STOP,0.522,0.522,0.20175631519416867,3,-18.499418999999975,0.15688663535475003,0.1568820105,0.4938934238568,-19.307081069711522,0
XMRUSDT,2020-12-24,2020-12-25,150.885405,156.64164,TARGET_ZERO,1.226,1.226,0.18940930787589502,1,7.2456599999999955,0.188514078585,0.18851589000000002,0.056192484,6.812437547414995,0
THETAUSDT,2020-12-25,2020-12-27,1.18689315,1.30996469,STOP,144.0,144.0,0.23406676783004554,2,28.973091999999994,0.185306502727,0.185313746,-1.1905539588,29.793025710072996,1
THETAUSDT,2020-12-28,2020-12-29,1.34877405,1.5531230500000002,TARGET_ZERO,92.5,92.5,0.30184786641929495,1,19.036499999999997,0.13421274087500001,0.1342175,-0.2480048077725,19.016074566897498,0
ZILUSDT,2020-12-23,2020-12-29,0.051325649999999994,0.08905545000000001,TARGET_ZERO,2500.0,2500.0,0.29704678362573106,6,92.62225,0.1745379694375,0.17456112499999998,-3.0038595181425003,95.27701042370501,1
LTCUSDT,2020-12-09,2021-01-01,76.79838,124.307815,TARGET_ZERO,1.072,1.702,0.3720680218921033,23,63.577759999999984,0.17266860556000002,0.17268450000000002,2.7045567377016,60.52785015673838,3
ZILUSDT,2021-01-01,2021-01-03,0.082571265,0.07223386500000001,TARGET_ZERO,1179.0,1179.0,0.39009816991879764,2,-12.096540000000006,0.091257624135,0.0912546,0.016242042650400003,-12.295294266785406,0
BNBUSDT,2020-12-21,2021-01-07,34.314148499999995,42.264857000000006,TARGET_ZERO,7.62,7.62,0.14243219597550308,17,43.761380000000024,0.28321288965499997,0.28322383,7.7530521203218,35.44189116002323,2
ADAUSDT,2020-12-29,2021-01-10,0.17664828,0.3310344,TARGET_ZERO,812.0,812.0,0.26402649606522105,12,106.32911,0.19650469272249999,0.196531275,2.7573161013245,103.178757930953,2
BCHUSDT,2020-12-29,2021-01-11,361.34058,443.8604587500001,STOP,0.40900000000000003,0.40900000000000003,0.25629430660168373,13,30.122364999999995,0.16276809190875002,0.16277562250000005,4.165698217749801,25.631123067841443,1
BTCUSDT,2020-12-01,2021-01-11,19731.951044999998,32721.426102500005,STOP,0.012,0.012,0.16170091277890467,41,144.76105000000004,0.3090094147375,0.30904560500000006,13.858145309526007,130.28484967073655,3
ETHUSDT,2020-11-27,2021-01-11,520.4601,967.1446857500001,STOP,0.306,0.306,0.218277751081211,45,129.21907199999998,0.223758431232,0.22379073600000002,14.337822642764598,114.43370019000338,3
LTCUSDT,2021-01-03,2021-01-11,137.158545,123.762088,STOP,0.904,0.904,0.3069047271666181,8,-3.2995820000000045,0.12228039389550002,0.122279569,4.9260285012286,-8.470170464124104,1
BNBUSDT,2021-01-10,2021-01-12,43.9329555,38.094943,TARGET_ZERO,4.2700000000000005,4.2700000000000005,0.2095838932288701,2,-24.753190000000018,0.1751295632975,0.17512337500000003,0.17703747167400002,-25.280480409971517,0
LINKUSDT,2021-01-07,2021-01-12,17.3036475,14.6476725,TARGET_ZERO,7.51,7.51,0.30070271833429735,5,-19.826400000000017,0.1199772066,0.11997225,1.8239815892861997,-21.890331045886217,0
LTCUSDT,2021-01-12,2021-01-13,139.139535,133.48322500000003,TARGET_ZERO,0.639,0.639,0.4,1,-3.5272799999999886,0.08710297182000001,0.08710209000000001,0.0713983510593,-3.7728834128792887,0
XMRUSDT,2021-01-12,2021-01-13,158.02897499999997,159.170375,TARGET_ZERO,0.8150000000000001,0.8150000000000001,0.32246771334515073,1,1.0595000000000094,0.129258735125,0.129259,0.03872472500000001,0.7622575398750094,0
BNBUSDT,2021-01-13,2021-01-14,38.293137,40.187896,TARGET_ZERO,3.75,3.75,0.253583278902678,1,7.252499999999991,0.147151936875,0.14715375,0.125997759075,6.8321965540499905,0
ETHUSDT,2021-01-12,2021-01-17,1087.38342,1229.70484,TARGET_ZERO,0.094,0.094,0.34694417355143803,5,13.487120000000003,0.10890314822,0.10890651999999999,0.9482421297704,12.321068202009604,0
BTCUSDT,2021-01-12,2021-01-18,35424.623459999995,35857.78214,TARGET_ZERO,0.003,0.003,0.2732399968821011,6,1.406400000000009,0.10692360840000001,0.10692396,1.0103379219492,0.182214509650809,0
SNXUSDT,2021-01-14,2021-01-19,15.563777999999997,15.606193000000001,TARGET_ZERO,7.0,7.0,0.3807180509128312,5,0.40600000000001124,0.1090948985,0.109095,1.0935832114199997,-0.9057731099199884,0
VETUSDT,2021-01-19,2021-01-20,0.030954469499999998,0.029083451,TARGET_ZERO,3139.0,3139.0,0.4,1,-5.778899000000007,0.09422951622475001,0.09422807150000001,0.40629359325446,-6.373650180979217,0
ETCUSDT,2021-01-12,2021-01-21,7.229613,7.9050455,TARGET_ZERO,16.28,16.28,0.35293384998616106,9,11.119239999999998,0.12319612019,0.12319890000000001,1.7659744355704001,9.106870544239598,0
BCHUSDT,2021-01-12,2021-01-22,476.928345,418.45067000000006,TARGET_ZERO,0.225,0.225,0.3857520286846576,10,-13.056749999999996,0.10073013918750001,0.10072687500000002,1.6043544829350003,-14.862561497122496,0
DOTUSDT,2021-01-21,2021-01-28,18.031010999999996,15.440276,TARGET_ZERO,5.9,5.9,0.35988510850863076,7,-15.186599999999991,0.09874029664999999,0.0987365,0.6694499839820001,-16.05352678063199,0
VETUSDT,2021-01-22,2021-01-28,0.027984985499999997,0.026401792500000004,TARGET_ZERO,3898.0,3898.0,0.4,6,-6.065287999999995,0.105999830322,0.10599831400000001,0.5721274884449,-6.849413632766895,0
UNIUSDT,2021-01-28,2021-01-31,14.746569599999999,19.566411900000002,TARGET_ZERO,7.0,7.0,0.3204476446014333,3,33.858999999999995,0.12009543525000002,0.12010390000000001,0.44633158319399996,33.172469081555995,0
XLMUSDT,2021-01-31,2021-02-03,0.32908445999999997,0.33973005,TARGET_ZERO,280.0,280.0,0.4,3,3.074399999999996,0.0936340314,0.09363479999999999,1.038347067016,1.8487841015839959,0
BNBUSDT,2021-01-18,2021-02-04,45.88393049999999,52.0689525,TARGET_ZERO,3.6,3.6,0.23518437752142526,17,22.442400000000003,0.17631518939999996,0.1763208,1.2396289417920006,20.850135068808,0
MKRUSDT,2021-02-03,2021-02-04,1706.0626049999998,1764.867125,TARGET_ZERO,0.069,0.069,0.33814970889285384,1,4.177259999999998,0.11974707568500001,0.11974812000000001,0.8041376995296,3.133627104785398,0
SUSHIUSDT,2021-01-28,2021-02-09,7.08063855,14.153219850000001,TARGET_ZERO,13.0,13.0,0.4,12,79.137,0.13155101575,0.1315708,5.604704935919001,73.26917324833099,3
XLMUSDT,2021-02-04,2021-02-10,0.347983905,0.401109345,TARGET_ZERO,308.0,308.0,0.3660748684626664,6,16.477999999999994,0.11536036050000001,0.11536447999999999,3.7403078953548006,12.506967264145196,0
ADAUSDT,2021-01-17,2021-02-15,0.35145563999999996,0.7253591389999999,STOP,287.0,287.0,0.39397580071174376,29,112.93128399999998,0.157254769179,0.157283002,8.805172037815998,103.81157419100498,2
LINKUSDT,2021-01-13,2021-02-22,13.984988999999999,25.559563825,STOP,6.5200000000000005,6.5200000000000005,0.4,40,69.76936149999997,0.126003798409625,0.12602124074999999,15.993525910972197,53.523810549868145,2
LTCUSDT,2021-02-10,2021-02-22,182.19105,177.57766675000002,STOP,0.907,0.907,0.23995386136438532,12,1.9978550000000226,0.16616312803625,0.16616362750000002,9.7774302004065,-8.111901955942727,1
ETHUSDT,2021-01-20,2021-02-23,1368.06369,1777.3308900000002,TARGET_ZERO,0.08,0.08,0.35290820542445767,34,32.86719999999999,0.1258157832,0.12582400000000002,13.516214203040004,19.099346013759988,0
BTCUSDT,2021-02-09,2021-02-23,46474.545659999996,47158.09065925,STOP,0.003,0.004,0.21682666929594246,14,-2.2396940000000036,0.18984713292350003,0.189846573,8.086013137953298,-10.705400843876802,1
DOTUSDT,2021-02-04,2021-02-23,20.8894395,29.037374049999993,STOP,5.300000000000001,5.300000000000001,0.3505962643678161,19,57.21010999999996,0.1392494524725,0.139263755,12.541025328867,44.39057146366046,1
SUSHIUSDT,2021-02-23,2021-02-26,16.61640405,14.35331975,TARGET_ZERO,6.0,6.0,0.4,3,-13.485600000000002,0.09290917140000002,0.09290580000000001,0.08169480000000001,-13.753109771400002,0
BTCUSDT,2021-02-24,2021-02-27,48954.475005,46289.96344000001,TARGET_ZERO,0.002,0.002,0.2545393623543839,3,-5.2337799999999985,0.09524443844500001,0.09524313000000001,0.21295510109560004,-5.637222669540599,0
SXPUSDT,2021-02-26,2021-03-01,2.27723805,1.9928031000000002,TARGET_ZERO,42.28275244317721,42.28275244317721,0.4,3,-11.936421014708925,0.09027454643381486,0.09027156232856118,0.19626847250555163,-12.313235595976852,0
BTCUSDT,2021-03-01,2021-03-02,45185.22132,49570.192505,TARGET_ZERO,0.002,0.002,0.2851878713186974,1,8.864699999999997,0.094755413825,0.09475763000000001,0.027984054,8.647202902174998,0
TRXUSDT,2021-02-27,2021-03-09,0.045152565,0.053053460000000004,TARGET_ZERO,1880.0,1880.0,0.4,10,14.945999999999996,0.0923136635,0.09231740000000001,-0.22772898532,14.989097921819996,0
DOGEUSDT,2021-03-09,2021-03-12,0.06307252049999999,0.0560229745,TARGET_ZERO,1751.0,1751.0,0.3501751854905194,3,-12.239490000000005,0.1042681058725,0.104265046,0.84429995071236,-13.292323102584865,0
ADAUSDT,2021-02-16,2021-03-13,0.86099028,1.033193145,TARGET_ZERO,134.0,134.0,0.3440409055498065,25,28.96241000000001,0.1297890043975,0.12979624499999998,5.305109226456401,23.397715524146104,2
DOGEUSDT,2021-03-13,2021-03-18,0.0553906815,0.057973998500000005,TARGET_ZERO,1868.0,2637.0,0.3370265681723771,5,4.344772999999994,0.15078043830675,0.15078152449999999,1.84229572488421,2.2009153123090335,1
UNIUSDT,2021-02-23,2021-03-18,27.72835725,31.327028650000003,TARGET_ZERO,3.0,4.0,0.3893573399210198,23,17.3846,0.11667415385,0.1166785,4.809728717924001,12.341518628226,1
SUSHIUSDT,2021-03-02,2021-03-19,18.87653355,19.726231950000003,TARGET_ZERO,5.0,6.0,0.4,17,10.5516,0.1162214621,0.1162241,1.6157853450280002,8.703369092872,2
TRXUSDT,2021-03-18,2021-03-19,0.05484741,0.053253360000000007,TARGET_ZERO,4221.0,4221.0,0.18509124087591244,1,-6.500339999999999,0.22814667508500003,0.22814505000000002,0.068768532,-7.025400257084999,0
DOTUSDT,2021-02-24,2021-03-20,34.571277,38.22088,TARGET_ZERO,3.1,3.1,0.374973946271422,24,11.426599999999997,0.11282784335000001,0.1128307,4.334739104762001,6.8662023518879955,0
ENJUSDT,2021-03-19,2021-03-21,2.655597135,2.2036976000000004,TARGET_ZERO,41.0,41.0,0.4,2,-18.42826999999999,0.09961554206750001,0.099610935,1.1995065876965,-19.827003064763993,0
BTCUSDT,2021-03-12,2021-03-23,57871.56131999999,54102.49522,TARGET_ZERO,0.003,0.003,0.22477680686087465,11,-11.139240000000006,0.16796108481,0.1679583,2.6518965082572006,-14.127055893067208,0
DOTUSDT,2021-03-21,2021-03-24,37.290636,34.214884,TARGET_ZERO,3.9000000000000004,3.9000000000000004,0.24684481648422404,3,-11.855999999999998,0.13943576400000002,0.13943280000000002,0.671720334441,-12.806588898440998,0
SXPUSDT,2021-03-20,2021-03-24,3.9844912499999996,2.6219559966989414,STOP,30.650468235241696,30.650468235241696,0.3416304702603629,4,-41.661108565236866,0.10124535074137292,0.10123493546423162,1.3496029581638511,-43.21319180960632,0
UNIUSDT,2021-03-19,2021-03-26,30.027906449999996,26.50674,TARGET_ZERO,4.0,4.0,0.3019896072749076,7,-13.971599999999995,0.11306929289999999,0.1130658,1.6844182605479998,-15.882153353447995,0
BNBUSDT,2021-02-23,2021-03-28,267.577722,269.47019750000004,TARGET_ZERO,0.37,0.52,0.4,33,3.641410000000004,0.16178229464750002,0.16178320500000004,3.6589184895124993,-0.341073989159995,4
BTCUSDT,2021-03-25,2021-03-30,52334.043945,57647.30193,TARGET_ZERO,0.002,0.002,0.21308391035706456,5,10.736500000000001,0.109981345875,0.10998403000000001,0.20393684022000003,10.312597783905002,0
VETUSDT,2021-03-23,2021-03-31,0.0883871715,0.08947923800000002,TARGET_ZERO,1513.0,1513.0,0.31796371584204397,8,1.7868530000000034,0.13455593878675,0.1345563855,1.98707871257284,-0.46933803685958675,0
THETAUSDT,2021-03-26,2021-04-02,13.11305325,11.5286328,TARGET_ZERO,11.4,11.4,0.3335361155820677,7,-14.334180000000007,0.14225059354500003,0.14224701,3.7172740540339997,-18.335951657579006,1
ADAUSDT,2021-03-18,2021-04-03,1.38099015,1.19232354,TARGET_ZERO,100.0,100.0,0.3073288415561835,16,-18.738000000000007,0.1286656845,0.12866100000000003,5.39984574893,-24.395172433430005,0
ENJUSDT,2021-03-24,2021-04-04,2.053896435,2.3137025700000002,TARGET_ZERO,45.0,45.0,0.4,11,11.789549999999995,0.0982709776125,0.098273925,3.9712438803915004,7.621761216995993,0
TRXUSDT,2021-04-04,2021-04-05,0.10175084999999999,0.12755619,TARGET_ZERO,1641.0,1641.0,0.23764873635559058,1,42.53472000000002,0.18814642632,0.18815706000000001,0.38177193305880003,41.776644580621216,0
SXPUSDT,2021-04-05,2021-04-06,4.47093435,4.731932850000001,TARGET_ZERO,26.234133084889542,26.234133084889542,0.3411947011568842,1,6.967785747346665,0.1207146214436824,0.12071636339011924,0.675953500434327,6.050401262078536,0
EOSUSDT,2021-03-31,2021-04-07,4.347172499999999,6.651672500000001,TARGET_ZERO,34.26053139515063,34.26053139515063,0.2451657458563535,7,70.22874637617241,0.18395882491342164,0.1839763821000157,4.861515158056468,64.99929601110252,1
FILUSDT,2021-03-28,2021-04-07,132.44118749999998,165.77007350000002,TARGET_ZERO,1.4000000000000001,1.4000000000000001,0.24534876694739227,10,49.21820000000002,0.20992179545000003,0.20993410000000004,3.4962773454079996,45.30206675914202,3
DOTUSDT,2021-04-03,2021-04-08,41.1555675,39.5552125,TARGET_ZERO,4.0,4.0,0.23962440743892058,5,-6.239999999999981,0.16142156000000002,0.16142,3.2564100348000005,-9.819251594799981,0
ETHUSDT,2021-04-02,2021-04-08,1970.7348749999999,1964.4173000000003,TARGET_ZERO,0.117,0.117,0.17675606932894697,6,-0.5089499999999916,0.23020640223750005,0.23020627500000002,3.512427945624,-4.481790622861492,0
EOSUSDT,2021-04-08,2021-04-11,5.894946,6.622687000000001,TARGET_ZERO,20.402199533469773,20.402199533469773,0.3313189611271431,3,14.975214457566812,0.12769362307637291,0.1276973668799873,1.3524935549364052,13.367329912674046,0
LINKUSDT,2021-04-08,2021-04-12,31.166575499999997,33.9440195,TARGET_ZERO,5.19,5.19,0.24586824617162664,4,14.583899999999993,0.168961994025,0.16896564000000003,2.7481623985974,11.497809967377592,0
TRXUSDT,2021-04-11,2021-04-14,0.12688340999999997,0.14634679,TARGET_ZERO,994.0,994.0,0.3198233717079325,3,19.482400000000005,0.13579540939999998,0.13580028,2.7067393255462,16.504064985053805,0
LTCUSDT,2021-04-07,2021-04-16,237.65876999999998,285.986935,TARGET_ZERO,0.9440000000000001,0.9440000000000001,0.17913859885483324,9,44.392800000000015,0.2464230618,0.24643416,9.3927580586704,34.50718471952961,1
BNBUSDT,2021-03-30,2021-04-17,275.55871049999996,508.6645405,TARGET_ZERO,0.46,0.46,0.2516804876809016,18,111.82412000000001,0.18257776396999997,0.18260572,10.5903757969768,100.8685607190532,2
ADAUSDT,2021-04-07,2021-04-18,1.255917645,1.2233390245,STOP,126.0,126.0,0.2538513012929283,11,-3.9487140000000007,0.1561931701785,0.15619218299999998,8.6515407446076,-12.912640097786099,0
BTCUSDT,2021-04-14,2021-04-18,63676.872525,55880.71952202343,STOP,0.005,0.005,0.12199403579372158,4,-38.68188070523549,0.29889398011755863,0.2988843096473823,3.671423437945,-42.95108243294544,0
ETHUSDT,2021-04-12,2021-04-18,2156.147535,2132.5721805,STOP,0.11,0.11,0.16919259413934712,6,-2.357410000000055,0.2358795843525,0.23587899499999998,5.381962833632,-8.211131412984553,0
XRPUSDT,2021-04-06,2021-04-18,0.9180588,1.3552070575000001,STOP,195.8,195.8,0.22316913687881434,12,76.50573100000004,0.21789981906725003,0.21791894550000002,9.881623344242604,66.18828889119018,3
FILUSDT,2021-04-17,2021-04-19,183.0224655,156.15588300000002,TARGET_ZERO,0.5,0.5,0.3779830756783943,2,-13.348500000000001,0.08479458712500001,0.08479125000000001,0.094124151875,-13.612209989000002,0
LINKUSDT,2021-04-19,2021-04-20,39.1225515,35.760111,TARGET_ZERO,3.5700000000000003,3.5700000000000003,0.28792036416643224,1,-11.870250000000011,0.1336655525625,0.133662585,0.104376763302,-12.24195490086451,0
LTCUSDT,2021-04-19,2021-04-20,273.746805,261.50918,TARGET_ZERO,0.503,0.503,0.2922728435205144,1,-6.020910000000013,0.1346168802275,0.13461537499999998,0.13655879095,-6.426701046177513,0
TRXUSDT,2021-04-16,2021-04-20,0.16464228,0.129845045,TARGET_ZERO,779.0,779.0,0.31909637822070974,4,-26.992350000000012,0.1147028130875,0.11469606500000001,1.1070122109972003,-28.328761089084715,0
BNBUSDT,2021-04-20,2021-04-21,504.894321,586.6655205,TARGET_ZERO,0.22,0.22,0.3320387858948852,1,18.10973999999999,0.12007158256499999,0.12007611000000001,0.07866659301599999,17.790925714418993,0
VETUSDT,2021-04-19,2021-04-22,0.2541620175,0.2262758055,TARGET_ZERO,530.0,530.0,0.29889922126597435,3,-14.652380000000003,0.127316023095,0.12731236,0.2903311642032,-15.197339547298203,0
XRPUSDT,2021-04-20,2021-04-22,1.3108551,1.29045445,TARGET_ZERO,70.5,70.5,0.4,2,-1.346550000000009,0.0916961616375,0.09169582500000001,0.140050266582,-1.669992253219509,0
DOGEUSDT,2021-04-21,2021-04-23,0.3176337375,0.2606486105,TARGET_ZERO,332.0,332.0,0.4,2,-18.823072000000007,0.09599486976800001,0.09599016399999999,0.08062788783819999,-19.095684921606207,0
SOLUSDT,2021-04-19,2021-04-23,32.39008695,38.9107349,TARGET_ZERO,4.07,4.07,0.30549379891929324,4,26.684141000000004,0.14509717246475,0.1451038435,0.34915607620377004,26.044783907831484,0
TRXUSDT,2021-04-22,2021-04-23,0.12276134999999999,0.10990502,TARGET_ZERO,755.0,755.0,0.4,1,-9.6187,0.087831554675,0.08782915000000001,0.02682968,-9.821190384675,0
BCHUSDT,2021-04-19,2021-04-23,973.7166149999999,697.5036580395074,STOP,0.146,0.146,0.2833103866347467,4,-40.20510268757572,0.12199907993188404,0.12198902865621214,0.20799046455799997,-40.65708126072181,0
LTCUSDT,2021-04-23,2021-04-24,252.80634,241.23932000000002,TARGET_ZERO,0.422,0.422,0.37621714692843566,1,-4.777039999999997,0.10424363426,0.10424244,0.031511584,-5.017037658259998,0
BCHUSDT,2021-04-24,2021-04-25,839.989785,771.23419,TARGET_ZERO,0.11900000000000001,0.11900000000000001,0.4,1,-8.086050000000007,0.0958678265125,0.09586580500000001,0.030711257843000002,-8.308494889355508,0
LINKUSDT,2021-04-23,2021-04-25,35.181582,31.240372,TARGET_ZERO,2.97,2.97,0.3832375860303737,2,-11.606760000000005,0.09863660169,0.09863370000000002,0.061556814,-11.865587115690005,0
UNIUSDT,2021-04-23,2021-04-25,33.931957499999996,30.155714600000003,TARGET_ZERO,3.0,3.0,0.3366284207735588,2,-11.232599999999998,0.09613150815,0.09612870000000001,0.10014127005000001,-11.525001478199998,0
VETUSDT,2021-04-24,2021-04-26,0.202088994,0.1681009075,TARGET_ZERO,495.0,495.0,0.4,2,-16.732485,0.09162200062125,0.0916178175,0.054825804000000006,-16.97055062212125,0
XRPUSDT,2021-04-25,2021-04-26,1.0508251499999999,1.03498225,TARGET_ZERO,79.0,79.0,0.4,1,-1.169199999999994,0.0823893923,0.0823891,0.032441130143000006,-1.3664196224429943,0
BCHUSDT,2021-04-26,2021-04-27,759.9397799999999,848.7853950000001,TARGET_ZERO,0.109,0.109,0.4,1,9.77185000000001,0.08767552203750001,0.087677965,0.025814797,9.57068171596251,0
SOLUSDT,2021-04-25,2021-05-01,40.8808302,42.85566145,TARGET_ZERO,3.2600000000000002,3.2600000000000002,0.34855565588272003,6,6.316760000000005,0.13636170481,0.13636328400000003,0.67850171315513,5.365533298034875,1
ETCUSDT,2021-04-26,2021-05-04,29.284634999999998,52.079947000000004,TARGET_ZERO,3.4,3.4,0.4,8,64.87065,0.1319371073375,0.131953325,0.6623108987724999,63.94444866888999,1
SOLUSDT,2021-05-04,2021-05-05,46.0456113,42.64526670000001,TARGET_ZERO,2.31,2.31,0.38248807123363865,1,-7.752359999999987,0.10243796409000001,0.102436026,0.10884311881211998,-8.066077108902107,0
SXPUSDT,2021-05-01,2021-05-06,5.2532253,5.0528723,TARGET_ZERO,19.173462643086157,19.173462643086157,0.4,5,-3.7426599079304332,0.09880178866479995,0.09880085299982297,0.9825783230101235,-4.92284087260518,0
UNIUSDT,2021-04-27,2021-05-06,38.212496699999996,42.46345765,TARGET_ZERO,3.0,3.0,0.3303911711570184,9,12.873899999999999,0.12101393152499998,0.12101714999999999,1.6414542400410002,10.990414678433998,0
LINKUSDT,2021-05-05,2021-05-10,45.596787,52.285844,TARGET_ZERO,2.74,2.74,0.3254654839276305,5,18.462120000000002,0.13409920447,0.13410381999999998,1.4634065097992,16.730510465730802,0
BCHUSDT,2021-05-10,2021-05-11,1430.39484,1320.449445,TARGET_ZERO,0.094,0.094,0.3047762008733624,1,-10.205580000000015,0.129289681395,0.12928713,0.23074426633440004,-10.694901077729416,0
DOGEUSDT,2021-04-25,2021-05-11,0.27018002249999995,0.4505676035,TARGET_ZERO,368.0,368.0,0.4,16,74.897366,0.1368065186585,0.13682524299999999,2.6023542389728602,72.02137999936863,3
EOSUSDT,2021-05-11,2021-05-12,9.2756355,14.515738500000001,TARGET_ZERO,11.015761603358285,11.015761603358285,0.4,1,57.8547799408377,0.1310400521001683,0.13105451579515354,0.11538170030269985,57.47730367263968,0
BNBUSDT,2021-04-22,2021-05-13,544.676202,593.812945,TARGET_ZERO,0.19,0.19,0.34176122742528353,21,9.444140000000015,0.108156468965,0.10815883,2.9479343995371003,6.279890301497915,0
ETCUSDT,2021-05-11,2021-05-13,105.19156949999999,84.881538,TARGET_ZERO,0.97,0.97,0.4,2,-19.60854999999999,0.0921854571375,0.092180555,0.1379005499768,-19.930816562114288,0
BCHUSDT,2021-05-12,2021-05-15,1549.524375,1295.4819350000002,TARGET_ZERO,0.083,0.083,0.31831460093866404,3,-20.96745999999999,0.11806776186500002,0.11806252000000002,0.14851810321250003,-21.352108385077486,0
LTCUSDT,2021-05-06,2021-05-15,356.92837499999996,326.35674,TARGET_ZERO,0.391,0.391,0.2927766565758493,9,-11.819930000000006,0.1335822399825,0.133579285,2.0970253201438993,-14.184116845126406,0
EOSUSDT,2021-05-13,2021-05-17,10.371182999999998,10.106944,TARGET_ZERO,10.851583282065494,10.851583282065494,0.4,4,-2.7563021536446297,0.111110050300607,0.11110936122506859,0.16629481639088312,-3.144816381561188,0
DOTUSDT,2021-05-15,2021-05-17,48.088032,35.11632183698376,STOP,3.3000000000000003,3.3000000000000003,0.2693839335871669,2,-42.66936702146434,0.1372871838310232,0.13727651648926786,0.46857056073300013,-43.412501282517624,0
ETHUSDT,2021-04-20,2021-05-17,2163.8413800000003,3320.7098145,STOP,0.075,0.075,0.22774199514507,27,95.21652200000001,0.20979145686950001,0.20981526099999998,5.314530543426799,89.48238473870371,2
XLMUSDT,2021-05-18,2021-05-19,0.64334151,0.645686995,TARGET_ZERO,148.0,148.0,0.3938462016853757,1,0.4425199999999907,0.09538810937,0.09538822,0.0575222408312,0.1942214297987907,0
ADAUSDT,2021-05-06,2021-05-19,1.48308117,1.66790513025,STOP,94.0,94.0,0.2922654953240761,13,27.65476299999998,0.15316042780925002,0.1531673415,2.0946402005099998,25.25379503018073,1
DOGEUSDT,2021-05-13,2021-05-19,0.39101540999999995,0.33579002100000005,STOP,246.0,246.0,0.4,6,4.4217080000000095,0.098351468573,0.09835257400000001,0.1621494456476,4.06285451177941,1
DOTUSDT,2021-05-18,2021-05-19,38.7443625,25.37065832499999,STOP,2.9000000000000004,2.9000000000000004,0.38525121346690083,1,-38.69078500000004,0.09296678019625,0.0929571075,0.15102065972400003,-39.027729547420286,0
ETCUSDT,2021-05-17,2021-05-19,93.8038785,56.25418593645,STOP,1.01,1.01,0.4,2,-37.849419629,0.07577932254040726,0.0757698601855,-0.0362328623514,-37.964735949374514,0
MATICUSDT,2021-05-15,2021-05-19,1.47441684,1.6975662922500003,STOP,78.06393704136617,78.06393704136617,0.3751963856892833,4,32.69455902892628,0.1313803686138264,0.13138854225358365,0.11745095247715767,32.314339165581714,1
SOLUSDT,2021-05-19,2021-05-19,55.995984,37.613742643746974,STOP,2.34,2.34,0.3279418230563002,0,-42.904932119691935,0.10952338017318397,0.10951265394015404,0.030918245529600003,-43.15488639933487,0
XRPUSDT,2021-05-20,2021-05-22,1.05842895,1.0062966,TARGET_ZERO,61.2,61.2,0.4,2,-3.127320000000009,0.06318060183,0.06317982,0.0442877369184,-3.297968158748409,0
ADAUSDT,2021-05-20,2021-05-23,1.4672332499999998,1.07934006,STOP,73.0,73.0,0.4,3,-28.22326,0.092949925815,0.09294287,0.02702456729600001,-28.436177363111,0
ETCUSDT,2021-05-20,2021-05-23,59.388679499999995,44.1828975,STOP,1.45,1.45,0.4,3,-21.973300000000005,0.075089393325,0.07508390000000001,-0.9096113366545,-21.213861956670506,0
MATICUSDT,2021-05-20,2021-05-23,1.621980585,1.0970731889999998,STOP,93.26686607750023,93.26686607750023,0.4,3,-48.829681201143096,0.12679881209858979,0.1267866046782895,-0.799756430723267,-48.28351018719671,0
EOSUSDT,2021-05-22,2021-05-24,5.556777,4.285856000000001,TARGET_ZERO,11.67632017625152,11.67632017625152,0.4,2,-14.782221343134426,0.05746286714266952,0.05745917158733374,0.028919218574385334,-14.926062600438815,0
ETHUSDT,2021-05-20,2021-06-04,2445.24201,2856.9108300000003,TARGET_ZERO,0.026000000000000002,0.026000000000000002,0.4,15,8.892670000000004,0.06798863183250001,0.067990855,0.227914354,8.528776159167505,1
XRPUSDT,2021-05-24,2021-06-06,0.79029495,0.92223865,TARGET_ZERO,54.1,62.5,0.4,13,6.065679999999995,0.06679311358000001,0.06679463000000001,0.18409865693550004,5.747993599484494,2
DOGEUSDT,2021-05-20,2021-06-08,0.32962473,0.33116433500000003,TARGET_ZERO,262.0,262.0,0.4,19,-2.7608999999999932,0.08493876022499999,0.08493806999999999,0.05823880061719992,-2.9890156308421933,2
MATICUSDT,2021-05-24,2021-06-08,1.0706850749999999,1.322608365,STOP,119.83770910860659,119.83770910860659,0.4,15,63.03430670439502,0.1597457191780967,0.15976147775477284,-1.3249777578290383,64.03977726529119,2
SOLUSDT,2021-06-04,2021-06-12,39.665822999999996,36.138921499999995,TARGET_ZERO,1.6400000000000001,1.6400000000000001,0.4,8,-5.721960000000007,0.062159890489999994,0.06215846,0.132793348888,-5.979071699378007,0
DOGEUSDT,2021-06-12,2021-06-15,0.31881932999999996,0.32753615,TARGET_ZERO,135.0,135.0,0.4,3,1.2203999999999988,0.043628994899999995,0.0436293,0.028963548324000003,1.1041781567759987,0
XRPUSDT,2021-06-08,2021-06-20,0.86213085,0.7573211500000001,TARGET_ZERO,50.1,67.2,0.4,12,-5.8841399999999995,0.053860981035000005,0.053859510000000006,0.12378430586969998,-6.115644796904699,1
ETCUSDT,2021-05-24,2021-06-20,51.519746999999995,47.8104828,STOP,1.6600000000000001,1.6600000000000001,0.4,27,3.8218600000000116,0.111808394535,0.11180935,-2.2958480256658014,5.894090281130813,3
BCHUSDT,2021-06-20,2021-06-22,552.13593,454.94241500000004,TARGET_ZERO,0.111,0.111,0.27864637129654807,2,-10.73259,0.05589284814750001,0.055890165000000006,0.011080307168099999,-10.8554533203156,0
ETHUSDT,2021-06-06,2021-06-22,2628.7537199999997,1883.8076250000001,TARGET_ZERO,0.016,0.026000000000000002,0.4,16,-15.46254,0.056738635635000007,0.056734770000000004,0.13349862170440005,-15.7095120273394,1
ADAUSDT,2021-05-24,2021-06-22,1.3142568000000001,1.10680632,STOP,65.0,68.0,0.4,29,-8.300740000000008,0.109222105185,0.10922003000000001,0.40301828497200015,-8.922200420157008,3
ETCUSDT,2021-06-21,2021-06-22,50.953464,34.28583954302335,STOP,1.03,1.03,0.32677803733731187,1,-17.123759230301097,0.04389824132465703,0.043893960384849454,-0.019297184785800003,-17.192254247224806,0
MATICUSDT,2021-06-09,2021-06-22,1.4779385999999999,0.97673139,STOP,58.5078236241262,58.5078236241262,0.4,13,-29.252741655590626,0.07180869941517781,0.07180138622976392,-0.23131159851021213,-29.165040142725356,0
SOLUSDT,2021-06-19,2021-06-22,36.8184,22.155044461237498,STOP,1.17,1.5999999999999999,0.39796059782608695,3,-19.01443596,0.04497777562899,0.044973022019999996,-0.005269353186599999,-19.09911740446239,1
ADAUSDT,2021-06-23,2021-06-30,1.15687815,1.3723135,TARGET_ZERO,19.0,19.0,0.38676699532952785,7,4.1172999999999975,0.024027320674999998,0.024028350000000004,0.005307958104000001,4.063936371220998,0
DOGEUSDT,2021-06-22,2021-07-01,0.17840915999999998,0.25363312,TARGET_ZERO,119.0,119.0,0.4,9,8.463819999999997,0.025449874045,0.02545199,-0.05916145943239999,8.472079595387395,1
BNBUSDT,2021-06-22,2021-07-03,270.445155,286.69658,TARGET_ZERO,0.07,0.07,0.4,11,1.157099999999998,0.019499960725,0.019500250000000004,-0.14424121393500003,1.262341003209998,0
ETHUSDT,2021-07-01,2021-07-07,2276.1274949999997,2320.65909,TARGET_ZERO,0.014,0.014,0.2663498901098901,6,0.6556200000000058,0.032177506095,0.03217767,0.0211177090544,0.5701471148506057,0
ETCUSDT,2021-06-23,2021-07-08,36.534257999999994,52.74661350000001,TARGET_ZERO,0.58,0.95,0.4,15,7.954240000000001,0.04615524144000001,0.04615723,-0.41089193917019995,8.272819467730201,1
AAVEUSDT,2021-07-07,2021-07-14,316.36810499999996,271.0644,TARGET_ZERO,0.1,0.1,0.3232411067193676,7,-4.5009999999999994,0.02937162525,0.0293705,0.026805568520000003,-4.586547693769999,0
DOGEUSDT,2021-07-09,2021-07-17,0.20704347,0.17179406000000003,TARGET_ZERO,103.0,146.0,0.4,8,-4.18867,0.027189862167500002,0.027188815,0.049197613683,-4.2922462908505,1
MATICUSDT,2021-06-23,2021-07-19,1.07463705,0.7336529899999998,STOP,59.63108920138473,59.63108920138473,0.4,26,-11.368697928113335,0.06695284439703472,0.06695000222255268,0.20178249098920195,-11.704383265722125,3
SOLUSDT,2021-06-23,2021-07-19,26.969478,24.178754574999996,STOP,1.58,2.06,0.4,26,-7.60931250000001,0.098386866078125,0.09838496375,0.2684880429542,-8.074572372782336,7
ADAUSDT,2021-07-03,2021-07-20,1.3947970499999998,1.1208393,TARGET_ZERO,43.0,43.0,0.28093393587260607,17,-8.958199999999996,0.06557343954999999,0.0655712,0.04381263590899999,-9.133157275458997,2
BNBUSDT,2021-07-07,2021-07-20,319.65975,254.6775975,STOP,0.19,0.19,0.2815399061032863,13,-9.591300000000006,0.055911747825,0.055909350000000003,-0.753276255765,-8.949844842060006,1
BNBUSDT,2021-07-21,2021-07-24,264.322095,299.17034,TARGET_ZERO,0.14,0.14,0.22226049434119377,3,4.9182,0.039444470450000005,0.0394457,-0.086262266972,4.925572096521999,0
ETHUSDT,2021-07-24,2021-07-27,2125.40217,2226.32628,TARGET_ZERO,0.019,0.019,0.20845066444478957,3,1.958899999999998,0.041341420275,0.04134191,0.025264969020400003,1.850951700704598,0
BNBUSDT,2021-07-27,2021-07-29,303.941895,313.50317000000007,TARGET_ZERO,0.29,0.29,0.19563693219223172,2,2.862300000000001,0.089529534425,0.08953025,-0.026220054141999998,2.709460269717001,0
ETCUSDT,2021-07-14,2021-07-29,45.550763999999994,49.29134200000001,TARGET_ZERO,0.56,1.55,0.3325813325132352,15,5.626870000000007,0.07362495828250001,0.073626365,-0.004258539262300016,5.483877215979807,1
ETHUSDT,2021-07-29,2021-07-31,2301.27006,2460.28924,TARGET_ZERO,0.041,0.062,0.181298693958471,2,8.277870000000007,0.14847323553250003,0.148475305,0.073432833,7.907488626467508,1
XRPUSDT,2021-07-29,2021-07-31,0.7325660999999999,0.7516240000000001,TARGET_ZERO,193.8,193.8,0.18389344262295082,2,3.837240000000008,0.14381802069000002,0.14381898,0.08650650600000001,3.463096493310008,0
AAVEUSDT,2021-07-31,2021-08-01,320.60022,331.244295,TARGET_ZERO,0.30000000000000004,0.30000000000000004,0.24976593951877163,1,3.291000000000009,0.09777667725000001,0.09777750000000002,0.029168700000000006,3.0662771227500087,0
CHRUSDT,2021-07-31,2021-08-01,0.32746364999999994,0.32233875,TARGET_ZERO,300.0,300.0,0.4,1,-1.4399999999999913,0.09747036,0.09747,0.029313,-1.6642533599999911,0
ALICEUSDT,2021-07-24,2021-08-05,7.671834,12.847573,TARGET_ZERO,11.200000000000001,11.200000000000001,0.4,12,60.4448,0.11608888880000001,0.11610400000000001,0.5489895746400001,59.663617536560004,1
LUNAUSDT,2021-08-05,2021-08-07,14.530261499999998,14.518737,TARGET_ZERO,11.939901105881203,11.939901105881203,0.250798678050124,2,0.035819703317644946,0.1734210846574457,0.17342109361237154,0.26136554908111376,-0.572388024033286,0
ETCUSDT,2021-08-07,2021-08-12,53.1675705,60.776596500000004,TARGET_ZERO,2.7,2.7,0.22601622191275547,5,20.698200000000014,0.15382462545000003,0.15382980000000002,0.650152951974,19.740392622576014,0
XRPUSDT,2021-08-12,2021-08-14,1.01240595,1.09035455,TARGET_ZERO,188.10000000000002,188.10000000000002,0.19105731225296438,2,14.859899999999993,0.19776462502500003,0.19776834000000001,0.28785478558320005,14.176512249391793,0
SANDUSDT,2021-07-23,2021-08-17,0.4976487,0.63302333,TARGET_ZERO,128.0,177.0,0.4,25,12.646829999999984,0.10577460329249999,0.10577776500000001,1.5442960683918001,10.890981563315684,1
ETHUSDT,2021-08-01,2021-08-18,2531.6351849999996,3013.1226850000003,TARGET_ZERO,0.075,0.075,0.16904927504159273,17,41.89031999999999,0.21071243741999998,0.21072290999999999,1.5917721650571,39.877112487522886,1
ETCUSDT,2021-08-14,2021-08-18,64.35215999999998,60.023223375,STOP,2.95,2.95,0.22447635634203614,4,-12.586912499999986,0.183453690478125,0.18345054375000003,1.141750471159,-14.09556720538711,0
BNBUSDT,2021-08-01,2021-08-19,332.66625,396.111845,TARGET_ZERO,0.54,0.75,0.17762255639097743,18,46.685700000000004,0.27387797857500007,0.27388965,1.7206080429000001,44.417324328525005,1
DOGEUSDT,2021-08-19,2021-08-20,0.3035517,0.31795094500000004,TARGET_ZERO,406.0,406.0,0.2872976892903056,1,5.97226,0.126165036935,0.12616653,0.08666075785499999,5.63326767521,0
XRPUSDT,2021-08-18,2021-08-20,1.0987491,1.23508215,TARGET_ZERO,117.9,117.9,0.2654360888565186,2,16.211249999999996,0.1375793521875,0.137583405,0.0876375525024,15.848449690310094,0
BTCUSDT,2021-07-26,2021-08-22,35388.35533499999,48821.686945,TARGET_ZERO,0.003,0.005,0.13314420765685459,27,53.713340000000024,0.217360451665,0.21737388,1.622042903042,51.656562765293025,1
ALICEUSDT,2021-08-22,2021-08-24,17.090540999999998,17.243374,TARGET_ZERO,7.2,7.2,0.3116884257361982,2,1.2239999999999864,0.123602094,0.1236024,0.512360708904,0.46443479709598645,0
ETCUSDT,2021-08-19,2021-08-25,63.997983,62.8135775,TARGET_ZERO,2.36,2.36,0.28155660819810524,6,-2.645560000000007,0.14963764139,0.14963698,1.1845110721971996,-4.129345693587206,0
SOLUSDT,2021-08-17,2021-08-25,62.155062,70.470747,TARGET_ZERO,3.5300000000000002,3.5300000000000002,0.21945902008756113,8,32.73488000000001,0.23565697628000004,0.23566516,1.5084226258886002,30.75513523783141,2
BTCUSDT,2021-08-24,2021-08-27,49547.991615,46830.792890000004,TARGET_ZERO,0.005,0.005,0.15071395816687336,3,-13.34505000000001,0.24094696126250004,0.24094362500000002,0.34753491692250005,-14.17447550318501,0
BNBUSDT,2021-08-20,2021-08-31,431.725755,460.04986,TARGET_ZERO,0.53,0.53,0.17061365901137865,11,17.223700000000008,0.23730784407500005,0.23731215,2.6461061896599993,14.102973816265006,1
ALICEUSDT,2021-08-25,2021-09-01,16.02801,18.058966,TARGET_ZERO,6.9,6.9,0.3511701928477813,7,14.131200000000007,0.1176000672,0.1176036,1.0611316685460002,12.834864664254006,0
BTCUSDT,2021-08-31,2021-09-01,47048.202345,47126.74484,TARGET_ZERO,0.004,0.004,0.14298499511958612,1,0.5025199999999895,0.18834989437,0.18835002,0.1803607538628,-0.05454066823281048,0
DOTUSDT,2021-09-01,2021-09-04,31.3726785,33.589197000000006,TARGET_ZERO,4.6000000000000005,4.6000000000000005,0.2577202716923371,3,10.345400000000012,0.14941231365000002,0.14941490000000002,0.5967346225700001,9.449838163780012,0
LUNAUSDT,2021-08-25,2021-09-05,29.633809499999998,31.415284500000002,TARGET_ZERO,4.924638809584863,4.924638809584863,0.31462686063388123,11,4.333740632355783,0.14802866378211385,0.14802974721727194,1.8826140286467907,2.1550681927096065,1
XRPUSDT,2021-09-05,2021-09-06,1.2562278,1.3083455,TARGET_ZERO,121.2,121.2,0.25505734310289896,1,6.472079999999987,0.15541314198,0.15541475999999999,0.21887241214560002,5.942379685874387,0
ADAUSDT,2021-08-20,2021-09-07,2.447223,2.3291798275,STOP,92.0,92.0,0.20222004170244084,18,4.577009999999973,0.22731936074750003,0.227320505,4.660913602659999,-0.5385434684075259,2
AXSUSDT,2021-07-17,2021-09-07,20.97048,59.407781250000006,STOP,7.0,7.0,0.4,52,169.208,0.231281698,0.231324,-0.7113845680599984,169.45677887006,4
BNBUSDT,2021-09-06,2021-09-07,505.95284999999996,413.079728254038,STOP,0.47000000000000003,0.47000000000000003,0.18315239959660679,1,-43.43440542331379,0.21597265588969894,0.2159617972883431,0.5621323342100001,-44.428472210701834,0
BTCUSDT,2021-09-04,2021-09-07,50052.10354499999,46347.752531000006,STOP,0.005,0.005,0.13094007285654094,3,-18.280759999999972,0.24099964019,0.24099506999999998,0.38687722507800004,-19.149631935267973,0
ETHUSDT,2021-09-01,2021-09-07,3432.2052449999996,3357.70880575,STOP,0.064,0.064,0.17019944672626947,6,-4.550495999999988,0.217277249624,0.21727611200000002,2.5485456900224,-7.5335950516463885,0
BCHUSDT,2021-09-08,2021-09-09,673.786725,662.3786450000001,TARGET_ZERO,0.29,0.29,0.22565476897493766,1,-3.1146000000000025,0.19374397865,0.1937432,0.05827869,-3.5603658686500026,0
XRPUSDT,2021-09-08,2021-09-09,1.1298646499999998,1.09954995,TARGET_ZERO,104.80000000000001,104.80000000000001,0.3104808714133899,1,-3.060159999999989,0.11682132504000001,0.11682056000000002,0.05045694050880001,-3.3442588255487893,0
ETHUSDT,2021-09-08,2021-09-11,3436.7174999999997,3208.2450750000003,TARGET_ZERO,0.052000000000000005,0.052000000000000005,0.20310131004366813,3,-11.707800000000006,0.17276902695000002,0.1727661,0.16043133600000004,-12.213766462950007,0
FILUSDT,2021-09-08,2021-09-15,84.5752665,80.77259350000001,TARGET_ZERO,1.5,1.5,0.33733495811840414,7,-5.0937,0.12425392342500002,0.12425265,0.23451348000000002,-5.576720053425,1
SOLUSDT,2021-08-27,2021-09-17,74.92744499999999,134.577427625,STOP,1.6300000000000001,1.6300000000000001,0.32033789649415706,21,118.08730500000004,0.18108483067374997,0.1811143525,3.503659340087801,114.22144647673848,4
LUNAUSDT,2021-09-09,2021-09-20,29.5057455,28.700892375000006,STOP,3.2166217006109767,3.2166217006109767,0.4,11,-2.495294284248965,0.09361436725416492,0.09361374343059384,0.6241414506138473,-3.3066638455475714,0
LTCUSDT,2021-09-09,2021-09-21,179.74982999999997,157.14139,TARGET_ZERO,0.763,0.763,0.2767143493265056,12,-13.21452,0.13047662362999998,0.13047332,0.3257431015199999,-13.801213045150002,1
LUNAUSDT,2021-09-21,2021-09-22,27.532759499999997,25.124431500000004,TARGET_ZERO,2.4213538188425643,2.4213538188425643,0.4,1,-5.7676647964829835,0.06375084525868616,0.06374940334248703,-0.0007527767226771735,-5.894412268361479,0
ADAUSDT,2021-09-22,2021-09-23,1.9868929499999999,2.25457215,TARGET_ZERO,22.0,22.0,0.4,1,5.935600000000001,0.0466561161,0.0466576,-0.002165049304,5.844451333204001,0
DOTUSDT,2021-09-08,2021-09-26,28.0029945,29.793096000000002,TARGET_ZERO,3.5,3.5,0.3657369022943321,18,9.689899999999994,0.10280402752500001,0.10280645,0.5295391511039999,8.954750371370995,2
ALGOUSDT,2021-09-26,2021-10-01,1.7308649999999999,1.6267862,TARGET_ZERO,60.1,60.1,0.4,5,-6.1542400000000015,0.10089741856000001,0.10089588,0.149873774,-6.505907072560001,0
ATOMUSDT,2021-09-23,2021-10-05,39.7128465,36.801590000000004,TARGET_ZERO,3.37,3.37,0.4,12,-8.102009999999991,0.1297164305025,0.129714405,0.43050316729210003,-8.79194400279459,1
AVAXUSDT,2021-09-11,2021-10-07,49.398687,60.055957,TARGET_ZERO,1.0,2.0,0.4,26,13.684999999999995,0.11332607875,0.1133295,1.2322479874,12.226096433849996,1
SOLUSDT,2021-09-18,2021-10-07,147.71381999999997,153.92999650000002,TARGET_ZERO,0.62,0.62,0.4,19,3.9475400000000085,0.09350958311499999,0.09351056999999999,0.6225530871872,3.1379667596978087,0
ATOMUSDT,2021-10-07,2021-10-11,35.2145985,32.3967935,TARGET_ZERO,2.74,2.74,0.4,4,-7.628160000000016,0.09262760704,0.0926257,0.41693591410740005,-8.230349221147417,0
LUNAUSDT,2021-10-05,2021-10-14,46.8544155,36.5807005,TARGET_ZERO,2.862063572866387,2.862063572866387,0.33690026263532113,9,-29.284634477568893,0.11939830310074073,0.11939098194212133,0.8919221662045929,-30.41534592881635,0
SOLUSDT,2021-10-11,2021-10-14,147.679803,148.0309475,TARGET_ZERO,0.75,0.75,0.31119462132502373,3,0.3742499999999964,0.1108915314375,0.110891625,0.123609198765,0.02885764479749646,0
OMGUSDT,2021-10-14,2021-10-15,15.006299399999998,14.462265250000002,TARGET_ZERO,7.4,7.4,0.3648231003120583,1,-3.916819999999994,0.109033689205,0.10903271,0.032905654,-4.167792053204995,0
XTZUSDT,2021-09-21,2021-10-16,5.296646999999999,6.8515725000000005,TARGET_ZERO,16.7,16.7,0.4,25,26.59130000000002,0.10169880217499999,0.10170545,0.9877645713919998,25.40013117643302,1
1000SHIBUSDT,2021-10-15,2021-10-21,0.027467726999999997,0.029237374000000003,TARGET_ZERO,4102.0,4102.0,0.4,6,7.375396000000004,0.116302162151,0.11630400600000002,0.69127648980628,6.451513342042723,0
OMGUSDT,2021-10-16,2021-10-21,13.923158099999998,14.6812557,TARGET_ZERO,7.1000000000000005,7.1000000000000005,0.3900887892763243,5,5.484039999999995,0.10154566899,0.10154704,0.17325796508740002,5.107689325922595,0
AXSUSDT,2021-10-01,2021-10-24,74.65731,125.41726000000001,TARGET_ZERO,1.0,1.0,0.28805790108564533,23,50.86,0.100037285,0.10005,-3.7802594591999994,54.44017217419999,0
BTCUSDT,2021-10-07,2021-10-26,55355.113724999996,63097.685375,TARGET_ZERO,0.004,0.005,0.15393589484035172,19,34.44147000000002,0.2960219346325,0.296030545,3.9299163680615,29.91950115230602,2
DOTUSDT,2021-10-14,2021-10-28,41.77187549999999,40.424777500000005,TARGET_ZERO,4.1000000000000005,4.1000000000000005,0.23404899894625916,14,-5.354599999999991,0.16850313865,0.16850180000000003,2.0454204783090004,-7.737025416958992,0
ATOMUSDT,2021-10-28,2021-10-29,36.828405000000004,38.036972,TARGET_ZERO,4.0200000000000005,4.0200000000000005,0.2714957206901235,1,5.008919999999981,0.15047940777000002,0.15048066000000002,0.04671733463040001,4.661242597599581,0
SOLUSDT,2021-10-21,2021-10-30,176.9294205,200.40974500000002,TARGET_ZERO,1.05,1.05,0.23030918273282028,9,23.59994999999999,0.19747712501250003,0.19748302500000003,1.8856210857975002,21.31936876418999,1
FTMUSDT,2021-09-15,2021-10-31,1.20532236,2.6654466100000005,TARGET_ZERO,84.0,84.0,0.4,46,93.1871700000001,0.1477667682075,0.147790065,3.9744672345033,88.9171459322893,2
1000SHIBUSDT,2021-10-24,2021-10-31,0.0339239535,0.05834081500000001,STOP,3178.0,3178.0,0.4,7,73.377829,0.14442701604275002,0.1444453605,-0.81348419256281,73.90244081602006,2
SOLUSDT,2021-10-31,2021-11-02,195.961932,204.04292750000002,TARGET_ZERO,0.76,0.76,0.2469979576206281,2,6.293560000000005,0.15200184661000002,0.15200342,0.2112756022828,5.778279131107205,0
MATICUSDT,2021-10-29,2021-11-03,2.1360675,1.9406292,TARGET_ZERO,92.00883689049753,92.00883689049753,0.22687947913251208,5,-17.79450905462221,0.18754606086116477,0.18754161223390112,0.9089571259246285,-19.078553853641907,0
1000SHIBUSDT,2021-11-01,2021-11-04,0.0669644655,0.055575198500000006,TARGET_ZERO,1619.0,1619.0,0.4,3,-18.340032000000008,0.09919585800800002,0.09919127300000001,0.35701426215168,-18.895433393159685,0
AXSUSDT,2021-10-26,2021-11-09,131.76584999999997,153.14339,TARGET_ZERO,1.0,1.0,0.29604783599088846,14,21.52000000000001,0.14245461999999998,0.14245999999999998,-4.331618369800001,25.566703749800013,0
LUNAUSDT,2021-11-04,2021-11-09,48.050013,54.164904,TARGET_ZERO,3.8174169433545027,3.8174169433545027,0.2319238218205295,5,23.538192872723855,0.1950984780096871,0.19510436255790528,1.2355528186004594,21.9124372135558,0
DOTUSDT,2021-11-02,2021-11-10,50.053014,50.76060700000001,TARGET_ZERO,3.5,3.5,0.2393578751723725,8,2.6530000000000094,0.17642383675,0.17642449999999998,1.439438040565,0.8607136226850092,0
FTMUSDT,2021-11-09,2021-11-11,3.16922382,2.634791945,TARGET_ZERO,42.0,42.0,0.3178273099215821,2,-22.324260000000002,0.121884331065,0.12187875,0.46122418107359997,-23.029247262138604,0
SOLUSDT,2021-11-03,2021-11-11,221.13751349999998,233.133375,TARGET_ZERO,0.84,0.84,0.22868275094551316,8,10.267320000000012,0.19079377317,0.19079634,1.1828112063684002,8.702918680461611,0
AVAXUSDT,2021-11-11,2021-11-13,85.192575,84.779589,TARGET_ZERO,2.0,2.0,0.2497135780441136,2,-0.6560000000000059,0.169972164,0.169972,0.10377580000000002,-1.099719964000006,0
SOLUSDT,2021-11-13,2021-11-14,228.6572715,241.4482155,TARGET_ZERO,0.65,0.65,0.25632010919972703,1,8.466899999999988,0.152784283275,0.1527864,0.06362219561100001,8.097707121113988,0
1000SHIBUSDT,2021-11-11,2021-11-15,0.050281128,0.0531734,TARGET_ZERO,1857.0,1857.0,0.4,4,5.467007999999991,0.09605752924800001,0.096058896,0.53013230000376,4.7447592747482314,0
ETHUSDT,2021-10-21,2021-11-16,4166.212065,4564.726495000001,TARGET_ZERO,0.067,0.067,0.1530949968060632,26,27.87132000000002,0.29292540217000007,0.29293237000000005,5.804650706780397,21.480811521049624,1
BTCUSDT,2021-11-09,2021-11-16,67640.76348000001,58377.01190574339,STOP,0.004,0.004,0.13652342155304717,7,-36.80297994699998,0.2520355507714868,0.25202635002650003,1.7243178159911996,-39.03135966378917,0
LTCUSDT,2021-11-11,2021-11-16,260.43014999999997,220.3807545,STOP,0.889,0.889,0.18816557817902424,5,-35.39020100000002,0.21372044705024998,0.2137115995,0.6561288721694,-36.47376191871967,0
BNBUSDT,2021-10-30,2021-11-17,530.995365,588.435635,TARGET_ZERO,0.48,0.48,0.16577950708471506,18,33.37949999999998,0.27143180512500004,0.27144015000000005,-1.4613709609019998,34.29799900577699,1
SOLUSDT,2021-11-17,2021-11-19,219.15452249999998,195.106398,TARGET_ZERO,0.62,0.62,0.25043918317408004,2,-14.781419999999988,0.128420885355,0.12841719,0.08001013200000001,-15.118268207354989,0
ETHUSDT,2021-11-19,2021-11-21,3999.7188599999995,4410.163815,TARGET_ZERO,0.039,0.039,0.1809423871606816,2,16.171350000000004,0.1639927121625,0.163996755,0.09862370699999999,15.744736825837505,0
LTCUSDT,2021-11-17,2021-11-26,230.425155,223.0884,TARGET_ZERO,0.659,0.659,0.27115960912052123,9,-5.383740000000008,0.149083765935,0.14908242,0.4111209998212,-6.093027185756208,1
CHRUSDT,2021-11-21,2021-11-27,1.4131062,1.02198875,TARGET_ZERO,81.0,81.0,0.4,6,-31.58190000000001,0.098621345475,0.09861345,0.365545896462,-32.14468069193701,0
MATICUSDT,2021-11-27,2021-12-01,1.6405198499999998,1.78460725,TARGET_ZERO,68.84636615658056,68.84636615658056,0.30700652478809687,4,10.037800185629456,0.11790377722971346,0.11790628667975986,0.13980011958121402,9.662190002138768,0
BNBUSDT,2021-11-26,2021-12-02,639.669675,627.1362750000001,TARGET_ZERO,0.26,0.26,0.19430549038010328,6,-3.093999999999995,0.16468477350000005,0.16468400000000002,0.13099085992200002,-3.5543596334219947,0
LRCUSDT,2021-11-16,2021-12-03,2.9131058249999997,2.6318434200000005,TARGET_ZERO,37.0,37.0,0.4,17,-10.304129999999981,0.10258156103250002,0.10257898500000001,0.8017871922513001,-11.31107773828378,0
ETHUSDT,2021-12-01,2021-12-04,4633.745715,4211.5631650000005,TARGET_ZERO,0.042,0.042,0.18757327523852915,3,-17.54592000000001,0.18575148648,0.1857471,0.1761314888928,-18.09355007537281,0
AVAXUSDT,2021-11-14,2021-12-04,97.7258385,96.251800025,STOP,1.0,1.0,0.23432096237522385,20,-1.3770500000000112,0.0969888192625,0.096988475,0.8875328014800001,-2.458560095742511,0
LUNAUSDT,2021-12-02,2021-12-04,64.0209945,50.236019424999995,STOP,3.0744487797025766,3.0744487797025766,0.24715107284064447,2,-42.20557168044002,0.17563866851708826,0.17562811712416815,0.13954615566192027,-42.6963846217432,0
MANAUSDT,2021-11-17,2021-12-04,3.2430206999999998,3.5274703825,STOP,31.0,31.0,0.4,17,18.621074999999983,0.10978928223125001,0.1097939375,0.9828266036639999,17.418665176604733,1
MATICUSDT,2021-12-03,2021-12-04,2.12256075,1.677670745,STOP,75.43818262235878,75.43818262235878,0.2601013433891115,1,-33.418360519878746,0.14334127876352476,0.14333292417339477,0.06773537710779717,-33.772770099923456,0
SANDUSDT,2021-11-15,2021-12-04,2.84404131,5.45532247425,STOP,38.0,38.0,0.4,19,111.40741699999994,0.16369541664575,0.1637232685,1.2292765639455001,109.85072175090869,3
LRCUSDT,2021-12-04,2021-12-05,2.381560185,2.26688599,TARGET_ZERO,37.0,37.0,0.4,1,-4.156950000000006,0.08599625423750001,0.085995215,0.0096810728216,-4.338622542059106,0
ETHUSDT,2021-12-05,2021-12-11,4117.847895,3893.902075,TARGET_ZERO,0.029,0.029,0.25286348428855693,6,-6.378260000000003,0.11617037456500001,0.11616878000000001,0.20440759208200004,-6.815006746647002,0
LUNAUSDT,2021-12-05,2021-12-13,75.123543,54.553889466047146,STOP,2.6196376676928272,2.6196376676928272,0.27344773853284327,8,-49.61376710122328,0.1719036338075473,0.17189123036577197,0.19289890131918774,-50.15046086671579,1
BNBUSDT,2021-12-05,2021-12-16,568.3540350000001,540.9393950000001,TARGET_ZERO,0.21,0.21,0.24821148802084253,11,-7.071400000000007,0.11576076785,0.115759,-1.238059093068,-6.064860674782007,1
LRCUSDT,2021-12-11,2021-12-21,2.29968927,2.012883055,TARGET_ZERO,29.0,29.0,0.4,10,-8.254850000000001,0.06253229871249999,0.062530235,0.0808044511157,-8.460716984828201,0
BNBUSDT,2021-12-21,2021-12-25,524.22198,541.9388950000001,TARGET_ZERO,0.15,0.24,0.2214901900908466,4,2.1317999999999984,0.12906396705,0.12906450000000003,0.0,1.8736715329499982,1
MANAUSDT,2021-12-05,2022-01-02,4.1216598,3.3449267000000003,TARGET_ZERO,23.0,27.0,0.4,28,-24.851400000000005,0.12810611285,0.1280999,0.32058950007200004,-25.428195512922002,3
MATICUSDT,2021-12-05,2022-01-05,1.9753872,2.1141174125,STOP,76.7072724442809,82.51193314579805,0.35502531645569624,31,5.474341693218335,0.21497966890801073,0.21498103749343409,1.2623108449479385,3.782070141868952,3
SANDUSDT,2021-12-05,2022-01-05,6.0718344,5.05323461875,STOP,18.0,22.0,0.4,31,-24.793237500000014,0.141104779559375,0.14109858125000002,0.8391402227197999,-25.914581083529185,3
ATOMUSDT,2022-01-02,2022-01-06,36.3331575,38.6276765,TARGET_ZERO,3.74,3.74,0.2409069632974476,4,8.721680000000005,0.14017675958,0.14017894,0.08684801344780002,8.354476286972204,0
LUNAUSDT,2021-12-14,2022-01-07,52.9474605,72.015524225,STOP,2.117016544660822,2.117016544660822,0.4,24,43.29761640934943,0.17763181259688063,0.17764263700098298,-2.3690716879637694,45.311413647715334,3
SANDUSDT,2022-01-06,2022-01-09,5.0020998,4.60819475,TARGET_ZERO,16.0,16.0,0.3038494619354322,3,-6.2256,0.07688235639999999,0.0768808,0.027383899440000005,-6.4067470558399995,0
MATICUSDT,2022-01-06,2022-01-10,2.1815902499999997,2.1126431500000002,TARGET_ZERO,49.60286650570753,49.60286650570753,0.3121973032471106,4,-3.9237406482474597,0.1061981610267336,0.10619718009157153,-0.010909524118265016,-4.1252264652475,1
FTMUSDT,2021-12-28,2022-01-10,2.2021005,2.1535227,STOP,50.0,50.0,0.2675824700109052,13,-1.0170000000000066,0.10954175424999998,0.10954149999999999,0.4970800872000001,-1.7331633414500065,1
LINKUSDT,2022-01-10,2022-01-14,27.549768,24.845571000000003,TARGET_ZERO,5.15,5.15,0.2531774275546518,4,-13.791700000000006,0.13491799792500003,0.13491455000000002,0.161016112072,-14.222548659997004,0
CRVUSDT,2022-01-06,2022-01-18,5.396697,4.771613,TARGET_ZERO,28.700000000000003,28.700000000000003,0.3812569521690767,12,-19.368300000000005,0.145128492075,0.14512365000000002,-0.19336705386600003,-19.465185088209,1
MATICUSDT,2022-01-14,2022-01-18,2.2657323000000003,2.216891,TARGET_ZERO,40.78740814243947,40.78740814243947,0.2935505231095219,4,-1.9006932194376875,0.09141729304295446,0.09141681786964959,0.09222193471299125,-2.175749265063283,0
ADAUSDT,2022-01-18,2022-01-20,1.6012001999999999,1.289982696442929,STOP,98.0,98.0,0.1939621226326645,2,-30.357654976081,0.14166796192570352,0.1416603725119595,0.07450942214799999,-30.715492732666668,0
FTMUSDT,2022-01-11,2022-01-21,2.22381135,2.285571642500001,STOP,30.0,44.0,0.4,10,-7.246539999999968,0.10424054163500003,0.10423873000000003,0.09547803590199999,-7.550497307536967,1
LUNAUSDT,2022-01-08,2022-01-21,68.856411,64.17559615,STOP,1.429165017786711,1.429165017786711,0.36646176650100276,13,-6.594596141573222,0.0950623454323658,0.09506069678333043,-0.29479258504305367,-6.489926598745865,0
NEARUSDT,2021-12-25,2022-01-21,14.9508717,14.392370215000001,STOP,9.0,9.0,0.36700070935274903,27,-4.894469999999998,0.1320445886175,0.13204336500000002,0.597112307541,-5.755670261158499,0
ADAUSDT,2022-01-21,2022-01-22,1.25812875,1.11934005,TARGET_ZERO,75.0,75.0,0.28335984095427436,1,-10.320000000000011,0.08915508,0.0891525,0.010256263125000002,-10.50856384312501,0
ATOMUSDT,2022-01-09,2022-01-22,35.86392299999999,29.651067050000005,STOP,2.7800000000000002,2.7800000000000002,0.35986691590871034,13,-13.071313999999983,0.0931194908285,0.09311622300000001,0.24293007015840007,-13.500479783986883,1
ONEUSDT,2022-01-18,2022-01-22,0.31665825,0.20401771870018556,STOP,408.0,408.0,0.35539409256041704,4,-43.805086053388095,0.10724040824481929,0.10722945697330595,0.12668525872080003,-44.14624117732702,1
MATICUSDT,2022-01-22,2022-01-23,1.6989490499999997,1.53513205,TARGET_ZERO,13.95729604246826,13.95729604246826,0.3754327602449364,1,-2.26387341808835,0.0225695136690257,0.022568947700671176,0.003642581862537355,-2.312654461320584,0
SANDUSDT,2022-01-23,2022-01-25,3.00160005,2.9941022000000004,TARGET_ZERO,7.0,7.0,0.4,2,-0.031500000000001194,0.020984957875,0.020984950000000002,-0.06562753636600001,-0.00784237150900119,0
ATOMUSDT,2022-01-23,2022-02-01,29.272629,28.031977,TARGET_ZERO,1.51,1.51,0.4,9,-2.45043,0.0429549776075,0.042954365,-0.030784223638099996,-2.5055551189693994,1
LUNAUSDT,2022-01-22,2022-02-01,64.71033899999999,52.099937,TARGET_ZERO,0.6998032583012807,0.6998032583012807,0.39324587578657666,10,-9.251030240402029,0.04063867277776931,0.04063636002020921,-0.07352668068991887,-9.258778592510087,1
MATICUSDT,2022-01-25,2022-02-01,1.5053522999999998,1.6401795000000001,TARGET_ZERO,14.760768380613001,14.760768380613001,0.4,7,2.0133688071156146,0.02321523316682635,0.023215736509028126,-0.09623763544550505,2.0631754728852654,0
ETHUSDT,2022-02-01,2022-02-05,2686.68267,2992.14318,TARGET_ZERO,0.013000000000000001,0.013000000000000001,0.24639952482739608,4,4.007899999999996,0.036912368025,0.03691337,-0.017022950696700002,3.9510972126716957,0
LUNAUSDT,2022-02-03,2022-02-05,47.5747755,53.8860435,TARGET_ZERO,0.4656846218474462,0.4656846218474462,0.4,2,2.96268556419345,0.02362437156417359,0.02362511223556464,0.009657675607857998,2.905778404785854,0
MATICUSDT,2022-02-05,2022-02-07,1.6956474,1.7375308,TARGET_ZERO,31.388763691255914,31.388763691255914,0.33380929903233425,2,1.3685500969387536,0.05388160961488567,0.0538819517524099,0.030955535347013927,1.2298310002244441,0
BTCUSDT,2022-02-07,2022-02-08,42382.52066999999,43808.075005,TARGET_ZERO,0.002,0.002,0.16232804195333725,1,2.937300000000003,0.086190595675,0.08619133000000001,0.005078019739600001,2.759840054585403,0
ONEUSDT,2022-01-23,2022-02-09,0.193346625,0.21149420000000002,TARGET_ZERO,229.0,339.0,0.4,17,5.935750000000004,0.0687630410625,0.06876452499999999,-1.2090489508296003,7.007271384767105,1
1000SHIBUSDT,2022-02-08,2022-02-10,0.0325652745,0.032919532,TARGET_ZERO,3163.0,3163.0,0.2593000030728574,2,1.224080999999995,0.10356422147975,0.1035645275,0.012627413653070001,1.004324837367175,0
NEARUSDT,2022-01-22,2022-02-11,13.216605,11.7711115,TARGET_ZERO,5.0,5.0,0.4,20,-8.036000000000008,0.075018009,0.075016,-0.26140230927,-7.924631699730009,2
MANAUSDT,2022-02-07,2022-02-12,3.3002493,2.91544155,TARGET_ZERO,30.0,30.0,0.26478102742839815,5,-11.450999999999997,0.09323536275000001,0.0932325,0.05853139647000001,-11.695999259219997,0
MATICUSDT,2022-02-10,2022-02-12,2.03691795,1.7139426000000002,TARGET_ZERO,47.318618201575106,47.318618201575106,0.27704101178781926,2,-15.194008304525754,0.0887427691464,0.08873897064432387,-0.03607353251343973,-15.335416511803038,0
FTMUSDT,2022-01-22,2022-02-14,2.2727357999999995,1.8886552,TARGET_ZERO,48.0,48.0,0.4,23,-19.949899999999992,0.119346537475,0.11934155000000002,-0.6359227183689999,-19.552665369105995,4
MATICUSDT,2022-02-14,2022-02-15,1.65852885,1.6549721,TARGET_ZERO,37.52288177770351,37.52288177770351,0.28466789333976833,1,-0.07129347537763714,0.06216605220857913,0.06216603438521029,-0.006615498162972552,-0.189010063808454,0
NEARUSDT,2022-02-12,2022-02-16,10.847421,11.4952495,TARGET_ZERO,4.0,4.0,0.385153080044264,4,2.6359999999999957,0.044685341,0.044686000000000003,-0.02767611196,2.5743047709599955,0
1000SHIBUSDT,2022-02-11,2022-02-18,0.030837411,0.028181902,TARGET_ZERO,2965.0,2965.0,0.2912291517944059,7,-7.786089999999997,0.08749613152249999,0.087494185,-0.008516074067400002,-7.952564242455097,0
SANDUSDT,2022-02-01,2022-02-18,4.09234515,3.7361310000000003,TARGET_ZERO,13.0,19.0,0.3243246216658926,17,-8.156100000000004,0.076940889025,0.07693885,-0.41179738746300004,-7.898182351562003,2
NEARUSDT,2022-02-18,2022-02-19,10.447220999999999,10.260867000000001,TARGET_ZERO,5.0,5.0,0.3156594195958242,1,-0.8800000000000008,0.051770220000000006,0.05177,-0.0047273664,-0.9788128536000007,0
BTCUSDT,2022-02-09,2022-02-20,44043.59079,38695.66498875,STOP,0.003,0.003,0.16656813920993738,11,-15.919672500000008,0.124108883668125,0.12410490375000001,0.23603332207709998,-16.40391960949523,0
GALAUSDT,2022-02-15,2022-02-21,0.29476730999999995,0.24995496000000003,TARGET_ZERO,150.0,150.0,0.4,6,-6.680999999999996,0.04085417025,0.0408525,0.07087043574,-6.8335771059899955,0
MANAUSDT,2022-02-18,2022-02-21,3.07783815,2.6905540500000003,TARGET_ZERO,19.0,19.0,0.29106231511881153,3,-7.303599999999998,0.054799725900000006,0.0547979,-0.00044525694400000153,-7.412752368955997,0
AVAXUSDT,2022-02-16,2022-02-21,93.00647999999998,72.26085150000002,STOP,1.0,1.0,0.2484455679862306,5,-20.662999999999982,0.08263366575,0.08262850000000001,0.08947478969999999,-20.91773695544998,0
1000SHIBUSDT,2022-02-21,2022-02-22,0.025478732999999996,0.024019984,TARGET_ZERO,918.0,918.0,0.3767169277889033,1,-1.316411999999998,0.022719911103,0.022719582000000002,-0.0022157128540799998,-1.3596357802489178,0
SANDUSDT,2022-02-21,2022-02-22,3.1963973999999995,2.89725065,TARGET_ZERO,7.0,7.0,0.3537028921998247,1,-2.0727,0.021327768174999998,0.02132725,0.002459741739,-2.1178147599140003,0
XRPUSDT,2022-02-12,2022-02-22,0.7588792499999999,0.682408625,STOP,164.70000000000002,164.70000000000002,0.21243243243243243,10,-5.7443799999999925,0.12205419609500001,0.12205276000000001,0.14297106579770003,-6.131458021892692,2
XRPUSDT,2022-02-23,2022-02-24,0.7207602,0.6956519999999999,TARGET_ZERO,41.2,41.2,0.29625156184922946,1,-1.0052800000000037,0.029178091320000002,0.029177840000000003,-0.012554417196800002,-1.0510815141232037,0
NEARUSDT,2022-02-22,2022-03-01,8.540268,9.7441255,TARGET_ZERO,2.0,2.0,0.39046391752577303,7,2.426000000000002,0.018284393500000003,0.018285000000000003,-0.024845973859999995,2.414276580360002,0
FTMUSDT,2022-02-21,2022-03-02,1.72456185,1.8280855,TARGET_ZERO,17.0,17.0,0.2982161503654716,9,1.7901000000000002,0.030197502475,0.03019795,-0.08783224579799999,1.8175367933230002,0
SOLUSDT,2022-03-01,2022-03-03,99.66981,100.62966000000002,TARGET_ZERO,0.31,0.31,0.28425015057217434,2,0.3286000000000007,0.03104641785,0.031046500000000005,0.018468250000000002,0.24803883215000075,0
FTMUSDT,2022-03-03,2022-03-06,2.01530715,1.423868955986604,STOP,29.0,29.0,0.2931195393169181,3,-17.10184384831264,0.04986805353680576,0.049863778075843676,-0.10556209606200001,-17.09601358386329,0
ETHUSDT,2022-03-01,2022-03-07,2921.510025,2548.08532,TARGET_ZERO,0.013000000000000001,0.013000000000000001,0.23077737063799186,6,-4.818970000000001,0.035552369742500006,0.03555116500000001,0.0478531814722,-4.937926716214701,0
BNBUSDT,2022-03-07,2022-03-11,374.86734,371.56412500000005,TARGET_ZERO,0.11,0.11,0.20689862267777065,4,-0.3223000000000007,0.041053730575,0.04105365,-0.087801016083,-0.3166063644920007,0
ATOMUSDT,2022-02-27,2022-03-14,29.897941499999998,26.208889000000003,TARGET_ZERO,1.16,3.21,0.25354884047786364,15,-12.102989999999998,0.0938009607475,0.09379793500000001,-0.06221332074929997,-12.228375574998196,4
NEARUSDT,2022-03-02,2022-03-17,11.8109025,10.802596000000001,TARGET_ZERO,5.0,5.0,0.27551461245235065,15,-6.430999999999997,0.05581110775,0.0558095,-0.007135507999999998,-6.535485099749997,1
XRPUSDT,2022-03-12,2022-03-19,0.8030012999999999,0.79630165,TARGET_ZERO,46.0,46.0,0.2386915887850467,7,-0.27140000000000075,0.03678396785,0.0367839,0.051935871004,-0.3969037388540007,0
ETHUSDT,2022-03-17,2022-03-20,2774.16639,2948.4250500000003,TARGET_ZERO,0.016,0.016,0.198773613485383,3,2.8339199999999987,0.045780731520000006,0.04578144000000001,0.036971204720000005,2.705386623759999,0
GALAUSDT,2022-03-17,2022-03-20,0.23889939,0.24869559000000002,TARGET_ZERO,128.0,128.0,0.2869712706256806,3,1.2851200000000027,0.031206078720000002,0.031206400000000002,0.026829184000000006,1.1958783372800026,0
SOLUSDT,2022-03-19,2022-03-20,89.81488499999999,92.27383999999999,TARGET_ZERO,0.41000000000000003,0.41000000000000003,0.2383591400245071,1,1.0454999999999988,0.037328188625,0.03732845,0.01114626,0.9596971013749988,0
DOTUSDT,2022-03-17,2022-03-23,19.0425165,20.192898500000002,TARGET_ZERO,4.3,7.1,0.21321845119260266,6,7.32419999999999,0.13977736895000004,0.1397792,-0.184008974736,7.228652405785989,1
ADAUSDT,2022-03-23,2022-03-24,0.9748872,1.1058468000000001,TARGET_ZERO,164.0,164.0,0.15982142857142853,1,21.648,0.170620188,0.17062560000000002,-0.024870269376000002,21.331624481375997,0
XRPUSDT,2022-03-20,2022-03-24,0.8196096,0.8369813,TARGET_ZERO,121.4,183.0,0.17794189453124995,4,2.2217999999999973,0.15213274455,0.15213330000000003,0.15126711000000004,1.7662668454499975,1
AVAXUSDT,2022-03-20,2022-03-25,89.56475999999999,87.51622,TARGET_ZERO,1.0,1.0,0.23614989389031607,5,-1.9599999999999937,0.08854049,0.08854000000000001,0.049701630299999994,-2.186782120299994,0
SOLUSDT,2022-03-25,2022-03-27,102.37115999999999,101.62916000000001,TARGET_ZERO,1.48,1.48,0.1751099384344767,2,-0.9471999999999801,0.1509602368,0.15095999999999998,0.08909156,-1.33821179679998,0
RUNEUSDT,2022-03-21,2022-04-04,8.606301,11.212391,TARGET_ZERO,18.0,18.0,0.33464891885608,14,42.42399999999999,0.176037394,0.176048,0.3402869921,41.731627613899995,1
WAVESUSDT,2022-03-14,2022-04-04,26.603295,40.64906530000001,STOP,5.6000000000000005,5.6000000000000005,0.349349526244548,21,100.87310000000004,0.19931533172500004,0.19934055000000003,-6.349697598430001,106.82414171670503,2
BTCUSDT,2022-03-27,2022-04-06,44511.54465,45454.76125,TARGET_ZERO,0.004,0.006,0.12919854706310752,10,1.2659999999999838,0.27223168350000004,0.27223200000000003,0.7820441156100002,-0.06050779911001647,1
WAVESUSDT,2022-04-05,2022-04-06,34.713347999999996,30.4217815,TARGET_ZERO,3.2,3.2,0.4,1,-13.628799999999991,0.1042162072,0.1042128,-0.056179556192000005,-13.781049451007991,0
ADAUSDT,2022-04-06,2022-04-07,1.1704849499999999,1.0512741,TARGET_ZERO,170.0,170.0,0.19182051282051274,1,-20.07699999999998,0.18884951925,0.1888445,0.021343593839999998,-20.47603761308998,0
ETHUSDT,2022-03-24,2022-04-07,3037.05777,3165.186615,TARGET_ZERO,0.057,0.089,0.15127637495676244,14,3.376429999999992,0.2801534708925,0.280154315,0.9453925684631,1.870729645644392,1
LUNAUSDT,2022-02-19,2022-04-08,50.6122935,96.08358417499998,STOP,0.6026851841411088,2.4828618503356954,0.2895885212854264,48,72.09248998820496,0.2026173382782239,0.20263536140072094,-3.6338751153887494,75.32111240391475,2
SOLUSDT,2022-04-04,2022-04-08,136.938435,110.15106818747269,STOP,1.3900000000000001,1.3900000000000001,0.19521373766898062,4,-37.06272193037817,0.1717272047152935,0.17171793903481095,0.20248350551300004,-37.60865057964128,0
WAVESUSDT,2022-04-07,2022-04-09,28.778381999999997,26.281852500000003,TARGET_ZERO,2.9000000000000004,2.9000000000000004,0.4,2,-7.160099999999995,0.07983734002500001,0.07983555000000002,-0.06772233285300001,-7.252050557171994,0
DOGEUSDT,2022-04-07,2022-04-12,0.14329160999999999,0.133982975,TARGET_ZERO,1150.0,1150.0,0.2533684724937168,5,-7.290999999999983,0.16105932275,0.1610575,0.19493204719999999,-7.808048869949983,1
RUNEUSDT,2022-04-06,2022-04-12,10.847421,7.720138,TARGET_ZERO,10.0,10.0,0.326651291512915,6,-31.180000000000003,0.092837795,0.09283000000000001,0.16728200000000004,-31.532949795000004,0
ETCUSDT,2022-04-12,2022-04-16,36.9974895,37.3163325,TARGET_ZERO,1.29,1.29,0.3710776095186588,4,0.4592400000000024,0.04793241519000001,0.04793253,-0.023849812739700004,0.3872248675497024,0
WAVESUSDT,2022-04-16,2022-04-17,22.156072499999997,21.4502695,TARGET_ZERO,2.0,2.0,0.4,1,-1.368000000000002,0.043606342,0.043606,-0.052416801619999995,-1.402795540380002,0
ETCUSDT,2022-04-17,2022-04-22,38.1580695,34.848567,TARGET_ZERO,1.53,1.53,0.30296554617441923,5,-5.007690000000005,0.055850076922500005,0.055848825000000005,-0.007733956898700001,-5.111654945023805,0
ETHUSDT,2022-04-09,2022-04-23,3192.8656349999997,2958.9098050000002,TARGET_ZERO,0.058,0.058,0.1430876832348351,14,-13.043340000000008,0.17857525083500003,0.17857199,-0.00771610815810001,-13.392771132676907,1
DOGEUSDT,2022-04-23,2022-04-24,0.136338135,0.13375309,TARGET_ZERO,491.0,491.0,0.2651720848315843,1,-1.2029500000000037,0.0663073957375,0.066307095,0.018739223625899998,-1.3543037143634038,0
SOLUSDT,2022-04-09,2022-04-25,109.87490999999999,99.10042500000002,TARGET_ZERO,0.85,0.85,0.2850723845943731,16,-8.931499999999991,0.088883482875,0.08888125000000001,0.10771921962000001,-9.21698395249499,1
FILUSDT,2022-04-25,2022-04-26,18.911451,18.622684000000003,TARGET_ZERO,3.6,3.6,0.25662593239168385,1,-0.9719999999999985,0.067561443,0.06756120000000002,-0.00306055116,-1.1040620918399986,0
WAVESUSDT,2022-04-22,2022-04-26,19.1945925,16.9325295,TARGET_ZERO,2.3000000000000003,2.3000000000000003,0.4,4,-5.1612,0.04154619030000001,0.0415449,-0.028721551875000004,-5.215569538425,0
NEARUSDT,2022-03-24,2022-04-26,12.497245499999998,13.102445499999998,STOP,12.0,12.0,0.22211192058281978,33,27.69799999999998,0.1637340755,0.163741,1.2238663581999998,26.14665856629998,4
BNBUSDT,2022-04-24,2022-04-27,401.0404199999999,385.457175,TARGET_ZERO,0.35000000000000003,0.35000000000000003,0.12527941323221237,3,-5.3165000000000004,0.137637079125,0.13763575,-0.05655056816500001,-5.53522226096,0
ZILUSDT,2022-04-12,2022-04-30,0.11047521,0.075634164,STOP,1004.0,1004.0,0.4,18,-22.686198000000005,0.09952425254950001,0.09951858100000001,0.4047028080099001,-23.289943641559407,2
DOGEUSDT,2022-04-26,2022-05-01,0.158189055,0.12716638500000002,TARGET_ZERO,500.0,500.0,0.22379039908924156,5,-15.439999999999994,0.07133886,0.07133500000000001,0.05184586635000001,-15.634519726349994,0
KNCUSDT,2022-04-26,2022-05-03,5.0675325,3.7291844750000003,STOP,33.0,33.0,0.36357086458744586,7,-38.490700000000004,0.147909272675,0.14789965000000002,-0.27108509883,-38.515423823845005,1
ETCUSDT,2022-05-01,2022-05-05,25.857922499999997,30.603690500000003,TARGET_ZERO,1.17,1.17,0.28951044891640876,4,5.585580000000001,0.033030043605,0.033031439999999995,-0.025395925288499994,5.544914441683501,0
LUNAUSDT,2022-04-09,2022-05-07,94.5662595,73.91907197500001,STOP,1.9186999292474336,1.9186999292474336,0.24617647058823539,28,-32.95330571464772,0.20243958267659087,0.20243134435016222,-0.5693508248361917,-32.788825816838276,3
ADAUSDT,2022-05-05,2022-05-08,0.8988491999999999,0.7594201,TARGET_ZERO,56.0,56.0,0.17488032951129912,3,-7.761599999999997,0.0464315404,0.0464296,0.014654560928000002,-7.869115701327997,0
KNCUSDT,2022-05-04,2022-05-09,3.48174,2.2374807,STOP,18.0,18.0,0.4,5,-18.939600000000002,0.0531749349,0.0531702,-0.29849032188,-18.747454813020003,1
LUNAUSDT,2022-05-08,2022-05-09,68.16006300000001,45.25893868526251,STOP,0.3834258582462896,0.3834258582462896,0.3356581921733259,1,-8.75914154593728,0.021743889031304572,0.021741699245918088,0.001485152969553093,-8.804112287184056,0
ETCUSDT,2022-05-08,2022-05-10,26.838412499999997,22.6636625,TARGET_ZERO,1.1300000000000001,1.1300000000000001,0.28759739049394223,2,-4.689499999999999,0.027968672375000003,0.027967500000000003,-0.004208938933600001,-4.741227233441398,0
NEARUSDT,2022-04-27,2022-05-10,12.678336,8.974610450000004,STOP,3.0,3.0,0.38482481060606044,13,-11.078699999999994,0.032479419675,0.03247665000000001,-0.18520207080000003,-10.958453998874992,0
ZILUSDT,2022-05-01,2022-05-10,0.07194595499999999,0.06018539225,STOP,611.0,611.0,0.4,9,-7.145339500000006,0.040366126584875,0.04036434025,-0.1148121876551,-7.11125777917978,0
NEARUSDT,2022-05-11,2022-05-11,9.5677815,5.73779856555,STOP,2.0,2.0,0.4,0,-7.644662200000001,0.015305580065550002,0.015303668900000001,0.0,-7.6752714489655505,0
WAVESUSDT,2022-04-27,2022-05-11,15.235613999999998,9.859567750000004,STOP,1.4000000000000001,1.4000000000000001,0.4,14,-7.508899999999995,0.017566627225000006,0.017564750000000004,-0.4205054119280001,-7.123525965296995,0
KNCUSDT,2022-05-10,2022-05-12,2.0490239999999997,1.4502745000000001,TARGET_ZERO,10.0,10.0,0.4,2,-5.970000000000001,0.0174964925,0.017495000000000004,-0.0187512195,-5.986240273000001,0
ZILUSDT,2022-05-11,2022-05-12,0.06879438,0.04125598968600001,STOP,635.0,635.0,0.4,1,-17.45194122,0.034940992375305,0.03493662939,-0.029109467308,-17.492709374457302,0
KNCUSDT,2022-05-20,2022-05-25,2.66133,2.144927,TARGET_ZERO,8.0,8.0,0.4,5,-4.112000000000002,0.019225027999999998,0.019223999999999998,-0.13031253376000002,-4.020136494240003,0
BNBUSDT,2022-05-22,2022-05-27,312.29607,302.42871,TARGET_ZERO,0.09,0.09,0.28928331144074587,5,-0.8604000000000002,0.027662615100000003,0.027662399999999997,-0.085739359734,-0.8299856553660001,0
FTMUSDT,2022-05-22,2022-05-27,0.41230605,0.3770114,TARGET_ZERO,52.0,52.0,0.4,5,-1.8148000000000022,0.0205222537,0.0205218,-0.045205657536000005,-1.8106383961640022,0
ZILUSDT,2022-05-13,2022-06-01,0.04531264499999999,0.05479259,TARGET_ZERO,481.0,755.0,0.4,19,1.7271500000000017,0.0384820932125,0.038482525000000004,-0.11569042468959997,1.7658758064771016,2
DOTUSDT,2022-05-31,2022-06-04,10.464229499999998,9.359318000000002,TARGET_ZERO,2.1,2.8000000000000003,0.38622239219810695,4,-2.6550999999999974,0.027547413775,0.027546750000000002,-0.031243965808999997,-2.6789501979659973,1
ZILUSDT,2022-06-04,2022-06-07,0.049954965,0.05163417,TARGET_ZERO,505.0,505.0,0.3457031249999999,3,0.8736499999999977,0.025651256587500004,0.025651475,0.012764149417,0.8095831189954977,0
AXSUSDT,2022-06-02,2022-06-08,20.880435,19.660165000000003,TARGET_ZERO,1.0,1.0,0.4,6,-1.1999999999999993,0.0202703,0.020270000000000003,-0.20895393310000002,-1.0315863668999992,0
BTCUSDT,2022-05-31,2022-06-11,31742.36325,29063.161150000004,TARGET_ZERO,0.003,0.003,0.17738121129024637,11,-7.946399999999997,0.0912082866,0.0912063,0.168119602158,-8.296934188757998,0
GALAUSDT,2022-06-07,2022-06-11,0.08800398,0.06904546,TARGET_ZERO,329.0,329.0,0.3012960436562074,4,-6.211519999999999,0.02583463288,0.02583308,-0.0018583719301000002,-6.2613293409498985,0
WAVESUSDT,2022-06-01,2022-06-11,8.995495499999999,6.958519,TARGET_ZERO,5.1000000000000005,5.1000000000000005,0.3765929055932392,10,-7.631100000000001,0.042040457775,0.04203855000000001,-3.1009880417490003,-4.614190966026001,1
PEOPLEUSDT,2022-06-08,2022-06-12,0.0234117,0.0177911,TARGET_ZERO,931.0,931.0,0.4,4,-5.213600000000001,0.019179903400000003,0.0191786,-0.030653462492799995,-5.221305040907202,0
ZILUSDT,2022-06-11,2022-06-12,0.045552764999999995,0.041749115,TARGET_ZERO,605.0,605.0,0.31531284302963775,1,-2.2747999999999995,0.026408818700000003,0.02640825,-0.0059001761665,-2.321716892533499,0
ADAUSDT,2022-05-31,2022-06-13,0.5700848999999999,0.47989993,STOP,42.0,163.0,0.35739863085834656,13,-17.499200000000002,0.0919906748,0.09198630000000001,-0.11854231191100001,-17.564634662889002,4
TRXUSDT,2022-05-14,2022-06-13,0.07427712,0.06678509075000001,STOP,1174.0,1616.0,0.4,30,-15.511463999999993,0.11573830586600001,0.115734428,-0.2786958275292,-15.464240906336792,1
TRXUSDT,2022-06-14,2022-06-15,0.06385191,0.055502235000000004,TARGET_ZERO,505.0,505.0,0.26899388810531266,1,-4.186449999999999,0.0301369216125,0.030135875000000003,-0.15095103202350002,-4.095771764588998,0
FTMUSDT,2022-06-24,2022-06-25,0.27253619999999995,0.30074955000000003,TARGET_ZERO,80.0,80.0,0.3959801762114538,1,2.280000000000002,0.02293143,0.022932,-0.0006475895999999999,2.2347841596000024,0
WAVESUSDT,2022-06-22,2022-06-25,6.9234599999999995,6.5707130000000005,TARGET_ZERO,3.1,3.1,0.4,3,-1.0726000000000004,0.020915968150000002,0.020915700000000002,-0.024806801834,-1.0896248663160004,0
BNBUSDT,2022-06-25,2022-06-26,240.16001999999997,239.330275,TARGET_ZERO,0.13,0.13,0.26687914010748653,1,-0.07670000000000045,0.031166869175,0.031166850000000003,-0.012480505141,-0.12655321403400047,0
PEOPLEUSDT,2022-06-16,2022-06-26,0.02523261,0.026466760000000002,TARGET_ZERO,1718.0,1718.0,0.4,10,2.1646800000000015,0.04440975883,0.0444103,0.0603882836046,2.0154716575654015,0
1000SHIBUSDT,2022-06-26,2022-06-29,0.0117988965,0.009965015,TARGET_ZERO,5182.0,5182.0,0.28365555838209106,3,-9.446785999999998,0.056390294696500004,0.056387933,-0.10103658931727999,-9.458527638379218,0
AVAXUSDT,2022-06-25,2022-06-29,20.480234999999997,18.090950000000003,TARGET_ZERO,1.0,1.0,0.37587890625,4,-2.3699999999999974,0.0192855925,0.019285,0.002792301300000001,-2.4113628937999976,0
ETHUSDT,2022-06-26,2022-06-29,1242.2207999999998,1142.938245,TARGET_ZERO,0.019,0.019,0.35136074420103103,3,-1.8637099999999982,0.0226590109275,0.022658545000000002,-0.0036966858564999997,-1.9053308700709983,0
SOLUSDT,2022-06-22,2022-06-29,36.408195,35.292345000000005,TARGET_ZERO,0.59,0.59,0.39835119538334696,7,-0.6371999999999985,0.0211516593,0.021151499999999997,-0.0060864829519999995,-0.6734166763479985,0
SANDUSDT,2022-06-29,2022-06-30,1.08284115,1.06036955,TARGET_ZERO,20.0,20.0,0.3874087759815243,1,-0.4280000000000017,0.021432107,0.021432,-0.009163743260000001,-0.4617003637400017,0
XRPUSDT,2022-06-29,2022-06-30,0.33736859999999996,0.32923530000000006,TARGET_ZERO,100.7,100.7,0.2551601423487544,1,-0.7854599999999974,0.033563506365,0.03356331,-0.0060806863218,-0.8465061300431974,0
BELUSDT,2022-06-14,2022-07-03,0.9400698,0.8747624,TARGET_ZERO,138.0,138.0,0.4,19,-11.362400000000004,0.1239864406,0.1239836,-0.8758938678600001,-10.734476172740004,1
TRXUSDT,2022-06-29,2022-07-03,0.0658329,0.06462767,TARGET_ZERO,479.0,479.0,0.2749012158054712,4,-0.546060000000001,0.031245306515,0.03124517,-0.2514107187269,-0.35713975778810103,0
BELUSDT,2022-07-05,2022-07-06,0.8617306499999999,0.8369813,TARGET_ZERO,100.0,100.0,0.4,1,-2.389999999999992,0.0849355975,0.08493500000000001,-0.034726350499999996,-2.525144246999992,0
DOGEUSDT,2022-06-29,2022-07-07,0.06607302,0.068355805,TARGET_ZERO,378.0,378.0,0.3466535433070865,8,0.8883000000000018,0.025407047925000002,0.025407270000000003,0.0405401647518,0.7969455173232017,0
TRXUSDT,2022-07-05,2022-07-08,0.067323645,0.068515725,TARGET_ZERO,1254.0,1254.0,0.205283102987071,3,1.5800399999999963,0.08517128499000001,0.08517168,-0.3492355699338,1.7589326049437966,0
SANDUSDT,2022-07-07,2022-07-11,1.2620307,1.1624185,TARGET_ZERO,22.0,44.0,0.3046492271105826,4,-4.756399999999998,0.0535513891,0.053550200000000006,-0.05311421786,-4.810387371239998,1
1000SHIBUSDT,2022-06-30,2022-07-12,0.0102141045,0.010293850500000002,TARGET_ZERO,2342.0,5307.0,0.36204211557296767,12,-2.694919999999996,0.05600492673,0.05600425300000001,-0.06257361354974,-2.7443555661802566,1
ETHUSDT,2022-07-11,2022-07-12,1168.393905,1095.3320600000002,TARGET_ZERO,0.034,0.034,0.21709995632851234,1,-2.4456199999999946,0.03848334140500001,0.03848273000000001,0.006483206186600001,-2.529069277591595,0
MATICUSDT,2022-07-12,2022-07-13,0.5628812999999999,0.53563205,TARGET_ZERO,47.35873556757352,47.35873556757352,0.3248,1,-1.2644782396542102,0.026012101630049668,0.026011785510489757,0.002778699456212535,-1.319280826250962,0
ATOMUSDT,2022-07-06,2022-07-14,8.914455,8.197899,TARGET_ZERO,7.2,10.9,0.26969696969696966,8,-9.02669,0.09425811167250002,0.094255855,-0.3015353961517,-8.913668570520802,3
BTCUSDT,2022-07-08,2022-07-17,21625.307249999998,21173.0082,TARGET_ZERO,0.004,0.004,0.18625251001693394,9,-1.7236000000000058,0.0855966309,0.08559620000000001,0.135098335484,-2.029891166384006,0
SANDUSDT,2022-07-12,2022-07-17,1.09504725,1.2511741,TARGET_ZERO,23.0,23.0,0.334399269072636,5,3.617899999999999,0.026981545525,0.02698245,-0.041390795216,3.6053267996909986,0
BNBUSDT,2022-07-07,2022-07-19,238.489185,263.82802,TARGET_ZERO,0.19,0.74,0.1889662695083068,12,10.99239999999998,0.22139165189999999,0.2213944,-0.135595748465,10.685209696564982,3
ETHUSDT,2022-07-17,2022-07-19,1356.05769,1579.32994,TARGET_ZERO,0.091,0.091,0.21018614843179353,2,20.45133999999998,0.133560137165,0.13356525000000002,0.0189203216566,20.16529429117838,0
1000SHIBUSDT,2022-07-19,2022-07-22,0.011955975,0.0119850045,TARGET_ZERO,14355.0,14355.0,0.2039794125031383,3,0.5885549999999908,0.17183638036125,0.1718365275,0.10269225968265001,0.1421898324560908,0
GMTUSDT,2022-07-13,2022-07-24,0.84812385,0.943528,TARGET_ZERO,57.0,127.0,0.3546065825174,11,-7.397900000000015,0.12358879947500001,0.12358695,-0.07307479613199999,-7.572000953343014,1
SOLUSDT,2022-07-17,2022-07-24,39.589785,39.93002500000001,TARGET_ZERO,1.85,3.74,0.23593631539044735,7,-6.063199999999991,0.15244611580000003,0.1524446,0.256347598386,-6.6244383141859915,1
DYDXUSDT,2022-07-24,2022-07-26,2.155077,1.913043,TARGET_ZERO,56.0,56.0,0.36034802784222736,2,-13.44,0.11390736,0.113904,-0.009982726879999999,-13.65782863312,0
MATICUSDT,2022-07-14,2022-07-26,0.6389192999999999,0.7470512875,STOP,143.30458003227278,233.67046596011411,0.28341944574917793,12,24.283333658585622,0.17165022996518817,0.1716563007986028,-0.34550874393440534,24.285535871756238,3
FTMUSDT,2022-07-24,2022-07-28,0.342171,0.33083450000000003,TARGET_ZERO,413.0,413.0,0.2462123427902895,4,-8.106200000000003,0.13719492654999998,0.1371929,0.055377427806,-8.435965254356004,1
SANDUSDT,2022-07-19,2022-07-28,1.37778855,1.3121436,TARGET_ZERO,110.0,110.0,0.23033185680052282,9,-10.321000000000002,0.14632308025,0.1463205,-0.11177886971799998,-10.501864710532,1
GMTUSDT,2022-07-26,2022-07-29,0.91635795,1.0102946,TARGET_ZERO,92.0,92.0,0.30458515283842796,3,8.730799999999988,0.0886260173,0.08862819999999999,-0.064399841668,8.617945624367987,0
UNFIUSDT,2022-06-22,2022-07-29,5.1115545,6.474761,TARGET_ZERO,21.1,22.700000000000003,0.4,37,31.87719999999998,0.1512283307,0.1512363,0.6590276704370001,30.91570769886298,3
APEUSDT,2022-07-22,2022-07-30,6.421209,6.662667000000001,TARGET_ZERO,24.0,24.0,0.22593487067622306,8,-1.367999999999995,0.153348342,0.153348,0.19812572664000003,-1.872822068639995,1
BNBUSDT,2022-07-28,2022-07-30,271.67577,293.75305,TARGET_ZERO,0.85,0.85,0.14938683066951458,2,19.00599999999996,0.24030724849999996,0.240312,0.010174964949999999,18.515205786549963,0
ETHUSDT,2022-07-28,2022-08-01,1636.27773,1676.7911850000003,TARGET_ZERO,0.089,0.089,0.23737411721544532,4,3.753130000000006,0.14743156671750002,0.147432505,0.15832932347139997,3.299936604811106,0
ATOMUSDT,2022-07-30,2022-08-02,11.175585,10.381806500000001,TARGET_ZERO,13.84,13.84,0.26248992747784045,3,-10.836719999999993,0.14917714918000002,0.14917444000000002,0.054424789956800015,-11.189496379136791,0
CRVUSDT,2022-07-29,2022-08-02,1.5457724999999998,1.3043475,TARGET_ZERO,89.60000000000001,89.60000000000001,0.31428108808290156,4,-21.504000000000005,0.12768537600000002,0.12768000000000002,0.04978393011200001,-21.809149306112005,0
BTCUSDT,2022-07-29,2022-08-03,23848.1181,22963.61245,TARGET_ZERO,0.009000000000000001,0.009000000000000001,0.15549689128300653,5,-7.7499000000000215,0.21065278747500005,0.21065085000000003,0.27272006230500007,-8.443923699780022,0
DYDXUSDT,2022-08-01,2022-08-03,2.4992490000000003,2.250874,TARGET_ZERO,48.900000000000006,48.900000000000006,0.31910292350820996,2,-12.029400000000022,0.11614050735000003,0.11613750000000002,-0.102463266837,-12.159214740513022,0
DOTUSDT,2022-08-03,2022-08-04,7.922959499999999,7.982007,TARGET_ZERO,17.7,17.7,0.2374999999999999,1,1.185900000000003,0.140758953525,0.14075925,-0.044168546723999995,0.948550343199003,0
MATICUSDT,2022-07-27,2022-08-06,0.78269115,0.9271362000000001,TARGET_ZERO,129.9638292710846,129.9638292710846,0.33954632587859424,10,18.88374439308859,0.11110785489921551,0.11111257583531378,0.10130565499684904,18.56021830735721,0
XRPUSDT,2022-08-03,2022-08-06,0.3713855999999999,0.3760119,TARGET_ZERO,481.20000000000005,481.20000000000005,0.186530172413793,3,2.4060000000000024,0.1798238385,0.17982444000000003,-0.0327995033928,2.0791512248928026,0
ETHUSDT,2022-08-06,2022-08-07,1737.9885599999998,1688.99508,TARGET_ZERO,0.079,0.079,0.22743548266393412,1,-3.735119999999998,0.13536585378,0.13536492,0.040796231999999995,-4.046647005779998,0
FTMUSDT,2022-08-06,2022-08-09,0.3817908,0.3790104,TARGET_ZERO,363.0,363.0,0.2819575471698113,3,-0.871200000000004,0.1380854178,0.1380852,0.11370752154300001,-1.2610781393430037,0
APEUSDT,2022-08-04,2022-08-10,7.168582499999999,7.013491500000001,TARGET_ZERO,14.0,14.0,0.31155617585484996,6,-2.0719999999999956,0.099274518,0.099274,-0.024149374620000004,-2.2463991433799957,0
UNFIUSDT,2022-07-30,2022-08-10,10.549272,8.379808,TARGET_ZERO,18.2,18.2,0.2952200303490136,11,-36.27429999999998,0.173772718575,0.17376365000000002,0.48410369000000003,-37.10594005857498,1
1000SHIBUSDT,2022-08-10,2022-08-11,0.0120350145,0.01237381,TARGET_ZERO,18008.0,18008.0,0.18643391521197006,1,6.320808000000011,0.219777055798,0.21977863600000003,0.03343282659296,5.847819481609052,0
FTMUSDT,2022-08-10,2022-08-11,0.37238609999999994,0.40889545000000005,TARGET_ZERO,410.0,410.0,0.2643029814665592,1,15.129000000000017,0.16016271775000002,0.1601665,0.0472935,14.761377282250017,0
DOTUSDT,2022-08-11,2022-08-12,9.5257605,9.185405,TARGET_ZERO,19.0,19.0,0.21642857142857136,1,-6.289000000000025,0.17775607225,0.17775449999999998,-0.08914813888999999,-6.555362433360025,0
NEARUSDT,2022-08-09,2022-08-13,5.4887429999999995,5.9690140000000005,TARGET_ZERO,28.0,28.0,0.2463270142180095,4,13.608000000000018,0.160408598,0.160412,-0.130105241,13.417284643000018,0
BNBUSDT,2022-08-02,2022-08-15,283.26156,317.431205,TARGET_ZERO,0.68,0.68,0.16540689460299524,13,23.439599999999984,0.2042355401,0.20424140000000002,-0.134057727016,23.165180786915982,0
AVAXUSDT,2022-08-07,2022-08-16,26.65332,27.856065,TARGET_ZERO,5.0,5.0,0.2479166666666666,9,6.150000000000002,0.1362734625,0.13627499999999998,0.22540836600000003,5.652043171500002,0
NEARUSDT,2022-08-15,2022-08-16,5.6158065,5.393302,TARGET_ZERO,28.0,28.0,0.24499287241625076,1,-6.076000000000015,0.154127519,0.154126,0.027542944799999997,-6.411796463800015,0
ETHUSDT,2022-08-12,2022-08-17,1880.2896749999998,1874.8521050000002,TARGET_ZERO,0.107,0.107,0.19462766381993776,5,-0.3809199999999935,0.20090008523,0.20089998999999997,0.07884790097559999,-0.8615679762055934,0
MATICUSDT,2022-08-11,2022-08-18,0.9380687999999999,0.88365795,TARGET_ZERO,175.9330783461686,175.9330783461686,0.23803860921501713,7,-9.412419691520018,0.16025099751653055,0.1602486444116077,0.18635943520294715,-9.919278768651104,0
SOLUSDT,2022-08-13,2022-08-19,45.472725,39.46026,TARGET_ZERO,4.04,4.04,0.21397932248130222,6,-24.118800000000025,0.17156462969999997,0.1715586,0.161707038588,-24.623630268288025,0
DOGEUSDT,2022-08-16,2022-08-19,0.076628295,0.07090752850000001,STOP,2689.0,2689.0,0.19030026109660575,3,-15.184782999999996,0.19836191469575,0.1983581185,0.1675108242222,-15.749013857417946,0
BTCUSDT,2022-08-19,2022-08-20,23196.5925,20814.5875,TARGET_ZERO,0.009000000000000001,0.009000000000000001,0.11969993659721119,1,-21.240000000000002,0.19805031,0.19804500000000003,-0.007672435199999999,-21.628422874800002,0
1000SHIBUSDT,2022-08-16,2022-08-20,0.015264628499999999,0.012552420650000002,STOP,12368.0,12368.0,0.2077407091826702,4,-31.78044469999999,0.17281629876117502,0.17280835365,0.07727956954816001,-32.203348921959325,1
ETHUSDT,2022-08-18,2022-08-20,1834.4667749999999,1526.3419472499997,STOP,0.099,0.099,0.17780589566687577,2,-28.389577500000023,0.167333758644375,0.16732666125,0.0624249763152,-28.7866628962096,1
DOGEUSDT,2022-08-20,2022-08-27,0.06776386499999999,0.06342827000000001,TARGET_ZERO,1499.0,1499.0,0.2534780682321665,7,-6.400729999999995,0.0983285051825,0.098326905,0.04772025847119999,-6.645105668653695,0
BNBUSDT,2022-08-20,2022-08-28,279.129495,277.52117000000004,TARGET_ZERO,0.35000000000000003,0.35000000000000003,0.171248073407649,8,-0.46549999999999325,0.09741386637500002,0.09741375000000002,-0.25247312188000004,-0.40785449449499334,0
ETHUSDT,2022-08-28,2022-08-29,1490.745,1425.576855,TARGET_ZERO,0.023,0.023,0.24543926174496647,1,-1.4653300000000007,0.0335377013325,0.033537335,-0.0166976189199,-1.5157074174126008,0
ETCUSDT,2022-08-02,2022-08-29,34.970476500000004,30.346669075000005,STOP,4.0,4.0,0.3451819638361182,27,-9.951431500000007,0.134838772107875,0.13483628425000002,-0.10357375160599992,-10.117532804751882,3
TRBUSDT,2022-08-17,2022-08-30,40.50024,29.095444999999994,STOP,3.2,3.2,0.4,13,-29.112000000000013,0.11498727799999998,0.11498,0.7385846503400001,-30.080551928340014,1
1000SHIBUSDT,2022-08-21,2022-09-01,0.012878435999999998,0.012081956,TARGET_ZERO,9395.0,9395.0,0.2835340273461777,11,-6.772131999999997,0.11754806703299998,0.117546374,-0.06549226958025,-6.941734171452747,3
MATICUSDT,2022-09-01,2022-09-02,0.8324159999999999,0.8834580500000001,TARGET_ZERO,45.357599116676916,45.357599116676916,0.2257391826923077,1,2.3540593941555343,0.03891396364730442,0.03891455216215296,0.001168372428207163,2.2750625059178695,0
BNBUSDT,2022-08-29,2022-09-06,276.368115,276.56165,TARGET_ZERO,0.19,0.19,0.16140897078521516,8,0.08929999999999438,0.052528327675,0.05252835,-0.093984587503,0.07822790982799438,0
UNFIUSDT,2022-08-21,2022-09-07,8.900448,6.746625000000001,TARGET_ZERO,12.0,12.0,0.4,17,-23.82880000000001,0.09484355720000001,0.09483760000000001,-0.04285222945599999,-23.975628927744015,1
ETHUSDT,2022-09-06,2022-09-09,1617.738465,1633.4128850000002,TARGET_ZERO,0.026000000000000002,0.026000000000000002,0.20149883729559903,3,0.4497999999999989,0.042264967550000004,0.04226508000000001,-0.03803855094520001,0.4033085033951989,0
TRBUSDT,2022-08-31,2022-09-10,22.301144999999998,17.241375,TARGET_ZERO,1.9000000000000001,2.6,0.4,10,-8.638000000000002,0.049171159500000006,0.049169000000000004,-2.6286890157700005,-6.107651143730001,1
ETCUSDT,2022-08-30,2022-09-11,33.506745,39.2293755,TARGET_ZERO,0.79,1.7400000000000002,0.32037800071658906,12,4.194310000000006,0.06619505642250001,0.066196105,-0.16643024016990005,4.228349078747406,1
NEARUSDT,2022-09-09,2022-09-11,4.688343,4.809594000000001,TARGET_ZERO,18.0,18.0,0.19724711907810494,2,2.268000000000006,0.08548143300000001,0.085482,0.04852387944,2.0485126875600064,0
UNFIUSDT,2022-09-11,2022-09-12,7.830913499999999,7.874061,TARGET_ZERO,9.9,9.9,0.32880045988758305,1,0.5049000000000016,0.07773962377499999,0.07773975,0.02329668,0.32612394622500157,0
ETCUSDT,2022-09-12,2022-09-14,38.51925,35.2573625,TARGET_ZERO,1.72,1.72,0.2572497272585588,2,-5.547000000000003,0.06344788674999999,0.0634465,-0.0364915340352,-5.6374028527148035,0
ETHUSDT,2022-09-10,2022-09-14,1718.348745,1571.1240450000003,TARGET_ZERO,0.054,0.054,0.18199775252113554,4,-7.8613199999999965,0.08881576533,0.0888138,-0.3938405796666,-7.645108985663397,0
BTCUSDT,2022-09-11,2022-09-14,21650.31975,19796.037030000003,STOP,0.006,0.006,0.11924582360960281,3,-11.001359999999988,0.12433907034,0.12433632,0.09623824263599999,-11.346273632975986,0
FILUSDT,2022-09-14,2022-09-16,5.8659315,5.7181395,TARGET_ZERO,11.5,11.5,0.2523111035306157,2,-1.633000000000004,0.06660840825,0.066608,0.03411503623500001,-1.800331444485004,0
MATICUSDT,2022-09-14,2022-09-16,0.8458227,0.82408775,TARGET_ZERO,98.95870230836252,98.95870230836252,0.20343073465041997,2,-2.0682368782447798,0.08262608555158685,0.0826255684923673,-0.04312696731779453,-2.1903615649709396,0
SOLUSDT,2022-09-16,2022-09-18,33.07653,33.653165,TARGET_ZERO,1.27,1.27,0.20260211800302572,2,0.7746999999999994,0.042373356325,0.042373549999999996,0.010519078911,0.6794340147639993,0
ETCUSDT,2022-09-16,2022-09-19,35.662822500000004,29.4722565,TARGET_ZERO,0.81,0.81,0.2916297273033329,3,-4.987980000000005,0.026379706995000002,0.026378460000000003,-0.24516013535370004,-4.795578031641305,0
EOSUSDT,2022-09-02,2022-09-19,1.48074,1.2222885500000005,STOP,65.13269127783124,87.71327210570578,0.3536148648648649,17,-21.493846774096742,0.12429020696232874,0.12428483350063523,-0.383281087246515,-21.35914072731319,3
BTCUSDT,2022-09-15,2022-09-20,20227.1085,19518.8357,TARGET_ZERO,0.005,0.005,0.1471286541029826,5,-3.4420000000000073,0.09936486050000001,0.09936400000000001,0.0553275827,-3.6960564432000074,0
LINKUSDT,2022-09-19,2022-09-22,7.522759499999999,6.668664,TARGET_ZERO,15.450000000000001,15.450000000000001,0.21955307262569826,3,-8.705810000000003,0.11181782145250002,0.111815645,0.01650185669700001,-8.945945323149502,2
EOSUSDT,2022-09-20,2022-09-26,1.298649,1.163418,TARGET_ZERO,36.73757600973043,36.73757600973043,0.3577812018489984,6,-4.660505310734509,0.04535628613159053,0.04535512100526285,-0.08425483956652643,-4.666961878304836,1
LINKUSDT,2022-09-26,2022-09-27,7.864930499999999,7.932032,TARGET_ZERO,4.66,4.66,0.2333396946564885,1,0.34950000000000087,0.036806922625,0.03680701,0.0098227208,0.26606334657500086,0
SOLUSDT,2022-09-27,2022-09-30,33.876929999999994,33.903040000000004,TARGET_ZERO,1.1400000000000001,1.1400000000000001,0.22123449497932654,3,0.06840000000000257,0.038634582900000006,0.038634600000000005,0.009781764984000001,-0.018650947883997442,0
APEUSDT,2022-09-20,2022-10-02,5.868932999999999,5.2443765,TARGET_ZERO,17.0,17.0,0.25489260143198095,12,-9.332999999999997,0.09505783325,0.09505549999999999,-0.005586718439999994,-9.517526614809997,1
ATOMUSDT,2022-09-07,2022-10-02,11.773884,12.310491675,STOP,13.030000000000001,13.030000000000001,0.2767505098572399,25,17.310720499999988,0.16198807256987505,0.16199240025000003,-1.1419424323550003,18.128682459535113,4
LINKUSDT,2022-10-03,2022-10-04,7.109552999999999,7.319338500000001,TARGET_ZERO,4.93,4.93,0.24256262313537857,1,1.0698100000000026,0.0355672175475,0.035567484999999996,-0.0029453839821,1.0016206814346027,0
BNBUSDT,2022-10-02,2022-10-08,282.95140499999997,282.008925,TARGET_ZERO,0.23,0.5,0.12785007072135782,6,-1.4181000000000052,0.141784404525,0.14178405,-0.030474377105999997,-1.6711940774190053,1
BTCUSDT,2022-10-04,2022-10-09,19631.71095,19396.59685,TARGET_ZERO,0.003,0.006,0.1402884517378452,5,-3.4266000000000134,0.11815195665000001,0.11815110000000001,0.13323326648400002,-3.7961363231340135,1
RVNUSDT,2022-09-22,2022-10-09,0.03827913,0.03520239,TARGET_ZERO,2774.0,2774.0,0.4,17,-7.781810000000004,0.1237718004525,0.12376985500000001,-0.2654013926554001,-7.763950262797104,2
CHZUSDT,2022-08-27,2022-10-10,0.207153525,0.20461614075000004,STOP,722.0,774.0,0.3422900468440624,44,-8.94016099999998,0.23725235454025004,0.23725011950000002,1.0268881016737,-10.44155157571393,5
MATICUSDT,2022-10-09,2022-10-11,0.81450705,0.8127934000000001,TARGET_ZERO,132.71529962888079,132.71529962888079,0.15772018179584818,2,-0.11944376966599436,0.10798383340398128,0.10798380354303887,0.03468951599626957,-0.37010092260928407,0
DOGEUSDT,2022-10-08,2022-10-15,0.062351159999999996,0.05858069500000001,TARGET_ZERO,2318.0,2318.0,0.1770255093855286,7,-8.133309999999998,0.1403931383275,0.14039110500000002,0.18835281776420007,-8.602447061091699,1
ATOMUSDT,2022-10-03,2022-10-18,11.9889915,12.416788500000001,TARGET_ZERO,3.94,7.9,0.3602528793189784,15,-3.8615800000000045,0.097309675395,0.09730871,-0.17931424657810002,-3.876884138816904,4
CHZUSDT,2022-10-11,2022-10-19,0.18916453499999997,0.18313838500000001,TARGET_ZERO,441.0,441.0,0.30538717867343695,8,-2.883659999999994,0.10048146091500001,0.10048073999999999,0.020591435693400002,-3.1052136366083944,3
BTCUSDT,2022-10-11,2022-10-21,19133.66205,19025.2826,TARGET_ZERO,0.003,0.008,0.12988130098305792,10,-2.5520000000000076,0.153800438,0.15379980000000001,0.178559503324,-3.038159741324008,2
REEFUSDT,2022-10-18,2022-10-22,0.0068944455,0.0060519725,STOP,38027.0,38027.0,0.22670875054418813,4,-10.12894500000003,0.25698211673625,0.2569795845,-0.29298620957099997,-10.34992049166528,2
CHZUSDT,2022-10-21,2022-10-24,0.168134025,0.18532729,TARGET_ZERO,94.0,94.0,0.2658741966198524,3,1.63278,0.016612681805,0.01661309,0.009223188303,1.5903310398919996,0
RSRUSDT,2022-10-09,2022-10-25,0.007672834499999999,0.0056881545000000006,TARGET_ZERO,8759.0,8759.0,0.38050593297692,16,-17.657749999999993,0.0805582704375,0.080553856,0.07853714749916003,-17.897399273936653,4
CHZUSDT,2022-10-25,2022-10-27,0.19265627999999999,0.20158915500000002,TARGET_ZERO,196.0,196.0,0.22334856668051511,2,1.7894799999999997,0.03863605263,0.038636500000000004,0.0046595082744,1.7075479390955997,0
XRPUSDT,2022-09-18,2022-10-27,0.37628805,0.46836570000000005,TARGET_ZERO,490.5,749.2,0.1388327572454135,39,55.90259000000004,0.4813774093525001,0.481391385,-0.6150434231814002,55.55486462882894,9
BTCUSDT,2022-10-27,2022-10-29,20768.7792,20572.40865,TARGET_ZERO,0.014,0.014,0.0845531666851332,2,-4.242400000000024,0.28849746060000003,0.2884964,-0.0005328272319999995,-4.818861033368024,1
ETHUSDT,2022-10-18,2022-10-29,1331.2853099999998,1553.0231,TARGET_ZERO,0.053,0.13999999999999999,0.11936916625332555,11,12.900950000000002,0.23901789976249999,0.239021125,0.10196729276359999,12.320943682473901,4
REEFUSDT,2022-10-23,2022-10-29,0.006041019,0.005419289,TARGET_ZERO,15136.0,24498.0,0.2776664458429944,6,-12.232211,0.15692240055275,0.15691934249999998,-0.08792743570856999,-12.45812530734418,3
ATOMUSDT,2022-10-29,2022-10-30,13.534764,13.455269000000001,TARGET_ZERO,15.36,15.36,0.16339444115907745,1,-1.013760000000011,0.20728345344,0.2072832,-0.016590181478399996,-1.4117364719616112,0
XRPUSDT,2022-10-29,2022-10-31,0.47423699999999996,0.4575711,TARGET_ZERO,417.3,417.3,0.1716726429023412,2,-6.760259999999997,0.194421760065,0.19442007,0.08113520834639999,-7.2302370384113965,0
ATOMUSDT,2022-10-31,2022-11-02,13.921957499999998,14.0639645,TARGET_ZERO,13.44,13.44,0.1603916636722961,2,2.0966400000000074,0.18806539583999998,0.18806592,-0.0411905977728,1.7616992819328074,0
MATICUSDT,2022-10-19,2022-11-03,0.86393175,0.8722636500000001,TARGET_ZERO,237.26091164120405,328.5118239690027,0.12439786938397404,15,-17.940949996618805,0.5369284030021864,0.5369239177646873,0.4273982564708342,-19.442200573856514,5
1000SHIBUSDT,2022-11-03,2022-11-04,0.0117588765,0.011724135000000002,TARGET_ZERO,11181.0,11181.0,0.25252276014634556,1,-0.25716299999998565,0.13128177579075,0.1312817115,0.01211020427265,-0.5318366915633856,0
BTCUSDT,2022-10-30,2022-11-05,20807.09835,21127.0312,TARGET_ZERO,0.016,0.016,0.08872970230853937,6,5.454399999999964,0.33547303640000004,0.3354744,0.17411930036800002,4.609333263231965,0
CHZUSDT,2022-11-02,2022-11-05,0.22795391999999998,0.25638174500000005,TARGET_ZERO,648.0,648.0,0.21752106741573035,3,18.578160000000018,0.15692475546,0.1569294,0.11241223364160001,18.15189361089842,0
LINKUSDT,2022-11-05,2022-11-07,8.716356,8.091952000000001,TARGET_ZERO,23.27,23.27,0.15833333333333327,2,-14.334319999999991,0.19556466358000002,0.19556108,0.119847481,-14.845293224579992,0
DOGEUSDT,2022-10-27,2022-11-07,0.07265631,0.107674136,STOP,4833.0,4833.0,0.12085513632608098,11,164.65278599999996,0.5453116598035002,0.545352823,0.3504890783651,163.21163243883137,6
BNBUSDT,2022-10-29,2022-11-08,297.998925,316.83350400000006,STOP,1.43,1.43,0.07974148061104584,10,34.82433999999999,0.44332896391500004,0.44333766999999996,-0.95374681688,34.89142018296499,1
CHZUSDT,2022-11-07,2022-11-08,0.27303645,0.21405241561816182,STOP,738.0,738.0,0.21563770930275158,1,-43.350492420006574,0.1797357914131017,0.1797249537899967,0.080849376,-43.79080254120968,0
MATICUSDT,2022-11-04,2022-11-08,0.9512753999999999,1.0284305275,STOP,249.51590418490832,249.51590418490832,0.15872423222549434,4,32.77726311275369,0.2536201589396095,0.2536283532553877,0.33971997744738414,31.930294623111305,1
SUSHIUSDT,2022-10-24,2022-11-08,1.4377185,1.4831080750000003,STOP,44.0,128.0,0.26638830897703547,15,-2.7306499999999936,0.30112335766250004,0.301122675,0.50824574867,-3.841141781332494,4
XRPUSDT,2022-11-05,2022-11-08,0.506253,0.4355298911175,STOP,455.6,455.6,0.13926877470355725,3,-32.006918266,0.2145381425965665,0.214530140867,0.17458191527600003,-32.610568464739565,0
BNBUSDT,2022-11-09,2022-11-09,327.133485,269.7699337656356,STOP,0.78,0.78,0.1749395932099709,0,-44.51078875718288,0.2327923333185979,0.23278120562140858,0.0,-44.976362296122886,0
MATICUSDT,2022-11-09,2022-11-09,1.0439217,0.7649214982760464,STOP,187.84460090386779,187.84460090386779,0.2668950646861524,0,-52.238803890296765,0.1698907143389199,0.1698776546379473,0.0,-52.578572259273635,0
CHZUSDT,2022-11-09,2022-11-10,0.21329659499999998,0.154472725,TARGET_ZERO,580.0,580.0,0.3626072885887154,1,-34.011199999999995,0.10665310280000001,0.1066446,-0.014695129052000001,-34.209802573748,0
LINKUSDT,2022-11-09,2022-11-10,7.705850999999999,6.223886500000001,TARGET_ZERO,15.14,15.14,0.25629706569722155,1,-22.331499999999995,0.105448112875,0.10544253,-0.05623983627620001,-22.486150806598793,0
OPUSDT,2022-11-10,2022-11-13,0.7810903499999999,0.9203396,TARGET_ZERO,13.4,13.4,0.4,3,1.87734,0.011399580664999999,0.011400050000000002,0.011624232000000002,1.842916137335,0
XRPUSDT,2022-11-10,2022-11-19,0.332166,0.38250865,TARGET_ZERO,43.400000000000006,43.400000000000006,0.2914634146341462,9,2.200379999999999,0.015508439905000003,0.015508990000000002,-0.03691476117560001,2.2062773312705994,0
BNBUSDT,2022-11-10,2022-11-21,266.66326499999997,263.97794500000003,TARGET_ZERO,0.12,0.12,0.25200360198108956,11,-0.2903999999999948,0.0318384726,0.0318384,-0.114082499484,-0.23999437311599475,0
XRPUSDT,2022-11-21,2022-11-22,0.36088035,0.36401790000000006,TARGET_ZERO,35.800000000000004,35.800000000000004,0.3249514832270584,1,0.12530000000000013,0.012975678675000003,0.012975710000000001,-0.003995389404800002,0.10334400072980013,0
SUSHIUSDT,2022-11-09,2022-11-25,1.3896944999999998,1.167416,TARGET_ZERO,53.0,53.0,0.4,16,-16.197000000000003,0.06552254925,0.06551850000000001,-0.04351135802999998,-16.284529691220005,2
MATICUSDT,2022-11-10,2022-11-28,0.8163079499999999,0.8429783000000001,TARGET_ZERO,52.833632012870225,52.833632012870225,0.3901397230052703,18,0.45965708110478937,0.043336673985582934,0.043336788899853214,0.0035396050083995496,0.36944401321095366,1
XRPUSDT,2022-11-25,2022-11-30,0.40190085,0.3976011,TARGET_ZERO,72.2,72.2,0.2903286034353996,5,-0.28158000000000105,0.028862020395,0.028861950000000004,0.0017704707832000002,-0.34107444117820107,0
SUSHIUSDT,2022-11-28,2022-12-02,1.268634,1.385307,TARGET_ZERO,24.0,44.0,0.4,4,2.811999999999995,0.059577297,0.059578000000000006,0.051154400559999993,2.6416903024399945,1
MATICUSDT,2022-12-02,2022-12-12,0.9088542,0.89105425,TARGET_ZERO,66.19610053937356,95.09507071991722,0.21110315974898153,10,-2.7515059143161316,0.08615369638044285,0.08615300850396426,0.08244760541613479,-3.0062602246166734,1
DOGEUSDT,2022-11-08,2022-12-12,0.11121558,0.08071362300000001,STOP,838.0,1138.0,0.4,34,-30.028451999999994,0.132384921113,0.13237741400000003,0.24711352541580006,-30.540327860528794,4
APEUSDT,2022-12-12,2022-12-14,4.294146,4.075961,TARGET_ZERO,12.0,12.0,0.2355695317959469,2,-2.5679999999999943,0.050220642,0.05022,-0.6736180785599999,-1.9948225634399945,0
DYDXUSDT,2022-11-22,2022-12-14,1.846923,1.65917,TARGET_ZERO,34.1,34.1,0.4,22,-3.4146000000000063,0.061242153650000006,0.061241300000000005,-0.009185875226000013,-3.527897578424006,1
BANDUSDT,2022-11-30,2022-12-15,1.8225108,1.93753075,TARGET_ZERO,28.900000000000002,28.900000000000002,0.4,15,3.378409999999993,0.05433260039750001,0.054333445,-0.35622382601050007,3.6259677806129926,0
APEUSDT,2022-12-15,2022-12-16,4.024011,3.966016,TARGET_ZERO,12.0,12.0,0.2506466053220593,1,-0.6480000000000032,0.047940162,0.047939999999999997,-0.14592639816000003,-0.5979537638400032,0
BTCUSDT,2022-12-14,2022-12-16,17785.98855,16528.1058679725,STOP,0.01,0.01,0.0702583661002076,2,-12.40725945000002,0.17157047208986248,0.17156737027499996,0.09868745612000002,-12.849084748484882,0
ETHUSDT,2022-12-14,2022-12-16,1321.710525,1165.5683855604293,STOP,0.081,0.081,0.1176952598670765,2,-12.546781635422935,0.10073479587769739,0.10073165918228853,0.07369299000000001,-12.82194108048292,0
MASKUSDT,2022-11-13,2022-12-16,3.227613,2.5053966750000005,STOP,19.0,19.0,0.4,33,-10.955899999999993,0.055818788975000005,0.055816050000000006,-0.27829570233999995,-10.789239136634993,1
LTCUSDT,2022-11-19,2022-12-17,62.631299999999996,64.29533625000002,STOP,0.9470000000000001,1.5590000000000002,0.28389776357827484,28,2.339537500000016,0.103658583865625,0.10365916875000002,0.4827933942343999,1.649426353149991,2
MATICUSDT,2022-12-17,2022-12-20,0.7951973999999999,0.7728134000000001,TARGET_ZERO,30.56357357287173,30.56357357287173,0.17242073477604433,3,-0.6601731891740279,0.023962006724428733,0.023961841681131434,-0.025494661805184945,-0.6826023757744032,0
DYDXUSDT,2022-12-16,2022-12-21,1.6278134999999998,1.1990866928481778,STOP,29.400000000000002,29.400000000000002,0.26300738007380076,5,-10.399630428238014,0.04263658469348806,0.042633984785881,-0.074697898218,-10.410203099499384,1
BTCUSDT,2022-12-27,2022-12-28,16921.2564,16689.8509,TARGET_ZERO,0.003,0.003,0.07406920161533506,1,-0.6437999999999956,0.050416660950000004,0.0504165,0.003679065744,-0.7483122266939956,0
ETHUSDT,2022-12-27,2022-12-28,1228.183785,1210.684355,TARGET_ZERO,0.029,0.029,0.11687602336322984,1,-0.4721199999999992,0.035363588030000004,0.03536347,0.0069915270716,-0.5498385851015992,0
EOSUSDT,2022-12-28,2022-12-29,0.8954475,0.869565,TARGET_ZERO,32.035891349484814,32.035891349484814,0.1458147321428572,1,-0.800897283737121,0.028271874340241282,0.028271674115920346,0.003134915396457158,-0.8605757475897398,0
DOGEUSDT,2022-12-13,2022-12-30,0.09025510499999999,0.06567564575,STOP,679.0,679.0,0.27492795389048996,17,-13.502106,0.05953881252649999,0.059535437,0.057524122865899995,-13.678704372392398,3
XRPUSDT,2022-12-17,2023-01-02,0.3509754,0.32334824500000003,STOP,83.60000000000001,186.5,0.14273090079817552,16,-4.86436,0.06450586609,0.06450465,-0.06910949173030001,-4.9242610243597,2
APEUSDT,2022-12-28,2023-01-04,3.6468225,3.9960010000000006,TARGET_ZERO,5.0,7.0,0.195049369171695,7,1.8630000000000018,0.027054034250000004,0.027054500000000002,-0.46886853408000007,2.2777599998300015,1
MASKUSDT,2022-12-17,2023-01-05,2.479239,2.3238375000000002,TARGET_ZERO,12.0,12.0,0.4,19,-2.8090000000000006,0.028332202250000004,0.028331500000000003,-0.12135801415000007,-2.7443056881000008,1
SOLUSDT,2023-01-04,2023-01-05,13.332663,13.397298000000001,TARGET_ZERO,1.31,1.31,0.23971184151283215,1,0.10217999999999923,0.017508124455000003,0.01750815,-0.22197532392960004,0.28913904947459923,0
XRPUSDT,2023-01-03,2023-01-05,0.3479739,0.34672655,TARGET_ZERO,84.80000000000001,84.80000000000001,0.14180799080195455,2,-0.07632000000000103,0.029455299080000004,0.029455280000000004,-0.004382982128,-0.13084759695200102,0
DOGEUSDT,2022-12-31,2023-01-06,0.06839418,0.07144426000000001,TARGET_ZERO,253.0,253.0,0.2413339183852567,6,0.7893599999999995,0.01768956266,0.01768976,0.025622008533000003,0.7283586688069995,0
ETHUSDT,2023-01-05,2023-01-06,1257.018195,1250.45446,TARGET_ZERO,0.037,0.037,0.0882492697331243,1,-0.1964700000000064,0.0463882441175,0.04638819499999999,0.013926282,-0.30317272111750637,0
ADAUSDT,2023-01-06,2023-01-07,0.26923455,0.27816085,TARGET_ZERO,281.0,281.0,0.1103678929765886,1,2.585199999999996,0.07690905370000001,0.0769097,0.020567082103,2.410814164196996,0
APEUSDT,2023-01-05,2023-01-07,4.050024,4.031983,TARGET_ZERO,14.0,14.0,0.14381328723141512,2,-0.19600000000000328,0.056574049,0.056574,-0.2554150368,-0.053733012200003316,0
SOLUSDT,2023-01-06,2023-01-07,13.423708499999998,13.477258,TARGET_ZERO,2.69,2.69,0.23127142644209278,1,0.18023000000000045,0.0361817999425,0.036181845000000004,-0.05976035819259999,0.16762671325010042,0
BNBUSDT,2023-01-07,2023-01-09,259.819845,274.56265,TARGET_ZERO,0.39,0.39,0.08203242327390349,2,5.853899999999997,0.104204586525,0.10420605,-0.104173399863,5.749662763337996,0
ETHUSDT,2023-01-07,2023-01-09,1269.17427,1288.9951800000001,TARGET_ZERO,0.08600000000000001,0.08600000000000001,0.07659159348542421,2,1.8146000000000118,0.11000128635,0.11000174000000001,0.038522293642,1.5560746800080119,0
BTCUSDT,2023-01-07,2023-01-10,16952.37195,17161.015199999998,TARGET_ZERO,0.009000000000000001,0.009000000000000001,0.05,3,2.031299999999974,0.153510242175,0.15351075000000003,0.06453358376400001,1.6597454240609741,0
MASKUSDT,2023-01-10,2023-01-11,2.619309,2.672663,TARGET_ZERO,23.0,23.0,0.2021589606419564,1,1.2880000000000011,0.060857678,0.060857999999999995,0.018193,1.148091322000001,0
OCEANUSDT,2022-12-30,2023-01-11,0.16516254,0.23301343500000002,TARGET_ZERO,278.0,444.0,0.273312939181003,12,27.08942,0.103193637645,0.10320041,-1.7573619485683,28.6403879009233,2
ETCUSDT,2023-01-05,2023-01-12,19.18959,20.496746500000004,TARGET_ZERO,2.82,5.33,0.15458265992388298,7,3.97306000000001,0.107314786735,0.10731578,0.0660065506939,3.69242288257111,1
SOLUSDT,2023-01-09,2023-01-13,14.471231999999999,16.575708,TARGET_ZERO,3.68,3.68,0.23672312478396138,4,7.801599999999998,0.0571263696,0.05712832,-0.014808830084799997,7.702154140484798,0
APEUSDT,2023-01-09,2023-01-14,4.4472225,4.9445265,TARGET_ZERO,32.0,32.0,0.11676788124156548,5,16.063999999999993,0.150267984,0.15027200000000002,-1.37441816512,17.137878181119994,0
FTMUSDT,2023-01-14,2023-01-16,0.29324655,0.3260369,TARGET_ZERO,952.0,952.0,0.13817809621289665,2,31.51119999999996,0.2947789222,0.2947868,0.464665289032,30.45696898876796,0
RLCUSDT,2023-01-11,2023-01-20,1.4513252999999997,1.54352785,TARGET_ZERO,85.60000000000001,132.60000000000002,0.20361574520887918,9,4.345430000000015,0.20130798864250002,0.20130907500000003,-0.3271123425486,4.269925278906114,2
MATICUSDT,2023-01-20,2023-01-21,0.9531763499999999,1.02658645,TARGET_ZERO,252.3276100016977,252.3276100016977,0.1508344704523984,1,18.773174184126287,0.2497744078471345,0.24977910114068053,0.07399507163299784,18.199625603505474,0
SOLUSDT,2023-01-16,2023-01-21,22.9144515,25.500243500000003,TARGET_ZERO,5.69,5.69,0.25515652971226477,5,14.850900000000017,0.13773980727500001,0.13774352,0.2362311195768,14.339185553148216,0
LDOUSDT,2023-01-21,2023-01-22,2.34947415,2.3950019,TARGET_ZERO,39.0,39.0,0.4,1,1.8680999999999934,0.092517282975,0.09251775,0.06851215706399999,1.6145528099609934,0
APEUSDT,2023-01-22,2023-01-23,5.5117545,5.53723,TARGET_ZERO,29.0,29.0,0.22939734979125065,1,0.8989999999999911,0.16021027525,0.1602105,-0.15408433555,0.7326635602999911,0
OCEANUSDT,2023-01-13,2023-01-24,0.24740363999999998,0.356371725,TARGET_ZERO,482.0,705.0,0.24848092560378657,11,53.62424999999999,0.2041304689375,0.204143875,0.10193342570080002,53.11404223036169,3
OPUSDT,2023-01-23,2023-01-24,2.1838914,2.16821535,TARGET_ZERO,68.9,68.9,0.2811478037832639,1,-0.9301500000000047,0.14993007753750004,0.149929845,0.0836108201214,-1.3136207426589048,0
XRPUSDT,2023-01-21,2023-01-26,0.41270624999999994,0.41669155,TARGET_ZERO,584.0,584.0,0.15450909090909087,5,2.5696000000000083,0.2421841576,0.24218479999999998,0.35885632,1.726374722400008,0
OPUSDT,2023-01-26,2023-01-27,2.3826907499999996,2.21519185,TARGET_ZERO,52.300000000000004,52.300000000000004,0.3320686179817746,1,-8.639960000000002,0.12023462999000001,0.12023247000000001,0.036501739000000005,-8.916928838990001,0
XRPUSDT,2023-01-27,2023-01-28,0.40920449999999997,0.41249365000000004,TARGET_ZERO,535.9,535.9,0.16577017114914422,1,1.9828300000000194,0.2201740192925,0.220174515,0.065953213,1.4765282527075194,0
APEUSDT,2023-01-24,2023-01-31,5.5997985,5.7980995,TARGET_ZERO,27.0,27.0,0.24028944077184203,7,5.507999999999996,0.153871623,0.153873,-2.01622391325,7.216479290249996,0
ETHUSDT,2023-01-11,2023-01-31,1335.957645,1565.1470350000002,TARGET_ZERO,0.179,0.284,0.07015614468658735,20,59.81490000000003,0.421259156275,0.42127411,2.4251060114705996,56.547260722254435,4
MANAUSDT,2023-01-31,2023-02-03,0.7528762499999999,0.78410775,TARGET_ZERO,147.0,147.0,0.34387375415282395,3,4.704000000000005,0.112968324,0.1129695,0.10829443033500001,4.369767745665005,0
BTCUSDT,2023-01-12,2023-02-05,17944.567799999997,23310.9387,TARGET_ZERO,0.018000000000000002,0.029,0.05,24,118.46080000000002,0.6012088848,0.6012385,3.4817264348920007,113.77662618030803,4
GALAUSDT,2023-01-24,2023-02-06,0.0530265,0.053992990000000005,TARGET_ZERO,2054.0,2054.0,0.4,13,2.0950800000000016,0.10990901623,0.10990954,0.534907982401,1.3403534613690016,0
AVAXUSDT,2023-01-31,2023-02-07,19.757874,19.566212,TARGET_ZERO,6.0,8.0,0.2814683544303798,7,-4.634,0.1589261585,0.15892499999999998,0.38092306972,-5.33277422822,1
BTCUSDT,2023-02-06,2023-02-08,22940.764649999997,23222.48295,TARGET_ZERO,0.013000000000000001,0.013000000000000001,0.1141662160040473,2,3.9623999999999913,0.3000611094,0.3000621,0.17857593000000002,3.1837008605999912,0
FTMUSDT,2023-02-03,2023-02-09,0.6089043,0.46902537000000005,STOP,258.0,258.0,0.2712126191258626,6,-29.738840000000003,0.14215681471000002,0.14214938000000002,0.362882698618,-30.386028893328003,1
ETHUSDT,2023-02-07,2023-02-10,1614.696945,1543.8976650000002,TARGET_ZERO,0.14,0.14,0.1487211103538014,3,-9.690800000000005,0.22110162270000003,0.22109920000000005,0.20628622000000005,-10.339287042700006,0
FTMUSDT,2023-02-10,2023-02-11,0.44892434999999997,0.43548215,TARGET_ZERO,186.0,186.0,0.4,1,-2.418000000000002,0.0822498045,0.0822492,0.02479566,-2.607294664500002,0
BTCUSDT,2023-02-11,2023-02-12,21629.409299999996,21840.274400000002,TARGET_ZERO,0.011,0.011,0.1095750881185646,1,2.5586000000000237,0.23908326035,0.2390839,0.038556417174,2.0418764224760237,0
SANDUSDT,2023-02-12,2023-02-13,0.74607285,0.7020488,TARGET_ZERO,144.0,144.0,0.32004024144869214,1,-6.235200000000001,0.1042647588,0.1042632,-0.022111212384,-6.421616746416001,0
LTCUSDT,2022-12-18,2023-02-14,64.882425,90.944505,TARGET_ZERO,0.9570000000000001,2.845,0.2023207401696223,58,53.01776000000001,0.23234441556000002,0.23235767000000002,3.0486527134851005,49.50440520095491,3
DYDXUSDT,2023-02-10,2023-02-16,2.5182585,2.9875055,TARGET_ZERO,39.900000000000006,39.900000000000006,0.4,6,18.832800000000002,0.10983999180000002,0.10984470000000002,0.17762844792,18.43548686028,0
FTMUSDT,2023-02-14,2023-02-16,0.4630314,0.5695151,TARGET_ZERO,179.0,179.0,0.4,2,19.153,0.09241291174999999,0.09241769999999999,0.050134521375000005,18.918034866875,0
OPUSDT,2023-01-28,2023-02-16,2.2792390499999997,2.8170907499999998,TARGET_ZERO,48.1,48.1,0.37803844972128336,19,27.71111000000001,0.1234252372225,0.12343216499999998,0.9072974481061998,26.55695514967131,1
ADAUSDT,2023-02-16,2023-02-21,0.41950964999999996,0.40369805000000003,TARGET_ZERO,517.0,517.0,0.1681373718101598,5,-7.961800000000014,0.21279919045,0.2127972,0.31185440000000003,-8.699250790450014,0
1000SHIBUSDT,2023-02-05,2023-02-24,0.01472736,0.0131304315,TARGET_ZERO,12960.0,12960.0,0.2131326856444052,19,-20.515680000000025,0.18051848892,0.18051336,0.9571295060064,-21.833841354926424,0
LTCUSDT,2023-02-16,2023-02-25,102.87140999999998,91.464245,TARGET_ZERO,2.6710000000000003,2.6710000000000003,0.15506224469947483,9,-30.209009999999978,0.25953526725250003,0.25952771500000005,0.7008089670000001,-31.428881949252478,0
MATICUSDT,2023-02-08,2023-02-25,1.27133535,1.2264614624999999,STOP,167.52369965882008,167.52369965882008,0.2004092554698568,17,-5.947911479312364,0.20989989639467632,0.2098984094168065,1.1571970714452036,-7.524906856569051,1
SOLUSDT,2023-02-21,2023-03-01,26.303144999999997,21.8660615,TARGET_ZERO,6.890000000000001,6.890000000000001,0.2068027081510783,8,-30.405570000000004,0.16594291639250003,0.16593531500000003,0.2885414390456001,-31.0259896704381,0
MATICUSDT,2023-02-26,2023-03-02,1.2468230999999999,1.24787575,TARGET_ZERO,118.84186379827464,118.84186379827464,0.24627638231281604,4,0.2733362867360283,0.14823733047470616,0.14823739880877787,0.07237448078126883,-0.09551292332872459,0
BTCUSDT,2023-02-13,2023-03-03,21781.8855,22111.2238575,STOP,0.012,0.017,0.10380619261314318,18,-3.6770100000000063,0.38107791425250004,0.3810769950000001,1.535525424894,-5.974690334146506,2
LTCUSDT,2023-03-02,2023-03-04,97.778865,90.46474500000001,TARGET_ZERO,3.0300000000000002,3.0300000000000002,0.13580417434008596,2,-21.876599999999996,0.2851890691500001,0.28518360000000004,0.12381007745100002,-22.570782746600997,0
DYDXUSDT,2023-03-01,2023-03-04,2.9184585,2.3838574749999997,STOP,41.0,54.9,0.30416523825848485,3,-29.310805000000002,0.14997102520125,0.1499636975,0.1559479,-29.76668762270125,2
SOLUSDT,2023-03-05,2023-03-07,20.986487999999998,20.6106895,TARGET_ZERO,5.01,5.01,0.2427730371359106,2,-1.778550000000002,0.1042009296375,0.10420048499999998,0.023090071968000003,-2.010041486605502,0
ETHUSDT,2023-02-16,2023-03-09,1675.827495,1473.6188220000001,STOP,0.184,0.184,0.1380116417910448,21,-33.231390000000005,0.2915907728475,0.291582465,1.3483560993819002,-35.162919337229404,1
BTCUSDT,2023-03-04,2023-03-10,22353.9714,20338.225800000004,TARGET_ZERO,0.01,0.01,0.13857484290241148,6,-19.943999999999978,0.21346098600000002,0.21345600000000003,0.16279423616,-20.53371122215998,0
LDOUSDT,2023-02-25,2023-03-10,2.8723354499999996,2.1530379425000006,STOP,35.0,48.0,0.4,13,-28.413874999999987,0.12551436596874999,0.1255072625,0.030795150052000026,-28.69569177852074,3
OPUSDT,2023-02-24,2023-03-10,2.875437,2.0861713925,STOP,43.1,43.1,0.32524964336661916,14,-29.707293000000007,0.10902318032324998,0.1090157535,-0.6110591972107001,-29.314272736612555,2
OPUSDT,2023-03-11,2023-03-12,2.1344667,1.88295805,TARGET_ZERO,9.9,9.9,0.4,1,-2.470050000000001,0.0198862525125,0.019885635000000002,-0.023866497527400003,-2.485955389985101,0
XRPUSDT,2023-03-10,2023-03-12,0.3705852,0.3634182,TARGET_ZERO,171.10000000000002,171.10000000000002,0.1334412955465587,2,-1.163480000000005,0.06279399087000001,0.06279370000000001,0.0072982167746,-1.296365907644605,0
LDOUSDT,2023-03-11,2023-03-14,2.30525205,2.6700643000000004,TARGET_ZERO,15.0,15.0,0.3654854390000434,3,2.7885000000000026,0.035955052875000004,0.03595575,-0.028488225694999997,2.7450774228200028,1
OPUSDT,2023-03-14,2023-03-15,2.61640755,2.7082452000000004,TARGET_ZERO,8.3,8.3,0.3870784583620096,1,0.7843500000000003,0.022097308912500002,0.022097505000000003,0.0081218562036,0.7320333298839004,0
LDOUSDT,2023-03-15,2023-03-17,2.75587725,2.3884052000000002,TARGET_ZERO,13.0,13.0,0.3314244745344321,2,-4.7437000000000005,0.033437835925000006,0.03343665,-0.034533639621,-4.776040846303999,0
MATICUSDT,2023-03-07,2023-03-21,1.1311653,1.1010492,TARGET_ZERO,93.96714648637924,93.96714648637924,0.24058381247235736,14,-12.923972245448823,0.2145994619332513,0.21459623094018995,-0.03278843877779945,-13.320379499544464,6
FTMUSDT,2023-03-21,2023-03-22,0.45532754999999997,0.483758,TARGET_ZERO,77.0,77.0,0.3586354647330257,1,2.2252999999999985,0.036154793675000005,0.03615535,0.010735340000000001,2.142254516324998,0
DYDXUSDT,2023-03-10,2023-03-24,2.0560275,2.6216885000000003,TARGET_ZERO,10.200000000000001,24.200000000000003,0.4,14,4.181400000000002,0.08853445465000001,0.0885355,0.09952823848900003,3.9048018068610015,5
FILUSDT,2023-03-04,2023-03-27,6.257126999999999,5.676160500000001,TARGET_ZERO,16.400000000000002,16.400000000000002,0.4,23,-19.437199999999997,0.18228295930000002,0.18227810000000003,0.20446433752999998,-20.006225396829997,7
LTCUSDT,2023-03-27,2023-03-29,93.31663499999999,89.025465,TARGET_ZERO,0.579,0.579,0.23483435188163396,2,-2.4318000000000013,0.05278803794999999,0.052787429999999996,0.0056214086906999985,-2.5429968766407014,0
FILUSDT,2023-03-29,2023-04-02,5.556777,5.7571200000000005,TARGET_ZERO,5.800000000000001,5.800000000000001,0.39347317248829683,4,1.1947999999999974,0.03281030130000001,0.03281060000000001,0.033031323407999996,1.0961477752919975,0
BNBUSDT,2023-03-17,2023-04-03,329.214525,300.727561,STOP,0.34,1.26,0.11154383832244341,17,-23.588540000000023,0.592951027135,0.5929451299999999,-6.446579105712001,-18.327857051423024,6
AVAXUSDT,2023-04-02,2023-04-04,17.796893999999998,17.085453,TARGET_ZERO,4.0,4.0,0.19301495390150664,2,-2.7759999999999962,0.06976469399999999,0.069764,0.036221081,-2.951749774999996,0
BNBUSDT,2023-04-04,2023-04-05,308.624235,310.56464000000005,TARGET_ZERO,0.32,0.32,0.12679515025772353,1,0.72,0.09907022000000001,0.0990704,-0.007406241312000001,0.529265621312,0
MATICUSDT,2023-04-05,2023-04-08,1.138569,1.10574685,TARGET_ZERO,63.95002982274346,63.95002982274346,0.17435852372583482,3,-2.027215945380957,0.07176203276957792,0.07176152596559157,0.036856110547943736,-2.2075956146640703,0
DOGEUSDT,2023-04-04,2023-04-09,0.096017985,0.08124935500000001,TARGET_ZERO,849.0,849.0,0.2072894956231763,5,-12.463319999999998,0.07524998583,0.07524687,0.0901378906425,-12.7039547464725,0
MATICUSDT,2023-04-09,2023-04-10,1.1018506499999998,1.09974985,TARGET_ZERO,73.69768262184071,73.69768262184071,0.1560479476934253,1,-0.0736976826218326,0.0811264274545429,0.08112640903012225,0.0072425474901627535,-0.2431930665966605,0
DOGEUSDT,2023-04-10,2023-04-11,0.08318157,0.08465765,TARGET_ZERO,612.0,612.0,0.2489714904366654,1,0.9547199999999951,0.05135880132,0.05135904,0.015359976000000001,0.836642182679995,0
FILUSDT,2023-04-08,2023-04-14,5.7878925,6.0759605,TARGET_ZERO,13.3,18.700000000000003,0.21866032843560929,6,3.407999999999995,0.111972448,0.1119733,0.16387914678,3.0201751052199954,1
LTCUSDT,2023-04-11,2023-04-14,93.796875,94.09293000000001,TARGET_ZERO,1.182,1.182,0.152768,3,0.4609800000000006,0.111042874755,0.11104299000000001,0.0817271835606,0.1571669516844006,0
MASKUSDT,2023-03-24,2023-04-14,6.178087499999999,5.573212,TARGET_ZERO,14.0,14.0,0.32395141700404856,21,-8.082000000000003,0.08241102049999999,0.082409,-0.24429648476000007,-8.002523535740004,2
FTMUSDT,2023-04-14,2023-04-15,0.5114556,0.5129434,TARGET_ZERO,215.0,215.0,0.19257629107981217,1,0.4300000000000004,0.11012289250000001,0.110123,0.0330154,0.17673870750000037,0
LINAUSDT,2023-04-14,2023-04-17,0.014377185,0.014602695,TARGET_ZERO,4423.900000000001,6238.6,0.4,3,0.9710009999999957,0.09066020274975001,0.0906604455,0.09066567391104001,0.6990146778392058,1
MASKUSDT,2023-04-15,2023-04-17,5.8539255,5.7341315,TARGET_ZERO,18.0,18.0,0.2777692307692308,2,-2.051999999999998,0.104292513,0.104292,0.12154137822,-2.3821258912199976,0
BNBUSDT,2023-04-17,2023-04-19,348.03393,321.7261682963378,STOP,1.51,1.51,0.07512721000431222,2,-40.20923222160417,0.6390493361972533,0.639039283889198,0.397092229034,-41.88441307072462,2
XRPUSDT,2023-03-22,2023-04-19,0.4697347499999999,0.4639029324999999,STOP,384.70000000000005,473.20000000000005,0.1641883255219429,28,-12.804108000000042,0.311697117027,0.31169391599999996,0.7028500358519001,-14.130349068878942,4
ETHUSDT,2023-03-12,2023-04-20,1471.7655149999998,1905.5032717500003,STOP,0.021,0.22600000000000003,0.13675519873829906,39,-0.26423850000000604,0.917998636809625,0.9179985707499999,1.6714290333157,-3.771664740875331,12
LINKUSDT,2023-04-17,2023-04-20,8.1450705,7.5338312,STOP,39.96,39.96,0.12186809137803986,3,-17.31434400000002,0.316661516586,0.316657188,0.3517144505748,-18.29937715516082,1
ADAUSDT,2023-04-14,2023-04-21,0.4254126,0.39230375000000006,STOP,528.0,745.0,0.13211009174311933,7,-20.17,0.39504544250000007,0.39504040000000007,0.6051579586000001,-21.5652438011,4
BTCUSDT,2023-03-15,2023-04-21,24694.841249999998,27648.638765000003,STOP,0.003,0.015000000000000001,0.12924642965663932,37,9.920859999999994,0.772367649785,0.77237013,1.5066125708420002,6.8695096493729935,10
LINKUSDT,2023-04-21,2023-04-22,7.5127545,7.104446,TARGET_ZERO,21.98,21.98,0.15185752330226374,1,-8.813980000000015,0.160643033495,0.16064083,0.048632948,-9.183896811495016,0
DYDXUSDT,2023-04-22,2023-04-24,2.475237,2.4037975,TARGET_ZERO,32.300000000000004,32.300000000000004,0.2603476151980598,2,-2.2287000000000132,0.078796407175,0.07879585,0.04008240011400001,-2.4263746572890135,0
ETHUSDT,2023-04-21,2023-05-04,1943.0710499999998,1903.78763,TARGET_ZERO,0.109,0.109,0.11759117660688628,13,-7.911609999999992,0.20773507290249998,0.20773309499999998,0.2502873805053,-8.577365548407792,2
SXPUSDT,2023-04-22,2023-05-06,0.5275636499999999,0.5441278,TARGET_ZERO,79.01999164234327,109.98894094051151,0.4,14,1.7445475131708061,0.05900526955455077,0.05900570569142906,-1.7075731302392263,3.3341096681640527,1
ADAUSDT,2023-04-22,2023-05-07,0.382191,0.3784107,TARGET_ZERO,267.0,267.0,0.16335078534031414,15,-0.9078000000000046,0.10154032695,0.1015401,0.32329598452800007,-1.4341764114780047,0
BNBUSDT,2023-04-20,2023-05-11,322.531185,305.2443015,STOP,0.87,0.87,0.08931041970406679,21,-7.921510000000003,0.2765031253775,0.276501145,-5.606741895902998,-2.8677723744745043,3
INJUSDT,2023-04-20,2023-05-11,8.318157,6.06806445,STOP,12.100000000000001,12.100000000000001,0.28984121255864315,21,-18.878790000000006,0.0911647246975,0.09116000500000002,-2.011832643906,-17.049282085791504,2
BTCUSDT,2023-04-24,2023-05-12,27589.68795,26131.6926175,STOP,0.004,0.004,0.09838228894691038,18,-4.101270000000005,0.10825399031750002,0.108252965,0.310738314156,-4.628515269473505,1
ETHUSDT,2023-05-06,2023-05-12,1993.546275,1737.3408464793104,STOP,0.065,0.065,0.12808146304251813,6,-13.921681699073675,0.12255838957088794,0.12255490915046317,0.081333262027,-14.248128259822025,2
XRPUSDT,2023-05-07,2023-05-14,0.458229,0.4235881,TARGET_ZERO,161.3,161.3,0.16929460580912858,7,-5.419920000000003,0.07116679498,0.07116544000000001,-0.035026350586900006,-5.527225884393102,2
ADAUSDT,2023-05-12,2023-05-19,0.35987985,0.37111435000000004,TARGET_ZERO,151.0,151.0,0.15271134593993324,7,1.7515999999999998,0.055190062100000006,0.0551905,0.10742958102900002,1.5337898568709998,0
CTSIUSDT,2023-05-04,2023-05-23,0.22881434999999997,0.18060965,TARGET_ZERO,182.0,283.0,0.4,19,-11.523600000000002,0.0569027809,0.0568999,-0.4560484003859999,-11.181354280514,1
MASKUSDT,2023-05-19,2023-05-24,4.7373675,4.2148915,TARGET_ZERO,13.0,13.0,0.19255386565272503,5,-6.734000000000009,0.058189683500000006,0.058188000000000004,0.00017127109999999978,-6.85054895460001,0
XRPUSDT,2023-05-23,2023-05-25,0.46163069999999995,0.4525736,TARGET_ZERO,147.8,147.8,0.12184655396618985,2,-1.2710799999999995,0.06755969777000001,0.06755938,0.0233674219486,-1.4295664997185995,0
ADAUSDT,2023-05-24,2023-05-26,0.37038509999999997,0.35772105000000004,TARGET_ZERO,197.0,197.0,0.1139384116693679,2,-2.4230999999999954,0.071718455775,0.07171785,0.027575617735,-2.594111923509996,0
MASKUSDT,2023-05-25,2023-05-26,3.9179579999999996,3.9290345,TARGET_ZERO,8.0,8.0,0.2540347293156283,1,0.120000000000001,0.03138797,0.031388,-0.0018955239199999997,0.059119553920001,0
LINAUSDT,2023-05-26,2023-05-28,0.010595295,0.012343825000000001,TARGET_ZERO,4537.1,4537.1,0.2597353497164461,2,7.985295999999999,0.052038540676,0.052040537000000005,-0.21928619117789003,8.100503113501889,0
INJUSDT,2023-05-12,2023-05-29,5.783890499999999,7.082457000000001,TARGET_ZERO,5.300000000000001,8.4,0.4,17,5.9971000000000085,0.05537355072500001,0.05537505000000001,-0.6204731536970001,6.506824552972008,2
LTCUSDT,2023-05-17,2023-05-29,90.00497999999999,91.384285,TARGET_ZERO,0.666,0.98,0.13857825700311258,12,-1.7941399999999883,0.088476218535,0.08847577,0.22775503496720004,-2.1988470235021884,2
XRPUSDT,2023-05-28,2023-05-30,0.47143559999999995,0.49385295,TARGET_ZERO,221.20000000000002,319.20000000000005,0.11978989813242787,2,6.251279999999995,0.15458951718000002,0.15459108,0.0645262504376,5.877573152382395,1
ETHUSDT,2023-05-13,2023-06-03,1807.433265,1904.637205,TARGET_ZERO,0.033,0.10200000000000001,0.136746414396661,21,2.4280900000000005,0.2327300079775,0.232730615,0.34318984800130004,1.6194395290212005,3
LINAUSDT,2023-05-29,2023-06-03,0.015017505,0.017322334500000005,STOP,6256.900000000001,6256.900000000001,0.22245169886742167,5,26.705681300000013,0.10726223322967501,0.10726890965000002,-15.140133081804292,41.63128323892463,2
KAVAUSDT,2023-05-26,2023-06-04,1.09464705,1.00379785,TARGET_ZERO,88.10000000000001,88.10000000000001,0.3017138939670932,9,-7.911380000000009,0.09243649784500002,0.09243452000000002,-0.48222764505980004,-7.614023372785208,0
RNDRUSDT,2023-06-03,2023-06-05,2.5708847999999995,2.65537165,TARGET_ZERO,26.8007401479676,26.8007401479676,0.3040341727318725,2,2.3343444668879765,0.0700337705315448,0.07003435411766154,0.026124110330485752,2.168152231908284,0
LTCUSDT,2023-06-04,2023-06-05,96.078015,84.19824686336783,STOP,1.766,1.766,0.12320870651947512,1,-20.82049179519003,0.1591839392253538,0.159178734102405,0.08379846600000002,-21.22265293451779,0
TOMOUSDT,2023-05-14,2023-06-05,0.94317135,1.0978458025,STOP,86.67107291122724,86.67107291122724,0.3557706587461547,22,29.886906075420338,0.09664080174460525,0.09664827347112409,0.033516344710578405,29.66010065549403,1
ARPAUSDT,2023-05-29,2023-06-06,0.07967982,0.052593690000000005,TARGET_ZERO,918.0,918.0,0.4,8,-24.80436,0.06071354109,0.060707340000000005,0.13864542993180004,-25.064426311021798,0
KAVAUSDT,2023-06-06,2023-06-08,1.0141068,0.99240355,TARGET_ZERO,73.0,73.0,0.28062654168722245,2,-1.5111000000000037,0.07323762777500001,0.07323725,-0.366998960606,-1.2905759171690037,0
INJUSDT,2023-05-30,2023-06-10,7.407702,6.15482105,STOP,11.600000000000001,11.600000000000001,0.2417668512765095,11,-12.690520000000005,0.07954431263000002,0.07954114000000001,-0.449430707104,-12.400174745526005,1
LINAUSDT,2023-06-04,2023-06-10,0.017518755,0.010505997373500001,STOP,3578.3,3578.3,0.4,6,-25.04361639010001,0.05014048570904753,0.05013422480495001,0.09411686168280001,-25.238007962296805,0
LTCUSDT,2023-06-06,2023-06-10,87.70383,78.44026025000001,STOP,1.347,1.347,0.14074264202600958,4,-12.366133499999993,0.111898044783375,0.11189495325,0.12987260092560002,-12.719799098958967,0
XRPUSDT,2023-06-05,2023-06-10,0.53556765,0.4725815983282354,STOP,332.90000000000003,332.90000000000003,0.11716473664549872,5,-20.800255359210052,0.16780644238423478,0.167801242320395,0.1915455013816,-21.327408545296283,0
KAVAUSDT,2023-06-11,2023-06-14,0.8028012,0.80609675,TARGET_ZERO,38.6,38.6,0.4,3,0.15825999999999962,0.031051730435,0.03105177,-0.08817734325660001,0.18433384282159962,0
INJUSDT,2023-06-14,2023-06-18,6.024010499999999,6.300848,TARGET_ZERO,2.1,2.1,0.3203322259136214,4,0.5943000000000007,0.012941101425,0.012941250000000001,-0.044996440776,0.6134140893510006,0
RNDRUSDT,2023-06-11,2023-06-21,1.8987488999999997,2.07606145,TARGET_ZERO,10.900383070393849,10.900383070393849,0.4,10,1.9544386845216195,0.021663477723583124,0.021663966333254257,-0.18906481469341035,2.1001760551581925,0
XRPUSDT,2023-06-11,2023-06-28,0.5067532499999999,0.4426535625000001,STOP,262.3,262.3,0.15565646594274438,17,-11.892552499999976,0.126911646888125,0.12690867375,-0.0412242194869,-12.105148601151202,1
ARPAUSDT,2023-06-08,2023-06-29,0.049814895,0.054322825000000005,TARGET_ZERO,834.0,961.0,0.4,21,3.712990000000001,0.0628203267525,0.062821255,0.0508895232832,3.536458894964301,2
RNDRUSDT,2023-06-29,2023-06-30,1.9171580999999998,1.9738126000000003,TARGET_ZERO,14.955696396079325,14.955696396079325,0.2892549694787916,1,0.8764038088102516,0.029096088237620128,0.029096307338572328,-0.01483180271917217,0.8330432159532313,0
TOMOUSDT,2023-06-06,2023-06-30,1.24092015,0.9534630300000001,STOP,50.25011916504157,50.25011916504157,0.4,24,-9.684073245546188,0.07004999431294989,0.07004757329463851,-0.3962921131622639,-9.427878699991512,4
SOLUSDT,2023-06-30,2023-07-01,17.996993999999997,18.848571000000003,TARGET_ZERO,2.1,2.1,0.2188375583722481,1,1.8270000000000022,0.038687843250000006,0.0386883,0.01151514,1.7381087167500022,0
LINAUSDT,2023-06-11,2023-07-07,0.009994995,0.012713640000000002,TARGET_ZERO,4137.3,4137.3,0.4,26,15.801792000000011,0.06353385055200002,0.063537801,-1.6962345155388,17.37095486398681,2
LTCUSDT,2023-07-01,2023-07-07,108.704325,94.4877325,STOP,1.718,1.718,0.1553285477636665,6,-20.164845000000014,0.17658331871125,0.17657827750000002,0.32465993546930005,-20.84266653168056,1
MTLUSDT,2023-06-19,2023-07-08,1.2418206,1.36801565,TARGET_ZERO,41.0,55.0,0.4,19,6.2271,0.072163393225,0.07216495,-0.1384483050070001,6.221219961782,1
ETHUSDT,2023-07-01,2023-07-12,1934.38671,1876.7211700000003,TARGET_ZERO,0.079,0.079,0.10830604993250265,11,-3.857299999999999,0.15081249432500002,0.15081153000000003,0.32531962032879996,-4.4842436446538,1
ETCUSDT,2023-07-08,2023-07-13,19.216603499999998,18.7536185,TARGET_ZERO,3.8000000000000003,3.8000000000000003,0.22634333020930963,5,-1.687199999999997,0.0721434218,0.07214300000000001,0.05842277251600001,-1.8899091943159971,0
INJUSDT,2023-06-29,2023-07-14,7.397697,8.7566195,TARGET_ZERO,6.5,11.100000000000001,0.25844717976464227,15,9.917699999999998,0.08990937057500001,0.08991185000000002,-0.6653530581030002,10.403231837527997,2
XRPUSDT,2023-07-14,2023-07-14,0.8158076999999999,0.6893548276612501,STOP,230.20000000000002,230.20000000000002,0.15458057395143482,0,-28.936214239499993,0.17324420693380987,0.17323697288025003,0.070267396698,-29.352962816012052,0
BCHUSDT,2023-07-07,2023-07-15,274.70728499999996,263.778045,TARGET_ZERO,0.277,0.277,0.32509742506464656,8,-2.952819999999991,0.07458021820500002,0.07457948,-0.5387449739526,-2.563234724252391,0
LTCUSDT,2023-07-08,2023-07-16,98.20907999999999,94.682635,TARGET_ZERO,1.12,1.12,0.22558838512480897,8,-3.8415999999999926,0.10801936040000001,0.10801840000000001,0.135869542704,-4.193507303103993,0
BTCUSDT,2023-06-21,2023-07-19,28304.84535,29830.77715,TARGET_ZERO,0.004,0.011,0.10203495153867366,28,-4.452899999999987,0.39083946322500007,0.39083835,1.3831352597819995,-6.617713073006987,4
INJUSDT,2023-07-15,2023-07-21,9.441718499999999,9.286354500000002,TARGET_ZERO,14.8,14.8,0.20641093567871147,6,-2.1607999999999854,0.13858774020000003,0.13858720000000002,-0.16688814938799998,-2.2710867908119856,0
ARBUSDT,2023-07-21,2023-07-22,1.2615304499999997,1.23208365,TARGET_ZERO,96.0,96.0,0.17085580583756338,1,-2.7072000000000003,0.1196934768,0.11969279999999999,0.019341857088,-2.9659281338880006,0
ETHUSDT,2023-07-16,2023-07-23,1931.3652,1864.6672,TARGET_ZERO,0.106,0.106,0.10093374430169916,7,-6.868800000000019,0.2011897172,0.20118799999999998,0.20779759516840002,-7.478975312368419,0
INJUSDT,2023-07-22,2023-07-25,8.992493999999999,8.1449255,TARGET_ZERO,15.4,15.4,0.2078271028037383,3,-12.920600000000006,0.13195813015,0.13195489999999999,-0.330240641654,-12.854272388496007,0
LTCUSDT,2023-07-23,2023-07-25,92.096025,89.045455,TARGET_ZERO,0.999,0.999,0.17942965779467684,2,-2.957039999999994,0.09048016925999999,0.09047943,0.0341262211185,-3.172125820378494,0
LINKUSDT,2023-07-19,2023-07-26,6.915456,7.3833065,TARGET_ZERO,17.96,17.96,0.16621328317175516,7,8.530999999999995,0.12840288725,0.12840502,0.26424949855,8.009942594199995,0
INJUSDT,2023-07-26,2023-07-28,7.9889925,7.9790085,TARGET_ZERO,11.4,11.4,0.22603331663326648,2,-0.022800000000007647,0.0910176057,0.0910176,-0.08978429453400001,-0.11505091116600764,0
XRPUSDT,2023-07-15,2023-08-02,0.7181588999999999,0.7062467,TARGET_ZERO,196.5,196.5,0.20486275602619478,18,2.0799700000000065,0.14208716500750002,0.14208768500000002,0.45393095855100013,1.3418641914415064,4
COMPUSDT,2023-07-13,2023-08-03,70.865415,61.44926,TARGET_ZERO,1.1300000000000001,1.1300000000000001,0.36135112240576023,21,-10.565500000000004,0.07475779137500001,0.07475515,-5.843026024039,-4.871986917336002,0
DOGEUSDT,2023-07-25,2023-08-03,0.07420708499999999,0.07414291,TARGET_ZERO,1605.0,1605.0,0.17283268167722796,9,0.016049999999991904,0.1190508709875,0.119050875,0.24225076487999997,-0.46430251086750807,0
XRPUSDT,2023-08-03,2023-08-06,0.68484225,0.6282857000000001,TARGET_ZERO,101.60000000000001,101.60000000000001,0.23672217353198946,3,-5.679439999999994,0.06670689986,0.06670548000000001,0.0579661532064,-5.8708185330663945,0
TOMOUSDT,2023-08-03,2023-08-09,1.36718325,1.3439277,TARGET_ZERO,57.480188554351535,57.480188554351535,0.2621953896816685,6,-1.2588161293403026,0.07791758429888357,0.07791726959485124,0.1287082855871069,-1.5433592688211442,0
OPUSDT,2023-08-02,2023-08-10,1.6498245,1.54952485,TARGET_ZERO,53.800000000000004,53.800000000000004,0.23248135346552656,8,-5.310060000000001,0.086062497515,0.08606117000000002,0.14586284761480003,-5.6280465151298005,0
TOMOUSDT,2023-08-10,2023-08-13,1.4087039999999997,1.49375275,TARGET_ZERO,42.584032892965745,42.584032892965745,0.2743465909090909,3,3.6835188452415384,0.061799156856205226,0.06180007773591653,0.03989967522018914,3.5200199354292274,0
DOGEUSDT,2023-08-13,2023-08-14,0.07669833,0.07469263500000001,TARGET_ZERO,1394.0,1394.0,0.15408895265423236,1,-2.690420000000002,0.105519502605,0.10551883000000001,0.03179017,-2.9332485026050015,0
XLMUSDT,2023-07-28,2023-08-15,0.15926959499999999,0.135922005,TARGET_ZERO,466.0,627.0,0.33324120603015095,18,-11.4069,0.090972031725,0.09096918000000001,-0.052459339702399924,-11.5363818720226,1
XRPUSDT,2023-08-15,2023-08-16,0.6341169,0.609695,TARGET_ZERO,146.0,146.0,0.13329389493610982,1,-3.4748000000000063,0.09079826869999999,0.0907974,0.014048616400000002,-3.6704442851000065,0
XLMUSDT,2023-08-16,2023-08-17,0.13021507499999999,0.12652670500000002,TARGET_ZERO,555.0,555.0,0.17039797172710502,1,-1.975799999999989,0.07124584395,0.07124535000000001,-0.014905775303999998,-2.103385418645989,0
1000SHIBUSDT,2023-08-09,2023-08-17,0.0095257605,0.008710792424999999,STOP,12394.0,12394.0,0.17437499999999992,8,-8.196198850000016,0.11390722362471249,0.11390517457499999,-0.21905629501215998,-8.204954953187569,1
MKRUSDT,2023-07-25,2023-08-17,1068.7341,1025.2721075000004,STOP,0.101,0.101,0.2650734949911057,23,2.975175000000008,0.10937504370625001,0.10937578750000002,0.7278346953880002,2.028589473405758,2
SOLUSDT,2023-07-12,2023-08-17,22.060024499999997,21.6457717,STOP,4.8,7.01,0.1950544217687074,36,-4.6566620000000025,0.2089242331655,0.208923069,0.8370693692555996,-5.911578671421102,6
STMXUSDT,2023-08-06,2023-08-17,0.006853425,0.004603197250000001,STOP,9016.0,9016.0,0.4,11,-20.236412,0.051646453103000006,0.051641394,-1.7377937120039995,-18.601906135099004,0
XRPUSDT,2023-08-17,2023-08-17,0.58899435,0.49763487559125,STOP,89.9,89.9,0.1546882962459657,0,-8.16437480675,0.04884398369032669,0.048841942596625006,0.010584826000000002,-8.272645559036953,0
STMXUSDT,2023-08-18,2023-08-24,0.004872435,0.0053573200000000005,TARGET_ZERO,6292.0,6292.0,0.4,6,3.0830799999999994,0.03218280923,0.03218358,-0.27362804068600005,3.2923416514559993,0
TOMOUSDT,2023-08-14,2023-08-24,1.5066529499999999,1.19864038,STOP,68.56761832854656,68.56761832854656,0.2391692675476459,10,-16.824188321176088,0.09484808832745052,0.09484388228037022,0.19164776508904002,-17.205528056872947,1
XLMUSDT,2023-08-24,2023-08-25,0.127453695,0.12369812000000001,TARGET_ZERO,347.0,347.0,0.18447951012717845,1,-1.2596100000000028,0.0435748399025,0.043574525,-0.0018694959855000003,-1.3448898689170028,0
TOMOUSDT,2023-08-25,2023-08-27,1.1157576,0.98600675,TARGET_ZERO,20.016636719241195,20.016636719241195,0.36553084648493545,2,-2.5761411457663406,0.021035126731701055,0.021034482696414607,-0.14343098444620192,-2.4747797707482544,0
SOLUSDT,2023-08-18,2023-08-28,21.674832,20.767611,TARGET_ZERO,2.06,2.06,0.1826923964729236,10,-2.340260000000005,0.043458295065000006,0.04345771000000001,-0.0799164454264,-2.3472595596386054,1
MKRUSDT,2023-08-18,2023-08-29,1087.9437,1027.8858000000002,TARGET_ZERO,0.049,0.049,0.22668965517241377,11,-2.891,0.05183782275000001,0.05183710000000001,0.132459340748,-3.127134263498,0
BCHUSDT,2023-08-28,2023-08-30,197.708805,224.76756,TARGET_ZERO,0.22,0.22,0.18729315318050707,2,5.999399999999996,0.04647240015,0.0464739,-0.084338710764,5.990792410613997,0
BTCUSDT,2023-08-30,2023-09-01,27713.950049999996,25915.036,TARGET_ZERO,0.003,0.003,0.08438200584113413,2,-5.316299999999996,0.080443479075,0.08044215,0.024681954321000003,-5.501867583395995,0
1000SHIBUSDT,2023-08-18,2023-09-02,0.008118057,0.0078850555,TARGET_ZERO,4772.0,4772.0,0.3165064695009241,15,-0.9525019999999967,0.0382439951255,0.038243757,-0.27943669277312,-0.7495530593523767,1
XRPUSDT,2023-08-18,2023-09-03,0.50595285,0.49825075,TARGET_ZERO,70.10000000000001,118.70000000000002,0.2302649792367016,16,-2.0176900000000004,0.06065606942250001,0.06065556500000001,0.013333610040800005,-2.1523352444633,3
BCHUSDT,2023-09-02,2023-09-05,199.59975,193.593155,TARGET_ZERO,0.177,0.177,0.23022206626898595,3,-1.0283700000000002,0.0347975720925,0.034797314999999995,-0.0573748995042,-1.0405899875883002,0
MKRUSDT,2023-09-01,2023-09-05,1154.7771,1116.8413,TARGET_ZERO,0.053,0.053,0.19766938138970713,4,-1.950399999999998,0.0601978876,0.0601974,0.048123732668,-2.1189190202679975,0
XRPUSDT,2023-09-05,2023-09-07,0.5086542,0.50284845,TARGET_ZERO,40.800000000000004,40.800000000000004,0.19727523116269927,2,-0.21623999999999885,0.02063465406,0.020634600000000003,0.006139421860800001,-0.2636486759207989,0
MKRUSDT,2023-09-07,2023-09-09,1137.3683999999998,1136.73135,TARGET_ZERO,0.059000000000000004,0.059000000000000004,0.1826442646023927,2,0.029500000000000026,0.067085942625,0.06708595,0.018448350040999997,-0.12312024266599998,0
UNFIUSDT,2023-09-03,2023-09-10,7.491744,7.735730199999999,STOP,11.700000000000001,11.700000000000001,0.3254373080518093,7,10.613079999999982,0.09291348673,0.09291614000000001,-13.838197915113003,24.265448288382984,2
LINKUSDT,2023-09-09,2023-09-11,6.2781375,6.007994500000001,TARGET_ZERO,10.97,10.97,0.11899601593625496,2,-2.8960800000000027,0.06738943402,0.06738871000000002,0.019511051122000002,-3.0503691951420024,0
TOMOUSDT,2023-09-05,2023-09-12,1.2243118499999999,1.2117938,TARGET_ZERO,18.88061237106847,18.88061237106847,0.3543961431606472,7,-0.21335091979307524,0.022997583236309897,0.02299752989857995,0.028407627976603567,-0.28775366090456866,0
XRPUSDT,2023-09-12,2023-09-13,0.47413694999999995,0.47976,TARGET_ZERO,73.9,73.9,0.11674050632911392,1,0.4507899999999996,0.0352464923025,0.035246605,-0.0083686386338,0.3886655413312996,0
SOLUSDT,2023-09-11,2023-09-14,18.22911,18.380805000000002,TARGET_ZERO,1.24,1.24,0.1811954552939238,3,0.2108000000000021,0.0226981473,0.022698199999999998,-0.0225159889688,0.1879196416688021,0
TRBUSDT,2023-09-14,2023-09-17,29.690837999999996,29.784350375000002,STOP,3.1,3.1,0.3113604204568426,3,7.4067249999999945,0.09569711081875,0.0956989625,-22.569775989593,29.785104916274246,1
BCHUSDT,2023-09-13,2023-09-19,198.38914499999998,216.93148,TARGET_ZERO,0.231,0.231,0.17838267184426856,6,4.33125,0.0479695321875,0.047970615,-0.14622196421910003,4.3815318170315996,0
LPTUSDT,2023-08-25,2023-09-19,6.809403,5.761118000000001,TARGET_ZERO,7.4,9.9,0.4,25,-9.998399999999997,0.06334019960000001,0.06333770000000001,-9.762370538703001,-0.3627073608969962,3
SOLUSDT,2023-09-19,2023-09-20,19.6368135,20.007991,TARGET_ZERO,2.7,2.7,0.15576981862645192,1,1.055700000000005,0.053520486075000005,0.053520750000000006,-0.008229209175000002,0.956887973100005,0
BCHUSDT,2023-09-20,2023-09-21,218.72931,215.23233000000002,TARGET_ZERO,0.358,0.358,0.15905036366131464,1,-1.1742400000000004,0.07767913356,0.07767884,-0.026695676438799998,-1.3029022971212003,0
LINKUSDT,2023-09-19,2023-09-21,6.563279999999999,6.8995485,TARGET_ZERO,15.75,15.75,0.11995426829268298,2,5.40225,0.10601977443749999,0.106021125,0.028296260685000005,5.161912839877501,0
XRPUSDT,2023-09-21,2023-09-24,0.5212605,0.50704635,TARGET_ZERO,263.3,263.3,0.09070838932616625,3,-3.607210000000012,0.1353765968025,0.13537569500000002,0.0929464942815,-3.9709087860840118,0
SOLUSDT,2023-09-21,2023-09-25,20.2871385,19.340325000000004,TARGET_ZERO,4.38,4.38,0.13979928987079593,4,-4.060259999999998,0.08678414506500001,0.08678313,0.042439383222,-4.276266658286997,0
RUNEUSDT,2023-08-28,2023-09-27,1.4667329999999998,1.7441275000000003,TARGET_ZERO,37.0,93.0,0.3673260572987721,30,17.035000000000018,0.15376324125000002,0.1537675,-0.9777942797800008,17.705263538530016,2
CRVUSDT,2023-09-27,2023-09-28,0.522261,0.515742,TARGET_ZERO,147.5,147.5,0.1611854684512429,1,-0.8850000000000009,0.07655272125,0.0765525,0.00233915235,-1.0404443736000009,0
UNFIUSDT,2023-09-11,2023-09-28,7.867932,7.148424,TARGET_ZERO,7.800000000000001,7.800000000000001,0.4,17,-4.6404999999999985,0.05902011012500001,0.05901895,-0.5028040625969998,-4.255734997527998,1
BLZUSDT,2023-08-29,2023-09-28,0.10806400499999999,0.14942574975,STOP,566.0,566.0,0.4,30,28.183132500000003,0.075218180466875,0.07522522625,-37.726718982688595,65.75940807597172,1
LINKUSDT,2023-09-25,2023-09-30,6.971483999999999,7.9370295,TARGET_ZERO,13.77,13.77,0.1292509685751184,5,13.398209999999999,0.10264511544749999,0.102648465,0.07864769649600001,13.1142687230565,0
STMXUSDT,2023-09-30,2023-10-01,0.006903449999999999,0.006646675,TARGET_ZERO,7868.0,7868.0,0.3828260869565217,1,-1.9670000000000019,0.053306191749999995,0.0533057,0.0018467454880000005,-2.0754586372380017,0
LINKUSDT,2023-10-01,2023-10-02,8.188092,8.0449755,TARGET_ZERO,18.79,18.79,0.13506414172266337,1,-2.536649999999996,0.1525096691625,0.152509035,0.0211875123048,-2.862856216467296,0
BCHUSDT,2023-09-28,2023-10-04,229.34461499999998,230.14487,TARGET_ZERO,0.47700000000000004,0.47700000000000004,0.15190411795498163,6,0.49131000000000075,0.1095882421725,0.10958836500000001,-0.18263926906379999,0.4547726618913007,0
BLZUSDT,2023-09-29,2023-10-04,0.152566245,0.14264864000000002,TARGET_ZERO,340.0,340.0,0.4,5,-3.3217999999999908,0.05018653045,0.0501857,-0.14068272667,-3.2814895037799907,0
ETHUSDT,2023-10-04,2023-10-05,1657.018095,1644.93712,TARGET_ZERO,0.11900000000000001,0.11900000000000001,0.08360866572474013,1,-1.2411700000000077,0.19646633529250002,0.19646602500000004,0.010658434967600001,-1.6447607952601078,0
PERPUSDT,2023-09-24,2023-10-05,0.6107052000000001,0.56661655,TARGET_ZERO,101.60000000000001,205.10000000000002,0.4,11,-11.862950000000017,0.12220563073750002,0.12220266500000002,0.23513583984740002,-12.342494135584918,2
BCHUSDT,2023-10-05,2023-10-07,233.01645,230.54467,TARGET_ZERO,0.441,0.441,0.1612773722627737,2,-0.9878400000000039,0.10221522695999999,0.10221498000000001,-0.0313063171974,-1.160963889762604,0
XRPUSDT,2023-10-05,2023-10-07,0.53256615,0.52483745,TARGET_ZERO,296.8,296.8,0.1049126432462896,2,-2.1369599999999953,0.15691869424,0.15691816,0.054396914852,-2.505193769091995,0
MKRUSDT,2023-10-07,2023-10-08,1441.7205,1404.59735,TARGET_ZERO,0.1,0.1,0.17144344205412906,1,-3.5700000000000047,0.14231589249999999,0.14231500000000002,0.031419932000000005,-3.8860508245000047,0
XRPUSDT,2023-10-08,2023-10-09,0.52156065,0.51684145,TARGET_ZERO,298.40000000000003,298.40000000000003,0.10662893323100527,1,-1.2532799999999946,0.15492959332000003,0.15492928,0.0298256368144,-1.5929645101343948,0
RUNEUSDT,2023-10-07,2023-10-10,1.7618804999999997,1.6151920000000002,TARGET_ZERO,52.0,52.0,0.2685017026106697,3,-7.539999999999989,0.087803885,0.08780199999999999,-0.06187247871999998,-7.653733406279989,0
LINKUSDT,2023-10-10,2023-10-11,7.2776369999999995,7.254371000000001,TARGET_ZERO,9.61,9.61,0.17752955732746764,1,-0.15376000000000015,0.06982629844,0.06982626,0.0159393166736,-0.3093518751136001,0
BTCUSDT,2023-10-04,2023-10-12,27425.706,26851.067750000002,TARGET_ZERO,0.008,0.008,0.07176218444476873,8,-4.38,0.217107095,0.217106,0.137301858616,-4.951514953616001,0
SOLUSDT,2023-10-02,2023-10-12,23.8849365,20.9031447742125,STOP,7.0,7.0,0.12440204415029531,10,-16.88616628275002,0.15867213840019567,0.15866791685862502,-0.3427499323490001,-16.86075640565984,2
MKRUSDT,2023-10-09,2023-10-13,1403.5013999999999,1360.3195,TARGET_ZERO,0.083,0.083,0.1761636609879535,4,-3.4693999999999963,0.11469856735,0.11469770000000001,0.07821521483800001,-3.777011482187996,0
LEVERUSDT,2023-10-13,2023-10-14,0.0014147069999999999,0.001387306,TARGET_ZERO,21876.0,21876.0,0.4,1,-0.5687759999999996,0.030648418194,0.030648276,0.004433165712240001,-0.6345058599062395,0
RUNEUSDT,2023-10-12,2023-10-17,1.6328159999999998,1.635182,TARGET_ZERO,27.0,27.0,0.2734375,5,0.1080000000000001,0.044117973,0.044118,-0.025431535979999996,0.04519556298000009,0
STORJUSDT,2023-09-28,2023-10-17,0.40030004999999996,0.3739079525,STOP,119.0,206.0,0.34648837790552356,19,-13.069510000000003,0.0858419123775,0.08583864499999999,-0.911378576073,-12.329811981304504,2
STORJUSDT,2023-10-18,2023-10-19,0.38209095,0.35402290000000003,TARGET_ZERO,117.0,117.0,0.3671031953902567,1,-3.2409000000000003,0.04306266022500001,0.043061850000000006,0.013080600000000001,-3.340105110225,0
MKRUSDT,2023-10-14,2023-10-22,1431.1152,1424.0876,TARGET_ZERO,0.063,0.063,0.18193988116043341,8,-0.352800000000009,0.08993888820000001,0.08993880000000001,0.118308778749,-0.6509864669490091,0
BCHUSDT,2023-10-11,2023-10-23,212.24606999999997,243.13837,TARGET_ZERO,0.354,0.474,0.1650678797020835,12,12.950880000000003,0.10882656227999998,0.10882979999999999,-0.29920611324959995,13.032429750969603,1
MATICUSDT,2023-10-23,2023-10-24,0.60920445,0.6366815,TARGET_ZERO,263.551599364698,263.551599364698,0.12970443349753696,1,7.405799942148017,0.16417761737425307,0.16417946882423862,0.04888355065016419,7.028559305299361,0
LQTYUSDT,2023-10-19,2023-10-25,1.4823408,1.6336827500000002,TARGET_ZERO,59.300000000000004,59.300000000000004,0.32867170626349895,6,9.066970000000001,0.09239009825750003,0.092392365,0.1413548970068,8.740832639735702,0
MKRUSDT,2023-10-25,2023-10-27,1503.0511499999998,1417.7907500000001,TARGET_ZERO,0.135,0.135,0.14393929308393796,2,-11.312999999999994,0.19715682825000003,0.19715400000000002,0.14261446791000001,-11.849925296159993,0
BCHUSDT,2023-10-24,2023-10-28,261.90088499999996,239.04042,TARGET_ZERO,0.787,0.787,0.14257964703185882,4,-17.794069999999987,0.1971204035175,0.197115955,0.055844492178000006,-18.244150850695487,0
RUNEUSDT,2023-10-27,2023-10-31,2.3741865,2.7476255000000003,TARGET_ZERO,74.0,74.0,0.16687026116259482,4,27.82399999999999,0.189507044,0.18951400000000002,0.218522,27.226456955999993,0
LQTYUSDT,2023-10-28,2023-11-01,1.7330660999999998,1.6432779499999999,TARGET_ZERO,43.7,43.7,0.3890890197436787,4,-3.849970000000003,0.0737731174925,0.073772155,0.10789773015700002,-4.105413002649502,0
XRPUSDT,2023-10-31,2023-11-06,0.5788892999999999,0.6606695,TARGET_ZERO,363.70000000000005,363.70000000000005,0.12060145178015898,6,29.968880000000013,0.22541376778000002,0.22542126000000007,0.5128927485264001,29.00515222369361,0
ETHUSDT,2023-11-06,2023-11-07,1893.4362449999999,1900.76914,TARGET_ZERO,0.177,0.177,0.1042245929965284,1,1.6337100000000033,0.3357871765725,0.335787585,0.10065459000000002,0.8614806484275033,0
RUNEUSDT,2023-11-01,2023-11-08,2.935467,3.3853065,TARGET_ZERO,61.0,81.0,0.16538854805725972,7,22.228999999999992,0.24928294275000001,0.24928850000000002,0.44220795701000004,21.288220600239992,2
TRBUSDT,2023-09-18,2023-11-09,26.134060499999997,95.39882672499999,STOP,2.3000000000000003,2.3000000000000003,0.4,52,122.95243999999997,0.12152378189000003,0.12155452000000003,-55.85156717673802,178.56092887484797,4
XRPUSDT,2023-11-07,2023-11-09,0.71565765,0.6156248460937501,STOP,400.5,400.5,0.139347127079547,2,-39.79655859374998,0.26658931984277345,0.26657937070312504,0.3824760381750001,-40.71220332247088,0
INJUSDT,2023-11-08,2023-11-10,16.963477499999996,16.4107905,TARGET_ZERO,9.9,9.9,0.23677598206912814,2,-5.306399999999979,0.16520262659999999,0.1652013,0.12290864166900001,-5.759712568268979,0
XRPUSDT,2023-11-10,2023-11-11,0.66743355,0.6595700500000001,TARGET_ZERO,336.3,336.3,0.1774587706146926,1,-2.4213599999999946,0.22313565534000004,0.22313505,0.1918522060776,-3.0594829114175948,0
INJUSDT,2023-11-11,2023-11-12,18.0480195,17.7081415,TARGET_ZERO,8.0,8.0,0.27391629711751664,1,-2.576000000000022,0.14302464399999998,0.143024,0.1250042724,-2.987052916400022,0
LINKUSDT,2023-10-22,2023-11-14,8.915455499999998,14.363814500000002,TARGET_ZERO,22.68,22.68,0.14385521885521887,23,92.47285000000002,0.2483147867875,0.24833790499999997,1.7256821837379,90.25051512447462,3
APTUSDT,2023-11-14,2023-11-15,7.322659499999999,7.1194385,TARGET_ZERO,20.0,20.0,0.2713397978694346,1,-3.9199999999999946,0.14442097999999998,0.14442,-0.026702253999999998,-4.1821387259999945,0
ETHUSDT,2023-11-10,2023-11-16,2123.98146,2058.2703500000002,TARGET_ZERO,0.17500000000000002,0.17500000000000002,0.10687425809733764,6,-11.13349999999998,0.3659470333750001,0.3659442500000001,1.15511947418,-13.02051075755498,0
MATICUSDT,2023-11-10,2023-11-18,0.8555275499999999,0.8301847,TARGET_ZERO,293.55227649781557,293.55227649781557,0.15863157894736846,8,-1.9855225623726092,0.25002428673273636,0.25002379035209576,1.2590525944983793,-3.7446232339558208,1
OPUSDT,2023-11-16,2023-11-18,1.8635313,1.7095448,TARGET_ZERO,105.5,105.5,0.2047489932885906,2,-16.057100000000013,0.18847976427500002,0.18847575,0.20727871780649998,-16.641334232081512,0
ETHUSDT,2023-11-18,2023-11-20,1962.190605,2011.4437750000002,TARGET_ZERO,0.14,0.14,0.12709857689895523,2,7.173600000000002,0.2781544066,0.2781562000000001,0.16554216000000002,6.451747233400003,0
RUNEUSDT,2023-11-20,2023-11-21,5.562779999999999,5.2623675,TARGET_ZERO,23.0,23.0,0.3120615218564491,1,-6.784999999999998,0.12448919624999999,0.1244875,0.037685500000000004,-7.071662196249998,0
DOGEUSDT,2023-11-18,2023-11-22,0.08649322499999999,0.07172412,TARGET_ZERO,2560.0,2560.0,0.1851185656448815,4,-37.60639999999999,0.2025182016,0.2025088,0.270834864128,-38.28226186572798,0
DOTUSDT,2023-11-15,2023-11-22,5.2026,4.851573,TARGET_ZERO,38.300000000000004,38.300000000000004,0.20945192307692304,7,-13.251800000000005,0.19253741295000004,0.19253410000000004,0.43264476793200013,-14.069516280882004,0
ETHUSDT,2023-11-21,2023-11-22,2023.4212049999999,1932.4732800000002,TARGET_ZERO,0.138,0.138,0.1284205477623232,1,-12.277860000000004,0.272956719465,0.27295365000000005,0.08249998800000002,-12.906270357465004,0
RUNEUSDT,2023-11-22,2023-11-23,4.886442,5.785106000000001,TARGET_ZERO,21.0,21.0,0.3720675537359263,1,18.983999999999998,0.11205125400000002,0.112056,0.032667600000000005,18.727225146,0
DYDXUSDT,2023-11-22,2023-11-24,3.0225104999999997,3.3053465,TARGET_ZERO,32.800000000000004,32.800000000000004,0.4,2,9.3808,0.10377685480000001,0.10377920000000002,0.06457336000000001,9.1086705852,0
WLDUSDT,2023-11-22,2023-11-25,2.2385186999999998,2.47786045,TARGET_ZERO,46.0,46.0,0.3807867679928475,3,11.118199999999991,0.10847672045000001,0.1084795,0.09951272000000001,10.801731059549992,0
DYDXUSDT,2023-11-25,2023-11-26,3.5957969999999997,3.4992495,TARGET_ZERO,27.5,27.5,0.3924040066777963,1,-2.557499999999999,0.097556889375,0.09755625,0.02939475,-2.7820078893749987,0
ETHUSDT,2023-11-23,2023-11-28,2064.95196,2026.556215,TARGET_ZERO,0.145,0.145,0.13311263572539506,5,-5.270750000000019,0.2966343426875,0.296633025,0.44981058999999995,-6.313827957687519,0
DYDXUSDT,2023-11-28,2023-11-29,3.2226105,3.2073955,TARGET_ZERO,30.900000000000002,30.900000000000002,0.4,1,-0.37080000000000035,0.09934359270000001,0.0993435,0.029821590000000002,-0.5993086827000004,0
ADAUSDT,2023-11-24,2023-12-02,0.3875937,0.38430775,TARGET_ZERO,538.0,538.0,0.21694630872483223,8,-1.560200000000008,0.20764149005,0.20764110000000002,0.49637493999999993,-2.471857530050008,0
GALAUSDT,2023-11-26,2023-12-02,0.02637318,0.02602698,TARGET_ZERO,4424.0,4424.0,0.33317526555386945,6,-1.4156800000000034,0.11590915392000001,0.1159088,0.2583748967744,-1.9058728506944032,0
LINKUSDT,2023-12-02,2023-12-03,14.997494999999999,15.990001,TARGET_ZERO,10.07,10.07,0.23226936161697018,1,10.15055999999999,0.15602204236,0.15602458000000002,0.046299846,9.79221353163999,0
RUNEUSDT,2023-11-29,2023-12-05,5.999998499999999,6.707644500000001,TARGET_ZERO,21.0,21.0,0.3450650216738913,6,14.994000000000003,0.13343025149999999,0.133434,0.36454311537000006,14.362592633130003,0
ADAUSDT,2023-12-03,2023-12-06,0.39829905,0.42598690000000006,TARGET_ZERO,587.0,587.0,0.17169763937719734,3,16.49470000000001,0.24192792632500001,0.24193205,0.39992132549899995,15.61091869817601,0
RUNEUSDT,2023-12-06,2023-12-07,6.565281,6.354821,TARGET_ZERO,21.0,21.0,0.2840192043895748,1,-4.284000000000013,0.13566107100000002,0.13566,0.045178549920000005,-4.600499620920013,0
ADAUSDT,2023-12-07,2023-12-09,0.44352165,0.54582695,TARGET_ZERO,646.0,646.0,0.14096548612677648,2,66.40880000000001,0.3195595978,0.3195762,0.296039492328,65.47362470987201,0
LINKUSDT,2023-12-09,2023-12-11,16.952471999999997,13.788032811474263,STOP,12.98,12.98,0.18625848332841544,2,-40.874925009568855,0.19950587622646798,0.19949565749521558,0.43913148542339997,-41.71305802871394,0
BTCUSDT,2023-10-17,2023-12-12,28500.543149999998,41250.46445,TARGET_ZERO,0.006,0.011,0.08819660678993059,56,111.8446999999999,0.398031788825,0.39805975,6.285601690455003,104.7630067707199,2
DOGEUSDT,2023-12-05,2023-12-12,0.09202599,0.094082935,TARGET_ZERO,2817.0,2817.0,0.15536588017831898,7,6.056549999999998,0.26213442086250005,0.262135935,1.3366993541075998,4.195580290029898,0
ETHUSDT,2023-12-02,2023-12-12,2088.0334949999997,2224.437225,TARGET_ZERO,0.163,0.163,0.11974973526466347,10,22.585280000000058,0.35146636368,0.35147201,1.5403042398527,20.34203738646736,0
DOTUSDT,2023-12-12,2023-12-14,6.710353499999999,7.603196500000001,TARGET_ZERO,34.5,34.5,0.1755813953488372,2,31.05000000000001,0.24690873749999998,0.24691650000000004,0.1463697,30.40980506250001,0
GALAUSDT,2023-12-12,2023-12-16,0.030685334999999998,0.029575205000000004,TARGET_ZERO,5328.0,5328.0,0.24903814802738838,4,-5.754239999999987,0.16053407856000002,0.16053264,0.7320855981168,-6.807392316676786,0
MATICUSDT,2023-12-12,2023-12-16,0.8428211999999999,0.83808075,TARGET_ZERO,282.8788095087352,282.8788095087352,0.1707799145299145,4,-1.1032273570840712,0.23774577125845575,0.2377454954516165,0.5053671611237347,-2.084085784917878,0
DOTUSDT,2023-12-16,2023-12-18,6.9564765,6.786605000000001,TARGET_ZERO,27.5,27.5,0.21821515892420543,2,-4.482500000000006,0.18896737062500002,0.18896625,0.11541475000000001,-4.975848370625006,0
ADAUSDT,2023-12-12,2023-12-18,0.55157565,0.5438729275000002,STOP,400.0,400.0,0.18434325108853408,6,6.179305000000026,0.22360810767375,0.22360965250000003,0.565372364561,5.166714875265275,1
ARBUSDT,2023-12-18,2023-12-19,1.1078536499999998,1.1014490000000001,TARGET_ZERO,137.8,137.8,0.24050930106555896,1,-0.7303399999999808,0.152220952585,0.15222077,0.050806315690000006,-1.085588038274981,0
ATOMUSDT,2023-12-14,2023-12-20,11.6588265,10.4097925,TARGET_ZERO,18.23,18.23,0.19304840370751808,6,-22.568740000000027,0.20115546218500002,0.20114981999999998,0.370362503,-23.341407785185027,0
DOTUSDT,2023-12-19,2023-12-20,6.885440999999999,6.7036465000000005,TARGET_ZERO,22.8,22.8,0.23327037628940867,1,-3.989999999999996,0.1549155975,0.1549146,0.04667388,-4.346504077499996,0
ADAUSDT,2023-12-19,2023-12-21,0.6024010499999999,0.589705,TARGET_ZERO,282.0,282.0,0.25223421926910294,2,-3.4122,0.16808695305,0.1680861,0.09932603999999999,-3.8476990930499997,0
SEIUSDT,2023-12-20,2023-12-21,0.35887935,0.3854072,TARGET_ZERO,342.0,342.0,0.3055617507666572,1,9.199799999999993,0.12727300005,0.1272753,0.17724681502200001,8.768004884927992,0
FILUSDT,2023-12-21,2023-12-22,5.3356665,5.5012479999999995,TARGET_ZERO,32.300000000000004,32.300000000000004,0.24340896306019139,1,5.52329999999998,0.17501616917500004,0.17501755000000002,0.212316780885,4.960949499939981,0
INJUSDT,2023-12-20,2023-12-22,36.442212,40.3248275,TARGET_ZERO,4.4,4.4,0.27198078242965,2,17.252399999999994,0.1688874869,0.1688918,0.301574548396,16.61304616470399,0
OPUSDT,2023-12-22,2023-12-25,2.5248618,3.5680151,TARGET_ZERO,58.1,58.1,0.28037922016167377,3,59.32253999999999,0.17626759936500003,0.17628243,0.8115954639832001,58.15839450665179,1
DOTUSDT,2023-12-22,2023-12-26,8.436216,9.1983985,TARGET_ZERO,22.200000000000003,22.200000000000003,0.21923624288425042,4,17.11619999999998,0.19574422095000002,0.19574850000000002,0.380957297586,16.34374998146398,0
AVAXUSDT,2023-11-12,2023-12-27,16.816404,44.3907935,TARGET_ZERO,12.0,12.0,0.18626844359828654,45,185.69100000000006,0.29449507725,0.2945415,3.6317720877100004,181.47019133504006,7
BTCUSDT,2023-12-16,2023-12-27,41988.984,42517.3307,TARGET_ZERO,0.007,0.007,0.11136341974837966,11,3.9941999999999873,0.29577210145,0.2957731,1.8165793003680002,1.5860754981819873,0
DOTUSDT,2023-12-27,2023-12-28,8.829412499999998,8.699648000000002,TARGET_ZERO,17.900000000000002,17.900000000000002,0.26275920679886683,1,-2.1658999999999766,0.15688509147500002,0.15688455,0.121480669124,-2.6011503105989764,0
INJUSDT,2023-12-25,2023-12-29,40.661320499999995,35.528227,TARGET_ZERO,3.2,3.2,0.31796796181008385,4,-16.303999999999995,0.12190327599999998,0.12189920000000001,0.8167410346560001,-17.364543510656,0
SOLUSDT,2023-10-13,2023-12-29,21.284637,101.863043,TARGET_ZERO,3.5300000000000002,5.19,0.16453182288239165,77,268.35768000000013,0.29243151058000005,0.2924986,5.014937692197802,262.75781219722234,7
DOTUSDT,2023-12-29,2023-12-30,8.440218,8.292851500000001,TARGET_ZERO,17.8,17.8,0.27689982216953163,1,-2.474199999999988,0.14892431855000005,0.14892370000000002,0.252380591398,-3.0244286099479885,0
TRBUSDT,2023-12-29,2023-12-31,216.116004,189.154225575,STOP,0.6000000000000001,0.6000000000000001,0.29165370406377594,2,-16.05549000000002,0.12158106887250003,0.12157705500000002,-12.220335346782004,-4.078312777090517,0
TRBUSDT,2024-01-01,2024-01-02,194.77333799999997,182.89350750000003,TARGET_ZERO,0.5,0.5,0.4,1,-5.845499999999987,0.09441671137499999,0.09441525,-1.3409725578149998,-4.693359403559986,0
BTCUSDT,2024-01-02,2024-01-03,44252.41515,40405.13732500001,STOP,0.008,0.008,0.10708350855297961,1,-30.439599999999977,0.3386302099000001,0.3386226000000001,0.488334529448,-31.605187339347978,0
ETHUSDT,2023-12-28,2024-01-03,2381.51016,2069.935178555668,STOP,0.134,0.134,0.13039604085182174,6,-41.452811039060094,0.29824683768322974,0.29823647448046997,2.3395978667954007,-44.388892218019194,0
MATICUSDT,2023-12-27,2024-01-03,1.02051,0.8231382250000001,STOP,202.82972514938632,202.82972514938632,0.20115674933830022,7,-39.84589950559692,0.186973331374452,0.1869633698995756,1.938484070910386,-42.15832027778133,0
MATICUSDT,2024-01-04,2024-01-06,0.85452705,0.8519738000000001,TARGET_ZERO,154.8808651173996,154.8808651173996,0.2811029153494908,2,-0.263297470699567,0.13215216398578888,0.1321520981614212,0.08068208906560698,-0.6082838219123841,0
OPUSDT,2023-12-26,2024-01-06,3.3763873499999995,3.44157835,TARGET_ZERO,42.0,42.0,0.293166661726785,11,9.81585000000001,0.1466428710375,0.146645325,2.2425628071377997,7.279998996824711,2
FILUSDT,2024-01-04,2024-01-08,6.291144,5.617190000000001,TARGET_ZERO,20.6,20.6,0.33375477099236645,4,-13.760800000000003,0.1226558402,0.12265240000000001,0.15204242,-14.158150660200004,0
INJUSDT,2024-01-08,2024-01-10,36.46722449999999,39.816082,TARGET_ZERO,2.5,2.5,0.4,2,8.467500000000001,0.09535413312499999,0.09535625,0.0598875,8.216902116875001,0
BNBUSDT,2023-12-21,2024-01-11,260.099985,305.83700500000003,TARGET_ZERO,1.52,1.52,0.10582567219294525,21,70.11689999999994,0.430195320775,0.43021285000000004,-9.349937326034999,78.60642915525995,3
BTCUSDT,2024-01-04,2024-01-12,42870.92475,41568.075565,STOP,0.008,0.008,0.11657848983068647,8,-10.085040000000046,0.33775600126000005,0.33775347999999994,0.9379592000000001,-11.698508681260046,0
BTCUSDT,2024-01-13,2024-01-15,42810.394499999995,41714.03255,TARGET_ZERO,0.004,0.004,0.1635978022337569,2,-4.216399999999994,0.1690488541,0.16904780000000003,0.10234084000000002,-4.656837494099994,0
ICPUSDT,2024-01-11,2024-01-15,13.908950999999998,12.591701000000002,TARGET_ZERO,6.0,8.0,0.4,4,-7.095999999999989,0.104333774,0.10433200000000001,0.07228132295999999,-7.37694709695999,1
INJUSDT,2024-01-15,2024-01-16,36.92845499999999,41.025477,TARGET_ZERO,2.2,2.2,0.4,1,9.099200000000007,0.0857493252,0.08575160000000001,0.025270520000000005,8.902428554800007,0
STXUSDT,2024-01-10,2024-01-18,1.8281135999999998,1.57411255,TARGET_ZERO,74.0,74.0,0.3662160683012259,8,-18.6702,0.12588236754999999,0.12587769999999998,0.19704511394,-19.11900518149,0
SOLUSDT,2024-01-18,2024-01-21,102.20607749999999,92.8545495,TARGET_ZERO,1.05,1.05,0.3039351965150997,3,-9.716700000000007,0.10240682917499999,0.1024044,0.09042243000000001,-10.011933659175005,0
SEIUSDT,2024-01-06,2024-01-22,0.7180588499999999,0.6497749500000001,TARGET_ZERO,136.0,144.0,0.4,16,-11.0556,0.11989576390000001,0.119893,0.45713476588800006,-11.752523529788,2
SOLUSDT,2024-01-22,2024-01-23,91.1565555,83.8410585,TARGET_ZERO,1.07,1.07,0.33448987432083865,1,-7.7339600000000095,0.09362372349,0.09362179000000001,0.028473235000000003,-7.94967874849001,0
ARBUSDT,2023-12-30,2024-01-23,1.5114553499999999,1.5453369449999996,STOP,106.0,106.0,0.259776924604488,24,23.449184999999982,0.17185293020374998,0.1718587925,2.023312208834,21.08216106846223,3
ETHUSDT,2024-01-06,2024-01-23,2270.05446,2252.183345,STOP,0.1,0.1,0.14253877378323698,17,-1.5610000000000053,0.22611189025,0.22611150000000002,1.2980215000000004,-3.3112448902500056,0
BNBUSDT,2024-01-16,2024-01-29,317.29857,305.097375,TARGET_ZERO,0.5700000000000001,0.8,0.17566374471842103,13,-11.459499999999984,0.24795981487500002,0.24795695,-1.8602540707200004,-10.095162694154984,2
ARBUSDT,2024-01-24,2024-02-02,1.6907449499999998,1.7831080000000001,TARGET_ZERO,53.800000000000004,82.30000000000001,0.3853503373180259,9,2.1954800000000034,0.14572491113000002,0.14572546000000003,0.29078971100000006,1.6132399178700036,1
SEIUSDT,2024-01-23,2024-02-03,0.5972985,0.63358305,TARGET_ZERO,146.0,146.0,0.4,11,5.387400000000007,0.08985435315000001,0.0898557,0.09450365321600004,5.113186293634007,0
BLURUSDT,2024-02-03,2024-02-04,0.60340155,0.5755121,TARGET_ZERO,182.0,182.0,0.3288011938318688,1,-4.968599999999999,0.10728114215,0.10727989999999998,-0.031510253138,-5.151650789011998,0
ENSUSDT,2024-01-29,2024-02-06,18.4882395,20.177906,TARGET_ZERO,5.7,5.7,0.4,8,9.7413,0.110198514675,0.11020095,0.25081368,9.270086855325001,0
AVAXUSDT,2024-02-06,2024-02-07,34.5462645,34.127927500000006,TARGET_ZERO,4.0,4.0,0.19988271068635968,1,-1.5360000000000014,0.13734838400000002,0.13734800000000003,0.036495480600000005,-1.8471918646000014,0
ETHUSDT,2024-01-24,2024-02-09,2242.790835,2417.5606150000003,TARGET_ZERO,0.095,0.132,0.16329923672975954,16,21.188279999999995,0.30867820293000003,0.3086835,0.9652633204091,19.605654976660894,1
ARBUSDT,2024-02-04,2024-02-10,1.76618265,1.9804093000000003,TARGET_ZERO,78.80000000000001,114.20000000000002,0.22118903302554815,6,19.96334,0.21628921916500005,0.21629421000000004,0.28955426522720007,19.2412023056078,1
ENSUSDT,2024-02-07,2024-02-13,22.3141515,22.572708000000002,TARGET_ZERO,8.4,8.4,0.2614289557458637,6,2.3603999999999914,0.18852480990000003,0.1885254,0.3249960000000001,1.6583537900999912,0
ETCUSDT,2024-01-21,2024-02-15,24.744366,26.8915475,TARGET_ZERO,6.07,8.56,0.29830792867828404,25,19.594390000000022,0.22050470640250003,0.220509605,1.5896033829960001,17.56377230560152,1
LINKUSDT,2024-02-02,2024-02-17,17.199595499999997,19.557216500000003,TARGET_ZERO,16.53,16.53,0.17853237158978535,15,37.523360000000025,0.30291952916,0.30292891000000005,1.3709758866648003,35.546535674175225,1
API3USDT,2024-02-17,2024-02-21,4.18799295,3.9116432000000003,TARGET_ZERO,33.4,33.4,0.3003368531702423,4,-9.09482,0.135263923705,0.13526164999999998,0.6141094723098001,-9.9794550460148,0
SUIUSDT,2024-01-15,2024-02-21,1.2524259,1.7181405,TARGET_ZERO,120.0,120.0,0.31138360760504863,37,57.43250999999999,0.1789178968725,0.17893225499999998,2.0274853518856,55.047174496241894,1
SEIUSDT,2024-02-15,2024-02-22,0.8819407499999999,0.87686135,TARGET_ZERO,227.0,227.0,0.20834940442427685,7,-0.953399999999996,0.19962403834999998,0.1996238,1.215201197707,-2.567849036056996,0
ETCUSDT,2024-02-21,2024-02-23,27.103544999999997,25.814086500000002,TARGET_ZERO,10.93,10.93,0.14187677655136774,2,-13.804589999999981,0.2891948561475,0.289191405,0.3536573955726,-14.736633656720082,0
OPUSDT,2024-02-21,2024-02-24,4.072235099999999,3.5085448500000003,TARGET_ZERO,58.300000000000004,58.300000000000004,0.177042897154931,3,-32.64216999999999,0.2209797355425,0.22097157500000003,0.4319351792019,-33.51605648974439,0
API3USDT,2024-02-24,2024-02-26,3.7623802499999996,3.8959510500000003,TARGET_ZERO,31.900000000000002,31.900000000000002,0.3221779018747508,2,4.3830599999999995,0.122150384235,0.12215148,0.2957017787922,3.8430563569727996,0
NEARUSDT,2024-02-26,2024-02-27,3.709854,4.0999490000000005,TARGET_ZERO,51.0,51.0,0.20432847896440126,1,20.09400000000001,0.1991499765,0.19915500000000003,0.2514209067,19.444274116800006,0
SEIUSDT,2024-02-23,2024-02-27,0.8376186,0.89165395,TARGET_ZERO,160.0,160.0,0.2812231247013856,4,8.783999999999992,0.138341804,0.138344,0.49807361504,8.009240580959993,0
FILUSDT,2024-02-22,2024-02-28,7.249623,7.669163500000001,TARGET_ZERO,34.300000000000004,34.300000000000004,0.16879917184265017,6,18.73969999999998,0.257902965075,0.25790765000000004,1.545332707624,16.678556677300982,1
DOGEUSDT,2024-02-28,2024-03-01,0.09773884499999999,0.11737128500000002,TARGET_ZERO,2900.0,2900.0,0.13154176904176904,2,57.24600000000002,0.3119096885,0.311924,1.1249619535000002,55.497204358000026,0
ETCUSDT,2024-02-27,2024-03-01,27.814900499999997,28.8885485,TARGET_ZERO,10.43,10.43,0.1461745980360419,3,11.493860000000002,0.295708486535,0.29571136,1.7582283200425999,9.144211833422402,0
MATICUSDT,2024-02-27,2024-03-02,1.06103025,1.0253870500000002,TARGET_ZERO,223.58362088127177,223.58362088127177,0.1788967468175389,4,-7.735993282491994,0.23324436730166337,0.2332424333033427,1.4913140402386849,-9.693794123335685,0
ADAUSDT,2024-03-01,2024-03-03,0.6558277499999999,0.7420288,TARGET_ZERO,364.0,364.0,0.17918065303631375,2,31.63159999999999,0.2544098921,0.25441779999999997,1.060858339268,30.06191396863199,0
BNBUSDT,2024-02-09,2024-03-05,318.69927,418.660565,TARGET_ZERO,1.42,1.42,0.08146072706724429,25,135.15639999999996,0.5198712109000001,0.519905,-6.522692349119998,140.63931613821998,1
AVAXUSDT,2024-03-02,2024-03-05,42.748363499999996,36.44526825,STOP,5.0,5.0,0.18354787370983222,3,-31.317500000000003,0.19798407937499998,0.19797625,1.9851276365500001,-33.698587965925,0
BTCUSDT,2024-02-10,2024-03-05,47139.65805,61193.39299749999,STOP,0.01,0.01,0.08544117615846811,24,139.852535,0.54105230436625,0.5410872675,9.576848402643,129.19354702549074,2
LINKUSDT,2024-03-03,2024-03-05,21.436712999999997,18.04335336473807,STOP,12.72,12.72,0.15787557754235318,2,-42.91245206656503,0.25109322207973417,0.2510824939667175,1.4737355737824,-44.88836335639388,0
SOLUSDT,2024-03-01,2024-03-05,125.83288499999999,109.497973625,STOP,1.92,1.92,0.17709610476349505,4,-31.137120000000014,0.22591762428,0.22590984,2.6311125868799996,-34.22006005116001,0
DOGEUSDT,2024-03-06,2024-03-07,0.15313653,0.157891015,TARGET_ZERO,871.0,871.0,0.31945824075284274,1,4.276609999999998,0.13545249584750002,0.135453565,0.10815628442059999,3.8975476547318983,0
ADAUSDT,2024-03-06,2024-03-08,0.6923459999999999,0.7433281500000001,TARGET_ZERO,258.0,258.0,0.2383309248554914,2,13.33860000000002,0.18520196535,0.1852053,0.42861061332600003,12.53958212132402,0
MATICUSDT,2024-03-06,2024-03-10,1.0343169,1.157421,TARGET_ZERO,164.67871882327518,164.67871882327518,0.25029989358614685,4,20.453096877850754,0.18046629468420783,0.18047140795842725,1.0753510427147783,19.01680813249334,0
BNBUSDT,2024-03-07,2024-03-11,429.85481999999996,528.825455,TARGET_ZERO,0.67,0.67,0.14755260217856817,4,66.63150000000005,0.321157892125,0.32117455000000006,-0.030642811732999986,66.01981036960805,0
DOGEUSDT,2024-03-11,2024-03-12,0.17016504,0.18226882,TARGET_ZERO,697.0,697.0,0.36351208325983414,1,8.55915999999999,0.12282320021000001,0.12282533999999999,0.2750203281948,8.038491131595189,0
FILUSDT,2024-03-05,2024-03-14,10.0340145,10.630682,TARGET_ZERO,15.4,15.4,0.27879361914257234,9,12.433599999999995,0.1606602916,0.16066339999999998,2.5052583478990003,9.607017960500995,1
XRPUSDT,2024-03-12,2024-03-14,0.7245620999999999,0.6894551,TARGET_ZERO,289.40000000000003,289.40000000000003,0.20659947535551568,2,-9.955359999999997,0.20460828884,0.2046058,0.6114760463432001,-10.976050135183197,0
DOGEUSDT,2024-03-14,2024-03-16,0.169194555,0.163628145,TARGET_ZERO,640.0,640.0,0.4,2,-3.45600000000001,0.106503264,0.1065024,0.22913085683200002,-3.8981365208320105,0
ETHUSDT,2024-02-13,2024-03-16,2662.2404549999997,3743.1374950000004,TARGET_ZERO,0.181,0.181,0.08636425132755336,32,153.87983000000006,0.5585261550425,0.558564625,11.636573052335196,141.12616616762236,4
BTCUSDT,2024-03-06,2024-03-17,63779.37375,65318.3245,TARGET_ZERO,0.005,0.005,0.12824758343085368,11,14.122100000000017,0.325795019475,0.32579855,4.331316631961001,9.139189798564015,1
XRPUSDT,2024-03-16,2024-03-17,0.63501735,0.6032982,TARGET_ZERO,244.0,244.0,0.2791824196597354,1,-7.588400000000004,0.15107449709999998,0.1510726,0.09753140818400001,-7.988078505284004,0
1000FLOKIUSDT,2024-03-17,2024-03-19,0.21442716,0.19284353,TARGET_ZERO,462.0,462.0,0.4,2,-9.877560000000004,0.09407952939,0.09407706,0.1555558235616,-10.221272412951604,0
1000PEPEUSDT,2024-03-14,2024-03-19,0.0090457206,0.006813691450000001,TARGET_ZERO,11972.0,11972.0,0.4,5,-26.626925199999988,0.09493444053130001,0.0949277838,0.9165570076196121,-27.7333444319509,0
BNBUSDT,2024-03-16,2024-03-19,633.33651,518.7255647783795,STOP,0.37,0.37,0.1805540196837333,3,-42.19292879639778,0.2131314838340002,0.21312093560180112,0.260010355152,-42.879191570985576,0
BTCUSDT,2024-03-19,2024-03-20,67693.83,61943.11295,TARGET_ZERO,0.002,0.002,0.18678502808158434,1,-11.371800000000004,0.12963694295000003,0.1296341,0.09147398685399999,-11.722545029804005,0
AVAXUSDT,2024-03-17,2024-03-25,53.5057395,55.70613300000001,TARGET_ZERO,2.0,2.0,0.3026702569280826,8,4.510000000000005,0.1092118725,0.109213,0.46396731918000006,3.827607808320005,0
WLDUSDT,2024-03-10,2024-03-25,11.707650899999999,8.46366605,TARGET_ZERO,9.0,12.0,0.3982237798102402,15,-26.2182,0.11473045455000001,0.1147239,1.5803535769980002,-28.028007931548,1
1000PEPEUSDT,2024-03-20,2024-03-26,0.0066059013,0.0080987486,TARGET_ZERO,13861.0,13861.0,0.4,6,21.6102074,0.10231833974815,0.1023237423,0.370620568333681,21.034944749618166,1
BCHUSDT,2024-03-25,2024-03-27,485.712735,479.48014000000006,TARGET_ZERO,0.28400000000000003,0.28400000000000003,0.310669262143122,2,-1.633,0.13705738825000002,0.13705698000000002,0.2774991326196,-2.1846135008696,0
BTCUSDT,2024-03-26,2024-03-27,69955.5603,70009.1779,TARGET_ZERO,0.002,0.002,0.18313320127859495,1,0.24719999999998254,0.1399647382,0.1399648,0.10337038333200001,-0.13609992153201744,0
1000FLOKIUSDT,2024-03-27,2024-03-28,0.241350615,0.22520734,TARGET_ZERO,422.0,422.0,0.4,1,-6.714020000000003,0.098443728505,0.09844205,0.133301087599,-7.044206866104004,0
FTMUSDT,2024-03-25,2024-03-29,1.0693344,1.0204895,TARGET_ZERO,117.0,117.0,0.4,4,-5.592600000000008,0.12225469815000001,0.12225330000000001,0.44256557709,-6.2796735752400075,0
NEARUSDT,2024-03-19,2024-03-30,7.0325145,6.981507500000001,TARGET_ZERO,16.0,16.0,0.4,11,-0.7039999999999935,0.11211217600000001,0.112112,0.93948054768,-1.8677047236799935,0
1000FLOKIUSDT,2024-03-29,2024-04-01,0.252516195,0.248365755,TARGET_ZERO,404.0,404.0,0.4,3,-1.5756000000000059,0.1011781539,0.10117776,0.555173775656,-2.3331296895560056,0
1000PEPEUSDT,2024-04-01,2024-04-06,0.0088082019,0.0065721123,TARGET_ZERO,10774.0,10774.0,0.4,5,-24.008781600000002,0.08285375259540001,0.0828477504,0.205089579578838,-24.379572682574242,0
BNBUSDT,2024-03-20,2024-04-09,508.223985,586.436635,TARGET_ZERO,0.32,0.44,0.26834691708008507,20,25.596799999999995,0.24535640079999999,0.24536280000000005,0.5116016972040003,24.594479101995997,1
SOLUSDT,2024-03-08,2024-04-10,144.0709995,172.471721,TARGET_ZERO,1.35,1.35,0.21995041563365908,33,43.56899000000002,0.21617225275250002,0.21618314500000002,5.473922880876101,37.662711721371416,2
LTCUSDT,2024-03-30,2024-04-12,109.19457,98.800575,TARGET_ZERO,1.735,1.735,0.23326003298515666,13,-17.853150000000017,0.1804357882875,0.180431325,1.428522406343,-19.642539519630517,0
BCHUSDT,2024-03-28,2024-04-12,539.72973,522.1173107500001,STOP,0.34500000000000003,0.34500000000000003,0.25454343232121013,15,3.6791964999999998,0.18795237845087506,0.18795329825,2.0398949220386995,1.263395901260425,1
DOGEUSDT,2024-03-27,2024-04-12,0.18253122,0.15413089600000004,STOP,748.0,748.0,0.34826801863524254,16,-17.864747999999963,0.127537212187,0.127532746,1.8372492808075997,-19.957067238994565,1
ETHUSDT,2024-04-09,2024-04-12,3699.438795,3102.8438327565027,STOP,0.063,0.063,0.1608467654694937,3,-37.371220061371034,0.21427190277432984,0.21426255996931448,0.30931999210350003,-38.10907451621817,0
FTMUSDT,2024-04-12,2024-04-13,0.9178586999999999,0.7426285,TARGET_ZERO,139.0,139.0,0.30479123514662604,1,-24.2416,0.1154038604,0.1153978,0.072574629404,-24.544976289803998,0
BNBUSDT,2024-04-10,2024-04-13,581.11041,529.1462945000001,STOP,0.48,0.65,0.13688319961433826,3,-35.85874999999999,0.3620554896875,0.362046525,0.17351694993599992,-36.75636896462349,1
BTCUSDT,2024-04-06,2024-04-13,67859.7129,61747.6457325,STOP,0.003,0.004,0.15871837666253344,7,-28.041560000000025,0.26114193039,0.26113492000000005,0.8419449450279999,-29.405781795418026,1
LTCUSDT,2024-04-13,2024-04-14,86.14304999999999,77.28134,TARGET_ZERO,1.3860000000000001,1.3860000000000001,0.3049134626553607,1,-12.169080000000003,0.11325310227,0.11325006000000001,0.034583472000000004,-12.430166634270003,0
SOLUSDT,2024-04-14,2024-04-17,138.5362335,136.11590800000002,TARGET_ZERO,0.42,0.42,0.3074985375576852,3,-0.9588600000000063,0.05767694971500001,0.057676710000000006,0.020533102514400003,-1.0947467622294063,0
ETHUSDT,2024-04-13,2024-04-18,3239.929155,2981.7683700000002,TARGET_ZERO,0.046,0.046,0.18129049192477528,5,-11.354729999999995,0.1432877336825,0.143284895,0.11594323639099997,-11.757245865073497,1
BTCUSDT,2024-04-14,2024-04-23,63971.66984999999,66744.51105,TARGET_ZERO,0.003,0.003,0.15810107022710457,9,2.9911999999999974,0.19331395219999997,0.1933147,0.21454271137100003,2.390028636428997,1
POLYXUSDT,2024-04-17,2024-04-24,0.44808392999999996,0.465677045,TARGET_ZERO,151.0,151.0,0.4,7,2.725550000000001,0.06898895361249999,0.068989635,0.11971302811569999,2.467858383271801,0
SOLUSDT,2024-04-18,2024-04-26,131.847891,144.713607,TARGET_ZERO,0.38,0.5700000000000001,0.3548637512236209,8,2.6434699999999944,0.0812056241325,0.08120628500000002,0.0618116263765,2.4192464644909943,1
1000SHIBUSDT,2024-04-24,2024-04-27,0.026822404499999997,0.0251943965,TARGET_ZERO,3482.0,3482.0,0.2907120743034057,3,-5.5781639999999975,0.09056125054099999,0.09055985600000001,0.027602827122719997,-5.786887933663717,0
DOGEUSDT,2024-04-13,2024-04-29,0.174157035,0.146516705,TARGET_ZERO,589.0,589.0,0.35460186142709404,16,-15.318619999999997,0.094871749655,0.09486792000000001,0.17956827747040005,-15.687927947125399,1
BTCUSDT,2024-04-29,2024-05-01,63119.9442,60620.8744,TARGET_ZERO,0.001,0.001,0.16120215634277665,2,-2.4372000000000043,0.0618704093,0.0618698,0.032317039904000006,-2.5932572492040045,0
LTCUSDT,2024-04-27,2024-05-01,88.074015,79.38029,TARGET_ZERO,1.407,1.407,0.21857678328032715,4,-12.11427,0.11780410356750001,0.117801075,0.0737677089471,-12.4236428875146,0
ONGUSDT,2024-05-01,2024-05-02,0.5875236149999999,0.5540228500000001,TARGET_ZERO,191.0,191.0,0.4,1,-6.289630000000003,0.10901768740750001,0.109016115,0.027181616257,-6.534845418664504,0
BCHUSDT,2024-04-13,2024-05-04,532.96635,452.003885,TARGET_ZERO,0.186,0.186,0.3665875086823481,21,-13.603470000000007,0.09228386586750001,0.09228046500000002,-0.9955494244467,-12.792484906420807,1
1000SHIBUSDT,2024-05-02,2024-05-06,0.022656322499999996,0.024683652,TARGET_ZERO,2250.0,2250.0,0.3524728428861609,4,4.614750000000001,0.0532574713125,0.053258625,0.023073348599999998,4.485160555087502,0
ONGUSDT,2024-05-04,2024-05-12,0.5518057649999999,0.51750112,TARGET_ZERO,163.0,163.0,0.4,8,-5.504509999999995,0.0871485111275,0.087147135,-1.3231913273824003,-4.355614318745095,0
1000SHIBUSDT,2024-05-12,2024-05-14,0.022505247,0.0233393245,TARGET_ZERO,3609.0,3609.0,0.22179247799413163,2,3.0929130000000007,0.08272652927175,0.0827273025,0.022997230822800002,2.9044619374054506,0
WLDUSDT,2024-05-06,2024-05-15,5.7454713,4.7694141,TARGET_ZERO,15.0,15.0,0.29660432556681643,9,-14.562000000000006,0.0788616405,0.07885800000000001,0.15983530113,-14.879554941630007,0
1000SHIBUSDT,2024-05-15,2024-05-16,0.02297148,0.025226380500000003,TARGET_ZERO,3675.0,3675.0,0.21326655052264804,1,8.375324999999998,0.08856356866875001,0.0885656625,0.01757475258,8.180621016251248,0
DOGEUSDT,2024-05-01,2024-05-16,0.133356645,0.155192365,TARGET_ZERO,373.0,718.0,0.361580013504389,15,4.068799999999996,0.10696780279999998,0.10696881999999999,0.2044228421696,3.650440535030396,2
JTOUSDT,2024-05-14,2024-05-18,4.1244612,4.6242867,TARGET_ZERO,33.0,33.0,0.2647322078300101,4,9.3674,0.14072055815,0.14072289999999998,0.11895286769,8.967003674159999,1
BTCUSDT,2024-05-16,2024-05-21,66208.48769999998,71430.76675000001,TARGET_ZERO,0.003,0.004,0.12198241340437686,5,20.35980000000002,0.27568101005,0.27568610000000005,0.14039363270199998,19.66803925724802,1
TRBUSDT,2024-05-18,2024-05-21,107.69882249999999,117.793074,TARGET_ZERO,0.8,0.8,0.4,3,8.165600000000007,0.09019675860000001,0.0901988,0.078596754464,7.906607686936008,0
1000BONKUSDT,2024-05-21,2024-05-22,0.0305382615,0.0329265285,TARGET_ZERO,4321.0,4321.0,0.27631863451710137,1,10.456819999999993,0.137115678795,0.137118293,0.07130154671195,10.111284481493042,0
SOLUSDT,2024-05-16,2024-05-25,158.503212,167.57317150000003,TARGET_ZERO,1.16,1.16,0.19618931594528577,9,10.710280000000001,0.18912430243,0.18912698,0.44277955276000003,9.889249164810002,0
DOGEUSDT,2024-05-21,2024-05-28,0.16581286499999998,0.1691154,TARGET_ZERO,1019.0,1019.0,0.21568609703113684,7,3.535930000000001,0.17064595101750002,0.170646835,0.3838939761537,2.8107432378288006,0
NEARUSDT,2024-04-26,2024-05-30,7.128562499999999,7.585205500000001,TARGET_ZERO,12.0,27.0,0.3103985405557115,34,-5.32299999999998,0.25952183075,0.25952050000000004,1.3848709743000003,-7.22691330504998,4
ETHUSDT,2024-05-22,2024-05-31,3794.2261649999996,3748.5048100000004,TARGET_ZERO,0.078,0.078,0.12009548244873851,9,-3.2720999999999854,0.294166508025,0.29416569000000004,0.9492063492366,-4.809638547261585,0
WIFUSDT,2024-05-31,2024-06-02,3.36958395,3.27646095,TARGET_ZERO,32.2,32.2,0.3352029454556252,2,-2.891560000000011,0.10700132289000001,0.10700060000000002,0.0948380711586,-3.200399994048611,0
1000BONKUSDT,2024-05-25,2024-06-05,0.033160572,0.0331564135,TARGET_ZERO,3984.0,3984.0,0.27641059682578,11,-1.2816289999999992,0.13140520190725002,0.13140488150000001,0.7311787381901002,-2.2756178215973493,1
ONDOUSDT,2024-06-05,2024-06-07,1.4495244,1.34982475,TARGET_ZERO,122.0,122.0,0.23619797059432596,2,-11.992600000000007,0.17076029815,0.1707573,0.17622518066800003,-12.510342778818007,0
1000PEPEUSDT,2024-04-23,2024-06-07,0.0068736351,0.0120148345775,STOP,9877.0,16354.0,0.4,45,105.36232568999999,0.1727928362635775,0.172819176845,2.3040933137736386,102.71262036311778,4
1000SHIBUSDT,2024-05-30,2024-06-07,0.027584785499999997,0.022227094443224998,STOP,7556.0,7556.0,0.19382322005005262,8,-40.29453441620001,0.18818928242550403,0.18817920879189998,0.70003176438808,-41.37093467180549,0
1000BONKUSDT,2024-06-07,2024-06-08,0.031837911,0.028786599500000003,TARGET_ZERO,2819.0,2819.0,0.4,1,-8.51619900000001,0.08545024754975,0.0854481185,0.040484476143530006,-8.727581842193288,0
BNBUSDT,2024-04-14,2024-06-10,553.61667,645.2402185000001,STOP,0.46,0.8899999999999999,0.1736766486545099,57,41.342980000000026,0.8827180542550002,0.88272839,-5.586897173259,45.164430729004025,9
ORDIUSDT,2024-06-08,2024-06-11,58.6383045,56.879546000000005,TARGET_ZERO,2.0,2.0,0.2543542800593765,3,-3.402000000000001,0.11551785049999999,0.11551700000000001,0.10631263199999999,-3.739347482500001,0
1000FLOKIUSDT,2024-06-02,2024-06-12,0.25283635499999996,0.22610339175000005,STOP,572.0,572.0,0.34405270655270653,10,-13.21630749999998,0.13794527032687498,0.13794196625000002,0.7304208640256001,-14.222615600602456,1
ONDOUSDT,2024-06-08,2024-06-17,1.32976455,1.16571685,TARGET_ZERO,105.9,105.9,0.2676297968397292,9,-17.24052000000001,0.13213574013,0.13213143,0.1481228087739,-17.65290997890391,0
PEOPLEUSDT,2024-05-28,2024-06-18,0.08123059499999999,0.081055452,STOP,1541.0,1541.0,0.36852444882374674,21,12.437374000000004,0.1313293676565,0.131332477,0.9474086048442002,11.227303550499302,1
1000BONKUSDT,2024-06-11,2024-06-19,0.0271065465,0.021071459,TARGET_ZERO,3042.0,3042.0,0.4,8,-16.273586999999992,0.07428418089675001,0.0742801125,0.15569658561561997,-16.57784787901236,1
1000FLOKIUSDT,2024-06-19,2024-06-24,0.16817404499999997,0.15862065000000003,TARGET_ZERO,267.0,267.0,0.4,5,-2.5071299999999956,0.0436270917825,0.043626465,0.020716102319400003,-2.6150996591018956,0
BNBUSDT,2024-06-11,2024-06-24,625.302495,550.8655482915786,STOP,0.66,0.66,0.11860079999999994,13,-32.187165041289155,0.3964078642706158,0.39639981747935543,-0.003572974812,-32.976399748227124,2
UNIUSDT,2024-06-17,2024-06-24,11.98599,8.9018477745375,STOP,14.0,14.0,0.2569407345575959,7,-41.32238890000001,0.147069136147225,0.14705880555,0.23248680272000005,-41.84900364441723,1
ONDOUSDT,2024-06-24,2024-06-28,1.0967481,1.1662166,TARGET_ZERO,48.2,48.2,0.3394463194381099,4,3.40292,0.05453744927000001,0.05453830000000001,0.012534182447800007,3.2813100682822,0
UNIUSDT,2024-06-25,2024-06-29,9.3256605,8.993501,TARGET_ZERO,9.0,9.0,0.3155472103004292,4,-2.9070000000000036,0.08243622675,0.0824355,0.09790547526,-3.1697772020100037,0
1000BONKUSDT,2024-06-29,2024-07-01,0.0225962925,0.022626681,TARGET_ZERO,2217.0,2217.0,0.3583488310308183,2,0.11750099999999442,0.05012966612475,0.0501296955,-0.0055368455415000005,0.022778483916744408,0
ONDOUSDT,2024-07-01,2024-07-02,1.20150045,1.1889052500000001,TARGET_ZERO,51.0,51.0,0.2930921052631578,1,-0.5814000000000039,0.06095534535000001,0.0609552,0.018344700000000002,-0.7216552453500039,0
1000BONKUSDT,2024-07-02,2024-07-03,0.025576782,0.025389299000000004,TARGET_ZERO,2230.0,2230.0,0.3147441915043417,1,-0.36125999999999764,0.056827180315,0.05682709,-0.0026803235240000006,-0.47223394679099767,0
JASMYUSDT,2024-06-13,2024-07-03,0.0377718765,0.025156128372088783,STOP,3492.0,3492.0,0.3336652806102179,20,-39.27804002690503,0.11220427549655423,0.11219445598654751,0.3359147494661201,-39.83835350785425,2
1000FLOKIUSDT,2024-07-03,2024-07-04,0.18321156,0.16223884,TARGET_ZERO,351.0,351.0,0.2792044337665174,1,-7.300800000000004,0.0606265452,0.06062472000000001,0.003698974187999999,-7.4257502393880035,0
BNBUSDT,2024-06-25,2024-07-04,568.233975,556.64154,TARGET_ZERO,0.22,0.29000000000000004,0.1386301611057311,9,-4.227000000000022,0.16362135675,0.1636203,0.032029222521,-4.586270879271022,1
PEOPLEUSDT,2024-06-19,2024-07-04,0.08910453,0.057927021999999995,STOP,1010.0,1010.0,0.4,15,-25.826916000000004,0.077043598729,0.077037142,0.20767451725549999,-26.188671257984506,1
SOLUSDT,2024-06-28,2024-07-04,149.724825,127.87203200000002,STOP,0.64,0.64,0.1853251899419315,6,-13.896959999999996,0.08883099424000002,0.08882752000000001,0.16418947733760003,-14.238807991577598,0
ONDOUSDT,2024-07-04,2024-07-05,1.11965955,1.0372811000000002,TARGET_ZERO,58.400000000000006,58.400000000000006,0.27375335120643424,1,-4.747919999999996,0.06298266698000002,0.06298148,0.0025033339288000004,-4.876387480908797,0
1000PEPEUSDT,2024-06-08,2024-07-05,0.0127855896,0.008627294195,STOP,5899.0,6243.0,0.4,27,-27.791798539999995,0.08555891697963501,0.08555196903,0.4510743751221471,-28.413983801131778,3
JASMYUSDT,2024-07-04,2024-07-07,0.025044515999999996,0.024838574500000002,TARGET_ZERO,1846.0,1846.0,0.3871224832214765,3,-0.3341259999999944,0.046042092531500003,0.046042008999999995,-0.0034997642425199957,-0.4227103372889744,0
CRVUSDT,2024-07-09,2024-07-13,0.28814399999999996,0.27986000000000005,TARGET_ZERO,107.4,107.4,0.28854166666666664,4,-0.8591999999999951,0.030501814800000002,0.030501600000000004,0.03638712000000001,-0.9565905347999951,0
1000PEPEUSDT,2024-07-06,2024-07-14,0.0088858407,0.00868155705,TARGET_ZERO,2507.0,2507.0,0.4,8,-0.49011849999999907,0.022020733079624998,0.02202061055,-0.004154462845924004,-0.5300053807837001,0
TONUSDT,2024-07-13,2024-07-14,7.334165249999999,7.2647658,TARGET_ZERO,20.0,20.0,0.18244686655935405,1,-1.2420000000000009,0.1459893105,0.14598899999999998,-0.09387668069999999,-1.440101629800001,0
1000SATSUSDT,2024-07-14,2024-07-19,0.00019169579999999997,0.00027406290000000003,TARGET_ZERO,232654.0,312191.0,0.4,5,20.378460599999997,0.07540844728485001,0.0754135419,0.080142806574174,20.14749580424097,1
PEOPLEUSDT,2024-07-05,2024-07-20,0.054597284999999995,0.085067445,TARGET_ZERO,816.0,816.0,0.4,15,24.920640000000006,0.05698320983999999,0.05698944,0.08870520486240004,24.71796214529761,0
WIFUSDT,2024-07-19,2024-07-20,2.43931905,2.5423282,TARGET_ZERO,36.0,36.0,0.3061956521739131,1,3.7980000000000054,0.0896696505,0.0896706,0.019154709612,3.5995050398880055,0
1000PEPEUSDT,2024-07-20,2024-07-22,0.01270004685,0.0124891523,TARGET_ZERO,7334.0,7334.0,0.2900987096062645,2,-1.4543322000000014,0.09236879328305,0.0923684297,0.05465274798,-1.6937221709630514,0
BTCUSDT,2024-07-20,2024-07-25,66661.21394999999,65318.02465,TARGET_ZERO,0.003,0.003,0.12291404951979579,5,-3.8315999999999923,0.1979688579,0.19796789999999997,0.14524735943400002,-4.3727841173339925,0
ETHUSDT,2024-07-22,2024-07-25,3536.06715,3332.5628850000003,TARGET_ZERO,0.057,0.057,0.1327692407810338,3,-11.403990000000011,0.1957559559975,0.195753105,0.13737124922340002,-11.93287031022091,0
1000PEPEUSDT,2024-07-25,2024-07-26,0.01220680035,0.01146656385,TARGET_ZERO,7409.0,7409.0,0.2987606658961811,1,-5.396715600000004,0.0876979776789,0.0876966285,0.007140826147608,-5.579251032326511,0
DOGEUSDT,2024-07-25,2024-07-26,0.12791392499999998,0.125107415,TARGET_ZERO,1020.0,1020.0,0.2070037541060535,1,-2.7335999999999876,0.12904088339999997,0.1290402,0.0299549826,-3.0216360659999877,0
ENSUSDT,2024-07-05,2024-07-30,22.574281499999998,27.475255500000003,TARGET_ZERO,3.9000000000000004,7.1000000000000005,0.4,25,22.530000000000015,0.18390126750000002,0.18390690000000004,0.682779827894,21.479412004606015,2
1000BONKUSDT,2024-07-04,2024-07-31,0.022452220499999998,0.025923032000000002,TARGET_ZERO,2335.0,4718.0,0.34138368983957224,27,-6.177216999999996,0.15051372880425,0.1505121845,0.4150596821597199,-6.893302595463966,4
1000PEPEUSDT,2024-07-30,2024-07-31,0.011795094599999998,0.011295549400000002,TARGET_ZERO,5475.0,5475.0,0.2784312893895312,1,-2.6717999999999935,0.06321063795,0.06320997,-0.0043160112222,-2.793904596727794,0
DOGEUSDT,2024-07-31,2024-08-01,0.125492715,0.12179907000000001,TARGET_ZERO,718.0,718.0,0.1992385584436294,1,-2.5632600000000125,0.088777750815,0.08877711,0.014490093917400002,-2.7553049547324124,0
PEOPLEUSDT,2024-08-01,2024-08-02,0.06891444,0.065377295,TARGET_ZERO,752.0,752.0,0.3459125889356759,1,-2.6094400000000006,0.050493692359999995,0.05049304,0.006084771001600001,-2.7165115033616005,0
SOLUSDT,2024-07-05,2024-08-02,127.8148755,155.33779225,STOP,0.32,1.77,0.21738963681903561,28,0.8152550000000023,0.28440750368625,0.2844077075,0.9933274041414997,-0.7468876153277474,4
BNBUSDT,2024-07-31,2024-08-03,588.61416,542.878425,TARGET_ZERO,0.27,0.27,0.1091333242682803,3,-12.19590000000002,0.152751498975,0.15274845,0.010772303535000001,-12.51217225251002,0
BTCUSDT,2024-07-26,2024-08-03,65805.8865,60880.554495000004,STOP,0.002,0.004,0.11710390281726545,8,-20.069479999999995,0.25794727737,0.25794226,0.36190916367000003,-20.947278701039995,3
BOMEUSDT,2024-08-02,2024-08-04,0.009570783,0.007506245000000001,TARGET_ZERO,12148.0,12148.0,0.3078551269990593,2,-21.762167999999996,0.105332124542,0.105326684,0.044289213731600004,-22.017116022273594,1
1000SATSUSDT,2024-07-26,2024-08-04,0.000308154,0.00020715636999999996,STOP,312692.0,312692.0,0.3730269568041572,9,-22.824474960000003,0.08490260463874,0.08489689851999999,0.168088040537341,-23.162362503696084,2
XRPUSDT,2024-07-14,2024-08-04,0.52576275,0.5351772775000001,STOP,365.70000000000005,541.2,0.1392388201712655,21,9.618295000000032,0.29859659292625,0.2985989975,1.2572112284961001,7.763888181077682,3
1000PEPEUSDT,2024-08-04,2024-08-05,0.008616105899999999,0.00808965315,TARGET_ZERO,2577.0,2577.0,0.4,1,-1.3351436999999968,0.021525370535925,0.02152503675,0.0038421764234100003,-1.3820362837093318,0
BTCUSDT,2024-08-04,2024-08-05,60714.842249999994,58115.42775,TARGET_ZERO,0.001,0.001,0.1312343658852493,1,-2.54,0.059415135,0.0594145,0.015125272835,-2.6739549078350002,0
SOLUSDT,2024-08-03,2024-08-05,152.78735550000002,118.62767034307502,STOP,0.78,0.78,0.22318824446176108,2,-21.049593075000004,0.10859504586076878,0.10858978346250002,0.041155547539200005,-21.307933451862475,1
TIAUSDT,2024-08-09,2024-08-19,5.6598285,4.9929023,TARGET_ZERO,4.0,9.0,0.34498806893504197,10,-8.1197,0.049533679925000004,0.04953165,-0.22854750838899998,-7.9902178215360005,2
PEOPLEUSDT,2024-08-03,2024-08-21,0.06319158,0.056421775,TARGET_ZERO,724.0,724.0,0.389002375296912,18,-4.858039999999994,0.04330003451,0.043298819999999995,0.06681030978159998,-5.0114491642915935,0
AVAXUSDT,2024-08-21,2024-08-22,22.257122999999996,23.507240499999998,TARGET_ZERO,1.0,1.0,0.23007371780464786,1,1.2729999999999997,0.022882181749999998,0.0228825,-0.0032259706799999998,1.2304612889299997,0
BNBUSDT,2024-08-18,2024-08-22,542.0809049999999,569.505105,TARGET_ZERO,0.09,0.09,0.16983352097598794,4,2.5182000000000015,0.05002137044999999,0.050022,-0.004130692605,2.4222873221550016,0
XRPUSDT,2024-08-05,2024-08-27,0.52296135,0.58680645,TARGET_ZERO,208.60000000000002,208.60000000000002,0.24395446718959246,22,5.384859999999987,0.14970565378500003,0.14970700000000003,0.16459297452000007,4.920854371694987,2
BTCUSDT,2024-08-27,2024-08-28,62839.10384999999,59354.707800000004,TARGET_ZERO,0.002,0.002,0.13338401722084586,1,-6.846599999999992,0.12219381165000001,0.1221921,0.0038586461519999997,-7.094844557801991,0
CRVUSDT,2024-08-21,2024-08-28,0.32916449999999997,0.293853,TARGET_ZERO,365.1,506.90000000000003,0.2940909090909092,7,-18.308700000000016,0.158187527175,0.15818295000000002,0.061135028248000045,-18.686205505423015,1
1000SATSUSDT,2024-08-11,2024-08-28,0.00027183584999999997,0.00028827579000000004,STOP,81693.0,390148.0,0.4,17,-10.873587439999996,0.11796599827686001,0.11796327988000002,0.442388454313882,-11.551905172470738,1
BNBUSDT,2024-08-28,2024-09-01,533.4365849999999,532.5735800000001,TARGET_ZERO,0.23,0.23,0.13922201174109577,4,-0.07589999999998326,0.12259116897500001,0.12259115000000001,0.0,-0.3210823189749833,0
SUIUSDT,2024-08-23,2024-09-01,0.8520257999999999,0.7954021,TARGET_ZERO,95.80000000000001,150.4,0.3255401596993892,9,-14.89071000000001,0.12958248767750002,0.129578765,0.1842626089085,-15.334133861586007,3
SOLUSDT,2024-08-06,2024-09-01,129.8398875,128.99896825000002,STOP,0.45,0.78,0.2975055483632329,26,-8.294459999999999,0.10481883361500002,0.10481676000000001,0.0753251992968,-8.579420792911801,1
FTMUSDT,2024-09-01,2024-09-02,0.42391185,0.40329825,TARGET_ZERO,143.0,143.0,0.29040368271954675,1,-2.8885999999999994,0.05914552215,0.059144800000000004,0.008250309782,-3.0151406319319993,0
SOLUSDT,2024-09-02,2024-09-04,128.4752055,127.4412475,TARGET_ZERO,0.36,0.36,0.18763112194438167,2,-0.3261600000000018,0.04606496154,0.046064879999999996,0.002009558196,-0.4202993997360018,0
CRVUSDT,2024-09-01,2024-09-10,0.28414199999999995,0.28185899999999997,TARGET_ZERO,200.70000000000002,200.70000000000002,0.30897887323943674,9,-2.137399999999997,0.05593063435,0.055930099999999996,0.07080986982000004,-2.320070604169997,1
WIFUSDT,2024-09-10,2024-09-11,1.6708349999999998,1.6453769000000003,TARGET_ZERO,16.8,16.8,0.3129161676646707,1,-0.399839999999997,0.02785617996,0.027856080000000002,-0.0009697176720000005,-0.454582542287997,0
SOLUSDT,2024-09-11,2024-09-13,135.631782,135.92900150000003,TARGET_ZERO,0.33,0.33,0.1922382951100227,2,0.14289000000000707,0.04480752927750001,0.04480756500000001,-0.0015665572560000002,0.054841462978507054,0
PEOPLEUSDT,2024-09-02,2024-09-17,0.058879425,0.055402285,TARGET_ZERO,866.0,866.0,0.3442225998300764,15,-2.961719999999999,0.049483980430000005,0.049483240000000005,0.0163502291252,-3.077037449555198,0
FETUSDT,2024-09-13,2024-09-18,1.38319125,1.3484254500000001,TARGET_ZERO,90.0,90.0,0.2811645569620253,5,-3.249000000000011,0.12280131225000002,0.1228005,0.056359462968,-3.550961275218011,1
1000SATSUSDT,2024-08-29,2024-09-19,0.0002983491,0.00029555215,TARGET_ZERO,369200.0,369200.0,0.4,21,-4.156823599999997,0.10801806740589999,0.1080170282,0.15210620032356803,-4.5249648959294655,1
XRPUSDT,2024-08-28,2024-09-21,0.5664831,0.5844076500000001,TARGET_ZERO,198.10000000000002,368.70000000000005,0.1570999646767926,24,5.797349999999986,0.21267876566250005,0.21268021500000003,0.3773883845286,4.994602634808886,1
AVAXUSDT,2024-09-21,2024-09-22,27.667827,27.751117500000003,TARGET_ZERO,6.0,6.0,0.15986078466823356,1,0.6660000000000039,0.16625683349999998,0.16625700000000002,0.0484477758,0.285038390700004,0
XRPUSDT,2024-09-22,2024-09-24,0.5976987,0.5841078000000001,TARGET_ZERO,393.8,393.8,0.11896032144650924,2,-5.119400000000005,0.23269769985000005,0.23269642000000001,0.0985336840752,-5.683327803925205,0
FETUSDT,2024-09-19,2024-09-27,1.4528260499999999,1.6275858,TARGET_ZERO,91.0,91.0,0.2331554300667998,8,16.04330000000001,0.140158739175,0.14016275,0.297939761574,15.46503874925101,0
AAVEUSDT,2024-08-22,2024-09-29,140.14003499999998,163.73809,TARGET_ZERO,1.9000000000000001,1.9000000000000001,0.2236828954882923,38,22.584999999999987,0.27741985375,0.2774255,0.08316833947000007,21.946986306779987,1
BNBUSDT,2024-09-24,2024-10-01,605.272485,567.366175,TARGET_ZERO,0.52,0.52,0.10785410846818853,7,-19.406400000000026,0.30488605160000004,0.3048812,0.016494839868000002,-20.032662091468026,0
1000SATSUSDT,2024-09-27,2024-10-01,0.0003349674,0.0002687905375,STOP,498085.0,498085.0,0.23927397669554834,4,-32.811349375000006,0.15036138614984376,0.1503531833125,0.246740966264975,-33.35880491072732,0
XRPUSDT,2024-09-29,2024-10-02,0.61400685,0.5655720725000001,STOP,579.5,579.5,0.11240221642764016,3,-27.726177500000013,0.341782992794375,0.34177606125000004,0.339101060275,-28.748837614319385,0
AAVEUSDT,2024-10-01,2024-10-03,156.69831,139.000465,TARGET_ZERO,1.3,1.3,0.1881776387203882,2,-22.815000000000015,0.19220420375,0.19219850000000002,-0.01965664428,-23.179746059470013,0
FTMUSDT,2024-09-18,2024-10-04,0.57558765,0.60659655,TARGET_ZERO,335.0,335.0,0.20619784422809456,16,18.165899999999997,0.20180390852500002,0.20180845000000003,0.605261095478,17.157026545996995,2
PEOPLEUSDT,2024-10-02,2024-10-04,0.06737367,0.06015990500000001,TARGET_ZERO,1860.0,1860.0,0.2787050787050787,2,-13.298999999999994,0.11860622475,0.1186029,-0.024164231664,-13.512044893085994,0
BNBUSDT,2024-10-04,2024-10-08,544.9123199999999,564.0578300000001,TARGET_ZERO,0.39,0.39,0.12520472238542896,4,7.683000000000018,0.21624917925000003,0.21625110000000003,0.0,7.2504997207500175,0
XRPUSDT,2024-10-03,2024-10-08,0.53816895,0.5279359,TARGET_ZERO,369.5,369.5,0.1683212493028445,5,-4.136310000000018,0.19668692907750002,0.196685895,0.1332051737712,-4.662887997848718,1
1000PEPEUSDT,2024-10-03,2024-10-11,0.00924171855,0.009285255050000002,TARGET_ZERO,9588.0,9588.0,0.2833421744919942,8,1.687221300000004,0.08940850364467501,0.08940892545000001,0.07371275486760501,1.434691116037724,1
SEIUSDT,2024-10-11,2024-10-15,0.40950464999999997,0.4931533,TARGET_ZERO,249.0,249.0,0.351710236989983,4,20.9409,0.112380914775,0.11238614999999999,0.066004643859,20.650128291366002,0
REEFUSDT,2024-09-17,2024-10-15,0.002551275,0.007042626925,STOP,71665.0,71665.0,0.33722069776558217,28,165.15548765,0.2652822049530875,0.265323493825,-18.846948698863425,183.47183065008534,5
WIFUSDT,2024-10-04,2024-10-17,2.03751825,2.63218325,TARGET_ZERO,40.6,59.400000000000006,0.3244119235868978,13,24.16209999999999,0.14290370947500003,0.14290975,0.38470213925540003,23.49158440126959,2
1000SHIBUSDT,2024-10-16,2024-10-19,0.018241116,0.018772609000000003,TARGET_ZERO,7682.0,7682.0,0.27846094778411584,3,4.225099999999988,0.142169717725,0.142170774,0.11525012806912002,3.8255093802058675,0
FTMUSDT,2024-10-15,2024-10-20,0.7335666,0.7192402000000001,TARGET_ZERO,193.0,193.0,0.2697872630574115,5,-2.62479999999999,0.14019585620000002,0.14019520000000002,0.20624721737600002,-3.11143827357599,0
TAOUSDT,2024-10-08,2024-10-20,610.92531,557.431145,TARGET_ZERO,0.243,0.243,0.3388947118455316,12,-12.857129999999989,0.1419553092825,0.141952095,0.5192620882487999,-13.660299492531289,0
APTUSDT,2024-10-17,2024-10-21,10.040917949999999,9.990202400000001,TARGET_ZERO,19.0,19.0,0.23792933369204564,4,-0.7732999999999866,0.190295643325,0.19029545,0.22628734,-1.3801784333249867,0
SAGAUSDT,2024-10-08,2024-10-22,2.7524755499999998,2.67416225,TARGET_ZERO,39.2,39.2,0.4,14,-2.963520000000002,0.10636210088,0.10636136000000002,0.29561533309839993,-3.4718587939784022,0
SUIUSDT,2024-09-04,2024-10-22,0.78529245,2.00789555,TARGET_ZERO,37.800000000000004,182.90000000000003,0.29548987132118737,48,167.26946,0.2586610126350001,0.25870283000000005,-0.049280244792199945,166.8013764021572,6
1000SHIBUSDT,2024-10-20,2024-10-23,0.019022506499999998,0.0181399255,TARGET_ZERO,10415.0,10415.0,0.21287803082101722,3,-8.998560000000003,0.19352336464,0.193521115,0.16569155479635,-9.551296034436353,0
FTMUSDT,2024-10-21,2024-10-23,0.76368165,0.7088454000000001,TARGET_ZERO,227.0,227.0,0.24289270273811078,2,-12.280699999999982,0.167131820175,0.16712875,0.09370470562,-12.708665275794981,0
WLDUSDT,2024-10-23,2024-10-24,2.3055521999999997,2.2448770000000002,TARGET_ZERO,59.0,59.0,0.2860038191129244,1,-3.4455999999999873,0.13423766139999999,0.1342368,0.040443320000000005,-3.7545177813999873,0
1000SHIBUSDT,2024-10-24,2024-10-26,0.0176498205,0.016530730500000004,TARGET_ZERO,11122.0,11122.0,0.20073691967575538,2,-12.256443999999984,0.19007804411100004,0.19007498,0.06631956042715999,-12.702916584538146,0
WIFUSDT,2024-10-26,2024-10-29,2.3135562,2.46566655,TARGET_ZERO,34.6,34.6,0.3347885313959523,3,5.345700000000003,0.08268055357500001,0.08268189000000001,0.0653857204968,5.114951835928203,0
SUIUSDT,2024-10-23,2024-10-30,1.9395693,2.06926485,TARGET_ZERO,65.5,65.5,0.31011244648475783,7,8.626349999999995,0.13128931841250002,0.131291475,0.13199276895899997,8.231776437628495,0
TURBOUSDT,2024-10-29,2024-10-30,0.00924512025,0.009403196050000001,TARGET_ZERO,9117.0,9117.0,0.4,1,1.5261857999999986,0.08500834985355,0.08500873140000001,0.017147003019255,1.3390217157271933,0
APTUSDT,2024-10-22,2024-11-02,10.1088519,8.928233650000001,TARGET_ZERO,19.900000000000002,19.900000000000002,0.2211913221627293,11,-18.62188999999999,0.19175933047250002,0.19175467500000004,0.5191158290906001,-19.52451983456309,1
BNBUSDT,2024-10-30,2024-11-02,607.0033500000001,572.6435349999999,TARGET_ZERO,0.86,0.86,0.08276441792619212,3,-29.042200000000083,0.5072481605500001,0.5072409,0.131875625,-30.18856468555008,0
MEWUSDT,2024-11-02,2024-11-03,0.0092996475,0.008772611500000001,TARGET_ZERO,10791.0,10791.0,0.3920234509466437,1,-5.5897379999999925,0.09750887343450002,0.097507476,0.029811216599999996,-5.814565566034492,0
DOGEUSDT,2024-10-20,2024-11-03,0.14408200499999999,0.14533079825,STOP,1830.0,1830.0,0.15992570476322734,14,2.5501049999999843,0.26481271497375003,0.2648133525,1.165012617012,0.8554663155142341,0
SOLUSDT,2024-10-22,2024-11-04,166.20306,155.1086069,STOP,1.67,1.67,0.133568891831698,13,-11.542545999999987,0.27165201263649996,0.271649127,0.8935244183759997,-12.979371558012486,1
APTUSDT,2024-11-03,2024-11-05,8.63441505,8.0547706,TARGET_ZERO,16.3,16.3,0.245390551673793,2,-8.805270000000014,0.13627019631749998,0.136267995,0.07204141200000001,-9.149849603317517,1
APEUSDT,2024-11-05,2024-11-07,0.9121558499999999,1.07376285,TARGET_ZERO,98.0,98.0,0.4,2,15.934800000000008,0.0973100163,0.09731400000000001,0.042103839568,15.698072144132007,0
MEWUSDT,2024-11-05,2024-11-07,0.0078049005,0.0096721615,TARGET_ZERO,8591.0,8591.0,0.4,2,16.116716,0.075072719821,0.075076749,0.10275386116093999,15.863812670018058,0
1000SHIBUSDT,2024-10-30,2024-11-10,0.019081535999999996,0.0205167365,TARGET_ZERO,10379.0,10379.0,0.18366801237351232,11,15.101445000000014,0.20549523513875,0.20549901050000002,0.47874471450596,14.211706039855304,0
ENAUSDT,2024-11-07,2024-11-11,0.48514244999999995,0.5540228500000001,TARGET_ZERO,288.0,288.0,0.2796452876881831,4,19.987200000000005,0.1496398032,0.1496448,-0.71273354112,20.400648937920003,0
1000SHIBUSDT,2024-11-11,2024-11-12,0.026095041,0.027912037,TARGET_ZERO,8958.0,8958.0,0.1845512402714412,1,16.518551999999985,0.241897702362,0.24190183199999998,0.11898586600836,15.915766599629626,0
BNBUSDT,2024-11-10,2024-11-12,625.382535,660.199735,TARGET_ZERO,0.7000000000000001,0.7000000000000001,0.09957844046971497,2,24.821999999999946,0.44995379450000006,0.44996,0.7873724351500001,23.134713770349943,0
1000PEPEUSDT,2024-11-12,2024-11-19,0.0130097016,0.020482753500000003,TARGET_ZERO,15310.0,15310.0,0.21949520118124774,7,122.823378,0.2604599751555,0.260490681,1.0455547600064101,121.2568725838381,2
WIFUSDT,2024-11-12,2024-11-19,3.1300642499999998,3.4521730500000003,TARGET_ZERO,54.1,54.1,0.25789355921368073,7,28.233800000000016,0.18336169155000004,0.18336875000000002,1.0306088335263002,26.836460724923715,1
1000SHIBUSDT,2024-11-19,2024-11-21,0.0248874375,0.023871058500000004,TARGET_ZERO,5722.0,5722.0,0.31191605692691166,2,-5.6762239999999995,0.139498057056,0.139496638,0.13756320281,-6.092781897865999,0
SUIUSDT,2024-11-02,2024-11-21,1.9901946,3.52213805,TARGET_ZERO,58.2,58.2,0.27156394530464506,19,92.50063,0.16199862984250002,0.162021755,1.3047973211867,90.8718122939708,1
LINKUSDT,2024-11-21,2024-11-22,14.249121,14.901545500000001,TARGET_ZERO,13.370000000000001,13.370000000000001,0.2330419212133979,1,8.917789999999998,0.1948722055525,0.194874435,0.06703228751590001,8.461011071931598,0
ADAUSDT,2024-11-22,2024-11-23,0.8231113499999999,1.0172911,TARGET_ZERO,214.0,214.0,0.25324580598103574,1,41.75140000000001,0.19692306215,0.19693349999999998,0.127226478998,41.230316958852015,0
APEUSDT,2024-11-23,2024-11-24,1.2188090999999999,1.30824555,TARGET_ZERO,121.0,121.0,0.30346002298473157,1,10.9747,0.152886806325,0.15288954999999999,0.188929101977,10.479994541698002,0
APTUSDT,2024-11-21,2024-11-24,11.7928935,12.747123250000001,TARGET_ZERO,12.100000000000001,12.100000000000001,0.309639576211521,3,11.69465,0.14846710133750002,0.14847002500000006,0.39697894451930005,11.000733929143198,0
BTCUSDT,2024-10-19,2024-11-26,68442.0039,93017.46800000001,TARGET_ZERO,0.006,0.008,0.09084578074430107,38,158.22709999999998,0.6294005932250001,0.6294401500000001,6.774420172186003,150.19383908458897,5
SOLUSDT,2024-11-07,2024-11-26,186.6933,234.16286000000002,TARGET_ZERO,1.48,1.48,0.1643022881946305,19,70.34860000000002,0.31132471285,0.3113423,3.081342896592,66.64459009055801,2
1000SHIBUSDT,2024-11-24,2024-11-27,0.025954970999999997,0.024352817500000002,TARGET_ZERO,5296.0,5296.0,0.3277889137306299,3,-8.351791999999993,0.133215023948,0.133212936,0.17005705145024003,-8.788277011398232,0
ENAUSDT,2024-11-26,2024-11-28,0.6317156999999999,0.7079458500000001,TARGET_ZERO,177.0,177.0,0.4,2,13.611300000000014,0.118560047175,0.11856345,-0.07346708095799999,13.447643583783014,0
AVAXUSDT,2024-11-27,2024-11-30,42.771375,44.86355700000001,TARGET_ZERO,3.0,3.0,0.2768642402694611,3,6.408000000000008,0.13145239800000003,0.13145400000000002,0.14952602919000002,5.995567572810009,0
TIAUSDT,2024-11-26,2024-12-01,7.7674818,8.369713050000001,TARGET_ZERO,20.0,20.0,0.27911208995015646,5,12.20600000000001,0.16137194850000003,0.161375,0.67704833126,11.206204720240011,0
WLDUSDT,2024-12-01,2024-12-02,3.63131475,3.40479675,TARGET_ZERO,44.0,44.0,0.28040333911893545,1,-9.812000000000014,0.154794453,0.15479199999999999,0.13519151756,-10.256777970560012,0
1000SHIBUSDT,2024-11-30,2024-12-04,0.026072029499999996,0.028617684000000004,TARGET_ZERO,4961.0,4961.0,0.3483960092095166,4,12.764653000000012,0.13565783433675,0.1356610255,0.45510898322956,12.038225156933704,0
XLMUSDT,2024-12-02,2024-12-05,0.56192082,0.48938518500000006,TARGET_ZERO,211.0,211.0,0.3818077416138452,3,-15.194110000000006,0.1109127835275,0.11090898500000002,0.1945681241843,-15.610499892711806,0
BNBUSDT,2024-12-04,2024-12-06,736.0278299999999,717.411115,TARGET_ZERO,0.4,0.4,0.15255685293677884,2,-7.155999999999994,0.29068778900000003,0.290686,0.5928873994000001,-8.330261188399994,0
ADAUSDT,2024-11-24,2024-12-08,1.0671332999999998,1.2109942,TARGET_ZERO,174.0,174.0,0.24208157524613216,14,18.793200000000006,0.19498030169999997,0.19498500000000002,1.7594324669580004,16.643802231342008,1
XRPUSDT,2024-11-19,2024-12-09,1.1155575,2.05007445,STOP,183.5,183.5,0.21689534570890504,20,136.40751,0.2727721531225,0.272806255,2.2369574085436996,133.6249741833338,4
DOGEUSDT,2024-11-04,2024-12-11,0.151365645,0.39352314000000005,TARGET_ZERO,1439.0,1439.0,0.24647035494745195,37,228.6355699999999,0.3319669361075,0.332024095,3.876363414544101,224.09521555434827,5
BNBUSDT,2024-12-11,2024-12-13,677.55861,705.8369050000001,TARGET_ZERO,0.3,0.3,0.20901922565783648,2,8.691000000000008,0.20750932725000001,0.20751150000000002,0.07153592712,8.204443245630008,0
1000PEPEUSDT,2024-12-08,2024-12-16,0.024943765649999998,0.024151018450000002,TARGET_ZERO,5800.0,5800.0,0.3141431218713901,8,-4.455559999999999,0.14237487389,0.14237376000000002,0.4688252278603999,-5.209133861750399,0
LINKUSDT,2024-12-13,2024-12-18,29.144564999999997,27.84607,TARGET_ZERO,5.37,5.37,0.3114837956605329,5,-6.819899999999998,0.153019854975,0.15301815000000002,0.23326259700000002,-7.359200601974998,0
ENSUSDT,2024-12-18,2024-12-19,42.3621705,39.516232,TARGET_ZERO,2.8000000000000003,2.8000000000000003,0.4,1,-7.854,0.11462976350000001,0.11462780000000002,0.034781040000000006,-8.1180386035,0
ETHUSDT,2024-11-28,2024-12-19,3657.717945,3623.597295,TARGET_ZERO,0.074,0.074,0.16465789358512856,21,-2.255519999999997,0.26940866387999995,0.26940809999999993,2.8328420238835994,-5.627178787763596,0
BTCUSDT,2024-12-05,2024-12-20,98719.1349,93779.6317275,STOP,0.004,0.004,0.10264037223142239,15,-19.373020000000018,0.384997533255,0.38499269,2.5947389296760006,-22.73774915293102,0
ENAUSDT,2024-12-16,2024-12-20,1.2520257,0.8532547866862499,STOP,119.0,119.0,0.31815966117947897,4,-47.328486327500016,0.12526418895783187,0.12525235683625,-1.093833404412,-46.48516946888209,0
BTCUSDT,2024-12-21,2024-12-23,97813.38225,95105.8233,TARGET_ZERO,0.003,0.003,0.14518275568611885,2,-7.833300000000017,0.289378808325,0.28937685,0.14786549688900003,-8.559921155214019,0
LINKUSDT,2024-12-19,2024-12-25,24.867427499999998,25.404291500000003,TARGET_ZERO,4.5200000000000005,4.5200000000000005,0.38997585998793,6,1.6983200000000045,0.11319333542000001,0.11319376000000002,0.1331861414232,1.3387467631568044,1
XRPUSDT,2024-12-10,2024-12-27,2.2133061,2.15382255,TARGET_ZERO,47.1,47.1,0.39902359641985347,17,-2.6988300000000054,0.10284587970750002,0.10284520500000001,0.3954837860205,-3.300004870728005,0
LINKUSDT,2024-12-27,2024-12-28,22.676332499999997,21.547221,TARGET_ZERO,3.94,3.94,0.4,1,-4.361579999999997,0.08712040039499999,0.08711931,0.0159113667624,-4.551731077157398,0
LTCUSDT,2024-12-28,2024-12-30,100.57025999999999,98.38078500000002,TARGET_ZERO,0.996,0.996,0.3563768404297652,2,-2.0816399999999895,0.09907762041000001,0.0990771,0.0286764325044,-2.30847115291439,0
AAVEUSDT,2024-12-23,,319.03943999999996,,OPEN_AT_PERIOD_END,0.30000000000000004,0.4,0.3923388108379327,8,-10.527000000000005,0.06703700174999999,0.06700350000000001,0.3249428535200001,-10.985983355270005,1
BNBUSDT,2024-12-19,,686.853255,,OPEN_AT_PERIOD_END,0.33,0.35,0.19224342632384006,12,-0.9140999999999934,0.189938714025,0.18987705,-0.22113823540299998,-1.0727775286219934,2
CRVUSDT,2024-12-30,,0.9484739999999999,,OPEN_AT_PERIOD_END,91.10000000000001,91.10000000000001,0.4,1,-5.010499999999995,0.0432029907,0.0431814,-0.013932622648000001,-5.082951768051995,0
ENAUSDT,2024-12-21,,1.1797895999999999,,OPEN_AT_PERIOD_END,100.0,134.0,0.4,10,-30.472300000000004,0.093620316175,0.09359065,-1.235246712638,-29.424264253537004,2
HBARUSDT,2024-12-25,,0.32892437999999996,,OPEN_AT_PERIOD_END,322.0,440.0,0.3968730989171432,6,-20.44496000000001,0.06939536034,0.06936068000000001,0.11881412297260001,-20.70253016331261,1
SUIUSDT,2024-12-06,,4.2325152,,OPEN_AT_PERIOD_END,42.2,42.2,0.2532019005744274,25,-2.677480000000024,0.10944305219250001,0.10940849500000001,0.0973330548922002,-2.9936646020847237,1
