day,MANDATE|conservative|base|brakes_on|no_overlay,MANDATE|conservative|base|brakes_off|no_overlay,MANDATE|conservative|cost_x2|brakes_on|no_overlay,MANDATE|conservative|cost_x2|brakes_off|no_overlay,MANDATE|balanced|base|brakes_on|no_overlay,MANDATE|balanced|base|brakes_off|no_overlay,MANDATE|balanced|cost_x2|brakes_on|no_overlay,MANDATE|balanced|cost_x2|brakes_off|no_overlay,MANDATE|aggressive|base|brakes_on|no_overlay,MANDATE|aggressive|base|brakes_off|no_overlay,MANDATE|aggressive|cost_x2|brakes_on|no_overlay,MANDATE|aggressive|cost_x2|brakes_off|no_overlay,EXECUTABLE|conservative|base|brakes_on|no_overlay,EXECUTABLE|conservative|base|brakes_off|no_overlay,EXECUTABLE|conservative|cost_x2|brakes_on|no_overlay,EXECUTABLE|conservative|cost_x2|brakes_off|no_overlay,EXECUTABLE|balanced|base|brakes_on|no_overlay,EXECUTABLE|balanced|base|brakes_off|no_overlay,EXECUTABLE|balanced|cost_x2|brakes_on|no_overlay,EXECUTABLE|balanced|cost_x2|brakes_off|no_overlay,EXECUTABLE|aggressive|base|brakes_on|no_overlay,EXECUTABLE|aggressive|base|brakes_off|no_overlay,EXECUTABLE|aggressive|cost_x2|brakes_on|no_overlay,EXECUTABLE|aggressive|cost_x2|brakes_off|no_overlay,MANDATE|conservative|base|brakes_on|overlay,MANDATE|balanced|base|brakes_on|overlay,MANDATE|aggressive|base|brakes_on|overlay
2020-01-01,10000.0,10000.0,10000.0,10000.0,10000.0,10000.0,10000.0,10000.0,10000.0,10000.0,10000.0,10000.0,10000.0,10000.0,10000.0,10000.0,10000.0,10000.0,10000.0,10000.0,10000.0,10000.0,10000.0,10000.0,10000.0,10000.0,10000.0
2020-01-02,10000.0,10000.0,10000.0,10000.0,10000.0,10000.0,10000.0,10000.0,10000.0,10000.0,10000.0,10000.0,10000.0,10000.0,10000.0,10000.0,10000.0,10000.0,10000.0,10000.0,10000.0,10000.0,10000.0,10000.0,10000.0,10000.0,10000.0
2020-01-03,10000.0,10000.0,10000.0,10000.0,10000.0,10000.0,10000.0,10000.0,10000.0,10000.0,10000.0,10000.0,10000.0,10000.0,10000.0,10000.0,10000.0,10000.0,10000.0,10000.0,10000.0,10000.0,10000.0,10000.0,10000.0,10000.0,10000.0
2020-01-04,10000.0,10000.0,10000.0,10000.0,10000.0,10000.0,10000.0,10000.0,10000.0,10000.0,10000.0,10000.0,10000.0,10000.0,10000.0,10000.0,10000.0,10000.0,10000.0,10000.0,10000.0,10000.0,10000.0,10000.0,10000.0,10000.0,10000.0
2020-01-05,10000.0,10000.0,10000.0,10000.0,10000.0,10000.0,10000.0,10000.0,10000.0,10000.0,10000.0,10000.0,10000.0,10000.0,10000.0,10000.0,10000.0,10000.0,10000.0,10000.0,10000.0,10000.0,10000.0,10000.0,10000.0,10000.0,10000.0
2020-01-06,10000.0,10000.0,10000.0,10000.0,10000.0,10000.0,10000.0,10000.0,10000.0,10000.0,10000.0,10000.0,10000.0,10000.0,10000.0,10000.0,10000.0,10000.0,10000.0,10000.0,10000.0,10000.0,10000.0,10000.0,10000.0,10000.0,10000.0
2020-01-07,10000.0,10000.0,10000.0,10000.0,10000.0,10000.0,10000.0,10000.0,10000.0,10000.0,10000.0,10000.0,10000.0,10000.0,10000.0,10000.0,10000.0,10000.0,10000.0,10000.0,10000.0,10000.0,10000.0,10000.0,10000.0,10000.0,10000.0
2020-01-08,10000.0,10000.0,10000.0,10000.0,10000.0,10000.0,10000.0,10000.0,10000.0,10000.0,10000.0,10000.0,10000.0,10000.0,10000.0,10000.0,10000.0,10000.0,10000.0,10000.0,10000.0,10000.0,10000.0,10000.0,10000.0,10000.0,10000.0
2020-01-09,10000.0,10000.0,10000.0,10000.0,10000.0,10000.0,10000.0,10000.0,10000.0,10000.0,10000.0,10000.0,10000.0,10000.0,10000.0,10000.0,10000.0,10000.0,10000.0,10000.0,10000.0,10000.0,10000.0,10000.0,10000.0,10000.0,10000.0
2020-01-10,10000.0,10000.0,10000.0,10000.0,10000.0,10000.0,10000.0,10000.0,10000.0,10000.0,10000.0,10000.0,10000.0,10000.0,10000.0,10000.0,10000.0,10000.0,10000.0,10000.0,10000.0,10000.0,10000.0,10000.0,10000.0,10000.0,10000.0
2020-01-11,10000.0,10000.0,10000.0,10000.0,10000.0,10000.0,10000.0,10000.0,10000.0,10000.0,10000.0,10000.0,10000.0,10000.0,10000.0,10000.0,10000.0,10000.0,10000.0,10000.0,10000.0,10000.0,10000.0,10000.0,10000.0,10000.0,10000.0
2020-01-12,10000.0,10000.0,10000.0,10000.0,10000.0,10000.0,10000.0,10000.0,10000.0,10000.0,10000.0,10000.0,10000.0,10000.0,10000.0,10000.0,10000.0,10000.0,10000.0,10000.0,10000.0,10000.0,10000.0,10000.0,10000.0,10000.0,10000.0
2020-01-13,10000.0,10000.0,10000.0,10000.0,10000.0,10000.0,10000.0,10000.0,10000.0,10000.0,10000.0,10000.0,10000.0,10000.0,10000.0,10000.0,10000.0,10000.0,10000.0,10000.0,10000.0,10000.0,10000.0,10000.0,10000.0,10000.0,10000.0
2020-01-14,10000.0,10000.0,10000.0,10000.0,10000.0,10000.0,10000.0,10000.0,10000.0,10000.0,10000.0,10000.0,10000.0,10000.0,10000.0,10000.0,10000.0,10000.0,10000.0,10000.0,10000.0,10000.0,10000.0,10000.0,10000.0,10000.0,10000.0
2020-01-15,10000.0,10000.0,10000.0,10000.0,10000.0,10000.0,10000.0,10000.0,10000.0,10000.0,10000.0,10000.0,10000.0,10000.0,10000.0,10000.0,10000.0,10000.0,10000.0,10000.0,10000.0,10000.0,10000.0,10000.0,10000.0,10000.0,10000.0
2020-01-16,10000.0,10000.0,10000.0,10000.0,10000.0,10000.0,10000.0,10000.0,10000.0,10000.0,10000.0,10000.0,10000.0,10000.0,10000.0,10000.0,10000.0,10000.0,10000.0,10000.0,10000.0,10000.0,10000.0,10000.0,10000.0,10000.0,10000.0
2020-01-17,10000.0,10000.0,10000.0,10000.0,10000.0,10000.0,10000.0,10000.0,10000.0,10000.0,10000.0,10000.0,10000.0,10000.0,10000.0,10000.0,10000.0,10000.0,10000.0,10000.0,10000.0,10000.0,10000.0,10000.0,10000.0,10000.0,10000.0
2020-01-18,10000.0,10000.0,10000.0,10000.0,10000.0,10000.0,10000.0,10000.0,10000.0,10000.0,10000.0,10000.0,10000.0,10000.0,10000.0,10000.0,10000.0,10000.0,10000.0,10000.0,10000.0,10000.0,10000.0,10000.0,10000.0,10000.0,10000.0
2020-01-19,10000.0,10000.0,10000.0,10000.0,10000.0,10000.0,10000.0,10000.0,10000.0,10000.0,10000.0,10000.0,10000.0,10000.0,10000.0,10000.0,10000.0,10000.0,10000.0,10000.0,10000.0,10000.0,10000.0,10000.0,10000.0,10000.0,10000.0
2020-01-20,10000.0,10000.0,10000.0,10000.0,10000.0,10000.0,10000.0,10000.0,10000.0,10000.0,10000.0,10000.0,10000.0,10000.0,10000.0,10000.0,10000.0,10000.0,10000.0,10000.0,10000.0,10000.0,10000.0,10000.0,10000.0,10000.0,10000.0
2020-01-21,10000.0,10000.0,10000.0,10000.0,10000.0,10000.0,10000.0,10000.0,10000.0,10000.0,10000.0,10000.0,10000.0,10000.0,10000.0,10000.0,10000.0,10000.0,10000.0,10000.0,10000.0,10000.0,10000.0,10000.0,10000.0,10000.0,10000.0
2020-01-22,10000.0,10000.0,10000.0,10000.0,10000.0,10000.0,10000.0,10000.0,10000.0,10000.0,10000.0,10000.0,10000.0,10000.0,10000.0,10000.0,10000.0,10000.0,10000.0,10000.0,10000.0,10000.0,10000.0,10000.0,10000.0,10000.0,10000.0
2020-01-23,10000.0,10000.0,10000.0,10000.0,10000.0,10000.0,10000.0,10000.0,10000.0,10000.0,10000.0,10000.0,10000.0,10000.0,10000.0,10000.0,10000.0,10000.0,10000.0,10000.0,10000.0,10000.0,10000.0,10000.0,10000.0,10000.0,10000.0
2020-01-24,10000.0,10000.0,10000.0,10000.0,10000.0,10000.0,10000.0,10000.0,10000.0,10000.0,10000.0,10000.0,10000.0,10000.0,10000.0,10000.0,10000.0,10000.0,10000.0,10000.0,10000.0,10000.0,10000.0,10000.0,10000.0,10000.0,10000.0
2020-01-25,10000.0,10000.0,10000.0,10000.0,10000.0,10000.0,10000.0,10000.0,10000.0,10000.0,10000.0,10000.0,10000.0,10000.0,10000.0,10000.0,10000.0,10000.0,10000.0,10000.0,10000.0,10000.0,10000.0,10000.0,10000.0,10000.0,10000.0
2020-01-26,10000.0,10000.0,10000.0,10000.0,10000.0,10000.0,10000.0,10000.0,10000.0,10000.0,10000.0,10000.0,10000.0,10000.0,10000.0,10000.0,10000.0,10000.0,10000.0,10000.0,10000.0,10000.0,10000.0,10000.0,10000.0,10000.0,10000.0
2020-01-27,10000.0,10000.0,10000.0,10000.0,10000.0,10000.0,10000.0,10000.0,10000.0,10000.0,10000.0,10000.0,10000.0,10000.0,10000.0,10000.0,10000.0,10000.0,10000.0,10000.0,10000.0,10000.0,10000.0,10000.0,10000.0,10000.0,10000.0
2020-01-28,10000.0,10000.0,10000.0,10000.0,10000.0,10000.0,10000.0,10000.0,10000.0,10000.0,10000.0,10000.0,10000.0,10000.0,10000.0,10000.0,10000.0,10000.0,10000.0,10000.0,10000.0,10000.0,10000.0,10000.0,10000.0,10000.0,10000.0
2020-01-29,10000.0,10000.0,10000.0,10000.0,10000.0,10000.0,10000.0,10000.0,10000.0,10000.0,10000.0,10000.0,10000.0,10000.0,10000.0,10000.0,10000.0,10000.0,10000.0,10000.0,10000.0,10000.0,10000.0,10000.0,10000.0,10000.0,10000.0
2020-01-30,10000.0,10000.0,10000.0,10000.0,10000.0,10000.0,10000.0,10000.0,10000.0,10000.0,10000.0,10000.0,10000.0,10000.0,10000.0,10000.0,10000.0,10000.0,10000.0,10000.0,10000.0,10000.0,10000.0,10000.0,10000.0,10000.0,10000.0
2020-01-31,10000.0,10000.0,10000.0,10000.0,10000.0,10000.0,10000.0,10000.0,10000.0,10000.0,10000.0,10000.0,10000.0,10000.0,10000.0,10000.0,10000.0,10000.0,10000.0,10000.0,10000.0,10000.0,10000.0,10000.0,10000.0,10000.0,10000.0
2020-02-01,10000.0,10000.0,10000.0,10000.0,10000.0,10000.0,10000.0,10000.0,10000.0,10000.0,10000.0,10000.0,10000.0,10000.0,10000.0,10000.0,10000.0,10000.0,10000.0,10000.0,10000.0,10000.0,10000.0,10000.0,10000.0,10000.0,10000.0
2020-02-02,10000.0,10000.0,10000.0,10000.0,10000.0,10000.0,10000.0,10000.0,10000.0,10000.0,10000.0,10000.0,10000.0,10000.0,10000.0,10000.0,10000.0,10000.0,10000.0,10000.0,10000.0,10000.0,10000.0,10000.0,10000.0,10000.0,10000.0
2020-02-03,10000.0,10000.0,10000.0,10000.0,10000.0,10000.0,10000.0,10000.0,10000.0,10000.0,10000.0,10000.0,10000.0,10000.0,10000.0,10000.0,10000.0,10000.0,10000.0,10000.0,10000.0,10000.0,10000.0,10000.0,10000.0,10000.0,10000.0
2020-02-04,10000.0,10000.0,10000.0,10000.0,10000.0,10000.0,10000.0,10000.0,10000.0,10000.0,10000.0,10000.0,10000.0,10000.0,10000.0,10000.0,10000.0,10000.0,10000.0,10000.0,10000.0,10000.0,10000.0,10000.0,10000.0,10000.0,10000.0
2020-02-05,10000.0,10000.0,10000.0,10000.0,10000.0,10000.0,10000.0,10000.0,10000.0,10000.0,10000.0,10000.0,10000.0,10000.0,10000.0,10000.0,10000.0,10000.0,10000.0,10000.0,10000.0,10000.0,10000.0,10000.0,10000.0,10000.0,10000.0
2020-02-06,10000.0,10000.0,10000.0,10000.0,10000.0,10000.0,10000.0,10000.0,10000.0,10000.0,10000.0,10000.0,10000.0,10000.0,10000.0,10000.0,10000.0,10000.0,10000.0,10000.0,10000.0,10000.0,10000.0,10000.0,10000.0,10000.0,10000.0
2020-02-07,10000.0,10000.0,10000.0,10000.0,10000.0,10000.0,10000.0,10000.0,10000.0,10000.0,10000.0,10000.0,10000.0,10000.0,10000.0,10000.0,10000.0,10000.0,10000.0,10000.0,10000.0,10000.0,10000.0,10000.0,10000.0,10000.0,10000.0
2020-02-08,10000.0,10000.0,10000.0,10000.0,10000.0,10000.0,10000.0,10000.0,10000.0,10000.0,10000.0,10000.0,10000.0,10000.0,10000.0,10000.0,10000.0,10000.0,10000.0,10000.0,10000.0,10000.0,10000.0,10000.0,10000.0,10000.0,10000.0
2020-02-09,10000.0,10000.0,10000.0,10000.0,10000.0,10000.0,10000.0,10000.0,10000.0,10000.0,10000.0,10000.0,10000.0,10000.0,10000.0,10000.0,10000.0,10000.0,10000.0,10000.0,10000.0,10000.0,10000.0,10000.0,10000.0,10000.0,10000.0
2020-02-10,10000.0,10000.0,10000.0,10000.0,10000.0,10000.0,10000.0,10000.0,10000.0,10000.0,10000.0,10000.0,10000.0,10000.0,10000.0,10000.0,10000.0,10000.0,10000.0,10000.0,10000.0,10000.0,10000.0,10000.0,10000.0,10000.0,10000.0
2020-02-11,10000.0,10000.0,10000.0,10000.0,10000.0,10000.0,10000.0,10000.0,10000.0,10000.0,10000.0,10000.0,10000.0,10000.0,10000.0,10000.0,10000.0,10000.0,10000.0,10000.0,10000.0,10000.0,10000.0,10000.0,10000.0,10000.0,10000.0
2020-02-12,10000.0,10000.0,10000.0,10000.0,10000.0,10000.0,10000.0,10000.0,10000.0,10000.0,10000.0,10000.0,10000.0,10000.0,10000.0,10000.0,10000.0,10000.0,10000.0,10000.0,10000.0,10000.0,10000.0,10000.0,10000.0,10000.0,10000.0
2020-02-13,10000.0,10000.0,10000.0,10000.0,10000.0,10000.0,10000.0,10000.0,10000.0,10000.0,10000.0,10000.0,10000.0,10000.0,10000.0,10000.0,10000.0,10000.0,10000.0,10000.0,10000.0,10000.0,10000.0,10000.0,10000.0,10000.0,10000.0
2020-02-14,10000.0,10000.0,10000.0,10000.0,10000.0,10000.0,10000.0,10000.0,10000.0,10000.0,10000.0,10000.0,10000.0,10000.0,10000.0,10000.0,10000.0,10000.0,10000.0,10000.0,10000.0,10000.0,10000.0,10000.0,10000.0,10000.0,10000.0
2020-02-15,10000.0,10000.0,10000.0,10000.0,10000.0,10000.0,10000.0,10000.0,10000.0,10000.0,10000.0,10000.0,10000.0,10000.0,10000.0,10000.0,10000.0,10000.0,10000.0,10000.0,10000.0,10000.0,10000.0,10000.0,10000.0,10000.0,10000.0
2020-02-16,10000.0,10000.0,10000.0,10000.0,10000.0,10000.0,10000.0,10000.0,10000.0,10000.0,10000.0,10000.0,10000.0,10000.0,10000.0,10000.0,10000.0,10000.0,10000.0,10000.0,10000.0,10000.0,10000.0,10000.0,10000.0,10000.0,10000.0
2020-02-17,10000.0,10000.0,10000.0,10000.0,10000.0,10000.0,10000.0,10000.0,10000.0,10000.0,10000.0,10000.0,10000.0,10000.0,10000.0,10000.0,10000.0,10000.0,10000.0,10000.0,10000.0,10000.0,10000.0,10000.0,10000.0,10000.0,10000.0
2020-02-18,10000.0,10000.0,10000.0,10000.0,10000.0,10000.0,10000.0,10000.0,10000.0,10000.0,10000.0,10000.0,10000.0,10000.0,10000.0,10000.0,10000.0,10000.0,10000.0,10000.0,10000.0,10000.0,10000.0,10000.0,10000.0,10000.0,10000.0
2020-02-19,10000.0,10000.0,10000.0,10000.0,10000.0,10000.0,10000.0,10000.0,10000.0,10000.0,10000.0,10000.0,10000.0,10000.0,10000.0,10000.0,10000.0,10000.0,10000.0,10000.0,10000.0,10000.0,10000.0,10000.0,10000.0,10000.0,10000.0
2020-02-20,10000.0,10000.0,10000.0,10000.0,10000.0,10000.0,10000.0,10000.0,10000.0,10000.0,10000.0,10000.0,10000.0,10000.0,10000.0,10000.0,10000.0,10000.0,10000.0,10000.0,10000.0,10000.0,10000.0,10000.0,10000.0,10000.0,10000.0
2020-02-21,10000.0,10000.0,10000.0,10000.0,10000.0,10000.0,10000.0,10000.0,10000.0,10000.0,10000.0,10000.0,10000.0,10000.0,10000.0,10000.0,10000.0,10000.0,10000.0,10000.0,10000.0,10000.0,10000.0,10000.0,10000.0,10000.0,10000.0
2020-02-22,10000.0,10000.0,10000.0,10000.0,10000.0,10000.0,10000.0,10000.0,10000.0,10000.0,10000.0,10000.0,10000.0,10000.0,10000.0,10000.0,10000.0,10000.0,10000.0,10000.0,10000.0,10000.0,10000.0,10000.0,10000.0,10000.0,10000.0
2020-02-23,10000.0,10000.0,10000.0,10000.0,10000.0,10000.0,10000.0,10000.0,10000.0,10000.0,10000.0,10000.0,10000.0,10000.0,10000.0,10000.0,10000.0,10000.0,10000.0,10000.0,10000.0,10000.0,10000.0,10000.0,10000.0,10000.0,10000.0
2020-02-24,10000.0,10000.0,10000.0,10000.0,10000.0,10000.0,10000.0,10000.0,10000.0,10000.0,10000.0,10000.0,10000.0,10000.0,10000.0,10000.0,10000.0,10000.0,10000.0,10000.0,10000.0,10000.0,10000.0,10000.0,10000.0,10000.0,10000.0
2020-02-25,10000.0,10000.0,10000.0,10000.0,10000.0,10000.0,10000.0,10000.0,10000.0,10000.0,10000.0,10000.0,10000.0,10000.0,10000.0,10000.0,10000.0,10000.0,10000.0,10000.0,10000.0,10000.0,10000.0,10000.0,10000.0,10000.0,10000.0
2020-02-26,10000.0,10000.0,10000.0,10000.0,10000.0,10000.0,10000.0,10000.0,10000.0,10000.0,10000.0,10000.0,10000.0,10000.0,10000.0,10000.0,10000.0,10000.0,10000.0,10000.0,10000.0,10000.0,10000.0,10000.0,10000.0,10000.0,10000.0
2020-02-27,10000.0,10000.0,10000.0,10000.0,10000.0,10000.0,10000.0,10000.0,10000.0,10000.0,10000.0,10000.0,10000.0,10000.0,10000.0,10000.0,10000.0,10000.0,10000.0,10000.0,10000.0,10000.0,10000.0,10000.0,10000.0,10000.0,10000.0
2020-02-28,10000.0,10000.0,10000.0,10000.0,10000.0,10000.0,10000.0,10000.0,10000.0,10000.0,10000.0,10000.0,10000.0,10000.0,10000.0,10000.0,10000.0,10000.0,10000.0,10000.0,10000.0,10000.0,10000.0,10000.0,10000.0,10000.0,10000.0
2020-02-29,10000.0,10000.0,10000.0,10000.0,10000.0,10000.0,10000.0,10000.0,10000.0,10000.0,10000.0,10000.0,10000.0,10000.0,10000.0,10000.0,10000.0,10000.0,10000.0,10000.0,10000.0,10000.0,10000.0,10000.0,10000.0,10000.0,10000.0
2020-03-01,10000.0,10000.0,10000.0,10000.0,10000.0,10000.0,10000.0,10000.0,10000.0,10000.0,10000.0,10000.0,10000.0,10000.0,10000.0,10000.0,10000.0,10000.0,10000.0,10000.0,10000.0,10000.0,10000.0,10000.0,10000.0,10000.0,10000.0
2020-03-02,10000.0,10000.0,10000.0,10000.0,10000.0,10000.0,10000.0,10000.0,10000.0,10000.0,10000.0,10000.0,10000.0,10000.0,10000.0,10000.0,10000.0,10000.0,10000.0,10000.0,10000.0,10000.0,10000.0,10000.0,10000.0,10000.0,10000.0
2020-03-03,10000.0,10000.0,10000.0,10000.0,10000.0,10000.0,10000.0,10000.0,10000.0,10000.0,10000.0,10000.0,10000.0,10000.0,10000.0,10000.0,10000.0,10000.0,10000.0,10000.0,10000.0,10000.0,10000.0,10000.0,10000.0,10000.0,10000.0
2020-03-04,10000.0,10000.0,10000.0,10000.0,10000.0,10000.0,10000.0,10000.0,10000.0,10000.0,10000.0,10000.0,10000.0,10000.0,10000.0,10000.0,10000.0,10000.0,10000.0,10000.0,10000.0,10000.0,10000.0,10000.0,10000.0,10000.0,10000.0
2020-03-05,10000.0,10000.0,10000.0,10000.0,10000.0,10000.0,10000.0,10000.0,10000.0,10000.0,10000.0,10000.0,10000.0,10000.0,10000.0,10000.0,10000.0,10000.0,10000.0,10000.0,10000.0,10000.0,10000.0,10000.0,10000.0,10000.0,10000.0
2020-03-06,10000.0,10000.0,10000.0,10000.0,10000.0,10000.0,10000.0,10000.0,10000.0,10000.0,10000.0,10000.0,10000.0,10000.0,10000.0,10000.0,10000.0,10000.0,10000.0,10000.0,10000.0,10000.0,10000.0,10000.0,10000.0,10000.0,10000.0
2020-03-07,10000.0,10000.0,10000.0,10000.0,10000.0,10000.0,10000.0,10000.0,10000.0,10000.0,10000.0,10000.0,10000.0,10000.0,10000.0,10000.0,10000.0,10000.0,10000.0,10000.0,10000.0,10000.0,10000.0,10000.0,10000.0,10000.0,10000.0
2020-03-08,10000.0,10000.0,10000.0,10000.0,10000.0,10000.0,10000.0,10000.0,10000.0,10000.0,10000.0,10000.0,10000.0,10000.0,10000.0,10000.0,10000.0,10000.0,10000.0,10000.0,10000.0,10000.0,10000.0,10000.0,10000.0,10000.0,10000.0
2020-03-09,10000.0,10000.0,10000.0,10000.0,10000.0,10000.0,10000.0,10000.0,10000.0,10000.0,10000.0,10000.0,10000.0,10000.0,10000.0,10000.0,10000.0,10000.0,10000.0,10000.0,10000.0,10000.0,10000.0,10000.0,10000.0,10000.0,10000.0
2020-03-10,10000.0,10000.0,10000.0,10000.0,10000.0,10000.0,10000.0,10000.0,10000.0,10000.0,10000.0,10000.0,10000.0,10000.0,10000.0,10000.0,10000.0,10000.0,10000.0,10000.0,10000.0,10000.0,10000.0,10000.0,10000.0,10000.0,10000.0
2020-03-11,10000.0,10000.0,10000.0,10000.0,10000.0,10000.0,10000.0,10000.0,10000.0,10000.0,10000.0,10000.0,10000.0,10000.0,10000.0,10000.0,10000.0,10000.0,10000.0,10000.0,10000.0,10000.0,10000.0,10000.0,10000.0,10000.0,10000.0
2020-03-12,10000.0,10000.0,10000.0,10000.0,10000.0,10000.0,10000.0,10000.0,10000.0,10000.0,10000.0,10000.0,10000.0,10000.0,10000.0,10000.0,10000.0,10000.0,10000.0,10000.0,10000.0,10000.0,10000.0,10000.0,10000.0,10000.0,10000.0
2020-03-13,10000.0,10000.0,10000.0,10000.0,10000.0,10000.0,10000.0,10000.0,10000.0,10000.0,10000.0,10000.0,10000.0,10000.0,10000.0,10000.0,10000.0,10000.0,10000.0,10000.0,10000.0,10000.0,10000.0,10000.0,10000.0,10000.0,10000.0
2020-03-14,10000.0,10000.0,10000.0,10000.0,10000.0,10000.0,10000.0,10000.0,10000.0,10000.0,10000.0,10000.0,10000.0,10000.0,10000.0,10000.0,10000.0,10000.0,10000.0,10000.0,10000.0,10000.0,10000.0,10000.0,10000.0,10000.0,10000.0
2020-03-15,10000.0,10000.0,10000.0,10000.0,10000.0,10000.0,10000.0,10000.0,10000.0,10000.0,10000.0,10000.0,10000.0,10000.0,10000.0,10000.0,10000.0,10000.0,10000.0,10000.0,10000.0,10000.0,10000.0,10000.0,10000.0,10000.0,10000.0
2020-03-16,10000.0,10000.0,10000.0,10000.0,10000.0,10000.0,10000.0,10000.0,10000.0,10000.0,10000.0,10000.0,10000.0,10000.0,10000.0,10000.0,10000.0,10000.0,10000.0,10000.0,10000.0,10000.0,10000.0,10000.0,10000.0,10000.0,10000.0
2020-03-17,10000.0,10000.0,10000.0,10000.0,10000.0,10000.0,10000.0,10000.0,10000.0,10000.0,10000.0,10000.0,10000.0,10000.0,10000.0,10000.0,10000.0,10000.0,10000.0,10000.0,10000.0,10000.0,10000.0,10000.0,10000.0,10000.0,10000.0
2020-03-18,10000.0,10000.0,10000.0,10000.0,10000.0,10000.0,10000.0,10000.0,10000.0,10000.0,10000.0,10000.0,10000.0,10000.0,10000.0,10000.0,10000.0,10000.0,10000.0,10000.0,10000.0,10000.0,10000.0,10000.0,10000.0,10000.0,10000.0
2020-03-19,10000.0,10000.0,10000.0,10000.0,10000.0,10000.0,10000.0,10000.0,10000.0,10000.0,10000.0,10000.0,10000.0,10000.0,10000.0,10000.0,10000.0,10000.0,10000.0,10000.0,10000.0,10000.0,10000.0,10000.0,10000.0,10000.0,10000.0
2020-03-20,10000.0,10000.0,10000.0,10000.0,10000.0,10000.0,10000.0,10000.0,10000.0,10000.0,10000.0,10000.0,10000.0,10000.0,10000.0,10000.0,10000.0,10000.0,10000.0,10000.0,10000.0,10000.0,10000.0,10000.0,10000.0,10000.0,10000.0
2020-03-21,10000.0,10000.0,10000.0,10000.0,10000.0,10000.0,10000.0,10000.0,10000.0,10000.0,10000.0,10000.0,10000.0,10000.0,10000.0,10000.0,10000.0,10000.0,10000.0,10000.0,10000.0,10000.0,10000.0,10000.0,10000.0,10000.0,10000.0
2020-03-22,10000.0,10000.0,10000.0,10000.0,10000.0,10000.0,10000.0,10000.0,10000.0,10000.0,10000.0,10000.0,10000.0,10000.0,10000.0,10000.0,10000.0,10000.0,10000.0,10000.0,10000.0,10000.0,10000.0,10000.0,10000.0,10000.0,10000.0
2020-03-23,10000.0,10000.0,10000.0,10000.0,10000.0,10000.0,10000.0,10000.0,10000.0,10000.0,10000.0,10000.0,10000.0,10000.0,10000.0,10000.0,10000.0,10000.0,10000.0,10000.0,10000.0,10000.0,10000.0,10000.0,10000.0,10000.0,10000.0
2020-03-24,10000.0,10000.0,10000.0,10000.0,10000.0,10000.0,10000.0,10000.0,10000.0,10000.0,10000.0,10000.0,10000.0,10000.0,10000.0,10000.0,10000.0,10000.0,10000.0,10000.0,10000.0,10000.0,10000.0,10000.0,10000.0,10000.0,10000.0
2020-03-25,10000.0,10000.0,10000.0,10000.0,10000.0,10000.0,10000.0,10000.0,10000.0,10000.0,10000.0,10000.0,10000.0,10000.0,10000.0,10000.0,10000.0,10000.0,10000.0,10000.0,10000.0,10000.0,10000.0,10000.0,10000.0,10000.0,10000.0
2020-03-26,10000.0,10000.0,10000.0,10000.0,10000.0,10000.0,10000.0,10000.0,10000.0,10000.0,10000.0,10000.0,10000.0,10000.0,10000.0,10000.0,10000.0,10000.0,10000.0,10000.0,10000.0,10000.0,10000.0,10000.0,10000.0,10000.0,10000.0
2020-03-27,10000.0,10000.0,10000.0,10000.0,10000.0,10000.0,10000.0,10000.0,10000.0,10000.0,10000.0,10000.0,10000.0,10000.0,10000.0,10000.0,10000.0,10000.0,10000.0,10000.0,10000.0,10000.0,10000.0,10000.0,10000.0,10000.0,10000.0
2020-03-28,10000.0,10000.0,10000.0,10000.0,10000.0,10000.0,10000.0,10000.0,10000.0,10000.0,10000.0,10000.0,10000.0,10000.0,10000.0,10000.0,10000.0,10000.0,10000.0,10000.0,10000.0,10000.0,10000.0,10000.0,10000.0,10000.0,10000.0
2020-03-29,10000.0,10000.0,10000.0,10000.0,10000.0,10000.0,10000.0,10000.0,10000.0,10000.0,10000.0,10000.0,10000.0,10000.0,10000.0,10000.0,10000.0,10000.0,10000.0,10000.0,10000.0,10000.0,10000.0,10000.0,10000.0,10000.0,10000.0
2020-03-30,10000.0,10000.0,10000.0,10000.0,10000.0,10000.0,10000.0,10000.0,10000.0,10000.0,10000.0,10000.0,10000.0,10000.0,10000.0,10000.0,10000.0,10000.0,10000.0,10000.0,10000.0,10000.0,10000.0,10000.0,10000.0,10000.0,10000.0
2020-03-31,10000.0,10000.0,10000.0,10000.0,10000.0,10000.0,10000.0,10000.0,10000.0,10000.0,10000.0,10000.0,10000.0,10000.0,10000.0,10000.0,10000.0,10000.0,10000.0,10000.0,10000.0,10000.0,10000.0,10000.0,10000.0,10000.0,10000.0
2020-04-01,10000.0,10000.0,10000.0,10000.0,10000.0,10000.0,10000.0,10000.0,10000.0,10000.0,10000.0,10000.0,10000.0,10000.0,10000.0,10000.0,10000.0,10000.0,10000.0,10000.0,10000.0,10000.0,10000.0,10000.0,10000.0,10000.0,10000.0
2020-04-02,10000.0,10000.0,10000.0,10000.0,10000.0,10000.0,10000.0,10000.0,10000.0,10000.0,10000.0,10000.0,10000.0,10000.0,10000.0,10000.0,10000.0,10000.0,10000.0,10000.0,10000.0,10000.0,10000.0,10000.0,10000.0,10000.0,10000.0
2020-04-03,10000.0,10000.0,10000.0,10000.0,10000.0,10000.0,10000.0,10000.0,10000.0,10000.0,10000.0,10000.0,10000.0,10000.0,10000.0,10000.0,10000.0,10000.0,10000.0,10000.0,10000.0,10000.0,10000.0,10000.0,10000.0,10000.0,10000.0
2020-04-04,10000.0,10000.0,10000.0,10000.0,10000.0,10000.0,10000.0,10000.0,10000.0,10000.0,10000.0,10000.0,10000.0,10000.0,10000.0,10000.0,10000.0,10000.0,10000.0,10000.0,10000.0,10000.0,10000.0,10000.0,10000.0,10000.0,10000.0
2020-04-05,10000.0,10000.0,10000.0,10000.0,10000.0,10000.0,10000.0,10000.0,10000.0,10000.0,10000.0,10000.0,10000.0,10000.0,10000.0,10000.0,10000.0,10000.0,10000.0,10000.0,10000.0,10000.0,10000.0,10000.0,10000.0,10000.0,10000.0
2020-04-06,10000.0,10000.0,10000.0,10000.0,10000.0,10000.0,10000.0,10000.0,10000.0,10000.0,10000.0,10000.0,10000.0,10000.0,10000.0,10000.0,10000.0,10000.0,10000.0,10000.0,10000.0,10000.0,10000.0,10000.0,10000.0,10000.0,10000.0
2020-04-07,10000.0,10000.0,10000.0,10000.0,10000.0,10000.0,10000.0,10000.0,10000.0,10000.0,10000.0,10000.0,10000.0,10000.0,10000.0,10000.0,10000.0,10000.0,10000.0,10000.0,10000.0,10000.0,10000.0,10000.0,10000.0,10000.0,10000.0
2020-04-08,10000.0,10000.0,10000.0,10000.0,10000.0,10000.0,10000.0,10000.0,10000.0,10000.0,10000.0,10000.0,10000.0,10000.0,10000.0,10000.0,10000.0,10000.0,10000.0,10000.0,10000.0,10000.0,10000.0,10000.0,10000.0,10000.0,10000.0
2020-04-09,10000.0,10000.0,10000.0,10000.0,10000.0,10000.0,10000.0,10000.0,10000.0,10000.0,10000.0,10000.0,10000.0,10000.0,10000.0,10000.0,10000.0,10000.0,10000.0,10000.0,10000.0,10000.0,10000.0,10000.0,10000.0,10000.0,10000.0
2020-04-10,10000.0,10000.0,10000.0,10000.0,10000.0,10000.0,10000.0,10000.0,10000.0,10000.0,10000.0,10000.0,10000.0,10000.0,10000.0,10000.0,10000.0,10000.0,10000.0,10000.0,10000.0,10000.0,10000.0,10000.0,10000.0,10000.0,10000.0
2020-04-11,10000.0,10000.0,10000.0,10000.0,10000.0,10000.0,10000.0,10000.0,10000.0,10000.0,10000.0,10000.0,10000.0,10000.0,10000.0,10000.0,10000.0,10000.0,10000.0,10000.0,10000.0,10000.0,10000.0,10000.0,10000.0,10000.0,10000.0
2020-04-12,10000.0,10000.0,10000.0,10000.0,10000.0,10000.0,10000.0,10000.0,10000.0,10000.0,10000.0,10000.0,10000.0,10000.0,10000.0,10000.0,10000.0,10000.0,10000.0,10000.0,10000.0,10000.0,10000.0,10000.0,10000.0,10000.0,10000.0
2020-04-13,10000.0,10000.0,10000.0,10000.0,10000.0,10000.0,10000.0,10000.0,10000.0,10000.0,10000.0,10000.0,10000.0,10000.0,10000.0,10000.0,10000.0,10000.0,10000.0,10000.0,10000.0,10000.0,10000.0,10000.0,10000.0,10000.0,10000.0
2020-04-14,10000.0,10000.0,10000.0,10000.0,10000.0,10000.0,10000.0,10000.0,10000.0,10000.0,10000.0,10000.0,10000.0,10000.0,10000.0,10000.0,10000.0,10000.0,10000.0,10000.0,10000.0,10000.0,10000.0,10000.0,10000.0,10000.0,10000.0
2020-04-15,10000.0,10000.0,10000.0,10000.0,10000.0,10000.0,10000.0,10000.0,10000.0,10000.0,10000.0,10000.0,10000.0,10000.0,10000.0,10000.0,10000.0,10000.0,10000.0,10000.0,10000.0,10000.0,10000.0,10000.0,10000.0,10000.0,10000.0
2020-04-16,10000.0,10000.0,10000.0,10000.0,10000.0,10000.0,10000.0,10000.0,10000.0,10000.0,10000.0,10000.0,10000.0,10000.0,10000.0,10000.0,10000.0,10000.0,10000.0,10000.0,10000.0,10000.0,10000.0,10000.0,10000.0,10000.0,10000.0
2020-04-17,10000.0,10000.0,10000.0,10000.0,10000.0,10000.0,10000.0,10000.0,10000.0,10000.0,10000.0,10000.0,10000.0,10000.0,10000.0,10000.0,10000.0,10000.0,10000.0,10000.0,10000.0,10000.0,10000.0,10000.0,10000.0,10000.0,10000.0
2020-04-18,10000.0,10000.0,10000.0,10000.0,10000.0,10000.0,10000.0,10000.0,10000.0,10000.0,10000.0,10000.0,10000.0,10000.0,10000.0,10000.0,10000.0,10000.0,10000.0,10000.0,10000.0,10000.0,10000.0,10000.0,10000.0,10000.0,10000.0
2020-04-19,10000.0,10000.0,10000.0,10000.0,10000.0,10000.0,10000.0,10000.0,10000.0,10000.0,10000.0,10000.0,10000.0,10000.0,10000.0,10000.0,10000.0,10000.0,10000.0,10000.0,10000.0,10000.0,10000.0,10000.0,10000.0,10000.0,10000.0
2020-04-20,10000.0,10000.0,10000.0,10000.0,10000.0,10000.0,10000.0,10000.0,10000.0,10000.0,10000.0,10000.0,10000.0,10000.0,10000.0,10000.0,10000.0,10000.0,10000.0,10000.0,10000.0,10000.0,10000.0,10000.0,10000.0,10000.0,10000.0
2020-04-21,10000.0,10000.0,10000.0,10000.0,10000.0,10000.0,10000.0,10000.0,10000.0,10000.0,10000.0,10000.0,10000.0,10000.0,10000.0,10000.0,10000.0,10000.0,10000.0,10000.0,10000.0,10000.0,10000.0,10000.0,10000.0,10000.0,10000.0
2020-04-22,10000.0,10000.0,10000.0,10000.0,10000.0,10000.0,10000.0,10000.0,10000.0,10000.0,10000.0,10000.0,10000.0,10000.0,10000.0,10000.0,10000.0,10000.0,10000.0,10000.0,10000.0,10000.0,10000.0,10000.0,10000.0,10000.0,10000.0
2020-04-23,10000.0,10000.0,10000.0,10000.0,10000.0,10000.0,10000.0,10000.0,10000.0,10000.0,10000.0,10000.0,10000.0,10000.0,10000.0,10000.0,10000.0,10000.0,10000.0,10000.0,10000.0,10000.0,10000.0,10000.0,10000.0,10000.0,10000.0
2020-04-24,10000.0,10000.0,10000.0,10000.0,10000.0,10000.0,10000.0,10000.0,10000.0,10000.0,10000.0,10000.0,10000.0,10000.0,10000.0,10000.0,10000.0,10000.0,10000.0,10000.0,10000.0,10000.0,10000.0,10000.0,10000.0,10000.0,10000.0
2020-04-25,10000.0,10000.0,10000.0,10000.0,10000.0,10000.0,10000.0,10000.0,10000.0,10000.0,10000.0,10000.0,10000.0,10000.0,10000.0,10000.0,10000.0,10000.0,10000.0,10000.0,10000.0,10000.0,10000.0,10000.0,10000.0,10000.0,10000.0
2020-04-26,10000.0,10000.0,10000.0,10000.0,10000.0,10000.0,10000.0,10000.0,10000.0,10000.0,10000.0,10000.0,10000.0,10000.0,10000.0,10000.0,10000.0,10000.0,10000.0,10000.0,10000.0,10000.0,10000.0,10000.0,10000.0,10000.0,10000.0
2020-04-27,10000.0,10000.0,10000.0,10000.0,10000.0,10000.0,10000.0,10000.0,10000.0,10000.0,10000.0,10000.0,10000.0,10000.0,10000.0,10000.0,10000.0,10000.0,10000.0,10000.0,10000.0,10000.0,10000.0,10000.0,10000.0,10000.0,10000.0
2020-04-28,10000.0,10000.0,10000.0,10000.0,10000.0,10000.0,10000.0,10000.0,10000.0,10000.0,10000.0,10000.0,10000.0,10000.0,10000.0,10000.0,10000.0,10000.0,10000.0,10000.0,10000.0,10000.0,10000.0,10000.0,10000.0,10000.0,10000.0
2020-04-29,10000.0,10000.0,10000.0,10000.0,10000.0,10000.0,10000.0,10000.0,10000.0,10000.0,10000.0,10000.0,10000.0,10000.0,10000.0,10000.0,10000.0,10000.0,10000.0,10000.0,10000.0,10000.0,10000.0,10000.0,10000.0,10000.0,10000.0
2020-04-30,9993.008120611488,9993.008120611488,9992.782630380558,9992.782630380558,9985.820966751437,9985.820966751437,9985.360721736366,9985.360721736366,9978.641962295833,9978.641962295833,9977.947220750173,9977.947220750173,9997.869752883387,9997.869752883387,9997.764265226939,9997.764265226939,9996.44958813898,9996.44958813898,9996.27377537823,9996.27377537823,9996.44958813898,9996.44958813898,9996.27377537823,9996.27377537823,9993.008120611488,9985.820966751437,9978.641962295833
2020-05-01,9998.323728038691,9998.323728038691,9998.09823780776,9998.09823780776,9996.663777061274,9996.663777061274,9996.203532046204,9996.203532046204,9995.007483666253,9995.007483666253,9994.312742120594,9994.312742120594,10000.284559662885,10000.284559662885,10000.179072006436,10000.179072006436,10000.47426610481,10000.47426610481,10000.29845334406,10000.29845334406,10000.47426610481,10000.47426610481,10000.29845334406,10000.29845334406,9998.323728038691,9996.663777061274,9995.007483666253
2020-05-02,10001.468928990915,10001.468928990915,10001.243438759984,10001.243438759984,10003.103640833006,10003.103640833006,10002.643395817935,10002.643395817935,10004.736073372287,10004.736073372287,10004.041331826627,10004.041331826627,10001.988537199497,10001.988537199497,10001.883049543048,10001.883049543048,10003.314228665835,10003.314228665835,10003.138415905085,10003.138415905085,10003.314228665835,10003.314228665835,10003.138415905085,10003.138415905085,10001.468928990915,10003.103640833006,10004.736073372287
2020-05-03,9997.48113974891,9997.48113974891,9997.25564951798,9997.25564951798,9995.034789208903,9995.034789208903,9994.574544193832,9994.574544193832,9992.5959953089,9992.5959953089,9991.90125376324,9991.90125376324,10001.037941384102,10001.037941384102,10000.932453727653,10000.932453727653,10001.729902306844,10001.729902306844,10001.554089546094,10001.554089546094,10001.729902306844,10001.729902306844,10001.554089546094,10001.554089546094,9997.48113974891,9996.302686051795,9994.497840573238
2020-05-04,9994.994340930623,9994.994340930623,9994.768850699693,9994.768850699693,9990.023002684493,9990.023002684493,9989.562757669422,9989.562757669422,9985.065226588364,9985.065226588364,9984.370485042704,9984.370485042704,10000.69160552241,10000.69160552241,10000.586117865962,10000.586117865962,10001.152675870693,10001.152675870693,10000.976863109943,10000.976863109943,10001.152675870693,10001.152675870693,10000.976863109943,10000.976863109943,9995.610575834184,9993.33118884902,9990.032127596933
2020-05-05,9995.821568197744,9995.821568197744,9995.510492425763,9995.510492425763,9991.625417243828,9991.625417243828,9990.959183497667,9990.959183497667,9987.541326202047,9987.541326202047,9986.537879531481,9986.537879531481,10002.44525915841,10002.44525915841,10002.339771501962,10002.339771501962,10004.075431930693,10004.075431930693,10003.899619169943,10003.899619169943,10004.075431930693,10004.075431930693,10003.899619169943,10003.899619169943,9996.732432050712,9995.560880431978,9993.451149236242
2020-05-06,9992.67312659431,9992.67312659431,9992.33763131071,9992.33763131071,9986.243266897023,9986.243266897023,9985.527988921642,9985.527988921642,9979.540106732728,9979.540106732728,9978.463302416361,9978.463302416361,10003.890526783103,10003.890526783103,10003.785039126655,10003.785039126655,10006.48421130518,10006.48421130518,10006.30839854443,10006.30839854443,10006.48421130518,10006.48421130518,10006.30839854443,10006.30839854443,9994.141835943874,9990.174917075694,9985.433810714903
2020-05-07,10009.670116156703,10009.670116156703,10009.245441845787,10009.245441845787,10022.770263721855,10022.770263721855,10021.945262488289,10021.945262488289,10034.726481199787,10034.726481199787,10033.485408819797,10033.485408819797,10014.018352939102,10014.018352939102,10013.912865282653,10013.912865282653,10023.36392156518,10023.36392156518,10023.18810880443,10023.18810880443,10023.36392156518,10023.36392156518,10023.18810880443,10023.18810880443,10010.0761797497,10026.776715187183,10040.75500386764
2020-05-08,10007.341804063532,10007.341804063532,10006.82007327798,10006.82007327798,10019.061842322988,10019.061842322988,10018.117014277786,10018.117014277786,10029.063049460858,10029.063049460858,10027.64238722796,10027.64238722796,10011.644338142063,10011.644338142063,10011.538850485615,10011.538850485615,10019.40723023678,10019.40723023678,10019.23141747603,10019.23141747603,10019.40723023678,10019.40723023678,10019.23141747603,10019.23141747603,10007.831284875876,10023.133969209763,10035.188933291292
2020-05-09,10001.851547660373,10001.851547660373,10001.329816874822,10001.329816874822,10008.286973097789,10008.286973097789,10007.343262857154,10007.343262857154,10012.761349957167,10012.761349957167,10011.340973689603,10011.340973689603,10008.355470609536,10008.355470609536,10008.249982953088,10008.249982953088,10013.925784349232,10013.925784349232,10013.749971588482,10013.749971588482,10013.925784349232,10013.925784349232,10013.749971588482,10013.749971588482,10002.904110138208,10013.309754332804,10020.311315086874
2020-05-10,9964.723973382363,9964.723973382363,9963.901002600807,9963.901002600807,9904.078658608725,9904.078658608725,9902.594915405796,9902.594915405796,9855.992771542706,9855.992771542706,9853.74485857422,9853.74485857422,9997.008644950769,9997.008644950769,9996.799798819358,9996.799798819358,9995.014408251287,9995.014408251287,9994.666331365603,9994.666331365603,9995.014408251287,9995.014408251287,9994.666331365603,9994.666331365603,9973.791220157953,9943.793392962509,9912.200296998077
2020-05-11,9962.466646761524,9962.466646761524,9961.48730502845,9961.48730502845,9898.52543293357,9898.52543293357,9896.58827716822,9896.58827716822,9847.593771905165,9847.593771905165,9844.662790788303,9844.662790788303,9997.008644950769,9997.008644950769,9996.799798819358,9996.799798819358,9995.014408251287,9995.014408251287,9994.666331365603,9994.666331365603,9995.014408251287,9995.014408251287,9994.666331365603,9994.666331365603,9973.352923241708,9941.165114171374,9907.724122807971
2020-05-12,9964.770793636086,9964.770793636086,9963.773659007698,9963.773659007698,9904.601835252755,9904.601835252755,9902.62930528797,9902.62930528797,9855.032321143377,9855.032321143377,9851.98867017591,9851.98867017591,9997.008644950769,9997.008644950769,9996.799798819358,9996.799798819358,9995.014408251287,9995.014408251287,9994.666331365603,9994.666331365603,9995.014408251287,9995.014408251287,9994.666331365603,9994.666331365603,9973.525239365083,9944.158210723499,9912.85891754222
2020-05-13,9969.108276804085,9969.108276804085,9968.111142175698,9968.111142175698,9916.280904167756,9916.280904167756,9914.30837420297,9914.30837420297,9869.31059170438,9869.31059170438,9866.266940736912,9866.266940736912,9997.008644950769,9997.008644950769,9996.799798819358,9996.799798819358,9995.014408251287,9995.014408251287,9994.666331365603,9994.666331365603,9995.014408251287,9995.014408251287,9994.666331365603,9994.666331365603,9976.80905659584,9951.305076893901,9924.086135400112
2020-05-14,9973.108056010084,9973.108056010084,9972.110921381696,9972.110921381696,9926.597747828324,9926.597747828324,9924.593280218258,9924.593280218258,9881.662130996076,9881.662130996076,9878.57052407169,9878.57052407169,9997.008644950769,9997.008644950769,9996.799798819358,9996.799798819358,9995.014408251287,9995.014408251287,9994.666331365603,9994.666331365603,9995.014408251287,9995.014408251287,9994.666331365603,9994.666331365603,9979.85223143784,9957.307480487492,9933.558783259354
2020-05-15,9968.786089911846,9968.786089911846,9967.788955283459,9967.788955283459,9915.099323693037,9915.099323693037,9913.068372615257,9913.068372615257,9867.552504452913,9867.552504452913,9864.421692422022,9864.421692422022,9997.008644950769,9997.008644950769,9996.799798819358,9996.799798819358,9995.014408251287,9995.014408251287,9994.666331365603,9994.666331365603,9995.014408251287,9995.014408251287,9994.666331365603,9994.666331365603,9976.488333914162,9950.13798056637,9922.339157282444
2020-05-16,9969.259149450801,9969.259149450801,9968.245047737279,9968.245047737279,9919.41674208389,9919.41674208389,9917.323328681965,9917.323328681965,9873.899081497013,9873.899081497013,9870.722249583681,9870.722249583681,9997.008644950769,9997.008644950769,9996.799798819358,9996.799798819358,9995.014408251287,9995.014408251287,9994.666331365603,9994.666331365603,9995.014408251287,9995.014408251287,9994.666331365603,9994.666331365603,9976.838503707224,9953.899357312544,9928.323623211605
2020-05-17,9971.678028961212,9971.678028961212,9970.66392724769,9970.66392724769,9926.28089047287,9926.28089047287,9924.187477070946,9924.187477070946,9882.265152001431,9882.265152001431,9879.0883045821,9879.0883045821,9997.008644950769,9997.008644950769,9996.799798819358,9996.799798819358,9995.014408251287,9995.014408251287,9994.666331365603,9994.666331365603,9995.014408251287,9995.014408251287,9994.666331365603,9994.666331365603,9978.652663340034,9958.034794124313,9934.872753094442
2020-05-18,9972.087925852284,9972.087925852284,9971.07382413876,9971.07382413876,9931.6774409494,9931.6774409494,9929.584027547475,9929.584027547475,9891.219735947729,9891.219735947729,9888.042503031395,9888.042503031395,9997.008644950769,9997.008644950769,9996.799798819358,9996.799798819358,9995.014408251287,9995.014408251287,9994.666331365603,9994.666331365603,9995.014408251287,9995.014408251287,9994.666331365603,9994.666331365603,9978.960086008337,9962.945278590383,9943.503733071437
2020-05-19,9971.975520639064,9971.975520639064,9970.877609830963,9970.877609830963,9931.809609531072,9931.809609531072,9929.492953643237,9929.492953643237,9891.984567053169,9891.984567053169,9888.613374866996,9888.613374866996,9997.008644950769,9997.008644950769,9996.799798819358,9996.799798819358,9995.014408251287,9995.014408251287,9994.666331365603,9994.666331365603,9995.014408251287,9995.014408251287,9994.666331365603,9994.666331365603,9978.76802919752,9963.013298351536,9944.017600227824
2020-05-20,9969.840389799952,9969.840389799952,9968.741273570318,9968.741273570318,9927.930028233637,9927.930028233637,9925.613372345802,9925.613372345802,9883.015030099159,9883.015030099159,9879.643167147453,9879.643167147453,9997.008644950769,9997.008644950769,9996.799798819358,9996.799798819358,9995.014408251287,9995.014408251287,9994.666331365603,9994.666331365603,9995.014408251287,9995.014408251287,9994.666331365603,9994.666331365603,9977.169821954409,9959.965569450096,9936.6920712617
2020-05-21,9953.687571611827,9953.687571611827,9952.471253791135,9952.471253791135,9895.41966421335,9895.41966421335,9892.91402531318,9892.91402531318,9828.800441383615,9828.800441383615,9825.142220194712,9825.142220194712,9997.008644950769,9997.008644950769,9996.799798819358,9996.799798819358,9995.014408251287,9995.014408251287,9994.666331365603,9994.666331365603,9995.014408251287,9995.014408251287,9994.666331365603,9994.666331365603,9961.904824188701,9928.744900593058,9884.984968903313
2020-05-22,9962.61357489965,9962.61357489965,9961.378314129086,9961.378314129086,9913.925956895828,9913.925956895828,9911.351111404709,9911.351111404709,9860.295530912243,9860.295530912243,9856.524089939227,9856.524089939227,9997.008644950769,9997.008644950769,9996.799798819358,9996.799798819358,9995.014408251287,9995.014408251287,9994.666331365603,9994.666331365603,9995.014408251287,9995.014408251287,9994.666331365603,9994.666331365603,9970.622501286349,9946.954253355774,9915.944927889945
2020-05-23,9958.689879780688,9958.689879780688,9957.455684567385,9957.455684567385,9906.260274864273,9906.260274864273,9903.688069373155,9903.688069373155,9848.879318987003,9848.879318987003,9845.112283517898,9845.112283517898,9997.008644950769,9997.008644950769,9996.799798819358,9996.799798819358,9995.014408251287,9995.014408251287,9994.666331365603,9994.666331365603,9995.014408251287,9995.014408251287,9994.666331365603,9994.666331365603,9966.676851982498,9939.24325349459,9904.420828767217
2020-05-24,9948.135441024135,9948.135441024135,9946.904548461227,9946.904548461227,9887.277414123095,9887.277414123095,9884.707988631975,9884.707988631975,9815.158719275594,9815.158719275594,9811.405432888883,9811.405432888883,9997.008644950769,9997.008644950769,9996.799798819358,9996.799798819358,9995.014408251287,9995.014408251287,9994.666331365603,9994.666331365603,9995.014408251287,9995.014408251287,9994.666331365603,9994.666331365603,9957.054235499969,9921.657698723513,9873.432512295696
2020-05-25,9953.36246685293,9953.36246685293,9952.107448448758,9952.107448448758,9897.788859089385,9897.788859089385,9895.174969517397,9895.174969517397,9832.916842205446,9832.916842205446,9829.040111079103,9829.040111079103,9997.008644950769,9997.008644950769,9996.799798819358,9996.799798819358,9995.014408251287,9995.014408251287,9994.666331365603,9994.666331365603,9995.014408251287,9995.014408251287,9994.666331365603,9994.666331365603,9961.913900263819,9931.625060307792,9890.131431985232
2020-05-26,9951.082412709953,9951.082412709953,9949.760013562425,9949.760013562425,9892.500279412889,9892.500279412889,9889.847431314607,9889.847431314607,9824.389009952782,9824.389009952782,9820.460213925739,9820.460213925739,9997.008644950769,9997.008644950769,9996.799798819358,9996.799798819358,9995.014408251287,9995.014408251287,9994.666331365603,9994.666331365603,9995.014408251287,9995.014408251287,9994.666331365603,9994.666331365603,9959.753249616779,9926.517495761633,9881.94676577243
2020-05-27,9955.170932756868,9955.170932756868,9953.847593139339,9953.847593139339,9901.459009278813,9901.459009278813,9898.806054088862,9898.806054088862,9839.080479923285,9839.080479923285,9835.142443579944,9835.142443579944,9997.008644950769,9997.008644950769,9996.799798819358,9996.799798819358,9995.014408251287,9995.014408251287,9994.666331365603,9994.666331365603,9995.014408251287,9995.014408251287,9994.666331365603,9994.666331365603,9963.121104295678,9934.374001745115,9894.463186033328
2020-05-28,9964.121793374587,9964.121793374587,9962.795363560057,9962.795363560057,9920.329816392668,9920.329816392668,9917.674995797528,9917.674995797528,9869.552820399533,9869.552820399533,9865.594700255808,9865.594700255808,9997.008644950769,9997.008644950769,9996.799798819358,9996.799798819358,9995.014408251287,9995.014408251287,9994.666331365603,9994.666331365603,9995.014408251287,9995.014408251287,9994.666331365603,9994.666331365603,9971.327584404422,9952.148482193412,9922.788988057411
2020-05-29,9960.909364283843,9960.909364283843,9959.440962616665,9959.440962616665,9918.181487648653,9918.181487648653,9915.35084129459,9915.35084129459,9865.542345588041,9865.542345588041,9861.319319026252,9861.319319026252,9997.008644950769,9997.008644950769,9996.799798819358,9996.799798819358,9995.014408251287,9995.014408251287,9994.666331365603,9994.666331365603,9995.014408251287,9995.014408251287,9994.666331365603,9994.666331365603,9968.409375591315,9950.44408176624,9919.663434953527
2020-05-30,9997.490769895938,9997.490769895938,9995.868433685151,9995.868433685151,10000.781062594488,10000.781062594488,9997.62754974511,9997.62754974511,9997.646044318448,9997.646044318448,9992.98835916732,9992.98835916732,9997.008644950769,9997.008644950769,9996.799798819358,9996.799798819358,9995.014408251287,9995.014408251287,9994.666331365603,9994.666331365603,9995.014408251287,9995.014408251287,9994.666331365603,9994.666331365603,10004.490092291504,10032.487991019587,10050.739783061252
2020-05-31,9976.594258690817,9976.594258690817,9974.749135046412,9974.749135046412,9948.088806912096,9948.088806912096,9944.408546030865,9944.408546030865,9923.659380470566,9923.659380470566,9918.357821976088,9918.357821976088,9990.772376484518,9990.772376484518,9990.441573954358,9990.441573954358,9985.036378705287,9985.036378705287,9984.493171581602,9984.493171581602,9979.323683368148,9979.323683368148,9978.654603500658,9978.654603500658,9983.594287832471,9979.665138733324,9976.072315006108
2020-06-01,10007.902873747817,10007.902873747817,10006.052420899412,10006.052420899412,10033.753538032495,10033.753538032495,10029.982326193674,10029.982326193674,10052.373072660173,10052.373072660173,10047.008667150743,10047.008667150743,9999.412643984517,9999.412643984517,9999.081841454357,9999.081841454357,9998.860806705286,9998.860806705286,9998.317599581602,9998.317599581602,10000.326808871569,10000.326808871569,9999.657729004079,9999.657729004079,10014.935360455469,10065.596082361359,10106.184395724456
2020-06-02,9993.94384726041,9993.94384726041,9991.590126622841,9991.590126622841,10002.210252396637,10002.210252396637,9997.993137134044,9997.993137134044,10001.098682549384,10001.098682549384,9995.200686276086,9995.200686276086,9983.434317826986,9983.434317826986,9982.960154116521,9982.960154116521,9973.582518750749,9973.582518750749,9972.619319981022,9972.619319981022,9974.857348638663,9974.857348638663,9973.640968747926,9973.640968747926,10000.96584388755,10033.268697104657,10054.746328871095
2020-06-03,10013.049659973669,10013.049659973669,10010.657642691704,10010.657642691704,10039.509310190266,10039.509310190266,10035.224733888232,10035.224733888232,10050.803109768547,10050.803109768547,10044.767142310217,10044.767142310217,9988.837157891428,9988.837157891428,9988.362994180963,9988.362994180963,9986.333817109162,9986.333817109162,9985.369678339435,9985.369678339435,9987.608646997076,9987.608646997076,9986.39226710634,9986.39226710634,10017.025462656144,10068.708838390874,10103.395205010685
2020-06-04,10016.724136906209,10016.724136906209,10014.328975307242,10014.328975307242,10041.66116900921,10041.66116900921,10037.325459326217,10037.325459326217,10050.85655882635,10050.85655882635,10044.415131570793,10044.415131570793,9989.886252855427,9989.886252855427,9989.412089144962,9989.412089144962,9985.09212699854,9985.09212699854,9984.12863627794,9984.12863627794,9986.366956886453,9986.366956886453,9985.150576995717,9985.150576995717,10021.361082101252,10073.371354975623,10103.725458271678
2020-06-05,10002.227577383574,10002.227577383574,9999.836062421606,9999.836062421606,10011.562607435533,10011.562607435533,10006.892831399324,10006.892831399324,10015.38157307775,10015.38157307775,10008.5430880044,10008.5430880044,9985.839088411427,9985.839088411427,9985.364924700962,9985.364924700962,9975.363250743792,9975.363250743792,9974.400509967618,9974.400509967618,9976.638080631707,9976.638080631707,9975.42170074097,9975.42170074097,10010.144353508176,10047.149386466552,10073.643040889066
2020-06-06,10006.2068385702,10006.2068385702,10003.814399165232,10003.814399165232,10016.50380424999,10016.50380424999,10011.833715075287,10011.833715075287,10024.666696836975,10024.666696836975,10017.825352716058,10017.825352716058,9987.376620523428,9987.376620523428,9986.902456812963,9986.902456812963,9977.235401979657,9977.235401979657,9976.27278992615,9976.27278992615,9978.51023186757,9978.51023186757,9977.293851976834,9977.293851976834,10013.402779457872,10051.619987235577,10082.561299515983
2020-06-07,10007.227776125183,10007.227776125183,10004.834892568217,10004.834892568217,10026.995538408253,10026.995538408253,10021.945440730762,10021.945440730762,10030.21679750327,10030.21679750327,10022.869268995622,10022.869268995622,9989.723602681428,9989.723602681428,9989.249438970963,9989.249438970963,9980.781004557513,9980.781004557513,9979.625606775271,9979.625606775271,9977.947138535463,9977.947138535463,9976.347071057717,9976.347071057717,10015.435804773468,10066.971057630017,10091.937237785289
2020-06-08,10009.892397141848,10009.892397141848,10007.452870651867,10007.452870651867,10029.487372669173,10029.487372669173,10024.068109345937,10024.068109345937,10046.803247560918,10046.803247560918,10038.573490890753,10038.573490890753,9991.099998581578,9991.099998581578,9990.625834871113,9990.625834871113,9982.970427268154,9982.970427268154,9981.815029485912,9981.815029485912,9979.901096891428,9979.901096891428,9978.113018608308,9978.113018608308,10017.408423436358,10068.480978709415,10107.533651267977
2020-06-09,10003.096059980939,10003.096059980939,10000.43334373039,10000.43334373039,10010.354905594075,10010.354905594075,10004.543784732965,10004.543784732965,10020.42477328695,10020.42477328695,10011.761206925881,10011.761206925881,9988.867003581492,9988.867003581492,9988.260097588927,9988.260097588927,9979.402616211097,9979.402616211097,9978.035005438393,9978.035005438393,9976.333285834371,9976.333285834371,9974.33409270037,9974.33409270037,10010.693859233495,10049.394603134448,10079.900722578717
2020-06-10,10007.595974841279,10007.595974841279,10004.680069195158,10004.680069195158,10019.855852562334,10019.855852562334,10013.65669862047,10013.65669862047,10029.755941660218,10029.755941660218,10020.27183883815,10020.27183883815,9992.22131543529,9992.22131543529,9991.482405320126,9991.482405320126,9984.725539552917,9984.725539552917,9983.146895873688,9983.146895873688,9981.656209176192,9981.656209176192,9979.446340601846,9979.446340601846,10014.898897769404,10060.158649097855,10091.55172665095
2020-06-11,9963.2239352683,9963.2239352683,9959.859794088115,9959.859794088115,9907.73516210059,9907.73516210059,9900.59350358137,9900.59350358137,9850.229631421755,9850.229631421755,9839.534577273927,9839.534577273927,9961.033212633132,9961.033212633132,9960.133940696738,9960.133940696738,9935.078183004915,9935.078183004915,9933.249165196927,9933.249165196927,9932.014876213601,9932.014876213601,9929.554703202723,9929.554703202723,9970.572039002494,9941.75782690449,9915.547368221132
2020-06-12,9971.974201755296,9971.974201755296,9968.032378163756,9968.032378163756,9936.448492534792,9936.448492534792,9928.37066715498,9928.37066715498,9900.86489571329,9900.86489571329,9888.909317895843,9888.909317895843,9963.210984020096,9963.210984020096,9962.050140729461,9962.050140729461,9938.490999264151,9938.490999264151,9936.243722765283,9936.243722765283,9938.408142278997,9938.408142278997,9935.625581979717,9935.625581979717,9975.351781547044,9961.312114829989,9956.078273281384
2020-06-13,9972.029450675924,9972.029450675924,9967.930187631064,9967.930187631064,9942.227957654652,9942.227957654652,9933.813831676069,9933.813831676069,9908.980307192982,9908.980307192982,9896.477478855211,9896.477478855211,9963.325576440451,9963.325576440451,9962.164733149817,9962.164733149817,9938.671073067566,9938.671073067566,9936.423796568697,9936.423796568697,9938.853939826411,9938.853939826411,9936.071379527131,9936.071379527131,9974.206186273785,9963.315586071074,9960.950207768145
2020-06-14,9956.047553323899,9956.047553323899,9951.953964104101,9951.953964104101,9899.239635830021,9899.239635830021,9890.85496563363,9890.85496563363,9842.749621373421,9842.749621373421,9830.32234158965,9830.32234158965,9961.484630110559,9961.484630110559,9960.323786819925,9960.323786819925,9935.778157406303,9935.778157406303,9933.530880907434,9933.530880907434,9933.33130429315,9933.33130429315,9930.54874399387,9930.54874399387,9959.967235943735,9924.276171913723,9890.582837613229
2020-06-15,9961.061266499177,9961.061266499177,9956.966587129307,9956.966587129307,9899.098410546858,9899.098410546858,9890.60868186189,9890.60868186189,9842.133652157443,9842.133652157443,9829.264347645258,9829.264347645258,9962.654394142557,9962.654394142557,9961.493550851921,9961.493550851921,9937.616358028012,9937.616358028012,9935.369081529141,9935.369081529141,9934.699601298858,9934.699601298858,9931.917040999577,9931.917040999577,9964.993145352168,9925.134272546333,9889.663090054843
2020-06-16,9963.867774937225,9963.867774937225,9959.625376065385,9959.625376065385,9908.107769319528,9908.107769319528,9899.468717343289,9899.468717343289,9856.354399172527,9856.354399172527,9843.274523052944,9843.274523052944,9964.007622338057,9964.007622338057,9962.84677904742,9962.84677904742,9939.742859478087,9939.742859478087,9937.495582979216,9937.495582979216,9938.611052668932,9938.611052668932,9935.82849236965,9935.82849236965,9967.804942470673,9933.984802763865,9905.542916217091
2020-06-17,9965.893369301202,9965.893369301202,9961.651132603414,9961.651132603414,9910.560059662064,9910.560059662064,9901.9181072342,9901.9181072342,9859.378498014854,9859.378498014854,9846.293487027999,9846.293487027999,9963.148974893855,9963.148974893855,9961.988131603219,9961.988131603219,9938.393556351482,9938.393556351482,9936.146279852612,9936.146279852612,9936.620874086326,9936.620874086326,9933.838313787044,9933.838313787044,9969.830833793112,9936.577137187363,9907.850299503305
2020-06-18,9959.326205906758,9959.326205906758,9955.085404025771,9955.085404025771,9892.18345612797,9892.18345612797,9883.553781306598,9883.553781306598,9833.110472932705,9833.110472932705,9820.055560807898,9820.055560807898,9962.091433730366,9962.091433730366,9960.93059043973,9960.93059043973,9936.731705951712,9936.731705951712,9934.484429452841,9934.484429452841,9933.894014182555,9933.894014182555,9931.111453883273,9931.111453883273,9963.261412731066,9918.290956454704,9881.06125497984
2020-06-19,9953.543297807339,9953.543297807339,9949.17303272265,9949.17303272265,9878.582824940679,9878.582824940679,9869.490979350716,9869.490979350716,9811.882558020372,9811.882558020372,9798.514420458085,9798.514420458085,9961.031697012024,9961.031697012024,9959.870853721388,9959.870853721388,9935.066405394315,9935.066405394315,9932.819128895444,9932.819128895444,9931.247212377159,9931.247212377159,9928.464652077877,9928.464652077877,9957.4775341861,9904.807914253479,9859.386926359277
2020-06-20,9955.624935439897,9955.624935439897,9951.080303607725,9951.080303607725,9883.194776680473,9883.194776680473,9873.768662644305,9873.768662644305,9817.714638044728,9817.714638044728,9803.931486868103,9803.931486868103,9961.662652077743,9961.662652077743,9960.501808787107,9960.501808787107,9936.057906211874,9936.057906211874,9933.810629713003,9933.810629713003,9932.138115760637,9932.138115760637,9929.260371223116,9929.260371223116,9959.560005546835,9909.339005425178,9865.057641393954
2020-06-21,9955.243901785067,9955.243901785067,9950.698681423313,9950.698681423313,9878.933802461002,9878.933802461002,9869.509437126375,9869.509437126375,9814.465261810212,9814.465261810212,9800.68395345775,9800.68395345775,9960.80782926169,9960.80782926169,9959.646985971054,9959.646985971054,9934.714613215221,9934.714613215221,9932.46733671635,9932.46733671635,9930.794822763984,9930.794822763984,9927.917078226463,9927.917078226463,9959.179241910382,9905.189344618377,9860.407161485797
2020-06-22,9980.62913635469,9980.62913635469,9976.077022552474,9976.077022552474,9951.266919931068,9951.266919931068,9941.531441649176,9941.531441649176,9919.055338052875,9919.055338052875,9904.494992621094,9904.494992621094,9966.281701279602,9966.281701279602,9965.120857988966,9965.120857988966,9943.316412100514,9943.316412100514,9941.069135601643,9941.069135601643,9939.396621649277,9939.396621649277,9936.518877111756,9936.518877111756,9984.57070742708,9969.113494389436,9960.330976823145
2020-06-23,9972.57254846061,9972.57254846061,9967.796008572754,9967.796008572754,9945.563075633921,9945.563075633921,9935.593707361999,9935.593707361999,9939.719180432807,9939.719180432807,9924.761045060719,9924.761045060719,9965.463391986003,9965.463391986003,9964.302548695367,9964.302548695367,9942.030497496287,9942.030497496287,9939.783220997417,9939.783220997417,9947.01175108422,9947.01175108422,9944.006386878727,9944.006386878727,9976.51120993349,9963.325915242009,9978.283615890361
2020-06-24,9954.485387925293,9954.485387925293,9949.173516826972,9949.173516826972,9902.353792121949,9902.353792121949,9891.652382155366,9891.652382155366,9886.184269929769,9886.184269929769,9871.075551199976,9871.075551199976,9961.509609874875,9961.509609874875,9960.031814875701,9960.031814875701,9928.56127239783,9928.56127239783,9926.0225346809,9926.0225346809,9933.672951946426,9933.672951946426,9930.51041910486,9930.51041910486,9958.415712608046,9920.044406259203,9929.99711467061
2020-06-25,9960.614495163514,9960.614495163514,9955.300241279436,9955.300241279436,9924.646894665293,9924.646894665293,9913.92088107228,9913.92088107228,9905.517228697101,9905.517228697101,9890.32508824535,9890.32508824535,9965.091949874875,9965.091949874875,9963.6132148757,9963.6132148757,9933.08162044983,9933.08162044983,9930.5419427329,9930.5419427329,9938.196119998425,9938.196119998425,9935.031707156859,9935.031707156859,9964.548142632022,9942.382181019744,9950.681901495684
2020-06-26,9957.498645754165,9957.498645754165,9952.184785168205,9952.184785168205,9920.025286231614,9920.025286231614,9908.806693798198,9908.806693798198,9899.790876541183,9899.790876541183,9884.114827014648,9884.114827014648,9960.366309874877,9960.366309874877,9958.8888148757,9958.8888148757,9925.316198493669,9925.316198493669,9922.574484848114,9922.574484848114,9930.426978042264,9930.426978042264,9927.061769272073,9927.061769272073,9960.144319741285,9936.058222274589,9943.466881991353
2020-06-27,9918.597690377994,9918.597690377994,9913.221891463589,9913.221891463589,9859.78742274899,9859.78742274899,9848.507228226252,9848.507228226252,9813.713482595616,9813.713482595616,9798.021825551563,9798.021825551563,9950.000389874876,9950.000389874876,9948.5256148757,9948.5256148757,9908.77043849367,9908.77043849367,9906.031444848115,9906.031444848115,9913.873058042263,9913.873058042263,9910.513289272074,9910.513289272074,9926.180851956791,9880.947758558379,9868.845402179026
2020-06-28,9918.69805788275,9918.69805788275,9913.102459475029,9913.102459475029,9868.232974043945,9868.232974043945,9856.851682752957,9856.851682752957,9828.507199834314,9828.507199834314,9812.409696277458,9812.409696277458,9954.410644204085,9954.410644204085,9952.891333948479,9952.891333948479,9915.797494844059,9915.797494844059,9912.985313369676,9912.985313369676,9921.955406158708,9921.955406158708,9918.423351292671,9918.423351292671,9926.566164744014,9890.423534630467,9883.726424651935
2020-06-29,9920.69106966578,9920.69106966578,9915.093997014894,9915.093997014894,9879.416727805277,9879.416727805277,9868.023971076514,9868.023971076514,9844.514382999629,9844.514382999629,9828.393774714383,9828.393774714383,9955.809144204084,9955.809144204084,9954.289833948478,9954.289833948478,9918.025994844058,9918.025994844058,9915.213313369675,9915.213313369675,9924.985109925707,9924.985109925707,9921.45255505967,9921.45255505967,9928.297178229435,9901.790716503658,9897.95872527534
2020-06-30,9910.204544142394,9910.204544142394,9904.410494018728,9904.410494018728,9859.966329104433,9859.966329104433,9848.535197130606,9848.535197130606,9818.109030216354,9818.109030216354,9801.970799257975,9801.970799257975,9954.298764204083,9954.298764204083,9952.779453948477,9952.779453948477,9915.619214844059,9915.619214844059,9912.807073369675,9912.807073369675,9921.990212958706,9921.990212958706,9918.45819809267,9918.45819809267,9919.508524912084,9884.787230546717,9874.138474465584
2020-07-01,9934.872268421788,9934.872268421788,9928.874830328317,9928.874830328317,9914.557908598183,9914.557908598183,9903.008316587926,9903.008316587926,9881.812035539187,9881.812035539187,9865.576949939727,9865.576949939727,9958.242534204082,9958.242534204082,9956.723223948477,9956.723223948477,9921.903584844058,9921.903584844058,9919.090033369675,9919.090033369675,9929.285864654707,9929.285864654707,9925.752439788672,9925.752439788672,9943.738017272637,9943.990898980293,9949.932043828772
2020-07-02,9927.236161729754,9927.236161729754,9921.037714417324,9921.037714417324,9887.394485560393,9887.394485560393,9875.68476843258,9875.68476843258,9842.081907913845,9842.081907913845,9825.25791478781,9825.25791478781,9960.787804204081,9960.787804204081,9959.268493948475,9959.268493948475,9925.959454844058,9925.959454844058,9923.144993369675,9923.144993369675,9930.677273414358,9930.677273414358,9926.903091034019,9926.903091034019,9935.760536364287,9918.541723400223,9910.848573246363
2020-07-03,9935.844445731373,9935.844445731373,9929.570152969603,9929.570152969603,9902.86543519734,9902.86543519734,9891.061124581503,9891.061124581503,9860.253204257422,9860.253204257422,9843.281855529814,9843.281855529814,9958.969754204081,9958.969754204081,9957.450443948475,9957.450443948475,9923.062404844059,9923.062404844059,9920.248593369675,9920.248593369675,9927.98498749836,9927.98498749836,9924.211405066018,9924.211405066018,9944.376157005043,9934.946929589523,9932.042938900544
2020-07-04,9966.64818520229,9966.64818520229,9960.355396837684,9960.355396837684,9970.417639494977,9970.417639494977,9958.444743804183,9958.444743804183,9952.33504349783,9952.33504349783,9935.14263433036,9935.14263433036,9961.375174204082,9961.375174204082,9959.855863948476,9959.855863948476,9926.895424844059,9926.895424844059,9924.080753369675,9924.080753369675,9933.50783747636,9933.50783747636,9929.732985010018,9929.732985010018,9975.20715487946,9995.748704137191,10019.733838597305
2020-07-05,9977.175749909224,9977.175749909224,9970.87720175564,9970.87720175564,10013.362639552071,10013.362639552071,10001.337217710427,10001.337217710427,10017.703946523883,10017.703946523883,10000.397911368449,10000.397911368449,9959.473214204083,9959.473214204083,9957.953903948477,9957.953903948477,9923.864664844059,9923.864664844059,9921.050673369675,9921.050673369675,9930.928184010361,9930.928184010361,9927.153901642016,9927.153901642016,9985.74535702612,10031.30159054361,10075.80070861156
2020-07-06,9998.815035810174,9998.815035810174,9992.33110158768,9992.33110158768,10071.672198955124,10071.672198955124,10059.422910713263,10059.422910713263,10112.784801113177,10112.784801113177,10095.15178328971,10095.15178328971,9976.758674204084,9976.758674204084,9975.239363948478,9975.239363948478,9951.40892484406,9951.40892484406,9948.588753369675,9948.588753369675,9967.829867034363,9967.829867034363,9964.047134794017,9964.047134794017,10007.399637479339,10099.079329998358,10171.488146208692
2020-07-07,10051.553278295078,10051.553278295078,10045.034835476457,10045.034835476457,10152.817487960869,10152.817487960869,10140.47376892577,10140.47376892577,10209.723843449685,10209.723843449685,10191.5223160454,10191.5223160454,9986.96353414369,9986.96353414369,9985.444223888084,9985.444223888084,9967.670298012034,9967.670298012034,9964.846478035704,9964.846478035704,9975.69341750138,9975.69341750138,9971.712329082546,9971.712329082546,10060.181201724934,10185.589418880427,10269.438958955601
2020-07-08,10108.38559437836,10108.38559437836,10101.78895515548,10101.78895515548,10273.526190262697,10273.526190262697,10260.619948116517,10260.619948116517,10378.85791049286,10378.85791049286,10359.791963002246,10359.791963002246,10008.174746243929,10008.174746243929,10006.655435988323,10006.655435988323,10001.47021661438,10001.47021661438,9998.638813079917,9998.638813079917,10013.023030519531,10013.023030519531,10008.892583221705,10008.892583221705,10116.059073565397,10324.281422557377,10459.202548936508
2020-07-09,10074.47542772312,10074.47542772312,10067.901982791866,10067.901982791866,10228.199639293429,10228.199639293429,10214.480570570153,10214.480570570153,10350.441849090135,10350.441849090135,10330.179641445615,10330.179641445615,9996.463827666526,9996.463827666526,9994.94451741092,9994.94451741092,9995.928760712275,9995.928760712275,9992.866490476634,9992.866490476634,10007.274360156707,10007.274360156707,10002.710009833349,10002.710009833349,10085.346660767304,10278.909909660153,10414.149344362417
2020-07-10,10055.011454222078,10055.011454222078,10048.059226520145,10048.059226520145,10194.577600729132,10194.577600729132,10180.665187162807,10180.665187162807,10316.666760034077,10316.666760034077,10295.720649426981,10295.720649426981,9998.133869125197,9998.133869125197,9996.61455886959,9996.61455886959,9994.130828610269,9994.130828610269,9991.06796129152,9991.06796129152,9999.104890226796,9999.104890226796,9994.2834137787,9994.2834137787,10070.763381899258,10243.629740191964,10365.041128376495
2020-07-11,10075.571317807138,10075.571317807138,10068.495507028236,10068.495507028236,10245.655677949575,10245.655677949575,10231.184658276656,10231.184658276656,10370.368192081349,10370.368192081349,10349.20056579506,10349.20056579506,9997.171046008381,9997.171046008381,9995.613271882332,9995.613271882332,10009.117829266106,10009.117829266106,10005.746021823263,10005.746021823263,10014.57399757559,10014.57399757559,10009.685770170172,10009.685770170172,10079.725525672813,10276.697644748703,10409.20983012896
2020-07-12,10104.624788812327,10104.624788812327,10097.52240695887,10097.52240695887,10284.403370138009,10284.403370138009,10269.886456422058,10269.886456422058,10426.356424593481,10426.356424593481,10405.088593606182,10405.088593606182,10023.635536008382,10023.635536008382,10022.077761882332,10022.077761882332,10051.819300691106,10051.819300691106,10048.436205316262,10048.436205316262,10057.211515951214,10057.211515951214,10052.31141941764,10052.31141941764,10104.900471822888,10322.075986997046,10471.730258152375
2020-07-13,10091.289388270507,10091.289388270507,10084.16532363687,10084.16532363687,10264.716789054963,10264.716789054963,10249.660178669628,10249.660178669628,10403.25485213693,10403.25485213693,10380.947560352863,10380.947560352863,10019.865627170642,10019.865627170642,10018.307853044593,10018.307853044593,10031.943136004502,10031.943136004502,10027.99998635923,10027.99998635923,10028.669404899094,10028.669404899094,10023.466929261333,10023.466929261333,10095.830602156453,10308.435819545386,10449.635392028253
2020-07-14,10118.8070142237,10118.8070142237,10111.61622514385,10111.61622514385,10318.107529112764,10318.107529112764,10302.847620881917,10302.847620881917,10475.515718215336,10475.515718215336,10452.580746020134,10452.580746020134,10035.686729505502,10035.686729505502,10034.091909924395,10034.091909924395,10054.626697592457,10054.626697592457,10050.551816549181,10050.551816549181,10051.20522627384,10051.20522627384,10045.623765531884,10045.623765531884,10121.095902597699,10348.61616886186,10502.901508289582
2020-07-15,10131.500686431411,10131.500686431411,10124.266961641815,10124.266961641815,10321.719072482176,10321.719072482176,10306.41056896635,10306.41056896635,10482.185153008555,10482.185153008555,10459.195731017164,10459.195731017164,10044.64899560006,10044.64899560006,10043.054176018954,10043.054176018954,10065.705840879531,10065.705840879531,10061.62788033846,10061.62788033846,10062.272095447877,10062.272095447877,10056.68755520813,10056.68755520813,10132.076842596698,10363.402404808934,10522.792090294166
2020-07-16,10129.356785857657,10129.356785857657,10122.12276224272,10122.12276224272,10313.752019195606,10313.752019195606,10298.014108794567,10298.014108794567,10458.217543248107,10458.217543248107,10434.862680512093,10434.862680512093,10040.097918761277,10040.097918761277,10038.50309918017,10038.50309918017,10073.704677282414,10073.704677282414,10069.32073802536,10069.32073802536,10062.268334236092,10062.268334236092,10056.683745073551,10056.683745073551,10124.042595502086,10349.537889611485,10487.550107225195
2020-07-17,10128.94050369007,10128.94050369007,10121.496188618063,10121.496188618063,10317.775554141048,10317.775554141048,10301.73999949743,10301.73999949743,10465.832165094964,10465.832165094964,10441.946502191227,10441.946502191227,10039.104764928696,10039.104764928696,10037.482347421568,10037.482347421568,10075.33836218126,10075.33836218126,10070.953395322582,10070.953395322582,10063.556192126514,10063.556192126514,10057.677595930265,10057.677595930265,10123.226261847318,10350.390757137682,10491.24040029459
2020-07-18,10116.416806198296,10116.416806198296,10108.95103465542,10108.95103465542,10306.989905168697,10306.989905168697,10290.939617635842,10290.939617635842,10451.220971570105,10451.220971570105,10427.372659061233,10427.372659061233,10035.191644928695,10035.191644928695,10033.569227421567,10033.569227421567,10062.622286114049,10062.622286114049,10058.199504273742,10058.199504273742,10050.851962049619,10050.851962049619,10044.935385735685,10044.935385735685,10110.611245005184,10324.970092246285,10461.89003799176
2020-07-19,10117.273922940256,10117.273922940256,10109.543854519521,10109.543854519521,10300.739630535834,10300.739630535834,10284.660843580505,10284.660843580505,10447.006521580479,10447.006521580479,10422.753802251897,10422.753802251897,10036.698724928694,10036.698724928694,10035.076307421567,10035.076307421567,10063.43301877663,10063.43301877663,10059.00988413128,10059.00988413128,10051.660061907156,10051.660061907156,10045.743132788173,10045.743132788173,10111.250546119487,10320.234212685858,10458.309145899662
2020-07-20,10086.950877354357,10086.950877354357,10080.288403469955,10080.288403469955,10240.691513802192,10240.691513802192,10224.71215406554,10224.71215406554,10350.49357329016,10350.49357329016,10326.422768989456,10326.422768989456,10025.580704928694,10025.580704928694,10023.958287421567,10023.958287421567,10033.682392945826,10033.682392945826,10029.27355294181,10029.27355294181,10021.940550717685,10021.940550717685,10016.037916240039,10016.037916240039,10085.69928376715,10265.187843385122,10361.386396939248
2020-07-21,10093.45964687854,10093.45964687854,10087.340975000048,10087.340975000048,10268.119153273947,10268.119153273947,10251.752465560925,10251.752465560925,10405.625687124179,10405.625687124179,10380.63208275879,10380.63208275879,10026.207525100048,10026.207525100048,10024.562758946988,10024.562758946988,10040.648592835805,10040.648592835805,10035.963353257188,10035.963353257188,10028.8987763823,10028.8987763823,10022.717816221302,10022.717816221302,10091.668502871378,10286.578984553558,10413.035311587466
2020-07-22,10101.17816892753,10101.17816892753,10094.822347827936,10094.822347827936,10284.852248822137,10284.852248822137,10267.99623090984,10267.99623090984,10429.405881243363,10429.405881243363,10404.280445252049,10404.280445252049,10027.960015100049,10027.960015100049,10026.315248946989,10026.315248946989,10044.442066564494,10044.442066564494,10039.552874543288,10039.552874543288,10037.087246115121,10037.087246115121,10030.900146632539,10030.900146632539,10098.90562764277,10303.66446848777,10440.104848907291
2020-07-23,10112.903305144022,10112.903305144022,10106.233451673663,10106.233451673663,10298.083103615665,10298.083103615665,10280.7031110742,10280.7031110742,10458.992456518705,10458.992456518705,10433.234259550349,10433.234259550349,10041.085887645972,10041.085887645972,10039.220000976813,10039.220000976813,10066.431633193466,10066.431633193466,10061.172866559757,10061.172866559757,10066.511362627245,10066.511362627245,10059.94839078307,10059.94839078307,10110.980531944564,10323.054511977329,10476.155621321119
2020-07-24,10106.96547064643,10106.96547064643,10100.298881723693,10100.298881723693,10292.122082947057,10292.122082947057,10274.370503453069,10274.370503453069,10439.65909698076,10439.65909698076,10413.66151061248,10413.66151061248,10039.267255176354,10039.267255176354,10037.401368507195,10037.401368507195,10064.721784200592,10064.721784200592,10059.210218720833,10059.210218720833,10064.102338524046,10064.102338524046,10057.538986666084,10057.538986666084,10107.112822235447,10318.431224565793,10463.381880301671
2020-07-25,10141.99960337714,10141.99960337714,10135.32562928898,10135.32562928898,10375.816019944492,10375.816019944492,10357.927029148304,10357.927029148304,10546.380710750645,10546.380710750645,10519.813487524094,10519.813487524094,10063.549246717104,10063.549246717104,10061.683360047946,10061.683360047946,10120.095132255172,10120.095132255172,10114.543822495001,10114.543822495001,10127.466630858371,10127.466630858371,10120.64987763799,10120.64987763799,10123.396265689249,10384.790793135602,10561.951575858104
2020-07-26,10143.789355912246,10143.789355912246,10136.604335109429,10136.604335109429,10377.21125741839,10377.21125741839,10358.803884112744,10358.803884112744,10535.784898159238,10535.784898159238,10508.66239454038,10508.66239454038,10064.411609923285,10064.411609923285,10062.280667921137,10062.280667921137,10114.841859742599,10114.841859742599,10108.723633434414,10108.723633434414,10111.959737044832,10111.959737044832,10104.770061765463,10104.770061765463,10127.162402412552,10389.659416971223,10563.619638041484
2020-07-27,10141.446921072271,10141.446921072271,10134.265096161967,10134.265096161967,10441.896379313852,10441.896379313852,10421.701759285585,10421.701759285585,10603.464058447893,10603.464058447893,10575.340312915525,10575.340312915525,10074.683322053628,10074.683322053628,10072.552027128044,10072.552027128044,10185.818102840873,10185.818102840873,10179.004160631568,10179.004160631568,10174.226741582865,10174.226741582865,10166.06568627996,10166.06568627996,10119.98804337845,10453.540234403716,10650.01650608292
2020-07-28,10142.51457986135,10142.51457986135,10134.88360807,10134.88360807,10443.212267417724,10443.212267417724,10423.119356554997,10423.119356554997,10629.518519826093,10629.518519826093,10600.95882215188,10600.95882215188,10068.243510712266,10068.243510712266,10065.779804876252,10065.779804876252,10176.55855026612,10176.55855026612,10169.711506519447,10169.711506519447,10190.372202463745,10190.372202463745,10181.859177970544,10181.859177970544,10121.0581923718,10454.220849089399,10659.817704748511
2020-07-29,10140.457547501623,10140.457547501623,10132.76778469107,10132.76778469107,10444.27304860099,10444.27304860099,10424.026890146819,10424.026890146819,10643.06989406274,10643.06989406274,10613.940833836383,10613.940833836383,10073.397275300063,10073.397275300063,10070.876180568801,10070.876180568801,10183.557757301325,10183.557757301325,10176.623656391499,10176.623656391499,10208.744453619409,10208.744453619409,10199.645792721753,10199.645792721753,10120.662848504879,10453.363894971984,10657.869891232036
2020-07-30,10150.83739012543,10150.83739012543,10143.131356426393,10143.131356426393,10455.965393106162,10455.965393106162,10435.306329542418,10435.306329542418,10658.887085176126,10658.887085176126,10629.024279588582,10629.024279588582,10083.114432266668,10083.114432266668,10080.59342294452,10080.59342294452,10199.004123558194,10199.004123558194,10191.800818725213,10191.800818725213,10224.875800612304,10224.875800612304,10215.311795765716,10215.311795765716,10120.662848504879,10454.40136410443,10660.824152741661
2020-07-31,10167.599260315885,10167.599260315885,10159.87951941986,10159.87951941986,10496.764074669607,10496.764074669607,10476.051702201243,10476.051702201243,10719.72563935206,10719.72563935206,10689.435130565262,10689.435130565262,10101.127906927866,10101.127906927866,10098.605928322606,10098.605928322606,10227.340942900251,10227.340942900251,10220.12296158717,10220.12296158717,10270.537281499997,10270.537281499997,10260.94389279583,10260.94389279583,10120.662848504879,10456.843306746303,10665.286320356112
2020-08-01,10185.738669979848,10185.738669979848,10177.52503494371,10177.52503494371,10575.659046574323,10575.659046574323,10554.188896923062,10554.188896923062,10842.711880097833,10842.711880097833,10811.47970658402,10811.47970658402,10115.180128377664,10115.180128377664,10112.190128090342,10112.190128090342,10261.139202593971,10261.139202593971,10253.456416132998,10253.456416132998,10319.7395155193,10319.7395155193,10309.863074385019,10309.863074385019,10122.588313069713,10460.547272301692,10705.586807838956
2020-08-02,10098.162264772986,10098.162264772986,10089.221517299542,10089.221517299542,10400.008607568836,10400.008607568836,10376.705383095388,10376.705383095388,10557.087158144135,10557.087158144135,10525.176419140465,10525.176419140465,10062.416374815504,10062.416374815504,10058.869826160751,10058.869826160751,10126.747280591097,10126.747280591097,10117.543350348895,10117.543350348895,10133.455644018866,10133.455644018866,10122.16628208567,10122.16628208567,10110.290669232034,10407.326652443562,10582.003415601746
2020-08-03,10116.935365836449,10116.935365836449,10107.298885484252,10107.298885484252,10432.59842589287,10432.59842589287,10408.048307393505,10408.048307393505,10610.615962385227,10610.615962385227,10576.724815130076,10576.724815130076,10064.798054725401,10064.798054725401,10061.040814870672,10061.040814870672,10130.63317939145,10130.63317939145,10121.085489822975,10121.085489822975,10153.585304188904,10153.585304188904,10141.651771129085,10141.651771129085,10111.418833399879,10418.12798476064,10611.319736933649
2020-08-04,10120.170307203009,10120.170307203009,10110.32696051542,10110.32696051542,10446.705544400944,10446.705544400944,10421.80755342116,10421.80755342116,10634.938430943923,10634.938430943923,10600.520592886998,10600.520592886998,10064.070556200377,10064.070556200377,10060.313316345648,10060.313316345648,10129.446208113779,10129.446208113779,10119.898518545304,10119.898518545304,10157.935172676807,10157.935172676807,10145.697749244038,10145.697749244038,10117.739084488758,10434.301211113967,10635.584451292107
2020-08-05,10126.7188103813,10126.7188103813,10116.645926557503,10116.645926557503,10450.969026343286,10450.969026343286,10425.73278326492,10425.73278326492,10680.776294088406,10680.776294088406,10645.896872216164,10645.896872216164,10074.45526856125,10074.45526856125,10070.698028706522,10070.698028706522,10146.389686176255,10146.389686176255,10136.84199660778,10136.84199660778,10171.03267934529,10171.03267934529,10158.798308270772,10158.798308270772,10119.569259089289,10438.420631625448,10652.06963127471
2020-08-06,10134.994858108375,10134.994858108375,10124.914909881605,10124.914909881605,10460.140032664101,10460.140032664101,10434.876106806816,10434.876106806816,10683.876521677406,10683.876521677406,10648.99347109739,10648.99347109739,10074.544604156801,10074.544604156801,10070.787364302072,10070.787364302072,10146.535444253204,10146.535444253204,10136.98775468473,10136.98775468473,10169.2069640091,10169.2069640091,10156.97415759602,10156.97415759602,10126.062523740748,10451.94458033939,10665.62679652301
2020-08-07,10120.645285545455,10120.645285545455,10110.357736981394,10110.357736981394,10427.97065088975,10427.97065088975,10402.765163729759,10402.765163729759,10635.653364955408,10635.653364955408,10600.89798616347,10600.89798616347,10071.0572628302,10071.0572628302,10067.30002297547,10067.30002297547,10140.845571562435,10140.845571562435,10131.29788199396,10131.29788199396,10159.135510399594,10159.135510399594,10146.906181431688,10146.906181431688,10121.46559790033,10442.194279996202,10635.326572498529
2020-08-08,10158.780397966391,10158.780397966391,10148.466375218155,10148.466375218155,10492.792853255774,10492.792853255774,10467.397124234089,10467.397124234089,10722.780608223284,10722.780608223284,10687.741911745175,10687.741911745175,10074.2147041482,10074.2147041482,10070.457464293471,10070.457464293471,10145.997186344433,10145.997186344433,10136.449496775958,10136.449496775958,10164.404223490123,10164.404223490123,10152.17480158705,10152.17480158705,10151.926170882009,10505.144793079136,10746.394216330149
2020-08-09,10161.629240507535,10161.629240507535,10151.035438105857,10151.035438105857,10504.754584083696,10504.754584083696,10478.966155064376,10478.966155064376,10746.294800667705,10746.294800667705,10710.345295885309,10710.345295885309,10072.597806530646,10072.597806530646,10068.840566675917,10068.840566675917,10143.359090231586,10143.359090231586,10133.811400663111,10133.811400663111,10163.756849502724,10163.756849502724,10151.525847661456,10151.525847661456,10158.355181609535,10515.489061400138,10761.950686177224
2020-08-10,10178.441053084334,10178.441053084334,10167.637277613354,10167.637277613354,10528.998928716232,10528.998928716232,10502.815375709883,10502.815375709883,10771.841923616277,10771.841923616277,10735.36543619364,10735.36543619364,10076.222750818228,10076.222750818228,10072.465510963499,10072.465510963499,10148.05164376286,10148.05164376286,10138.43389084134,10138.43389084134,10169.551121896997,10169.551121896997,10157.249182322632,10157.249182322632,10159.21096365895,10517.168044374439,10768.999409980235
2020-08-11,10152.579304984309,10152.579304984309,10141.775529513328,10141.775529513328,10477.076544414915,10477.076544414915,10450.939096485723,10450.939096485723,10685.16319224078,10685.16319224078,10648.845905670592,10648.845905670592,10066.425173882486,10066.425173882486,10062.667934027757,10062.667934027757,10135.160095163199,10135.160095163199,10125.542342241679,10125.542342241679,10148.464657975848,10148.464657975848,10136.169222302531,10136.169222302531,10148.379109872963,10495.026881231006,10705.278576694192
2020-08-12,10212.65201589167,10212.65201589167,10201.301635890875,10201.301635890875,10570.377920155088,10570.377920155088,10542.66927398548,10542.66927398548,10806.547390358757,10806.547390358757,10768.335817388437,10768.335817388437,10066.187121821524,10066.187121821524,10062.213584151916,10062.213584151916,10134.8468687672,10134.8468687672,10124.94451345768,10124.94451345768,10151.53736611612,10151.53736611612,10139.05918677845,10139.05918677845,10160.232916134531,10519.51482597442,10746.952436631042
2020-08-13,10211.504527636209,10211.504527636209,10200.087696609135,10200.087696609135,10584.508639991533,10584.508639991533,10556.714395457888,10556.714395457888,10830.722951789563,10830.722951789563,10792.391340125818,10792.391340125818,10066.187121821524,10066.187121821524,10062.213584151916,10062.213584151916,10134.8468687672,10134.8468687672,10124.94451345768,10124.94451345768,10155.90075589612,10155.90075589612,10143.42257655845,10143.42257655845,10164.648737648493,10542.218991666019,10785.820688787018
2020-08-14,10211.908357205255,10211.908357205255,10200.276353579691,10200.276353579691,10608.02444290022,10608.02444290022,10579.888851318505,10579.888851318505,10860.065034037816,10860.065034037816,10821.236116675356,10821.236116675356,10066.187121821524,10066.187121821524,10062.213584151916,10062.213584151916,10134.8468687672,10134.8468687672,10124.94451345768,10124.94451345768,10155.24853119412,10155.24853119412,10142.77035185645,10142.77035185645,10164.7956706187,10556.618816890305,10806.571859274263
2020-08-15,10221.548104568792,10221.548104568792,10209.87227326154,10209.87227326154,10624.780418556247,10624.780418556247,10596.545685496929,10596.545685496929,10884.154599495203,10884.154599495203,10845.20838432899,10845.20838432899,10066.187121821524,10066.187121821524,10062.213584151916,10062.213584151916,10134.8468687672,10134.8468687672,10124.94451345768,10124.94451345768,10156.91018400791,10156.91018400791,10144.43200467024,10144.43200467024,10178.46508659338,10584.578330522001,10852.392365311853
2020-08-16,10226.870137147074,10226.870137147074,10214.985680391428,10214.985680391428,10656.043568253232,10656.043568253232,10627.358616806034,10627.358616806034,10933.184773594061,10933.184773594061,10893.220376512481,10893.220376512481,10066.187121821524,10066.187121821524,10062.213584151916,10062.213584151916,10134.8468687672,10134.8468687672,10124.94451345768,10124.94451345768,10156.633370431979,10156.633370431979,10143.91819077796,10143.91819077796,10176.046718400077,10579.563772944712,10844.212225437632
2020-08-17,10223.10578540827,10223.10578540827,10210.742514863003,10210.742514863003,10639.334925137986,10639.334925137986,10609.990167891574,10609.990167891574,10908.62775972698,10908.62775972698,10867.079844555394,10867.079844555394,10071.434820446506,10071.434820446506,10067.282328862048,10067.282328862048,10143.24318656717,10143.24318656717,10133.054504993892,10133.054504993892,10165.029688231949,10165.029688231949,10152.028182314172,10152.028182314172,10165.74505523439,10558.722596440492,10811.268527922797
2020-08-18,10207.210222245145,10207.210222245145,10194.627164099003,10194.627164099003,10603.84247561787,10603.84247561787,10574.278463851208,10574.278463851208,10851.681923448448,10851.681923448448,10809.956753541124,10809.956753541124,10065.825554627203,10065.825554627203,10061.673063042745,10061.673063042745,10134.268361256285,10134.268361256285,10124.079679683007,10124.079679683007,10156.054862921064,10156.054862921064,10143.053357003288,10143.053357003288,10161.42773959577,10549.206638503778,10791.435765012424
2020-08-19,10187.147762017317,10187.147762017317,10174.184223264689,10174.184223264689,10561.202353922594,10561.202353922594,10531.14280106198,10531.14280106198,10784.453823037918,10784.453823037918,10742.298212915864,10742.298212915864,10062.591362251596,10062.591362251596,10058.438870667138,10058.438870667138,10129.093653455315,10129.093653455315,10118.904971882037,10118.904971882037,10150.880155120094,10150.880155120094,10137.878649202317,10137.878649202317,10161.23667380842,10548.78049044363,10790.534337600448
2020-08-20,10207.150835280274,10207.150835280274,10193.694295110508,10193.694295110508,10605.508156819138,10605.508156819138,10574.469865577654,10574.469865577654,10839.255764876274,10839.255764876274,10795.956454433444,10795.956454433444,10062.372414692149,10062.372414692149,10058.04359725134,10058.04359725134,10131.198224170643,10131.198224170643,10121.009542597365,10121.009542597365,10152.984725835422,10152.984725835422,10139.983219917645,10139.983219917645,10161.23667380842,10548.78049044363,10790.534337600448
2020-08-21,10173.828205005546,10173.828205005546,10160.213079192044,10160.213079192044,10526.00443762007,10526.00443762007,10494.468658445794,10494.468658445794,10731.235606825896,10731.235606825896,10687.696362593877,10687.696362593877,10062.372414692149,10062.372414692149,10058.04359725134,10058.04359725134,10130.899870129822,10130.899870129822,10120.426797290085,10120.426797290085,10145.233984419421,10145.233984419421,10132.232478501644,10132.232478501644,10147.908697002427,10497.750699629503,10712.21877582056
2020-08-22,10193.712640316802,10193.712640316802,10179.251775694125,10179.251775694125,10571.64646342727,10571.64646342727,10538.900017370506,10538.900017370506,10793.867997222065,10793.867997222065,10749.574940199283,10749.574940199283,10063.907596123927,10063.907596123927,10059.428665292451,10059.428665292451,10133.37977859654,10133.37977859654,10122.664214894954,10122.664214894954,10148.31746700342,10148.31746700342,10135.315961085644,10135.315961085644,10167.395714618364,10539.550594512008,10767.72214400037
2020-08-23,10208.017489601812,10208.017489601812,10193.112372405036,10193.112372405036,10588.186478000089,10588.186478000089,10554.913338692073,10554.913338692073,10806.88499623846,10806.88499623846,10761.924613712501,10761.924613712501,10063.740876188987,10063.740876188987,10059.110342904693,10059.110342904693,10132.96038457254,10132.96038457254,10122.244820870954,10122.244820870954,10147.83815954742,10147.83815954742,10134.836653629643,10134.836653629643,10170.05049108184,10542.231647789744,10770.645254033936
2020-08-24,10206.916918501714,10206.916918501714,10192.013554988958,10192.013554988958,10593.644528831352,10593.644528831352,10560.358249900712,10560.358249900712,10820.321268093508,10820.321268093508,10775.310914811,10775.310914811,10063.740876188987,10063.740876188987,10059.110342904693,10059.110342904693,10134.97226437254,10134.97226437254,10124.256700670954,10124.256700670954,10150.137450747421,10150.137450747421,10137.135944829644,10137.135944829644,10170.72160459075,10553.03931343452,10792.360326450755
2020-08-25,10189.891918209663,10189.891918209663,10175.018595428952,10175.018595428952,10546.587535049035,10546.587535049035,10513.407907624138,10513.407907624138,10746.17115863443,10746.17115863443,10701.41918507104,10701.41918507104,10063.740876188987,10063.740876188987,10059.110342904693,10059.110342904693,10125.869074986018,10125.869074986018,10115.153511284432,10115.153511284432,10139.733805734253,10139.733805734253,10126.732299816476,10126.732299816476,10153.678795689602,10501.73731228986,10709.506769224752
2020-08-26,10192.796869342503,10192.796869342503,10177.705382367933,10177.705382367933,10550.591739791029,10550.591739791029,10516.780886380144,10516.780886380144,10748.050960153505,10748.050960153505,10702.590762184054,10702.590762184054,10063.740876188987,10063.740876188987,10059.110342904693,10059.110342904693,10125.57601172265,10125.57601172265,10114.622755644148,10114.622755644148,10139.398876290403,10139.398876290403,10126.125721941864,10126.125721941864,10155.066676276005,10503.783594145285,10709.276242070628
2020-08-27,10184.00179546635,10184.00179546635,10168.92303596088,10168.92303596088,10524.083919147826,10524.083919147826,10490.100625693594,10490.100625693594,10705.80931974642,10705.80931974642,10660.07782919043,10660.07782919043,10063.740876188987,10063.740876188987,10059.110342904693,10059.110342904693,10125.57601172265,10125.57601172265,10114.622755644148,10114.622755644148,10139.398876290403,10139.398876290403,10126.125721941864,10126.125721941864,10147.563390914096,10479.35004523739,10669.269055154522
2020-08-28,10192.639933263674,10192.639933263674,10177.546235145179,10177.546235145179,10541.812377855873,10541.812377855873,10507.78018143763,10507.78018143763,10728.423717372112,10728.423717372112,10682.285940293616,10682.285940293616,10063.740876188987,10063.740876188987,10059.110342904693,10059.110342904693,10125.57601172265,10125.57601172265,10114.622755644148,10114.622755644148,10139.398876290403,10139.398876290403,10126.125721941864,10126.125721941864,10153.616799359213,10494.022321380624,10689.589962236549
2020-08-29,10216.151321014653,10216.151321014653,10201.013587915786,10201.013587915786,10584.427012688517,10584.427012688517,10550.267909015469,10550.267909015469,10774.701232271591,10774.701232271591,10728.375492392863,10728.375492392863,10063.740876188987,10063.740876188987,10059.110342904693,10059.110342904693,10125.57601172265,10125.57601172265,10114.622755644148,10114.622755644148,10139.398876290403,10139.398876290403,10126.125721941864,10126.125721941864,10170.732722085824,10526.905957531366,10733.796030861937
2020-08-30,10216.214669776771,10216.214669776771,10201.049583331967,10201.049583331967,10595.043829315495,10595.043829315495,10560.805108253666,10560.805108253666,10805.921300519352,10805.921300519352,10759.35923623071,10759.35923623071,10063.740876188987,10063.740876188987,10059.110342904693,10059.110342904693,10125.57601172265,10125.57601172265,10114.622755644148,10114.622755644148,10139.398876290403,10139.398876290403,10126.125721941864,10126.125721941864,10170.588044805652,10538.622088458833,10771.552873515553
2020-08-31,10209.018786769566,10209.018786769566,10193.443894768927,10193.443894768927,10572.51053765035,10572.51053765035,10537.755439285664,10537.755439285664,10778.386793728714,10778.386793728714,10731.906560545918,10731.906560545918,10063.740876188987,10063.740876188987,10059.110342904693,10059.110342904693,10125.57601172265,10125.57601172265,10114.622755644148,10114.622755644148,10139.398876290403,10139.398876290403,10126.125721941864,10126.125721941864,10167.109410821453,10521.020798011015,10745.743169833695
2020-09-01,10236.993584805115,10236.993584805115,10221.347286424436,10221.347286424436,10636.65505698387,10636.65505698387,10601.488061108237,10601.488061108237,10853.45876977508,10853.45876977508,10806.352159053775,10806.352159053775,10063.740876188987,10063.740876188987,10059.110342904693,10059.110342904693,10125.57601172265,10125.57601172265,10114.622755644148,10114.622755644148,10139.398876290403,10139.398876290403,10126.125721941864,10126.125721941864,10186.737700450496,10576.959742822635,10827.136458181625
2020-09-02,10220.175156406203,10220.175156406203,10204.39253635193,10204.39253635193,10593.831544845478,10593.831544845478,10558.791009170398,10558.791009170398,10785.820371620468,10785.820371620468,10739.003136287392,10739.003136287392,10063.740876188987,10063.740876188987,10059.110342904693,10059.110342904693,10125.57601172265,10125.57601172265,10114.622755644148,10114.622755644148,10139.398876290403,10139.398876290403,10126.125721941864,10126.125721941864,10173.255426190095,10550.43547778849,10773.664352477255
2020-09-03,10184.778918664037,10184.778918664037,10168.693335815738,10168.693335815738,10502.231085806503,10502.231085806503,10467.00015123132,10467.00015123132,10648.577570423306,10648.577570423306,10601.52974654213,10601.52974654213,10063.740876188987,10063.740876188987,10059.110342904693,10059.110342904693,10125.57601172265,10125.57601172265,10114.622755644148,10114.622755644148,10139.398876290403,10139.398876290403,10126.125721941864,10126.125721941864,10167.709592697533,10539.078943896637,10744.335117595449
2020-09-04,10182.099989162127,10182.099989162127,10165.911996468889,10165.911996468889,10507.54043504442,10507.54043504442,10472.046330004629,10472.046330004629,10657.13699045092,10657.13699045092,10609.417932916316,10609.417932916316,10063.740876188987,10063.740876188987,10059.110342904693,10059.110342904693,10127.931433999847,10127.931433999847,10116.896985872945,10116.896985872945,10141.754298567601,10141.754298567601,10128.399952170661,10128.399952170661,10158.851669138687,10526.600613104929,10725.354136960472
2020-09-05,10149.466051581077,10149.466051581077,10133.292751602581,10133.292751602581,10428.308525094884,10428.308525094884,10392.856713145316,10392.856713145316,10529.938243816516,10529.938243816516,10482.508017027276,10482.508017027276,10063.740876188987,10063.740876188987,10059.110342904693,10059.110342904693,10125.672038799847,10125.672038799847,10114.637590672944,10114.637590672944,10139.4949033676,10139.4949033676,10126.14055697066,10126.14055697066,10133.654061693138,10461.465995802211,10620.423230609033
2020-09-06,10159.617175310032,10159.617175310032,10143.283049991078,10143.283049991078,10453.653943645959,10453.653943645959,10417.878769146177,10417.878769146177,10569.485552117196,10569.485552117196,10521.540254547686,10521.540254547686,10063.740876188987,10063.740876188987,10059.110342904693,10059.110342904693,10126.362995047846,10126.362995047846,10115.328546920944,10115.328546920944,10140.1858596156,10140.1858596156,10126.83151321866,10126.83151321866,10143.51185845869,10485.312975849518,10657.735905518432
2020-09-07,10164.304842584146,10164.304842584146,10147.970464071892,10147.970464071892,10463.102348224545,10463.102348224545,10427.300263537998,10427.300263537998,10586.110638318436,10586.110638318436,10538.108426139657,10538.108426139657,10063.740876188987,10063.740876188987,10059.110342904693,10059.110342904693,10127.303415535845,10127.303415535845,10116.268967408943,10116.268967408943,10141.1262801036,10141.1262801036,10127.77193370666,10127.77193370666,10147.44504845643,10494.720613420517,10674.376435859194
2020-09-08,10164.990025099947,10164.990025099947,10148.651036307458,10148.651036307458,10458.824128923014,10458.824128923014,10423.024590927724,10423.024590927724,10575.224626864017,10575.224626864017,10527.247111348624,10527.247111348624,10063.740876188987,10063.740876188987,10059.110342904693,10059.110342904693,10125.280585215845,10125.280585215845,10114.246137088943,10114.246137088943,10139.103449783599,10139.103449783599,10125.749103386659,10125.749103386659,10147.905548431687,10490.77795244153,10664.00997571792
2020-09-09,10166.453273216077,10166.453273216077,10150.10741470016,10150.10741470016,10465.092455538846,10465.092455538846,10429.278555507772,10429.278555507772,10586.198109177523,10586.198109177523,10538.175946814614,10538.175946814614,10063.740876188987,10063.740876188987,10059.110342904693,10059.110342904693,10125.978433215845,10125.978433215845,10114.943985088943,10114.943985088943,10139.801297783599,10139.801297783599,10126.446951386659,10126.446951386659,10149.437416816807,10496.736001967507,10674.517180402756
2020-09-10,10168.0579741607,10168.0579741607,10151.702139186411,10151.702139186411,10472.353727313348,10472.353727313348,10436.525059382971,10436.525059382971,10599.99810845298,10599.99810845298,10551.930235439202,10551.930235439202,10063.740876188987,10063.740876188987,10059.110342904693,10059.110342904693,10126.886866919845,10126.886866919845,10115.852418792943,10115.852418792943,10140.7097314876,10140.7097314876,10127.35538509066,10127.35538509066,10151.15669948506,10503.886558019383,10688.154065027671
2020-09-11,10171.568815426215,10171.568815426215,10155.082474904899,10155.082474904899,10480.548818751906,10480.548818751906,10444.46498883549,10444.46498883549,10614.833989211977,10614.833989211977,10566.35937805081,10566.35937805081,10063.740876188987,10063.740876188987,10059.110342904693,10059.110342904693,10127.277260735846,10127.277260735846,10116.242812608943,10116.242812608943,10141.1001253036,10141.1001253036,10127.74577890666,10127.74577890666,10154.763426476637,10512.014157033693,10703.024546783938
2020-09-12,10194.791002222722,10194.791002222722,10178.123633966752,10178.123633966752,10530.60035791114,10530.60035791114,10494.034452442025,10494.034452442025,10686.090059664837,10686.090059664837,10636.889560582631,10636.889560582631,10063.740876188987,10063.740876188987,10059.110342904693,10059.110342904693,10127.185868783467,10127.185868783467,10116.068380503422,10116.068380503422,10141.478954559598,10141.478954559598,10128.124608162658,10128.124608162658,10178.021843584826,10562.033205539696,10774.791356939031
2020-09-13,10184.548762095388,10184.548762095388,10167.864215911997,10167.864215911997,10512.687631532699,10512.687631532699,10476.10987267037,10476.10987267037,10654.432875651992,10654.432875651992,10605.259511285109,10605.259511285109,10063.740876188987,10063.740876188987,10059.110342904693,10059.110342904693,10127.185868783467,10127.185868783467,10116.068380503422,10116.068380503422,10140.569422663597,10140.569422663597,10127.215076266657,10127.215076266657,10167.793659405004,10544.086587121441,10742.489094272822
2020-09-14,10184.362103850335,10184.362103850335,10167.672200238929,10167.672200238929,10511.863929575093,10511.863929575093,10475.286860813265,10475.286860813265,10660.664170370546,10660.664170370546,10611.491373992092,10611.491373992092,10063.740876188987,10063.740876188987,10059.110342904693,10059.110342904693,10127.185868783467,10127.185868783467,10116.068380503422,10116.068380503422,10143.24322115472,10143.24322115472,10129.88887475778,10129.88887475778,10167.602219676979,10543.23265198873,10750.056712848198
2020-09-15,10153.421691402073,10153.421691402073,10136.804166546197,10136.804166546197,10457.83939583831,10457.83939583831,10421.254483342034,10421.254483342034,10575.990320707888,10575.990320707888,10527.145681960821,10527.145681960821,10063.740876188987,10063.740876188987,10059.110342904693,10059.110342904693,10128.420203701951,10128.420203701951,10117.174650245006,10117.174650245006,10144.170444389136,10144.170444389136,10130.816097992196,10130.816097992196,10136.734642012549,10489.06071974284,10664.65818041981
2020-09-16,10160.92505556956,10160.92505556956,10144.251689757008,10144.251689757008,10472.360359821001,10472.360359821001,10435.708418295711,10435.708418295711,10595.171355945067,10595.171355945067,10546.094081125646,10546.094081125646,10063.740876188987,10063.740876188987,10059.110342904693,10059.110342904693,10130.497403312549,10130.497403312549,10119.251849855604,10119.251849855604,10145.555244129533,10145.555244129533,10132.200897732593,10132.200897732593,10144.219897242585,10503.603985875989,10683.789318872554
2020-09-17,10169.803721959293,10169.803721959293,10153.079784798907,10153.079784798907,10483.311405635743,10483.311405635743,10446.617237181204,10446.617237181204,10618.343525580594,10618.343525580594,10569.174414499996,10569.174414499996,10063.740876188987,10063.740876188987,10059.110342904693,10059.110342904693,10130.340049374781,10130.340049374781,10119.094495917836,10119.094495917836,10145.450341504356,10145.450341504356,10132.095995107416,10132.095995107416,10153.070228394883,10514.54495091607,10707.139031728939
2020-09-18,10179.588907560574,10179.588907560574,10162.847231167667,10162.847231167667,10497.393614181461,10497.393614181461,10460.477779384413,10460.477779384413,10631.772807805171,10631.772807805171,10582.23131897649,10582.23131897649,10063.740876188987,10063.740876188987,10059.110342904693,10059.110342904693,10130.205361103957,10130.205361103957,10118.959807647012,10118.959807647012,10145.360549323808,10145.360549323808,10132.006202926868,10132.006202926868,10162.837674763643,10528.647591792414,10720.67957268301
2020-09-19,10171.757615356273,10171.757615356273,10155.02928436971,10155.02928436971,10486.195605208502,10486.195605208502,10449.326679355681,10449.326679355681,10616.3371241292,10616.3371241292,10566.871908121846,10566.871908121846,10063.740876188987,10063.740876188987,10059.110342904693,10059.110342904693,10132.011839284483,10132.011839284483,10120.766285827538,10120.766285827538,10146.564868110823,10146.564868110823,10133.210521713883,10133.210521713883,10155.019727965686,10517.420503615198,10704.951495221778
2020-09-20,10163.018445751828,10163.018445751828,10146.303122906107,10146.303122906107,10467.10750582654,10467.10750582654,10430.291362055963,10430.291362055963,10585.545286471304,10585.545286471304,10536.201822686322,10536.201822686322,10063.740876188987,10063.740876188987,10059.110342904693,10059.110342904693,10130.1306074069,10130.1306074069,10118.885053949954,10118.885053949954,10145.310713525767,10145.310713525767,10131.956367128827,10131.956367128827,10146.293566502083,10498.285223271232,10674.092387834049
2020-09-21,10137.483542202197,10137.483542202197,10120.689752416387,10120.689752416387,10411.519848493515,10411.519848493515,10374.646938150308,10374.646938150308,10494.225933445352,10494.225933445352,10444.95239988038,10444.95239988038,10063.740876188987,10063.740876188987,10059.110342904693,10059.110342904693,10124.148551959104,10124.148551959104,10112.902998502159,10112.902998502159,10141.32267656057,10141.32267656057,10127.96833016363,10127.96833016363,10120.80194411555,10442.579280856799,10582.61842207871
2020-09-22,10140.426514249359,10140.426514249359,10123.509251749509,10123.509251749509,10419.84686772066,10419.84686772066,10382.76147164727,10382.76147164727,10508.007212037852,10508.007212037852,10458.22419036893,10458.22419036893,10063.740876188987,10063.740876188987,10059.110342904693,10059.110342904693,10125.414138931104,10125.414138931104,10114.168585474159,10114.168585474159,10142.166401208571,10142.166401208571,10128.812054811631,10128.812054811631,10123.74369904981,10450.924373890844,10596.401983316793
2020-09-23,10134.865941676842,10134.865941676842,10117.951942705544,10117.951942705544,10399.827725966148,10399.827725966148,10362.791330504651,10362.791330504651,10468.247707654607,10468.247707654607,10418.562669469331,10418.562669469331,10063.740876188987,10063.740876188987,10059.110342904693,10059.110342904693,10121.994003674243,10121.994003674243,10110.748450217297,10110.748450217297,10139.88631103733,10139.88631103733,10126.53196464039,10126.53196464039,10118.186390005845,10430.857666838237,10556.629259802956
2020-09-24,10156.546004775615,10156.546004775615,10139.516271155164,10139.516271155164,10455.711097085323,10455.711097085323,10418.30436180963,10418.30436180963,10562.33883087077,10562.33883087077,10511.998486994116,10511.998486994116,10063.740876188987,10063.740876188987,10059.110342904693,10059.110342904693,10127.823393369335,10127.823393369335,10116.57783991239,10116.57783991239,10143.772570834059,10143.772570834059,10130.418224437119,10130.418224437119,10139.84232621363,10486.85477159566,10650.957571366562
2020-09-25,10158.8835795241,10158.8835795241,10141.835954540686,10141.835954540686,10461.874652929746,10461.874652929746,10424.419071867298,10424.419071867298,10574.919410653107,10574.919410653107,10524.4781858769,10524.4781858769,10063.740876188987,10063.740876188987,10059.110342904693,10059.110342904693,10127.340214553024,10127.340214553024,10116.094661096078,10116.094661096078,10143.450451623185,10143.450451623185,10130.096105226245,10130.096105226245,10142.174225231549,10493.046551574871,10663.697029865318
2020-09-26,10164.702524087705,10164.702524087705,10147.648193242843,10147.648193242843,10474.260614930688,10474.260614930688,10436.753922446384,10436.753922446384,10595.973691272004,10595.973691272004,10545.28587253479,10545.28587253479,10063.740876188987,10063.740876188987,10059.110342904693,10059.110342904693,10127.817633953024,10127.817633953024,10116.572080496078,10116.572080496078,10143.768731223185,10143.768731223185,10130.414384826245,10130.414384826245,10147.986463933707,10505.471136742768,10684.903528897155
2020-09-27,10171.258003304805,10171.258003304805,10154.192997288665,10154.192997288665,10486.87419577084,10486.87419577084,10449.322064352255,10449.322064352255,10620.202870221792,10620.202870221792,10569.166621051427,10569.166621051427,10063.740876188987,10063.740876188987,10059.110342904693,10059.110342904693,10128.277018553024,10128.277018553024,10117.031465096079,10117.031465096079,10145.192224462735,10145.192224462735,10131.750211754246,10131.750211754246,10154.531267979528,10518.118414645356,10708.195397805252
2020-09-28,10165.09171972592,10165.09171972592,10147.89244433487,10147.89244433487,10473.954638448022,10473.954638448022,10436.080767518164,10436.080767518164,10598.685007943255,10598.685007943255,10547.29354119132,10547.29354119132,10063.740876188987,10063.740876188987,10059.110342904693,10059.110342904693,10128.134913257023,10128.134913257023,10116.76024071208,10116.76024071208,10144.457665201726,10144.457665201726,10130.928366295548,10130.928366295548,10148.375297659695,10505.172186275944,10686.696613849703
2020-09-29,10180.9384467513,10180.9384467513,10163.715623929796,10163.715623929796,10506.90476689458,10506.90476689458,10468.877975231797,10468.877975231797,10649.98532118988,10649.98532118988,10598.380347530661,10598.380347530661,10063.740876188987,10063.740876188987,10059.110342904693,10059.110342904693,10128.134913257023,10128.134913257023,10116.76024071208,10116.76024071208,10145.596244545726,10145.596244545726,10132.066945639548,10132.066945639548,10164.198477254622,10538.226248394296,10738.291026611465
2020-09-30,10187.015510573865,10187.015510573865,10169.781536605058,10169.781536605058,10518.255272312686,10518.255272312686,10480.187161604097,10480.187161604097,10663.724339038112,10663.724339038112,10612.046129540728,10612.046129540728,10063.740876188987,10063.740876188987,10059.110342904693,10059.110342904693,10128.134913257023,10128.134913257023,10116.76024071208,10116.76024071208,10145.058395769725,10145.058395769725,10131.529096863547,10131.529096863547,10170.264389929884,10549.618783697006,10752.225966992131
2020-10-01,10176.529171837039,10176.529171837039,10159.306992531767,10159.306992531767,10492.494494551589,10492.494494551589,10454.497994091353,10454.497994091353,10620.416877608002,10620.416877608002,10568.85491647414,10568.85491647414,10063.740876188987,10063.740876188987,10059.110342904693,10059.110342904693,10128.134913257023,10128.134913257023,10116.76024071208,10116.76024071208,10143.751811011645,10143.751811011645,10130.222512105467,10130.222512105467,10159.789845856592,10523.783988121791,10708.723946322954
2020-10-02,10169.372876750564,10169.372876750564,10152.118319263125,10152.118319263125,10475.532237729094,10475.532237729094,10437.531498621742,10437.531498621742,10589.891717111534,10589.891717111534,10538.372366622683,10538.372366622683,10063.740876188987,10063.740876188987,10059.110342904693,10059.110342904693,10128.134913257023,10128.134913257023,10116.76024071208,10116.76024071208,10143.365106769028,10143.365106769028,10129.83580786285,10129.83580786285,10152.643137127423,10506.770994418743,10677.98861778466
2020-10-03,10179.291365423853,10179.291365423853,10161.979740952916,10161.979740952916,10499.623009552439,10499.623009552439,10461.474631432515,10461.474631432515,10621.326442821322,10621.326442821322,10569.375567681931,10569.375567681931,10063.740876188987,10063.740876188987,10059.110342904693,10059.110342904693,10128.134913257023,10128.134913257023,10116.76024071208,10116.76024071208,10143.122441867063,10143.122441867063,10129.593142960885,10129.593142960885,10162.546658438268,10530.933965818234,10709.73308001608
2020-10-04,10187.650573002853,10187.650573002853,10170.327422086233,10170.327422086233,10515.74015389614,10515.74015389614,10477.497362795191,10477.497362795191,10648.32189698586,10648.32189698586,10596.260807092363,10596.260807092363,10063.740876188987,10063.740876188987,10059.110342904693,10059.110342904693,10128.134913257023,10128.134913257023,10116.76024071208,10116.76024071208,10144.098238611346,10144.098238611346,10130.568939705168,10130.568939705168,10170.894339571585,10547.099177680726,10736.821384356983
2020-10-05,10192.741154724274,10192.741154724274,10175.388932101207,10175.388932101207,10524.75601367994,10524.75601367994,10486.435328751291,10486.435328751291,10665.505440841094,10665.505440841094,10613.099540823183,10613.099540823183,10063.740876188987,10063.740876188987,10059.110342904693,10059.110342904693,10128.134913257023,10128.134913257023,10116.76024071208,10116.76024071208,10145.832973924327,10145.832973924327,10132.213624712349,10132.213624712349,10175.97788558117,10556.14041646889,10754.580135237264
2020-10-06,10176.820249967512,10176.820249967512,10159.501114211698,10159.501114211698,10485.179985597813,10485.179985597813,10446.998955141067,10446.998955141067,10600.400451015237,10600.400451015237,10547.961956151781,10547.961956151781,10063.740876188987,10063.740876188987,10059.110342904693,10059.110342904693,10128.134913257023,10128.134913257023,10116.76024071208,10116.76024071208,10144.204566262923,10144.204566262923,10130.495614400386,10130.495614400386,10160.09006769166,10516.440006365241,10688.189272752767
2020-10-07,10185.798248271572,10185.798248271572,10168.420448199047,10168.420448199047,10502.972297330782,10502.972297330782,10464.514805564619,10464.514805564619,10628.43342332023,10628.43342332023,10575.416986205573,10575.416986205573,10063.740876188987,10063.740876188987,10059.110342904693,10059.110342904693,10128.134913257023,10128.134913257023,10116.76024071208,10116.76024071208,10145.716872993096,10145.716872993096,10131.919974225335,10131.919974225335,10169.05315853,10534.285110024184,10716.373882813334
2020-10-08,10186.448082511512,10186.448082511512,10168.952767916413,10168.952767916413,10509.173538558607,10509.173538558607,10470.406679951553,10470.406679951553,10640.148568686043,10640.148568686043,10586.895903449486,10586.895903449486,10063.740876188987,10063.740876188987,10059.110342904693,10059.110342904693,10131.368643109787,10131.368643109787,10119.855302892029,10119.855302892029,10150.03323143826,10150.03323143826,10136.181868782187,10136.181868782187,10169.701421175232,10540.74209244069,10727.618795327466
2020-10-09,10194.762443240346,10194.762443240346,10177.072874347168,10177.072874347168,10530.108804348185,10530.108804348185,10490.910563647396,10490.910563647396,10675.08005695088,10675.08005695088,10621.471749945953,10621.471749945953,10065.037929420501,10065.037929420501,10060.287192100743,10060.287192100743,10134.307119254923,10134.307119254923,10122.605277003906,10122.605277003906,10153.135603691819,10153.135603691819,10139.066330591691,10139.066330591691,10177.9995132727,10561.744258058872,10762.899691287512
2020-10-10,10198.453777489214,10198.453777489214,10180.524412055911,10180.524412055911,10543.649039073936,10543.649039073936,10504.085626662223,10504.085626662223,10703.180461919568,10703.180461919568,10649.197839572282,10649.197839572282,10065.254447779591,10065.254447779591,10060.2707597657,10060.2707597657,10139.215280701386,10139.215280701386,10127.346400355009,10127.346400355009,10158.28580812197,10158.28580812197,10143.80807616954,10143.80807616954,10181.68513367595,10575.30681034019,10791.405801883968
2020-10-11,10211.469318173418,10211.469318173418,10193.25152851363,10193.25152851363,10569.041416004236,10569.041416004236,10529.217106804954,10529.217106804954,10743.624102040028,10743.624102040028,10688.928855975355,10688.928855975355,10066.956599568386,10066.956599568386,10061.757905029881,10061.757905029881,10142.965915992352,10142.965915992352,10130.947423208869,10130.947423208869,10165.681581727114,10165.681581727114,10150.920533147842,10150.920533147842,10194.678833229122,10600.769122619171,10832.226997905638
2020-10-12,10226.125163071247,10226.125163071247,10207.851283726854,10207.851283726854,10591.236687213453,10591.236687213453,10551.078927093717,10551.078927093717,10786.937867631985,10786.937867631985,10731.026646630804,10731.026646630804,10070.220634570387,10070.220634570387,10065.021815361883,10065.021815361883,10148.151477483989,10148.151477483989,10136.010862517369,10136.010862517369,10174.901981847914,10174.901981847914,10159.754380045188,10159.754380045188,10209.306541351314,10623.019355424683,10875.99513201176
2020-10-13,10223.27190442879,10223.27190442879,10204.99894251296,10204.99894251296,10589.164038721688,10589.164038721688,10548.911432768797,10548.911432768797,10777.6893288423,10777.6893288423,10721.793126038685,10721.793126038685,10068.264702887964,10068.264702887964,10063.065784206201,10063.065784206201,10144.955728525623,10144.955728525623,10132.814665929352,10132.814665929352,10169.675109293807,10169.675109293807,10154.532782199156,10154.532782199156,10206.454200137421,10620.954023744811,10866.596813720776
2020-10-14,10221.323918593162,10221.323918593162,10203.052643620096,10203.052643620096,10577.333143042968,10577.333143042968,10537.12551471656,10537.12551471656,10761.123859391075,10761.123859391075,10705.308740186281,10705.308740186281,10064.805115525718,10064.805115525718,10059.607720884425,10059.607720884425,10139.379961077848,10139.379961077848,10127.245756663688,10127.245756663688,10163.214950366986,10163.214950366986,10148.08272780768,10148.08272780768,10204.507901244557,10609.089549053871,10849.892074497231
2020-10-15,10223.673142585947,10223.673142585947,10205.234228260046,10205.234228260046,10583.291562377202,10583.291562377202,10542.666069044952,10542.666069044952,10768.626384291745,10768.626384291745,10712.328854014844,10712.328854014844,10066.232009959485,10066.232009959485,10060.925179069662,10060.925179069662,10141.118479567358,10141.118479567358,10128.665753525447,10128.665753525447,10166.717741142093,10166.717741142093,10151.26973893391,10151.26973893391,10206.852385786236,10615.059045700526,10857.502449767624
2020-10-16,10201.93960610481,10201.93960610481,10183.484024223448,10183.484024223448,10528.501016471531,10528.501016471531,10488.03741520168,10488.03741520168,10688.07689919241,10688.07689919241,10631.916778291677,10631.916778291677,10062.687928559484,10062.687928559484,10057.38109766966,10057.38109766966,10130.69871430336,10130.69871430336,10118.24598826145,10118.24598826145,10150.154711031091,10150.154711031091,10134.719042111908,10134.719042111908,10185.15135803421,10560.112877659443,10776.179302857441
2020-10-17,10201.867812029868,10201.867812029868,10183.254884265518,10183.254884265518,10522.922629204155,10522.922629204155,10481.812500317474,10481.812500317474,10685.29392188588,10685.29392188588,10628.780014425936,10628.780014425936,10061.467362287962,10061.467362287962,10056.082072357958,10056.082072357958,10128.636021423334,10128.636021423334,10115.807280048242,10115.807280048242,10148.783682545414,10148.783682545414,10133.189835339843,10133.189835339843,10185.083463124358,10554.514747863632,10773.390684287466
2020-10-18,10211.91163578704,10211.91163578704,10193.285567793448,10193.285567793448,10548.329568617695,10548.329568617695,10506.97349767846,10506.97349767846,10719.895968755794,10719.895968755794,10662.90291017672,10662.90291017672,10065.560429174519,10065.560429174519,10060.175139244515,10060.175139244515,10136.128424607627,10136.128424607627,10123.294098659917,10123.294098659917,10155.400759350814,10155.400759350814,10139.668106460515,10139.668106460515,10195.114146652288,10579.980696851448,10808.350571236095
2020-10-19,10214.399627033248,10214.399627033248,10195.778222775016,10195.778222775016,10548.95111580209,10548.95111580209,10507.53905122297,10507.53905122297,10737.800183751397,10737.800183751397,10680.772318415262,10680.772318415262,10070.29961290352,10070.29961290352,10064.914322973516,10064.914322973516,10143.683630219628,10143.683630219628,10130.84898576292,10130.84898576292,10172.592695999814,10172.592695999814,10156.842212524516,10156.842212524516,10197.606801633856,10582.5237071094,10830.10835282977
2020-10-20,10199.557504914483,10199.557504914483,10180.773797458898,10180.773797458898,10512.216952848365,10512.216952848365,10470.655073420568,10470.655073420568,10677.633308751634,10677.633308751634,10618.696196888568,10618.696196888568,10067.298357471333,10067.298357471333,10061.730270918142,10061.730270918142,10134.555467488379,10134.555467488379,10121.5630985482,10121.5630985482,10162.479122586998,10162.479122586998,10146.752545437696,10146.752545437696,10182.792150681677,10545.710530188382,10776.686775960126
2020-10-21,10227.809931541262,10227.809931541262,10209.008083950584,10209.008083950584,10583.050825227187,10583.050825227187,10541.059247703552,10541.059247703552,10796.99712061762,10796.99712061762,10738.738483718582,10738.738483718582,10087.923840918598,10087.923840918598,10082.352908587405,10082.352908587405,10176.937844029686,10176.937844029686,10163.720472342065,10163.720472342065,10212.787125661167,10212.787125661167,10196.854222815586,10196.854222815586,10211.026437173363,10616.654937944106,10900.209212041615
2020-10-22,10249.677838790347,10249.677838790347,10230.577895821332,10230.577895821332,10634.344826136457,10634.344826136457,10591.580452229317,10591.580452229317,10869.549740984285,10869.549740984285,10810.223736621243,10810.223736621243,10104.20264875925,10104.20264875925,10098.224279925804,10098.224279925804,10212.120113954614,10212.120113954614,10198.145339190534,10198.145339190534,10248.950724663666,10248.950724663666,10232.1839508272,10232.1839508272,10232.856528891385,10668.08457351094,10973.99648788162
2020-10-23,10246.511519023796,10246.511519023796,10227.417349617674,10227.417349617674,10630.792368936824,10630.792368936824,10587.589436071625,10587.589436071625,10868.767377728647,10868.767377728647,10807.947819234745,10807.947819234745,10101.032250787212,10101.032250787212,10095.053881953765,10095.053881953765,10209.050855536589,10209.050855536589,10194.6989251026,10194.6989251026,10247.185036207391,10247.185036207391,10229.77451561698,10229.77451561698,10230.652754727707,10665.985326006725,10975.396117383363
2020-10-24,10252.409660825804,10252.409660825804,10233.311239979821,10233.311239979821,10659.907501484748,10659.907501484748,10616.617269351129,10616.617269351129,10917.011428091742,10917.011428091742,10855.979757510397,10855.979757510397,10105.394556764335,10105.394556764335,10099.416187930889,10099.416187930889,10231.670955746515,10231.670955746515,10217.29675641107,10217.29675641107,10273.269294185015,10273.269294185015,10255.827325221655,10255.827325221655,10236.06608183379,10694.433837519373,11021.8702962877
2020-10-25,10247.126217848063,10247.126217848063,10228.037395271493,10228.037395271493,10646.221466137691,10646.221466137691,10602.96940667025,10602.96940667025,10887.171410457866,10887.171410457866,10826.27573088208,10826.27573088208,10098.555142765086,10098.555142765086,10092.57677393164,10092.57677393164,10216.488925322734,10216.488925322734,10202.13189171302,10202.13189171302,10254.878868411002,10254.878868411002,10237.459965689734,10237.459965689734,10232.075102307357,10682.672790611492,10995.713595245441
2020-10-26,10247.304559469347,10247.304559469347,10228.219966796603,10228.219966796603,10633.07165606162,10633.07165606162,10589.883881902502,10589.883881902502,10857.64682490195,10857.64682490195,10796.869176904398,10796.869176904398,10098.285848420368,10098.285848420368,10092.307479586922,10092.307479586922,10203.708646093233,10203.708646093233,10189.372446403777,10189.372446403777,10234.25594131755,10234.25594131755,10216.872983429459,10216.872983429459,10235.019367507208,10673.77919323817,10969.629849413663
2020-10-27,10267.029523481135,10267.029523481135,10247.927039844091,10247.927039844091,10678.373808671733,10678.373808671733,10634.781558849452,10634.781558849452,10923.762735124037,10923.762735124037,10862.787156916325,10862.787156916325,10115.584993309043,10115.584993309043,10109.606624475597,10109.606624475597,10235.81694768902,10235.81694768902,10221.263771031634,10221.263771031634,10273.185070918338,10273.185070918338,10255.770160940558,10255.770160940558,10254.208165387246,10717.873308446673,11028.846047468565
2020-10-28,10241.72172165933,10241.72172165933,10222.653460452426,10222.653460452426,10617.762658990327,10617.762658990327,10574.298462255058,10574.298462255058,10847.797797170722,10847.797797170722,10786.930217180407,10786.930217180407,10096.897320858221,10096.897320858221,10090.918952024775,10090.918952024775,10196.927297306851,10196.927297306851,10182.411639852047,10182.411639852047,10230.874875836205,10230.874875836205,10213.505324288803,10213.505324288803,10229.588621654055,10658.778254481165,10952.374695680002
2020-10-29,10239.425652713951,10239.425652713951,10220.109203712915,10220.109203712915,10613.420264529756,10613.420264529756,10569.642992512381,10569.642992512381,10835.435719033589,10835.435719033589,10774.634047113588,10774.634047113588,10098.033132302426,10098.033132302426,10091.906205860812,10091.906205860812,10195.592699931743,10195.592699931743,10180.963337642954,10180.963337642954,10226.37830324675,10226.37830324675,10208.900530309535,10208.900530309535,10227.319379220799,10654.334540770156,10941.109227949935
2020-10-30,10231.793679922457,10231.793679922457,10212.28753591301,10212.28753591301,10594.351659414266,10594.351659414266,10550.657876990996,10550.657876990996,10803.104772819375,10803.104772819375,10742.420231520002,10742.420231520002,10092.063512004594,10092.063512004594,10085.834744019065,10085.834744019065,10183.914872104244,10183.914872104244,10169.264181519586,10169.264181519586,10209.13853163297,10209.13853163297,10191.583122171905,10191.583122171905,10219.702238961976,10634.650144557416,10908.625689626786
2020-10-31,10240.12085979377,10240.12085979377,10220.367190100314,10220.367190100314,10617.566800573542,10617.566800573542,10573.749108392398,10573.749108392398,10832.371143087119,10832.371143087119,10771.04931114814,10771.04931114814,10097.45397261163,10097.45397261163,10091.081052221552,10091.081052221552,10196.861172742005,10196.861172742005,10182.123951671325,10182.123951671325,10222.941283737844,10222.941283737844,10205.031258119363,10205.031258119363,10228.026221206359,10658.343054011966,10938.60278662585
2020-11-01,10244.869114937483,10244.869114937483,10225.098552917616,10225.098552917616,10625.890033663836,10625.890033663836,10582.035779754318,10582.035779754318,10847.272999812107,10847.272999812107,10785.860156703864,10785.860156703864,10099.647013677199,10099.647013677199,10093.27409328712,10093.27409328712,10200.328540353734,10200.328540353734,10185.591699422055,10185.591699422055,10229.96851093523,10229.96851093523,10212.042587395921,10212.042587395921,10232.76799813966,10667.894403488977,10953.611801912557
2020-11-02,10226.418347212282,10226.418347212282,10206.680964791545,10206.680964791545,10578.392570121277,10578.392570121277,10534.694783747567,10534.694783747567,10769.954361640315,10769.954361640315,10708.922774267567,10708.922774267567,10091.933248559202,10091.933248559202,10085.560328169124,10085.560328169124,10179.447536271222,10179.447536271222,10164.716145388542,10164.716145388542,10194.72435536737,10194.72435536737,10176.849971035374,10176.849971035374,10214.336551186532,10618.675737722453,10875.275314418546
2020-11-03,10235.79144968056,10235.79144968056,10215.883079771727,10215.883079771727,10591.232496622119,10591.232496622119,10546.97482925553,10546.97482925553,10767.194502987606,10767.194502987606,10705.244037242077,10705.244037242077,10099.754661946365,10099.754661946365,10093.317001984287,10093.317001984287,10188.973246762274,10188.973246762274,10173.977647184975,10173.977647184975,10198.59516183703,10198.59516183703,10180.163737800121,10180.163737800121,10223.707888312087,10632.043408285832,10873.826540872318
2020-11-04,10238.615983131158,10238.615983131158,10218.566063670109,10218.566063670109,10595.293210718859,10595.293210718859,10549.641868384995,10549.641868384995,10773.683272200527,10773.683272200527,10711.171874093558,10711.171874093558,10105.87839837114,10105.87839837114,10099.369284027065,10099.369284027065,10198.10168692445,10198.10168692445,10183.022051121625,10183.022051121625,10207.752989133205,10207.752989133205,10189.22283530377,10189.22283530377,10226.536691648374,10637.787251529358,10880.91950358704
2020-11-05,10276.159449256591,10276.159449256591,10250.082709740418,10250.082709740418,10666.564388142373,10666.564388142373,10620.659986062188,10620.659986062188,10876.465363703059,10876.465363703059,10813.447906955833,10813.447906955833,10131.22695364335,10131.22695364335,10124.661344422237,10124.661344422237,10240.18164976362,10240.18164976362,10225.102013960794,10225.102013960794,10251.135015241098,10251.135015241098,10232.546609684776,10232.546609684776,10258.169297503195,10710.67131433064,10988.704914297361
2020-11-06,10290.612098177493,10290.612098177493,10264.555907445185,10264.555907445185,10711.28833551904,10711.28833551904,10665.097252597992,10665.097252597992,10953.234107039203,10953.234107039203,10889.655247607678,10889.655247607678,10141.069249579927,10141.069249579927,10134.503640358813,10134.503640358813,10259.527404286446,10259.527404286446,10244.36647917233,10244.36647917233,10274.758658137873,10274.758658137873,10255.991117346426,10255.991117346426,10268.155928600354,10743.392124861472,11047.587153196155
2020-11-07,10260.21734549308,10260.21734549308,10233.202917423981,10233.202917423981,10639.269804348021,10639.269804348021,10592.655497105708,10592.655497105708,10834.068919203344,10834.068919203344,10770.328989223517,10770.328989223517,10123.61653808009,10123.61653808009,10117.050928858976,10117.050928858976,10230.732335342338,10230.732335342338,10215.486345854386,10215.486345854386,10240.52872248323,10240.52872248323,10221.753076780793,10221.753076780793,10243.500008151505,10678.233437690393,10938.519394008972
2020-11-08,10280.469790529974,10280.469790529974,10254.065179861034,10254.065179861034,10692.375323928309,10692.375323928309,10645.497334868944,10645.497334868944,10912.579857867657,10912.579857867657,10848.18956359717,10848.18956359717,10138.193143299039,10138.193143299039,10131.627534077925,10131.627534077925,10250.682683666791,10250.682683666791,10235.347814908324,10235.347814908324,10263.124749542689,10263.124749542689,10244.233831083626,10244.233831083626,10257.504959457134,10714.74297277393,11003.6781350075
2020-11-09,10270.727216239886,10270.727216239886,10244.00753417046,10244.00753417046,10666.641662332842,10666.641662332842,10619.81163351924,10619.81163351924,10875.082095130294,10875.082095130294,10810.731100017196,10810.731100017196,10133.193456194835,10133.193456194835,10126.62784697372,10126.62784697372,10243.45820855471,10243.45820855471,10228.123339796242,10228.123339796242,10254.347248428017,10254.347248428017,10235.471273640402,10235.471273640402,10252.623658675942,10698.84670902778,10974.293860711132
2020-11-10,10271.927618896783,10271.927618896783,10245.1860653841,10245.1860653841,10672.225193073995,10672.225193073995,10625.285521716436,10625.285521716436,10882.261796497469,10882.261796497469,10817.857707909368,10817.857707909368,10134.164295225597,10134.164295225597,10127.537417110643,10127.537417110643,10245.049767799934,10245.049767799934,10229.714899041466,10229.714899041466,10256.808608575244,10256.808608575244,10237.925005190167,10237.925005190167,10252.014728168486,10700.672164226044,10977.420632884347
2020-11-11,10281.122327177956,10281.122327177956,10253.170563742577,10253.170563742577,10688.037565063236,10688.037565063236,10641.002012505842,10641.002012505842,10899.110175064876,10899.110175064876,10834.589420556844,10834.589420556844,10141.678147330198,10141.678147330198,10135.051269215244,10135.051269215244,10257.585082805741,10257.585082805741,10242.250214047273,10242.250214047273,10268.844474570455,10268.844474570455,10249.950830636251,10249.950830636251,10258.437412676409,10714.522546481427,10988.798415118063
2020-11-12,10289.395060959861,10289.395060959861,10259.663355306533,10259.663355306533,10697.99533511509,10697.99533511509,10650.970897940157,10650.970897940157,10913.400002849734,10913.400002849734,10848.749092812932,10848.749092812932,10147.964610320814,10147.964610320814,10141.33773220586,10141.33773220586,10267.437280243761,10267.437280243761,10251.886908158702,10251.886908158702,10277.779979456418,10277.779979456418,10258.715843191218,10258.715843191218,10264.852517608992,10727.460627256112,11003.744827939709
2020-11-13,10303.878365292836,10303.878365292836,10274.02319376771,10274.02319376771,10737.577923969058,10737.577923969058,10690.376494981801,10690.376494981801,10970.832060719462,10970.832060719462,10905.83948567602,10905.83948567602,10151.884699544124,10151.884699544124,10145.25782142917,10145.25782142917,10283.012249997097,10283.012249997097,10267.447626229487,10267.447626229487,10294.84051078962,10294.84051078962,10275.741213381085,10275.741213381085,10279.102839698047,10769.368923719709,11063.17485230354
2020-11-14,10290.871004904306,10290.871004904306,10261.826846790043,10261.826846790043,10716.942229390886,10716.942229390886,10669.812944302465,10669.812944302465,10942.758252794716,10942.758252794716,10877.41500948962,10877.41500948962,10144.76826726988,10144.76826726988,10138.141389154925,10138.141389154925,10272.807659319227,10272.807659319227,10257.240737347984,10257.240737347984,10284.500509233512,10284.500509233512,10265.332457346853,10265.332457346853,10264.766158526954,10746.9874266606,11034.904314755671
2020-11-15,10280.907766307304,10280.907766307304,10252.242876574042,10252.242876574042,10697.192498535447,10697.192498535447,10650.145872325884,10650.145872325884,10913.990712615687,10913.990712615687,10848.810660626214,10848.810660626214,10140.067319908878,10140.067319908878,10133.440441793924,10133.440441793924,10266.466692282802,10266.466692282802,10250.897766634931,10250.897766634931,10278.134972745827,10278.134972745827,10258.977587230596,10258.977587230596,10253.274001105956,10725.031097479035,11004.410447648994
2020-11-16,10323.239582573937,10323.239582573937,10292.003748841837,10292.003748841837,10776.725953169027,10776.725953169027,10729.390989791325,10729.390989791325,11021.087630883938,11021.087630883938,10955.37687063093,10955.37687063093,10162.488448733411,10162.488448733411,10155.692013086065,10155.692013086065,10301.384077494244,10301.384077494244,10285.791450656767,10285.791450656767,10313.093617577151,10313.093617577151,10293.896458983452,10293.896458983452,10296.396757459126,10815.702298817198,11124.214178419066
2020-11-17,10352.010216019702,10352.010216019702,10320.773889616383,10320.773889616383,10843.385644112177,10843.385644112177,10795.830505585694,10795.830505585694,11108.566874583728,11108.566874583728,11042.469168547848,11042.469168547848,10187.163383058205,10187.163383058205,10180.361293307618,10180.361293307618,10340.542389480945,10340.542389480945,10324.931386807932,10324.931386807932,10352.30752731688,10352.30752731688,10333.067727825659,10333.067727825659,10322.664172486035,10880.400891548159,11210.569153204193
2020-11-18,10347.76903325138,10347.76903325138,10316.259655650769,10316.259655650769,10833.866026353431,10833.866026353431,10786.073488827336,10786.073488827336,11086.14792911355,11086.14792911355,11019.568604181488,11019.568604181488,10186.749483963538,10186.749483963538,10179.76567455734,10179.76567455734,10332.13253599919,10332.13253599919,10316.534433589904,10316.534433589904,10338.44296464017,10338.44296464017,10319.057400906637,10319.057400906637,10317.661775592025,10864.625901512321,11179.880945048399
2020-11-19,10358.454241697313,10358.454241697313,10326.918995107906,10326.918995107906,10857.59867584544,10857.59867584544,10809.634157365263,10809.634157365263,11114.00348102387,11114.00348102387,11047.265777308216,11047.265777308216,10184.854872831746,10184.854872831746,10177.871063425548,10177.871063425548,10338.025782932908,10338.025782932908,10322.414059316396,10322.414059316396,10344.279497891,10344.279497891,10324.88584426072,10324.88584426072,10329.032804723367,10895.120877033127,11207.343990273614
2020-11-20,10382.848307996956,10382.848307996956,10351.257153363285,10351.257153363285,10930.716615327798,10930.716615327798,10882.478029107468,10882.478029107468,11224.669042335614,11224.669042335614,11157.376069468104,11157.376069468104,10204.046595338777,10204.046595338777,10197.06278593258,10197.06278593258,10391.903695760551,10391.903695760551,10376.258100461,10376.258100461,10407.502328447152,10407.502328447152,10388.014242913194,10388.014242913194,10347.777510695863,10945.287501059636,11291.794357833534
2020-11-21,10472.847947409273,10472.847947409273,10440.698474922565,10440.698474922565,11117.211808439772,11117.211808439772,11067.746637901882,11067.746637901882,11520.67994322003,11520.67994322003,11451.021741739532,11451.021741739532,10285.925607215682,10285.925607215682,10278.713944847075,10278.713944847075,10523.214942795847,10523.214942795847,10507.397133552427,10507.397133552427,10568.226535945616,10568.226535945616,10548.442235772593,10548.442235772593,10393.968504648132,11050.22375435998,11501.90455024494
2020-11-22,10456.354107189209,10456.354107189209,10424.166190346104,10424.166190346104,11064.269527616638,11064.269527616638,11014.435189391395,11014.435189391395,11464.327464295086,11464.327464295086,11393.763640176421,11393.763640176421,10276.553233695095,10276.553233695095,10269.273802567155,10269.273802567155,10489.86531049527,10489.86531049527,10473.703593846201,10473.703593846201,10534.411591348828,10534.411591348828,10514.079673348104,10514.079673348104,10385.938862479416,11014.076741795849,11436.095429107414
2020-11-23,10540.219519402792,10540.219519402792,10507.77767947322,10507.77767947322,11207.566196556836,11207.566196556836,11156.629172207624,11156.629172207624,11697.440620125224,11697.440620125224,11625.419573734078,11625.419573734078,10350.148716454858,10350.148716454858,10342.835874099976,10342.835874099976,10608.985442846511,10608.985442846511,10592.35832379791,10592.35832379791,10681.447815230238,10681.447815230238,10660.780838297604,10660.780838297604,10384.738979092039,11010.69379748157,11449.103721207646
2020-11-24,10556.887840480194,10556.887840480194,10524.034607190211,10524.034607190211,11273.000984525877,11273.000984525877,11221.274068620723,11221.274068620723,11814.634407715937,11814.634407715937,11741.637650423856,11741.637650423856,10356.873650470614,10356.873650470614,10349.331082150382,10349.331082150382,10649.927784118927,10649.927784118927,10633.121606340837,10633.121606340837,10753.537972702421,10753.537972702421,10732.63181726012,10732.63181726012,10384.600400342724,11010.388924233075,11448.302617355574
2020-11-25,10516.894632248994,10516.894632248994,10483.871304674143,10483.871304674143,11172.650918602954,11172.650918602954,11120.840265706855,11120.840265706855,11667.91492743864,11667.91492743864,11594.605053906691,11594.605053906691,10341.801365061456,10341.801365061456,10334.258796741224,10334.258796741224,10580.835392001682,10580.835392001682,10563.70663504927,10563.70663504927,10683.332194389151,10683.332194389151,10661.830076310009,10661.830076310009,10384.600400342724,11010.388924233075,11425.4107813619
2020-11-26,10444.038480966357,10444.038480966357,10410.565307901024,10410.565307901024,11015.95663692114,11015.95663692114,10963.423306869661,10963.423306869661,11453.901325290073,11453.901325290073,11379.965942741013,11379.965942741013,10298.141888199934,10298.141888199934,10290.286620555218,10290.286620555218,10473.685901754558,10473.685901754558,10455.826471657712,10455.826471657712,10575.654785790935,10575.654785790935,10553.496416267732,10553.496416267732,10384.600400342724,11010.388924233075,11361.55544871135
2020-11-27,10448.589005840136,10448.589005840136,10414.62582993722,10414.62582993722,11021.855701400124,11021.855701400124,10968.41199069414,10968.41199069414,11456.222293838653,11456.222293838653,11380.760004402417,11380.760004402417,10298.141888199934,10298.141888199934,10290.286620555218,10290.286620555218,10473.685901754558,10473.685901754558,10455.826471657712,10455.826471657712,10575.654785790935,10575.654785790935,10553.496416267732,10553.496416267732,10384.504818144196,11010.165899103176,11354.037265311259
2020-11-28,10477.850214761707,10477.850214761707,10443.596332428984,10443.596332428984,11076.320926942302,11076.320926942302,11022.261883839972,11022.261883839972,11539.453434013038,11539.453434013038,11463.182595582874,11463.182595582874,10298.141888199934,10298.141888199934,10290.286620555218,10290.286620555218,10473.685901754558,10473.685901754558,10455.826471657712,10455.826471657712,10575.654785790935,10575.654785790935,10553.496416267732,10553.496416267732,10398.772833553556,11046.58524422778,11426.184560326288
2020-11-29,10486.145750838938,10486.145750838938,10451.848622544578,10451.848622544578,11096.367279910351,11096.367279910351,11042.190482779246,11042.190482779246,11568.705803794523,11568.705803794523,11492.258412363057,11492.258412363057,10298.141888199934,10298.141888199934,10290.286620555218,10290.286620555218,10473.685901754558,10473.685901754558,10455.826471657712,10455.826471657712,10575.654785790935,10575.654785790935,10553.496416267732,10553.496416267732,10405.903317784823,11067.198563247626,11450.991970262116
2020-11-30,10513.996266820399,10513.996266820399,10479.593353322683,10479.593353322683,11155.690098589053,11155.690098589053,11101.198572400823,11101.198572400823,11666.642044975086,11666.642044975086,11589.664450348371,11589.664450348371,10298.141888199934,10298.141888199934,10290.286620555218,10290.286620555218,10473.685901754558,10473.685901754558,10455.826471657712,10455.826471657712,10575.654785790935,10575.654785790935,10553.496416267732,10553.496416267732,10432.423553761355,11128.894177784878,11539.203601480978
2020-12-01,10481.52619370359,10481.52619370359,10446.969147653263,10446.969147653263,11087.182348828977,11087.182348828977,11032.565595680122,11032.565595680122,11563.522424432414,11563.522424432414,11487.146486514526,11487.146486514526,10298.141888199934,10298.141888199934,10290.286620555218,10290.286620555218,10473.685901754558,10473.685901754558,10455.826471657712,10455.826471657712,10575.654785790935,10575.654785790935,10553.496416267732,10553.496416267732,10410.301449967636,11069.405200364296,11452.95251921272
2020-12-02,10490.394368229867,10490.394368229867,10455.776674300127,10455.776674300127,11103.610669613197,11103.610669613197,11048.897676284183,11048.897676284183,11590.95248657266,11590.95248657266,11514.349078185141,11514.349078185141,10298.141888199934,10298.141888199934,10290.286620555218,10290.286620555218,10473.685901754558,10473.685901754558,10455.826471657712,10455.826471657712,10575.654785790935,10575.654785790935,10553.496416267732,10553.496416267732,10416.555467515687,11083.74258584293,11479.746145001565
2020-12-03,10498.481644146043,10498.481644146043,10463.834404357842,10463.834404357842,11117.291468231828,11117.291468231828,11062.512548981511,11062.512548981511,11607.7634097041,11607.7634097041,11531.054565860499,11531.054565860499,10298.141888199934,10298.141888199934,10290.286620555218,10290.286620555218,10473.685901754558,10473.685901754558,10455.826471657712,10455.826471657712,10575.654785790935,10575.654785790935,10553.496416267732,10553.496416267732,10421.63682950716,11095.056990723653,11493.783845246515
2020-12-04,10466.09470157884,10466.09470157884,10431.552629559337,10431.552629559337,11049.070853828089,11049.070853828089,10994.323766100295,10994.323766100295,11505.804233345398,11505.804233345398,11429.406989526504,11429.406989526504,10298.141888199934,10298.141888199934,10290.286620555218,10290.286620555218,10473.685901754558,10473.685901754558,10455.826471657712,10455.826471657712,10575.654785790935,10575.654785790935,10553.496416267732,10553.496416267732,10401.585156880326,11041.511618092676,11412.452320091346
2020-12-05,10481.208241352515,10481.208241352515,10446.490735727568,10446.490735727568,11085.526047820864,11085.526047820864,11030.35498151538,11030.35498151538,11558.238436246795,11558.238436246795,11481.310964472297,11481.310964472297,10298.141888199934,10298.141888199934,10290.286620555218,10290.286620555218,10473.685901754558,10473.685901754558,10455.826471657712,10455.826471657712,10575.654785790935,10575.654785790935,10553.496416267732,10553.496416267732,10414.051305469067,11077.037747122866,11462.957352730198
2020-12-06,10487.017968700953,10487.017968700953,10452.284914856013,10452.284914856013,11092.16295306223,11092.16295306223,11036.972747189968,11036.972747189968,11563.63914150752,11563.63914150752,11486.15269482974,11486.15269482974,10298.141888199934,10298.141888199934,10290.286620555218,10290.286620555218,10473.685901754558,10473.685901754558,10455.826471657712,10455.826471657712,10575.654785790935,10575.654785790935,10553.496416267732,10553.496416267732,10417.867026388121,11082.056272177939,11467.593659509806
2020-12-07,10481.331616446885,10481.331616446885,10446.612811216703,10446.612811216703,11079.017334688337,11079.017334688337,11023.886132036707,11023.886132036707,11561.230409231486,11561.230409231486,11483.7447086767,11483.7447086767,10298.141888199934,10298.141888199934,10290.286620555218,10290.286620555218,10473.685901754558,10473.685901754558,10455.826471657712,10455.826471657712,10575.654785790935,10575.654785790935,10553.496416267732,10553.496416267732,10412.78335575251,11068.74399985765,11468.457182929149
2020-12-08,10459.005750940192,10459.005750940192,10424.164293092621,10424.164293092621,11028.179617785201,11028.179617785201,10972.91784108135,10972.91784108135,11478.902331814696,11478.902331814696,11401.91017662005,11401.91017662005,10298.141888199934,10298.141888199934,10290.286620555218,10290.286620555218,10473.685901754558,10473.685901754558,10455.826471657712,10455.826471657712,10575.654785790935,10575.654785790935,10553.496416267732,10553.496416267732,10392.738521270616,11019.638356353349,11392.099971165095
2020-12-09,10463.984060288903,10463.984060288903,10429.127511856803,10429.127511856803,11038.37021891406,11038.37021891406,10982.676596012685,10982.676596012685,11503.24730784985,11503.24730784985,11425.59286967032,11425.59286967032,10298.141888199934,10298.141888199934,10290.286620555218,10290.286620555218,10473.685901754558,10473.685901754558,10455.826471657712,10455.826471657712,10575.654785790935,10575.654785790935,10553.496416267732,10553.496416267732,10396.641997614308,11029.416607929641,11415.481047219491
2020-12-10,10455.181071814615,10455.181071814615,10420.133946767899,10420.133946767899,11015.864953402972,11015.864953402972,10960.015482533983,10960.015482533983,11471.023608634863,11471.023608634863,11393.066311044795,11393.066311044795,10298.141888199934,10298.141888199934,10290.286620555218,10290.286620555218,10473.685901754558,10473.685901754558,10455.826471657712,10455.826471657712,10575.654785790935,10575.654785790935,10553.496416267732,10553.496416267732,10387.982913723468,11006.917936671312,11382.967869990516
2020-12-11,10445.30503205994,10445.30503205994,10410.273692949677,10410.273692949677,10994.240180768007,10994.240180768007,10938.30924333158,10938.30924333158,11437.9429321235,11437.9429321235,11359.980192798223,11359.980192798223,10298.141888199934,10298.141888199934,10290.286620555218,10290.286620555218,10473.685901754558,10473.685901754558,10455.826471657712,10455.826471657712,10575.654785790935,10575.654785790935,10553.496416267732,10553.496416267732,10378.979253437716,10986.515473523552,11350.483630973253
2020-12-12,10460.680563667152,10460.680563667152,10425.534890961635,10425.534890961635,11023.99872559679,11023.99872559679,10967.574030511196,10967.574030511196,11476.965982552212,11476.965982552212,11398.345521679024,11398.345521679024,10298.141888199934,10298.141888199934,10290.286620555218,10290.286620555218,10473.685901754558,10473.685901754558,10455.826471657712,10455.826471657712,10575.654785790935,10575.654785790935,10553.496416267732,10553.496416267732,10394.463121975588,11017.023173118103,11389.374329187309
2020-12-13,10472.149230851152,10472.149230851152,10436.992264129636,10436.992264129636,11051.401879707792,11051.401879707792,10994.847248163192,10994.847248163192,11509.36323179001,11509.36323179001,11430.54219123243,11430.54219123243,10298.141888199934,10298.141888199934,10290.286620555218,10290.286620555218,10473.685901754558,10473.685901754558,10455.826471657712,10455.826471657712,10575.654785790935,10575.654785790935,10553.496416267732,10553.496416267732,10406.06599769759,11044.828182904106,11420.989813826312
2020-12-14,10472.189204388553,10472.189204388553,10436.848105383098,10436.848105383098,11054.149347027951,11054.149347027951,10997.259140962398,10997.259140962398,11516.246006691583,11516.246006691583,11437.014810221242,11437.014810221242,10298.141888199934,10298.141888199934,10290.286620555218,10290.286620555218,10473.685901754558,10473.685901754558,10455.826471657712,10455.826471657712,10575.654785790935,10575.654785790935,10553.496416267732,10553.496416267732,10406.071613985185,11047.651259494527,11428.292696050079
2020-12-15,10468.464237083253,10468.464237083253,10433.129350101546,10433.129350101546,11043.21006556822,11043.21006556822,10986.401902494203,10986.401902494203,11501.865868277551,11501.865868277551,11422.750630109293,11422.750630109293,10298.141888199934,10298.141888199934,10290.286620555218,10290.286620555218,10473.685901754558,10473.685901754558,10455.826471657712,10455.826471657712,10575.654785790935,10575.654785790935,10553.496416267732,10553.496416267732,10402.373058780797,11036.872036997198,11414.190576805613
2020-12-16,10507.15323562677,10507.15323562677,10471.640159842087,10471.640159842087,11118.009005953547,11118.009005953547,11060.919604746185,11060.919604746185,11597.783210791411,11597.783210791411,11518.15301956252,11518.15301956252,10298.141888199934,10298.141888199934,10290.286620555218,10290.286620555218,10473.685901754558,10473.685901754558,10455.826471657712,10455.826471657712,10575.654785790935,10575.654785790935,10553.496416267732,10553.496416267732,10441.300125968888,11113.653694993285,11510.4355077688
2020-12-17,10529.611897645198,10529.611897645198,10493.981270714296,10493.981270714296,11145.48549477807,11145.48549477807,11088.104992612401,11088.104992612401,11620.455113870974,11620.455113870974,11540.14573550874,11540.14573550874,10309.602768530624,10309.602768530624,10301.576598325048,10301.576598325048,10493.742442333265,10493.742442333265,10475.583932754915,10475.583932754915,10595.711326369643,10595.711326369643,10573.253877364934,10573.253877364934,10463.691866641939,11142.592556968255,11536.186285036392
2020-12-18,10538.440564607628,10538.440564607628,10502.784473969703,10502.784473969703,11157.310322144856,11157.310322144856,11099.876815067551,11099.876815067551,11634.643858411375,11634.643858411375,11554.256170281964,11554.256170281964,10311.829623471993,10311.829623471993,10303.803453266417,10303.803453266417,10497.639438480663,10497.639438480663,10479.480928902312,10479.480928902312,10599.60832251704,10599.60832251704,10577.150873512332,10577.150873512332,10466.25060972449,11144.96105300854,11539.121769061716
2020-12-19,10556.29281312915,10556.29281312915,10520.592285401824,10520.592285401824,11182.741208368176,11182.741208368176,11125.013491844851,11125.013491844851,11664.646255368543,11664.646255368543,11583.849899199613,11583.849899199613,10317.393704037944,10317.393704037944,10309.367533832368,10309.367533832368,10507.376579471078,10507.376579471078,10489.218069892728,10489.218069892728,10609.345463507456,10609.345463507456,10586.888014502747,10586.888014502747,10474.971496116883,11160.89488754138,11557.892969626822
2020-12-20,10540.069706395268,10540.069706395268,10504.41940758161,10504.41940758161,11172.52838913748,11172.52838913748,11114.54181439634,11114.54181439634,11637.796221846107,11637.796221846107,11557.158109691245,11557.158109691245,10314.10418180108,10314.10418180108,10306.078011595504,10306.078011595504,10501.619915556566,10501.619915556566,10483.461405978216,10483.461405978216,10603.588799592944,10603.588799592944,10581.131350588235,10581.131350588235,10470.915783694132,11152.045889702482,11543.4178092149
2020-12-21,10500.94110314942,10500.94110314942,10465.134676059044,10465.134676059044,11093.942763271138,11093.942763271138,11035.931831706652,11035.931831706652,11531.027656701677,11531.027656701677,11450.593039430849,11450.593039430849,10307.981433203191,10307.981433203191,10299.955262997615,10299.955262997615,10471.678896825833,10471.678896825833,10453.270610399506,10453.270610399506,10573.468932409334,10573.468932409334,10550.758960738829,10550.758960738829,10454.919361960221,11105.945367441564,11461.853917181477
2020-12-22,10530.992954286092,10530.992954286092,10494.822280736524,10494.822280736524,11160.166281924496,11160.166281924496,11101.872175677905,11101.872175677905,11610.688872057664,11610.688872057664,11529.766208668294,11529.766208668294,10316.683877874088,10316.683877874088,10308.657707668512,10308.657707668512,10498.857885141882,10498.857885141882,10480.421808691968,10480.421808691968,10600.759080819727,10600.759080819727,10578.021319125635,10578.021319125635,10466.728590611303,11156.952145192368,11546.71462935593
2020-12-23,10487.463565066511,10487.463565066511,10451.310538075566,10451.310538075566,11096.26972813139,11096.26972813139,11037.797137001768,11037.797137001768,11500.804776926638,11500.804776926638,11420.015974502992,11420.015974502992,10311.914028741947,10311.914028741947,10303.887858536371,10303.887858536371,10470.047104032104,10470.047104032104,10451.658617222021,10451.658617222021,10571.757941150612,10571.757941150612,10549.067769096353,10549.067769096353,10450.247178971931,11132.571085568463,11461.23086045309
2020-12-24,10509.368206682066,10509.368206682066,10473.076343930437,10473.076343930437,11143.339145171558,11143.339145171558,11084.441393194635,11084.441393194635,11584.238992448521,11584.238992448521,11502.350110503177,11502.350110503177,10315.819613329173,10315.819613329173,10307.793443123597,10307.793443123597,10488.44887705975,10488.44887705975,10470.033490249667,10470.033490249667,10590.267314178258,10590.267314178258,10567.550242124,10567.550242124,10467.840482457485,11173.299844221074,11542.138287660153
2020-12-25,10536.177529046527,10536.177529046527,10499.619554689498,10499.619554689498,11205.5118197885,11205.5118197885,11145.97618772113,11145.97618772113,11676.04273033002,11676.04273033002,11593.11373264693,11593.11373264693,10323.639627718874,10323.639627718874,10315.613457513298,10315.613457513298,10508.355803512926,10508.355803512926,10489.925947165002,10489.925947165002,10610.232118782795,10610.232118782795,10587.500577190696,10587.500577190696,10491.144176150407,11230.52340762058,11631.894288196296
2020-12-26,10590.618776703544,10590.618776703544,10553.715286434357,10553.715286434357,11349.416190240683,11349.416190240683,11289.265192234756,11289.265192234756,11858.063962129127,11858.063962129127,11774.006959914072,11774.006959914072,10337.797136192446,10337.797136192446,10329.77096598687,10329.77096598687,10536.599191225336,10536.599191225336,10518.16127034745,10518.16127034745,10638.507764615051,10638.507764615051,10615.768158492992,10615.768158492992,10539.848365254345,11367.052948022527,11812.484333698785
2020-12-27,10575.556054852634,10575.556054852634,10538.665916912814,10538.665916912814,11298.81255729117,11298.81255729117,11238.663572669395,11238.663572669395,11800.299305841107,11800.299305841107,11716.265795014515,11716.265795014515,10335.924401112728,10335.924401112728,10327.898230907153,10327.898230907153,10533.933111898406,10533.933111898406,10515.41571422533,10515.41571422533,10635.639411158962,10635.639411158962,10612.846817200081,10612.846817200081,10525.54478127588,11315.93780279628,11753.7494275994
2020-12-28,10600.973420715985,10600.973420715985,10563.748777470822,10563.748777470822,11373.9254712436,11373.9254712436,11312.395457188964,11312.395457188964,11912.312726280012,11912.312726280012,11826.871169527243,11826.871169527243,10341.98310097367,10341.98310097367,10333.956930768094,10333.956930768094,10557.08253307101,10557.08253307101,10538.449368072397,10538.449368072397,10659.682496663558,10659.682496663558,10636.773462284342,10636.773462284342,10549.400432646733,11391.826158348727,11866.827364832474
2020-12-29,10599.629191770005,10599.629191770005,10562.16653514124,10562.16653514124,11401.130938193468,11401.130938193468,11338.619802043813,11338.619802043813,11924.538508207452,11924.538508207452,11838.633082527715,11838.633082527715,10344.11011407938,10344.11011407938,10336.083943873804,10336.083943873804,10579.609211719498,10579.609211719498,10560.91591777724,10560.91591777724,10682.655438781194,10682.655438781194,10659.686275458333,10659.686275458333,10548.609966406279,11411.67140999003,11859.79357316265
2020-12-30,10617.243189025743,10617.243189025743,10579.75388240391,10579.75388240391,11412.099347662792,11412.099347662792,11348.15850496799,11348.15850496799,11945.110707062557,11945.110707062557,11856.138674627438,11856.138674627438,10355.729731918831,10355.729731918831,10347.703561713255,10347.703561713255,10589.250230243648,10589.250230243648,10570.576371749255,10570.576371749255,10693.690603191668,10693.690603191668,10670.740875316676,10670.740875316676,10556.901584596564,11419.57724422579,11877.964489186423
2020-12-31,10604.294635962684,10604.294635962684,10566.799622813529,10566.799622813529,11387.186381542517,11387.186381542517,11323.363327520168,11323.363327520168,11956.98749251111,11956.98749251111,11868.030480726024,11868.030480726024,10355.648438442311,10355.648438442311,10347.564497617223,10347.564497617223,10583.366387532456,10583.366387532456,10564.710618780038,10564.710618780038,10687.753710633915,10687.753710633915,10664.8220725009,10664.8220725009,10552.278138495867,11408.15331749073,11923.124710836473
2021-01-01,10600.74141353031,10600.74141353031,10563.078402920964,10563.078402920964,11380.314384870153,11380.314384870153,11315.956202497391,11315.956202497391,11961.498293272276,11961.498293272276,11872.448217298228,11872.448217298228,10357.816208113405,10357.816208113405,10349.732267288317,10349.732267288317,10589.511456775386,10589.511456775386,10570.849029051049,10570.849029051049,10693.479426778173,10693.479426778173,10670.483276715522,10670.483276715522,10549.571834053164,11395.87471029945,11928.283893447007
2021-01-02,10631.301408226305,10631.301408226305,10593.577374359103,10593.577374359103,11420.992015540109,11420.992015540109,11353.768647718254,11353.768647718254,12055.575354354616,12055.575354354616,11965.988988596111,11965.988988596111,10374.736380045968,10374.736380045968,10366.65243922088,10366.65243922088,10623.358154372507,10623.358154372507,10604.687056763543,10604.687056763543,10724.532105373739,10724.532105373739,10701.527285426466,10701.527285426466,10561.038787048343,11410.477833633762,12024.718157962974
2021-01-03,10711.477377706748,10711.477377706748,10673.251807826386,10673.251807826386,11566.590341151707,11566.590341151707,11499.369770653737,11499.369770653737,12223.967964970538,12223.967964970538,12132.967924729532,12132.967924729532,10379.10330055925,10379.10330055925,10371.019359734162,10371.019359734162,10648.53866223551,10648.53866223551,10629.745616726183,10629.745616726183,10750.76050158397,10750.76050158397,10727.698082258721,10727.698082258721,10598.776272437817,11536.9134802718,12169.229654563178
2021-01-04,10701.86731436351,10701.86731436351,10663.571001278728,10663.571001278728,11567.440919088567,11567.440919088567,11501.117940039296,11501.117940039296,12217.827975883498,12217.827975883498,12126.667929266992,12126.667929266992,10372.05670752378,10372.05670752378,10363.972766698691,10363.972766698691,10634.938462908503,10634.938462908503,10616.154712827927,10616.154712827927,10738.131056623939,10738.131056623939,10715.011874448337,10715.011874448337,10597.792409875594,11543.301532968819,12161.909298280087
2021-01-05,10725.994093533493,10725.994093533493,10687.595722558503,10687.595722558503,11621.77151251386,11621.77151251386,11553.142568769434,11553.142568769434,12304.655149743257,12304.655149743257,12212.938479773664,12212.938479773664,10383.486112386396,10383.486112386396,10375.402171561307,10375.402171561307,10650.764679992177,10650.764679992177,10631.845197699928,10631.845197699928,10756.006669288001,10756.006669288001,10732.81494405329,10732.81494405329,10597.792409875594,11560.694365240817,12207.801935136345
2021-01-06,10767.196821921156,10767.196821921156,10728.710718330598,10728.710718330598,11722.715177493108,11722.715177493108,11656.48548574399,11656.48548574399,12430.677550068123,12430.677550068123,12338.230573489982,12338.230573489982,10393.96669246714,10393.96669246714,10385.814803621317,10385.814803621317,10670.407952392956,10670.407952392956,10651.486355559242,10651.486355559242,10778.317167878271,10778.317167878271,10755.123328102096,10755.123328102096,10597.792409875594,11599.61581315117,12272.557894472624
2021-01-07,10770.810566385277,10770.810566385277,10732.093010406132,10732.093010406132,11709.58587158824,11709.58587158824,11645.70428395782,11645.70428395782,12404.748854035472,12404.748854035472,12311.913910369387,12311.913910369387,10404.162548732791,10404.162548732791,10396.010659886968,10396.010659886968,10687.749106539459,10687.749106539459,10668.62275919257,10668.62275919257,10804.01866789409,10804.01866789409,10780.814035866932,10780.814035866932,10597.792409875594,11587.04992397239,12252.853771448736
2021-01-08,10770.467381678178,10770.467381678178,10731.761120631916,10731.761120631916,11707.237737355097,11707.237737355097,11644.356007498594,11644.356007498594,12386.944426880907,12386.944426880907,12294.297842977618,12294.297842977618,10408.024642389635,10408.024642389635,10399.872753543812,10399.872753543812,10694.507770438931,10694.507770438931,10675.381423092043,10675.381423092043,10803.299645241956,10803.299645241956,10780.0288061373,10780.0288061373,10597.792409875594,11588.526963535203,12255.195419536123
2021-01-09,10787.387240426067,10787.387240426067,10748.576214158842,10748.576214158842,11788.358972681215,11788.358972681215,11725.439108210494,11725.439108210494,12495.737752195124,12495.737752195124,12402.078108280564,12402.078108280564,10405.569905620325,10405.569905620325,10397.418016774502,10397.418016774502,10690.211981092638,10690.211981092638,10671.08563374575,10671.08563374575,10806.92561156704,10806.92561156704,10783.639918658564,10783.639918658564,10597.792409875594,11598.129615696205,12270.41913637674
2021-01-10,10776.095390565788,10776.095390565788,10737.111845380732,10737.111845380732,11753.61568249893,11753.61568249893,11692.545718806818,11692.545718806818,12430.287627409618,12430.287627409618,12336.978292263297,12336.978292263297,10397.399930003316,10397.399930003316,10389.248041157492,10389.248041157492,10675.914523762875,10675.914523762875,10656.788176415987,10656.788176415987,10786.746574861629,10786.746574861629,10763.476987793152,10763.476987793152,10597.792409875594,11597.74362856571,12269.8072055601
2021-01-11,10675.903883548537,10675.903883548537,10636.656649574652,10636.656649574652,11567.985139913293,11567.985139913293,11512.756329457934,11512.756329457934,12168.226220865305,12168.226220865305,12076.016264951459,12076.016264951459,10374.99508544852,10374.99508544852,10366.712343636082,10366.712343636082,10647.722691828085,10647.722691828085,10628.356435552942,10628.356435552942,10732.007908029433,10732.007908029433,10708.584991511034,10708.584991511034,10597.792409875594,11597.74362856571,12269.8072055601
2021-01-12,10668.103875056177,10668.103875056177,10628.590299323878,10628.590299323878,11548.450399522793,11548.450399522793,11492.394984985967,11492.394984985967,12139.147686670989,12139.147686670989,12046.288479548763,12046.288479548763,10374.99508544852,10374.99508544852,10366.712343636082,10366.712343636082,10647.722691828085,10647.722691828085,10628.356435552942,10628.356435552942,10732.604329529488,10732.604329529488,10709.132857951254,10709.132857951254,10598.044719208845,11598.295797837323,12271.168857345312
2021-01-13,10691.333093706091,10691.333093706091,10651.608922159652,10651.608922159652,11604.063314990522,11604.063314990522,11547.280110268111,11547.280110268111,12229.05187896787,12229.05187896787,12135.200076253832,12135.200076253832,10374.99508544852,10374.99508544852,10366.712343636082,10366.712343636082,10647.722691828085,10647.722691828085,10628.356435552942,10628.356435552942,10739.594200762991,10739.594200762991,10716.103786444288,10716.103786444288,10598.035584060097,11607.783597165659,12286.363163052158
2021-01-14,10697.127452802892,10697.127452802892,10657.317193701972,10657.317193701972,11635.787784921085,11635.787784921085,11578.605257900823,11578.605257900823,12313.510765456673,12313.510765456673,12217.827057674083,12217.827057674083,10374.99508544852,10374.99508544852,10366.712343636082,10366.712343636082,10647.722691828085,10647.722691828085,10628.356435552942,10628.356435552942,10739.464787306439,10739.464787306439,10715.826869235789,10715.826869235789,10600.376802658437,11628.871405039914,12367.983966593683
2021-01-15,10701.83014545347,10701.83014545347,10661.84803064794,10661.84803064794,11630.020130529581,11630.020130529581,11572.814082631538,11572.814082631538,12304.189728071437,12304.189728071437,12207.808880047805,12207.808880047805,10374.99508544852,10374.99508544852,10366.712343636082,10366.712343636082,10647.722691828085,10647.722691828085,10628.356435552942,10628.356435552942,10739.464787306439,10739.464787306439,10715.826869235789,10715.826869235789,10598.995662291842,11616.187685214161,12355.335320962
2021-01-16,10702.534351702941,10702.534351702941,10662.51548727472,10662.51548727472,11634.194035888153,11634.194035888153,11576.905276362611,11576.905276362611,12366.551888687885,12366.551888687885,12269.27348246991,12269.27348246991,10374.99508544852,10374.99508544852,10366.712343636082,10366.712343636082,10647.722691828085,10647.722691828085,10628.356435552942,10628.356435552942,10739.464787306439,10739.464787306439,10715.826869235789,10715.826869235789,10600.570986336614,11622.94957347852,12418.91085558613
2021-01-17,10718.006003188137,10718.006003188137,10677.808337936707,10677.808337936707,11658.455903808519,11658.455903808519,11600.783885383256,11600.783885383256,12385.924629278818,12385.924629278818,12288.487996990742,12288.487996990742,10374.99508544852,10374.99508544852,10366.712343636082,10366.712343636082,10647.722691828085,10647.722691828085,10628.356435552942,10628.356435552942,10739.464787306439,10739.464787306439,10715.826869235789,10715.826869235789,10602.00020937235,11625.98032212465,12416.881832209778
2021-01-18,10713.527884207582,10713.527884207582,10673.136854719063,10673.136854719063,11652.802626127057,11652.802626127057,11594.875097008098,11594.875097008098,12384.124259349077,12384.124259349077,12285.724350527998,12285.724350527998,10374.99508544852,10374.99508544852,10366.712343636082,10366.712343636082,10647.722691828085,10647.722691828085,10628.356435552942,10628.356435552942,10739.464787306439,10739.464787306439,10715.826869235789,10715.826869235789,10602.97330498668,11628.295387173695,12422.626547916974
2021-01-19,10697.674622761331,10697.674622761331,10657.34013300463,10657.34013300463,11625.567989831668,11625.567989831668,11567.590244730533,11567.590244730533,12354.591527793784,12354.591527793784,12256.273016845238,12256.273016845238,10374.99508544852,10374.99508544852,10366.712343636082,10366.712343636082,10647.722691828085,10647.722691828085,10628.356435552942,10628.356435552942,10739.464787306439,10739.464787306439,10715.826869235789,10715.826869235789,10602.450841482134,11626.991938912446,12417.789611798284
2021-01-20,10702.980960791234,10702.980960791234,10662.457635559751,10662.457635559751,11634.016743380085,11634.016743380085,11575.781228965789,11575.781228965789,12385.227703938499,12385.227703938499,12286.648239615964,12286.648239615964,10374.99508544852,10374.99508544852,10366.712343636082,10366.712343636082,10647.722691828085,10647.722691828085,10628.356435552942,10628.356435552942,10739.464787306439,10739.464787306439,10715.826869235789,10715.826869235789,10602.402957379083,11626.886593885736,12417.423821475279
2021-01-21,10654.157575087745,10654.157575087745,10613.602403352987,10613.602403352987,11530.811264353391,11530.811264353391,11473.011209128112,11473.011209128112,12217.774497231278,12217.774497231278,12119.940425210416,12119.940425210416,10374.99508544852,10374.99508544852,10366.712343636082,10366.712343636082,10647.722691828085,10647.722691828085,10628.356435552942,10628.356435552942,10739.464787306439,10739.464787306439,10715.826869235789,10715.826869235789,10602.402957379083,11613.679936784027,12396.211056182376
2021-01-22,10685.970757635787,10685.970757635787,10645.228556201346,10645.228556201346,11595.538492805035,11595.538492805035,11537.128897164977,11537.128897164977,12320.003961184031,12320.003961184031,12220.326216728132,12220.326216728132,10374.99508544852,10374.99508544852,10366.712343636082,10366.712343636082,10647.722691828085,10647.722691828085,10628.356435552942,10628.356435552942,10739.464787306439,10739.464787306439,10715.826869235789,10715.826869235789,10604.270877932284,11625.680973092825,12448.037515097401
2021-01-23,10698.250871817072,10698.250871817072,10657.45741712306,10657.45741712306,11616.275905989209,11616.275905989209,11557.798332626819,11557.798332626819,12349.68674784817,12349.68674784817,12249.477365132823,12249.477365132823,10374.99508544852,10374.99508544852,10366.712343636082,10366.712343636082,10647.722691828085,10647.722691828085,10628.356435552942,10628.356435552942,10739.464787306439,10739.464787306439,10715.826869235789,10715.826869235789,10612.48272397763,11642.779422917767,12477.010942565375
2021-01-24,10704.85507466553,10704.85507466553,10664.05682882058,10664.05682882058,11631.435224605651,11631.435224605651,11572.759262862555,11572.759262862555,12398.740989475236,12398.740989475236,12298.236470098615,12298.236470098615,10374.99508544852,10374.99508544852,10366.712343636082,10366.712343636082,10647.722691828085,10647.722691828085,10628.356435552942,10628.356435552942,10739.464787306439,10739.464787306439,10715.826869235789,10715.826869235789,10614.659191690891,11653.443165571278,12527.83955829426
2021-01-25,10690.78115779646,10690.78115779646,10650.006631027081,10650.006631027081,11605.109701937552,11605.109701937552,11546.601958375795,11546.601958375795,12352.482990746492,12352.482990746492,12251.903977381717,12251.903977381717,10374.99508544852,10374.99508544852,10366.712343636082,10366.712343636082,10647.722691828085,10647.722691828085,10628.356435552942,10628.356435552942,10739.464787306439,10739.464787306439,10715.826869235789,10715.826869235789,10605.9738943674,11630.62056711766,12479.724569685668
2021-01-26,10691.60286370145,10691.60286370145,10650.833657233878,10650.833657233878,11606.026252277035,11606.026252277035,11547.482375295416,11547.482375295416,12388.64594540783,12388.64594540783,12288.087464867423,12288.087464867423,10374.99508544852,10374.99508544852,10366.712343636082,10366.712343636082,10647.722691828085,10647.722691828085,10628.356435552942,10628.356435552942,10739.464787306439,10739.464787306439,10715.826869235789,10715.826869235789,10604.946688669539,11628.302721141043,12538.908927854074
2021-01-27,10664.485315246793,10664.485315246793,10623.765317414034,10623.765317414034,11549.72354588936,11549.72354588936,11491.521585377715,11491.521585377715,12321.134987643916,12321.134987643916,12220.90730661053,12220.90730661053,10374.99508544852,10374.99508544852,10366.712343636082,10366.712343636082,10647.722691828085,10647.722691828085,10628.356435552942,10628.356435552942,10739.464787306439,10739.464787306439,10715.826869235789,10715.826869235789,10595.342078556561,11599.201665021807,12490.952012600968
2021-01-28,10689.967403450919,10689.967403450919,10648.95590333976,10648.95590333976,11592.706372392493,11592.706372392493,11533.869564325272,11533.869564325272,12365.581883017194,12365.581883017194,12264.674732866379,12264.674732866379,10374.99508544852,10374.99508544852,10366.712343636082,10366.712343636082,10647.722691828085,10647.722691828085,10628.356435552942,10628.356435552942,10739.464787306439,10739.464787306439,10715.826869235789,10715.826869235789,10610.63307613646,11628.481561029872,12543.621809878581
2021-01-29,10697.869170109381,10697.869170109381,10656.857844836675,10656.857844836675,11617.096222019176,11617.096222019176,11558.18266799423,11558.18266799423,12396.552141720666,12396.552141720666,12295.430994781867,12295.430994781867,10374.99508544852,10374.99508544852,10366.712343636082,10366.712343636082,10647.722691828085,10647.722691828085,10628.356435552942,10628.356435552942,10739.464787306439,10739.464787306439,10715.826869235789,10715.826869235789,10615.441009660663,11653.554206034467,12575.012706678834
2021-01-30,10707.3188260348,10707.3188260348,10666.087049910213,10666.087049910213,11674.262658264837,11674.262658264837,11615.247489611156,11615.247489611156,12473.872317882882,12473.872317882882,12372.6222365182,12372.6222365182,10374.99508544852,10374.99508544852,10366.712343636082,10366.712343636082,10647.722691828085,10647.722691828085,10628.356435552942,10628.356435552942,10739.464787306439,10739.464787306439,10715.826869235789,10715.826869235789,10620.93080759368,11714.616725087531,12669.26109967526
2021-01-31,10695.595181513947,10695.595181513947,10654.399319658294,10654.399319658294,11646.889319853697,11646.889319853697,11587.834227474847,11587.834227474847,12415.84270576114,12415.84270576114,12314.440345217128,12314.440345217128,10374.99508544852,10374.99508544852,10366.712343636082,10366.712343636082,10647.722691828085,10647.722691828085,10628.356435552942,10628.356435552942,10739.464787306439,10739.464787306439,10715.826869235789,10715.826869235789,10618.344155070527,11708.622224419221,12636.216658584464
2021-02-01,10729.198643401487,10729.198643401487,10687.863713114872,10687.863713114872,11733.321502877978,11733.321502877978,11673.896390468197,11673.896390468197,12541.1890563351,12541.1890563351,12439.328462026515,12439.328462026515,10374.99508544852,10374.99508544852,10366.712343636082,10366.712343636082,10647.722691828085,10647.722691828085,10628.356435552942,10628.356435552942,10739.464787306439,10739.464787306439,10715.826869235789,10715.826869235789,10635.93454175033,11747.263457032539,12698.386770475992
2021-02-02,10736.00868255519,10736.00868255519,10694.538168082549,10694.538168082549,11750.233186143774,11750.233186143774,11690.582123034572,11690.582123034572,12565.838711844384,12565.838711844384,12463.600387276943,12463.600387276943,10374.99508544852,10374.99508544852,10366.712343636082,10366.712343636082,10647.722691828085,10647.722691828085,10628.356435552942,10628.356435552942,10739.464787306439,10739.464787306439,10715.826869235789,10715.826869235789,10633.874169048606,11742.49115222555,12690.291906803146
2021-02-03,10757.571258198755,10757.571258198755,10716.07207206361,10716.07207206361,11792.95285432028,11792.95285432028,11732.866735890535,11732.866735890535,12625.408626944487,12625.408626944487,12522.95362238721,12522.95362238721,10374.99508544852,10374.99508544852,10366.712343636082,10366.712343636082,10647.722691828085,10647.722691828085,10628.356435552942,10628.356435552942,10739.464787306439,10739.464787306439,10715.826869235789,10715.826869235789,10640.004822862222,11756.891062033099,12714.99948832802
2021-02-04,10745.654360468214,10745.654360468214,10703.818046234075,10703.818046234075,11778.196243180062,11778.196243180062,11717.706888360655,11717.706888360655,12649.318293497548,12649.318293497548,12545.095255144837,12545.095255144837,10374.99508544852,10374.99508544852,10366.712343636082,10366.712343636082,10647.722691828085,10647.722691828085,10628.356435552942,10628.356435552942,10739.464787306439,10739.464787306439,10715.826869235789,10715.826869235789,10639.8459298882,11756.525791100512,12748.583320893165
2021-02-05,10778.627921418183,10778.627921418183,10736.67828878649,10736.67828878649,11830.486301557074,11830.486301557074,11770.06517943302,11770.06517943302,12805.53760494144,12805.53760494144,12700.466539629277,12700.466539629277,10374.99508544852,10374.99508544852,10366.712343636082,10366.712343636082,10647.722691828085,10647.722691828085,10628.356435552942,10628.356435552942,10739.464787306439,10739.464787306439,10715.826869235789,10715.826869235789,10639.8459298882,11756.525791100512,12850.540853700366
2021-02-06,10787.589932805357,10787.589932805357,10745.557465570382,10745.557465570382,11841.724303179823,11841.724303179823,11782.452945357258,11782.452945357258,12828.875674080025,12828.875674080025,12724.828075288673,12724.828075288673,10374.99508544852,10374.99508544852,10366.712343636082,10366.712343636082,10647.722691828085,10647.722691828085,10628.356435552942,10628.356435552942,10739.464787306439,10739.464787306439,10715.826869235789,10715.826869235789,10639.8459298882,11756.525791100512,12892.286993893578
2021-02-07,10784.331507259996,10784.331507259996,10742.278709557648,10742.278709557648,11833.790057326474,11833.790057326474,11774.586324919432,11774.586324919432,12799.564252824968,12799.564252824968,12696.28527783407,12696.28527783407,10374.99508544852,10374.99508544852,10366.712343636082,10366.712343636082,10647.722691828085,10647.722691828085,10628.356435552942,10628.356435552942,10739.464787306439,10739.464787306439,10715.826869235789,10715.826869235789,10639.8459298882,11756.525791100512,12855.757070156598
2021-02-08,10807.593452914693,10807.593452914693,10765.521226740615,10765.521226740615,11877.225803385936,11877.225803385936,11817.807316985309,11817.807316985309,12895.80756356619,12895.80756356619,12790.809879699991,12790.809879699991,10374.99508544852,10374.99508544852,10366.712343636082,10366.712343636082,10647.722691828085,10647.722691828085,10628.356435552942,10628.356435552942,10739.464787306439,10739.464787306439,10715.826869235789,10715.826869235789,10639.8459298882,11756.525791100512,12932.594207136162
2021-02-09,10813.161424002912,10813.161424002912,10770.853844895524,10770.853844895524,11891.142773828537,11891.142773828537,11831.396700276962,11831.396700276962,13007.6320367008,13007.6320367008,12901.375402959038,12901.375402959038,10374.99508544852,10374.99508544852,10366.712343636082,10366.712343636082,10647.722691828085,10647.722691828085,10628.356435552942,10628.356435552942,10739.464787306439,10739.464787306439,10715.826869235789,10715.826869235789,10639.8459298882,11760.842593666894,13113.590563408616
2021-02-10,10803.6229588757,10803.6229588757,10761.132307052769,10761.132307052769,11930.588244377093,11930.588244377093,11870.384720620968,11870.384720620968,13062.1096825168,13062.1096825168,12954.387038505505,12954.387038505505,10374.99508544852,10374.99508544852,10366.712343636082,10366.712343636082,10647.722691828085,10647.722691828085,10628.356435552942,10628.356435552942,10739.464787306439,10739.464787306439,10715.826869235789,10715.826869235789,10639.8459298882,11760.57936004284,13110.138099902255
2021-02-11,10815.717471101545,10815.717471101545,10773.214321599276,10773.214321599276,11951.455283609428,11951.455283609428,11891.202459901584,11891.202459901584,13121.14513809598,13121.14513809598,13011.383401822124,13011.383401822124,10374.99508544852,10374.99508544852,10366.712343636082,10366.712343636082,10647.722691828085,10647.722691828085,10628.356435552942,10628.356435552942,10739.464787306439,10739.464787306439,10715.826869235789,10715.826869235789,10639.8459298882,11760.57936004284,13110.138099902255
2021-02-12,10832.048499138176,10832.048499138176,10789.494431332425,10789.494431332425,11991.083513637028,11991.083513637028,11930.677786238934,11930.677786238934,13190.410730280468,13190.410730280468,13079.992938847636,13079.992938847636,10374.99508544852,10374.99508544852,10366.712343636082,10366.712343636082,10647.722691828085,10647.722691828085,10628.356435552942,10628.356435552942,10739.464787306439,10739.464787306439,10715.826869235789,10715.826869235789,10639.8459298882,11760.57936004284,13110.138099902255
2021-02-13,10856.91968557,10856.91968557,10814.275712294271,10814.275712294271,12019.801527637068,12019.801527637068,11959.190293921385,11959.190293921385,13231.046258921522,13231.046258921522,13119.82163208447,13119.82163208447,10374.99508544852,10374.99508544852,10366.712343636082,10366.712343636082,10647.722691828085,10647.722691828085,10628.356435552942,10628.356435552942,10739.464787306439,10739.464787306439,10715.826869235789,10715.826869235789,10639.8459298882,11760.57936004284,13110.138099902255
2021-02-14,10849.144946056205,10849.144946056205,10806.27499740542,10806.27499740542,11983.917741032206,11983.917741032206,11923.497763473528,11923.497763473528,13185.848451983296,13185.848451983296,13074.604781998658,13074.604781998658,10374.99508544852,10374.99508544852,10366.712343636082,10366.712343636082,10647.722691828085,10647.722691828085,10628.356435552942,10628.356435552942,10739.464787306439,10739.464787306439,10715.826869235789,10715.826869235789,10639.8459298882,11760.57936004284,13110.138099902255
2021-02-15,10847.35729933827,10847.35729933827,10804.49345645474,10804.49345645474,11955.18777676533,11955.18777676533,11894.832385938422,11894.832385938422,13140.065649065104,13140.065649065104,13028.955438702293,13028.955438702293,10374.99508544852,10374.99508544852,10366.712343636082,10366.712343636082,10647.722691828085,10647.722691828085,10628.356435552942,10628.356435552942,10739.464787306439,10739.464787306439,10715.826869235789,10715.826869235789,10639.8459298882,11760.57936004284,13110.138099902255
2021-02-16,10847.632568864468,10847.632568864468,10804.572964842495,10804.572964842495,11968.950139576566,11968.950139576566,11908.450443465863,11908.450443465863,13150.165066658416,13150.165066658416,13038.88043303324,13038.88043303324,10374.99508544852,10374.99508544852,10366.712343636082,10366.712343636082,10647.722691828085,10647.722691828085,10628.356435552942,10628.356435552942,10739.464787306439,10739.464787306439,10715.826869235789,10715.826869235789,10639.8459298882,11760.57936004284,13110.138099902255
2021-02-17,10869.633852665378,10869.633852665378,10826.519988920052,10826.519988920052,12013.948719441556,12013.948719441556,11953.282646508474,11953.282646508474,13211.16860319186,13211.16860319186,13099.551268179237,13099.551268179237,10374.99508544852,10374.99508544852,10366.712343636082,10366.712343636082,10647.722691828085,10647.722691828085,10628.356435552942,10628.356435552942,10739.464787306439,10739.464787306439,10715.826869235789,10715.826869235789,10639.8459298882,11760.57936004284,13110.138099902255
2021-02-18,10866.681882703333,10866.681882703333,10823.59241705144,10823.59241705144,12006.178131867046,12006.178131867046,11945.479000672018,11945.479000672018,13194.682594238748,13194.682594238748,13083.192446848127,13083.192446848127,10374.99508544852,10374.99508544852,10366.712343636082,10366.712343636082,10647.722691828085,10647.722691828085,10628.356435552942,10628.356435552942,10739.464787306439,10739.464787306439,10715.826869235789,10715.826869235789,10639.8459298882,11763.838147286118,13115.586384824608
2021-02-19,10885.791565273381,10885.791565273381,10842.664770441868,10842.664770441868,12057.724064012342,12057.724064012342,11996.88889009802,11996.88889009802,13260.993949937973,13260.993949937973,13148.995073185923,13148.995073185923,10374.99508544852,10374.99508544852,10366.712343636082,10366.712343636082,10647.722691828085,10647.722691828085,10628.356435552942,10628.356435552942,10739.464787306439,10739.464787306439,10715.826869235789,10715.826869235789,10639.8459298882,11763.312852483483,13114.708157576451
2021-02-20,10873.77467587643,10873.77467587643,10830.68026172913,10830.68026172913,12084.575066617734,12084.575066617734,12019.851274195795,12019.851274195795,13271.82216948901,13271.82216948901,13161.596637004974,13161.596637004974,10374.99508544852,10374.99508544852,10366.712343636082,10366.712343636082,10647.722691828085,10647.722691828085,10628.356435552942,10628.356435552942,10739.464787306439,10739.464787306439,10715.826869235789,10715.826869235789,10639.8459298882,11763.312852483483,13114.708157576451
2021-02-21,10876.232550042909,10876.232550042909,10832.961901548262,10832.961901548262,12091.498609997738,12091.498609997738,12027.067528661959,12027.067528661959,13301.67922475612,13301.67922475612,13189.859782929492,13189.859782929492,10374.99508544852,10374.99508544852,10366.712343636082,10366.712343636082,10647.722691828085,10647.722691828085,10628.356435552942,10628.356435552942,10739.464787306439,10739.464787306439,10715.826869235789,10715.826869235789,10639.8459298882,11763.312852483483,13114.708157576451
2021-02-22,10834.525200759268,10834.525200759268,10791.268382215505,10791.268382215505,11985.193330241833,11985.193330241833,11920.257635807822,11920.257635807822,13104.550617094832,13104.550617094832,12998.455720319078,12998.455720319078,10374.99508544852,10374.99508544852,10366.712343636082,10366.712343636082,10647.722691828085,10647.722691828085,10628.356435552942,10628.356435552942,10739.464787306439,10739.464787306439,10715.826869235789,10715.826869235789,10639.8459298882,11763.312852483483,13114.708157576451
2021-02-23,10793.799232258667,10793.799232258667,10750.336416287255,10750.336416287255,11876.20597736404,11876.20597736404,11816.706305575313,11816.706305575313,12883.298327645822,12883.298327645822,12778.403909880846,12778.403909880846,10374.99508544852,10374.99508544852,10366.712343636082,10366.712343636082,10647.722691828085,10647.722691828085,10628.356435552942,10628.356435552942,10739.464787306439,10739.464787306439,10715.826869235789,10715.826869235789,10639.8459298882,11763.312852483483,13114.708157576451
2021-02-24,10805.099267936212,10805.099267936212,10761.499877732751,10761.499877732751,11892.925082454118,11892.925082454118,11833.097973831806,11833.097973831806,12908.204845286276,12908.204845286276,12802.354161122497,12802.354161122497,10374.99508544852,10374.99508544852,10366.712343636082,10366.712343636082,10647.722691828085,10647.722691828085,10628.356435552942,10628.356435552942,10739.464787306439,10739.464787306439,10715.826869235789,10715.826869235789,10641.82720152546,11766.512526554798,13119.897636950283
2021-02-25,10797.23396843577,10797.23396843577,10753.474364255262,10753.474364255262,11866.443059415467,11866.443059415467,11806.588554973507,11806.588554973507,12870.924358990176,12870.924358990176,12765.508294403962,12765.508294403962,10374.99508544852,10374.99508544852,10366.712343636082,10366.712343636082,10647.722691828085,10647.722691828085,10628.356435552942,10628.356435552942,10739.464787306439,10739.464787306439,10715.826869235789,10715.826869235789,10635.058566888885,11745.734947539228,13083.396410113883
2021-02-26,10806.41884906728,10806.41884906728,10762.377967688024,10762.377967688024,11874.205835398987,11874.205835398987,11814.012926429832,11814.012926429832,12871.346411569122,12871.346411569122,12765.763664416249,12765.763664416249,10374.99508544852,10374.99508544852,10366.712343636082,10366.712343636082,10647.722691828085,10647.722691828085,10628.356435552942,10628.356435552942,10739.464787306439,10739.464787306439,10715.826869235789,10715.826869235789,10641.758744883195,11754.336677825655,13081.564139400647
2021-02-27,10815.607374611207,10815.607374611207,10771.472287709712,10771.472287709712,11892.66477598848,11892.66477598848,11832.214735677555,11832.214735677555,12895.129797896732,12895.129797896732,12788.97462187879,12788.97462187879,10374.99508544852,10374.99508544852,10366.712343636082,10366.712343636082,10647.722691828085,10647.722691828085,10628.356435552942,10628.356435552942,10739.464787306439,10739.464787306439,10715.826869235789,10715.826869235789,10651.490697329342,11774.137304964474,13105.672340353369
2021-02-28,10809.619302717456,10809.619302717456,10765.485170033962,10765.485170033962,11871.092320749975,11871.092320749975,11810.701353368586,11810.701353368586,12861.238285065525,12861.238285065525,12755.349319582,12755.349319582,10374.99508544852,10374.99508544852,10366.712343636082,10366.712343636082,10647.722691828085,10647.722691828085,10628.356435552942,10628.356435552942,10739.464787306439,10739.464787306439,10715.826869235789,10715.826869235789,10645.343209087763,11750.983057389749,13068.758199500871
2021-03-01,10830.354443943826,10830.354443943826,10786.236076782132,10786.236076782132,11924.267718428315,11924.267718428315,11863.670595964499,11863.670595964499,12938.413504049782,12938.413504049782,12831.579618667465,12831.579618667465,10374.99508544852,10374.99508544852,10366.712343636082,10366.712343636082,10647.722691828085,10647.722691828085,10628.356435552942,10628.356435552942,10739.464787306439,10739.464787306439,10715.826869235789,10715.826869235789,10666.417150384083,11803.859813751813,13147.565265754973
2021-03-02,10819.830166316622,10819.830166316622,10775.679100330352,10775.679100330352,11903.633948845925,11903.633948845925,11842.900510149382,11842.900510149382,12907.809585903635,12907.809585903635,12801.99570121299,12801.99570121299,10374.99508544852,10374.99508544852,10366.712343636082,10366.712343636082,10647.722691828085,10647.722691828085,10628.356435552942,10628.356435552942,10739.464787306439,10739.464787306439,10715.826869235789,10715.826869235789,10655.210640746773,11784.001335011766,13118.627026200626
2021-03-03,10819.75995718442,10819.75995718442,10775.618903501776,10775.618903501776,11906.434943903994,11906.434943903994,11845.691566482797,11845.691566482797,12921.060054131129,12921.060054131129,12815.506648093857,12815.506648093857,10374.99508544852,10374.99508544852,10366.712343636082,10366.712343636082,10647.722691828085,10647.722691828085,10628.356435552942,10628.356435552942,10739.464787306439,10739.464787306439,10715.826869235789,10715.826869235789,10655.077084059216,11786.587723315333,13130.59821751642
2021-03-04,10807.908413241932,10807.908413241932,10763.87002187177,10763.87002187177,11904.40783616949,11904.40783616949,11843.616093372788,11843.616093372788,12905.600001739907,12905.600001739907,12800.477445835557,12800.477445835557,10374.99508544852,10374.99508544852,10366.712343636082,10366.712343636082,10647.722691828085,10647.722691828085,10628.356435552942,10628.356435552942,10739.464787306439,10739.464787306439,10715.826869235789,10715.826869235789,10643.910127210196,11780.485117891916,13111.958310940081
2021-03-05,10806.912989258468,10806.912989258468,10762.709248917705,10762.709248917705,11895.082866738221,11895.082866738221,11834.30377706472,11834.30377706472,12893.768540889398,12893.768540889398,12789.599067959578,12789.599067959578,10374.99508544852,10374.99508544852,10366.712343636082,10366.712343636082,10647.722691828085,10647.722691828085,10628.356435552942,10628.356435552942,10739.464787306439,10739.464787306439,10715.826869235789,10715.826869235789,10642.594501242786,11770.305981390991,13100.377552205713
2021-03-06,10805.772413705736,10805.772413705736,10761.581485631372,10761.581485631372,11892.71083005986,11892.71083005986,11831.91546105654,11831.91546105654,12891.859413486025,12891.859413486025,12787.743295790466,12787.743295790466,10374.99508544852,10374.99508544852,10366.712343636082,10366.712343636082,10647.722691828085,10647.722691828085,10628.356435552942,10628.356435552942,10739.464787306439,10739.464787306439,10715.826869235789,10715.826869235789,10641.503580738963,11767.360174548234,13097.934730883471
2021-03-07,10823.478696201357,10823.478696201357,10779.16350003289,10779.16350003289,11937.355484710084,11937.355484710084,11876.544265952045,11876.544265952045,12960.850839782934,12960.850839782934,12854.754631756381,12854.754631756381,10374.99508544852,10374.99508544852,10366.712343636082,10366.712343636082,10647.722691828085,10647.722691828085,10628.356435552942,10628.356435552942,10739.464787306439,10739.464787306439,10715.826869235789,10715.826869235789,10653.595703639328,11802.28283632968,13150.318027209594
2021-03-08,10820.474922502384,10820.474922502384,10776.171087461691,10776.171087461691,11930.103898952415,11930.103898952415,11869.278435264376,11869.278435264376,12955.934229797602,12955.934229797602,12850.330522594368,12850.330522594368,10374.99508544852,10374.99508544852,10366.712343636082,10366.712343636082,10647.722691828085,10647.722691828085,10628.356435552942,10628.356435552942,10739.464787306439,10739.464787306439,10715.826869235789,10715.826869235789,10651.808372790834,11798.098355066231,13147.825945041377
2021-03-09,10842.047676924372,10842.047676924372,10797.669601415431,10797.669601415431,11968.89775445678,11968.89775445678,11907.911250919877,11907.911250919877,13019.574450041886,13019.574450041886,12910.503727595766,12910.503727595766,10374.99508544852,10374.99508544852,10366.712343636082,10366.712343636082,10647.722691828085,10647.722691828085,10628.356435552942,10628.356435552942,10739.464787306439,10739.464787306439,10715.826869235789,10715.826869235789,10663.920725121687,11825.551376646363,13191.235707141826
2021-03-10,10826.76076757359,10826.76076757359,10782.260512033537,10782.260512033537,11931.112462848447,11931.112462848447,11870.14594657028,11870.14594657028,12968.647296043619,12968.647296043619,12861.679187238744,12861.679187238744,10374.99508544852,10374.99508544852,10366.712343636082,10366.712343636082,10647.722691828085,10647.722691828085,10628.356435552942,10628.356435552942,10739.464787306439,10739.464787306439,10715.826869235789,10715.826869235789,10661.729739859446,11811.162381361693,13160.677368218221
2021-03-11,10830.35133874435,10830.35133874435,10785.851083204298,10785.851083204298,11936.446131295337,11936.446131295337,11875.479627175182,11875.479627175182,12981.973756556978,12981.973756556978,12874.295025364463,12874.295025364463,10374.99508544852,10374.99508544852,10366.712343636082,10366.712343636082,10647.722691828085,10647.722691828085,10628.356435552942,10628.356435552942,10739.464787306439,10739.464787306439,10715.826869235789,10715.826869235789,10661.708740215032,11810.87774642886,13165.83809288264
2021-03-12,10819.64180022432,10819.64180022432,10774.969890683233,10774.969890683233,11915.827426778911,11915.827426778911,11854.590857698464,11854.590857698464,12952.616725741173,12952.616725741173,12844.625909741844,12844.625909741844,10374.99508544852,10374.99508544852,10366.712343636082,10366.712343636082,10647.722691828085,10647.722691828085,10628.356435552942,10628.356435552942,10739.464787306439,10739.464787306439,10715.826869235789,10715.826869235789,10661.708740215032,11810.87774642886,13157.557452895662
2021-03-13,10835.54571050672,10835.54571050672,10790.873800965632,10790.873800965632,11975.822366143086,11975.822366143086,11914.332840231453,11914.332840231453,13043.250697942733,13043.250697942733,12930.850990524681,12930.850990524681,10374.99508544852,10374.99508544852,10366.712343636082,10366.712343636082,10647.722691828085,10647.722691828085,10628.356435552942,10628.356435552942,10739.464787306439,10739.464787306439,10715.826869235789,10715.826869235789,10661.708740215032,11810.87774642886,13157.281252992638
2021-03-14,10821.542772988923,10821.542772988923,10776.870863447835,10776.870863447835,11932.159008893475,11932.159008893475,11870.690886582088,11870.690886582088,12970.348586681259,12970.348586681259,12858.408722837463,12858.408722837463,10374.99508544852,10374.99508544852,10366.712343636082,10366.712343636082,10647.722691828085,10647.722691828085,10628.356435552942,10628.356435552942,10739.464787306439,10739.464787306439,10715.826869235789,10715.826869235789,10661.708740215032,11804.271506501442,13146.270853113607
2021-03-15,10804.391989001195,10804.391989001195,10759.57491969403,10759.57491969403,11900.994651103585,11900.994651103585,11839.538032231454,11839.538032231454,12915.5193810611,12915.5193810611,12804.016103774955,12804.016103774955,10374.99508544852,10374.99508544852,10366.712343636082,10366.712343636082,10647.722691828085,10647.722691828085,10628.356435552942,10628.356435552942,10739.464787306439,10739.464787306439,10715.826869235789,10715.826869235789,10659.134337303974,11798.27998745489,13135.998943268123
2021-03-16,10811.702235863628,10811.702235863628,10766.885166556463,10766.885166556463,11915.668492563118,11915.668492563118,11854.197673510353,11854.197673510353,12946.060277230366,12946.060277230366,12833.968045401492,12833.968045401492,10374.99508544852,10374.99508544852,10366.712343636082,10366.712343636082,10647.722691828085,10647.722691828085,10628.356435552942,10628.356435552942,10739.464787306439,10739.464787306439,10715.826869235789,10715.826869235789,10660.400774626874,11801.23500787499,13141.064692559721
2021-03-17,10818.838131487062,10818.838131487062,10774.021062179898,10774.021062179898,11928.364894930339,11928.364894930339,11866.862083559157,11866.862083559157,12976.929584162857,12976.929584162857,12864.260002387255,12864.260002387255,10374.99508544852,10374.99508544852,10366.712343636082,10366.712343636082,10647.722691828085,10647.722691828085,10628.356435552942,10628.356435552942,10739.464787306439,10739.464787306439,10715.826869235789,10715.826869235789,10659.44025503521,11798.993795494438,13139.911608266057
2021-03-18,10801.199913491226,10801.199913491226,10756.017241953301,10756.017241953301,11894.327984021184,11894.327984021184,11832.216264470779,11832.216264470779,12928.937749641585,12928.937749641585,12816.285311545875,12816.285311545875,10374.99508544852,10374.99508544852,10366.712343636082,10366.712343636082,10647.722691828085,10647.722691828085,10628.356435552942,10628.356435552942,10739.464787306439,10739.464787306439,10715.826869235789,10715.826869235789,10654.551507412094,11783.191591656341,13108.110911210273
2021-03-19,10801.329045199416,10801.329045199416,10755.809383761394,10755.809383761394,11915.851176665328,11915.851176665328,11853.189536452795,11853.189536452795,12960.793446266629,12960.793446266629,12847.541185323307,12847.541185323307,10374.99508544852,10374.99508544852,10366.712343636082,10366.712343636082,10647.722691828085,10647.722691828085,10628.356435552942,10628.356435552942,10739.464787306439,10739.464787306439,10715.826869235789,10715.826869235789,10654.317606283084,11790.366716658647,13126.363688639582
2021-03-20,10776.119202570493,10776.119202570493,10730.302835016304,10730.302835016304,11874.979134827217,11874.979134827217,11812.146517988158,11812.146517988158,12901.444115840186,12901.444115840186,12788.517114319864,12788.517114319864,10374.99508544852,10374.99508544852,10366.712343636082,10366.712343636082,10647.722691828085,10647.722691828085,10628.356435552942,10628.356435552942,10739.464787306439,10739.464787306439,10715.826869235789,10715.826869235789,10654.317606283084,11790.078601507737,13119.44928674797
2021-03-21,10779.495207625476,10779.495207625476,10733.487516398318,10733.487516398318,11878.588327078898,11878.588327078898,11815.481619690056,11815.481619690056,12892.85989930342,12892.85989930342,12779.677410508273,12779.677410508273,10374.99508544852,10374.99508544852,10366.712343636082,10366.712343636082,10647.722691828085,10647.722691828085,10628.356435552942,10628.356435552942,10739.464787306439,10739.464787306439,10715.826869235789,10715.826869235789,10653.499734156523,11788.520360036739,13116.900686820845
2021-03-22,10760.047046440382,10760.047046440382,10714.02834373333,10714.02834373333,11835.145864659518,11835.145864659518,11772.112037229888,11772.112037229888,12821.647785359268,12821.647785359268,12709.043583133813,12709.043583133813,10374.99508544852,10374.99508544852,10366.712343636082,10366.712343636082,10647.722691828085,10647.722691828085,10628.356435552942,10628.356435552942,10739.464787306439,10739.464787306439,10715.826869235789,10715.826869235789,10650.130025017552,11781.780941758798,13106.791559403933
2021-03-23,10748.544389637029,10748.544389637029,10702.365333771599,10702.365333771599,11812.542874748764,11812.542874748764,11749.278414659833,11749.278414659833,12789.322307504086,12789.322307504086,12676.329710765365,12676.329710765365,10374.99508544852,10374.99508544852,10366.712343636082,10366.712343636082,10647.722691828085,10647.722691828085,10628.356435552942,10628.356435552942,10739.464787306439,10739.464787306439,10715.826869235789,10715.826869235789,10644.769140289372,11769.931197497921,13087.9020358301
2021-03-24,10737.393790401216,10737.393790401216,10691.151241129828,10691.151241129828,11775.40013396846,11775.40013396846,11711.923854487799,11711.923854487799,12716.570778497222,12716.570778497222,12603.739981319712,12603.739981319712,10374.99508544852,10374.99508544852,10366.712343636082,10366.712343636082,10647.722691828085,10647.722691828085,10628.356435552942,10628.356435552942,10739.464787306439,10739.464787306439,10715.826869235789,10715.826869235789,10645.212367493285,11770.942494714525,13067.867787860805
2021-03-25,10732.644894229792,10732.644894229792,10686.186431664511,10686.186431664511,11757.43069391154,11757.43069391154,11694.525500042742,11694.525500042742,12689.668958722987,12689.668958722987,12576.90611789831,12576.90611789831,10374.99508544852,10374.99508544852,10366.712343636082,10366.712343636082,10647.722691828085,10647.722691828085,10628.356435552942,10628.356435552942,10739.464787306439,10739.464787306439,10715.826869235789,10715.826869235789,10641.526032003285,11757.577626580513,13040.86670591113
2021-03-26,10751.377938066575,10751.377938066575,10704.742159781852,10704.742159781852,11803.888727518579,11803.888727518579,11740.738420184774,11740.738420184774,12775.19146901104,12775.19146901104,12661.450924559815,12661.450924559815,10374.99508544852,10374.99508544852,10366.712343636082,10366.712343636082,10647.722691828085,10647.722691828085,10628.356435552942,10628.356435552942,10739.464787306439,10739.464787306439,10715.826869235789,10715.826869235789,10657.196878219625,11802.804035265022,13121.297779897763
2021-03-27,10741.700256895874,10741.700256895874,10695.051745074958,10695.051745074958,11793.382864931662,11793.382864931662,11730.330640139973,11730.330640139973,12757.039655946359,12757.039655946359,12643.138865184084,12643.138865184084,10374.99508544852,10374.99508544852,10366.712343636082,10366.712343636082,10647.722691828085,10647.722691828085,10628.356435552942,10628.356435552942,10739.464787306439,10739.464787306439,10715.826869235789,10715.826869235789,10648.72262314795,11792.89911862425,13103.120685729647
2021-03-28,10747.91769963235,10747.91769963235,10701.096409289292,10701.096409289292,11807.9773069449,11807.9773069449,11744.516738645352,11744.516738645352,12773.7940135101,12773.7940135101,12659.352888982596,12659.352888982596,10374.99508544852,10374.99508544852,10366.712343636082,10366.712343636082,10647.722691828085,10647.722691828085,10628.356435552942,10628.356435552942,10739.464787306439,10739.464787306439,10715.826869235789,10715.826869235789,10651.498778128947,11801.614799230334,13113.480573578592
2021-03-29,10751.02261110216,10751.02261110216,10704.201320759103,10704.201320759103,11818.768865247112,11818.768865247112,11755.27771869878,11755.27771869878,12798.280917986549,12798.280917986549,12683.73771247158,12683.73771247158,10374.99508544852,10374.99508544852,10366.712343636082,10366.712343636082,10647.722691828085,10647.722691828085,10628.356435552942,10628.356435552942,10739.464787306439,10739.464787306439,10715.826869235789,10715.826869235789,10652.805112800508,11810.621605912434,13134.432983578547
2021-03-30,10766.649725687668,10766.649725687668,10719.82843534461,10719.82843534461,11858.426429146506,11858.426429146506,11793.744786255049,11793.744786255049,12855.465352164683,12855.465352164683,12735.225190101342,12735.225190101342,10374.99508544852,10374.99508544852,10366.712343636082,10366.712343636082,10647.722691828085,10647.722691828085,10628.356435552942,10628.356435552942,10739.464787306439,10739.464787306439,10715.826869235789,10715.826869235789,10670.323970703417,11869.151764158889,13225.599343784115
2021-03-31,10789.937118929181,10789.937118929181,10743.03839931445,10743.03839931445,11907.729922483973,11907.729922483973,11842.804283682039,11842.804283682039,12913.324785771032,12913.324785771032,12791.029849812912,12791.029849812912,10374.99508544852,10374.99508544852,10366.712343636082,10366.712343636082,10647.722691828085,10647.722691828085,10628.356435552942,10628.356435552942,10739.464787306439,10739.464787306439,10715.826869235789,10715.826869235789,10684.710943268394,11908.062375760515,13288.57096939472
2021-04-01,10791.055123905864,10791.055123905864,10743.663053366796,10743.663053366796,11929.707574942475,11929.707574942475,11864.579795421654,11864.579795421654,12941.950274865594,12941.950274865594,12823.944432719196,12823.944432719196,10374.99508544852,10374.99508544852,10366.712343636082,10366.712343636082,10647.722691828085,10647.722691828085,10628.356435552942,10628.356435552942,10739.464787306439,10739.464787306439,10715.826869235789,10715.826869235789,10688.702981333776,11917.466415246738,13302.51699062393
2021-04-02,10818.890889433887,10818.890889433887,10770.967879102807,10770.967879102807,11962.872231022764,11962.872231022764,11897.061502443043,11897.061502443043,12995.754831440998,12995.754831440998,12876.815901148297,12876.815901148297,10374.99508544852,10374.99508544852,10366.712343636082,10366.712343636082,10647.722691828085,10647.722691828085,10628.356435552942,10628.356435552942,10739.464787306439,10739.464787306439,10715.826869235789,10715.826869235789,10688.558961097007,11917.126034491897,13301.535184758057
2021-04-03,10783.930177747994,10783.930177747994,10736.085681443325,10736.085681443325,11901.000116200548,11901.000116200548,11835.37807990491,11835.37807990491,12923.13230888762,12923.13230888762,12800.490560929098,12800.490560929098,10374.99508544852,10374.99508544852,10366.712343636082,10366.712343636082,10647.722691828085,10647.722691828085,10628.356435552942,10628.356435552942,10739.464787306439,10739.464787306439,10715.826869235789,10715.826869235789,10688.558961097007,11917.126034491897,13301.535184758057
2021-04-04,10808.142520834424,10808.142520834424,10759.847438466739,10759.847438466739,12000.266379954477,12000.266379954477,11933.629695812171,11933.629695812171,13065.37452101282,13065.37452101282,12943.588445146619,12943.588445146619,10374.99508544852,10374.99508544852,10366.712343636082,10366.712343636082,10647.722691828085,10647.722691828085,10628.356435552942,10628.356435552942,10739.464787306439,10739.464787306439,10715.826869235789,10715.826869235789,10688.558961097007,11917.126034491897,13301.535184758057
2021-04-05,10818.41037039833,10818.41037039833,10769.927076247795,10769.927076247795,12029.544959110031,12029.544959110031,11962.2753511361,11962.2753511361,13120.99385935759,13120.99385935759,13000.938784374437,13000.938784374437,10374.99508544852,10374.99508544852,10366.712343636082,10366.712343636082,10647.722691828085,10647.722691828085,10628.356435552942,10628.356435552942,10739.464787306439,10739.464787306439,10715.826869235789,10715.826869235789,10688.558961097007,11917.126034491897,13301.535184758057
2021-04-06,10846.847089640598,10846.847089640598,10797.729421751797,10797.729421751797,12058.051738561215,12058.051738561215,11989.962396520139,11989.962396520139,13131.448975458017,13131.448975458017,13015.911413017924,13015.911413017924,10374.99508544852,10374.99508544852,10366.712343636082,10366.712343636082,10647.722691828085,10647.722691828085,10628.356435552942,10628.356435552942,10739.464787306439,10739.464787306439,10715.826869235789,10715.826869235789,10688.558961097007,11917.126034491897,13301.535184758057
2021-04-07,10792.538224947952,10792.538224947952,10743.674518862952,10743.674518862952,11946.303914827893,11946.303914827893,11878.356572739836,11878.356572739836,12940.710479834213,12940.710479834213,12825.95065621856,12825.95065621856,10374.99508544852,10374.99508544852,10366.712343636082,10366.712343636082,10647.722691828085,10647.722691828085,10628.356435552942,10628.356435552942,10739.464787306439,10739.464787306439,10715.826869235789,10715.826869235789,10688.558961097007,11917.126034491897,13301.535184758057
2021-04-08,10829.055827856937,10829.055827856937,10779.337845823628,10779.337845823628,12015.568754187947,12015.568754187947,11946.18660134232,11946.18660134232,13061.935387572154,13061.935387572154,12945.083493329439,12945.083493329439,10374.99508544852,10374.99508544852,10366.712343636082,10366.712343636082,10647.722691828085,10647.722691828085,10628.356435552942,10628.356435552942,10739.464787306439,10739.464787306439,10715.826869235789,10715.826869235789,10688.558961097007,11917.126034491897,13301.535184758057
2021-04-09,10830.058561160246,10830.058561160246,10780.368701423407,10780.368701423407,12005.969890543318,12005.969890543318,11936.383831720788,11936.383831720788,13043.451906340852,13043.451906340852,12926.58733191784,12926.58733191784,10374.99508544852,10374.99508544852,10366.712343636082,10366.712343636082,10647.722691828085,10647.722691828085,10628.356435552942,10628.356435552942,10739.464787306439,10739.464787306439,10715.826869235789,10715.826869235789,10688.558961097007,11917.126034491897,13301.535184758057
2021-04-10,10889.67300517331,10889.67300517331,10839.728314356305,10839.728314356305,12105.78203120149,12105.78203120149,12035.515102178852,12035.515102178852,13191.44049987849,13191.44049987849,13073.211958007125,13073.211958007125,10374.99508544852,10374.99508544852,10366.712343636082,10366.712343636082,10647.722691828085,10647.722691828085,10628.356435552942,10628.356435552942,10739.464787306439,10739.464787306439,10715.826869235789,10715.826869235789,10690.681573781614,11922.024371456373,13309.699079698852
2021-04-11,10902.84229554102,10902.84229554102,10852.855194223052,10852.855194223052,12131.021307879184,12131.021307879184,12059.915484776611,12059.915484776611,13215.686073766228,13215.686073766228,13097.379130821591,13097.379130821591,10374.99508544852,10374.99508544852,10366.712343636082,10366.712343636082,10647.722691828085,10647.722691828085,10628.356435552942,10628.356435552942,10739.464787306439,10739.464787306439,10715.826869235789,10715.826869235789,10697.35686129378,11937.428881099833,13335.373262437952
2021-04-12,10932.638759365842,10932.638759365842,10882.262210378349,10882.262210378349,12167.892190313905,12167.892190313905,12101.943723417362,12101.943723417362,13250.06802613375,13250.06802613375,13131.328973065254,13131.328973065254,10374.99508544852,10374.99508544852,10366.712343636082,10366.712343636082,10647.722691828085,10647.722691828085,10628.356435552942,10628.356435552942,10739.464787306439,10739.464787306439,10715.826869235789,10715.826869235789,10697.241670553029,11937.163056313484,13334.930221127373
2021-04-13,10965.366516030963,10965.366516030963,10914.728289038838,10914.728289038838,12251.170472069343,12251.170472069343,12186.88915260286,12186.88915260286,13388.94403359939,13388.94403359939,13268.848592359152,13268.848592359152,10374.99508544852,10374.99508544852,10366.712343636082,10366.712343636082,10647.722691828085,10647.722691828085,10628.356435552942,10628.356435552942,10739.464787306439,10739.464787306439,10715.826869235789,10715.826869235789,10697.241670553029,11937.163056313484,13334.930221127373
2021-04-14,10972.223110244273,10972.223110244273,10921.26788579049,10921.26788579049,12273.432264989206,12273.432264989206,12208.959879128883,12208.959879128883,13413.955456526028,13413.955456526028,13292.926416902734,13292.926416902734,10372.518886694152,10372.518886694152,10364.04506653035,10364.04506653035,10643.595693904139,10643.595693904139,10623.910973710059,10623.910973710059,10735.337789382493,10735.337789382493,10711.381407392906,10711.381407392906,10697.241670553029,11937.163056313484,13334.930221127373
2021-04-15,10970.774971882573,10970.774971882573,10919.801696542945,10919.801696542945,12277.502621318567,12277.502621318567,12212.816010169361,12212.816010169361,13447.652423732301,13447.652423732301,13325.712660442916,13325.712660442916,10372.651168342853,10372.651168342853,10364.177348179051,10364.177348179051,10643.816163318641,10643.816163318641,10624.131443124561,10624.131443124561,10735.558258796995,10735.558258796995,10711.601876807408,10711.601876807408,10697.241670553029,11937.163056313484,13334.930221127373
2021-04-16,10936.586593171893,10936.586593171893,10885.657578018136,10885.657578018136,12213.060773438448,12213.060773438448,12147.474577885578,12147.474577885578,13399.113581506434,13399.113581506434,13276.901699947599,13276.901699947599,10366.572714715214,10366.572714715214,10358.098894551413,10358.098894551413,10633.685407272578,10633.685407272578,10614.000687078498,10614.000687078498,10725.427502750932,10725.427502750932,10701.471120761345,10701.471120761345,10697.241670553029,11937.163056313484,13334.930221127373
2021-04-17,10917.678576536828,10917.678576536828,10866.501858562538,10866.501858562538,12178.931029428895,12178.931029428895,12113.148956924158,12113.148956924158,13333.039977254788,13333.039977254788,13210.959065797791,13210.959065797791,10362.207053926666,10362.207053926666,10353.733233762865,10353.733233762865,10626.40930595833,10626.40930595833,10606.72458576425,10606.72458576425,10718.151401436684,10718.151401436684,10694.195019447097,10694.195019447097,10697.241670553029,11937.163056313484,13334.930221127373
2021-04-18,10856.87159798694,10856.87159798694,10805.359597036164,10805.359597036164,12079.715729348529,12079.715729348529,12013.570765802207,12013.570765802207,13119.393902780801,13119.393902780801,12997.597617399962,12997.597617399962,10349.224435988752,10349.224435988752,10340.666669139748,10340.666669139748,10604.771609395137,10604.771609395137,10584.946978059053,10584.946978059053,10696.51370487349,10696.51370487349,10672.4174117419,10672.4174117419,10697.241670553029,11937.163056313484,13334.930221127373
2021-04-19,10830.07871777358,10830.07871777358,10778.420954758254,10778.420954758254,12021.777694824883,12021.777694824883,11955.207529810657,11955.207529810657,13046.948375769516,13046.948375769516,12924.654451482784,12924.654451482784,10349.224435988752,10349.224435988752,10340.666669139748,10340.666669139748,10604.771609395137,10604.771609395137,10584.946978059053,10584.946978059053,10696.51370487349,10696.51370487349,10672.4174117419,10672.4174117419,10697.241670553029,11937.163056313484,13334.930221127373
2021-04-20,10849.819117536643,10849.819117536643,10797.43684905341,10797.43684905341,12076.479289853189,12076.479289853189,12008.06915673244,12008.06915673244,13116.519650852382,13116.519650852382,12993.452165946674,12993.452165946674,10349.224435988752,10349.224435988752,10340.666669139748,10340.666669139748,10604.771609395137,10604.771609395137,10584.946978059053,10584.946978059053,10696.51370487349,10696.51370487349,10672.4174117419,10672.4174117419,10703.188654203206,11950.467170118904,13357.49788698357
2021-04-21,10838.339682601718,10838.339682601718,10785.843875053928,10785.843875053928,12053.614729817336,12053.614729817336,11985.100299500891,11985.100299500891,13068.198282244643,13068.198282244643,12945.195523659333,12945.195523659333,10349.224435988752,10349.224435988752,10340.666669139748,10340.666669139748,10604.771609395137,10604.771609395137,10584.946978059053,10584.946978059053,10696.51370487349,10696.51370487349,10672.4174117419,10672.4174117419,10697.736204572191,11934.943473534906,13315.266235472622
2021-04-22,10840.726521317327,10840.726521317327,10788.094655103898,10788.094655103898,12041.160836690095,12041.160836690095,11972.276646007977,11972.276646007977,13048.333817147135,13048.333817147135,12924.803152617036,12924.803152617036,10349.224435988752,10349.224435988752,10340.666669139748,10340.666669139748,10604.771609395137,10604.771609395137,10584.946978059053,10584.946978059053,10696.51370487349,10696.51370487349,10672.4174117419,10672.4174117419,10705.176457626623,11930.220461029287,13295.457788439857
2021-04-23,10838.3943926172,10838.3943926172,10785.360887667885,10785.360887667885,12011.369864655142,12011.369864655142,11942.023370268327,11942.023370268327,12995.680393362012,12995.680393362012,12872.187648388017,12872.187648388017,10349.224435988752,10349.224435988752,10340.666669139748,10340.666669139748,10604.771609395137,10604.771609395137,10584.946978059053,10584.946978059053,10696.51370487349,10696.51370487349,10672.4174117419,10672.4174117419,10701.757028245012,11918.83120576369,13248.481524793367
2021-04-24,10816.866835507566,10816.866835507566,10763.826769295594,10763.826769295594,11953.879918995955,11953.879918995955,11884.569204003628,11884.569204003628,12921.993611507203,12921.993611507203,12798.594170281664,12798.594170281664,10349.224435988752,10349.224435988752,10340.666669139748,10340.666669139748,10604.771609395137,10604.771609395137,10584.946978059053,10584.946978059053,10696.51370487349,10696.51370487349,10672.4174117419,10672.4174117419,10682.13290860927,11859.951883535368,13182.36390818185
2021-04-25,10830.372464584965,10830.372464584965,10777.047282548332,10777.047282548332,11970.85148579965,11970.85148579965,11900.79660696672,11900.79660696672,12940.743237539886,12940.743237539886,12816.677147121518,12816.677147121518,10349.224435988752,10349.224435988752,10340.666669139748,10340.666669139748,10604.771609395137,10604.771609395137,10584.946978059053,10584.946978059053,10696.51370487349,10696.51370487349,10672.4174117419,10672.4174117419,10695.062618446978,11877.193669416502,13198.562884738332
2021-04-26,10840.715967527049,10840.715967527049,10787.404356834464,10787.404356834464,12010.37695391952,12010.37695391952,11939.632981007368,11939.632981007368,13016.68051158172,13016.68051158172,12891.572820896827,12891.572820896827,10349.224435988752,10349.224435988752,10340.666669139748,10340.666669139748,10604.771609395137,10604.771609395137,10584.946978059053,10584.946978059053,10696.51370487349,10696.51370487349,10672.4174117419,10672.4174117419,10705.392098346812,11914.253038196495,13278.24332250139
2021-04-27,10851.36536050554,10851.36536050554,10797.927754467457,10797.927754467457,12031.57020532808,12031.57020532808,11960.484734492542,11960.484734492542,13061.623774209856,13061.623774209856,12936.156402221666,12936.156402221666,10349.224435988752,10349.224435988752,10340.666669139748,10340.666669139748,10604.771609395137,10604.771609395137,10584.946978059053,10584.946978059053,10696.51370487349,10696.51370487349,10672.4174117419,10672.4174117419,10716.058513981123,11934.584042597198,13319.950076642388
2021-04-28,10863.464324367307,10863.464324367307,10810.010596792792,10810.010596792792,12073.977384095231,12073.977384095231,12002.654937835452,12002.654937835452,13115.01885018682,13115.01885018682,12989.099631570696,12989.099631570696,10349.224435988752,10349.224435988752,10340.666669139748,10340.666669139748,10604.771609395137,10604.771609395137,10584.946978059053,10584.946978059053,10696.51370487349,10696.51370487349,10672.4174117419,10672.4174117419,10728.125234770028,11977.057543425506,13370.74705232215
2021-04-29,10859.571641461178,10859.571641461178,10806.142189648132,10806.142189648132,12061.195534406745,12061.195534406745,11989.90318771647,11989.90318771647,13091.609749572202,13091.609749572202,12965.868336052472,12965.868336052472,10349.224435988752,10349.224435988752,10340.666669139748,10340.666669139748,10604.771609395137,10604.771609395137,10584.946978059053,10584.946978059053,10696.51370487349,10696.51370487349,10672.4174117419,10672.4174117419,10726.725319414905,11967.586963492698,13349.757847602275
2021-04-30,10862.322003158073,10862.322003158073,10808.889125481122,10808.889125481122,12079.971709799434,12079.971709799434,12008.549754916407,12008.549754916407,13134.661502673978,13134.661502673978,13008.548426860187,13008.548426860187,10349.224435988752,10349.224435988752,10340.666669139748,10340.666669139748,10604.771609395137,10604.771609395137,10584.946978059053,10584.946978059053,10696.51370487349,10696.51370487349,10672.4174117419,10672.4174117419,10729.531836326818,11986.056734052316,13391.990116756178
2021-05-01,10877.272452069321,10877.272452069321,10823.502161998475,10823.502161998475,12125.053828103333,12125.053828103333,12053.081140811515,12053.081140811515,13213.565305290602,13213.565305290602,13086.384655139562,13086.384655139562,10349.224435988752,10349.224435988752,10340.666669139748,10340.666669139748,10604.771609395137,10604.771609395137,10584.946978059053,10584.946978059053,10696.51370487349,10696.51370487349,10672.4174117419,10672.4174117419,10740.550844625444,12036.877301734898,13471.831857246381
2021-05-02,10878.551472740399,10878.551472740399,10824.775721140897,10824.775721140897,12133.603397713669,12133.603397713669,12061.623293224944,12061.623293224944,13212.033293904535,13212.033293904535,13084.956749078825,13084.956749078825,10349.224435988752,10349.224435988752,10340.666669139748,10340.666669139748,10604.771609395137,10604.771609395137,10584.946978059053,10584.946978059053,10696.51370487349,10696.51370487349,10672.4174117419,10672.4174117419,10738.864608498885,12039.949372608295,13462.712770075786
2021-05-03,10918.477394517759,10918.477394517759,10864.635174741932,10864.635174741932,12216.828799369969,12216.828799369969,12144.164066500776,12144.164066500776,13319.810952735039,13319.810952735039,13191.762988539209,13191.762988539209,10349.224435988752,10349.224435988752,10340.666669139748,10340.666669139748,10604.771609395137,10604.771609395137,10584.946978059053,10584.946978059053,10696.51370487349,10696.51370487349,10672.4174117419,10672.4174117419,10763.208496023137,12104.277327654054,13553.192695612574
2021-05-04,10905.345702795325,10905.345702795325,10851.41623157949,10851.41623157949,12199.25093568393,12199.25093568393,12126.258623588248,12126.258623588248,13315.085151694642,13315.085151694642,13186.283620270853,13186.283620270853,10349.224435988752,10349.224435988752,10340.666669139748,10340.666669139748,10604.771609395137,10604.771609395137,10584.946978059053,10584.946978059053,10696.51370487349,10696.51370487349,10672.4174117419,10672.4174117419,10750.03540076574,12075.136749685924,13559.989773538624
2021-05-05,10948.17334939863,10948.17334939863,10893.984685134996,10893.984685134996,12259.93479407046,12259.93479407046,12186.43700095348,12186.43700095348,13466.68002332146,13466.68002332146,13336.49645203312,13336.49645203312,10349.224435988752,10349.224435988752,10340.666669139748,10340.666669139748,10604.771609395137,10604.771609395137,10584.946978059053,10584.946978059053,10696.51370487349,10696.51370487349,10672.4174117419,10672.4174117419,10758.107861819848,12092.785457508036,13652.940551671129
2021-05-06,10934.519748668296,10934.519748668296,10880.196132151355,10880.196132151355,12245.914628732042,12245.914628732042,12171.891794434388,12171.891794434388,13502.928840458224,13502.928840458224,13370.97217426386,13370.97217426386,10349.224435988752,10349.224435988752,10340.666669139748,10340.666669139748,10604.771609395137,10604.771609395137,10584.946978059053,10584.946978059053,10696.51370487349,10696.51370487349,10672.4174117419,10672.4174117419,10755.865000258404,12099.17315714169,13663.304451442285
2021-05-07,10940.890781022686,10940.890781022686,10886.480023404354,10886.480023404354,12264.35376228955,12264.35376228955,12190.217644150176,12190.217644150176,13482.856467163892,13482.856467163892,13351.038024181935,13351.038024181935,10349.224435988752,10349.224435988752,10340.666669139748,10340.666669139748,10604.771609395137,10604.771609395137,10584.946978059053,10584.946978059053,10696.51370487349,10696.51370487349,10672.4174117419,10672.4174117419,10755.714419206333,12098.646021999339,13662.398065905121
2021-05-08,10956.761894359764,10956.761894359764,10902.403341688449,10902.403341688449,12280.409975708895,12280.409975708895,12206.343607586658,12206.343607586658,13507.783664462428,13507.783664462428,13376.038219566517,13376.038219566517,10349.224435988752,10349.224435988752,10340.666669139748,10340.666669139748,10604.771609395137,10604.771609395137,10584.946978059053,10584.946978059053,10696.51370487349,10696.51370487349,10672.4174117419,10672.4174117419,10755.714419206333,12098.646021999339,13662.398065905121
2021-05-09,10962.667669942095,10962.667669942095,10908.296083787978,10908.296083787978,12312.815689088968,12312.815689088968,12238.480412260036,12238.480412260036,13552.639977166915,13552.639977166915,13420.528105407173,13420.528105407173,10349.224435988752,10349.224435988752,10340.666669139748,10340.666669139748,10604.771609395137,10604.771609395137,10584.946978059053,10584.946978059053,10696.51370487349,10696.51370487349,10672.4174117419,10672.4174117419,10755.714419206333,12098.646021999339,13662.398065905121
2021-05-10,10938.31929004738,10938.31929004738,10884.127734118447,10884.127734118447,12255.255098968159,12255.255098968159,12181.096396230498,12181.096396230498,13426.84529769663,13426.84529769663,13295.763679206148,13295.763679206148,10349.224435988752,10349.224435988752,10340.666669139748,10340.666669139748,10604.771609395137,10604.771609395137,10584.946978059053,10584.946978059053,10696.51370487349,10696.51370487349,10672.4174117419,10672.4174117419,10755.935225449544,12091.383115862553,13650.090044709397
2021-05-11,10963.025742977263,10963.025742977263,10908.389089414712,10908.389089414712,12357.624112466774,12357.624112466774,12282.489510025785,12282.489510025785,13590.316934537412,13590.316934537412,13457.45591503678,13457.45591503678,10349.224435988752,10349.224435988752,10340.666669139748,10340.666669139748,10604.771609395137,10604.771609395137,10584.946978059053,10584.946978059053,10696.51370487349,10696.51370487349,10672.4174117419,10672.4174117419,10759.151304524732,12098.763153228176,13683.174651042824
2021-05-12,10911.263318270934,10911.263318270934,10857.112328202478,10857.112328202478,12225.889797953598,12225.889797953598,12151.131570124675,12151.131570124675,13344.418759800204,13344.418759800204,13213.456276067633,13213.456276067633,10349.224435988752,10349.224435988752,10340.666669139748,10340.666669139748,10604.771609395137,10604.771609395137,10584.946978059053,10584.946978059053,10696.51370487349,10696.51370487349,10672.4174117419,10672.4174117419,10736.481067909404,12028.15138797182,13527.16860177892
2021-05-13,10925.1247989143,10925.1247989143,10870.66736777889,10870.66736777889,12283.905781096219,12283.905781096219,12208.252714239487,12208.252714239487,13414.54089175679,13414.54089175679,13282.192403958452,13282.192403958452,10349.224435988752,10349.224435988752,10340.666669139748,10340.666669139748,10604.771609395137,10604.771609395137,10584.946978059053,10584.946978059053,10696.51370487349,10696.51370487349,10672.4174117419,10672.4174117419,10749.78292990286,12104.75621340655,13661.289333124505
2021-05-14,10952.336882361746,10952.336882361746,10897.22197951677,10897.22197951677,12336.154018880949,12336.154018880949,12260.23019811484,12260.23019811484,13508.059171929399,13508.059171929399,13374.66150252705,13374.66150252705,10349.224435988752,10349.224435988752,10340.666669139748,10340.666669139748,10604.771609395137,10604.771609395137,10584.946978059053,10584.946978059053,10696.51370487349,10696.51370487349,10672.4174117419,10672.4174117419,10771.035818504903,12150.604949471935,13746.596649569403
2021-05-15,10950.836277857445,10950.836277857445,10895.369812227258,10895.369812227258,12308.712753704534,12308.712753704534,12232.129666666704,12232.129666666704,13450.732326133682,13450.732326133682,13317.352228874783,13317.352228874783,10349.224435988752,10349.224435988752,10340.666669139748,10340.666669139748,10604.771609395137,10604.771609395137,10584.946978059053,10584.946978059053,10696.51370487349,10696.51370487349,10672.4174117419,10672.4174117419,10774.764523652146,12129.765557773158,13702.521068215918
2021-05-16,10960.078758852289,10960.078758852289,10904.584516289462,10904.584516289462,12320.26102329025,12320.26102329025,12243.45194572187,12243.45194572187,13462.438318942135,13462.438318942135,13328.876302676546,13328.876302676546,10349.224435988752,10349.224435988752,10340.666669139748,10340.666669139748,10604.771609395137,10604.771609395137,10584.946978059053,10584.946978059053,10696.51370487349,10696.51370487349,10672.4174117419,10672.4174117419,10785.216535891386,12145.833120859463,13721.409687120868
2021-05-17,10924.282402482902,10924.282402482902,10868.913671756623,10868.913671756623,12256.61018207187,12256.61018207187,12179.735359384029,12179.735359384029,13357.905055723571,13357.905055723571,13225.229745630892,13225.229745630892,10349.224435988752,10349.224435988752,10340.666669139748,10340.666669139748,10604.771609395137,10604.771609395137,10584.946978059053,10584.946978059053,10696.51370487349,10696.51370487349,10672.4174117419,10672.4174117419,10758.144780591578,12090.507951287984,13626.417526580595
2021-05-18,10960.153318965957,10960.153318965957,10904.393895674511,10904.393895674511,12312.596374195333,12312.596374195333,12235.222147257451,12235.222147257451,13436.686545717546,13436.686545717546,13302.60220855919,13302.60220855919,10349.224435988752,10349.224435988752,10340.666669139748,10340.666669139748,10604.771609395137,10604.771609395137,10584.946978059053,10584.946978059053,10696.51370487349,10696.51370487349,10672.4174117419,10672.4174117419,10791.833076061079,12148.026141106233,13703.051388399574
2021-05-19,10863.732520240848,10863.732520240848,10807.923064540453,10807.923064540453,12100.816272359189,12100.816272359189,12024.005423791545,12024.005423791545,13104.695536631916,13104.695536631916,12974.58315897035,12974.58315897035,10349.224435988752,10349.224435988752,10340.666669139748,10340.666669139748,10604.771609395137,10604.771609395137,10584.946978059053,10584.946978059053,10696.51370487349,10696.51370487349,10672.4174117419,10672.4174117419,10723.94417093153,11943.708767224733,13361.380572637774
2021-05-20,10900.698194809807,10900.698194809807,10844.319558861209,10844.319558861209,12198.92276467782,12198.92276467782,12121.103965362907,12121.103965362907,13284.460849869229,13284.460849869229,13151.828042018271,13151.828042018271,10349.224435988752,10349.224435988752,10340.666669139748,10340.666669139748,10604.771609395137,10604.771609395137,10584.946978059053,10584.946978059053,10696.51370487349,10696.51370487349,10672.4174117419,10672.4174117419,10760.253610977985,12040.574680038566,13544.914862233281
2021-05-21,10867.42212096806,10867.42212096806,10811.369675171909,10811.369675171909,12105.386021661512,12105.386021661512,12028.010680873034,12028.010680873034,13122.071599876685,13122.071599876685,12990.8645217169,12990.8645217169,10349.224435988752,10349.224435988752,10340.666669139748,10340.666669139748,10604.771609395137,10604.771609395137,10584.946978059053,10584.946978059053,10696.51370487349,10696.51370487349,10672.4174117419,10672.4174117419,10727.546402592023,11948.186872297598,13379.151766114517
2021-05-22,10847.15519379237,10847.15519379237,10791.250265127323,10791.250265127323,12051.264542648805,12051.264542648805,11974.054815099398,11974.054815099398,13022.28631779367,13022.28631779367,12891.807899540343,12891.807899540343,10349.224435988752,10349.224435988752,10340.666669139748,10340.666669139748,10604.771609395137,10604.771609395137,10584.946978059053,10584.946978059053,10696.51370487349,10696.51370487349,10672.4174117419,10672.4174117419,10707.590385353038,11894.742093616114,13277.337769276619
2021-05-23,10816.994362933096,10816.994362933096,10761.38513686799,10761.38513686799,11969.470277573697,11969.470277573697,11892.348779744812,11892.348779744812,12883.51577248624,12883.51577248624,12753.595462379719,12753.595462379719,10349.224435988752,10349.224435988752,10340.666669139748,10340.666669139748,10604.771609395137,10604.771609395137,10584.946978059053,10584.946978059053,10696.51370487349,10696.51370487349,10672.4174117419,10672.4174117419,10678.04381536278,11814.000716639815,13135.579801098977
2021-05-24,10884.302807692484,10884.302807692484,10828.147633143919,10828.147633143919,12141.014174304257,12141.014174304257,12065.189772898324,12065.189772898324,13199.279161976754,13199.279161976754,13065.599179303226,13065.599179303226,10349.224435988752,10349.224435988752,10340.666669139748,10340.666669139748,10604.771609395137,10604.771609395137,10584.946978059053,10584.946978059053,10696.51370487349,10696.51370487349,10672.4174117419,10672.4174117419,10744.596427196171,11986.293832546005,13457.853613095262
2021-05-25,10892.349508237294,10892.349508237294,10836.067187287095,10836.067187287095,12155.95873436776,12155.95873436776,12080.465850745179,12080.465850745179,13216.967198189639,13216.967198189639,13082.880052477465,13082.880052477465,10349.224435988752,10349.224435988752,10340.666669139748,10340.666669139748,10604.771609395137,10604.771609395137,10584.946978059053,10584.946978059053,10696.51370487349,10696.51370487349,10672.4174117419,10672.4174117419,10752.539055659128,12001.67650261861,13476.701970156522
2021-05-26,10909.871482964563,10909.871482964563,10853.526164629044,10853.526164629044,12200.599601556916,12200.599601556916,12124.492939038579,12124.492939038579,13308.717043761026,13308.717043761026,13173.533159354933,13173.533159354933,10349.224435988752,10349.224435988752,10340.666669139748,10340.666669139748,10604.771609395137,10604.771609395137,10584.946978059053,10584.946978059053,10696.51370487349,10696.51370487349,10672.4174117419,10672.4174117419,10769.919411514717,12045.544490498154,13567.303527606544
2021-05-27,10898.824255705676,10898.824255705676,10841.23119547023,10841.23119547023,12170.023200471465,12170.023200471465,12094.70254586279,12094.70254586279,13254.64189559087,13254.64189559087,13119.872089113675,13119.872089113675,10349.224435988752,10349.224435988752,10340.666669139748,10340.666669139748,10604.771609395137,10604.771609395137,10584.946978059053,10584.946978059053,10696.51370487349,10696.51370487349,10672.4174117419,10672.4174117419,10757.703823992213,12015.924200220747,13511.800940819594
2021-05-28,10884.994775921215,10884.994775921215,10825.862795331152,10825.862795331152,12128.897604021522,12128.897604021522,12054.627987480537,12054.627987480537,13171.955724801921,13171.955724801921,13037.95554106178,13037.95554106178,10349.224435988752,10349.224435988752,10340.666669139748,10340.666669139748,10604.771609395137,10604.771609395137,10584.946978059053,10584.946978059053,10696.51370487349,10696.51370487349,10672.4174117419,10672.4174117419,10742.402868708597,11975.979531795658,13426.22122403435
2021-05-29,10876.819299973382,10876.819299973382,10816.773087928466,10816.773087928466,12104.75669060096,12104.75669060096,12030.978572578757,12030.978572578757,13125.259744181285,13125.259744181285,12991.715463461156,12991.715463461156,10349.224435988752,10349.224435988752,10340.666669139748,10340.666669139748,10604.771609395137,10604.771609395137,10584.946978059053,10584.946978059053,10696.51370487349,10696.51370487349,10672.4174117419,10672.4174117419,10733.345954168592,11952.405016668445,13378.19227871479
2021-05-30,10885.984077543266,10885.984077543266,10826.405704759512,10826.405704759512,12130.480976811297,12130.480976811297,12056.467153216274,12056.467153216274,13171.218200666246,13171.218200666246,13037.204959249,13037.204959249,10349.224435988752,10349.224435988752,10340.666669139748,10340.666669139748,10604.771609395137,10604.771609395137,10584.946978059053,10584.946978059053,10696.51370487349,10696.51370487349,10672.4174117419,10672.4174117419,10742.945714674672,11977.808383294252,13425.298003890352
2021-05-31,10891.766116353589,10891.766116353589,10833.143446852973,10833.143446852973,12158.492631495816,12158.492631495816,12085.043569761741,12085.043569761741,13231.845814134671,13231.845814134671,13097.277180274765,13097.277180274765,10349.224435988752,10349.224435988752,10340.666669139748,10340.666669139748,10604.771609395137,10604.771609395137,10584.946978059053,10584.946978059053,10696.51370487349,10696.51370487349,10672.4174117419,10672.4174117419,10749.7053781463,12006.315678955323,13488.192455663062
2021-06-01,10888.591353783395,10888.591353783395,10829.40389946473,10829.40389946473,12156.470733955613,12156.470733955613,12082.530179735,12082.530179735,13223.700709839031,13223.700709839031,13089.180695738163,13089.180695738163,10349.224435988752,10349.224435988752,10340.666669139748,10340.666669139748,10604.771609395137,10604.771609395137,10584.946978059053,10584.946978059053,10696.51370487349,10696.51370487349,10672.4174117419,10672.4174117419,10746.010290591212,12003.822313700584,13479.394483627117
2021-06-02,10888.933375377419,10888.933375377419,10829.91537327694,10829.91537327694,12166.180352962268,12166.180352962268,12091.636770102235,12091.636770102235,13245.408774448195,13245.408774448195,13110.669941640333,13110.669941640333,10349.224435988752,10349.224435988752,10340.666669139748,10340.666669139748,10604.771609395137,10604.771609395137,10584.946978059053,10584.946978059053,10696.51370487349,10696.51370487349,10672.4174117419,10672.4174117419,10746.524577757546,12012.88075206489,13502.272938180075
2021-06-03,10892.919111866224,10892.919111866224,10834.262512335465,10834.262512335465,12174.525807440876,12174.525807440876,12100.111596909785,12100.111596909785,13266.088951676546,13266.088951676546,13131.071072240997,13131.071072240997,10349.224435988752,10349.224435988752,10340.666669139748,10340.666669139748,10604.771609395137,10604.771609395137,10584.946978059053,10584.946978059053,10696.51370487349,10696.51370487349,10672.4174117419,10672.4174117419,10750.862507018323,12021.360769278695,13523.56900347849
2021-06-04,10880.055915611367,10880.055915611367,10820.16926180014,10820.16926180014,12137.801558653233,12137.801558653233,12063.861184928131,12063.861184928131,13195.39143917726,13195.39143917726,13060.82656957367,13060.82656957367,10349.224435988752,10349.224435988752,10340.666669139748,10340.666669139748,10604.771609395137,10604.771609395137,10584.946978059053,10584.946978059053,10696.51370487349,10696.51370487349,10672.4174117419,10672.4174117419,10736.824395920396,11985.37740659,13451.24424026078
2021-06-05,10874.041787444963,10874.041787444963,10813.795110955736,10813.795110955736,12127.170820616497,12127.170820616497,12053.391019187991,12053.391019187991,13176.149577483267,13176.149577483267,13041.765586422074,13041.765586422074,10349.224435988752,10349.224435988752,10340.666669139748,10340.666669139748,10604.771609395137,10604.771609395137,10584.946978059053,10584.946978059053,10696.51370487349,10696.51370487349,10672.4174117419,10672.4174117419,10730.480884623852,11974.948571221059,13431.615742414855
2021-06-06,10876.47432737978,10876.47432737978,10816.446433237057,10816.446433237057,12138.214485293127,12138.214485293127,12064.255911866958,12064.255911866958,13196.864946751888,13196.864946751888,13062.26497627834,13062.26497627834,10349.224435988752,10349.224435988752,10340.666669139748,10340.666669139748,10604.771609395137,10604.771609395137,10584.946978059053,10584.946978059053,10696.51370487349,10696.51370487349,10672.4174117419,10672.4174117419,10733.175855933538,11985.866401237818,13452.78463868289
2021-06-07,10865.325486219224,10865.325486219224,10803.801243399317,10803.801243399317,12105.498316660125,12105.498316660125,12032.229976003719,12032.229976003719,13131.518938181971,13131.518938181971,12997.50681687005,12997.50681687005,10349.224435988752,10349.224435988752,10340.666669139748,10340.666669139748,10604.771609395137,10604.771609395137,10584.946978059053,10584.946978059053,10696.51370487349,10696.51370487349,10672.4174117419,10672.4174117419,10720.590865627248,11953.958045598449,13385.939246623888
2021-06-08,10862.92817512962,10862.92817512962,10800.994733177975,10800.994733177975,12099.066878527556,12099.066878527556,12025.662470008656,12025.662470008656,13119.53637825891,13119.53637825891,12985.353803297301,12985.353803297301,10349.224435988752,10349.224435988752,10340.666669139748,10340.666669139748,10604.771609395137,10604.771609395137,10584.946978059053,10584.946978059053,10696.51370487349,10696.51370487349,10672.4174117419,10672.4174117419,10717.907155850708,11947.585301147086,13373.661621168852
2021-06-09,10867.683133950195,10867.683133950195,10807.119821863615,10807.119821863615,12114.246059169704,12114.246059169704,12040.624929953306,12040.624929953306,13152.40690546217,13152.40690546217,13017.780898564093,13017.780898564093,10349.224435988752,10349.224435988752,10340.666669139748,10340.666669139748,10604.771609395137,10604.771609395137,10584.946978059053,10584.946978059053,10696.51370487349,10696.51370487349,10672.4174117419,10672.4174117419,10724.068288509554,11962.606393525992,13407.230946905389
2021-06-10,10859.369229992024,10859.369229992024,10797.752479838333,10797.752479838333,12090.414651315192,12090.414651315192,12017.003073032798,12017.003073032798,13106.231952537897,13106.231952537897,12972.045167740263,12972.045167740263,10349.224435988752,10349.224435988752,10340.666669139748,10340.666669139748,10604.771609395137,10604.771609395137,10584.946978059053,10584.946978059053,10696.51370487349,10696.51370487349,10672.4174117419,10672.4174117419,10714.726770961044,11939.058381134344,13360.117868956835
2021-06-11,10850.024739311602,10850.024739311602,10788.235205977751,10788.235205977751,12066.678034722649,12066.678034722649,11993.46968678519,11993.46968678519,13062.993777521018,13062.993777521018,12929.23763477147,12929.23763477147,10349.224435988752,10349.224435988752,10340.666669139748,10340.666669139748,10604.771609395137,10604.771609395137,10584.946978059053,10584.946978059053,10696.51370487349,10696.51370487349,10672.4174117419,10672.4174117419,10705.2323004325,11915.623962842066,13316.032362167427
2021-06-12,10852.464916355351,10852.464916355351,10790.268883783734,10790.268883783734,12070.611256378377,12070.611256378377,11997.255224056818,11997.255224056818,13070.531288155877,13070.531288155877,12936.666877942924,12936.666877942924,10349.224435988752,10349.224435988752,10340.666669139748,10340.666669139748,10604.771609395137,10604.771609395137,10584.946978059053,10584.946978059053,10696.51370487349,10696.51370487349,10672.4174117419,10672.4174117419,10707.275673153294,11919.49016170786,13323.699600657164
2021-06-13,10859.449192307342,10859.449192307342,10798.202876150297,10798.202876150297,12092.925704805979,12092.925704805979,12019.38061407381,12019.38061407381,13114.861173965204,13114.861173965204,12980.579665489855,12980.579665489855,10349.224435988752,10349.224435988752,10340.666669139748,10340.666669139748,10604.771609395137,10604.771609395137,10584.946978059053,10584.946978059053,10696.51370487349,10696.51370487349,10672.4174117419,10672.4174117419,10715.183830655153,11941.53995637063,13368.94845871657
2021-06-14,10862.821938140956,10862.821938140956,10801.625885169118,10801.625885169118,12101.046058338012,12101.046058338012,12027.443454853646,12027.443454853646,13133.216396283646,13133.216396283646,12998.769877197006,12998.769877197006,10349.224435988752,10349.224435988752,10340.666669139748,10340.666669139748,10604.771609395137,10604.771609395137,10584.946978059053,10584.946978059053,10696.51370487349,10696.51370487349,10672.4174117419,10672.4174117419,10718.612883441112,11949.566209505636,13387.70494582968
2021-06-15,10863.92080514006,10863.92080514006,10802.412425739614,10802.412425739614,12101.600992313584,12101.600992313584,12027.965682141694,12027.965682141694,13131.056750180871,13131.056750180871,12996.859582472764,12996.859582472764,10349.224435988752,10349.224435988752,10340.666669139748,10340.666669139748,10604.771609395137,10604.771609395137,10584.946978059053,10584.946978059053,10696.51370487349,10696.51370487349,10672.4174117419,10672.4174117419,10719.406258387091,11950.109097222967,13385.519101031758
2021-06-16,10856.39798491282,10856.39798491282,10794.200898675575,10794.200898675575,12078.733350152566,12078.733350152566,12005.135310359045,12005.135310359045,13084.353142406046,13084.353142406046,12952.168921632889,12952.168921632889,10349.224435988752,10349.224435988752,10340.666669139748,10340.666669139748,10604.771609395137,10604.771609395137,10584.946978059053,10584.946978059053,10696.51370487349,10696.51370487349,10672.4174117419,10672.4174117419,10711.237913618566,11927.501463225995,13339.600017403873
2021-06-17,10857.131279252124,10857.131279252124,10794.984246454664,10794.984246454664,12081.010501786765,12081.010501786765,12007.397502643445,12007.397502643445,13085.985711252339,13085.985711252339,12954.074645092489,12954.074645092489,10349.224435988752,10349.224435988752,10340.666669139748,10340.666669139748,10604.771609395137,10604.771609395137,10584.946978059053,10584.946978059053,10696.51370487349,10696.51370487349,10672.4174117419,10672.4174117419,10712.015577690749,11929.751930403294,13341.263751569502
2021-06-18,10850.417210994727,10850.417210994727,10787.547556581318,10787.547556581318,12059.977853748633,12059.977853748633,11986.452255741628,11986.452255741628,13034.823889425787,13034.823889425787,12905.516632136378,12905.516632136378,10349.224435988752,10349.224435988752,10340.666669139748,10340.666669139748,10604.771609395137,10604.771609395137,10584.946978059053,10584.946978059053,10696.51370487349,10696.51370487349,10672.4174117419,10672.4174117419,10704.604009862345,11908.962795421305,13289.208653682279
2021-06-19,10847.352953899395,10847.352953899395,10784.12068705643,10784.12068705643,12048.272318052592,12048.272318052592,11974.746412315293,11974.746412315293,13011.444152877313,13011.444152877313,12882.070824841236,12882.070824841236,10349.224435988752,10349.224435988752,10340.666669139748,10340.666669139748,10604.771609395137,10604.771609395137,10584.946978059053,10584.946978059053,10696.51370487349,10696.51370487349,10672.4174117419,10672.4174117419,10701.203235300787,11897.38547628468,13265.356194442838
2021-06-20,10849.118746043177,10849.118746043177,10785.001963823033,10785.001963823033,12052.257021656515,12052.257021656515,11978.55692363536,11978.55692363536,13020.335788062896,13020.335788062896,12890.489151302789,12890.489151302789,10349.224435988752,10349.224435988752,10340.666669139748,10340.666669139748,10604.771609395137,10604.771609395137,10584.946978059053,10584.946978059053,10696.51370487349,10696.51370487349,10672.4174117419,10672.4174117419,10702.11163969656,11901.323877013054,13274.428463267996
2021-06-21,10824.396457480101,10824.396457480101,10760.659014132494,10760.659014132494,11974.985634952945,11974.985634952945,11901.519353396821,11901.519353396821,12870.44427837596,12870.44427837596,12742.495178859033,12742.495178859033,10349.224435988752,10349.224435988752,10340.666669139748,10340.666669139748,10604.771609395137,10604.771609395137,10584.946978059053,10584.946978059053,10696.51370487349,10696.51370487349,10672.4174117419,10672.4174117419,10677.967554776353,11824.828155252175,13121.76064288539
2021-06-22,10820.535177955308,10820.535177955308,10756.693519737459,10756.693519737459,11954.840763093613,11954.840763093613,11881.191952636806,11881.191952636806,12846.115525753075,12846.115525753075,12718.068208093104,12718.068208093104,10349.224435988752,10349.224435988752,10340.666669139748,10340.666669139748,10604.771609395137,10604.771609395137,10584.946978059053,10584.946978059053,10696.51370487349,10696.51370487349,10672.4174117419,10672.4174117419,10674.147152238374,11804.901163543384,13097.01473190974
2021-06-23,10827.814636240415,10827.814636240415,10763.91861922518,10763.91861922518,11978.81448210448,11978.81448210448,11904.849226360102,11904.849226360102,12887.523281812597,12887.523281812597,12758.859940027221,12758.859940027221,10349.224435988752,10349.224435988752,10340.666669139748,10340.666669139748,10604.771609395137,10604.771609395137,10584.946978059053,10584.946978059053,10696.51370487349,10696.51370487349,10672.4174117419,10672.4174117419,10681.350970041296,11828.543036622497,13139.201434252913
2021-06-24,10830.070045946717,10830.070045946717,10766.169883619668,10766.169883619668,11988.048323446634,11988.048323446634,11913.924012856456,11913.924012856456,12904.549536255321,12904.549536255321,12775.756919297097,12775.756919297097,10349.224435988752,10349.224435988752,10340.666669139748,10340.666669139748,10604.771609395137,10604.771609395137,10584.946978059053,10584.946978059053,10696.51370487349,10696.51370487349,10672.4174117419,10672.4174117419,10683.59295755511,11837.557323063358,13156.550307476995
2021-06-25,10822.09130210822,10822.09130210822,10758.217261859216,10758.217261859216,11965.60078059511,11965.60078059511,11891.69773295797,11891.69773295797,12864.682893694368,12864.682893694368,12736.21442215395,12736.21442215395,10349.224435988752,10349.224435988752,10340.666669139748,10340.666669139748,10604.771609395137,10604.771609395137,10584.946978059053,10584.946978059053,10696.51370487349,10696.51370487349,10672.4174117419,10672.4174117419,10675.699733481291,11815.48303358955,13115.94787295398
2021-06-26,10823.482079075147,10823.482079075147,10759.595389310038,10759.595389310038,11970.145488295648,11970.145488295648,11896.195773524596,11896.195773524596,12871.33907424407,12871.33907424407,12742.755036288267,12742.755036288267,10349.224435988752,10349.224435988752,10340.666669139748,10340.666669139748,10604.771609395137,10604.771609395137,10584.946978059053,10584.946978059053,10696.51370487349,10696.51370487349,10672.4174117419,10672.4174117419,10677.070796531652,11819.959419613904,13122.731908393138
2021-06-27,10826.812940832047,10826.812940832047,10762.92213563803,10762.92213563803,11980.442949594975,11980.442949594975,11906.355831733405,11906.355831733405,12889.968081149565,12889.968081149565,12761.236762969336,12761.236762969336,10349.224435988752,10349.224435988752,10340.666669139748,10340.666669139748,10604.771609395137,10604.771609395137,10584.946978059053,10584.946978059053,10696.51370487349,10696.51370487349,10672.4174117419,10672.4174117419,10680.370113598568,11830.050256298347,13141.717620371024
2021-06-28,10827.461799582221,10827.461799582221,10763.549928370734,10763.549928370734,11982.222428292764,11982.222428292764,11908.14114879221,11908.14114879221,12892.915967152345,12892.915967152345,12764.149709782841,12764.149709782841,10349.224435988752,10349.224435988752,10340.666669139748,10340.666669139748,10604.771609395137,10604.771609395137,10584.946978059053,10584.946978059053,10696.51370487349,10696.51370487349,10672.4174117419,10672.4174117419,10681.005538551773,11831.81888467136,13144.729269511525
2021-06-29,10829.644509075519,10829.644509075519,10765.72705247853,10765.72705247853,11995.866896063013,11995.866896063013,11921.709731719446,11921.709731719446,12916.126829939622,12916.126829939622,12787.151013250359,12787.151013250359,10349.224435988752,10349.224435988752,10340.666669139748,10340.666669139748,10604.771609395137,10604.771609395137,10584.946978059053,10584.946978059053,10696.51370487349,10696.51370487349,10672.4174117419,10672.4174117419,10683.166137158714,11845.223507943403,13168.401272649073
2021-06-30,10830.706666970158,10830.706666970158,10766.741717263174,10766.741717263174,11997.585447592623,11997.585447592623,11923.36897752477,11923.36897752477,12918.288950365979,12918.288950365979,12790.044181172781,12790.044181172781,10349.224435988752,10349.224435988752,10340.666669139748,10340.666669139748,10604.771609395137,10604.771609395137,10584.946978059053,10584.946978059053,10696.51370487349,10696.51370487349,10672.4174117419,10672.4174117419,10684.443429560439,11846.926899860553,13170.61267250599
2021-07-01,10825.128891806922,10825.128891806922,10761.16527637067,10761.16527637067,11981.671744563051,11981.671744563051,11907.426951638272,11907.426951638272,12889.228186657276,12889.228186657276,12762.158215241,12762.158215241,10349.224435988752,10349.224435988752,10340.666669139748,10340.666669139748,10604.771609395137,10604.771609395137,10584.946978059053,10584.946978059053,10696.51370487349,10696.51370487349,10672.4174117419,10672.4174117419,10679.212661120417,11831.325238692913,13140.910391099691
2021-07-02,10826.531613827474,10826.531613827474,10762.564862971933,10762.564862971933,11985.447399131212,11985.447399131212,11911.188290549324,11911.188290549324,12897.395919866161,12897.395919866161,12769.95942126453,12769.95942126453,10349.224435988752,10349.224435988752,10340.666669139748,10340.666669139748,10604.771609395137,10604.771609395137,10584.946978059053,10584.946978059053,10696.51370487349,10696.51370487349,10672.4174117419,10672.4174117419,10680.516835105118,11835.017632937937,13149.291201010306
2021-07-03,10828.78566931765,10828.78566931765,10764.790657052501,10764.790657052501,11991.468438863803,11991.468438863803,11917.12001922281,11917.12001922281,12908.846983899506,12908.846983899506,12781.026980086814,12781.026980086814,10349.224435988752,10349.224435988752,10340.666669139748,10340.666669139748,10604.771609395137,10604.771609395137,10584.946978059053,10584.946978059053,10696.51370487349,10696.51370487349,10672.4174117419,10672.4174117419,10682.67257853643,11840.914259473362,13160.975530212541
2021-07-04,10829.99050157481,10829.99050157481,10765.99222080982,10765.99222080982,11995.511184077626,11995.511184077626,11921.157404559855,11921.157404559855,12916.57776490352,12916.57776490352,12788.796145529877,12788.796145529877,10349.224435988752,10349.224435988752,10340.666669139748,10340.666669139748,10604.771609395137,10604.771609395137,10584.946978059053,10584.946978059053,10696.51370487349,10696.51370487349,10672.4174117419,10672.4174117419,10683.902118484142,11844.85715292003,13168.866017071905
2021-07-05,10825.733155506605,10825.733155506605,10761.740139558879,10761.740139558879,11984.24259163694,11984.24259163694,11909.915127896405,11909.915127896405,12895.385794476719,12895.385794476719,12768.439764036082,12768.439764036082,10349.224435988752,10349.224435988752,10340.666669139748,10340.666669139748,10604.771609395137,10604.771609395137,10584.946978059053,10584.946978059053,10696.51370487349,10696.51370487349,10672.4174117419,10672.4174117419,10679.851685272253,11833.793855602606,13147.23525801652
2021-07-06,10827.749857331206,10827.749857331206,10763.746723397726,10763.746723397726,11990.482386607155,11990.482386607155,11916.118613748202,11916.118613748202,12908.143888848708,12908.143888848708,12781.57699144242,12781.57699144242,10349.224435988752,10349.224435988752,10340.666669139748,10340.666669139748,10604.771609395137,10604.771609395137,10584.946978059053,10584.946978059053,10696.51370487349,10696.51370487349,10672.4174117419,10672.4174117419,10681.973696789366,11839.855873987146,13160.27170276261
2021-07-07,10829.60852738709,10829.60852738709,10765.556545945547,10765.556545945547,11992.77138481396,11992.77138481396,11918.184597253261,11918.184597253261,12911.5534444026,12911.5534444026,12785.666443575488,12785.666443575488,10349.224435988752,10349.224435988752,10340.666669139748,10340.666669139748,10604.771609395137,10604.771609395137,10584.946978059053,10584.946978059053,10696.51370487349,10696.51370487349,10672.4174117419,10672.4174117419,10684.053153713054,11842.040577934955,13163.803303784878
2021-07-08,10821.813478940549,10821.813478940549,10757.795880841346,10757.795880841346,11972.809906891289,11972.809906891289,11898.417393342414,11898.417393342414,12871.470924214145,12871.470924214145,12748.497360297062,12748.497360297062,10349.224435988752,10349.224435988752,10340.666669139748,10340.666669139748,10604.771609395137,10604.771609395137,10584.946978059053,10584.946978059053,10696.51370487349,10696.51370487349,10672.4174117419,10672.4174117419,10677.071107984986,11822.407005564324,13122.853974782192
2021-07-09,10822.739192553963,10822.739192553963,10758.693363602304,10758.693363602304,11977.981119943994,11977.981119943994,11903.450837665978,11903.450837665978,12881.270435416236,12881.270435416236,12757.960689977452,12757.960689977452,10349.224435988752,10349.224435988752,10340.666669139748,10340.666669139748,10604.771609395137,10604.771609395137,10584.946978059053,10584.946978059053,10696.51370487349,10696.51370487349,10672.4174117419,10672.4174117419,10677.952497558126,11827.4573076418,13132.852306326547
2021-07-10,10820.774229725075,10820.774229725075,10756.74728829901,10756.74728829901,11971.861899545469,11971.861899545469,11897.379003964632,11897.379003964632,12869.528749345518,12869.528749345518,12747.566109819405,12747.566109819405,10349.224435988752,10349.224435988752,10340.666669139748,10340.666669139748,10604.771609395137,10604.771609395137,10584.946978059053,10584.946978059053,10696.51370487349,10696.51370487349,10672.4174117419,10672.4174117419,10676.355414912563,11821.422581115667,13120.881692940075
2021-07-11,10821.619465967744,10821.619465967744,10757.548257233711,10757.548257233711,11975.465081103479,11975.465081103479,11900.875679322973,11900.875679322973,12876.615178526199,12876.615178526199,12754.760423206262,12754.760423206262,10349.224435988752,10349.224435988752,10340.666669139748,10340.666669139748,10604.771609395137,10604.771609395137,10584.946978059053,10584.946978059053,10696.51370487349,10696.51370487349,10672.4174117419,10672.4174117419,10677.239136782036,11824.939231411245,13128.105907838646
2021-07-12,10819.843220813791,10819.843220813791,10755.794693386759,10755.794693386759,11968.524070893525,11968.524070893525,11894.025068438046,11894.025068438046,12862.193012788215,12862.193012788215,12740.01202189578,12740.01202189578,10349.224435988752,10349.224435988752,10340.666669139748,10340.666669139748,10604.771609395137,10604.771609395137,10584.946978059053,10584.946978059053,10696.51370487349,10696.51370487349,10672.4174117419,10672.4174117419,10675.371040855081,11818.146320564596,13113.367808922754
2021-07-13,10817.811008417477,10817.811008417477,10753.92582363357,10753.92582363357,11959.444317992371,11959.444317992371,11885.039833156576,11885.039833156576,12841.376270354891,12841.376270354891,12718.77180097402,12718.77180097402,10349.224435988752,10349.224435988752,10340.666669139748,10340.666669139748,10604.771609395137,10604.771609395137,10584.946978059053,10584.946978059053,10696.51370487349,10696.51370487349,10672.4174117419,10672.4174117419,10673.373113101892,11809.231902812047,13089.671857291245
2021-07-14,10818.881411132354,10818.881411132354,10754.964179546496,10754.964179546496,11961.781871980149,11961.781871980149,11887.279230490341,11887.279230490341,12845.677781800827,12845.677781800827,12723.615990860477,12723.615990860477,10349.224435988752,10349.224435988752,10340.666669139748,10340.666669139748,10604.771609395137,10604.771609395137,10584.946978059053,10584.946978059053,10696.51370487349,10696.51370487349,10672.4174117419,10672.4174117419,10674.609341791964,11811.530290214208,13094.002932772688
2021-07-15,10816.205245941732,10816.205245941732,10752.332657145696,10752.332657145696,11953.334192517068,11953.334192517068,11878.803739063855,11878.803739063855,12830.367770153998,12830.367770153998,12707.510721944827,12707.510721944827,10349.224435988752,10349.224435988752,10340.666669139748,10340.666669139748,10604.771609395137,10604.771609395137,10584.946978059053,10584.946978059053,10696.51370487349,10696.51370487349,10672.4174117419,10672.4174117419,10671.759961664224,11803.125782702444,13078.377457410692
2021-07-16,10812.02893857945,10812.02893857945,10748.132008825523,10748.132008825523,11940.088436643775,11940.088436643775,11865.70925090386,11865.70925090386,12805.833811539766,12805.833811539766,12684.43286931688,12684.43286931688,10349.224435988752,10349.224435988752,10340.666669139748,10340.666669139748,10604.771609395137,10604.771609395137,10584.946978059053,10584.946978059053,10696.51370487349,10696.51370487349,10672.4174117419,10672.4174117419,10667.927902847356,11790.12492733181,13053.491480319242
2021-07-17,10804.420591298565,10804.420591298565,10740.419331815263,10740.419331815263,11923.101346388707,11923.101346388707,11848.548678953317,11848.548678953317,12779.047106394091,12779.047106394091,12657.336863127706,12657.336863127706,10349.224435988752,10349.224435988752,10340.666669139748,10340.666669139748,10604.771609395137,10604.771609395137,10584.946978059053,10584.946978059053,10696.51370487349,10696.51370487349,10672.4174117419,10672.4174117419,10660.326802022752,11773.154576356055,13026.711412201956
2021-07-18,10804.945600238261,10804.945600238261,10740.945106727517,10740.945106727517,11924.447324613477,11924.447324613477,11849.872421037802,11849.872421037802,12781.106619603841,12781.106619603841,12659.373616745894,12659.373616745894,10349.224435988752,10349.224435988752,10340.666669139748,10340.666669139748,10604.771609395137,10604.771609395137,10584.946978059053,10584.946978059053,10696.51370487349,10696.51370487349,10672.4174117419,10672.4174117419,10660.853538391906,11774.477045349051,13028.77223759399
2021-07-19,10798.274530747029,10798.274530747029,10734.26154412581,10734.26154412581,11904.58349670724,11904.58349670724,11830.184245383254,11830.184245383254,12749.658291892752,12749.658291892752,12628.118588388581,12628.118588388581,10349.224435988752,10349.224435988752,10340.666669139748,10340.666669139748,10604.771609395137,10604.771609395137,10584.946978059053,10584.946978059053,10696.51370487349,10696.51370487349,10672.4174117419,10672.4174117419,10654.182590375187,11754.875990772473,12997.1256563606
2021-07-20,10790.769291923632,10790.769291923632,10726.72422008439,10726.72422008439,11885.805035231506,11885.805035231506,11811.593616536442,11811.593616536442,12720.442291382464,12720.442291382464,12599.070300950027,12599.070300950027,10349.224435988752,10349.224435988752,10340.666669139748,10340.666669139748,10604.771609395137,10604.771609395137,10584.946978059053,10584.946978059053,10696.51370487349,10696.51370487349,10672.4174117419,10672.4174117419,10646.67735155179,11736.376980352085,12967.88607394277
2021-07-21,10814.77014847162,10814.77014847162,10750.709213343827,10750.709213343827,11943.87112327858,11943.87112327858,11869.622690243568,11869.622690243568,12811.499257394442,12811.499257394442,12689.742822988164,12689.742822988164,10349.224435988752,10349.224435988752,10340.666669139748,10340.666669139748,10604.771609395137,10604.771609395137,10584.946978059053,10584.946978059053,10696.51370487349,10696.51370487349,10672.4174117419,10672.4174117419,10670.678208099778,11794.40620965925,13058.97989869466
2021-07-22,10822.55453483965,10822.55453483965,10758.493599711857,10758.493599711857,11957.193485634569,11957.193485634569,11882.900428093057,11882.900428093057,12832.733620928757,12832.733620928757,12710.905852237433,12710.905852237433,10349.224435988752,10349.224435988752,10340.666669139748,10340.666669139748,10604.771609395137,10604.771609395137,10584.946978059053,10584.946978059053,10696.51370487349,10696.51370487349,10672.4174117419,10672.4174117419,10678.462594467808,11807.723474489938,13080.219359754272
2021-07-23,10885.777929660897,10885.777929660897,10821.527655000764,10821.527655000764,12069.201254251117,12069.201254251117,11994.684013063765,11994.684013063765,13011.992934765181,13011.992934765181,12889.65185063218,12889.65185063218,10349.224435988752,10349.224435988752,10340.666669139748,10340.666669139748,10604.771609395137,10604.771609395137,10584.946978059053,10584.946978059053,10696.51370487349,10696.51370487349,10672.4174117419,10672.4174117419,10741.525022820564,11919.546536795997,13260.146279306658
2021-07-24,10905.867316858701,10905.867316858701,10841.378019318223,10841.378019318223,12115.315590859875,12115.315590859875,12040.154650753133,12040.154650753133,13088.033917698685,13088.033917698685,12964.729682984515,12964.729682984515,10349.224435988752,10349.224435988752,10340.666669139748,10340.666669139748,10604.771609395137,10604.771609395137,10584.946978059053,10584.946978059053,10696.51370487349,10696.51370487349,10672.4174117419,10672.4174117419,10761.505743213438,11965.235489380224,13337.834478244376
2021-07-25,10916.869569289594,10916.869569289594,10852.349227770346,10852.349227770346,12139.007831282692,12139.007831282692,12063.684656467189,12063.684656467189,13129.452540437818,13129.452540437818,13005.92182203157,13005.92182203157,10349.224435988752,10349.224435988752,10340.666669139748,10340.666669139748,10604.771609395137,10604.771609395137,10584.946978059053,10584.946978059053,10696.51370487349,10696.51370487349,10672.4174117419,10672.4174117419,10772.46896915494,11988.78760187657,13379.766981282099
2021-07-26,10891.602056139007,10891.602056139007,10827.146778189093,10827.146778189093,12090.258268757525,12090.258268757525,12015.152395740708,12015.152395740708,13053.972775173426,13053.972775173426,12930.686814566514,12930.686814566514,10349.224435988752,10349.224435988752,10340.666669139748,10340.666669139748,10608.381542101803,10608.381542101803,10588.486116369715,10588.486116369715,10700.123637580156,10700.123637580156,10675.956550052562,10675.956550052562,10747.397900500106,11940.459883831789,13301.714682649166
2021-07-27,10926.553682299102,10926.553682299102,10862.079887745977,10862.079887745977,12176.626884575007,12176.626884575007,12100.84594018477,12100.84594018477,13193.907647041557,13193.907647041557,13069.945584940218,13069.945584940218,10349.224435988752,10349.224435988752,10340.666669139748,10340.666669139748,10612.816808191128,10612.816808191128,10592.92138245904,10592.92138245904,10704.558903669482,10704.558903669482,10680.391816141888,10680.391816141888,10782.31249345378,12026.250971322524,13451.897686662622
2021-07-28,10924.611999738268,10924.611999738268,10860.11491023852,10860.11491023852,12174.30097248731,12174.30097248731,12098.473357342447,12098.473357342447,13190.793634397038,13190.793634397038,13066.74859199842,13066.74859199842,10349.224435988752,10349.224435988752,10340.666669139748,10340.666669139748,10613.924136081092,10613.924136081092,10594.028710349005,10594.028710349005,10705.666231559446,10705.666231559446,10681.499144031852,10681.499144031852,10780.3622500565,12023.915443122374,13449.350093475556
2021-07-29,10925.186640150989,10925.186640150989,10860.70639365525,10860.70639365525,12182.380432762036,12182.380432762036,12106.153412788222,12106.153412788222,13206.031781958298,13206.031781958298,13081.41846860203,13081.41846860203,10349.224435988752,10349.224435988752,10340.666669139748,10340.666669139748,10613.927959663322,10613.927959663322,10594.032533931235,10594.032533931235,10705.670055141676,10705.670055141676,10681.502967614082,10681.502967614082,10780.970576477239,12031.868788619071,13465.05949958937
2021-07-30,10922.801268158437,10922.801268158437,10858.327092268122,10858.327092268122,12189.416805601311,12189.416805601311,12113.142439408335,12113.142439408335,13225.025702269224,13225.025702269224,13099.63233631755,13099.63233631755,10349.224435988752,10349.224435988752,10340.666669139748,10340.666669139748,10618.294556720111,10618.294556720111,10598.399130988024,10598.399130988024,10710.036652198465,10710.036652198465,10685.869564670871,10685.869564670871,10778.597345695538,12038.830217983274,13486.243850801937
2021-07-31,10913.637158428912,10913.637158428912,10849.0967511797,10849.0967511797,12170.319978924552,12170.319978924552,12093.499878312059,12093.499878312059,13213.75377253823,13213.75377253823,13085.599538491617,13085.599538491617,10349.224435988752,10349.224435988752,10340.666669139748,10340.666669139748,10616.758955160112,10616.758955160112,10596.863529428025,10596.863529428025,10708.501050638466,10708.501050638466,10684.333963110872,10684.333963110872,10769.469710256015,12019.924368016422,13473.627885081394
2021-08-01,10890.615021447815,10890.615021447815,10826.125915892602,10826.125915892602,12121.685327600982,12121.685327600982,12044.352251921431,12044.352251921431,13141.951414054865,13141.951414054865,13011.39639601567,13011.39639601567,10349.224435988752,10349.224435988752,10340.666669139748,10340.666669139748,10613.531426300113,10613.531426300113,10593.636000568025,10593.636000568025,10705.273521778467,10705.273521778467,10681.106434250873,10681.106434250873,10746.550176662919,11971.542019240533,13400.218384050813
2021-08-02,10897.861797656558,10897.861797656558,10833.167405264325,10833.167405264325,12142.851842401982,12142.851842401982,12065.49529314943,12065.49529314943,13166.63368225861,13166.63368225861,13037.383303105667,13037.383303105667,10349.224435988752,10349.224435988752,10340.666669139748,10340.666669139748,10612.108918232112,10612.108918232112,10592.213492500025,10592.213492500025,10703.851013710466,10703.851013710466,10679.683926182872,10679.683926182872,10753.700702028344,11992.513862564158,13427.346419282934
2021-08-03,10886.963333325488,10886.963333325488,10822.390415658065,10822.390415658065,12109.860327140317,12109.860327140317,12032.524491406766,12032.524491406766,13123.827726671832,13123.827726671832,12993.417079777371,12993.417079777371,10349.224435988752,10349.224435988752,10340.666669139748,10340.666669139748,10610.196989750113,10610.196989750113,10590.301564018026,10590.301564018026,10701.939085228467,10701.939085228467,10677.771997700873,10677.771997700873,10742.944425941087,11959.736615657777,13383.997265807664
2021-08-04,10913.713162602233,10913.713162602233,10848.861255093903,10848.861255093903,12177.839455119207,12177.839455119207,12100.442266691654,12100.442266691654,13229.331120882507,13229.331120882507,13099.050352292263,13099.050352292263,10349.224435988752,10349.224435988752,10340.666669139748,10340.666669139748,10613.236837376278,10613.236837376278,10593.34141164419,10593.34141164419,10704.978932854632,10704.978932854632,10680.811845327038,10680.811845327038,10769.353912682924,12027.311690622091,13489.859423526552
2021-08-05,10912.406876138317,10912.406876138317,10847.400227156937,10847.400227156937,12186.643294687005,12186.643294687005,12108.94139312391,12108.94139312391,13236.332928139105,13236.332928139105,13105.000018355317,13105.000018355317,10349.224435988752,10349.224435988752,10340.666669139748,10340.666669139748,10615.51517859028,10615.51517859028,10595.619752858192,10595.619752858192,10707.257274068634,10707.257274068634,10683.09018654104,10683.09018654104,10768.080239034056,12036.045004791853,13495.217172326506
2021-08-06,10913.294977006506,10913.294977006506,10848.05540767898,10848.05540767898,12203.424005486986,12203.424005486986,12125.655284200027,12125.655284200027,13257.807543058081,13257.807543058081,13126.427948041142,13126.427948041142,10349.224435988752,10349.224435988752,10340.666669139748,10340.666669139748,10619.37670915628,10619.37670915628,10599.481283424193,10599.481283424193,10711.118804634634,10711.118804634634,10686.95171710704,10686.95171710704,10768.934883852888,12052.730735585685,13515.013655125305
2021-08-07,10928.986908769102,10928.986908769102,10863.289741671513,10863.289741671513,12259.831673976782,12259.831673976782,12181.671828563794,12181.671828563794,13347.84765151109,13347.84765151109,13214.456597934746,13214.456597934746,10349.224435988752,10349.224435988752,10340.666669139748,10340.666669139748,10622.90237389828,10622.90237389828,10603.006948166192,10603.006948166192,10714.644469376633,10714.644469376633,10690.47738184904,10690.47738184904,10784.491203178779,12108.503067466756,13604.66304374388
2021-08-08,10918.404185829942,10918.404185829942,10852.849810287977,10852.849810287977,12221.816527932046,12221.816527932046,12143.718806481294,12143.718806481294,13281.760183671016,13281.760183671016,13148.113018155538,13148.113018155538,10349.224435988752,10349.224435988752,10340.666669139748,10340.666669139748,10621.24881323228,10621.24881323228,10601.353387500192,10601.353387500192,10712.990908710633,10712.990908710633,10688.82382118304,10688.82382118304,10774.051271795242,12073.282557806826,13539.510850186596
2021-08-09,10935.755759821473,10935.755759821473,10870.076684279506,10870.076684279506,12265.572794652999,12265.572794652999,12187.445000982558,12187.445000982558,13356.208829396483,13356.208829396483,13222.023820270893,13222.023820270893,10349.224435988752,10349.224435988752,10340.666669139748,10340.666669139748,10626.166520606279,10626.166520606279,10606.271094874191,10606.271094874191,10717.908616084633,10717.908616084633,10693.741528557039,10693.741528557039,10791.278145786771,12115.69732789246,13612.594438507345
2021-08-10,10981.181117872773,10981.181117872773,10915.326906914694,10915.326906914694,12344.601815334043,12344.601815334043,12266.423636098545,12266.423636098545,13501.36939904514,13501.36939904514,13366.490899628352,13366.490899628352,10349.224435988752,10349.224435988752,10340.666669139748,10340.666669139748,10624.79934478628,10624.79934478628,10604.903919054192,10604.903919054192,10716.541440264633,10716.541440264633,10692.374352737039,10692.374352737039,10836.52836842196,12189.659579642841,13757.46354765077
2021-08-11,10984.448904688796,10984.448904688796,10918.412991046707,10918.412991046707,12368.811203061368,12368.811203061368,12290.621568490737,12290.621568490737,13591.516057230823,13591.516057230823,13455.675372662196,13455.675372662196,10349.224435988752,10349.224435988752,10340.666669139748,10340.666669139748,10634.960608200865,10634.960608200865,10614.860412506403,10614.860412506403,10726.702703679219,10726.702703679219,10702.33084618925,10702.33084618925,10840.11254906045,12214.222606614832,13856.079148233855
2021-08-12,10976.022293211272,10976.022293211272,10909.716796926587,10909.716796926587,12333.632640135911,12333.632640135911,12255.119404840396,12255.119404840396,13549.854650495588,13549.854650495588,13414.302636926555,13414.302636926555,10349.224435988752,10349.224435988752,10340.666669139748,10340.666669139748,10629.372873470866,10629.372873470866,10609.272677776404,10609.272677776404,10721.11496894922,10721.11496894922,10696.743111459251,10696.743111459251,10833.341603470399,12181.938079341096,13819.299985658627
2021-08-13,11004.084159268514,11004.084159268514,10937.778662983828,10937.778662983828,12427.320806187603,12427.320806187603,12344.402217692925,12344.402217692925,13738.88993288833,13738.88993288833,13601.722945536247,13601.722945536247,10349.224435988752,10349.224435988752,10340.666669139748,10340.666669139748,10650.033275383938,10650.033275383938,10629.933079689476,10629.933079689476,10741.775370862291,10741.775370862291,10717.403513372323,10717.403513372323,10860.211985960977,12266.510201533943,13964.375125961464
2021-08-14,10999.54635145519,10999.54635145519,10933.011397764501,10933.011397764501,12415.990656349453,12415.990656349453,12332.533027190184,12332.533027190184,13769.251638921172,13769.251638921172,13631.459470575082,13631.459470575082,10349.224435988752,10349.224435988752,10340.666669139748,10340.666669139748,10647.096743609978,10647.096743609978,10626.996547915516,10626.996547915516,10738.838839088332,10738.838839088332,10714.466981598363,10714.466981598363,10852.748526290092,12246.607191995136,13973.72108288085
2021-08-15,11014.663049980389,11014.663049980389,10948.053201072844,10948.053201072844,12445.736561689399,12445.736561689399,12362.252828815865,12362.252828815865,13803.091257126263,13803.091257126263,13664.930128819058,13664.930128819058,10349.224435988752,10349.224435988752,10340.666669139748,10340.666669139748,10649.911209892778,10649.911209892778,10629.811014198316,10629.811014198316,10741.653305371132,10741.653305371132,10717.281447881163,10717.281447881163,10860.548934456876,12265.124302103715,13994.986436509347
2021-08-16,10999.687300457419,10999.687300457419,10933.118648346624,10933.118648346624,12407.12883156157,12407.12883156157,12323.281704324083,12323.281704324083,13718.196323820459,13718.196323820459,13580.218091633853,13580.218091633853,10349.224435988752,10349.224435988752,10340.666669139748,10340.666669139748,10648.234823274728,10648.234823274728,10628.134627580266,10628.134627580266,10739.976918753082,10739.976918753082,10715.605061263113,10715.605061263113,10853.098228817358,12232.417382316882,13924.014861269261
2021-08-17,10998.99779529505,10998.99779529505,10932.272105332142,10932.272105332142,12382.40764043452,12382.40764043452,12297.916193368737,12297.916193368737,13665.899526863877,13665.899526863877,13527.979080979976,13527.979080979976,10349.224435988752,10349.224435988752,10340.666669139748,10340.666669139748,10638.009568080488,10638.009568080488,10617.909372386026,10617.909372386026,10729.751663558842,10729.751663558842,10705.379806068873,10705.379806068873,10849.77705697064,12208.8380461674,13879.99188260649
2021-08-18,11003.855895409091,11003.855895409091,10936.97695144825,10936.97695144825,12399.268838787722,12399.268838787722,12314.134566933742,12314.134566933742,13710.02217423087,13710.02217423087,13570.925521616995,13570.925521616995,10349.224435988752,10349.224435988752,10340.666669139748,10340.666669139748,10634.752435098288,10634.752435098288,10614.652239403826,10614.652239403826,10726.494530576641,10726.494530576641,10702.122673086673,10702.122673086673,10856.758986981593,12227.646039257199,13930.328806004194
2021-08-19,11017.101645036872,11017.101645036872,10949.858131158962,10949.858131158962,12438.501924797316,12438.501924797316,12352.560189363252,12352.560189363252,13821.08963480157,13821.08963480157,13680.938613736083,13680.938613736083,10349.224435988752,10349.224435988752,10340.666669139748,10340.666669139748,10638.678510636913,10638.678510636913,10618.360507920328,10618.360507920328,10746.082938921167,10746.082938921167,10721.667520026775,10721.667520026775,10862.766556899089,12261.638865135756,14064.514624625186
2021-08-20,11036.677063753132,11036.677063753132,10968.694262583726,10968.694262583726,12490.139656139067,12490.139656139067,12403.067516404646,12403.067516404646,13893.021510428383,13893.021510428383,13752.400893857617,13752.400893857617,10349.224435988752,10349.224435988752,10340.666669139748,10340.666669139748,10643.766538367074,10643.766538367074,10623.448535650488,10623.448535650488,10761.565443333104,10761.565443333104,10737.150024438712,10737.150024438712,10876.060508162267,12305.973774971853,14137.097565217942
2021-08-21,11031.850727027118,11031.850727027118,10963.984440855776,10963.984440855776,12467.875665956708,12467.875665956708,12381.02568693136,12381.02568693136,13853.98315894577,13853.98315894577,13713.801420358965,13713.801420358965,10349.224435988752,10349.224435988752,10340.666669139748,10340.666669139748,10642.751554447796,10642.751554447796,10622.43355173121,10622.43355173121,10757.612034016225,10757.612034016225,10733.196615121833,10733.196615121833,10869.368961112878,12285.175944610623,14094.659356024731
2021-08-22,11045.078296918746,11045.078296918746,10977.229312554759,10977.229312554759,12482.111505716051,12482.111505716051,12395.019757555096,12395.019757555096,13870.647781285974,13870.647781285974,13730.01061861545,13730.01061861545,10349.224435988752,10349.224435988752,10340.666669139748,10340.666669139748,10642.63975742885,10642.63975742885,10622.224135761428,10622.224135761428,10758.168432935236,10758.168432935236,10733.753014040843,10733.753014040843,10875.7850856084,12291.278541333904,14103.802221405802
2021-08-23,11077.032448651527,11077.032448651527,11008.662651892972,11008.662651892972,12543.024503193988,12543.024503193988,12455.227383913916,12455.227383913916,13950.31102007898,13950.31102007898,13809.213464296658,13809.213464296658,10349.224435988752,10349.224435988752,10340.666669139748,10340.666669139748,10642.63975742885,10642.63975742885,10622.224135761428,10622.224135761428,10780.268285598126,10780.268285598126,10755.852866703734,10755.852866703734,10891.349420983815,12329.299717659329,14170.937374976824
2021-08-24,11036.69272064954,11036.69272064954,10968.078778717168,10968.078778717168,12459.867345721308,12459.867345721308,12372.199567564418,12372.199567564418,13819.164291981378,13819.164291981378,13678.824000187149,13678.824000187149,10349.224435988752,10349.224435988752,10340.666669139748,10340.666669139748,10642.63975742885,10642.63975742885,10622.224135761428,10622.224135761428,10764.368435987051,10764.368435987051,10739.95301709266,10739.95301709266,10868.886888831825,12264.929224593283,14061.242903832175
2021-08-25,11044.863034268721,11044.863034268721,10975.950311175822,10975.950311175822,12525.1130087228,12525.1130087228,12436.520131487534,12436.520131487534,13914.227498200058,13914.227498200058,13772.594016648103,13772.594016648103,10349.224435988752,10349.224435988752,10340.666669139748,10340.666669139748,10642.63975742885,10642.63975742885,10622.224135761428,10622.224135761428,10780.48421229136,10780.48421229136,10756.068793396968,10756.068793396968,10876.215162396209,12291.840457428098,14107.163416867288
2021-08-26,11011.962497793556,11011.962497793556,10943.129657601314,10943.129657601314,12451.1337851799,12451.1337851799,12362.909080052485,12362.909080052485,13803.669597743732,13803.669597743732,13667.100688661847,13667.100688661847,10342.611816770495,10342.611816770495,10333.90696173803,10333.90696173803,10631.618725398424,10631.618725398424,10610.957956758566,10610.957956758566,10758.244266120539,10758.244266120539,10733.681759042685,10733.681759042685,10856.72180420668,12232.371574793282,14000.376202645146
2021-08-27,11037.708084489517,11037.708084489517,10968.454739484081,10968.454739484081,12546.65035476953,12546.65035476953,12457.531091167286,12457.531091167286,13971.645677808328,13971.645677808328,13829.024322383664,13829.024322383664,10342.460712985161,10342.460712985161,10333.615400714689,10333.615400714689,10631.3668857562,10631.3668857562,10610.472021719666,10610.472021719666,10776.72498479054,10776.72498479054,10752.162477712687,10752.162477712687,10869.432862929085,12328.171562813284,14137.79165165181
2021-08-28,11052.384275706454,11052.384275706454,10982.607084983465,10982.607084983465,12567.987819797823,12567.987819797823,12478.807048763538,12478.807048763538,14001.548633865223,14001.548633865223,13857.715442511859,13857.715442511859,10342.460712985161,10342.460712985161,10333.615400714689,10333.615400714689,10631.3668857562,10631.3668857562,10610.472021719666,10610.472021719666,10771.976142650563,10771.976142650563,10747.41363557271,10747.41363557271,10884.109265820482,12350.295258207343,14164.502052160758
2021-08-29,11042.710834688616,11042.710834688616,10973.052917509058,10973.052917509058,12556.679452346789,12556.679452346789,12467.597027381988,12467.597027381988,13982.42314425647,13982.42314425647,13835.705326931267,13835.705326931267,10342.460712985161,10342.460712985161,10333.615400714689,10333.615400714689,10631.3668857562,10631.3668857562,10610.472021719666,10610.472021719666,10768.09470744869,10768.09470744869,10743.532200370837,10743.532200370837,10874.894273381422,12340.620733883823,14144.843382165449
2021-08-30,11043.81242822802,11043.81242822802,10973.94886443652,10973.94886443652,12548.494240017191,12548.494240017191,12460.914319983789,12460.914319983789,13954.878782136728,13954.878782136728,13817.18977517654,13817.18977517654,10342.460712985161,10342.460712985161,10333.615400714689,10333.615400714689,10631.3668857562,10631.3668857562,10610.472021719666,10610.472021719666,10750.135452160994,10750.135452160994,10725.57294508314,10725.57294508314,10879.382640144016,12339.48845492927,14131.732507365215
2021-08-31,11037.538287118381,11037.538287118381,10967.569439670675,10967.569439670675,12528.197660591333,12528.197660591333,12442.123982393203,12442.123982393203,13940.966884888245,13940.966884888245,13803.83283147833,13803.83283147833,10342.460712985161,10342.460712985161,10333.615400714689,10333.615400714689,10631.585049336758,10631.585049336758,10610.501945466154,10610.501945466154,10751.694455993833,10751.694455993833,10727.08135608908,10727.08135608908,10875.263600660022,12327.862709542347,14134.385696760744
2021-09-01,11046.003262615755,11046.003262615755,10976.006432315118,10976.006432315118,12574.484237998859,12574.484237998859,12487.363950849685,12487.363950849685,14016.055034513893,14016.055034513893,13872.785000899661,13872.785000899661,10342.460712985161,10342.460712985161,10333.615400714689,10333.615400714689,10631.312345087968,10631.312345087968,10610.040781388323,10610.040781388323,10759.684377629708,10759.684377629708,10734.918114283757,10734.918114283757,10882.676549847738,12383.146214417362,14213.886091918526
2021-09-02,11064.267390486842,11064.267390486842,10994.25609090079,10994.25609090079,12592.263829383102,12592.263829383102,12505.1640511753,12505.1640511753,14040.378129611358,14040.378129611358,13897.32541677211,13897.32541677211,10342.460712985161,10342.460712985161,10333.615400714689,10333.615400714689,10631.312345087968,10631.312345087968,10610.040781388323,10610.040781388323,10761.60732232061,10761.60732232061,10736.841058974658,10736.841058974658,10891.826522876474,12391.216708588834,14227.44784827509
2021-09-03,11076.842543611016,11076.842543611016,11006.849075672368,11006.849075672368,12630.02493661815,12630.02493661815,12542.809700067224,12542.809700067224,14094.600091719292,14094.600091719292,13948.590468458722,13948.590468458722,10342.460712985161,10342.460712985161,10333.615400714689,10333.615400714689,10631.312345087968,10631.312345087968,10610.040781388323,10610.040781388323,10764.986708071667,10764.986708071667,10740.220444725715,10740.220444725715,10892.741939201378,12409.799185178827,14266.283636635342
2021-09-04,11072.095308745302,11072.095308745302,11002.108176983964,11002.108176983964,12622.594225562532,12622.594225562532,12535.04798643158,12535.04798643158,14074.272909901847,14074.272909901847,13919.880431718853,13919.880431718853,10342.460712985161,10342.460712985161,10333.615400714689,10333.615400714689,10630.552810090227,10630.552810090227,10609.030923338993,10609.030923338993,10764.36754155731,10764.36754155731,10739.60127821136,10739.60127821136,10890.022572414018,12400.135893105762,14243.259365005213
2021-09-05,11082.110859691824,11082.110859691824,11011.901664086321,11011.901664086321,12647.730392711595,12647.730392711595,12559.816861888434,12559.816861888434,14131.517321361187,14131.517321361187,13977.258095215655,13977.258095215655,10347.852993608509,10347.852993608509,10338.857742368089,10338.857742368089,10639.772046790227,10639.772046790227,10618.250160038993,10618.250160038993,10773.586778257311,10773.586778257311,10748.82051491136,10748.82051491136,10889.941022044623,12409.737911235008,14270.966921551048
2021-09-06,11089.115620301762,11089.115620301762,11018.604379575518,11018.604379575518,12660.808286137953,12660.808286137953,12572.531352253882,12572.531352253882,14158.336088003174,14158.336088003174,14006.699040304027,14006.699040304027,10347.655983349716,10347.655983349716,10338.505449978304,10338.505449978304,10644.072879849451,10644.072879849451,10622.550993098217,10622.550993098217,10777.887611316535,10777.887611316535,10753.121347970584,10753.121347970584,10888.461840118862,12412.65857606665,14275.332994812736
2021-09-07,11029.824507471503,11029.824507471503,10957.54462517667,10957.54462517667,12494.825984870444,12494.825984870444,12406.333082882835,12406.333082882835,13829.803671414105,13829.803671414105,13698.83028809451,13698.83028809451,10347.655983349716,10347.655983349716,10338.505449978304,10338.505449978304,10575.156342823922,10575.156342823922,10553.627306980961,10553.627306980961,10708.971074291007,10708.971074291007,10683.613823145048,10683.613823145048,10888.366042443882,12361.37650054654,14185.293509748619
2021-09-08,11042.427910519824,11042.427910519824,10971.338394493749,10971.338394493749,12518.306803082975,12518.306803082975,12429.146160651084,12429.146160651084,13862.137401952552,13862.137401952552,13729.59329167222,13729.59329167222,10347.655983349716,10347.655983349716,10338.505449978304,10338.505449978304,10575.156342823922,10575.156342823922,10553.627306980961,10553.627306980961,10708.971074291007,10708.971074291007,10683.613823145048,10683.613823145048,10888.366042443882,12358.94014867958,14181.993073422229
2021-09-09,11042.563036650145,11042.563036650145,10971.4810143048,10971.4810143048,12522.62447281713,12522.62447281713,12432.83956118457,12432.83956118457,13872.092421194386,13872.092421194386,13739.0961343237,13739.0961343237,10347.655983349716,10347.655983349716,10338.505449978304,10338.505449978304,10575.156342823922,10575.156342823922,10553.627306980961,10553.627306980961,10708.971074291007,10708.971074291007,10683.613823145048,10683.613823145048,10890.304206307279,12367.875627394886,14200.444581729571
2021-09-10,11025.419369506932,11025.419369506932,10954.931502430489,10954.931502430489,12527.663807206885,12527.663807206885,12437.625344856237,12437.625344856237,13857.828163795837,13857.828163795837,13725.063218945194,13725.063218945194,10347.655983349716,10347.655983349716,10338.505449978304,10338.505449978304,10575.156342823922,10575.156342823922,10553.627306980961,10553.627306980961,10708.971074291007,10708.971074291007,10683.613823145048,10683.613823145048,10875.212916713615,12380.56236542753,14194.824981681464
2021-09-11,11021.624189039023,11021.624189039023,10950.94243893866,10950.94243893866,12532.01778405571,12532.01778405571,12441.80722262364,12441.80722262364,13873.830844027936,13873.830844027936,13740.540849336736,13740.540849336736,10347.655983349716,10347.655983349716,10338.505449978304,10338.505449978304,10575.156342823922,10575.156342823922,10553.627306980961,10553.627306980961,10708.971074291007,10708.971074291007,10683.613823145048,10683.613823145048,10871.323564637918,12382.085195331361,14211.472275219545
2021-09-12,11029.690678331697,11029.690678331697,10958.708525677368,10958.708525677368,12553.289284615723,12553.289284615723,12462.959303764483,12462.959303764483,13917.012413617627,13917.012413617627,13783.126372809318,13783.126372809318,10347.655983349716,10347.655983349716,10338.505449978304,10338.505449978304,10575.156342823922,10575.156342823922,10553.627306980961,10553.627306980961,10708.971074291007,10708.971074291007,10683.613823145048,10683.613823145048,10878.967798843067,12401.750265872091,14255.578466352938
2021-09-13,11015.55542445156,11015.55542445156,10944.351767302907,10944.351767302907,12517.431984358367,12517.431984358367,12427.172190871435,12427.172190871435,13857.650275707887,13857.650275707887,13724.124705228567,13724.124705228567,10347.655983349716,10347.655983349716,10338.505449978304,10338.505449978304,10575.156342823922,10575.156342823922,10553.627306980961,10553.627306980961,10708.971074291007,10708.971074291007,10683.613823145048,10683.613823145048,10864.981357789467,12366.619319931544,14195.571007232558
2021-09-14,11011.99284658523,11011.99284658523,10940.773198902449,10940.773198902449,12515.392855493623,12515.392855493623,12425.121790097139,12425.121790097139,13878.049297866182,13878.049297866182,13744.203563317387,13744.203563317387,10347.655983349716,10347.655983349716,10338.505449978304,10338.505449978304,10575.156342823922,10575.156342823922,10553.627306980961,10553.627306980961,10708.971074291007,10708.971074291007,10683.613823145048,10683.613823145048,10861.207710445386,12365.58381894165,14217.901609027595
2021-09-15,11018.654955127306,11018.654955127306,10947.422807178984,10947.422807178984,12551.61086782585,12551.61086782585,12460.859414919556,12460.859414919556,13945.669856835852,13945.669856835852,13811.2990014776,13811.2990014776,10347.655983349716,10347.655983349716,10338.505449978304,10338.505449978304,10575.156342823922,10575.156342823922,10553.627306980961,10553.627306980961,10708.971074291007,10708.971074291007,10683.613823145048,10683.613823145048,10867.932902827648,12401.471531964726,14286.260833285365
2021-09-16,11025.324586101055,11025.324586101055,10954.08417721167,10954.08417721167,12551.007476965462,12551.007476965462,12460.38957687608,12460.38957687608,13943.399474602038,13943.399474602038,13809.330291240913,13809.330291240913,10347.655983349716,10347.655983349716,10338.505449978304,10338.505449978304,10575.156342823922,10575.156342823922,10553.627306980961,10553.627306980961,10708.971074291007,10708.971074291007,10683.613823145048,10683.613823145048,10874.684415220026,12402.03369389944,14283.79508541036
2021-09-17,11014.72862956565,11014.72862956565,10943.47338731909,10943.47338731909,12519.216494259901,12519.216494259901,12428.821430738204,12428.821430738204,13895.22679191031,13895.22679191031,13761.661099775492,13761.661099775492,10347.655983349716,10347.655983349716,10338.505449978304,10338.505449978304,10575.156342823922,10575.156342823922,10553.627306980961,10553.627306980961,10708.971074291007,10708.971074291007,10683.613823145048,10683.613823145048,10864.472889016606,12376.371912760727,14241.727372031286
2021-09-18,11024.750804911766,11024.750804911766,10953.301114241678,10953.301114241678,12543.740778986394,12543.740778986394,12452.92741700022,12452.92741700022,13926.64612990336,13926.64612990336,13794.150013843147,13794.150013843147,10347.655983349716,10347.655983349716,10338.505449978304,10338.505449978304,10575.156342823922,10575.156342823922,10553.627306980961,10553.627306980961,10708.971074291007,10708.971074291007,10683.613823145048,10683.613823145048,10870.771691127518,12395.477751642988,14267.12706150926
2021-09-19,11022.472907071671,11022.472907071671,10950.919419160535,10950.919419160535,12533.831815075355,12533.831815075355,12443.121056835353,12443.121056835353,13907.391337630183,13907.391337630183,13775.08385158326,13775.08385158326,10347.655983349716,10347.655983349716,10338.505449978304,10338.505449978304,10575.156342823922,10575.156342823922,10553.627306980961,10553.627306980961,10708.971074291007,10708.971074291007,10683.613823145048,10683.613823145048,10871.188376308468,12390.113877317566,14253.51160674572
2021-09-20,10981.107680869802,10981.107680869802,10909.888021591876,10909.888021591876,12429.616270058496,12429.616270058496,12339.49725544047,12339.49725544047,13733.24689198382,13733.24689198382,13602.187524309456,13602.187524309456,10347.655983349716,10347.655983349716,10338.505449978304,10338.505449978304,10575.156342823922,10575.156342823922,10553.627306980961,10553.627306980961,10708.971074291007,10708.971074291007,10683.613823145048,10683.613823145048,10830.628760215784,12285.095245263989,14078.039183594103
2021-09-21,10971.630426175252,10971.630426175252,10900.526585724678,10900.526585724678,12392.131103814398,12392.131103814398,12302.121670192415,12302.121670192415,13669.485634951468,13669.485634951468,13536.255753132189,13536.255753132189,10347.655983349716,10347.655983349716,10338.505449978304,10338.505449978304,10575.156342823922,10575.156342823922,10553.627306980961,10553.627306980961,10708.971074291007,10708.971074291007,10683.613823145048,10683.613823145048,10821.488157126236,12247.251614420076,14012.975593738265
2021-09-22,11010.87755924853,11010.87755924853,10939.437144832038,10939.437144832038,12493.987966236407,12493.987966236407,12403.28592402321,12403.28592402321,13855.548083617492,13855.548083617492,13726.497527896596,13726.497527896596,10347.655983349716,10347.655983349716,10338.505449978304,10338.505449978304,10575.156342823922,10575.156342823922,10553.627306980961,10553.627306980961,10708.971074291007,10708.971074291007,10683.613823145048,10683.613823145048,10859.910298276624,12346.376723776822,14202.784965144225
2021-09-23,11016.87653073506,11016.87653073506,10945.30174041797,10945.30174041797,12521.546458623427,12521.546458623427,12430.495567469234,12430.495567469234,13901.292079633768,13901.292079633768,13770.345066332924,13770.345066332924,10347.655983349716,10347.655983349716,10338.505449978304,10338.505449978304,10575.156342823922,10575.156342823922,10553.627306980961,10553.627306980961,10708.971074291007,10708.971074291007,10683.613823145048,10683.613823145048,10865.82476791457,12374.233490685236,14249.509386576598
2021-09-24,11009.215631260284,11009.215631260284,10937.683214332788,10937.683214332788,12512.067113337294,12512.067113337294,12421.076402945939,12421.076402945939,13880.411577094366,13880.411577094366,13749.171442719797,13749.171442719797,10347.655983349716,10347.655983349716,10338.505449978304,10338.505449978304,10575.156342823922,10575.156342823922,10553.627306980961,10553.627306980961,10708.971074291007,10708.971074291007,10683.613823145048,10683.613823145048,10857.78242308991,12365.448797922372,14228.237803016296
2021-09-25,11001.162600790283,11001.162600790283,10929.61911125479,10929.61911125479,12490.711744433574,12490.711744433574,12399.793267329045,12399.793267329045,13843.916342827644,13843.916342827644,13712.517963678356,13712.517963678356,10347.655983349716,10347.655983349716,10338.505449978304,10338.505449978304,10575.156342823922,10575.156342823922,10553.627306980961,10553.627306980961,10708.971074291007,10708.971074291007,10683.613823145048,10683.613823145048,10849.62519781991,12344.47957594993,14191.096062215003
2021-09-26,11001.183987115857,11001.183987115857,10929.543225258263,10929.543225258263,12482.584533115982,12482.584533115982,12390.558333265562,12390.558333265562,13820.604618520605,13820.604618520605,13689.044839254784,13689.044839254784,10347.655983349716,10347.655983349716,10338.505449978304,10338.505449978304,10575.156342823922,10575.156342823922,10553.627306980961,10553.627306980961,10708.971074291007,10708.971074291007,10683.613823145048,10683.613823145048,10849.60402334889,12336.426615753826,14167.265186449406
2021-09-27,10994.043334547858,10994.043334547858,10922.439455334266,10922.439455334266,12467.671070189981,12467.671070189981,12377.334445336568,12377.334445336568,13802.409366242637,13802.409366242637,13670.865352911467,13670.865352911467,10347.655983349716,10347.655983349716,10338.505449978304,10338.505449978304,10575.156342823922,10575.156342823922,10553.627306980961,10553.627306980961,10708.971074291007,10708.971074291007,10683.613823145048,10683.613823145048,10842.583794990893,12321.618622316824,14148.5956649817
2021-09-28,10979.826895391716,10979.826895391716,10908.268735951557,10908.268735951557,12422.547807728926,12422.547807728926,12330.846643931814,12330.846643931814,13722.942515860253,13722.942515860253,13591.828241619243,13591.828241619243,10347.655983349716,10347.655983349716,10338.505449978304,10338.505449978304,10575.156342823922,10575.156342823922,10553.627306980961,10553.627306980961,10708.971074291007,10708.971074291007,10683.613823145048,10683.613823145048,10828.312900119618,12277.0005610535,14067.40231510058
2021-09-29,10985.607999293677,10985.607999293677,10913.965683729022,10913.965683729022,12439.22754639594,12439.22754639594,12347.851830837717,12347.851830837717,13748.501054562075,13748.501054562075,13616.954996879162,13616.954996879162,10347.655983349716,10347.655983349716,10338.505449978304,10338.505449978304,10575.156342823922,10575.156342823922,10553.627306980961,10553.627306980961,10708.971074291007,10708.971074291007,10683.613823145048,10683.613823145048,10834.189648149622,12293.511067430316,14093.310455091283
2021-09-30,10992.069994845677,10992.069994845677,10920.40431081602,10920.40431081602,12460.432240085938,12460.432240085938,12368.96678102072,12368.96678102072,13786.163169149077,13786.163169149077,13654.353296458165,13654.353296458165,10347.655983349716,10347.655983349716,10338.505449978304,10338.505449978304,10575.156342823922,10575.156342823922,10553.627306980961,10553.627306980961,10708.971074291007,10708.971074291007,10683.613823145048,10683.613823145048,10840.840823237624,12314.376200505318,14131.726993118284
2021-10-01,11007.978770007181,11007.978770007181,10936.296419762115,10936.296419762115,12538.522849056788,12538.522849056788,12449.745277752383,12449.745277752383,13938.717639181987,13938.717639181987,13806.11170634144,13806.11170634144,10347.655983349716,10347.655983349716,10338.505449978304,10338.505449978304,10575.156342823922,10575.156342823922,10553.627306980961,10553.627306980961,10708.971074291007,10708.971074291007,10683.613823145048,10683.613823145048,10857.312581136304,12391.521483754706,14286.294200159507
2021-10-02,11009.83046987873,11009.83046987873,10937.983164762263,10937.983164762263,12557.137839355099,12557.137839355099,12468.822273162354,12468.822273162354,13963.12482641949,13963.12482641949,13830.02961051619,13830.02961051619,10347.655983349716,10347.655983349716,10338.505449978304,10338.505449978304,10575.156342823922,10575.156342823922,10553.627306980961,10553.627306980961,10708.971074291007,10708.971074291007,10683.613823145048,10683.613823145048,10862.093519903454,12409.781766851676,14311.38615214671
2021-10-03,11039.280253599689,11039.280253599689,10967.327696577064,10967.327696577064,12606.795100074864,12606.795100074864,12518.421571713112,12518.421571713112,14066.342413798347,14066.342413798347,13932.517665305952,13932.517665305952,10347.655983349716,10347.655983349716,10338.505449978304,10338.505449978304,10575.156342823922,10575.156342823922,10553.627306980961,10553.627306980961,10708.971074291007,10708.971074291007,10683.613823145048,10683.613823145048,10862.062963245022,12459.16551007644,14415.801735857307
2021-10-04,11027.762729933254,11027.762729933254,10955.541030299535,10955.541030299535,12579.667886276533,12579.667886276533,12490.353386958255,12490.353386958255,14032.306113323633,14032.306113323633,13902.072378227735,13902.072378227735,10347.655983349716,10347.655983349716,10338.505449978304,10338.505449978304,10575.156342823922,10575.156342823922,10553.627306980961,10553.627306980961,10708.971074291007,10708.971074291007,10683.613823145048,10683.613823145048,10852.493869038693,12432.380580919067,14381.256486836588
2021-10-05,11013.279967284558,11013.279967284558,10940.936913752921,10940.936913752921,12560.690440689788,12560.690440689788,12471.502046078387,12471.502046078387,14003.893616637977,14003.893616637977,13873.804760632298,13873.804760632298,10347.655983349716,10347.655983349716,10338.505449978304,10338.505449978304,10575.156342823922,10575.156342823922,10553.627306980961,10553.627306980961,10708.971074291007,10708.971074291007,10683.613823145048,10683.613823145048,10843.994353990522,12413.57752560956,14351.901383277522
2021-10-06,10999.939507798756,10999.939507798756,10927.62698986016,10927.62698986016,12545.562005654097,12545.562005654097,12459.47077848927,12459.47077848927,13975.83509170174,13975.83509170174,13845.925585859934,13845.925585859934,10347.655983349716,10347.655983349716,10338.505449978304,10338.505449978304,10575.156342823922,10575.156342823922,10553.627306980961,10553.627306980961,10708.971074291007,10708.971074291007,10683.613823145048,10683.613823145048,10833.295402100523,12398.68838179173,14318.937380146519
2021-10-07,11001.7010228234,11001.7010228234,10929.16157335404,10929.16157335404,12580.480545828612,12580.480545828612,12491.618650988796,12491.618650988796,14020.96590519821,14020.96590519821,13892.066766359367,13892.066766359367,10347.655983349716,10347.655983349716,10338.505449978304,10338.505449978304,10575.156342823922,10575.156342823922,10553.627306980961,10553.627306980961,10708.971074291007,10708.971074291007,10683.613823145048,10683.613823145048,10836.224891909007,12433.021555360227,14365.704818200087
2021-10-08,11005.857043734026,11005.857043734026,10933.16448928516,10933.16448928516,12583.357257840138,12583.357257840138,12493.243246274631,12493.243246274631,14025.567965858856,14025.567965858856,13896.750670726839,13896.750670726839,10347.655983349716,10347.655983349716,10338.505449978304,10338.505449978304,10575.156342823922,10575.156342823922,10553.627306980961,10553.627306980961,10708.971074291007,10708.971074291007,10683.613823145048,10683.613823145048,10838.485005840901,12435.814686061673,14370.601648073949
2021-10-09,11000.973717429866,11000.973717429866,10928.11505889037,10928.11505889037,12580.284480830815,12580.284480830815,12490.859005372378,12490.859005372378,14022.216917817073,14022.216917817073,13892.41472967586,13892.41472967586,10347.655983349716,10347.655983349716,10338.505449978304,10338.505449978304,10575.156342823922,10575.156342823922,10553.627306980961,10553.627306980961,10708.971074291007,10708.971074291007,10683.613823145048,10683.613823145048,10833.135255912122,12432.671989883775,14367.338378549215
2021-10-10,10978.536402464597,10978.536402464597,10905.71607092763,10905.71607092763,12533.48357128726,12533.48357128726,12444.942579217151,12444.942579217151,13935.901590138157,13935.901590138157,13806.843143532047,13806.843143532047,10347.655983349716,10347.655983349716,10338.505449978304,10338.505449978304,10575.156342823922,10575.156342823922,10553.627306980961,10553.627306980961,10708.971074291007,10708.971074291007,10683.613823145048,10683.613823145048,10824.175505037047,12393.649864772173,14287.215796508885
2021-10-11,10997.010946768336,10997.010946768336,10924.191701172933,10924.191701172933,12562.509080450103,12562.509080450103,12472.241094843223,12472.241094843223,13973.436389621216,13973.436389621216,13843.777309646191,13843.777309646191,10347.655983349716,10347.655983349716,10338.505449978304,10338.505449978304,10575.156342823922,10575.156342823922,10553.627306980961,10553.627306980961,10708.971074291007,10708.971074291007,10683.613823145048,10683.613823145048,10841.967313877492,12425.092646489658,14324.935071167032
2021-10-12,10985.557337174308,10985.557337174308,10912.698832252383,10912.698832252383,12548.008683886348,12548.008683886348,12458.909984147871,12458.909984147871,13958.565669984813,13958.565669984813,13828.89822081034,13828.89822081034,10342.984430188708,10342.984430188708,10333.661267412273,10333.661267412273,10567.37042088891,10567.37042088891,10545.55366937091,10545.55366937091,10701.185152355994,10701.185152355994,10675.540185534996,10675.540185534996,10831.151544460336,12417.082948806335,14318.38339782143
2021-10-13,10987.424429423834,10987.424429423834,10914.422950278476,10914.422950278476,12545.121310065095,12545.121310065095,12456.428168794122,12456.428168794122,13987.122165377701,13987.122165377701,13857.347370977408,13857.347370977408,10347.079449541709,10347.079449541709,10337.756286765274,10337.756286765274,10574.19545314391,10574.19545314391,10552.378701625908,10552.378701625908,10708.010184610994,10708.010184610994,10682.365217789995,10682.365217789995,10833.627278481714,12418.661580240157,14352.416517042278
2021-10-14,10999.978314044487,10999.978314044487,10926.932805142906,10926.932805142906,12549.777348546255,12549.777348546255,12460.580856081697,12460.580856081697,14006.7477669618,14006.7477669618,13876.74296129239,13876.74296129239,10346.94684304376,10346.94684304376,10337.623680267325,10337.623680267325,10573.974442313991,10573.974442313991,10552.15769079599,10552.15769079599,10707.789173781075,10707.789173781075,10682.144206960076,10682.144206960076,10831.424917065742,12422.202606507548,14371.185305511866
2021-10-15,10992.393107137046,10992.393107137046,10919.227902378123,10919.227902378123,12551.170603955525,12551.170603955525,12462.368489582008,12462.368489582008,14001.988220701252,14001.988220701252,13871.654978986071,13871.654978986071,10359.821690382343,10359.821690382343,10350.498527605909,10350.498527605909,10595.432521211633,10595.432521211633,10573.615769693632,10573.615769693632,10729.247252678717,10729.247252678717,10703.602285857718,10703.602285857718,10834.793320986153,12427.471345971497,14361.485985076113
2021-10-16,10993.413511684415,10993.413511684415,10920.064719995069,10920.064719995069,12557.071146010803,12557.071146010803,12467.01820560888,12467.01820560888,14006.942369534583,14006.942369534583,13876.728330924627,13876.728330924627,10357.27061623286,10357.27061623286,10347.947453456425,10347.947453456425,10591.180730962493,10591.180730962493,10569.363979444492,10569.363979444492,10724.995462429577,10724.995462429577,10699.350495608578,10699.350495608578,10835.680741573746,12430.139683116207,14363.02779272079
2021-10-17,11002.250104817604,11002.250104817604,10927.562565793158,10927.562565793158,12575.636682890532,12575.636682890532,12486.890953018705,12486.890953018705,14026.421529298646,14026.421529298646,13896.182795701974,13896.182795701974,10358.996883069238,10358.996883069238,10349.673720292803,10349.673720292803,10594.057842356458,10594.057842356458,10572.241090838457,10572.241090838457,10727.872573823543,10727.872573823543,10702.227607002544,10702.227607002544,10840.527206162433,12441.577297497019,14374.975477720054
2021-10-18,10995.308736611234,10995.308736611234,10920.642004117304,10920.642004117304,12571.06531950826,12571.06531950826,12481.561168962106,12481.561168962106,14008.715697534986,14008.715697534986,13878.072373625075,13878.072373625075,10360.265807158112,10360.265807158112,10350.942644381677,10350.942644381677,10596.172715837914,10596.172715837914,10574.355964319913,10574.355964319913,10729.987447304999,10729.987447304999,10704.342480484,10704.342480484,10838.35221955499,12438.078253411046,14359.584574534445
2021-10-19,11007.245097915733,11007.245097915733,10932.578365421803,10932.578365421803,12589.772859970833,12589.772859970833,12501.352473616496,12501.352473616496,14044.659100743032,14044.659100743032,13913.891040260867,13913.891040260867,10367.03705573169,10367.03705573169,10357.713892955255,10357.713892955255,10607.458130127208,10607.458130127208,10585.641378609207,10585.641378609207,10741.272861594292,10741.272861594292,10715.627894773294,10715.627894773294,10845.434661750533,12453.300362347898,14385.960076966036
2021-10-20,11029.216934646287,11029.216934646287,10954.550202152357,10954.550202152357,12629.022350619538,12629.022350619538,12541.095370699724,12541.095370699724,14139.370505640156,14139.370505640156,14007.703936106916,14007.703936106916,10372.119074726319,10372.119074726319,10362.795911949885,10362.795911949885,10615.928161784921,10615.928161784921,10594.11141026692,10594.11141026692,10749.742893252005,10749.742893252005,10724.097926431006,10724.097926431006,10855.6510694851,12489.226847690557,14473.993740133581
2021-10-21,11014.38517577465,11014.38517577465,10939.289190881036,10939.289190881036,12589.256895820536,12589.256895820536,12499.00223454831,12499.00223454831,14082.781055950081,14082.781055950081,13950.69882561549,13950.69882561549,10360.334278585282,10360.334278585282,10351.011115808848,10351.011115808848,10596.286834883198,10596.286834883198,10574.470083365197,10574.470083365197,10730.101566350282,10730.101566350282,10704.456599529283,10704.456599529283,10846.725066896408,12455.240650956252,14412.294620909455
2021-10-22,11022.662285272754,11022.662285272754,10947.652131237837,10947.652131237837,12616.109485385916,12616.109485385916,12528.99083109279,12528.99083109279,14130.805234714922,14130.805234714922,13998.229302191388,13998.229302191388,10355.585720701823,10355.585720701823,10346.262557925389,10346.262557925389,10588.3725717441,10588.3725717441,10566.555820226098,10566.555820226098,10722.187303211183,10722.187303211183,10696.542336390185,10696.542336390185,10857.764832310992,12488.993695329731,14476.56000478541
2021-10-23,11030.21522705347,11030.21522705347,10954.717331623788,10954.717331623788,12625.984094960317,12625.984094960317,12538.247870824356,12538.247870824356,14166.658976861021,14166.658976861021,14033.826399129786,14033.826399129786,10355.355887242937,10355.355887242937,10345.850658278632,10345.850658278632,10590.517379720037,10590.517379720037,10568.639939472745,10568.639939472745,10724.332111187121,10724.332111187121,10698.626455636831,10698.626455636831,10861.281207861071,12492.435988259702,14479.92552868965
2021-10-24,11029.479751374063,11029.479751374063,10954.072110706273,10954.072110706273,12630.02891599745,12630.02891599745,12543.161867637047,12543.161867637047,14164.406607062803,14164.406607062803,14031.673721651527,14031.673721651527,10355.355887242937,10355.355887242937,10345.850658278632,10345.850658278632,10588.581852303472,10588.581852303472,10566.70441205618,10566.70441205618,10722.396583770556,10722.396583770556,10696.690928220267,10696.690928220267,10861.259451935312,12491.232203142004,14465.839366173146
2021-10-25,11057.228626149126,11057.228626149126,10981.686179239545,10981.686179239545,12702.950670374394,12702.950670374394,12618.666200405496,12618.666200405496,14279.315841736436,14279.315841736436,14146.00837444749,14146.00837444749,10355.355887242937,10355.355887242937,10345.850658278632,10345.850658278632,10597.267604151548,10597.267604151548,10575.390163904256,10575.390163904256,10731.082335618632,10731.082335618632,10705.376680068342,10705.376680068342,10877.976263318249,12534.067881706475,14560.878977163862
2021-10-26,11058.240160949403,11058.240160949403,10982.547857918116,10982.547857918116,12702.736695319118,12702.736695319118,12617.194985864004,12617.194985864004,14258.776201044866,14258.776201044866,14127.544493279776,14127.544493279776,10355.355887242937,10355.355887242937,10345.850658278632,10345.850658278632,10596.920478512156,10596.920478512156,10574.790710652615,10574.790710652615,10719.611145697381,10719.611145697381,10693.905490147092,10693.905490147092,10873.811660527446,12525.271880407856,14522.784930761034
2021-10-27,11088.29293118107,11088.29293118107,11012.46972349467,11012.46972349467,12722.502052513293,12722.502052513293,12636.728789775316,12636.728789775316,14232.28967767438,14232.28967767438,14100.613635912197,14100.613635912197,10355.355887242937,10355.355887242937,10345.850658278632,10345.850658278632,10596.920478512156,10596.920478512156,10574.790710652615,10574.790710652615,10719.28963504814,10719.28963504814,10693.342725614071,10693.342725614071,10888.874861548416,12543.208622325914,14533.489857970493
2021-10-28,11083.955923139376,11083.955923139376,11010.686292128396,11010.686292128396,12733.102937275953,12733.102937275953,12648.410734023624,12648.410734023624,14297.832455366237,14297.832455366237,14165.2329116681,14165.2329116681,10355.355887242937,10355.355887242937,10345.850658278632,10345.850658278632,10596.920478512156,10596.920478512156,10574.790710652615,10574.790710652615,10719.28963504814,10719.28963504814,10693.342725614071,10693.342725614071,10882.668947478749,12529.760212135145,14561.672108645174
2021-10-29,11087.333198647231,11087.333198647231,11014.70582232317,11014.70582232317,12760.49271435397,12760.49271435397,12675.69648920869,12675.69648920869,14344.165301248477,14344.165301248477,14211.354224143492,14211.354224143492,10355.355887242937,10355.355887242937,10345.850658278632,10345.850658278632,10596.920478512156,10596.920478512156,10574.790710652615,10574.790710652615,10719.28963504814,10719.28963504814,10693.342725614071,10693.342725614071,10889.384929194026,12563.332162000512,14628.725943030506
2021-10-30,11065.497198155019,11065.497198155019,10992.12824975207,10992.12824975207,12712.123038827718,12712.123038827718,12628.646957267263,12628.646957267263,14266.143275519189,14266.143275519189,14133.134831498812,14133.134831498812,10355.355887242937,10355.355887242937,10345.850658278632,10345.850658278632,10596.920478512156,10596.920478512156,10574.790710652615,10574.790710652615,10719.28963504814,10719.28963504814,10693.342725614071,10693.342725614071,10869.496206833452,12523.405664768077,14565.928128340516
2021-10-31,11054.318397152947,11054.318397152947,10980.426042810857,10980.426042810857,12697.045644828197,12697.045644828197,12613.255950016546,12613.255950016546,14257.209013412132,14257.209013412132,14123.910382740127,14123.910382740127,10355.355887242937,10355.355887242937,10345.850658278632,10345.850658278632,10596.920478512156,10596.920478512156,10574.790710652615,10574.790710652615,10719.28963504814,10719.28963504814,10693.342725614071,10693.342725614071,10859.192539026331,12508.690536318703,14544.23465763365
2021-11-01,11068.152835572077,11068.152835572077,10994.37772329783,10994.37772329783,12716.127257176358,12716.127257176358,12632.203058196572,12632.203058196572,14279.135257195203,14279.135257195203,14145.490099213936,14145.490099213936,10355.355887242937,10355.355887242937,10345.850658278632,10345.850658278632,10596.920478512156,10596.920478512156,10574.790710652615,10574.790710652615,10719.28963504814,10719.28963504814,10693.342725614071,10693.342725614071,10872.971927314042,12530.70757321432,14572.69014345431
2021-11-02,11078.43101414004,11078.43101414004,11006.099699646944,11006.099699646944,12744.072919453916,12744.072919453916,12659.824672777893,12659.824672777893,14332.756065034293,14332.756065034293,14198.33610401635,14198.33610401635,10355.355887242937,10355.355887242937,10345.850658278632,10345.850658278632,10596.920478512156,10596.920478512156,10574.790710652615,10574.790710652615,10719.28963504814,10719.28963504814,10693.342725614071,10693.342725614071,10881.635684982732,12552.745316754352,14628.883863307212
2021-11-03,11076.272836996564,11076.272836996564,11003.874986081422,11003.874986081422,12754.085443170987,12754.085443170987,12669.409490652151,12669.409490652151,14354.457283912701,14354.457283912701,14219.293920472142,14219.293920472142,10355.355887242937,10355.355887242937,10345.850658278632,10345.850658278632,10596.920478512156,10596.920478512156,10574.790710652615,10574.790710652615,10719.28963504814,10719.28963504814,10693.342725614071,10693.342725614071,10886.712025347419,12573.837272136378,14659.39491885745
2021-11-04,11073.263461005881,11073.263461005881,10999.976400785901,10999.976400785901,12767.331592807612,12767.331592807612,12682.250242268006,12682.250242268006,14349.196582455037,14349.196582455037,14213.658605930877,14213.658605930877,10355.355887242937,10355.355887242937,10345.850658278632,10345.850658278632,10596.920478512156,10596.920478512156,10574.790710652615,10574.790710652615,10719.28963504814,10719.28963504814,10693.342725614071,10693.342725614071,10883.442240456608,12570.529930693894,14641.283370378884
2021-11-05,11074.9789656473,11074.9789656473,11001.263083968128,11001.263083968128,12768.454824240514,12768.454824240514,12683.53517779094,12683.53517779094,14332.737987765804,14332.737987765804,14196.661642777486,14196.661642777486,10355.355887242937,10355.355887242937,10345.850658278632,10345.850658278632,10596.920478512156,10596.920478512156,10574.790710652615,10574.790710652615,10719.28963504814,10719.28963504814,10693.342725614071,10693.342725614071,10888.690178444449,12590.28036208995,14666.606459674202
2021-11-06,11098.575650202452,11098.575650202452,11025.139268821953,11025.139268821953,12816.479318225942,12816.479318225942,12731.30725581098,12731.30725581098,14407.390864964687,14407.390864964687,14269.80162807949,14269.80162807949,10355.355887242937,10355.355887242937,10345.850658278632,10345.850658278632,10596.920478512156,10596.920478512156,10574.790710652615,10574.790710652615,10719.28963504814,10719.28963504814,10693.342725614071,10693.342725614071,10910.131523651087,12649.586160694695,14760.263751718976
2021-11-07,11101.384893424667,11101.384893424667,11028.59080736323,11028.59080736323,12822.877103256245,12822.877103256245,12737.80960515004,12737.80960515004,14448.508592514554,14448.508592514554,14309.054981212554,14309.054981212554,10355.355887242937,10355.355887242937,10345.850658278632,10345.850658278632,10596.920478512156,10596.920478512156,10574.790710652615,10574.790710652615,10726.08255611766,10726.08255611766,10699.889416949693,10699.889416949693,10911.378226797799,12654.47706138071,14807.078222935786
2021-11-08,11110.98959253038,11110.98959253038,11039.556606909597,11039.556606909597,12846.61417386758,12846.61417386758,12761.475264667359,12761.475264667359,14509.884306809894,14509.884306809894,14365.731408968355,14365.731408968355,10355.355887242937,10355.355887242937,10345.850658278632,10345.850658278632,10596.920478512156,10596.920478512156,10574.790710652615,10574.790710652615,10742.930875939117,10742.930875939117,10716.737736771149,10716.737736771149,10921.209656190824,12672.299497248408,14852.36413451999
2021-11-09,11094.545791437129,11094.545791437129,11022.946699516157,11022.946699516157,12799.0028742851,12799.0028742851,12713.19755844518,12713.19755844518,14427.253128206861,14427.253128206861,14283.663999639739,14283.663999639739,10353.881878932529,10353.881878932529,10344.241334637783,10344.241334637783,10593.97246189134,10593.97246189134,10571.57206337092,10571.57206337092,10740.148745163915,10740.148745163915,10713.955605995947,10713.955605995947,10909.131131905348,12633.523929467827,14782.781084681363
2021-11-10,11074.161871672793,11074.161871672793,11001.516578075367,11001.516578075367,12756.914139327073,12756.914139327073,12670.994717879355,12670.994717879355,14352.379737501999,14352.379737501999,14209.094242050962,14209.094242050962,10349.483153282792,10349.483153282792,10339.842608988047,10339.842608988047,10585.175010591864,10585.175010591864,10562.774612071444,10562.774612071444,10731.351293864438,10731.351293864438,10705.15815469647,10705.15815469647,10898.293604457198,12591.901196277693,14710.085479017907
2021-11-11,11082.81133415039,11082.81133415039,11010.33925186287,11010.33925186287,12787.588670393456,12787.588670393456,12700.782425443158,12700.782425443158,14392.210951142162,14392.210951142162,14247.287120427429,14247.287120427429,10349.234051276533,10349.234051276533,10339.593506981788,10339.593506981788,10584.676806579344,10584.676806579344,10562.276408058924,10562.276408058924,10730.853089851918,10730.853089851918,10704.65995068395,10704.65995068395,10904.727801366253,12609.702466579434,14741.602233413752
2021-11-12,11075.234605083093,11075.234605083093,11002.366208296573,11002.366208296573,12756.162318936065,12756.162318936065,12669.479103426793,12669.479103426793,14343.900832456762,14343.900832456762,14199.439451031436,14199.439451031436,10347.7663731277,10347.7663731277,10338.125828832955,10338.125828832955,10581.74145028168,10581.74145028168,10559.34105176126,10559.34105176126,10727.917733554254,10727.917733554254,10701.724594386285,10701.724594386285,10901.649509790788,12584.73958241747,14691.96614881524
2021-11-13,11083.846682412883,11083.846682412883,11010.588446562406,11010.588446562406,12778.856893995066,12778.856893995066,12691.702100144601,12691.702100144601,14399.175022440942,14399.175022440942,14254.130790668596,14254.130790668596,10348.219657207355,10348.219657207355,10338.57911291261,10338.57911291261,10582.648018440988,10582.648018440988,10560.247619920568,10560.247619920568,10728.824301713563,10728.824301713563,10702.631162545595,10702.631162545595,10909.86830286294,12612.825749184381,14752.352666019626
2021-11-14,11084.70161963705,11084.70161963705,11011.103002505213,11011.103002505213,12802.726217559255,12802.726217559255,12715.173362106234,12715.173362106234,14426.36027151822,14426.36027151822,14281.013960315797,14281.013960315797,10350.454734175422,10350.454734175422,10340.814189880677,10340.814189880677,10587.118172377115,10587.118172377115,10564.717773856695,10564.717773856695,10733.29445564969,10733.29445564969,10707.101316481721,10707.101316481721,10909.535735162503,12632.620597527768,14781.240130780312
2021-11-15,11071.68214641461,11071.68214641461,10997.783266555054,10997.783266555054,12766.258837273743,12766.258837273743,12678.63371106276,12678.63371106276,14378.475103111556,14378.475103111556,14233.086068156452,14233.086068156452,10346.524831094088,10346.524831094088,10336.884286799343,10336.884286799343,10579.258366214444,10579.258366214444,10556.857967694024,10556.857967694024,10725.434649487019,10725.434649487019,10699.24151031905,10699.24151031905,10896.505618504536,12592.335903639509,14729.653673463128
2021-11-16,11060.063285910968,11060.063285910968,10985.954683863933,10985.954683863933,12699.667413093497,12699.667413093497,12612.082634167053,12612.082634167053,14267.29011960438,14267.29011960438,14121.862782134409,14121.862782134409,10346.351725254712,10346.351725254712,10336.583967461704,10336.583967461704,10557.889118848367,10557.889118848367,10535.371791348187,10535.371791348187,10711.098228521778,10711.098228521778,10684.90508935381,10684.90508935381,10880.149306119878,12514.941460023249,14611.399128725916
2021-11-17,11081.349484650245,11081.349484650245,11006.874739052884,11006.874739052884,12727.284594873778,12727.284594873778,12639.098363173604,12639.098363173604,14287.159702038454,14287.159702038454,14139.627810503738,14139.627810503738,10346.351725254712,10346.351725254712,10336.583967461704,10336.583967461704,10557.889118848367,10557.889118848367,10535.371791348187,10535.371791348187,10705.610244655814,10705.610244655814,10679.182044806179,10679.182044806179,10894.722685974439,12542.139398746674,14623.557367866819
2021-11-18,11085.14760070266,11085.14760070266,11010.654059562536,11010.654059562536,12710.406911970776,12710.406911970776,12622.322995958604,12622.322995958604,14227.140586438765,14227.140586438765,14079.129837588302,14079.129837588302,10346.351725254712,10346.351725254712,10336.583967461704,10336.583967461704,10557.889118848367,10557.889118848367,10535.371791348187,10535.371791348187,10698.57200268017,10698.57200268017,10672.02297834008,10672.02297834008,10897.550236868128,12506.815128099133,14540.233341644636
2021-11-19,11117.760795770659,11117.760795770659,11043.267254630535,11043.267254630535,12777.805187733367,12777.805187733367,12689.064058221686,12689.064058221686,14369.299797480548,14369.299797480548,14218.881737275266,14218.881737275266,10346.351725254712,10346.351725254712,10336.583967461704,10336.583967461704,10557.889118848367,10557.889118848367,10535.371791348187,10535.371791348187,10698.44678485269,10698.44678485269,10671.784003814158,10671.784003814158,10929.52471192813,12584.389251500848,14687.119022428404
2021-11-20,11121.127794869679,11121.127794869679,11046.634253729555,11046.634253729555,12783.463378718518,12783.463378718518,12694.540843169347,12694.540843169347,14394.986870270697,14394.986870270697,14244.95430370228,14244.95430370228,10346.351725254712,10346.351725254712,10336.583967461704,10336.583967461704,10557.889118848367,10557.889118848367,10535.371791348187,10535.371791348187,10698.44678485269,10698.44678485269,10671.784003814158,10671.784003814158,10933.372493034152,12603.563388615617,14727.48832644805
2021-11-21,11103.786056085672,11103.786056085672,11029.360514026375,11029.360514026375,12742.538198979477,12742.538198979477,12653.55409056014,12653.55409056014,14337.695539688311,14337.695539688311,14188.141452389978,14188.141452389978,10346.351725254712,10346.351725254712,10336.583967461704,10336.583967461704,10557.889118848367,10557.889118848367,10535.371791348187,10535.371791348187,10698.44678485269,10698.44678485269,10671.784003814158,10671.784003814158,10916.79690193581,12564.874279749853,14669.673102471572
2021-11-22,11139.229084616014,11139.229084616014,11064.733409096718,11064.733409096718,12798.866503781843,12798.866503781843,12709.861727570507,12709.861727570507,14404.583281867715,14404.583281867715,14253.545196055948,14253.545196055948,10346.351725254712,10346.351725254712,10336.583967461704,10336.583967461704,10557.889118848367,10557.889118848367,10535.371791348187,10535.371791348187,10698.44678485269,10698.44678485269,10671.784003814158,10671.784003814158,10950.787028920722,12629.547852483134,14737.383581943965
2021-11-23,11133.556277279817,11133.556277279817,11059.081547414455,11059.081547414455,12824.993411153268,12824.993411153268,12735.98079147987,12735.98079147987,14460.573430695295,14460.573430695295,14308.421547029946,14308.421547029946,10346.351725254712,10346.351725254712,10336.583967461704,10336.583967461704,10557.889118848367,10557.889118848367,10535.371791348187,10535.371791348187,10698.44678485269,10698.44678485269,10671.784003814158,10671.784003814158,10944.804480939312,12647.640928427456,14793.223594127114
2021-11-24,11186.853968200045,11186.853968200045,11112.252868942423,11112.252868942423,12908.413476462118,12908.413476462118,12819.47916317275,12819.47916317275,14555.85459104138,14555.85459104138,14400.574644637512,14400.574644637512,10346.351725254712,10346.351725254712,10336.583967461704,10336.583967461704,10557.889118848367,10557.889118848367,10535.371791348187,10535.371791348187,10698.44678485269,10698.44678485269,10671.784003814158,10671.784003814158,10994.856256609282,12725.739378269534,14894.843753563615
2021-11-25,11182.75883492301,11182.75883492301,11108.120416975413,11108.120416975413,12903.342782973841,12903.342782973841,12814.328696992221,12814.328696992221,14567.562352403971,14567.562352403971,14410.372820270362,14410.372820270362,10346.351725254712,10346.351725254712,10336.583967461704,10336.583967461704,10557.889118848367,10557.889118848367,10535.371791348187,10535.371791348187,10698.44678485269,10698.44678485269,10671.784003814158,10671.784003814158,10990.740896449066,12723.875890712197,14907.213011237747
2021-11-26,11147.863329233516,11147.863329233516,11073.224911285919,11073.224911285919,12824.714856921057,12824.714856921057,12735.601487204389,12735.601487204389,14404.4391859105,14404.4391859105,14248.607897966376,14248.607897966376,10346.351725254712,10346.351725254712,10336.583967461704,10336.583967461704,10557.889118848367,10557.889118848367,10535.371791348187,10535.371791348187,10698.44678485269,10698.44678485269,10671.784003814158,10671.784003814158,10956.376621524734,12629.813826718118,14740.07452320311
2021-11-27,11152.514176198401,11152.514176198401,11077.875758250804,11077.875758250804,12827.97687972807,12827.97687972807,12738.684762310471,12738.684762310471,14418.486939811019,14418.486939811019,14263.864566254128,14263.864566254128,10346.351725254712,10346.351725254712,10336.583967461704,10336.583967461704,10557.889118848367,10557.889118848367,10535.371791348187,10535.371791348187,10698.44678485269,10698.44678485269,10671.784003814158,10671.784003814158,10960.460186953047,12640.971147786984,14752.842222182227
2021-11-28,11169.761801016315,11169.761801016315,11095.110297250447,11095.110297250447,12867.791090072153,12867.791090072153,12778.480594940964,12778.480594940964,14486.44070111284,14486.44070111284,14327.447931916293,14327.447931916293,10346.351725254712,10346.351725254712,10336.583967461704,10336.583967461704,10557.889118848367,10557.889118848367,10535.371791348187,10535.371791348187,10698.44678485269,10698.44678485269,10671.784003814158,10671.784003814158,10976.372399294738,12680.566903356066,14822.833634062994
2021-11-29,11168.323929635037,11168.323929635037,11093.651858905967,11093.651858905967,12873.722241661424,12873.722241661424,12784.26476068326,12784.26476068326,14509.261357587107,14509.261357587107,14348.589754805987,14348.589754805987,10346.351725254712,10346.351725254712,10336.583967461704,10336.583967461704,10557.889118848367,10557.889118848367,10535.371791348187,10535.371791348187,10698.44678485269,10698.44678485269,10671.784003814158,10671.784003814158,10974.497574546102,12687.494151344632,14843.573801585522
2021-11-30,11160.822397597683,11160.822397597683,11086.150326868614,11086.150326868614,12858.324861611054,12858.324861611054,12768.882375481642,12768.882375481642,14499.43989792594,14499.43989792594,14338.331737071388,14338.331737071388,10346.351725254712,10346.351725254712,10336.583967461704,10336.583967461704,10557.889118848367,10557.889118848367,10535.371791348187,10535.371791348187,10698.44678485269,10698.44678485269,10671.784003814158,10671.784003814158,10966.202175405177,12671.761932305566,14831.498837336963
2021-12-01,11155.999499907797,11155.999499907797,11081.327429178727,11081.327429178727,12850.167056832986,12850.167056832986,12760.463780568341,12760.463780568341,14507.662449639301,14507.662449639301,14345.415991086858,14345.415991086858,10346.351725254712,10346.351725254712,10336.583967461704,10336.583967461704,10557.889118848367,10557.889118848367,10535.371791348187,10535.371791348187,10698.44678485269,10698.44678485269,10671.784003814158,10671.784003814158,10961.714141209091,12663.776799017054,14839.90796410729
2021-12-02,11156.289827899856,11156.289827899856,11081.359358200758,11081.359358200758,12835.042961595296,12835.042961595296,12745.006438996972,12745.006438996972,14489.257711685294,14489.257711685294,14326.921064378033,14326.921064378033,10346.351725254712,10346.351725254712,10336.583967461704,10336.583967461704,10557.889118848367,10557.889118848367,10535.371791348187,10535.371791348187,10698.44678485269,10698.44678485269,10671.784003814158,10671.784003814158,10961.519407387812,12648.17455605811,14820.153184809942
2021-12-03,11135.831088329933,11135.831088329933,11060.882083773531,11060.882083773531,12799.829370138412,12799.829370138412,12709.822586355433,12709.822586355433,14423.538019841884,14423.538019841884,14259.406863475135,14259.406863475135,10346.351725254712,10346.351725254712,10336.583967461704,10336.583967461704,10557.889118848367,10557.889118848367,10535.371791348187,10535.371791348187,10698.44678485269,10698.44678485269,10671.784003814158,10671.784003814158,10942.33048019372,12613.733127082185,14753.292451107067
2021-12-04,11077.578522225836,11077.578522225836,11002.621193865705,11002.621193865705,12677.945128227973,12677.945128227973,12587.720067220383,12587.720067220383,14217.229233980172,14217.229233980172,14051.517187220554,14051.517187220554,10346.351725254712,10346.351725254712,10336.583967461704,10336.583967461704,10557.889118848367,10557.889118848367,10535.371791348187,10535.371791348187,10698.44678485269,10698.44678485269,10671.784003814158,10671.784003814158,10885.544086675494,12493.591516590866,14542.701505778808
2021-12-05,11059.59835394355,11059.59835394355,10984.850690428662,10984.850690428662,12642.681042919257,12642.681042919257,12551.67496199716,12551.67496199716,14151.578159549577,14151.578159549577,13984.678710459399,13984.678710459399,10346.351725254712,10346.351725254712,10336.583967461704,10336.583967461704,10557.889118848367,10557.889118848367,10535.371791348187,10535.371791348187,10698.44678485269,10698.44678485269,10671.784003814158,10671.784003814158,10868.1219239395,12458.959185473046,14475.265097743202
2021-12-06,11068.652425057071,11068.652425057071,10993.76977428677,10993.76977428677,12670.657304442813,12670.657304442813,12579.549714982752,12579.549714982752,14190.595349284898,14190.595349284898,14023.093525711329,14023.093525711329,10346.351725254712,10346.351725254712,10336.583967461704,10336.583967461704,10557.889118848367,10557.889118848367,10535.371791348187,10535.371791348187,10698.44678485269,10698.44678485269,10671.784003814158,10671.784003814158,10876.96338786091,12486.642746317759,14515.357944838468
2021-12-07,11072.631958547387,11072.631958547387,10997.665422228558,10997.665422228558,12675.584450378874,12675.584450378874,12584.407637904522,12584.407637904522,14190.399925324624,14190.399925324624,14022.844192528746,14022.844192528746,10346.351725254712,10346.351725254712,10336.583967461704,10336.583967461704,10557.889118848367,10557.889118848367,10535.371791348187,10535.371791348187,10698.44678485269,10698.44678485269,10671.784003814158,10671.784003814158,10880.806103447501,12491.378455175323,14515.055065286384
2021-12-08,11083.975058692173,11083.975058692173,11008.975828443534,11008.975828443534,12707.544009238421,12707.544009238421,12616.207953958616,12616.207953958616,14238.712869933594,14238.712869933594,14070.65492055232,14070.65492055232,10346.351725254712,10346.351725254712,10336.583967461704,10336.583967461704,10557.889118848367,10557.889118848367,10535.371791348187,10535.371791348187,10698.44678485269,10698.44678485269,10671.784003814158,10671.784003814158,10891.99474240302,12523.057905173191,14564.604661494752
2021-12-09,11053.791876685289,11053.791876685289,10979.277896869025,10979.277896869025,12631.488453841752,12631.488453841752,12540.498218380868,12540.498218380868,14124.838852724639,14124.838852724639,13957.685257288775,13957.685257288775,10346.351725254712,10346.351725254712,10336.583967461704,10336.583967461704,10557.889118848367,10557.889118848367,10535.371791348187,10535.371791348187,10698.44678485269,10698.44678485269,10671.784003814158,10671.784003814158,10862.561246835488,12448.024899126054,14447.77685144794
2021-12-10,11042.184532799276,11042.184532799276,10967.583973686631,10967.583973686631,12596.288363847787,12596.288363847787,12505.399296315785,12505.399296315785,14064.892541082121,14064.892541082121,13897.691042308767,13897.691042308767,10346.351725254712,10346.351725254712,10336.583967461704,10336.583967461704,10557.889118848367,10557.889118848367,10535.371791348187,10535.371791348187,10698.44678485269,10698.44678485269,10671.784003814158,10671.784003814158,10851.047006666902,12413.252612006945,14386.241973503224
2021-12-11,11046.66059933768,11046.66059933768,10971.932437537607,10971.932437537607,12613.867902619393,12613.867902619393,12522.785755815816,12522.785755815816,14097.827359891015,14097.827359891015,13930.292719342042,13930.292719342042,10346.351725254712,10346.351725254712,10336.583967461704,10336.583967461704,10557.889118848367,10557.889118848367,10535.371791348187,10535.371791348187,10698.44678485269,10698.44678485269,10671.784003814158,10671.784003814158,10855.501420255865,12430.435416624126,14419.993069380389
2021-12-12,11050.498858626834,11050.498858626834,10975.773715522664,10975.773715522664,12625.71935380382,12625.71935380382,12534.598660380001,12534.598660380001,14122.474695257228,14122.474695257228,13954.879249868995,13954.879249868995,10346.351725254712,10346.351725254712,10336.583967461704,10336.583967461704,10557.889118848367,10557.889118848367,10535.371791348187,10535.371791348187,10698.44678485269,10698.44678485269,10671.784003814158,10671.784003814158,10859.347359418563,12442.123166184785,14445.397573911841
2021-12-13,11024.510129857228,11024.510129857228,10950.487847385,10950.487847385,12548.353058425482,12548.353058425482,12457.427525579511,12457.427525579511,13989.056478855315,13989.056478855315,13822.083107170603,13822.083107170603,10346.351725254712,10346.351725254712,10336.583967461704,10336.583967461704,10557.889118848367,10557.889118848367,10535.371791348187,10535.371791348187,10698.44678485269,10698.44678485269,10671.784003814158,10671.784003814158,10834.271186708953,12366.074008112302,14308.608024451241
2021-12-14,11034.244888628597,11034.244888628597,10960.044170120123,10960.044170120123,12575.825640420317,12575.825640420317,12484.577408035275,12484.577408035275,14041.992286873741,14041.992286873741,13874.019727768264,13874.019727768264,10346.351725254712,10346.351725254712,10336.583967461704,10336.583967461704,10557.889118848367,10557.889118848367,10535.371791348187,10535.371791348187,10698.44678485269,10698.44678485269,10671.784003814158,10671.784003814158,10843.856342342926,12393.104959091015,14362.510767345737
2021-12-15,11044.28985409094,11044.28985409094,10970.360446467868,10970.360446467868,12601.539328428613,12601.539328428613,12510.112516203908,12510.112516203908,14103.640670410045,14103.640670410045,13935.16743802226,13935.16743802226,10346.351725254712,10346.351725254712,10336.583967461704,10336.583967461704,10557.889118848367,10557.889118848367,10535.371791348187,10535.371791348187,10698.44678485269,10698.44678485269,10671.784003814158,10671.784003814158,10854.157759273085,12418.014063277791,14425.429255404364
2021-12-16,11043.680462576067,11043.680462576067,10969.885835835617,10969.885835835617,12593.884365040836,12593.884365040836,12502.366699770733,12502.366699770733,14084.395465896623,14084.395465896623,13916.025984884544,13916.025984884544,10346.351725254712,10346.351725254712,10336.583967461704,10336.583967461704,10557.889118848367,10557.889118848367,10535.371791348187,10535.371791348187,10698.44678485269,10698.44678485269,10671.784003814158,10671.784003814158,10853.714680085503,12410.845645866211,14405.75628827913
2021-12-17,11046.261207277157,11046.261207277157,10972.483277722034,10972.483277722034,12596.609646350855,12596.609646350855,12505.048003430395,12505.048003430395,14097.456967327154,14097.456967327154,13929.03216978892,13929.03216978892,10346.351725254712,10346.351725254712,10336.583967461704,10336.583967461704,10557.889118848367,10557.889118848367,10535.371791348187,10535.371791348187,10698.44678485269,10698.44678485269,10671.784003814158,10671.784003814158,10856.282285418993,12413.654518126406,14418.759456725567
2021-12-18,11058.947541723011,11058.947541723011,10984.855257640284,10984.855257640284,12630.478817883404,12630.478817883404,12538.740742332637,12538.740742332637,14163.573971730548,14163.573971730548,13994.54302468031,13994.54302468031,10346.351725254712,10346.351725254712,10336.583967461704,10336.583967461704,10557.889118848367,10557.889118848367,10535.371791348187,10535.371791348187,10698.44678485269,10698.44678485269,10671.784003814158,10671.784003814158,10868.538281770323,12446.551672446776,14486.507609370781
2021-12-19,11060.34799900715,11060.34799900715,10986.350192913154,10986.350192913154,12630.375323510321,12630.375323510321,12538.553855436276,12538.553855436276,14151.60942556188,14151.60942556188,13982.477814885424,13982.477814885424,10346.351725254712,10346.351725254712,10336.583967461704,10336.583967461704,10557.889118848367,10557.889118848367,10535.371791348187,10535.371791348187,10698.44678485269,10698.44678485269,10671.784003814158,10671.784003814158,10870.041317079815,12446.713475811954,14474.324762165803
2021-12-20,11061.599898977625,11061.599898977625,10987.62435326757,10987.62435326757,12630.741953126531,12630.741953126531,12538.854811280547,12538.854811280547,14155.489577467919,14155.489577467919,13986.297804636612,13986.297804636612,10346.351725254712,10346.351725254712,10336.583967461704,10336.583967461704,10557.889118848367,10557.889118848367,10535.371791348187,10535.371791348187,10698.44678485269,10698.44678485269,10671.784003814158,10671.784003814158,10871.317614404685,12447.18296062305,14478.136341853722
2021-12-21,11073.11607857696,11073.11607857696,10998.886544024903,10998.886544024903,12660.497589942628,12660.497589942628,12568.290931140205,12568.290931140205,14236.18778286123,14236.18778286123,14066.325905409376,14066.325905409376,10346.351725254712,10346.351725254712,10336.583967461704,10336.583967461704,10557.889118848367,10557.889118848367,10535.371791348187,10535.371791348187,10698.44678485269,10698.44678485269,10671.784003814158,10671.784003814158,10882.472352705921,12476.302861617329,14560.649588370576
2021-12-22,11074.161247873846,11074.161247873846,10999.960288559983,10999.960288559983,12664.805163036008,12664.805163036008,12572.569854488243,12572.569854488243,14234.000959379038,14234.000959379038,14063.939814300855,14063.939814300855,10346.351725254712,10346.351725254712,10336.583967461704,10336.583967461704,10557.889118848367,10557.889118848367,10535.371791348187,10535.371791348187,10698.44678485269,10698.44678485269,10671.784003814158,10671.784003814158,10883.532351532225,12480.582334002835,14558.53111246783
2021-12-23,11096.518668969291,11096.518668969291,11020.994325198293,11020.994325198293,12720.87408274854,12720.87408274854,12628.422858644362,12628.422858644362,14349.493494448727,14349.493494448727,14178.25893535322,14178.25893535322,10346.351725254712,10346.351725254712,10336.583967461704,10336.583967461704,10557.889118848367,10557.889118848367,10535.371791348187,10535.371791348187,10698.44678485269,10698.44678485269,10671.784003814158,10671.784003814158,10904.440722190417,12534.614427292108,14677.171873526237
2021-12-24,11086.55648106358,11086.55648106358,11011.03651742228,11011.03651742228,12696.521794815317,12696.521794815317,12604.046217854835,12604.046217854835,14298.551592057433,14298.551592057433,14127.078547055986,14127.078547055986,10346.351725254712,10346.351725254712,10336.583967461704,10336.583967461704,10557.889118848367,10557.889118848367,10535.371791348187,10535.371791348187,10698.44678485269,10698.44678485269,10671.784003814158,10671.784003814158,10894.563556920115,12509.898124104944,14624.857238471019
2021-12-25,11103.881003884408,11103.881003884408,11028.235169037933,11028.235169037933,12736.391156588623,12736.391156588623,12643.538506789571,12643.538506789571,14357.329616403455,14357.329616403455,14184.759942513336,14184.759942513336,10346.351725254712,10346.351725254712,10336.583967461704,10336.583967461704,10557.889118848367,10557.889118848367,10535.371791348187,10535.371791348187,10698.44678485269,10698.44678485269,10671.784003814158,10671.784003814158,10911.497696268341,12550.287671129756,14685.368205749499
2021-12-26,11117.64329515455,11117.64329515455,11041.941352086116,11041.941352086116,12764.847324143866,12764.847324143866,12671.856370115498,12671.856370115498,14415.639367513366,14415.639367513366,14241.49161775545,14241.49161775545,10346.351725254712,10346.351725254712,10336.583967461704,10336.583967461704,10557.889118848367,10557.889118848367,10535.371791348187,10535.371791348187,10698.44678485269,10698.44678485269,10671.784003814158,10671.784003814158,10924.091684690346,12578.30173523048,14744.673497747062
2021-12-27,11094.906605375776,11094.906605375776,11019.286395658233,11019.286395658233,12715.344984722538,12715.344984722538,12622.517412004598,12622.517412004598,14333.162925882816,14333.162925882816,14160.72488164021,14160.72488164021,10346.351725254712,10346.351725254712,10336.583967461704,10336.583967461704,10557.889118848367,10557.889118848367,10535.371791348187,10535.371791348187,10698.44678485269,10698.44678485269,10671.784003814158,10671.784003814158,10903.064649943159,12529.173280131574,14660.708853534923
2021-12-28,11069.596474946185,11069.596474946185,10994.059310014069,10994.059310014069,12654.35625056715,12654.35625056715,12561.604827123674,12561.604827123674,14216.250556846395,14216.250556846395,14045.632814787732,14045.632814787732,10346.351725254712,10346.351725254712,10336.583967461704,10336.583967461704,10557.889118848367,10557.889118848367,10535.371791348187,10535.371791348187,10698.44678485269,10698.44678485269,10671.784003814158,10671.784003814158,10879.410168267515,12468.557372861917,14541.217150722588
2021-12-29,11075.423980339003,11075.423980339003,10999.896648714255,10999.896648714255,12657.212670375213,12657.212670375213,12564.484137411238,12564.484137411238,14213.95402611627,14213.95402611627,14041.84609041727,14041.84609041727,10346.351725254712,10346.351725254712,10336.583967461704,10336.583967461704,10557.889118848367,10557.889118848367,10535.371791348187,10535.371791348187,10698.44678485269,10698.44678485269,10671.784003814158,10671.784003814158,10883.69034743168,12471.459595519189,14538.343560071124
2021-12-30,11081.787827613452,11081.787827613452,11005.687866799077,11005.687866799077,12670.412363527324,12670.412363527324,12577.569403466141,12577.569403466141,14232.46901222828,14232.46901222828,14059.666573640743,14059.666573640743,10346.351725254712,10346.351725254712,10336.583967461704,10336.583967461704,10557.889118848367,10557.889118848367,10535.371791348187,10535.371791348187,10698.44678485269,10698.44678485269,10671.784003814158,10671.784003814158,10889.482021406919,12484.551051179025,14557.13076331719
2021-12-31,11077.796556188605,11077.796556188605,11001.71101190437,11001.71101190437,12667.957877308118,12667.957877308118,12575.119761768256,12575.119761768256,14225.770923497543,14225.770923497543,14053.625061106997,14053.625061106997,10346.351725254712,10346.351725254712,10336.583967461704,10336.583967461704,10557.889118848367,10557.889118848367,10535.371791348187,10535.371791348187,10698.44678485269,10698.44678485269,10671.784003814158,10671.784003814158,10885.506358669909,12482.106307649336,14550.45978435735
2022-01-01,11088.39844364462,11088.39844364462,11012.265793373523,11012.265793373523,12711.188207649444,12711.188207649444,12618.22856947653,12618.22856947653,14285.618574256125,14285.618574256125,14112.287887466124,14112.287887466124,10346.351725254712,10346.351725254712,10336.583967461704,10336.583967461704,10557.889118848367,10557.889118848367,10535.371791348187,10535.371791348187,10698.44678485269,10698.44678485269,10671.784003814158,10671.784003814158,10895.987124631112,12521.771492135209,14611.381837167803
2022-01-02,11081.923861928455,11081.923861928455,11005.809290665815,11005.809290665815,12688.11806754923,12688.11806754923,12594.997233574442,12594.997233574442,14250.300408731682,14250.300408731682,14077.624916658737,14077.624916658737,10346.351725254712,10346.351725254712,10336.583967461704,10336.583967461704,10557.889118848367,10557.889118848367,10535.371791348187,10535.371791348187,10698.44678485269,10698.44678485269,10671.784003814158,10671.784003814158,10889.559026496054,12499.803344066891,14575.385018686913
2022-01-03,11082.640365905827,11082.640365905827,11006.535520784,11006.535520784,12723.94448409251,12723.94448409251,12630.828994904032,12630.828994904032,14298.039896396878,14298.039896396878,14122.733840272846,14122.733840272846,10346.351725254712,10346.351725254712,10336.583967461704,10336.583967461704,10557.889118848367,10557.889118848367,10535.371791348187,10535.371791348187,10698.44678485269,10698.44678485269,10671.784003814158,10671.784003814158,10890.368776047302,12531.806876357918,14623.316246538256
2022-01-04,11075.160938177343,11075.160938177343,10998.9343757945,10998.9343757945,12714.376768419972,12714.376768419972,12621.220009353336,12621.220009353336,14281.477427399903,14281.477427399903,14106.326232299863,14106.326232299863,10346.351725254712,10346.351725254712,10336.583967461704,10336.583967461704,10557.889118848367,10557.889118848367,10535.371791348187,10535.371791348187,10698.44678485269,10698.44678485269,10671.784003814158,10671.784003814158,10882.98127088326,12522.322841391222,14606.403845246557
2022-01-05,11059.789627635118,11059.789627635118,10983.573813812514,10983.573813812514,12662.030727537262,12662.030727537262,12568.935422936402,12568.935422936402,14214.862086718791,14214.862086718791,14040.620277410555,14040.620277410555,10346.351725254712,10346.351725254712,10336.583967461704,10336.583967461704,10557.889118848367,10557.889118848367,10535.371791348187,10535.371791348187,10698.44678485269,10698.44678485269,10671.784003814158,10671.784003814158,10867.7830179985,12470.831010627056,14538.292499946994
2022-01-06,11061.591968503342,11061.591968503342,10985.28173930852,10985.28173930852,12671.88622739374,12671.88622739374,12578.224297814419,12578.224297814419,14231.35927041887,14231.35927041887,14055.488905123393,14055.488905123393,10346.351725254712,10346.351725254712,10336.583967461704,10336.583967461704,10557.889118848367,10557.889118848367,10535.371791348187,10535.371791348187,10698.44678485269,10698.44678485269,10671.784003814158,10671.784003814158,10869.632152659844,12480.41708283543,14554.86160790164
2022-01-07,11040.241817160271,11040.241817160271,10963.954908550846,10963.954908550846,12614.089134163982,12614.089134163982,12520.54683508367,12520.54683508367,14153.279884616275,14153.279884616275,13979.273996195974,13979.273996195974,10346.351725254712,10346.351725254712,10336.583967461704,10336.583967461704,10557.889118848367,10557.889118848367,10535.371791348187,10535.371791348187,10698.44678485269,10698.44678485269,10671.784003814158,10671.784003814158,10848.716840507688,12421.661291295874,14475.588886079175
2022-01-08,11018.784347635705,11018.784347635705,10942.503198591,10942.503198591,12565.926981277156,12565.926981277156,12472.388078312079,12472.388078312079,14080.78969286715,14080.78969286715,13908.784235692292,13908.784235692292,10346.351725254712,10346.351725254712,10336.583967461704,10336.583967461704,10557.889118848367,10557.889118848367,10535.371791348187,10535.371791348187,10698.44678485269,10698.44678485269,10671.784003814158,10671.784003814158,10827.679961248961,12372.18872976759,14402.09570185898
2022-01-09,11023.258838045514,11023.258838045514,10946.898839723477,10946.898839723477,12578.696098744012,12578.696098744012,12484.840445264408,12484.840445264408,14115.268364648617,14115.268364648617,13942.84383989704,13942.84383989704,10346.351725254712,10346.351725254712,10336.583967461704,10336.583967461704,10557.889118848367,10557.889118848367,10535.371791348187,10535.371791348187,10698.44678485269,10698.44678485269,10671.784003814158,10671.784003814158,10832.085938569371,12384.661714022166,14437.467329251667
2022-01-10,11026.885659504816,11026.885659504816,10950.429414702652,10950.429414702652,12585.867222243602,12585.867222243602,12491.717539496622,12491.717539496622,14119.952360975905,14119.952360975905,13945.74600844136,13945.74600844136,10346.351725254712,10346.351725254712,10336.583967461704,10336.583967461704,10557.889118848367,10557.889118848367,10535.371791348187,10535.371791348187,10698.44678485269,10698.44678485269,10671.784003814158,10671.784003814158,10835.710071856007,12392.088924935515,14441.614091834172
2022-01-11,11043.239188319729,11043.239188319729,10966.698448205854,10966.698448205854,12626.322303020015,12626.322303020015,12532.045646780127,12532.045646780127,14206.660981252297,14206.660981252297,14029.075230328253,14029.075230328253,10346.351725254712,10346.351725254712,10336.583967461704,10336.583967461704,10557.889118848367,10557.889118848367,10535.371791348187,10535.371791348187,10698.44678485269,10698.44678485269,10671.784003814158,10671.784003814158,10851.94732109038,12432.08880035173,14529.59440356114
2022-01-12,11051.25608329136,11051.25608329136,10974.648989070743,10974.648989070743,12656.009261187712,12656.009261187712,12561.545962767017,12561.545962767017,14262.194739125574,14262.194739125574,14084.255052637798,14084.255052637798,10346.351725254712,10346.351725254712,10336.583967461704,10336.583967461704,10557.889118848367,10557.889118848367,10535.371791348187,10535.371791348187,10698.44678485269,10698.44678485269,10671.784003814158,10671.784003814158,10859.781896425984,12461.070568974734,14586.746721545109
2022-01-13,11055.231498948546,11055.231498948546,10978.539761308564,10978.539761308564,12657.311644394384,12657.311644394384,12562.948626799654,12562.948626799654,14253.560992093418,14253.560992093418,14073.96969744981,14073.96969744981,10346.351725254712,10346.351725254712,10336.583967461704,10336.583967461704,10557.889118848367,10557.889118848367,10535.371791348187,10535.371791348187,10698.44678485269,10698.44678485269,10671.784003814158,10671.784003814158,10863.848240844622,12462.60428070719,14577.085438213477
2022-01-14,11061.811084645364,11061.811084645364,10985.105785280735,10985.105785280735,12681.253668316125,12681.253668316125,12586.500289002024,12586.500289002024,14295.499040837209,14295.499040837209,14114.813232224986,14114.813232224986,10346.351725254712,10346.351725254712,10336.583967461704,10336.583967461704,10557.889118848367,10557.889118848367,10535.371791348187,10535.371791348187,10698.44678485269,10698.44678485269,10671.784003814158,10671.784003814158,10870.337824265951,12486.283344806016,14619.818962613721
2022-01-15,11061.012184598505,11061.012184598505,10984.282292201236,10984.282292201236,12678.836303384069,12678.836303384069,12584.056452399462,12584.056452399462,14286.754455130122,14286.754455130122,14106.916519096329,14106.916519096329,10346.351725254712,10346.351725254712,10336.583967461704,10336.583967461704,10557.889118848367,10557.889118848367,10535.371791348187,10535.371791348187,10698.44678485269,10698.44678485269,10671.784003814158,10671.784003814158,10869.503263761126,12483.75904322321,14611.134136250641
2022-01-16,11075.510166898212,11075.510166898212,10998.780547799905,10998.780547799905,12709.131169586915,12709.131169586915,12614.29350651145,12614.29350651145,14340.23357889875,14340.23357889875,14159.047267558422,14159.047267558422,10346.351725254712,10346.351725254712,10336.583967461704,10336.583967461704,10557.889118848367,10557.889118848367,10535.371791348187,10535.371791348187,10698.44678485269,10698.44678485269,10671.784003814158,10671.784003814158,10883.91180686185,12513.621506700036,14665.708949575956
2022-01-17,11038.86531055229,11038.86531055229,10962.564059988514,10962.564059988514,12631.305476524982,12631.305476524982,12536.771784426384,12536.771784426384,14205.244311591776,14205.244311591776,14027.658889134147,14027.658889134147,10346.351725254712,10346.351725254712,10336.583967461704,10336.583967461704,10557.889118848367,10557.889118848367,10535.371791348187,10535.371791348187,10698.44678485269,10698.44678485269,10671.784003814158,10671.784003814158,10847.94167044619,12436.761241806636,14528.09851525463
2022-01-18,11038.326350986003,11038.326350986003,10961.871433307759,10961.871433307759,12621.41543215208,12621.41543215208,12526.538374043623,12526.538374043623,14180.1502668781,14180.1502668781,14002.2877702621,14002.2877702621,10346.351725254712,10346.351725254712,10336.583967461704,10336.583967461704,10557.889118848367,10557.889118848367,10535.371791348187,10535.371791348187,10698.44678485269,10698.44678485269,10671.784003814158,10671.784003814158,10847.397578733386,12426.939390577469,14502.44599928102
2022-01-19,11018.117935075472,11018.117935075472,10941.928042003146,10941.928042003146,12571.11108938231,12571.11108938231,12476.480604271439,12476.480604271439,14093.239317764406,14093.239317764406,13917.563175598896,13917.563175598896,10346.351725254712,10346.351725254712,10336.583967461704,10336.583967461704,10557.889118848367,10557.889118848367,10535.371791348187,10535.371791348187,10698.44678485269,10698.44678485269,10671.784003814158,10671.784003814158,10827.548086463243,12377.223291847034,14413.898871737823
2022-01-20,11010.711884048867,11010.711884048867,10934.62668522394,10934.62668522394,12545.382247292982,12545.382247292982,12450.80294129246,12450.80294129246,14049.424117612669,14049.424117612669,13878.258888249971,13878.258888249971,10346.351725254712,10346.351725254712,10336.583967461704,10336.583967461704,10557.889118848367,10557.889118848367,10535.371791348187,10535.371791348187,10698.44678485269,10698.44678485269,10671.784003814158,10671.784003814158,10820.252480650593,12351.780107037153,14369.44111030285
2022-01-21,10981.958198876468,10981.958198876468,10906.142977571424,10906.142977571424,12459.524646854945,12459.524646854945,12365.036778318023,12365.036778318023,13897.27731704119,13897.27731704119,13727.297292099156,13727.297292099156,10346.351725254712,10346.351725254712,10336.583967461704,10336.583967461704,10557.889118848367,10557.889118848367,10535.371791348187,10535.371791348187,10698.44678485269,10698.44678485269,10671.784003814158,10671.784003814158,10792.181612522078,12267.252758588542,14214.065495457135
2022-01-22,10964.171890831418,10964.171890831418,10888.282104083655,10888.282104083655,12420.023214175812,12420.023214175812,12325.198056491601,12325.198056491601,13827.871685161312,13827.871685161312,13657.665724296261,13657.665724296261,10346.351725254712,10346.351725254712,10336.583967461704,10336.583967461704,10557.889118848367,10557.889118848367,10535.371791348187,10535.371791348187,10698.44678485269,10698.44678485269,10671.784003814158,10671.784003814158,10774.55311366954,12229.810607152369,14143.46738812836
2022-01-23,10975.06742056402,10975.06742056402,10899.11226483949,10899.11226483949,12448.615211837703,12448.615211837703,12353.517680681163,12353.517680681163,13877.502414969069,13877.502414969069,13706.448957750848,13706.448957750848,10346.351725254712,10346.351725254712,10336.583967461704,10336.583967461704,10557.889118848367,10557.889118848367,10535.371791348187,10535.371791348187,10698.44678485269,10698.44678485269,10671.784003814158,10671.784003814158,10785.358536048954,12258.171463284642,14194.065663675823
2022-01-24,10972.589406895742,10972.589406895742,10896.642257615022,10896.642257615022,12438.72238512201,12438.72238512201,12343.657075718676,12343.657075718676,13858.852620512702,13858.852620512702,13687.927141647939,13687.927141647939,10346.351725254712,10346.351725254712,10336.583967461704,10336.583967461704,10557.889118848367,10557.889118848367,10535.371791348187,10535.371791348187,10698.44678485269,10698.44678485269,10671.784003814158,10671.784003814158,10782.886519049945,12248.33049982461,14175.204069647907
2022-01-25,10976.260125874283,10976.260125874283,10900.319788562918,10900.319788562918,12448.695087010903,12448.695087010903,12353.597199113296,12353.597199113296,13875.544352198407,13875.544352198407,13704.520706067045,13704.520706067045,10346.351725254712,10346.351725254712,10336.583967461704,10336.583967461704,10557.889118848367,10557.889118848367,10535.371791348187,10535.371791348187,10698.44678485269,10698.44678485269,10671.784003814158,10671.784003814158,10786.575678343339,12258.32556745691,14191.96775731684
2022-01-26,10969.02046055054,10969.02046055054,10893.08895466008,10893.08895466008,12432.033157648346,12432.033157648346,12336.986483646982,12336.986483646982,13847.725854728904,13847.725854728904,13677.002166871926,13677.002166871926,10346.351725254712,10346.351725254712,10336.583967461704,10336.583967461704,10557.889118848367,10557.889118848367,10535.371791348187,10535.371791348187,10698.44678485269,10698.44678485269,10671.784003814158,10671.784003814158,10779.393384837878,12241.786141439807,14163.66872301239
2022-01-27,10962.174098818625,10962.174098818625,10886.252541963764,10886.252541963764,12415.4520013029,12415.4520013029,12320.465179024968,12320.465179024968,13823.170375885242,13823.170375885242,13652.777115498417,13652.777115498417,10346.351725254712,10346.351725254712,10336.583967461704,10336.583967461704,10557.889118848367,10557.889118848367,10535.371791348187,10535.371791348187,10698.44678485269,10698.44678485269,10671.784003814158,10671.784003814158,10772.59462276063,12225.319183492278,14138.632296528964
2022-01-28,10961.754777074455,10961.754777074455,10885.841331457601,10885.841331457601,12416.253786146,12416.253786146,12321.278077277642,12321.278077277642,13825.513426158288,13825.513426158288,13655.109638626955,13655.109638626955,10346.351725254712,10346.351725254712,10336.583967461704,10336.583967461704,10557.889118848367,10557.889118848367,10535.371791348187,10535.371791348187,10698.44678485269,10698.44678485269,10671.784003814158,10671.784003814158,10772.201649005621,12226.146588623205,14140.952738318418
2022-01-29,10962.45128645281,10962.45128645281,10886.495615628384,10886.495615628384,12418.257252698495,12418.257252698495,12323.252400941057,12323.252400941057,13833.495468287498,13833.495468287498,13663.057532393323,13663.057532393323,10346.351725254712,10346.351725254712,10336.583967461704,10336.583967461704,10557.889118848367,10557.889118848367,10535.371791348187,10535.371791348187,10698.44678485269,10698.44678485269,10671.784003814158,10671.784003814158,10772.887193531404,12228.125311310878,14148.97700647675
2022-01-30,10957.91619192668,10957.91619192668,10881.968363162767,10881.968363162767,12405.03228091027,12405.03228091027,12310.088097601447,12310.088097601447,13810.942294991977,13810.942294991977,13640.738543831989,13640.738543831989,10346.351725254712,10346.351725254712,10336.583967461704,10336.583967461704,10557.889118848367,10557.889118848367,10535.371791348187,10535.371791348187,10698.44678485269,10698.44678485269,10671.784003814158,10671.784003814158,10768.386790053359,12215.01388848859,14126.042835711522
2022-01-31,10961.58222680091,10961.58222680091,10885.592596885155,10885.592596885155,12413.99377356058,12413.99377356058,12318.986383783928,12318.986383783928,13828.81614528033,13828.81614528033,13658.449599081268,13658.449599081268,10346.351725254712,10346.351725254712,10336.583967461704,10336.583967461704,10557.889118848367,10557.889118848367,10535.371791348187,10535.371791348187,10698.44678485269,10698.44678485269,10671.784003814158,10671.784003814158,10772.020523464378,12223.901220049906,14144.13432726707
2022-02-01,10961.54400900605,10961.54400900605,10885.52321740289,10885.52321740289,12414.922743952482,12414.922743952482,12319.758617388523,12319.758617388523,13832.026451235555,13832.026451235555,13661.400980453966,13661.400980453966,10346.351725254712,10346.351725254712,10336.583967461704,10336.583967461704,10557.889118848367,10557.889118848367,10535.371791348187,10535.371791348187,10698.44678485269,10698.44678485269,10671.784003814158,10671.784003814158,10771.982831790843,12224.831532330856,14147.391659649642
2022-02-02,10955.884693660788,10955.884693660788,10879.87493763076,10879.87493763076,12400.510893942033,12400.510893942033,12305.368838524335,12305.368838524335,13797.264282022019,13797.264282022019,13626.934044983356,13626.934044983356,10346.351725254712,10346.351725254712,10336.583967461704,10336.583967461704,10557.889118848367,10557.889118848367,10535.371791348187,10535.371791348187,10698.44678485269,10698.44678485269,10671.784003814158,10671.784003814158,10766.345587591843,12210.452789039797,14112.229401668552
2022-02-03,10957.211366765967,10957.211366765967,10881.188687913727,10881.188687913727,12405.27504329499,12405.27504329499,12310.025047172276,12310.025047172276,13809.594354740002,13809.594354740002,13638.993069237387,13638.993069237387,10346.351725254712,10346.351725254712,10336.583967461704,10336.583967461704,10557.889118848367,10557.889118848367,10535.371791348187,10535.371791348187,10698.44678485269,10698.44678485269,10671.784003814158,10671.784003814158,10767.661757936794,12215.134266935751,14124.806804021806
2022-02-04,10966.466294983686,10966.466294983686,10890.42737186249,10890.42737186249,12430.515419483787,12430.515419483787,12335.056431920842,12335.056431920842,13858.44795449389,13858.44795449389,13687.712051475046,13687.712051475046,10346.351725254712,10346.351725254712,10336.583967461704,10336.583967461704,10557.889118848367,10557.889118848367,10535.371791348187,10535.371791348187,10698.44678485269,10698.44678485269,10671.784003814158,10671.784003814158,10776.8841976166,12240.13951371566,14174.170490367142
2022-02-05,10967.650481125038,10967.650481125038,10891.60171530688,10891.60171530688,12434.232659151377,12434.232659151377,12338.665189920213,12338.665189920213,13865.711033803056,13865.711033803056,13694.650754400122,13694.650754400122,10346.351725254712,10346.351725254712,10336.583967461704,10336.583967461704,10557.889118848367,10557.889118848367,10535.371791348187,10535.371791348187,10698.44678485269,10698.44678485269,10671.784003814158,10671.784003814158,10778.065161261951,12243.878828189936,14181.455139743137
2022-02-06,10973.354922561755,10973.354922561755,10897.29210889208,10897.29210889208,12448.121532926862,12448.121532926862,12352.448083229972,12352.448083229972,13892.55129675333,13892.55129675333,13721.368438704005,13721.368438704005,10346.351725254712,10346.351725254712,10336.583967461704,10336.583967461704,10557.889118848367,10557.889118848367,10535.371791348187,10535.371791348187,10698.44678485269,10698.44678485269,10671.784003814158,10671.784003814158,10783.741506995628,12257.613004383978,14208.594142157197
2022-02-07,10975.042900108128,10975.042900108128,10898.892227541219,10898.892227541219,12457.868412380232,12457.868412380232,12362.96170997291,12362.96170997291,13916.82757183113,13916.82757183113,13744.91844255396,13744.91844255396,10346.351725254712,10346.351725254712,10336.583967461704,10336.583967461704,10557.889118848367,10557.889118848367,10535.371791348187,10535.371791348187,10698.44678485269,10698.44678485269,10671.784003814158,10671.784003814158,10785.430027430606,12268.382169677996,14233.425041811624
2022-02-08,10975.78083993949,10975.78083993949,10899.630167372581,10899.630167372581,12451.951732115442,12451.951732115442,12356.11627136196,12356.11627136196,13918.969891773431,13918.969891773431,13746.195647846504,13746.195647846504,10346.351725254712,10346.351725254712,10336.583967461704,10336.583967461704,10557.889118848367,10557.889118848367,10535.371791348187,10535.371791348187,10698.44678485269,10698.44678485269,10671.784003814158,10671.784003814158,10786.167967261968,12261.792748189993,14235.625021579646
2022-02-09,10975.941054606115,10975.941054606115,10899.745344842457,10899.745344842457,12455.48586286599,12455.48586286599,12359.765445136138,12359.765445136138,13924.315147957856,13924.315147957856,13751.183425770834,13751.183425770834,10346.351725254712,10346.351725254712,10336.583967461704,10336.583967461704,10557.889118848367,10557.889118848367,10535.371791348187,10535.371791348187,10698.44678485269,10698.44678485269,10671.784003814158,10671.784003814158,10786.328181928593,12265.598335594881,14241.041972894982
2022-02-10,10969.306468014454,10969.306468014454,10893.110758250796,10893.110758250796,12422.530985793725,12422.530985793725,12326.981579414803,12326.981579414803,13847.123791788503,13847.123791788503,13674.669360167058,13674.669360167058,10346.351725254712,10346.351725254712,10336.583967461704,10336.583967461704,10557.889118848367,10557.889118848367,10535.371791348187,10535.371791348187,10698.44678485269,10698.44678485269,10671.784003814158,10671.784003814158,10779.693595336932,12233.078906210469,14159.787390472891
2022-02-11,10961.1990332362,10961.1990332362,10885.120712535036,10885.120712535036,12388.798189376312,12388.798189376312,12293.533214664889,12293.533214664889,13762.950322429586,13762.950322429586,13591.247052483322,13591.247052483322,10346.351725254712,10346.351725254712,10336.583967461704,10336.583967461704,10557.889118848367,10557.889118848367,10535.371791348187,10535.371791348187,10698.44678485269,10698.44678485269,10671.784003814158,10671.784003814158,10771.81827849537,12199.893955914624,14073.680074461354
2022-02-12,10966.404117591042,10966.404117591042,10890.122958616303,10890.122958616303,12400.020951704477,12400.020951704477,12304.371269510651,12304.371269510651,13781.670861065755,13781.670861065755,13609.468421964817,13609.468421964817,10346.351725254712,10346.351725254712,10336.583967461704,10336.583967461704,10557.889118848367,10557.889118848367,10535.371791348187,10535.371791348187,10698.44678485269,10698.44678485269,10671.784003814158,10671.784003814158,10776.940645374103,12210.998874307163,14092.856269428034
2022-02-13,10965.738007316779,10965.738007316779,10889.456672159817,10889.456672159817,12394.02736003387,12394.02736003387,12298.14161310428,12298.14161310428,13761.530588893367,13761.530588893367,13590.006750296054,13590.006750296054,10346.351725254712,10346.351725254712,10336.583967461704,10336.583967461704,10557.889118848367,10557.889118848367,10535.371791348187,10535.371791348187,10698.44678485269,10698.44678485269,10671.784003814158,10671.784003814158,10776.272743391619,12204.767426192571,14072.381625810407
2022-02-14,10964.388723875902,10964.388723875902,10888.06756356402,10888.06756356402,12393.065211741789,12393.065211741789,12297.070956920565,12297.070956920565,13764.671768174157,13764.671768174157,13592.798021711078,13592.798021711078,10346.351725254712,10346.351725254712,10336.583967461704,10336.583967461704,10558.765225849618,10558.765225849618,10536.163753047756,10536.163753047756,10699.32289185394,10699.32289185394,10672.575965513728,10672.575965513728,10774.941497087666,12203.836158968541,14075.50821997587
2022-02-15,10972.70373433737,10972.70373433737,10896.342176349437,10896.342176349437,12431.297524444233,12431.297524444233,12335.034332149113,12335.034332149113,13855.495058793895,13855.495058793895,13682.75307603734,13682.75307603734,10346.351725254712,10346.351725254712,10336.583967461704,10336.583967461704,10562.767595277053,10562.767595277053,10540.166122475192,10540.166122475192,10703.325261281376,10703.325261281376,10676.578334941163,10676.578334941163,10783.15720029069,12241.683925988842,14167.208213143698
2022-02-16,10969.7246410504,10969.7246410504,10893.257830162083,10893.257830162083,12420.688891064163,12420.688891064163,12324.33745345882,12324.33745345882,13830.76017990717,13830.76017990717,13658.021661185327,13658.021661185327,10346.351725254712,10346.351725254712,10336.583967461704,10336.583967461704,10561.403077457055,10561.403077457055,10538.801604655193,10538.801604655193,10701.960743461377,10701.960743461377,10675.213817121165,10675.213817121165,10781.648253356572,12231.199938441465,14142.198072866808
2022-02-17,10954.336158569738,10954.336158569738,10877.92821218831,10877.92821218831,12373.017457086347,12373.017457086347,12276.845535762353,12276.845535762353,13739.854747982527,13739.854747982527,13567.457792014771,13567.457792014771,10346.351725254712,10346.351725254712,10336.583967461704,10336.583967461704,10554.638760977055,10554.638760977055,10532.037288175194,10532.037288175194,10695.196426981378,10695.196426981378,10668.449500641165,10668.449500641165,10766.325695307603,12183.913695645088,14048.798872799856
2022-02-18,10952.071735132531,10952.071735132531,10875.425868087259,10875.425868087259,12363.26690080442,12363.26690080442,12266.795038424338,12266.795038424338,13724.849550036033,13724.849550036033,13551.956866526129,13551.956866526129,10346.351725254712,10346.351725254712,10336.583967461704,10336.583967461704,10553.592440842349,10553.592440842349,10530.990968040487,10530.990968040487,10694.150106846671,10694.150106846671,10667.403180506459,10667.403180506459,10764.07510375225,12174.177961001025,14033.439585118682
2022-02-19,10952.46981178746,10952.46981178746,10875.759477386875,10875.759477386875,12365.679043441793,12365.679043441793,12269.104529473161,12269.104529473161,13725.182858727147,13725.182858727147,13552.086942015745,13552.086942015745,10346.351725254712,10346.351725254712,10336.583967461704,10336.583967461704,10553.749116439894,10553.749116439894,10531.147643638033,10531.147643638033,10694.306782444217,10694.306782444217,10667.559856104004,10667.559856104004,10764.455472926587,12176.55984582616,14033.818665570658
2022-02-20,10946.991955408781,10946.991955408781,10870.295224943196,10870.295224943196,12340.279610870492,12340.279610870492,12243.662202928554,12243.662202928554,13686.106566836452,13686.106566836452,13513.25936862458,13513.25936862458,10346.351725254712,10346.351725254712,10336.583967461704,10336.583967461704,10550.988857448996,10550.988857448996,10528.310012674669,10528.310012674669,10691.546523453319,10691.546523453319,10664.72222514064,10664.72222514064,10759.04081351291,12151.333443965916,13994.360577264277
2022-02-21,10942.51249787285,10942.51249787285,10865.769301387098,10865.769301387098,12321.643148713109,12321.643148713109,12224.857113543821,12224.857113543821,13651.900245456423,13651.900245456423,13478.970805167166,13478.970805167166,10346.351725254712,10346.351725254712,10336.583967461704,10336.583967461704,10550.988857448996,10550.988857448996,10528.310012674669,10528.310012674669,10691.546523453319,10691.546523453319,10664.72222514064,10664.72222514064,10754.620686770972,12133.010921645535,13959.577524522992
2022-02-22,10945.129087270208,10945.129087270208,10868.318514075669,10868.318514075669,12325.640782969424,12325.640782969424,12228.71452866537,12228.71452866537,13658.78998913859,13658.78998913859,13485.592659148939,13485.592659148939,10346.351725254712,10346.351725254712,10336.583967461704,10336.583967461704,10550.988857448996,10550.988857448996,10528.310012674669,10528.310012674669,10691.546523453319,10691.546523453319,10664.72222514064,10664.72222514064,10757.206519522637,12136.905644325296,13966.611818923486
2022-02-23,10945.446889245939,10945.446889245939,10868.631025234674,10868.631025234674,12326.097342013809,12326.097342013809,12229.12608214434,12229.12608214434,13659.271989911293,13659.271989911293,13485.984524247824,13485.984524247824,10346.351725254712,10346.351725254712,10336.583967461704,10336.583967461704,10550.988857448996,10550.988857448996,10528.310012674669,10528.310012674669,10691.546523453319,10691.546523453319,10664.72222514064,10664.72222514064,10757.509194726606,12137.371034674989,13967.124796577624
2022-02-24,10949.15173956773,10949.15173956773,10872.262556546119,10872.262556546119,12334.348205915927,12334.348205915927,12237.200342288574,12237.200342288574,13672.966466314449,13672.966466314449,13499.30721537283,13499.30721537283,10346.351725254712,10346.351725254712,10336.583967461704,10336.583967461704,10550.988857448996,10550.988857448996,10528.310012674669,10528.310012674669,10691.546523453319,10691.546523453319,10664.72222514064,10664.72222514064,10761.13908120065,12145.557175021235,13981.101839061757
2022-02-25,10957.613783635365,10957.613783635365,10880.679912213389,10880.679912213389,12353.582962375654,12353.582962375654,12256.322270739642,12256.322270739642,13705.183403953279,13705.183403953279,13531.22171784113,13531.22171784113,10346.351725254712,10346.351725254712,10336.583967461704,10336.583967461704,10550.988857448996,10550.988857448996,10528.310012674669,10528.310012674669,10691.546523453319,10691.546523453319,10664.72222514064,10664.72222514064,10769.491790627006,12164.337593368087,14014.090817350361
2022-02-26,10962.266088639699,10962.266088639699,10885.303301524222,10885.303301524222,12364.077961358738,12364.077961358738,12266.744264198029,12266.744264198029,13722.737128676226,13722.737128676226,13548.579751453568,13548.579751453568,10346.351725254712,10346.351725254712,10336.583967461704,10336.583967461704,10550.988857448996,10550.988857448996,10528.310012674669,10528.310012674669,10691.546523453319,10691.546523453319,10664.72222514064,10664.72222514064,10774.07335049501,12174.640189649566,14032.04251465671
2022-02-27,10954.444213011951,10954.444213011951,10877.496303374613,10877.496303374613,12346.349041565129,12346.349041565129,12249.08857473675,12249.08857473675,13692.864939969224,13692.864939969224,13518.949003682857,13518.949003682857,10346.351725254712,10346.351725254712,10336.583967461704,10336.583967461704,10550.988857448996,10550.988857448996,10528.310012674669,10528.310012674669,10691.546523453319,10691.546523453319,10664.72222514064,10664.72222514064,10766.356741170464,12157.309215387875,14001.495078884695
2022-02-28,10974.507837273515,10974.507837273515,10897.454159712062,10897.454159712062,12391.520783203432,12391.520783203432,12293.947136327828,12293.947136327828,13768.797240807527,13768.797240807527,13594.02708434121,13594.02708434121,10346.351725254712,10346.351725254712,10336.583967461704,10336.583967461704,10550.988857448996,10550.988857448996,10528.310012674669,10528.310012674669,10691.546523453319,10691.546523453319,10664.72222514064,10664.72222514064,10786.115453441238,12201.670131520421,14079.082419827215
2022-03-01,10972.903385987613,10972.903385987613,10895.822851443681,10895.822851443681,12389.089416084944,12389.089416084944,12291.421631387138,12291.421631387138,13772.788968208162,13772.788968208162,13597.879881097544,13597.879881097544,10346.351725254712,10346.351725254712,10336.583967461704,10336.583967461704,10550.988857448996,10550.988857448996,10528.310012674669,10528.310012674669,10691.546523453319,10691.546523453319,10664.72222514064,10664.72222514064,10784.536512122284,12199.20248991525,14085.402333858372
2022-03-02,10974.605087708433,10974.605087708433,10897.485895247468,10897.485895247468,12392.79918328958,12392.79918328958,12294.99249519106,12294.99249519106,13783.710558768804,13783.710558768804,13609.269386620395,13609.269386620395,10346.351725254712,10346.351725254712,10336.583967461704,10336.583967461704,10550.988857448996,10550.988857448996,10528.310012674669,10528.310012674669,10691.546523453319,10691.546523453319,10664.72222514064,10664.72222514064,10786.19062432814,12202.81649283316,14095.742392921591
2022-03-03,10973.572044619836,10973.572044619836,10896.405307393616,10896.405307393616,12388.966035113745,12388.966035113745,12291.011370642947,12291.011370642947,13771.58748112801,13771.58748112801,13600.23648863871,13600.23648863871,10346.351725254712,10346.351725254712,10336.583967461704,10336.583967461704,10550.988857448996,10550.988857448996,10528.310012674669,10528.310012674669,10691.546523453319,10691.546523453319,10664.72222514064,10664.72222514064,10785.131019557852,12199.063873166444,14083.471648032904
2022-03-04,10959.061502577599,10959.061502577599,10881.969359441744,10881.969359441744,12353.22370507676,12353.22370507676,12255.474149848264,12255.474149848264,13700.980075913634,13700.980075913634,13537.697541483174,13537.697541483174,10346.351725254712,10346.351725254712,10336.583967461704,10336.583967461704,10550.988857448996,10550.988857448996,10528.310012674669,10528.310012674669,10691.546523453319,10691.546523453319,10664.72222514064,10664.72222514064,10770.822515177255,12163.904693791259,14011.474586462567
2022-03-05,10963.384554558526,10963.384554558526,10886.265522702302,10886.265522702302,12363.556350455774,12363.556350455774,12265.737103585378,12265.737103585378,13719.403111905754,13719.403111905754,13555.341835397783,13555.341835397783,10346.351725254712,10346.351725254712,10336.583967461704,10336.583967461704,10550.988857448996,10550.988857448996,10528.310012674669,10528.310012674669,10691.546523453319,10691.546523453319,10664.72222514064,10664.72222514064,10775.07768074677,12174.061843910393,14030.30295104025
2022-03-06,10948.839233758814,10948.839233758814,10871.783424864552,10871.783424864552,12329.148477341965,12329.148477341965,12231.504345928928,12231.504345928928,13656.862370240522,13656.862370240522,13495.90472436204,13495.90472436204,10346.351725254712,10346.351725254712,10336.583967461704,10336.583967461704,10550.988857448996,10550.988857448996,10528.310012674669,10528.310012674669,10691.546523453319,10691.546523453319,10664.72222514064,10664.72222514064,10760.724585670258,12140.126788905249,13966.463451183201
2022-03-07,10947.198987928092,10947.198987928092,10870.118203676391,10870.118203676391,12326.039622811271,12326.039622811271,12228.285442737015,12228.285442737015,13651.549307772522,13651.549307772522,13490.476513889585,13490.476513889585,10346.351725254712,10346.351725254712,10336.583967461704,10336.583967461704,10550.988857448996,10550.988857448996,10528.310012674669,10528.310012674669,10691.546523453319,10691.546523453319,10664.72222514064,10664.72222514064,10759.050131063039,12137.05509172889,13961.111046903965
2022-03-08,10953.018297050081,10953.018297050081,10875.895369955413,10875.895369955413,12339.029019877995,12339.029019877995,12241.177287842163,12241.177287842163,13673.14328215296,13673.14328215296,13511.802978716543,13511.802978716543,10346.351725254712,10346.351725254712,10336.583967461704,10336.583967461704,10550.988857448996,10550.988857448996,10528.310012674669,10528.310012674669,10691.546523453319,10691.546523453319,10664.72222514064,10664.72222514064,10764.758836145738,12149.855108326152,13983.192655462859
2022-03-09,10970.4758079325,10970.4758079325,10893.274562033002,10893.274562033002,12375.511735431948,12375.511735431948,12277.418495987837,12277.418495987837,13733.752338509856,13733.752338509856,13571.794460696323,13571.794460696323,10346.351725254712,10346.351725254712,10336.583967461704,10336.583967461704,10550.988857448996,10550.988857448996,10528.310012674669,10528.310012674669,10691.546523453319,10691.546523453319,10664.72222514064,10664.72222514064,10781.881683016203,12185.865445603955,14045.017700263075
2022-03-10,10968.040798779308,10968.040798779308,10890.828645326395,10890.828645326395,12370.916443028478,12370.916443028478,12272.836277569106,12272.836277569106,13726.189227221466,13726.189227221466,13564.23875710682,13564.23875710682,10346.351725254712,10346.351725254712,10336.583967461704,10336.583967461704,10550.988857448996,10550.988857448996,10528.310012674669,10528.310012674669,10691.546523453319,10691.546523453319,10664.72222514064,10664.72222514064,10779.65209027392,12181.297782533633,14037.231788640007
2022-03-11,10955.88081578175,10955.88081578175,10878.720950502156,10878.720950502156,12344.72857361211,12344.72857361211,12246.79654964029,12246.79654964029,13682.654674573445,13682.654674573445,13521.137093844225,13521.137093844225,10346.351725254712,10346.351725254712,10336.583967461704,10336.583967461704,10550.988857448996,10550.988857448996,10528.310012674669,10528.310012674669,10691.546523453319,10691.546523453319,10664.72222514064,10664.72222514064,10767.67379424057,12155.47829596422,13992.806666682982
2022-03-12,10953.742496287947,10953.742496287947,10876.572425753811,10876.572425753811,12339.783597664593,12339.783597664593,12241.829240428307,12241.829240428307,13674.437762692625,13674.437762692625,13512.921351914349,13512.921351914349,10346.351725254712,10346.351725254712,10336.583967461704,10336.583967461704,10550.988857448996,10550.988857448996,10528.310012674669,10528.310012674669,10691.546523453319,10691.546523453319,10664.72222514064,10664.72222514064,10765.576471955748,12150.614318029291,13984.394606481612
2022-03-13,10952.960350935955,10952.960350935955,10875.797353220352,10875.797353220352,12338.743900183237,12338.743900183237,12240.789765771231,12240.789765771231,13672.711117708914,13672.711117708914,13511.184229347107,13511.184229347107,10346.351725254712,10346.351725254712,10336.583967461704,10336.583967461704,10550.988857448996,10550.988857448996,10528.310012674669,10528.310012674669,10691.546523453319,10691.546523453319,10664.72222514064,10664.72222514064,10764.79516273848,12149.573575282826,13982.679608307708
2022-03-14,10959.602875443732,10959.602875443732,10882.3173772128,10882.3173772128,12353.282765600035,12353.282765600035,12255.04236031835,12255.04236031835,13696.875147481775,13696.875147481775,13534.769650506387,13534.769650506387,10346.351725254712,10346.351725254712,10336.583967461704,10336.583967461704,10550.988857448996,10550.988857448996,10528.310012674669,10528.310012674669,10691.546523453319,10691.546523453319,10664.72222514064,10664.72222514064,10771.337445353689,12163.89592501818,14007.3568987199
2022-03-15,10958.373882400223,10958.373882400223,10881.125041964899,10881.125041964899,12350.490945403524,12350.490945403524,12252.342152078612,12252.342152078612,13692.378636434853,13692.378636434853,13530.358947458088,13530.358947458088,10346.351725254712,10346.351725254712,10336.583967461704,10336.583967461704,10550.988857448996,10550.988857448996,10528.310012674669,10528.310012674669,10691.546523453319,10691.546523453319,10664.72222514064,10664.72222514064,10770.039124437884,12161.28169743238,14002.742393774646
2022-03-16,10962.069686444354,10962.069686444354,10884.811341350178,10884.811341350178,12357.747871155585,12357.747871155585,12259.577801154368,12259.577801154368,13704.493715445642,13704.493715445642,13542.375462501435,13542.375462501435,10346.351725254712,10346.351725254712,10336.583967461704,10336.583967461704,10550.988857448996,10550.988857448996,10528.310012674669,10528.310012674669,10691.546523453319,10691.546523453319,10664.72222514064,10664.72222514064,10773.667994267014,12168.499248624636,14015.045474716631
2022-03-17,10959.04697362325,10959.04697362325,10881.727849271845,10881.727849271845,12350.046487253228,12350.046487253228,12251.699542012972,12251.699542012972,13690.169820170962,13690.169820170962,13527.966671465787,13527.966671465787,10346.351725254712,10346.351725254712,10336.583967461704,10336.583967461704,10550.988857448996,10550.988857448996,10528.310012674669,10528.310012674669,10691.546523453319,10691.546523453319,10664.72222514064,10664.72222514064,10770.730981497785,12160.881377741844,14000.435339743359
2022-03-18,10972.172058790124,10972.172058790124,10894.843809682025,10894.843809682025,12382.01261959012,12382.01261959012,12283.511789400658,12283.511789400658,13743.630518483707,13743.630518483707,13580.821774055434,13580.821774055434,10346.351725254712,10346.351725254712,10336.583967461704,10336.583967461704,10550.988857448996,10550.988857448996,10528.310012674669,10528.310012674669,10691.546523453319,10691.546523453319,10664.72222514064,10664.72222514064,10783.355864248919,12192.647665771889,14055.107956208076
2022-03-19,10975.728822715751,10975.728822715751,10898.360004238722,10898.360004238722,12393.473512756773,12393.473512756773,12294.81929331761,12294.81929331761,13764.419233894458,13764.419233894458,13601.245668610336,13601.245668610336,10346.351725254712,10346.351725254712,10336.583967461704,10336.583967461704,10550.988857448996,10550.988857448996,10528.310012674669,10528.310012674669,10691.546523453319,10691.546523453319,10664.72222514064,10664.72222514064,10786.826869395567,12203.89216431947,14076.4034608238
2022-03-20,10972.401304855519,10972.401304855519,10894.996751667099,10894.996751667099,12379.187596838672,12379.187596838672,12280.216401106241,12280.216401106241,13732.320081237103,13732.320081237103,13568.873724027542,13568.873724027542,10346.351725254712,10346.351725254712,10336.583967461704,10336.583967461704,10550.988857448996,10550.988857448996,10528.310012674669,10528.310012674669,10691.546523453319,10691.546523453319,10664.72222514064,10664.72222514064,10783.510013020777,12189.752393131816,14043.837769162357
2022-03-21,10976.98467505039,10976.98467505039,10899.42417105522,10899.42417105522,12395.54580764858,12395.54580764858,12296.313918182803,12296.313918182803,13759.927471524232,13759.927471524232,13595.892873535751,13595.892873535751,10346.351725254712,10346.351725254712,10336.583967461704,10336.583967461704,10550.988857448996,10550.988857448996,10528.310012674669,10528.310012674669,10691.546523453319,10691.546523453319,10664.72222514064,10664.72222514064,10788.029783108128,12205.8991153162,14072.054412115578
2022-03-22,10974.321880188436,10974.321880188436,10896.707708430757,10896.707708430757,12397.806854314602,12397.806854314602,12298.563599218547,12298.563599218547,13768.077306265714,13768.077306265714,13603.762553629245,13603.762553629245,10346.351725254712,10346.351725254712,10336.583967461704,10336.583967461704,10550.988857448996,10550.988857448996,10528.310012674669,10528.310012674669,10691.546523453319,10691.546523453319,10664.72222514064,10664.72222514064,10785.38396724781,12208.09002301009,14080.318132160603
2022-03-23,10973.761363870954,10973.761363870954,10896.038472886488,10896.038472886488,12419.25014676064,12419.25014676064,12319.545588978976,12319.545588978976,13813.050254779446,13813.050254779446,13647.533944158673,13647.533944158673,10346.351725254712,10346.351725254712,10336.583967461704,10336.583967461704,10550.988857448996,10550.988857448996,10528.310012674669,10528.310012674669,10691.546523453319,10691.546523453319,10664.72222514064,10664.72222514064,10784.84146593893,12229.218537311983,14126.0969924141
2022-03-24,10971.328524082779,10971.328524082779,10893.552607996626,10893.552607996626,12419.202742581234,12419.202742581234,12318.806595599997,12318.806595599997,13821.326256127362,13821.326256127362,13655.737187918958,13655.737187918958,10346.351725254712,10346.351725254712,10336.583967461704,10336.583967461704,10550.988857448996,10550.988857448996,10528.310012674669,10528.310012674669,10691.546523453319,10691.546523453319,10664.72222514064,10664.72222514064,10782.487004010372,12229.22446520985,14135.234526327007
2022-03-25,10974.562048624844,10974.562048624844,10896.811039263821,10896.811039263821,12419.386720080569,12419.386720080569,12318.856723777568,12318.856723777568,13813.117199435936,13813.117199435936,13640.939115192787,13640.939115192787,10346.351725254712,10346.351725254712,10336.583967461704,10336.583967461704,10550.486498984625,10550.486498984625,10527.680053091179,10527.680053091179,10691.044164988947,10691.044164988947,10664.09226555715,10664.09226555715,10785.78963110974,12229.610643116584,14121.318855866813
2022-03-26,10990.912900099445,10990.912900099445,10913.153713904505,10913.153713904505,12463.514597083293,12463.514597083293,12362.932178213921,12362.932178213921,13890.280962345225,13890.280962345225,13711.627933605252,13711.627933605252,10346.351725254712,10346.351725254712,10336.583967461704,10336.583967461704,10552.18083664492,10552.18083664492,10529.374390751474,10529.374390751474,10692.738502649243,10692.738502649243,10665.786603217446,10665.786603217446,10801.966752740273,12273.63568943264,14194.887756712755
2022-03-27,10994.235026142647,10994.235026142647,10916.454547562085,10916.454547562085,12489.106026750342,12489.106026750342,12388.141505141122,12388.141505141122,13942.735808551517,13942.735808551517,13764.215975442738,13764.215975442738,10346.351725254712,10346.351725254712,10336.583967461704,10336.583967461704,10565.231385711466,10565.231385711466,10542.291371817097,10542.291371817097,10709.389674158443,10709.389674158443,10682.17040115077,10682.17040115077,10805.24720694576,12299.123055546821,14249.071210256043
2022-03-28,11022.209469653779,11022.209469653779,10944.198630444238,10944.198630444238,12548.718079129256,12548.718079129256,12447.460320681825,12447.460320681825,14012.546800916289,14012.546800916289,13831.190444019345,13831.190444019345,10347.086134899037,10347.086134899037,10337.177809059005,10337.177809059005,10569.16428963544,10569.16428963544,10546.031639271994,10546.031639271994,10713.2162944335,10713.2162944335,10685.642390797866,10685.642390797866,10832.092651275309,12358.546394352143,14319.83466767062
2022-03-29,11068.41595128303,11068.41595128303,10990.315881314264,10990.315881314264,12668.831400101533,12668.831400101533,12567.23529713081,12567.23529713081,14191.239163294911,14191.239163294911,14006.417376109976,14006.417376109976,10347.934099222563,10347.934099222563,10338.025773382531,10338.025773382531,10575.152634454296,10575.152634454296,10552.01998409085,10552.01998409085,10719.269076871318,10719.269076871318,10691.630735616722,10691.630735616722,10877.353685155033,12478.085364869534,14499.470014262406
2022-03-30,11069.093584299892,11069.093584299892,10990.761536908269,10990.761536908269,12665.17418930892,12665.17418930892,12563.59270368983,12563.59270368983,14194.944638226396,14194.944638226396,14009.140260661785,14009.140260661785,10347.777653736439,10347.777653736439,10337.727179088031,10337.727179088031,10572.195708004298,10572.195708004298,10549.063057640851,10549.063057640851,10721.273799104134,10721.273799104134,10693.359198428863,10693.359198428863,10877.923838866736,12474.572618439723,14503.168431855589
2022-03-31,11062.37503764752,11062.37503764752,10984.065452533607,10984.065452533607,12634.487608905465,12634.487608905465,12533.069646002567,12533.069646002567,14160.41012007825,14160.41012007825,13973.90417057149,13973.90417057149,10347.777653736439,10347.777653736439,10337.727179088031,10337.727179088031,10556.956455937298,10556.956455937298,10533.823805573851,10533.823805573851,10705.63368167361,10705.63368167361,10677.527734815763,10677.527734815763,10871.019871711671,12444.207549658422,14468.898001908794
2022-04-01,11078.433791420093,11078.433791420093,11001.140251266357,11001.140251266357,12681.208994464147,12681.208994464147,12579.561205970473,12579.561205970473,14248.269611978525,14248.269611978525,14060.308294794817,14060.308294794817,10347.777653736439,10347.777653736439,10337.727179088031,10337.727179088031,10572.902440341692,10572.902440341692,10549.769789978245,10549.769789978245,10721.751581649003,10721.751581649003,10693.473719220157,10693.473719220157,10887.243357199666,12490.474730642769,14556.962139069215
2022-04-02,11075.280418083337,11075.280418083337,10997.926747204894,10997.926747204894,12677.078017417127,12677.078017417127,12575.210530316439,12575.210530316439,14236.731507199554,14236.731507199554,14046.023041293744,14046.023041293744,10347.777653736439,10347.777653736439,10337.727179088031,10337.727179088031,10569.602003812692,10569.602003812692,10546.469353449245,10546.469353449245,10718.438848821004,10718.438848821004,10690.173282691158,10690.173282691158,10883.920081279106,12486.333642129504,14542.8486639589
2022-04-03,11082.81482626254,11082.81482626254,11005.478184790532,11005.478184790532,12695.320588226214,12695.320588226214,12593.421050490886,12593.421050490886,14277.374714965741,14277.374714965741,14085.998890047906,14085.998890047906,10347.777653736439,10347.777653736439,10337.727179088031,10337.727179088031,10577.964968184693,10577.964968184693,10554.832317821247,10554.832317821247,10726.878470275005,10726.878470275005,10698.536247063159,10698.536247063159,10891.495944522996,12504.707120574849,14582.920042134128
2022-04-04,11080.280506177762,11080.280506177762,11002.25493516735,11002.25493516735,12680.284767451503,12680.284767451503,12582.174848888719,12582.174848888719,14255.058593843349,14255.058593843349,14058.77923908936,14058.77923908936,10348.176406662215,10348.176406662215,10337.98665073113,10337.98665073113,10578.65284748499,10578.65284748499,10555.520197121543,10555.520197121543,10727.563743487277,10727.563743487277,10699.224126363455,10699.224126363455,10888.563506065819,12490.253239679292,14560.085122322564
2022-04-05,11063.523495008021,11063.523495008021,10984.931946835639,10984.931946835639,12630.084774758247,12630.084774758247,12532.034789940715,12532.034789940715,14166.036393552737,14166.036393552737,13970.174881580533,13970.174881580533,10344.823983852215,10344.823983852215,10334.634227921131,10334.634227921131,10564.907263971576,10564.907263971576,10541.77461360813,10541.77461360813,10713.703255577195,10713.703255577195,10685.478542850042,10685.478542850042,10871.297849043354,12440.822856422412,14470.237662199996
2022-04-06,11028.660464819308,11028.660464819308,10948.952573659382,10948.952573659382,12521.348590273641,12521.348590273641,12423.282238405518,12423.282238405518,13972.265094597893,13972.265094597893,13777.369552543194,13777.369552543194,10334.778277193931,10334.778277193931,10324.312480152552,10324.312480152552,10547.738983657977,10547.738983657977,10524.379116335156,10524.379116335156,10681.735953628386,10681.735953628386,10653.264263314868,10653.264263314868,10836.212444690478,12333.513519823822,14271.380493766455
2022-04-07,11041.049542253637,11041.049542253637,10961.101711827827,10961.101711827827,12556.900717584484,12556.900717584484,12458.000289599944,12458.000289599944,14027.11695325891,14027.11695325891,13830.38846229271,13830.38846229271,10334.636566264875,10334.636566264875,10324.041029031672,10324.041029031672,10547.493581805224,10547.493581805224,10523.909042442905,10523.909042442905,10684.308697346867,10684.308697346867,10655.369448688773,10655.369448688773,10848.596317494052,12368.941520655695,14326.964135306314
2022-04-08,11027.187634660915,11027.187634660915,10947.207388190109,10947.207388190109,12500.729128632316,12500.729128632316,12402.176238689088,12402.176238689088,13946.765938577522,13946.765938577522,13750.544245444698,13750.544245444698,10334.636566264875,10334.636566264875,10324.041029031672,10324.041029031672,10547.493581805224,10547.493581805224,10523.909042442905,10523.909042442905,10679.36183679589,10679.36183679589,10650.422588137795,10650.422588137795,10834.988710109625,12313.678390884614,14244.136106733724
2022-04-09,11033.05723860762,11033.05723860762,10952.847982886224,10952.847982886224,12521.439717360394,12521.439717360394,12422.271369469485,12422.271369469485,13973.143778189822,13973.143778189822,13775.976724775903,13775.976724775903,10334.636566264875,10334.636566264875,10324.041029031672,10324.041029031672,10549.928339254342,10549.928339254342,10526.219247017378,10526.219247017378,10681.834717197718,10681.834717197718,10652.768876255097,10652.768876255097,10840.80524192017,12334.189257891658,14271.550022145831
2022-04-10,11019.335346588714,11019.335346588714,10939.148108062524,10939.148108062524,12484.57388828604,12484.57388828604,12385.471796273148,12385.471796273148,13909.89223893312,13909.89223893312,13713.17982469315,13713.17982469315,10334.636566264875,10334.636566264875,10324.041029031672,10324.041029031672,10547.661023207553,10547.661023207553,10523.951930970588,10523.951930970588,10679.50926484204,10679.50926484204,10650.443423899418,10650.443423899418,10827.133066873344,12297.487014019887,14207.22497746482
2022-04-11,11002.101162868406,11002.101162868406,10922.013291984433,10922.013291984433,12422.330375353946,12422.330375353946,12323.562554587508,12323.562554587508,13798.597325844685,13798.597325844685,13602.704820184083,13602.704820184083,10334.636566264875,10334.636566264875,10324.041029031672,10324.041029031672,10538.989775249878,10538.989775249878,10515.280683012914,10515.280683012914,10666.638898657655,10666.638898657655,10637.316431943122,10637.316431943122,10810.148888933805,12236.045378906809,14092.55762889504
2022-04-12,11004.396988993714,11004.396988993714,10924.043401653005,10924.043401653005,12431.27454650792,12431.27454650792,12331.934909503005,12331.934909503005,13811.526087998509,13811.526087998509,13614.32666640915,13614.32666640915,10334.636566264875,10334.636566264875,10324.041029031672,10324.041029031672,10540.259515800743,10540.259515800743,10516.51470609199,10516.51470609199,10666.514057029653,10666.514057029653,10637.06552493512,10637.06552493512,10812.411605025616,12243.92189683624,14105.68628929818
2022-04-13,11010.229293021768,11010.229293021768,10929.76602690223,10929.76602690223,12446.25883074786,12446.25883074786,12346.848198205522,12346.848198205522,13836.867082929659,13836.867082929659,13639.393864414127,13639.393864414127,10334.636566264875,10334.636566264875,10324.041029031672,10324.041029031672,10542.706570823231,10542.706570823231,10518.961761114479,10518.961761114479,10666.514057029653,10666.514057029653,10637.06552493512,10637.06552493512,10818.108346688223,12258.074998152353,14131.461476061226
2022-04-14,11005.731049223808,11005.731049223808,10925.369048203205,10925.369048203205,12431.454289746132,12431.454289746132,12332.110013042971,12332.110013042971,13806.587708022189,13806.587708022189,13609.469973677426,13609.469973677426,10333.137968294997,10333.137968294997,10322.495648050832,10322.495648050832,10540.097273042851,10540.097273042851,10516.352463334099,10516.352463334099,10663.9164872152,10663.9164872152,10634.386864568332,10634.386864568332,10813.718485115214,12244.389335424565,14100.744393212139
2022-04-15,11002.14782811593,11002.14782811593,10921.780775891117,10921.780775891117,12424.516391814628,12424.516391814628,12325.169272097439,12325.169272097439,13800.843804408134,13800.843804408134,13603.66298071747,13603.66298071747,10333.435870952733,10333.435870952733,10322.793550708568,10322.793550708568,10540.633497826775,10540.633497826775,10516.888688118022,10516.888688118022,10664.43285182194,10664.43285182194,10634.903229175074,10634.903229175074,10810.150135917389,12237.523746801415,14094.945993173518
2022-04-16,11001.916918704861,11001.916918704861,10921.477265901984,10921.477265901984,12423.261334066661,12423.261334066661,12323.887382324838,12323.887382324838,13800.521111431743,13800.521111431743,13603.359247973262,13603.359247973262,10333.726321600292,10333.726321600292,10323.084001356126,10323.084001356126,10541.156308992384,10541.156308992384,10517.411499283631,10517.411499283631,10664.936299611047,10664.936299611047,10635.40667696418,10635.40667696418,10809.897887913821,12236.312858034598,14094.689311351185
2022-04-17,10998.738276410268,10998.738276410268,10918.377227104584,10918.377227104584,12410.557342963784,12410.557342963784,12311.603741868372,12311.603741868372,13771.079449963832,13771.079449963832,13574.334963333453,13574.334963333453,10332.64739910699,10332.64739910699,10322.005078862825,10322.005078862825,10539.214248504444,10539.214248504444,10515.469438795692,10515.469438795692,10663.066167289327,10663.066167289327,10633.53654464246,10633.53654464246,10806.81765950492,12224.274175621182,14064.07135552603
2022-04-18,11001.097283099141,11001.097283099141,10920.634466470538,10920.634466470538,12426.727169873531,12426.727169873531,12327.699598623549,12327.699598623549,13799.794215069278,13799.794215069278,13602.426205005333,13602.426205005333,10333.677477419898,10333.677477419898,10323.035157175733,10323.035157175733,10541.068389467679,10541.068389467679,10517.323579758926,10517.323579758926,10664.851636365034,10664.851636365034,10635.322013718167,10635.322013718167,10809.097717404058,12240.254491253912,14093.177932925779
2022-04-19,11008.88431921391,11008.88431921391,10928.302623507636,10928.302623507636,12449.3176290488,12449.3176290488,12350.161896583511,12350.161896583511,13840.535575190554,13840.535575190554,13642.754061337513,13642.754061337513,10334.366741015285,10334.366741015285,10323.72442077112,10323.72442077112,10542.309063939372,10542.309063939372,10518.56425423062,10518.56425423062,10666.046359930368,10666.046359930368,10636.5167372835,10636.5167372835,10816.749593342282,12262.610370675344,14134.443868142473
2022-04-20,11011.783341398488,11011.783341398488,10931.214912788122,10931.214912788122,12453.222751613686,12453.222751613686,12353.997904254215,12353.997904254215,13843.476058446615,13843.476058446615,13645.572315074241,13645.572315074241,10333.96292210168,10333.96292210168,10323.320601857515,10323.320601857515,10541.582189894883,10541.582189894883,10517.83738018613,10517.83738018613,10665.346407146786,10665.346407146786,10635.816784499919,10635.816784499919,10819.604176602767,12266.38854407686,14137.691111535409
2022-04-21,11001.463919806449,11001.463919806449,10921.05832811573,10921.05832811573,12424.19208004663,12424.19208004663,12325.131127646913,12325.131127646913,13788.929347047278,13788.929347047278,13591.706760283,13591.706760283,10332.583268876937,10332.583268876937,10321.940948632771,10321.940948632771,10539.098814090343,10539.098814090343,10515.35400438159,10515.35400438159,10662.955008223897,10662.955008223897,10633.42538557703,10633.42538557703,10809.490583274373,12237.725696256157,14082.310378686998
2022-04-22,10999.364832024356,10999.364832024356,10918.999818296834,10918.999818296834,12421.15316458003,12421.15316458003,12322.02666900755,12322.02666900755,13784.920640928332,13784.920640928332,13587.436140736345,13587.436140736345,10332.283504397114,10332.283504397114,10321.641184152948,10321.641184152948,10538.55923802666,10538.55923802666,10514.814428317908,10514.814428317908,10662.742589597758,10662.742589597758,10633.12387498199,10633.12387498199,10807.443331947476,12234.74204324074,14078.24140247298
2022-04-23,10996.214046735842,10996.214046735842,10915.790145348128,10915.790145348128,12411.81957643134,12411.81957643134,12312.594989535786,12312.594989535786,13764.61502063871,13764.61502063871,13567.08052694432,13567.08052694432,10332.237581995561,10332.237581995561,10321.550889205784,10321.550889205784,10538.47657770387,10538.47657770387,10514.651897413014,10514.651897413014,10661.436460236035,10661.436460236035,10631.74083320787,10631.74083320787,10804.334579583061,12225.573640513274,14057.568977095645
2022-04-24,10993.473575143427,10993.473575143427,10912.95643909124,10912.95643909124,12402.863210794858,12402.863210794858,12303.57561913315,12303.57561913315,13748.923208966638,13748.923208966638,13551.476139947614,13551.476139947614,10332.237581995561,10332.237581995561,10321.550889205784,10321.550889205784,10537.886498647744,10537.886498647744,10513.969556011985,10513.969556011985,10660.960243637242,10660.960243637242,10631.264616609078,10631.264616609078,10801.630728444336,12216.808635581494,14041.675462964044
2022-04-25,10991.887269063334,10991.887269063334,10911.294470856608,10911.294470856608,12401.604074109844,12401.604074109844,12302.188553624055,12302.188553624055,13747.383944920313,13747.383944920313,13549.744288023974,13549.744288023974,10332.237581995561,10332.237581995561,10321.550889205784,10321.550889205784,10539.169590091244,10539.169590091244,10515.252647455485,10515.252647455485,10662.187548496242,10662.187548496242,10632.491921468078,10632.491921468078,10800.025938972609,12215.531519623657,14040.219132638345
2022-04-26,10983.93141013937,10983.93141013937,10903.257044200946,10903.257044200946,12367.614311968202,12367.614311968202,12267.962122764931,12267.962122764931,13680.370517381667,13680.370517381667,13482.913627305423,13482.913627305423,10332.237581995561,10332.237581995561,10321.550889205784,10321.550889205784,10534.928390091243,10534.928390091243,10511.011447455485,10511.011447455485,10658.130748496244,10658.130748496244,10628.43512146808,10628.43512146808,10792.211130181411,12182.13033259224,13971.955375482363
2022-04-27,10989.679515958129,10989.679515958129,10908.97140260838,10908.97140260838,12383.511745511678,12383.511745511678,12283.611266113432,12283.611266113432,13708.017587836113,13708.017587836113,13509.626932581505,13509.626932581505,10332.237581995561,10332.237581995561,10321.550889205784,10321.550889205784,10534.839145932383,10534.839145932383,10510.83357032125,10510.83357032125,10658.045384518204,10658.045384518204,10628.26497812229,10628.26497812229,10797.944795768128,12197.99050780394,14000.403550096573
2022-04-28,10987.976560113493,10987.976560113493,10907.27727267054,10907.27727267054,12377.018927507728,12377.018927507728,12277.142936746928,12277.142936746928,13696.38743386715,13696.38743386715,13498.628510601475,13498.628510601475,10332.237581995561,10332.237581995561,10321.550889205784,10321.550889205784,10534.839145932383,10534.839145932383,10510.83357032125,10510.83357032125,10658.045384518204,10658.045384518204,10628.26497812229,10628.26497812229,10796.259400946474,12191.54425654182,13988.60306691815
2022-04-29,10981.242741798262,10981.242741798262,10900.524495143283,10900.524495143283,12356.58220825322,12356.58220825322,12256.757080615029,12256.757080615029,13659.92877001321,13659.92877001321,13462.526104083618,13462.526104083618,10332.237581995561,10332.237581995561,10321.550889205784,10321.550889205784,10534.839145932383,10534.839145932383,10510.83357032125,10510.83357032125,10658.045384518204,10658.045384518204,10628.26497812229,10628.26497812229,10789.58978471342,12171.230584351872,13951.34910560452
2022-04-30,10969.044897584341,10969.044897584341,10888.357596692527,10888.357596692527,12323.583993350618,12323.583993350618,12223.824423526972,12223.824423526972,13596.773552688534,13596.773552688534,13399.887593631103,13399.887593631103,10332.237581995561,10332.237581995561,10321.550889205784,10321.550889205784,10534.839145932383,10534.839145932383,10510.83357032125,10510.83357032125,10658.045384518204,10658.045384518204,10628.26497812229,10628.26497812229,10777.49572353669,12138.429592012422,13886.631234955568
2022-05-01,10965.841650577257,10965.841650577257,10885.094054117453,10885.094054117453,12323.210555240496,12323.210555240496,12223.26717598554,12223.26717598554,13594.621851432981,13594.621851432981,13397.3134776633,13397.3134776633,10332.237581995561,10332.237581995561,10321.550889205784,10321.550889205784,10534.839145932383,10534.839145932383,10510.83357032125,10510.83357032125,10658.045384518204,10658.045384518204,10628.26497812229,10628.26497812229,10774.262636314248,12137.964120890625,13883.985480460851
2022-05-02,10959.84198210228,10959.84198210228,10879.095422502864,10879.095422502864,12310.888427571295,12310.888427571295,12210.914979425363,12210.914979425363,13574.161639245462,13574.161639245462,13377.286906519224,13377.286906519224,10332.237581995561,10332.237581995561,10321.550889205784,10321.550889205784,10534.839145932383,10534.839145932383,10510.83357032125,10510.83357032125,10658.045384518204,10658.045384518204,10628.26497812229,10628.26497812229,10769.09338052944,12125.65004654232,13863.49533751515
2022-05-03,10954.970297890624,10954.970297890624,10874.17853110292,10874.17853110292,12297.73075815919,12297.73075815919,12197.685074547539,12197.685074547539,13552.193127773546,13552.193127773546,13355.661862351877,13355.661862351877,10332.237581995561,10332.237581995561,10321.550889205784,10321.550889205784,10534.839145932383,10534.839145932383,10510.83357032125,10510.83357032125,10658.045384518204,10658.045384518204,10628.26497812229,10628.26497812229,10764.245734250422,12112.54246408728,13841.411205778883
2022-05-04,10965.315493786402,10965.315493786402,10884.434504854176,10884.434504854176,12333.316923705404,12333.316923705404,12233.043522577445,12233.043522577445,13610.77914932445,13610.77914932445,13412.99448776254,13412.99448776254,10332.237581995561,10332.237581995561,10321.550889205784,10321.550889205784,10534.839145932383,10534.839145932383,10510.83357032125,10510.83357032125,10658.045384518204,10658.045384518204,10628.26497812229,10628.26497812229,10774.438662171458,12147.775631307863,13900.82269664613
2022-05-05,10954.268994047616,10954.268994047616,10873.428316801315,10873.428316801315,12294.456246409434,12294.456246409434,12194.295131886884,12194.295131886884,13542.768155564594,13542.768155564594,13346.237197622715,13346.237197622715,10332.237581995561,10332.237581995561,10321.550889205784,10321.550889205784,10534.839145932383,10534.839145932383,10510.83357032125,10510.83357032125,10658.045384518204,10658.045384518204,10628.26497812229,10628.26497812229,10763.491773608075,12109.209818205572,13832.052594545494
2022-05-06,10953.448144873057,10953.448144873057,10872.613686973114,10872.613686973114,12291.646486013276,12291.646486013276,12191.508456133879,12191.508456133879,13537.869824844462,13537.869824844462,13341.355151727457,13341.355151727457,10332.237581995561,10332.237581995561,10321.550889205784,10321.550889205784,10534.839145932383,10534.839145932383,10510.83357032125,10510.83357032125,10658.045384518204,10658.045384518204,10628.26497812229,10628.26497812229,10762.684960795068,12106.43413577497,13827.063667916584
2022-05-07,10947.33836444615,10947.33836444615,10866.500398750448,10866.500398750448,12274.945580535143,12274.945580535143,12174.816750312351,12174.816750312351,13507.827915182052,13507.827915182052,13311.913091142816,13311.913091142816,10332.237581995561,10332.237581995561,10321.550889205784,10321.550889205784,10534.839145932383,10534.839145932383,10510.83357032125,10510.83357032125,10658.045384518204,10658.045384518204,10628.26497812229,10628.26497812229,10756.6258555924,12089.84160535158,13796.725801176479
2022-05-08,10946.050897482184,10946.050897482184,10865.193931240618,10865.193931240618,12273.385524059877,12273.385524059877,12173.14822282288,12173.14822282288,13504.770711878627,13504.770711878627,13308.761430697454,13308.761430697454,10332.237581995561,10332.237581995561,10321.550889205784,10321.550889205784,10534.839145932383,10534.839145932383,10510.83357032125,10510.83357032125,10658.045384518204,10658.045384518204,10628.26497812229,10628.26497812229,10755.345260875498,12088.303441992037,13793.404633312965
2022-05-09,10938.168093710668,10938.168093710668,10857.35173560891,10857.35173560891,12245.043013304034,12245.043013304034,12144.93349752946,12144.93349752946,13461.04606752004,13461.04606752004,13265.492661906088,13265.492661906088,10332.237581995561,10332.237581995561,10321.550889205784,10321.550889205784,10534.839145932383,10534.839145932383,10510.83357032125,10510.83357032125,10658.045384518204,10658.045384518204,10628.26497812229,10628.26497812229,10747.592584045451,12060.279713060223,13748.821973212041
2022-05-10,10937.27692801494,10937.27692801494,10856.421602265691,10856.421602265691,12241.452217840495,12241.452217840495,12141.242701013321,12141.242701013321,13455.487586621535,13455.487586621535,13259.857562249825,13259.857562249825,10332.237581995561,10332.237581995561,10321.550889205784,10321.550889205784,10534.839145932383,10534.839145932383,10510.83357032125,10510.83357032125,10658.045384518204,10658.045384518204,10628.26497812229,10628.26497812229,10746.736452097439,12056.709821797731,13743.213317014537
2022-05-11,10923.275761851584,10923.275761851584,10842.438329369048,10842.438329369048,12215.89012793461,12215.89012793461,12115.67502688226,12115.67502688226,13414.008494431482,13414.008494431482,13218.69336830662,13218.69336830662,10332.237581995561,10332.237581995561,10321.550889205784,10321.550889205784,10534.839145932383,10534.839145932383,10510.83357032125,10510.83357032125,10658.045384518204,10658.045384518204,10628.26497812229,10628.26497812229,10733.272408110583,12031.285348637093,13701.397828336103
2022-05-12,10919.795696193869,10919.795696193869,10838.983429384813,10838.983429384813,12208.109225616272,12208.109225616272,12107.927894457433,12107.927894457433,13401.167050457208,13401.167050457208,13206.002065031242,13206.002065031242,10332.237581995561,10332.237581995561,10321.550889205784,10321.550889205784,10534.839145932383,10534.839145932383,10510.83357032125,10510.83357032125,10658.045384518204,10658.045384518204,10628.26497812229,10628.26497812229,10729.853626574599,12023.614757737869,13688.286734226216
2022-05-13,10920.850456777442,10920.850456777442,10840.018724236947,10840.018724236947,12210.468945805562,12210.468945805562,12110.24637166151,12110.24637166151,13405.052494095295,13405.052494095295,13209.793285616524,13209.793285616524,10332.237581995561,10332.237581995561,10321.550889205784,10321.550889205784,10534.839145932383,10534.839145932383,10510.83357032125,10510.83357032125,10658.045384518204,10658.045384518204,10628.26497812229,10628.26497812229,10730.88876370545,12025.935231021725,13692.25557753835
2022-05-14,10920.38098553323,10920.38098553323,10839.513220839477,10839.513220839477,12209.419664039304,12209.419664039304,12109.117801035063,12109.117801035063,13403.323004032198,13403.323004032198,13207.945898623348,13207.945898623348,10332.237581995561,10332.237581995561,10321.550889205784,10321.550889205784,10534.839145932383,10534.839145932383,10510.83357032125,10510.83357032125,10658.045384518204,10658.045384518204,10628.26497812229,10628.26497812229,10730.426558068251,12024.89856665453,13690.48803183933
2022-05-15,10920.866449709381,10920.866449709381,10839.994200717469,10839.994200717469,12210.505729854967,12210.505729854967,12110.194862442575,12110.194862442575,13405.111320244425,13405.111320244425,13209.707165799291,13209.707165799291,10332.237581995561,10332.237581995561,10321.550889205784,10321.550889205784,10534.839145932383,10534.839145932383,10510.83357032125,10510.83357032125,10658.045384518204,10658.045384518204,10628.26497812229,10628.26497812229,10730.90301783625,12025.966659465723,13692.314751080565
2022-05-16,10918.181566155305,10918.181566155305,10837.331458743285,10837.331458743285,12204.50079875698,12204.50079875698,12104.237421490856,12104.237421490856,13395.220809338864,13395.220809338864,13199.96233231901,13199.96233231901,10332.237581995561,10332.237581995561,10321.550889205784,10321.550889205784,10534.839145932383,10534.839145932383,10510.83357032125,10510.83357032125,10658.045384518204,10658.045384518204,10628.26497812229,10628.26497812229,10728.265624428435,12020.053501673792,13682.210380854072
2022-05-17,10920.443744442191,10920.443744442191,10839.57539326263,10839.57539326263,12209.560070477537,12209.560070477537,12109.257037536585,12109.257037536585,13403.554190197516,13403.554190197516,13208.17357801342,13208.17357801342,10332.237581995561,10332.237581995561,10321.550889205784,10321.550889205784,10534.839145932383,10534.839145932383,10510.83357032125,10510.83357032125,10658.045384518204,10658.045384518204,10628.26497812229,10628.26497812229,10730.488147040489,12025.036630184442,13690.724178854822
2022-05-18,10918.744911901815,10918.744911901815,10837.891292115226,10837.891292115226,12205.760075175895,12205.760075175895,12105.487717734528,12105.487717734528,13397.296108806278,13397.296108806278,13202.008735834579,13202.008735834579,10332.237581995561,10332.237581995561,10321.550889205784,10321.550889205784,10534.839145932383,10534.839145932383,10510.83357032125,10510.83357032125,10658.045384518204,10658.045384518204,10628.26497812229,10628.26497812229,10728.819989999696,12021.29677316833,13684.331178914197
2022-05-19,10920.674464323127,10920.674464323127,10839.805213439793,10839.805213439793,12210.075484664114,12210.075484664114,12109.76924177114,12109.76924177114,13404.404163458647,13404.404163458647,13209.012510874007,13209.012510874007,10332.237581995561,10332.237581995561,10321.550889205784,10321.550889205784,10534.839145932383,10534.839145932383,10510.83357032125,10510.83357032125,10658.045384518204,10658.045384518204,10628.26497812229,10628.26497812229,10730.7156569694,12025.547035011452,13691.593083953845
2022-05-20,10919.231185312245,10919.231185312245,10838.36344489635,10838.36344489635,12206.763921787353,12206.763921787353,12106.457765232763,12106.457765232763,13398.96046927264,13398.96046927264,13203.600747041637,13203.600747041637,10332.237581995561,10332.237581995561,10321.550889205784,10321.550889205784,10534.839145932383,10534.839145932383,10510.83357032125,10510.83357032125,10658.045384518204,10658.045384518204,10628.26497812229,10628.26497812229,10729.293760256898,12022.275847337954,13686.049554774108
2022-05-21,10920.946693316084,10920.946693316084,10840.065098184821,10840.065098184821,12210.579398462853,12210.579398462853,12110.24263928458,12110.24263928458,13405.24840276752,13405.24840276752,13209.793979472513,13209.793979472513,10332.237581995561,10332.237581995561,10321.550889205784,10321.550889205784,10534.839145932383,10534.839145932383,10510.83357032125,10510.83357032125,10658.045384518204,10658.045384518204,10628.26497812229,10628.26497812229,10730.978665637054,12026.033011959033,13692.478398893214
2022-05-22,10924.963934735602,10924.963934735602,10844.044058673804,10844.044058673804,12220.185556628163,12220.185556628163,12119.73749942351,12119.73749942351,13421.111188722918,13421.111188722918,13225.341073363435,13225.341073363435,10332.237581995561,10332.237581995561,10321.550889205784,10321.550889205784,10534.839145932383,10534.839145932383,10510.83357032125,10510.83357032125,10658.045384518204,10658.045384518204,10628.26497812229,10628.26497812229,10734.93416797154,12035.519839995688,13708.708187291879
2022-05-23,10921.14874975286,10921.14874975286,10840.239864690655,10840.239864690655,12210.992872800567,12210.992872800567,12110.57717368485,12110.57717368485,13406.027984185008,13406.027984185008,13210.382472479792,13210.382472479792,10332.237581995561,10332.237581995561,10321.550889205784,10321.550889205784,10534.839145932383,10534.839145932383,10510.83357032125,10510.83357032125,10658.045384518204,10658.045384518204,10628.26497812229,10628.26497812229,10731.167071746886,12026.421280538883,13693.39004932878
2022-05-24,10923.545078012818,10923.545078012818,10842.59965519324,10842.59965519324,12215.875261386236,12215.875261386236,12115.421313222054,12115.421313222054,13414.086501050127,13414.086501050127,13218.346326931762,13218.346326931762,10332.237581995561,10332.237581995561,10321.550889205784,10321.550889205784,10534.839145932383,10534.839145932383,10510.83357032125,10510.83357032125,10658.045384518204,10658.045384518204,10628.26497812229,10628.26497812229,10733.525150958381,12031.23164476933,13701.730897019053
2022-05-25,10924.669650388949,10924.669650388949,10843.710591235322,10843.710591235322,12218.377418324866,12218.377418324866,12117.877573503529,12117.877573503529,13418.176598692024,13418.176598692024,13222.359670418557,13222.359670418557,10332.237581995561,10332.237581995561,10321.550889205784,10321.550889205784,10534.839145932383,10534.839145932383,10510.83357032125,10510.83357032125,10658.045384518204,10658.045384518204,10628.26497812229,10628.26497812229,10734.620981801363,12033.68037446466,13705.9107616316
2022-05-26,10920.817763214447,10920.817763214447,10839.875077110697,10839.875077110697,12209.732929398113,12209.732929398113,12109.274687523393,12109.274687523393,13403.863120877628,13403.863120877628,13208.226506895375,13208.226506895375,10332.237581995561,10332.237581995561,10321.550889205784,10321.550889205784,10534.839145932383,10534.839145932383,10510.83357032125,10510.83357032125,10658.045384518204,10658.045384518204,10628.26497812229,10628.26497812229,10730.810697573486,12025.11658603015,13691.161237701512
2022-05-27,10919.569365939105,10919.569365939105,10838.592387861207,10838.592387861207,12206.93968804108,12206.93968804108,12106.406706977024,12106.406706977024,13399.263585447878,13399.263585447878,13203.534371409618,13203.534371409618,10332.237581995561,10332.237581995561,10321.550889205784,10321.550889205784,10534.839145932383,10534.839145932383,10510.83357032125,10510.83357032125,10658.045384518204,10658.045384518204,10628.26497812229,10628.26497812229,10729.583220765775,12022.365837894053,13686.461427905242
2022-05-28,10919.92702157373,10919.92702157373,10838.94715177867,10838.94715177867,12207.739073420162,12207.739073420162,12107.199421650781,12107.199421650781,13400.579031453837,13400.579031453837,13204.830511765686,13204.830511765686,10332.237581995561,10332.237581995561,10321.550889205784,10321.550889205784,10534.839145932383,10534.839145932383,10510.83357032125,10510.83357032125,10658.045384518204,10658.045384518204,10628.26497812229,10628.26497812229,10729.934501452073,12023.152884085566,13687.80503551751
2022-05-29,10919.61177509141,10919.61177509141,10838.63365672751,10838.63365672751,12207.032305184262,12207.032305184262,12106.498089303203,12106.498089303203,13399.414321678,13399.414321678,13203.682844794224,13203.682844794224,10332.237581995561,10332.237581995561,10321.550889205784,10321.550889205784,10534.839145932383,10534.839145932383,10510.83357032125,10510.83357032125,10658.045384518204,10658.045384518204,10628.26497812229,10628.26497812229,10729.624046516074,12022.457078423728,13686.615360478387
2022-05-30,10922.88502506986,10922.88502506986,10841.880356799933,10841.880356799933,12214.348016594224,12214.348016594224,12113.752703360113,12113.752703360113,13411.452671507974,13411.452671507974,13215.54451290057,13215.54451290057,10332.237581995561,10332.237581995561,10321.550889205784,10321.550889205784,10534.839145932383,10534.839145932383,10510.83357032125,10510.83357032125,10658.045384518204,10658.045384518204,10628.26497812229,10628.26497812229,10732.838864988473,12029.659871310105,13698.911428955555
2022-05-31,10924.799928250899,10924.799928250899,10843.767431812914,10843.767431812914,12218.344597998888,12218.344597998888,12117.593663818741,12117.593663818741,13417.015144733607,13417.015144733607,13220.672859916265,13220.672859916265,10332.237581995561,10332.237581995561,10321.550889205784,10321.550889205784,10534.839145932383,10534.839145932383,10510.83357032125,10510.83357032125,10658.045384518204,10658.045384518204,10628.26497812229,10628.26497812229,10734.683713968872,12033.628493636887,13704.613246546827
2022-06-01,10921.710993217092,10921.710993217092,10840.623645741862,10840.623645741862,12203.44488587906,12203.44488587906,12102.682143196405,12102.682143196405,13382.611004284332,13382.611004284332,13186.443710492485,13186.443710492485,10332.237581995561,10332.237581995561,10321.550889205784,10321.550889205784,10534.839145932383,10534.839145932383,10510.83357032125,10510.83357032125,10658.045384518204,10658.045384518204,10628.26497812229,10628.26497812229,10731.654793736914,12018.801852777498,13669.7382067825
2022-06-02,10924.677994567586,10924.677994567586,10843.542275114718,10843.542275114718,12213.070167832379,12213.070167832379,12112.241731008866,12112.241731008866,13400.764318613472,13400.764318613472,13204.391862238583,13204.391862238583,10332.237581995561,10332.237581995561,10321.550889205784,10321.550889205784,10534.839145932383,10534.839145932383,10510.83357032125,10510.83357032125,10658.045384518204,10658.045384518204,10628.26497812229,10628.26497812229,10734.53289781662,12028.328957203748,13688.232342334559
2022-06-03,10922.10320566477,10922.10320566477,10840.947263063126,10840.947263063126,12202.50758634786,12202.50758634786,12102.10967667624,12102.10967667624,13381.559986601937,13381.559986601937,13185.42226912513,13185.42226912513,10332.237581995561,10332.237581995561,10321.550889205784,10321.550889205784,10534.839145932383,10534.839145932383,10510.83357032125,10510.83357032125,10658.045384518204,10658.045384518204,10628.26497812229,10628.26497812229,10731.987467293193,12018.199299359616,13668.732331513158
2022-06-04,10920.031009067277,10920.031009067277,10838.959590146951,10838.959590146951,12199.159517177313,12199.159517177313,12098.722276811515,12098.722276811515,13375.622383146494,13375.622383146494,13179.512406213533,13179.512406213533,10332.237581995561,10332.237581995561,10321.550889205784,10321.550889205784,10534.839145932383,10534.839145932383,10510.83357032125,10510.83357032125,10658.045384518204,10658.045384518204,10628.26497812229,10628.26497812229,10729.997677513617,12014.944944508137,13662.62559587462
2022-06-05,10919.253190233534,10919.253190233534,10838.244947579647,10838.244947579647,12197.037301712317,12197.037301712317,12096.586504211627,12096.586504211627,13372.459426272717,13372.459426272717,13176.377334294544,13176.377334294544,10332.237581995561,10332.237581995561,10321.550889205784,10321.550889205784,10534.839145932383,10534.839145932383,10510.83357032125,10510.83357032125,10658.045384518204,10658.045384518204,10628.26497812229,10628.26497812229,10729.274723316397,12012.86563690127,13659.386108958233
2022-06-06,10921.017700421362,10921.017700421362,10839.989791491138,10839.989791491138,12207.494800436036,12207.494800436036,12106.97358356333,12106.97358356333,13389.833550052972,13389.833550052972,13193.567803660304,13193.567803660304,10332.237581995561,10332.237581995561,10321.550889205784,10321.550889205784,10537.669952758184,10537.669952758184,10513.60451228205,10513.60451228205,10660.876191344005,10660.876191344005,10631.03592008309,10631.03592008309,10730.995106064573,12023.264677281333,13676.986756002801
2022-06-07,10921.393351117615,10921.393351117615,10840.364262452566,10840.364262452566,12202.11650975909,12202.11650975909,12101.561325566076,12101.561325566076,13379.10855662291,13379.10855662291,13182.926951357105,13182.926951357105,10332.237581995561,10332.237581995561,10321.550889205784,10321.550889205784,10537.18622339352,10537.18622339352,10513.120782917387,10513.120782917387,10660.392461979342,10660.392461979342,10630.552190718427,10630.552190718427,10731.362792972555,12017.923239082293,13666.10643314828
2022-06-08,10921.045475512637,10921.045475512637,10840.014585130039,10840.014585130039,12195.79411090043,12195.79411090043,12095.220030617103,12095.220030617103,13368.191154066137,13368.191154066137,13172.034864518408,13172.034864518408,10332.237581995561,10332.237581995561,10321.550889205784,10321.550889205784,10535.31635259352,10535.31635259352,10511.250912117386,10511.250912117386,10658.52259117934,10658.52259117934,10628.682319918425,10628.682319918425,10731.013825683762,12011.6617100046,13655.078447212465
2022-06-09,10920.837858390256,10920.837858390256,10839.792542130908,10839.792542130908,12195.518798568257,12195.518798568257,12094.908075326557,12094.908075326557,13367.645167533228,13367.645167533228,13171.407546882976,13171.407546882976,10332.237581995561,10332.237581995561,10321.550889205784,10321.550889205784,10535.10037687721,10535.10037687721,10511.034936401076,10511.034936401076,10658.30661546303,10658.30661546303,10628.466344202116,10628.466344202116,10730.8160575315,12011.398227031417,13654.539576023306
2022-06-10,10914.046277080328,10914.046277080328,10833.076585182534,10833.076585182534,12174.646710364732,12174.646710364732,12074.204258996122,12074.204258996122,13329.86180280186,13329.86180280186,13134.124948443367,13134.124948443367,10332.237581995561,10332.237581995561,10321.550889205784,10321.550889205784,10533.055459101754,10533.055459101754,10508.99001862562,10508.99001862562,10656.261697687574,10656.261697687574,10626.42142642666,10626.42142642666,10724.186917217685,11990.794604285313,13616.101680701553
2022-06-11,10908.544411258272,10908.544411258272,10827.592535177646,10827.592535177646,12162.635787817602,12162.635787817602,12062.148748773776,12062.148748773776,13310.119243595005,13310.119243595005,13114.461002772392,13114.461002772392,10332.237581995561,10332.237581995561,10321.550889205784,10321.550889205784,10532.996293542457,10532.996293542457,10508.872741282872,10508.872741282872,10656.202532128278,10656.202532128278,10626.304149083911,10626.304149083911,10718.796138916772,11978.975282247615,13595.954942366885
2022-06-12,10905.578765182001,10905.578765182001,10824.593345250361,10824.593345250361,12156.060955701265,12156.060955701265,12055.563821041082,12055.563821041082,13299.353613981866,13299.353613981866,13103.702277424485,13103.702277424485,10332.237581995561,10332.237581995561,10321.550889205784,10321.550889205784,10532.996293542457,10532.996293542457,10508.872741282872,10508.872741282872,10656.202532128278,10656.202532128278,10626.304149083911,10626.304149083911,10715.895056381793,11972.529068372392,13584.932284226983
2022-06-13,10898.650845604074,10898.650845604074,10817.64158757934,10817.64158757934,12140.569035432727,12140.569035432727,12040.036895472427,12040.036895472427,13273.83798155311,13273.83798155311,13078.312680194453,13078.312680194453,10332.237581995561,10332.237581995561,10321.550889205784,10321.550889205784,10532.996293542457,10532.996293542457,10508.872741282872,10508.872741282872,10656.202532128278,10656.202532128278,10626.304149083911,10626.304149083911,10709.078832031391,11957.269802525598,13558.877144545546
2022-06-14,10895.761696214688,10895.761696214688,10814.705580774573,10814.705580774573,12134.122184761327,12134.122184761327,12033.47873913766,12033.47873913766,13263.272119615516,13263.272119615516,13067.633555773613,13067.633555773613,10332.237581995561,10332.237581995561,10321.550889205784,10321.550889205784,10532.996293542457,10532.996293542457,10508.872741282872,10508.872741282872,10656.202532128278,10656.202532128278,10626.304149083911,10626.304149083911,10706.239196522902,11950.921979615992,13548.080141496763
2022-06-15,10898.081134179385,10898.081134179385,10816.975397893302,10816.975397893302,12139.285008816885,12139.285008816885,12038.576316439425,12038.576316439425,13271.727280002207,13271.727280002207,13075.931096397082,13075.931096397082,10332.237581995561,10332.237581995561,10321.550889205784,10321.550889205784,10532.996293542457,10532.996293542457,10508.872741282872,10508.872741282872,10656.202532128278,10656.202532128278,10626.304149083911,10626.304149083911,10708.521187398404,11956.009909493168,13556.722329914393
2022-06-16,10885.774365856996,10885.774365856996,10804.817788951872,10804.817788951872,12111.88364369629,12111.88364369629,12011.337740781448,12011.337740781448,13226.831751865875,13226.831751865875,13031.582894754052,13031.582894754052,10332.237581995561,10332.237581995561,10321.550889205784,10321.550889205784,10532.996293542457,10532.996293542457,10508.872741282872,10508.872741282872,10656.202532128278,10656.202532128278,10626.304149083911,10626.304149083911,10696.420215649794,11929.010805164422,13510.844480687714
2022-06-17,10890.989912600651,10890.989912600651,10809.957994557346,10809.957994557346,12123.495038051045,12123.495038051045,12022.862878786465,12022.862878786465,13245.853604006921,13245.853604006921,13050.345977845882,13050.345977845882,10332.237581995561,10332.237581995561,10321.550889205784,10321.550889205784,10532.996293542457,10532.996293542457,10508.872741282872,10508.872741282872,10656.202532128278,10656.202532128278,10626.304149083911,10626.304149083911,10701.549506043712,11940.45241562259,13530.283970563007
2022-06-18,10886.39634954636,10886.39634954636,10805.452005764622,10805.452005764622,12113.274643676474,12113.274643676474,12012.713295943377,12012.713295943377,13229.125209815349,13229.125209815349,13033.83001824876,13033.83001824876,10332.237581995561,10332.237581995561,10321.550889205784,10321.550889205784,10532.996293542457,10532.996293542457,10508.872741282872,10508.872741282872,10656.202532128278,10656.202532128278,10626.304149083911,10626.304149083911,10697.026754520904,11930.377834993507,13513.180565301405
2022-06-19,10890.236033982465,10890.236033982465,10809.614813228289,10809.614813228289,12121.78680873013,12121.78680873013,12021.162566475343,12021.162566475343,13243.105353497218,13243.105353497218,13047.556867127963,13047.556867127963,10332.237581995561,10332.237581995561,10321.550889205784,10321.550889205784,10532.996293542457,10532.996293542457,10508.872741282872,10508.872741282872,10656.202532128278,10656.202532128278,10626.304149083911,10626.304149083911,10700.79380050462,11938.781720316383,13527.462801767217
2022-06-20,10887.743919891303,10887.743919891303,10807.140331011311,10807.140331011311,12116.250677486882,12116.250677486882,12015.660780342085,12015.660780342085,13234.017712553828,13234.017712553828,13038.608302303719,13038.608302303719,10332.237581995561,10332.237581995561,10321.550889205784,10321.550889205784,10532.996293542457,10532.996293542457,10508.872741282872,10508.872741282872,10656.202532128278,10656.202532128278,10626.304149083911,10626.304149083911,10698.348045119841,11933.321386445225,13518.179913109734
2022-06-21,10886.783634307636,10886.783634307636,10806.191745750757,10806.191745750757,12114.11460709391,12114.11460709391,12013.539764514459,12013.539764514459,13230.512466442866,13230.512466442866,13035.156092438609,13035.156092438609,10332.237581995561,10332.237581995561,10321.550889205784,10321.550889205784,10532.996293542457,10532.996293542457,10508.872741282872,10508.872741282872,10656.202532128278,10656.202532128278,10626.304149083911,10626.304149083911,10697.405438284788,11931.215898714025,13514.59965069992
2022-06-22,10880.371038963467,10880.371038963467,10799.848592371527,10799.848592371527,12096.632574772952,12096.632574772952,11995.984098357474,11995.984098357474,13201.794661752669,13201.794661752669,13006.64445768927,13006.64445768927,10332.237581995561,10332.237581995561,10321.550889205784,10321.550889205784,10532.996293542457,10532.996293542457,10508.872741282872,10508.872741282872,10656.202532128278,10656.202532128278,10626.304149083911,10626.304149083911,10691.113350839663,11914.019579768532,13485.249347692235
2022-06-23,10898.11115914575,10898.11115914575,10817.063348516731,10817.063348516731,12137.202812945523,12137.202812945523,12036.456398144974,12036.456398144974,13268.48858055041,13268.48858055041,13072.28625956785,13072.28625956785,10332.237581995561,10332.237581995561,10321.550889205784,10321.550889205784,10532.996293542457,10532.996293542457,10508.872741282872,10508.872741282872,10656.202532128278,10656.202532128278,10626.304149083911,10626.304149083911,10708.516847901266,11954.114958131595,13553.418455676292
2022-06-24,10899.203385856206,10899.203385856206,10818.391834488746,10818.391834488746,12142.846016212798,12142.846016212798,12042.267540149567,12042.267540149567,13281.14166426035,13281.14166426035,13084.721836074641,13084.721836074641,10332.237581995561,10332.237581995561,10321.550889205784,10321.550889205784,10532.996293542457,10532.996293542457,10508.872741282872,10508.872741282872,10656.202532128278,10656.202532128278,10626.304149083911,10626.304149083911,10709.738523507549,11959.618732600342,13566.34537522466
2022-06-25,10895.993803004652,10895.993803004652,10815.204801605678,10815.204801605678,12136.443360616026,12136.443360616026,12035.794764067801,12035.794764067801,13270.18801644896,13270.18801644896,13073.838733499053,13073.838733499053,10332.237581995561,10332.237581995561,10321.550889205784,10321.550889205784,10532.996293542457,10532.996293542457,10508.872741282872,10508.872741282872,10656.202532128278,10656.202532128278,10626.304149083911,10626.304149083911,10706.58610328654,11953.310514910027,13555.142830898778
2022-06-26,10893.987820427323,10893.987820427323,10813.070128833142,10813.070128833142,12127.715888324507,12127.715888324507,12027.069612438034,12027.069612438034,13252.904299128415,13252.904299128415,13056.528136643841,13056.528136643841,10332.237581995561,10332.237581995561,10321.550889205784,10321.550889205784,10532.996293542457,10532.996293542457,10508.872741282872,10508.872741282872,10656.202532128278,10656.202532128278,10626.304149083911,10626.304149083911,10704.634786892468,11944.6981044377,13537.54751402633
2022-06-27,10893.325200187286,10893.325200187286,10812.488521312474,10812.488521312474,12125.313101800542,12125.313101800542,12024.5931632915,12024.5931632915,13249.191871751946,13249.191871751946,13052.878191881631,13052.878191881631,10332.237581995561,10332.237581995561,10321.550889205784,10321.550889205784,10532.996293542457,10532.996293542457,10508.872741282872,10508.872741282872,10656.202532128278,10656.202532128278,10626.304149083911,10626.304149083911,10703.974897827658,11942.302985500859,13533.75836167569
2022-06-28,10900.854631333294,10900.854631333294,10819.82114159997,10819.82114159997,12137.953987119796,12137.953987119796,12037.006204953319,12037.006204953319,13266.687295477188,13266.687295477188,13070.106775110326,13070.106775110326,10332.237581995561,10332.237581995561,10321.550889205784,10321.550889205784,10532.996293542457,10532.996293542457,10508.872741282872,10508.872741282872,10656.202532128278,10656.202532128278,10626.304149083911,10626.304149083911,10711.30280669427,11954.815121943097,13551.691070651608
2022-06-29,10894.084666646828,10894.084666646828,10813.206101582864,10813.206101582864,12123.780512503543,12123.780512503543,12022.675407411807,12022.675407411807,13242.564505395483,13242.564505395483,13045.910922645608,13045.910922645608,10332.237581995561,10332.237581995561,10321.550889205784,10321.550889205784,10532.996293542457,10532.996293542457,10508.872741282872,10508.872741282872,10656.202532128278,10656.202532128278,10626.304149083911,10626.304149083911,10704.677528107706,11940.778599181072,13527.074673106297
2022-06-30,10886.365828868351,10886.365828868351,10805.623737613767,10805.623737613767,12106.942937029007,12106.942937029007,12005.960569643205,12005.960569643205,13214.9978441338,13214.9978441338,13018.642395079738,13018.642395079738,10332.237581995561,10332.237581995561,10321.550889205784,10321.550889205784,10532.996293542457,10532.996293542457,10508.872741282872,10508.872741282872,10656.202532128278,10656.202532128278,10626.304149083911,10626.304149083911,10697.143156662318,11924.126951531844,13498.905138703456
2022-07-01,10884.859095216174,10884.859095216174,10804.1445501841,10804.1445501841,12102.856524113233,12102.856524113233,12001.930825007381,12001.930825007381,13208.249013588578,13208.249013588578,13011.993729734717,13011.993729734717,10332.237581995561,10332.237581995561,10321.550889205784,10321.550889205784,10532.996293542457,10532.996293542457,10508.872741282872,10508.872741282872,10656.202532128278,10656.202532128278,10626.304149083911,10626.304149083911,10695.675081869598,11920.088984350194,13492.009832041605
2022-07-02,10901.203923752386,10901.203923752386,10820.26837419079,10820.26837419079,12139.30229628675,12139.30229628675,12038.201954031249,12038.201954031249,13268.150307920208,13268.150307920208,13070.884142150597,13070.884142150597,10332.237581995561,10332.237581995561,10321.550889205784,10321.550889205784,10532.996293542457,10532.996293542457,10508.872741282872,10508.872741282872,10656.202532128278,10656.202532128278,10626.304149083911,10626.304149083911,10711.69852520754,11956.067715162919,13553.199756973669
2022-07-03,10897.57777348571,10897.57777348571,10816.564253525274,10816.564253525274,12131.267064401662,12131.267064401662,12030.09696595602,12030.09696595602,13254.996480568328,13254.996480568328,13057.701238884778,13057.701238884778,10332.237581995561,10332.237581995561,10321.550889205784,10321.550889205784,10532.996293542457,10532.996293542457,10508.872741282872,10508.872741282872,10656.202532128278,10656.202532128278,10626.304149083911,10626.304149083911,10708.118899637937,11948.168479802513,13539.7719739033
2022-07-04,10898.796624265746,10898.796624265746,10817.7747850482,10817.7747850482,12133.95996882865,12133.95996882865,12032.765445809027,12032.765445809027,13259.47451108309,13259.47451108309,13062.109870526589,13062.109870526589,10332.237581995561,10332.237581995561,10321.550889205784,10321.550889205784,10532.996293542457,10532.996293542457,10508.872741282872,10508.872741282872,10656.202532128278,10656.202532128278,10626.304149083911,10626.304149083911,10709.317642376178,11950.820790400685,13544.34694722354
2022-07-05,10895.287668122643,10895.287668122643,10814.204720139836,10814.204720139836,12125.791624479605,12125.791624479605,12024.51660281334,12024.51660281334,13246.075490901329,13246.075490901329,13048.64556352637,13048.64556352637,10332.237581995561,10332.237581995561,10321.550889205784,10321.550889205784,10532.996293542457,10532.996293542457,10508.872741282872,10508.872741282872,10656.202532128278,10656.202532128278,10626.304149083911,10626.304149083911,10705.863555747768,11942.772347557586,13530.653349885926
2022-07-06,10900.508057905936,10900.508057905936,10819.360621328296,10819.360621328296,12137.775489357356,12137.775489357356,12036.217726258863,12036.217726258863,13265.706495828403,13265.706495828403,13067.695925453561,13067.695925453561,10332.237581995561,10332.237581995561,10321.550889205784,10321.550889205784,10532.996293542457,10532.996293542457,10508.872741282872,10508.872741282872,10656.202532128278,10656.202532128278,10626.304149083911,10626.304149083911,10711.018752955519,11954.55227175704,13550.693400793278
2022-07-07,10902.186248344859,10902.186248344859,10820.994710683504,10820.994710683504,12143.86873234885,12143.86873234885,12042.174696759766,12042.174696759766,13277.167862050172,13277.167862050172,13078.89515043103,13078.89515043103,10332.237581995561,10332.237581995561,10321.550889205784,10321.550889205784,10532.996293542457,10532.996293542457,10508.872741282872,10508.872741282872,10656.202532128278,10656.202532128278,10626.304149083911,10626.304149083911,10712.670832113392,11960.543197876848,13562.416593715636
2022-07-08,10911.164424934399,10911.164424934399,10829.913115519983,10829.913115519983,12160.401967474583,12160.401967474583,12058.164937619178,12058.164937619178,13301.95938439354,13301.95938439354,13102.592790496117,13102.592790496117,10332.237581995561,10332.237581995561,10321.550889205784,10321.550889205784,10532.996293542457,10532.996293542457,10508.872741282872,10508.872741282872,10656.202532128278,10656.202532128278,10626.304149083911,10626.304149083911,10721.544467736403,11976.739344419986,13587.722674012126
2022-07-09,10907.147239524551,10907.147239524551,10825.89550555418,10825.89550555418,12153.96179165419,12153.96179165419,12051.792364897326,12051.792364897326,13291.929515208125,13291.929515208125,13092.771565468429,13092.771565468429,10332.237581995561,10332.237581995561,10321.550889205784,10321.550889205784,10532.996293542457,10532.996293542457,10508.872741282872,10508.872741282872,10656.202532128278,10656.202532128278,10626.304149083911,10626.304149083911,10717.583576514755,11970.40776634647,13577.474797120018
2022-07-10,10905.645042822098,10905.645042822098,10824.401166838697,10824.401166838697,12142.686194883257,12142.686194883257,12040.614948322132,12040.614948322132,13269.390900169823,13269.390900169823,13071.16174854007,13071.16174854007,10332.237581995561,10332.237581995561,10321.550889205784,10321.550889205784,10532.996293542457,10532.996293542457,10508.872741282872,10508.872741282872,10656.202532128278,10656.202532128278,10626.304149083911,10626.304149083911,10716.087667342985,11959.24946128665,13554.595638142888
2022-07-11,10897.309762707153,10897.309762707153,10816.013548435152,10816.013548435152,12113.417383473954,12113.417383473954,12011.584797808475,12011.584797808475,13213.485923973334,13213.485923973334,13016.64517784351,13016.64517784351,10332.237581995561,10332.237581995561,10321.550889205784,10321.550889205784,10532.996293542457,10532.996293542457,10508.872741282872,10508.872741282872,10656.202532128278,10656.202532128278,10626.304149083911,10626.304149083911,10707.84926735069,11930.457869843633,13497.762965177164
2022-07-12,10890.512062875861,10890.512062875861,10809.15837024139,10809.15837024139,12094.160024135701,12094.160024135701,11992.364247428086,11992.364247428086,13179.715060025212,13179.715060025212,12983.670559205875,12983.670559205875,10332.237581995561,10332.237581995561,10321.550889205784,10321.550889205784,10532.996293542457,10532.996293542457,10508.872741282872,10508.872741282872,10656.202532128278,10656.202532128278,10626.304149083911,10626.304149083911,10701.137196794889,11911.500963652628,13463.366263126669
2022-07-13,10892.55700620505,10892.55700620505,10811.156411642012,10811.156411642012,12105.79770280627,12105.79770280627,12003.75033845853,12003.75033845853,13199.047198851309,13199.047198851309,13001.709733489044,13001.709733489044,10332.237581995561,10332.237581995561,10321.550889205784,10321.550889205784,10532.996293542457,10532.996293542457,10508.872741282872,10508.872741282872,10656.202532128278,10656.202532128278,10626.304149083911,10626.304149083911,10703.181437152185,11922.980801496185,13483.006493469604
2022-07-14,10901.760624219662,10901.760624219662,10820.260232638891,10820.260232638891,12130.689405359248,12130.689405359248,12028.212836460678,12028.212836460678,13244.75464787122,13244.75464787122,13046.243313808083,13046.243313808083,10332.237581995561,10332.237581995561,10321.550889205784,10321.550889205784,10532.996293542457,10532.996293542457,10508.872741282872,10508.872741282872,10656.202532128278,10656.202532128278,10626.304149083911,10626.304149083911,10712.265492135724,11947.45696082517,13529.650926983086
2022-07-15,10899.199465470329,10899.199465470329,10817.701827127317,10817.701827127317,12125.978153201318,12125.978153201318,12023.572295861764,12023.572295861764,13237.57474160377,13237.57474160377,13038.960383715686,13038.960383715686,10332.237581995561,10332.237581995561,10321.550889205784,10321.550889205784,10532.956086539552,10532.956086539552,10508.791965676315,10508.791965676315,10656.162325125373,10656.162325125373,10626.223373477354,10626.223373477354,10709.731325745468,11942.842471062855,13522.284370635003
2022-07-16,10904.535947991551,10904.535947991551,10823.02597692397,10823.02597692397,12143.186643579265,12143.186643579265,12040.538660958395,12040.538660958395,13266.932299545102,13266.932299545102,13067.51427407446,13067.51427407446,10332.237581995561,10332.237581995561,10321.550889205784,10321.550889205784,10534.876443370425,10534.876443370425,10510.712322507188,10510.712322507188,10658.082681956246,10658.082681956246,10628.143730308228,10628.143730308228,10714.996697554494,11959.741942859084,13552.234911168334
2022-07-17,10902.697433669427,10902.697433669427,10821.034146182905,10821.034146182905,12135.208308706604,12135.208308706604,12032.231210120046,12032.231210120046,13247.911673436465,13247.911673436465,13048.361297003727,13048.361297003727,10331.515352543038,10331.515352543038,10320.751191595684,10320.751191595684,10533.723920745077,10533.723920745077,10509.474834805791,10509.474834805791,10656.906861606623,10656.906861606623,10626.90624260683,10626.90624260683,10713.196128206017,11951.894371713068,13532.929572446421
2022-07-18,10942.50869434614,10942.50869434614,10860.411851099796,10860.411851099796,12246.129395402446,12246.129395402446,12141.91806888671,12141.91806888671,13457.564112284846,13457.564112284846,13253.622534866094,13253.622534866094,10336.577652543037,10336.577652543037,10325.813491595683,10325.813491595683,10542.052220745078,10542.052220745078,10517.803134805792,10517.803134805792,10665.398461606623,10665.398461606623,10635.234542606831,10635.234542606831,10752.190226306217,12061.002436418414,13746.518636704064
2022-07-19,10936.25112146588,10936.25112146588,10853.871648981642,10853.871648981642,12239.619560360188,12239.619560360188,12134.645434012315,12134.645434012315,13479.206685975423,13479.206685975423,13273.302524494364,13273.302524494364,10336.495845399937,10336.495845399937,10325.649918223282,10325.649918223282,10541.917634799976,10541.917634799976,10517.534030225392,10517.534030225392,10665.261236721422,10665.261236721422,10634.965438026431,10634.965438026431,10746.041611390281,12054.581311505504,13768.404356432955
2022-07-20,10912.170041159909,10912.170041159909,10829.921066356981,10829.921066356981,12171.913323190458,12171.913323190458,12067.543050198708,12067.543050198708,13364.9397412139,13364.9397412139,13160.79468579703,13160.79468579703,10336.495845399937,10336.495845399937,10325.649918223282,10325.649918223282,10541.917634799976,10541.917634799976,10517.534030225392,10517.534030225392,10665.261236721422,10665.261236721422,10634.965438026431,10634.965438026431,10722.358923670816,11987.968442882486,13651.74516222612
2022-07-21,10923.544889797662,10923.544889797662,10841.216001700068,10841.216001700068,12204.195385203642,12204.195385203642,12099.544679798579,12099.544679798579,13437.104363117947,13437.104363117947,13231.82279344202,13231.82279344202,10336.495845399937,10336.495845399937,10325.649918223282,10325.649918223282,10541.917634799976,10541.917634799976,10517.534030225392,10517.534030225392,10665.261236721422,10665.261236721422,10634.965438026431,10634.965438026431,10733.539041176437,12019.73592985219,13725.472286755268
2022-07-22,10913.296735218553,10913.296735218553,10831.033731621757,10831.033731621757,12169.273582024522,12169.273582024522,12064.729855230771,12064.729855230771,13372.582673302562,13372.582673302562,13167.71795835392,13167.71795835392,10336.495845399937,10336.495845399937,10325.649918223282,10325.649918223282,10541.917634799976,10541.917634799976,10517.534030225392,10517.534030225392,10665.261236721422,10665.261236721422,10634.965438026431,10634.965438026431,10723.479429906469,11985.517336583624,13659.50343857628
2022-07-23,10915.4911228084,10915.4911228084,10833.226119323785,10833.226119323785,12186.86990455125,12186.86990455125,12081.810403364761,12081.810403364761,13384.212991609105,13384.212991609105,13179.363216826147,13179.363216826147,10336.495845399937,10336.495845399937,10325.649918223282,10325.649918223282,10541.917634799976,10541.917634799976,10517.534030225392,10517.534030225392,10665.261236721422,10665.261236721422,10634.965438026431,10634.965438026431,10725.642926923518,12002.553457434518,13671.51019878086
2022-07-24,10913.83979586664,10913.83979586664,10831.342127397296,10831.342127397296,12184.986782323018,12184.986782323018,12079.589480467957,12079.589480467957,13386.99659043131,13386.99659043131,13180.52324256366,13180.52324256366,10336.495845399937,10336.495845399937,10325.649918223282,10325.649918223282,10541.917634799976,10541.917634799976,10517.534030225392,10517.534030225392,10665.261236721422,10665.261236721422,10634.965438026431,10634.965438026431,10724.0095275683,12000.834401881773,13674.261000844323
2022-07-25,10890.808085561119,10890.808085561119,10808.303252286472,10808.303252286472,12094.736114707594,12094.736114707594,11990.47884488171,11990.47884488171,13227.788673539511,13227.788673539511,13023.393778288482,13023.393778288482,10336.495845399937,10336.495845399937,10325.649918223282,10325.649918223282,10541.917634799976,10541.917634799976,10517.534030225392,10517.534030225392,10665.261236721422,10665.261236721422,10634.965438026431,10634.965438026431,10701.298816815424,11912.275183588705,13511.840927103278
2022-07-26,10888.08876450522,10888.08876450522,10805.448516045062,10805.448516045062,12085.758866363285,12085.758866363285,11981.352580256655,11981.352580256655,13223.727690493633,13223.727690493633,13018.687070573244,13018.687070573244,10336.495845399937,10336.495845399937,10325.649918223282,10325.649918223282,10541.917634799976,10541.917634799976,10517.534030225392,10517.534030225392,10665.261236721422,10665.261236721422,10634.965438026431,10634.965438026431,10698.583700052948,11903.58954022406,13507.644216135675
2022-07-27,10909.917220411033,10909.917220411033,10826.095710455998,10826.095710455998,12151.174381067196,12151.174381067196,12046.217590185202,12046.217590185202,13361.640105936604,13361.640105936604,13154.280235843224,13154.280235843224,10336.495845399937,10336.495845399937,10325.649918223282,10325.649918223282,10541.917634799976,10541.917634799976,10517.534030225392,10517.534030225392,10665.261236721422,10665.261236721422,10634.965438026431,10634.965438026431,10719.173703001125,11968.194441291987,13648.944886808242
2022-07-28,10918.271930917825,10918.271930917825,10833.990906949446,10833.990906949446,12176.387508066517,12176.387508066517,12070.65180209144,12070.65180209144,13416.210291032707,13416.210291032707,13207.147817312229,13207.147817312229,10338.399666561336,10338.399666561336,10327.455911668882,10327.455911668882,10545.037786147826,10545.037786147826,10520.493852816791,10520.493852816791,10668.434271990422,10668.434271990422,10637.92526061783,10637.92526061783,10727.251891553009,11993.109126068,13704.709572591226
2022-07-29,10912.869643037058,10912.869643037058,10828.323732711176,10828.323732711176,12174.60257765638,12174.60257765638,12068.240426300983,12068.240426300983,13502.752747279877,13502.752747279877,13291.20766535863,13291.20766535863,10338.299935500336,10338.299935500336,10327.256499424882,10327.256499424882,10554.949786147827,10554.949786147827,10530.405852816792,10530.405852816792,10678.514271990422,10678.514271990422,10647.83726061783,10647.83726061783,10721.945608652439,11991.328528985616,13793.08716661699
2022-07-30,10886.689032973913,10886.689032973913,10802.09248378414,10802.09248378414,12115.835864483726,12115.835864483726,12009.378148153623,12009.378148153623,13422.895055841796,13422.895055841796,13211.949999849165,13211.949999849165,10338.299935500336,10338.299935500336,10327.256499424882,10327.256499424882,10554.769365875347,10554.769365875347,10530.052161595062,10530.052161595062,10674.823089662223,10674.823089662223,10644.2075979951,10644.2075979951,10696.100095575386,11933.478499486324,13711.54667724873
2022-07-31,10878.635007864696,10878.635007864696,10794.113781417254,10794.113781417254,12093.894685654408,12093.894685654408,11987.623632292874,11987.623632292874,13390.37028791159,13390.37028791159,13180.20382799102,13180.20382799102,10338.299935500336,10338.299935500336,10327.256499424882,10327.256499424882,10554.769365875347,10554.769365875347,10530.052161595062,10530.052161595062,10672.153089662223,10672.153089662223,10641.5820979951,10641.5820979951,10688.162335655912,11911.828041290475,13678.430381329708
2022-08-01,10878.535237086826,10878.535237086826,10793.869873264972,10793.869873264972,12093.782215010595,12093.782215010595,11987.216816807822,11987.216816807822,13383.014608479314,13383.014608479314,13172.47281588738,13172.47281588738,10338.299935500336,10338.299935500336,10327.256499424882,10327.256499424882,10554.769365875347,10554.769365875347,10530.052161595062,10530.052161595062,10671.989140160222,10671.989140160222,10641.2538475539,10641.2538475539,10688.089304666075,11911.695395700985,13670.971932486755
2022-08-02,10872.526956709273,10872.526956709273,10787.64287301173,10787.64287301173,12079.618822862474,12079.618822862474,11972.58601990838,11972.58601990838,13353.57319556871,13353.57319556871,13142.250719137483,13142.250719137483,10338.299935500336,10338.299935500336,10327.256499424882,10327.256499424882,10554.769365875347,10554.769365875347,10530.052161595062,10530.052161595062,10671.989140160222,10671.989140160222,10641.2538475539,10641.2538475539,10682.129394839274,11897.711466391367,13640.965584531186
2022-08-03,10876.567768693521,10876.567768693521,10791.404689848478,10791.404689848478,12088.7098019208,12088.7098019208,11981.039312595802,11981.039312595802,13366.439970567952,13366.439970567952,13154.466533664912,13154.466533664912,10338.299935500336,10338.299935500336,10327.256499424882,10327.256499424882,10554.769365875347,10554.769365875347,10530.052161595062,10530.052161595062,10671.989140160222,10671.989140160222,10641.2538475539,10641.2538475539,10686.17952449737,11906.662272169448,13654.127702022874
2022-08-04,10876.779285464483,10876.779285464483,10791.490659450541,10791.490659450541,12100.20928144838,12100.20928144838,11992.305392950504,11992.305392950504,13383.109323087348,13383.109323087348,13170.621442266905,13170.621442266905,10338.299935500336,10338.299935500336,10327.256499424882,10327.256499424882,10554.769365875347,10554.769365875347,10530.052161595062,10530.052161595062,10671.989140160222,10671.989140160222,10641.2538475539,10641.2538475539,10686.424780638275,11918.04452259045,13671.064762714896
2022-08-05,10889.43663875292,10889.43663875292,10804.014790786472,10804.014790786472,12128.948368740328,12128.948368740328,12020.777638270765,12020.777638270765,13442.39536817673,13442.39536817673,13228.912178682926,13228.912178682926,10338.299935500336,10338.299935500336,10327.256499424882,10327.256499424882,10554.769365875347,10554.769365875347,10530.052161595062,10530.052161595062,10671.989140160222,10671.989140160222,10641.2538475539,10641.2538475539,10698.875305250944,11946.359549154231,13731.56931873692
2022-08-06,10892.219451010613,10892.219451010613,10806.56441446109,10806.56441446109,12126.883902896845,12126.883902896845,12018.101621131525,12018.101621131525,13431.940224050455,13431.940224050455,13217.852792092372,13217.852792092372,10338.299935500336,10338.299935500336,10327.256499424882,10327.256499424882,10554.769365875347,10554.769365875347,10530.052161595062,10530.052161595062,10671.989140160222,10671.989140160222,10641.2538475539,10641.2538475539,10701.602972173598,11944.226867590083,13721.042611069252
2022-08-07,10891.433270509875,10891.433270509875,10805.634747317785,10805.634747317785,12134.203052486435,12134.203052486435,12025.169343842565,12025.169343842565,13441.998700060238,13441.998700060238,13227.401319175257,13227.401319175257,10338.299935500336,10338.299935500336,10327.256499424882,10327.256499424882,10554.769365875347,10554.769365875347,10530.052161595062,10530.052161595062,10671.989140160222,10671.989140160222,10641.2538475539,10641.2538475539,10700.848708927933,11951.538803931864,13731.160173298318
2022-08-08,10894.64187235509,10894.64187235509,10808.6443215655,10808.6443215655,12143.055536408307,12143.055536408307,12033.959598492358,12033.959598492358,13464.686362115375,13464.686362115375,13249.80876158562,13249.80876158562,10338.299935500336,10338.299935500336,10327.256499424882,10327.256499424882,10554.769365875347,10554.769365875347,10530.052161595062,10530.052161595062,10671.989140160222,10671.989140160222,10641.2538475539,10641.2538475539,10704.030412977047,11960.274516353606,13754.267099884804
2022-08-09,10882.944366812013,10882.944366812013,10797.049923852652,10797.049923852652,12117.103457464656,12117.103457464656,12008.044481725214,12008.044481725214,13418.226985508443,13418.226985508443,13203.056182586715,13203.056182586715,10338.299935500336,10338.299935500336,10327.256499424882,10327.256499424882,10554.769365875347,10554.769365875347,10530.052161595062,10530.052161595062,10671.989140160222,10671.989140160222,10641.2538475539,10641.2538475539,10692.468750604428,11934.75035746017,13706.979270995313
2022-08-10,10901.846327455092,10901.846327455092,10815.618892955017,10815.618892955017,12172.343468113791,12172.343468113791,12061.886629772824,12061.886629772824,13505.21561110938,13505.21561110938,13288.482689925062,13288.482689925062,10338.299935500336,10338.299935500336,10327.256499424882,10327.256499424882,10554.769365875347,10554.769365875347,10530.052161595062,10530.052161595062,10677.416486879101,10677.416486879101,10646.519092087254,10646.519092087254,10711.27506248008,11988.975693040473,13795.470738535903
2022-08-11,10902.533517515863,10902.533517515863,10816.089410371776,10816.089410371776,12161.451926857617,12161.451926857617,12050.411089043408,12050.411089043408,13481.022473191408,13481.022473191408,13263.635169402163,13263.635169402163,10338.299935500336,10338.299935500336,10327.256499424882,10327.256499424882,10554.769365875347,10554.769365875347,10530.052161595062,10530.052161595062,10677.237565456631,10677.237565456631,10646.172709355034,10646.172709355034,10711.859132631602,11978.27301330402,13770.814870495436
2022-08-12,10911.872156714337,10911.872156714337,10825.134228396599,10825.134228396599,12188.89578244448,12188.89578244448,12077.134119938091,12077.134119938091,13528.21940939911,13528.21940939911,13309.753668309473,13309.753668309473,10338.299935500336,10338.299935500336,10327.256499424882,10327.256499424882,10554.769365875347,10554.769365875347,10530.052161595062,10530.052161595062,10677.237565456631,10677.237565456631,10646.172709355034,10646.172709355034,10721.05067533381,12005.206905067402,13818.956113481358
2022-08-13,10923.445066345601,10923.445066345601,10836.380338801566,10836.380338801566,12208.686869377823,12208.686869377823,12096.369587773783,12096.369587773783,13545.498478309652,13545.498478309652,13326.297335235584,13326.297335235584,10338.299935500336,10338.299935500336,10327.256499424882,10327.256499424882,10554.769365875347,10554.769365875347,10530.052161595062,10530.052161595062,10677.237565456631,10677.237565456631,10646.172709355034,10646.172709355034,10732.411058781508,12024.678913632715,13836.614301449212
2022-08-14,10911.333317418494,10911.333317418494,10824.409268296491,10824.409268296491,12176.647645443332,12176.647645443332,12064.54863109227,12064.54863109227,13486.414748931908,13486.414748931908,13267.94309915667,13267.94309915667,10338.299935500336,10338.299935500336,10327.256499424882,10327.256499424882,10554.769365875347,10554.769365875347,10530.052161595062,10530.052161595062,10677.237565456631,10677.237565456631,10646.172709355034,10646.172709355034,10720.535868439172,11993.071322262236,13776.34735851397
2022-08-15,10903.383905594941,10903.383905594941,10816.54669455883,10816.54669455883,12152.32811896445,12152.32811896445,12040.008557276817,12040.008557276817,13442.928648548292,13442.928648548292,13224.51275185647,13224.51275185647,10338.299935500336,10338.299935500336,10327.256499424882,10327.256499424882,10554.769365875347,10554.769365875347,10530.052161595062,10530.052161595062,10677.237565456631,10677.237565456631,10646.172709355034,10646.172709355034,10712.73163634817,11969.012562168558,13731.924202454597
2022-08-16,10895.524795694388,10895.524795694388,10808.77537360951,10808.77537360951,12171.354504610503,12171.354504610503,12058.177977591295,12058.177977591295,13461.666650777393,13461.666650777393,13241.300805255109,13241.300805255109,10338.299935500336,10338.299935500336,10327.256499424882,10327.256499424882,10554.769365875347,10554.769365875347,10530.052161595062,10530.052161595062,10675.368425180468,10675.368425180468,10644.13484623157,10644.13484623157,10705.027658231034,11987.75872948861,13751.151017411517
2022-08-17,10886.143307684359,10886.143307684359,10799.310330207007,10799.310330207007,12121.898808667824,12121.898808667824,12008.845045350994,12008.845045350994,13384.295596027792,13384.295596027792,13164.709466120186,13164.709466120186,10338.299935500336,10338.299935500336,10327.256499424882,10327.256499424882,10554.769365875347,10554.769365875347,10530.052161595062,10530.052161595062,10675.200788147058,10675.200788147058,10643.800433373908,10643.800433373908,10695.808822893898,11939.028838772729,13672.083505338762
2022-08-18,10871.646811843711,10871.646811843711,10784.611797688816,10784.611797688816,12088.125335222438,12088.125335222438,11975.081148530579,11975.081148530579,13334.05274939256,13334.05274939256,13114.307644805245,13114.307644805245,10338.299935500336,10338.299935500336,10327.256499424882,10327.256499424882,10554.769365875347,10554.769365875347,10530.052161595062,10530.052161595062,10674.148715387802,10674.148715387802,10642.608257015703,10642.608257015703,10681.597523495695,11905.807691637097,13620.758701853714
2022-08-19,10849.781818230422,10849.781818230422,10762.964237149346,10762.964237149346,12010.487863051483,12010.487863051483,11899.864320682102,11899.864320682102,13211.363481751325,13211.363481751325,12992.113629984005,12992.113629984005,10338.299935500336,10338.299935500336,10327.256499424882,10327.256499424882,10540.476073019647,10540.476073019647,10515.619654406863,10515.619654406863,10659.980056309603,10659.980056309603,10628.439597937504,10628.439597937504,10660.176939237492,11831.578586908776,13495.918431782793
2022-08-20,10848.211503970411,10848.211503970411,10761.22643940129,10761.22643940129,12001.258557266554,12001.258557266554,11890.052422390607,11890.052422390607,13198.505881638224,13198.505881638224,12978.380988585599,12978.380988585599,10338.299935500336,10338.299935500336,10327.256499424882,10327.256499424882,10540.350417292146,10540.350417292146,10515.369142391863,10515.369142391863,10659.854400582102,10659.854400582102,10628.189085922504,10628.189085922504,10658.611386465394,11822.515240159355,13482.885212593708
2022-08-21,10855.516983546973,10855.516983546973,10768.410789784499,10768.410789784499,12024.134040257059,12024.134040257059,11912.624720343918,11912.624720343918,13244.377796110131,13244.377796110131,13022.936683087693,13022.936683087693,10338.299935500336,10338.299935500336,10327.256499424882,10327.256499424882,10540.350417292146,10540.350417292146,10515.369142391863,10515.369142391863,10659.854400582102,10659.854400582102,10628.189085922504,10628.189085922504,10665.863133753164,11845.265483120262,13529.749108403852
2022-08-22,10851.63811962545,10851.63811962545,10764.548721108516,10764.548721108516,12015.383425543127,12015.383425543127,11903.964114401015,11903.964114401015,13229.720986923534,13229.720986923534,13008.464107640604,13008.464107640604,10338.299935500336,10338.299935500336,10327.256499424882,10327.256499424882,10540.350417292146,10540.350417292146,10515.369142391863,10515.369142391863,10659.854400582102,10659.854400582102,10628.189085922504,10628.189085922504,10662.077866937687,11836.682739081582,13514.716632771533
2022-08-23,10845.447245081928,10845.447245081928,10758.349706740708,10758.349706740708,12003.252719606007,12003.252719606007,11891.819703909807,11891.819703909807,13209.031917338652,13209.031917338652,12988.103026394529,12988.103026394529,10338.299935500336,10338.299935500336,10327.256499424882,10327.256499424882,10540.350417292146,10540.350417292146,10515.369142391863,10515.369142391863,10659.854400582102,10659.854400582102,10628.189085922504,10628.189085922504,10658.712355721495,11829.792542473913,13505.422669639485
2022-08-24,10840.047806206336,10840.047806206336,10752.9658162439,10752.9658162439,11993.161827769873,11993.161827769873,11881.697339068907,11881.697339068907,13188.042995166315,13188.042995166315,12967.484695955505,12967.484695955505,10338.299935500336,10338.299935500336,10327.256499424882,10327.256499424882,10540.350417292146,10540.350417292146,10515.369142391863,10515.369142391863,10659.854400582102,10659.854400582102,10628.189085922504,10628.189085922504,10653.277572352414,11818.038409111017,13483.670822162238
2022-08-25,10843.367708470285,10843.367708470285,10756.248777054352,10756.248777054352,12004.4967633382,12004.4967633382,11892.941305962653,11892.941305962653,13208.95878439699,13208.95878439699,12987.975004489883,12987.975004489883,10338.299935500336,10338.299935500336,10327.256499424882,10327.256499424882,10541.604261108096,10541.604261108096,10516.542990055663,10516.542990055663,10661.108244398052,10661.108244398052,10629.362933586304,10629.362933586304,10656.40918083967,11829.085000649466,13504.988955445644
2022-08-26,10826.833597237499,10826.833597237499,10739.896676273518,10739.896676273518,11955.678265513781,11955.678265513781,11844.498986898032,11844.498986898032,13113.141906023684,13113.141906023684,12893.802547460975,12893.802547460975,10338.299935500336,10338.299935500336,10327.256499424882,10327.256499424882,10535.780547276254,10535.780547276254,10510.719276223821,10510.719276223821,10655.28453056621,10655.28453056621,10623.539219754462,10623.539219754462,10640.299804477232,11781.045362607441,13407.10310591661
2022-08-27,10833.597577714134,10833.597577714134,10746.301299880435,10746.301299880435,11968.431968296436,11968.431968296436,11856.85179055316,11856.85179055316,13134.081266774836,13134.081266774836,12913.8227464517,12913.8227464517,10338.299935500336,10338.299935500336,10327.256499424882,10327.256499424882,10535.379189366815,10535.379189366815,10510.317918314382,10510.317918314382,10654.883172656771,10654.883172656771,10623.137861845024,10623.137861845024,10646.71653442325,11793.386237701743,13428.499302942708
2022-08-28,10825.405365329005,10825.405365329005,10738.090553411677,10738.090553411677,11947.377926807003,11947.377926807003,11835.810967557763,11835.810967557763,13098.232477780264,13098.232477780264,12878.530226750487,12878.530226750487,10338.299935500336,10338.299935500336,10327.256499424882,10327.256499424882,10535.309791304076,10535.309791304076,10510.173608277792,10510.173608277792,10654.65845822197,10654.65845822197,10622.87707868207,10622.87707868207,10638.670997943924,11772.894234301884,13391.885692600574
2022-08-29,10828.620148769121,10828.620148769121,10741.282004256744,10741.282004256744,11953.13287329608,11953.13287329608,11841.20023757356,11841.20023757356,13107.783557443301,13107.783557443301,12887.47122900872,12887.47122900872,10338.299935500336,10338.299935500336,10327.256499424882,10327.256499424882,10535.309791304076,10535.309791304076,10510.173608277792,10510.173608277792,10655.985871802357,10655.985871802357,10624.204492262457,10624.204492262457,10641.777483317182,11778.403424348671,13401.542220773292
2022-08-30,10814.172733654868,10814.172733654868,10726.859600947026,10726.859600947026,11921.541986842176,11921.541986842176,11809.711010532656,11809.711010532656,13055.679315201953,13055.679315201953,12835.740433569548,12835.740433569548,10338.299935500336,10338.299935500336,10327.256499424882,10327.256499424882,10535.309791304076,10535.309791304076,10510.173608277792,10510.173608277792,10655.405200245325,10655.405200245325,10623.623820705425,10623.623820705425,10627.477578961365,11747.107931412831,13348.209047992119
2022-08-31,10816.905227236146,10816.905227236146,10729.517424178608,10729.517424178608,11926.372469338145,11926.372469338145,11814.715077256255,11814.715077256255,13063.650068333347,13063.650068333347,12843.631683669888,12843.631683669888,10338.299935500336,10338.299935500336,10327.256499424882,10327.256499424882,10535.309791304076,10535.309791304076,10510.173608277792,10510.173608277792,10655.07266803978,10655.07266803978,10623.29128849988,10623.29128849988,10630.126297141102,11752.124131320517,13356.267488351565
2022-09-01,10817.885667915003,10817.885667915003,10730.505745775281,10730.505745775281,11930.517893088541,11930.517893088541,11818.608919743681,11818.608919743681,13070.721341682596,13070.721341682596,12850.376704849066,12850.376704849066,10338.299935500336,10338.299935500336,10327.256499424882,10327.256499424882,10535.309791304076,10535.309791304076,10510.173608277792,10510.173608277792,10654.974589947387,10654.974589947387,10623.193210407488,10623.193210407488,10631.11500320108,11756.077538467702,13363.56909065407
2022-09-02,10819.686622920593,10819.686622920593,10732.215124635735,10732.215124635735,11933.772825867698,11933.772825867698,11821.808955444274,11821.808955444274,13073.134918146927,13073.134918146927,12852.585382061672,12852.585382061672,10338.299935500336,10338.299935500336,10327.256499424882,10327.256499424882,10535.309791304076,10535.309791304076,10510.173608277792,10510.173608277792,10654.849297282406,10654.849297282406,10623.067917742506,10623.067917742506,10632.871605210596,11759.38371788877,13366.050964633216
2022-09-03,10819.534559358322,10819.534559358322,10732.073048045671,10732.073048045671,11933.422467558805,11933.422467558805,11821.433150563698,11821.433150563698,13073.73329824486,13073.73329824486,12853.144027187522,12853.144027187522,10338.299935500336,10338.299935500336,10327.256499424882,10327.256499424882,10535.309791304076,10535.309791304076,10510.173608277792,10510.173608277792,10654.919494438906,10654.919494438906,10623.138114899006,10623.138114899006,10632.718220827222,11759.000219765827,13366.664514881504
2022-09-04,10818.896371593317,10818.896371593317,10731.448645813636,10731.448645813636,11932.469141831009,11932.469141831009,11820.463760582552,11820.463760582552,13076.069434416839,13076.069434416839,12855.2822579225,12855.2822579225,10338.299935500336,10338.299935500336,10327.256499424882,10327.256499424882,10535.462652376467,10535.462652376467,10510.287570597982,10510.287570597982,10655.111234828697,10655.111234828697,10623.329855288797,10623.329855288797,10632.083281589015,11758.02589380585,13369.034316089921
2022-09-05,10818.093043929828,10818.093043929828,10730.638923583112,10730.638923583112,11935.924154176095,11935.924154176095,11823.930149660511,11823.930149660511,13080.043180610352,13080.043180610352,12859.25349081903,12859.25349081903,10338.299935500336,10338.299935500336,10327.256499424882,10327.256499424882,10535.151697446405,10535.151697446405,10509.97661566792,10509.97661566792,10654.800279898634,10654.800279898634,10623.018900358735,10623.018900358735,10631.29404777916,11761.513355892444,13373.115396088768
2022-09-06,10799.316646097455,10799.316646097455,10711.95607560358,10711.95607560358,11888.594362485992,11888.594362485992,11777.132360740585,11777.132360740585,12992.73801725413,12992.73801725413,12773.466048771055,12773.466048771055,10338.299935500336,10338.299935500336,10327.256499424882,10327.256499424882,10535.113471562765,10535.113471562765,10509.89968083778,10509.89968083778,10652.776382330494,10652.776382330494,10620.995002790594,10620.995002790594,10612.897014905011,11715.118311421447,13283.99892484253
2022-09-07,10817.632665356516,10817.632665356516,10730.000139225232,10730.000139225232,11934.12692574166,11934.12692574166,11800.207367873087,11821.972539389772,13070.91813608144,13070.91813608144,12849.569392822395,12849.569392822395,10338.299935500336,10338.299935500336,10327.256499424882,10327.256499424882,10535.113471562765,10535.113471562765,10509.89968083778,10509.89968083778,10652.758372996972,10652.758372996972,10620.940308791221,10620.940308791221,10630.867329329638,11760.002768287153,13363.853092894089
2022-09-08,10820.295702212685,10820.295702212685,10732.638401021464,10732.638401021464,11936.836739349377,11936.836739349377,11801.382468704434,11824.622024126393,13077.066059787803,13077.066059787803,12855.523544461352,12855.523544461352,10338.299935500336,10338.299935500336,10327.256499424882,10327.256499424882,10535.113471562765,10535.113471562765,10509.89968083778,10509.89968083778,10652.758372996972,10652.758372996972,10620.940308791221,10620.940308791221,10633.479640044121,11762.621199352847,13370.125336218927
2022-09-09,10839.810447872083,10839.810447872083,10751.988215035648,10751.988215035648,11985.36650650582,11985.36650650582,11848.631725604428,11872.647678183834,13162.47713193783,13162.47713193783,12939.15313114765,12939.15313114765,10338.299935500336,10338.299935500336,10327.256499424882,10327.256499424882,10535.113471562765,10535.113471562765,10509.89968083778,10509.89968083778,10652.758372996972,10652.758372996972,10620.940308791221,10620.940308791221,10652.62204128408,11810.538073206253,13457.289272389626
2022-09-10,10842.248627019,10842.248627019,10754.345001192496,10754.345001192496,11991.082935395463,11991.082935395463,11855.317834902286,11878.199822513903,13175.521314612984,13175.521314612984,12951.390886059653,12951.390886059653,10338.299935500336,10338.299935500336,10327.256499424882,10327.256499424882,10535.113471562765,10535.113471562765,10509.89968083778,10509.89968083778,10652.804666049064,10652.804666049064,10620.89527771338,10620.89527771338,10655.04300409423,11816.159519806997,13470.620487930675
2022-09-11,10840.454041642226,10840.454041642226,10752.487298647062,10752.487298647062,11987.59747214259,11987.59747214259,11851.236402758976,11874.390606432444,13165.024684610657,13165.024684610657,12940.117436188542,12940.117436188542,10338.299935500336,10338.299935500336,10327.256499424882,10327.256499424882,10535.735626350306,10535.735626350306,10510.43521270682,10510.43521270682,10653.327044676758,10653.327044676758,10621.24014870656,10621.24014870656,10653.278545640987,11812.740721764,13460.01885042553
2022-09-12,10834.999371848173,10834.999371848173,10746.969763974506,10746.969763974506,11978.901943553406,11978.901943553406,11843.06930503253,11865.600041501848,13154.413715149376,13154.413715149376,12929.440446240498,12929.440446240498,10338.299935500336,10338.299935500336,10327.256499424882,10327.256499424882,10537.973772902555,10537.973772902555,10512.673359259068,10512.673359259068,10655.565191229007,10655.565191229007,10623.478295258808,10623.478295258808,10647.95004210902,11804.229749093412,13449.59971898106
2022-09-13,10813.031572105287,10813.031572105287,10725.152458208655,10725.152458208655,11911.856914262213,11911.856914262213,11778.984246692566,11798.963045569279,13008.722565482423,13008.722565482423,12785.610678150604,12785.610678150604,10338.299935500336,10338.299935500336,10327.256499424882,10327.256499424882,10529.052941042954,10529.052941042954,10503.752527399467,10503.752527399467,10646.644359369406,10646.644359369406,10614.557463399207,10614.557463399207,10626.456643348438,11737.98091723905,13298.918989425232
2022-09-14,10813.55195751319,10813.55195751319,10725.616673702269,10725.616673702269,11913.397813311833,11913.397813311833,11778.96754665024,11800.019633582975,13012.904859409695,13012.904859409695,12788.664176303597,12788.664176303597,10338.299935500336,10338.299935500336,10327.256499424882,10327.256499424882,10527.549289140783,10527.549289140783,10502.169711155117,10502.169711155117,10645.140707467235,10645.140707467235,10612.974647154857,10612.974647154857,10626.967601156968,11739.46350667646,13302.922105057492
2022-09-15,10816.074226682309,10816.074226682309,10728.116340329118,10728.116340329118,11909.622564169786,11909.622564169786,11778.32713698559,11796.177407074256,12992.820133323681,12992.820133323681,12768.581476238507,12768.581476238507,10338.299935500336,10338.299935500336,10327.256499424882,10327.256499424882,10525.354856666943,10525.354856666943,10499.894350030278,10499.894350030278,10642.946274993395,10642.946274993395,10610.699286030018,10610.699286030018,10629.439293938764,11735.711011203486,13282.602565895088
2022-09-16,10830.545458151411,10830.545458151411,10742.472140797194,10742.472140797194,11941.740824207034,11941.740824207034,11793.930035952,11827.748866621709,13041.18416158157,13041.18416158157,12815.430913937367,12815.430913937367,10338.299935500336,10338.299935500336,10327.256499424882,10327.256499424882,10525.749587781807,10525.749587781807,10500.289081145142,10500.289081145142,10643.34100610826,10643.34100610826,10611.094017144882,10611.094017144882,10644.602266327867,11767.362131923104,13332.169063998388
2022-09-17,10835.10990374178,10835.10990374178,10746.964076791686,10746.964076791686,11953.316299410306,11953.316299410306,11805.858368804375,11839.211466869523,13066.911715145101,13066.911715145101,12840.413437164143,12840.413437164143,10338.299935500336,10338.299935500336,10327.256499424882,10327.256499424882,10526.980599481214,10526.980599481214,10501.520092844548,10501.520092844548,10644.572017807666,10644.572017807666,10612.325028844289,10612.325028844289,10648.106012370838,11778.78615263439,13358.694222649372
2022-09-18,10816.282869120427,10816.282869120427,10728.205872533257,10728.205872533257,11905.229922689576,11905.229922689576,11759.624021766655,11791.212525713721,12977.202142206404,12977.202142206404,12751.800487523096,12751.800487523096,10334.297277524012,10334.297277524012,10323.17786039896,10323.17786039896,10517.654265908785,10517.654265908785,10492.081004775291,10492.081004775291,10635.17397230544,10635.17397230544,10602.814723387602,10602.814723387602,10630.006150417115,11731.343672356406,13266.330343708962
2022-09-19,10832.144651180106,10832.144651180106,10743.829702745747,10743.829702745747,11942.651209243166,11942.651209243166,11776.1401145523,11828.071460670075,13039.98084634938,13039.98084634938,12812.330213530491,12812.330213530491,10339.979448220054,10339.979448220054,10328.854673083973,10328.854673083973,10527.41327369399,10527.41327369399,10501.815901510867,10501.815901510867,10645.034782300192,10645.034782300192,10612.64874332721,10612.64874332721,10647.186228555145,11768.234547791373,13330.444565950665
2022-09-20,10821.416245706898,10821.416245706898,10733.03501127169,10733.03501127169,11919.220447259197,11919.220447259197,11762.343133115162,11804.696358162704,12993.054825804142,12993.054825804142,12765.80575299924,12765.80575299924,10346.155765232039,10346.155765232039,10335.025166128948,10335.025166128948,10537.392890734342,10537.392890734342,10511.691254885482,10511.691254885482,10652.550031638151,10652.550031638151,10620.134872830131,10620.134872830131,10638.101186897033,11745.248968576303,13281.956124834662
2022-09-21,10807.288779021073,10807.288779021073,10718.948837492597,10718.948837492597,11884.140299972792,11884.140299972792,11743.489135165864,11769.706514554804,12930.94152493618,12930.94152493618,12704.338544615694,12704.338544615694,10341.868803636466,10341.868803636466,10330.742246929978,10330.742246929978,10530.407629407468,10530.407629407468,10504.724184343313,10504.724184343313,10645.408203888974,10645.408203888974,10612.93784686406,10612.93784686406,10625.473344175196,11710.631315188373,13218.398289754003
2022-09-22,10863.564542595463,10863.564542595463,10774.701888617867,10774.701888617867,12001.527208056974,12001.527208056974,11806.110838207596,11885.693432058537,13142.676369363884,13142.676369363884,12912.075581430243,12912.075581430243,10361.522257900335,10361.522257900335,10350.377168940886,10350.377168940886,10562.431362522004,10562.431362522004,10536.664522319528,10536.664522319528,10677.784049809743,10677.784049809743,10645.221031520032,10645.221031520032,10676.451654472714,11826.222216228052,13434.807773360655
2022-09-23,10867.517713632973,10867.517713632973,10778.582403931285,10778.582403931285,12005.895926044697,12005.895926044697,11810.425226468713,11890.128889558937,13153.135568190539,13153.135568190539,12922.330976131829,12922.330976131829,10365.936060377824,10365.936060377824,10354.78680941698,10354.78680941698,10569.623300929454,10569.623300929454,10543.837731720707,10543.837731720707,10685.055066243664,10685.055066243664,10652.471237946986,10652.471237946986,10680.17091109428,11830.701935334142,13445.643855695382
2022-09-24,10860.130205980608,10860.130205980608,10771.247479114556,10771.247479114556,11985.886616387008,11985.886616387008,11790.374790965881,11870.524546963952,13119.686466018908,13119.686466018908,12889.59579254095,12889.59579254095,10362.053048581838,10362.053048581838,10350.90745911255,10350.90745911255,10563.296243519304,10563.296243519304,10537.527151022561,10537.527151022561,10678.658440493933,10678.658440493933,10646.092919655042,10646.092919655042,10673.463030486811,11811.179320656775,13411.60707272226
2022-09-25,10854.180890578224,10854.180890578224,10765.340946976654,10765.340946976654,11977.540942689648,11977.540942689648,11784.758894781484,11862.256863130826,13103.962941691952,13103.962941691952,12874.176299055871,12874.176299055871,10362.822751530422,10362.822751530422,10351.676436268632,10351.676436268632,10564.550412963106,10564.550412963106,10538.778054400103,10538.778054400103,10679.926399995276,10679.926399995276,10647.357250193874,10647.357250193874,10668.665057362461,11803.000712658068,13395.723447749764
2022-09-26,10849.997001331887,10849.997001331887,10761.165496359328,10761.165496359328,11966.012581627028,11966.012581627028,11778.849878729254,11850.701333357261,13086.058725401033,13086.058725401033,12856.392743744356,12856.392743744356,10357.908707291386,10357.908707291386,10346.767025734676,10346.767025734676,10556.543370582101,10556.543370582101,10530.791863691966,10530.791863691966,10671.831317217722,10671.831317217722,10639.285335941726,10639.285335941726,10664.330471012412,11791.611337051814,13377.288779130477
2022-09-27,10838.68671085496,10838.68671085496,10749.93895634929,10749.93895634929,11940.754073224918,11940.754073224918,11765.818515465213,11825.610243104618,13042.229859686706,13042.229859686706,12813.247065864889,12813.247065864889,10353.168939063793,10353.168939063793,10342.031726878347,10342.031726878347,10548.820297034454,10548.820297034454,10523.088902315014,10523.088902315014,10664.023325616019,10664.023325616019,10631.499691196354,10631.499691196354,10654.160644948384,11766.711425476486,13332.415027808522
2022-09-28,10834.23759302941,10834.23759302941,10745.458597066174,10745.458597066174,11931.07352948366,11931.07352948366,11760.59190724042,11815.932311050052,13022.904795679098,13022.904795679098,12793.941344791261,12793.941344791261,10353.7181924029,10353.7181924029,10342.553570582599,10342.553570582599,10549.715781994535,10549.715781994535,10523.938248503035,10523.938248503035,10664.928615817042,10664.928615817042,10632.357540790346,10632.357540790346,10649.696220001062,11757.165533250802,13312.63355737194
2022-09-29,10840.38657661478,10840.38657661478,10751.54482284459,10751.54482284459,11946.01930642161,11946.01930642161,11767.985411003992,11830.705955417518,13046.41963604717,13046.41963604717,12816.830737760505,12816.830737760505,10359.576614788055,10359.576614788055,10348.408118349775,10348.408118349775,10559.266715314248,10559.266715314248,10533.465934114873,10533.465934114873,10674.950317363404,10674.950317363404,10642.303176416472,10642.303176416472,10655.748028096861,11771.900103971906,13336.70547972951
2022-09-30,10837.098157228293,10837.098157228293,10748.278258564995,10748.278258564995,11938.234441592032,11938.234441592032,11763.764000804656,11822.934619283042,13032.14138757102,13032.14138757102,12802.627575782728,12802.627575782728,10358.404832854036,10358.404832854036,10347.237111403807,10347.237111403807,10557.356369767054,10557.356369767054,10531.560238495988,10531.560238495988,10673.116647138815,10673.116647138815,10640.475706096297,10640.475706096297,10652.433643000755,11764.224355933722,13322.109971195861
2022-10-01,10837.275451827732,10837.275451827732,10748.451721866571,10748.451721866571,11937.134210338609,11937.134210338609,11763.411863882713,11821.83258280465,13027.597225432728,13027.597225432728,12798.121593239905,12798.121593239905,10357.687553662035,10357.687553662035,10346.520306602806,10346.520306602806,10556.186995952054,10556.186995952054,10530.393711026987,10530.393711026987,10671.638464766815,10671.638464766815,10639.001318852295,10639.001318852295,10652.654703966416,11763.116066339408,13317.368826538814
2022-10-02,10823.292257182069,10823.292257182069,10734.567045985006,10734.567045985006,11905.900305152882,11905.900305152882,11746.55481604779,11790.731008094232,12972.240640224994,12972.240640224994,12743.435873635128,12743.435873635128,10353.613767622805,10353.613767622805,10342.44921486651,10342.44921486651,10549.795094650444,10549.795094650444,10523.972692005796,10523.972692005796,10665.223394531822,10665.223394531822,10632.60780304079,10632.60780304079,10638.592966215067,11732.334518736227,13260.84965333902
2022-10-03,10828.980358524423,10828.980358524423,10740.15750552156,10740.15750552156,11919.951016249997,11919.951016249997,11752.886323816683,11804.505602092382,12995.104806965826,12995.104806965826,12765.60781127157,12765.60781127157,10355.656069282031,10355.656069282031,10344.490165797126,10344.490165797126,10553.476640675573,10553.476640675573,10527.646133659262,10527.646133659262,10668.941410229438,10668.941410229438,10636.315012909521,10636.315012909521,10644.180318956778,11746.18100017234,13284.236134830897
2022-10-04,10831.701534475284,10831.701534475284,10742.855709689577,10742.855709689577,11932.487549177433,11932.487549177433,11758.05264744561,11816.812050575823,13022.346603955908,13022.346603955908,12791.40822528212,12791.40822528212,10358.306918569942,10358.306918569942,10347.139261877835,10347.139261877835,10561.041011319558,10561.041011319558,10535.05671370244,10535.05671370244,10676.553117467849,10676.553117467849,10643.855283464325,10643.855283464325,10646.85547061132,11758.631626446197,13312.023934658515
2022-10-05,10832.071890651147,10832.071890651147,10743.200702877853,10743.200702877853,11931.124104423754,11931.124104423754,11757.27591014083,11815.379513538663,13019.195256803969,13019.195256803969,12788.09463338456,12788.09463338456,10359.712162738238,10359.712162738238,10348.543576651839,10348.543576651839,10561.778050873178,10561.778050873178,10535.726914822757,10535.726914822757,10677.31525066733,10677.31525066733,10644.528588910774,10644.528588910774,10647.22007139577,11757.257185010758,13308.844544303434
2022-10-06,10833.301322834355,10833.301322834355,10744.419850015567,10744.419850015567,11929.05933781486,11929.05933781486,11756.222199569995,11813.28865532125,13011.923729164375,13011.923729164375,12780.918031918633,12780.918031918633,10360.39989850637,10360.39989850637,10349.230857568273,10349.230857568273,10559.49188042998,10559.49188042998,10533.510215269367,10533.510215269367,10675.04136121999,10675.04136121999,10642.251060649847,10642.251060649847,10648.428478636293,11755.154096140925,13301.444714657673
2022-10-07,10838.570080535637,10838.570080535637,10749.634634418813,10749.634634418813,11935.895477863578,11935.895477863578,11759.549120786833,11819.987662962089,13021.388488730274,13021.388488730274,12790.570439045605,12790.570439045605,10364.057933685603,10364.057933685603,10352.886473412067,10352.886473412067,10562.05995161747,10562.05995161747,10536.10936019108,10536.10936019108,10677.674754464251,10677.674754464251,10644.865099210621,10644.865099210621,10653.6062452463,11761.81318959096,13311.213872349761
2022-10-08,10835.402951778651,10835.402951778651,10746.429835129124,10746.429835129124,11928.451130643807,11928.451130643807,11755.730850384854,11812.324766427419,13004.99566804192,13004.99566804192,12774.107387061957,12774.107387061957,10363.959927216834,10363.959927216834,10352.788531762393,10352.788531762393,10561.324242798893,10561.324242798893,10535.27828264606,10535.27828264606,10676.937295530162,10676.937295530162,10644.026661009777,10644.026661009777,10650.493937262638,11754.470118899048,13294.484578453916
2022-10-09,10837.147864468685,10837.147864468685,10747.981951560498,10747.981951560498,11934.884501485592,11934.884501485592,11758.688605705558,11818.270344950573,13017.233285413826,13017.233285413826,12785.633105340487,12785.633105340487,10366.295205168833,10366.295205168833,10355.122265218391,10355.122265218391,10565.051699931202,10565.051699931202,10538.91890582127,10538.91890582127,10680.875966756968,10680.875966756968,10647.952976268583,10647.952976268583,10652.208850750281,11760.8080627168,13306.993573666896
2022-10-10,10822.149773658075,10822.149773658075,10733.06373316245,10733.06373316245,11893.840960405592,11893.840960405592,11738.412546686452,11777.53181949517,12945.651038688515,12945.651038688515,12715.114427997865,12715.114427997865,10360.439995779294,10360.439995779294,10349.270928321836,10349.270928321836,10555.50600472934,10555.50600472934,10529.396445577304,10529.396445577304,10669.984374912578,10669.984374912578,10637.092364368054,10637.092364368054,10637.475076774814,11720.368890441825,13233.857994707501
2022-10-11,10822.094726526897,10822.094726526897,10732.965529832987,10732.965529832987,11894.716565483752,11894.716565483752,11738.854370486924,11778.089894412906,12942.75325290112,12942.75325290112,12711.952093859376,12711.952093859376,10359.221809584893,10359.221809584893,10348.053547806136,10348.053547806136,10553.52000673384,10553.52000673384,10527.415281654006,10527.415281654006,10667.677674672177,10667.677674672177,10634.792109557255,10634.792109557255,10637.424193989069,11721.226113572877,13230.906257539944
2022-10-12,10819.001955221305,10819.001955221305,10729.898763599487,10729.898763599487,11887.429766695961,11887.429766695961,11735.134271115792,11770.876099076255,12930.1312293183,12930.1312293183,12699.564291135002,12699.564291135002,10359.533562058476,10359.533562058476,10348.365094094219,10348.365094094219,10554.028253987395,10554.028253987395,10527.922291794572,10527.922291794572,10668.064845759398,10668.064845759398,10635.136976764332,10635.136976764332,10634.384128116655,11714.053601978203,13217.99359108493
2022-10-13,10816.038072157151,10816.038072157151,10726.877342828222,10726.877342828222,11880.31390131967,11880.31390131967,11731.295735705524,11763.804450094804,12909.534282157985,12909.534282157985,12679.2748463421,12679.2748463421,10358.161737159277,10358.161737159277,10346.99417648662,10346.99417648662,10551.791780193396,10551.791780193396,10525.691261750171,10525.691261750171,10666.221158476372,10666.221158476372,10633.30189288395,10633.30189288395,10631.468577064687,11707.053981568675,13196.912093636283
2022-10-14,10815.35467086242,10815.35467086242,10726.163381179895,10726.163381179895,11878.666554256482,11878.666554256482,11730.76344956467,11762.119396806745,12906.556449150146,12906.556449150146,12676.7565406092,12676.181397525,10359.552531017773,10359.552531017773,10348.384050507908,10348.384050507908,10554.059178911115,10554.059178911115,10527.953141444643,10527.953141444643,10667.654156813998,10667.654156813998,10634.686456338157,10634.686456338157,10630.797218308911,11705.949127849144,13193.893525679336
2022-10-15,10814.489559923197,10814.489559923197,10725.245637940607,10725.245637940607,11875.96212593038,11875.96212593038,11729.533416128712,11759.329323964865,12902.009458158404,12902.009458158404,12673.642644319594,12671.528998515698,10358.600925803437,10358.600925803437,10347.4330746621,10347.4330746621,10552.507785489595,10552.507785489595,10526.405524234291,10526.405524234291,10665.659271621453,10665.659271621453,10632.696606093836,10632.696606093836,10629.946811111315,11704.16616606071,13189.260456454627
2022-10-16,10813.539055000516,10813.539055000516,10724.27158778959,10724.27158778959,11875.090153189894,11875.090153189894,11728.794648022476,11758.416476714514,12901.900265888116,12901.900265888116,12673.803309868972,12671.439840999632,10357.77139019147,10357.77139019147,10346.604087684795,10346.604087684795,10551.155401042835,10551.155401042835,10525.056431595514,10525.056431595514,10665.053049717326,10665.053049717326,10632.09477326702,10632.09477326702,10629.011584424652,11704.133381692434,13189.122337439754
2022-10-17,10817.603950067203,10817.603950067203,10728.300874050958,10728.300874050958,11881.605309435257,11887.47481764083,11734.490718507916,11770.689027751318,12921.700066239033,12921.700066239033,12684.736852916978,12690.910327209578,10358.344224316952,10358.344224316952,10347.176542951729,10347.176542951729,10552.089287365134,10552.089287365134,10525.988044766522,10525.988044766522,10667.143010053145,10667.143010053145,10634.181702734453,10634.181702734453,10633.002715132468,11710.666641608146,13209.320179103746
2022-10-18,10824.352803900278,10824.352803900278,10734.796912680365,10734.796912680365,11894.838544220122,11900.128461114942,11740.435158795164,11782.742366082468,12947.593016615849,12947.593016615849,12707.374771958437,12715.516338956004,10355.428857665873,10355.428857665873,10344.203955740344,10344.203955740344,10546.244915344412,10546.244915344412,10520.248552866247,10520.248552866247,10662.6475851478,10662.6475851478,10629.596564908421,10629.596564908421,10639.624316305632,11723.696594969535,13235.61189730536
2022-10-19,10809.963882761145,10809.963882761145,10720.407459486905,10720.407459486905,11859.730426468683,11864.173568171647,11722.566028116631,11746.90378792836,12884.016404819833,12884.016404819833,12641.797882876368,12652.825929379496,10350.336218623126,10350.336218623126,10339.026003671543,10339.026003671543,10536.758887173732,10536.758887173732,10510.844804692782,10510.844804692782,10653.515909544207,10653.515909544207,10620.390361177155,10620.390361177155,10625.469806609288,11689.075822433966,13170.475920555822
2022-10-20,10797.037623316683,10797.037623316683,10707.58525859666,10707.58525859666,11844.7233010616,11834.734979952782,11708.034147534612,11717.749300761152,12834.093317860232,12834.093317860232,12615.406054782707,12603.779608948127,10345.853838883078,10345.853838883078,10334.547958781322,10334.547958781322,10529.275281668935,10529.275281668935,10503.463608522448,10503.463608522448,10646.12502460248,10646.12502460248,10613.021164221404,10613.021164221404,10612.759523363791,11674.27750973629,13119.383748389886
2022-10-21,10797.237530936083,10797.237530936083,10707.66823066875,10707.66823066875,11846.929994784268,11839.154443300007,11710.078236079917,11721.84766408065,12842.844145020643,12842.844145020643,12619.970674213591,12612.056830798725,10350.410955554908,10350.410955554908,10339.043974094748,10339.043974094748,10537.298496168454,10537.298496168454,10511.393113794013,10511.393113794013,10654.287323241986,10654.287323241986,10621.083384673726,10621.083384673726,10612.954412722356,11676.463922496392,13128.31178942879
2022-10-22,10792.63093740244,10792.63093740244,10702.994399825284,10702.994399825284,11842.288490335919,11829.799101000099,11705.334129268766,11712.347626191868,12827.149803938262,12827.149803938262,12612.078918328702,12596.185168652833,10350.880467514036,10350.880467514036,10339.498360873691,10339.498360873691,10538.58595871602,10538.58595871602,10512.655344818055,10512.655344818055,10655.597087672859,10655.597087672859,10622.367326559357,10622.367326559357,10608.426190749225,11671.894871280281,13112.269087974759
2022-10-23,10798.092106160806,10798.092106160806,10708.327677755777,10708.327677755777,11849.698537452467,11844.614702414607,11712.539635939707,11726.812718386635,12855.800187608706,12855.800187608706,12626.16827897197,12624.005281932912,10358.183739487127,10358.183739487127,10346.793472797033,10346.793472797033,10552.338820625724,10552.338820625724,10526.378813225749,10526.378813225749,10669.531151954818,10669.531151954818,10636.264145683228,10636.264145683228,10613.793976608938,11679.219488204302,13125.790317563138
2022-10-24,10788.948145921751,10788.948145921751,10699.00285477611,10699.00285477611,11838.006340954773,11821.161674275236,11700.803589805562,11703.274352425078,12814.211359506753,12814.211359506753,12605.57257460901,12582.433661679213,10354.454347393244,10354.454347393244,10342.871132414002,10342.871132414002,10545.51252486433,10545.51252486433,10519.466364859512,10519.466364859512,10661.331211261437,10661.331211261437,10627.848854205798,10627.848854205798,10604.827111908637,11667.69787604065,13084.772886262688
2022-10-25,10804.131315220035,10804.131315220035,10713.92662394098,10713.92662394098,11858.406135511339,11862.164230797514,11720.881583964983,11743.70785193485,12853.81831892105,12892.870015822726,12643.204963374872,12658.836738915123,10364.222447222794,10364.222447222794,10352.63771024171,10352.63771024171,10565.573148540787,10565.573148540787,10539.396818132307,10539.396818132307,10686.417266206858,10686.417266206858,10652.817556196966,10652.817556196966,10619.63234202437,11687.780968494477,13125.145359706694
2022-10-26,10819.51998002079,10819.51998002079,10729.06255327515,10729.06255327515,11878.264828706406,11902.060068568206,11740.47293344701,11783.130432605973,12924.599517049477,12965.655720968094,12678.023725237015,12729.405567460897,10373.270515743754,10373.270515743754,10361.684128672929,10361.684128672929,10583.816442709618,10583.816442709618,10557.521666928582,10557.521666928582,10706.81148083363,10706.81148083363,10673.128015406175,10673.128015406175,10634.656406381004,11707.34009299674,13197.311678960414
2022-10-27,10817.051748303253,10817.051748303253,10726.069897476556,10726.069897476556,11858.58238964017,11880.991841932277,11729.581915237834,11761.258765427323,12886.625250444955,12935.128331395981,12656.69472107898,12697.81365521598,10376.81658977595,10376.81658977595,10364.764923728655,10364.764923728655,10578.542938145254,10578.542938145254,10551.672410780795,10551.672410780795,10698.259522137463,10698.259522137463,10663.9435172388,10663.9435172388,10632.229484573261,11696.945679160008,13158.256204866782
2022-10-28,10844.18628698302,10844.18628698302,10753.020227613042,10753.020227613042,11889.784758105896,11950.366625352537,11763.730878646813,11829.866865184225,13005.346203087927,13045.146597087214,12721.613927716917,12805.932378043488,10397.292374603408,10397.292374603408,10385.220323678626,10385.220323678626,10618.779492836806,10618.779492836806,10591.783547220517,10591.783547220517,10747.525499258478,10747.525499258478,10713.052740609191,10713.052740609191,10658.896793799146,11731.062592223067,13279.64071963243
2022-10-29,10907.414236753486,10907.414236753486,10815.574824275609,10815.574824275609,12035.307964902275,12097.089722118024,11835.085142755583,11973.47250643606,13196.91896314112,13233.69073229446,12890.239734962188,12990.137131435535,10451.493453887,10451.493453887,10439.293880733358,10439.293880733358,10713.325800762683,10713.325800762683,10685.301945579171,10685.301945579171,10844.862444695198,10844.862444695198,10809.711345250666,10809.711345250666,10721.052125368344,11874.755724176091,13475.405963638976
2022-10-30,10897.039729707925,10897.039729707925,10804.910130730234,10804.910130730234,12004.687722928553,12065.06391804325,11805.948106644944,11941.212077604614,13161.196566365328,13202.900669519679,12855.855617684267,12959.18005614017,10449.578024237513,10449.578024237513,10437.125695373104,10437.125695373104,10706.18544805483,10706.18544805483,10677.77269641067,10677.77269641067,10832.781984905498,10832.781984905498,10797.414070986097,10797.414070986097,10710.885767203656,11844.396926977217,13438.790783659724
2022-10-31,10910.4038727391,10910.4038727391,10818.191271420279,10818.191271420279,12031.270463145154,12091.054146603079,11833.013866356418,11966.660944261796,13197.405676026254,13242.598133195435,12892.401659538218,12997.979332439847,10468.104375446168,10468.104375446168,10455.634905048779,10455.634905048779,10732.459303433177,10732.459303433177,10703.88308802742,10703.88308802742,10859.049768173592,10859.049768173592,10823.628208728413,10823.628208728413,10724.055943820571,11870.526518506911,13475.668219056275
2022-11-01,10921.958720304445,10921.958720304445,10829.294430562033,10829.294430562033,12052.283088891943,12112.40527774906,11852.345171288369,11987.400507986564,13214.675842698085,13261.763211660358,12909.99334876271,13016.039327909994,10479.91760626801,10479.91760626801,10467.092427483434,10467.092427483434,10747.61548555124,10747.61548555124,10718.901492881647,10718.901492881647,10868.815789966906,10868.815789966906,10832.975581030078,10832.975581030078,10735.401683644417,11891.262681737906,13492.842442900526
2022-11-02,10905.830873868335,10905.830873868335,10813.230049146274,10813.230049146274,12030.120748039375,12089.424803002154,11829.68821755043,11965.087212269462,13158.65083188879,13205.857807079406,12855.896364699365,12960.339957264248,10462.259627111445,10462.259627111445,10449.414738683907,10449.414738683907,10718.510619648865,10718.510619648865,10689.889934837547,10689.889934837547,10832.905435344288,10832.905435344288,10796.985932820082,10796.985932820082,10719.502901022528,11869.348502804312,13434.954563072264
2022-11-03,10914.303623502063,10914.303623502063,10821.47935437552,10821.47935437552,12049.821657620942,12106.661977265781,11848.92822295795,11984.90295872713,13206.062616804289,13255.130529888778,12900.445541759895,13003.10560401759,10464.079214473246,10464.079214473246,10451.054076575792,10451.054076575792,10722.873355568307,10722.873355568307,10693.988923540417,10693.988923540417,10847.572096681348,10847.572096681348,10811.400328483625,10811.400328483625,10727.83321518678,11888.868446453705,13483.408438349878
2022-11-04,10978.821877454722,10978.821877454722,10880.592241599707,10880.592241599707,12200.866629983417,12253.290633324492,11998.240877248478,12129.393991211504,13435.64354039293,13489.641706817481,13140.850737360275,13242.720400538583,10481.369725374323,10481.369725374323,10468.341070318369,10468.341070318369,10764.705749848705,10764.705749848705,10735.55585906633,10735.55585906633,10933.139250492713,10933.139250492713,10896.676051263352,10896.676051263352,10791.340113135666,12038.219683170182,13718.394754665102
2022-11-05,10966.052212172724,10966.052212172724,10868.863419924885,10868.863419924885,12172.512042295737,12223.02491437007,11968.888793183236,12098.717208416409,13404.977606011502,13458.151338317135,13113.22159721153,13211.915070470892,10477.105397621313,10477.105397621313,10464.078428176092,10464.078428176092,10751.17006005918,10751.17006005918,10721.600707984591,10721.600707984591,10923.83820346402,10923.83820346402,10887.317565881052,10887.317565881052,10778.77091306153,12010.209699231165,13687.149695361595
2022-11-06,10937.271888669213,10937.271888669213,10842.452919945612,10842.452919945612,12100.322762950744,12149.38718043325,11900.619919567114,12025.972923990115,13290.957437464087,13342.476023692441,13001.059576843474,13095.99335931687,10463.661560243372,10463.661560243372,10450.644344854387,10450.644344854387,10718.746081940306,10718.746081940306,10689.35497036361,10689.35497036361,10879.234833410534,10879.234833410534,10842.808965527754,10842.808965527754,10750.445451986983,11938.976854624634,13570.478655124201
2022-11-07,10953.658452289099,10953.658452289099,10858.667460531278,10858.667460531278,12123.112377198211,12172.15064558069,11922.572936428856,12048.128362692027,13340.27765058966,13393.5409684789,13046.504818318863,13141.415592141875,10463.054325800062,10463.054325800062,10449.957277648526,10449.957277648526,10709.38070594154,10709.38070594154,10679.89506803205,10679.89506803205,10885.528477445963,10885.528477445963,10848.681972919721,10848.681972919721,10766.54851854175,11961.46351678216,13620.820167087342
2022-11-08,10868.469285285184,10868.469285285184,10774.372702835497,10774.372702835497,11957.865274224387,12008.15185966042,11757.173094248146,11885.299555030591,13050.938589107709,13100.368101200136,12762.111303771579,12858.31611499184,10451.174727276382,10451.174727276382,10437.890794113806,10437.890794113806,10676.147000120332,10676.147000120332,10646.482787572118,10646.482787572118,10821.619651844487,10821.619651844487,10784.263597189432,10784.263597189432,10682.798276158259,11798.288120517882,13325.421213015801
2022-11-09,10792.768751473,10792.768751473,10698.719733315154,10698.719733315154,11772.41630192375,11822.220470034767,11650.579925220554,11700.248397094749,12736.361004610622,12784.956108011193,12453.323894604087,12546.932725547083,10451.174727276382,10451.174727276382,10437.890794113806,10437.890794113806,10676.147000120332,10676.147000120332,10646.482787572118,10646.482787572118,10821.619651844487,10821.619651844487,10784.263597189432,10784.263597189432,10607.996933523651,11615.034974111344,13004.652864332806
2022-11-10,10824.14078510336,10824.14078510336,10729.753623397768,10729.753623397768,11816.68080927134,11907.48471245319,11690.778683027489,11784.02026308912,12805.100101938731,12924.863075414381,12519.694392550928,12683.877806778353,10451.174727276382,10451.174727276382,10437.890794113806,10437.890794113806,10676.147000120332,10676.147000120332,10646.482787572118,10646.482787572118,10821.619651844487,10821.619651844487,10784.263597189432,10784.263597189432,10638.962839549675,11658.828145501177,13074.75509397133
2022-11-11,10817.461960591647,10817.461960591647,10723.122921845816,10723.122921845816,11808.787700077548,11890.546556290066,11682.909519926818,11767.35458433954,12791.438991066474,12897.255720253464,12506.400556087003,12656.643235882224,10451.174727276382,10451.174727276382,10437.890794113806,10437.890794113806,10676.147000120332,10676.147000120332,10646.482787572118,10646.482787572118,10821.619651844487,10821.619651844487,10784.263597189432,10784.263597189432,10632.379389401149,11651.018876524111,13060.86732058392
2022-11-12,10810.798486385755,10810.798486385755,10716.497197003013,10716.497197003013,11799.085781220003,11872.390052323852,11673.635883664747,11750.034148803874,12776.78902050575,12868.82268420764,12492.129526492641,12628.683722967935,10451.174727276382,10451.174727276382,10437.890794113806,10437.890794113806,10676.147000120332,10676.147000120332,10646.482787572118,10646.482787572118,10821.619651844487,10821.619651844487,10784.263597189432,10784.263597189432,10625.789541065658,11641.737061404358,13046.469515242974
2022-11-13,10800.94409763175,10800.94409763175,10706.603579984312,10706.603579984312,11788.772768468547,11850.617349520302,11662.974756734691,11727.721906931492,12759.071265591547,12831.857429180858,12474.514365921681,12592.401161840786,10451.174727276382,10451.174727276382,10437.890794113806,10437.890794113806,10676.147000120332,10676.147000120332,10646.482787572118,10646.482787572118,10821.619651844487,10821.619651844487,10784.263597189432,10784.263597189432,10616.007883329932,11631.207278437603,13027.817868675085
2022-11-14,10804.493688857492,10804.493688857492,10710.136524568074,10710.136524568074,11794.82507013784,11863.089983695374,11668.89449527195,11739.879324057225,12769.505996083328,12852.62868349998,12484.757922604684,12612.737767541812,10451.174727276382,10451.174727276382,10437.890794113806,10437.890794113806,10676.147000120332,10676.147000120332,10646.482787572118,10646.482787572118,10821.619651844487,10821.619651844487,10784.263597189432,10784.263597189432,10619.52459801853,11637.104300400475,13038.3130796317
2022-11-15,10805.600350779352,10805.600350779352,10711.227468884095,10711.227468884095,11797.184632365392,11868.039321223128,11671.247925142237,11744.805154003838,12773.65741224153,12861.008271745079,12488.829284169884,12620.969717255291,10451.174727276382,10451.174727276382,10437.890794113806,10437.890794113806,10676.147000120332,10676.147000120332,10646.482787572118,10646.482787572118,10821.619651844487,10821.619651844487,10784.263597189432,10784.263597189432,10620.600188882017,11639.436422921375,13042.576762602472
2022-11-16,10805.849979310773,10805.849979310773,10711.50362422844,10711.50362422844,11796.761370199081,11866.954827289894,11670.842623549106,11743.854663966991,12772.028672966455,12858.112208614626,12487.407770133877,12617.905950868333,10451.174727276382,10451.174727276382,10437.890794113806,10437.890794113806,10676.147000120332,10676.147000120332,10646.482787572118,10646.482787572118,10821.619651844487,10821.619651844487,10784.263597189432,10784.263597189432,10620.902216334602,11639.063523360683,13041.005461748986
2022-11-17,10803.411896823587,10803.411896823587,10709.079730533605,10709.079730533605,11793.203625616758,11859.571156657401,11667.28796049404,11736.54128645772,12765.948313358145,12845.74403751143,12481.425015867577,12605.75399487598,10451.174727276382,10451.174727276382,10437.890794113806,10437.890794113806,10676.147000120332,10676.147000120332,10646.482787572118,10646.482787572118,10821.619651844487,10821.619651844487,10784.263597189432,10784.263597189432,10618.492154723383,11635.524296724345,13034.774562037126
2022-11-18,10802.38221727254,10802.38221727254,10708.047374946007,10708.047374946007,11791.845577012942,11856.819125237686,11665.927044710796,11733.720307358954,12764.20536186452,12842.008371420068,12479.59952777052,12602.228703717925,10451.174727276382,10451.174727276382,10437.890794113806,10437.890794113806,10676.147000120332,10676.147000120332,10646.482787572118,10646.482787572118,10821.619651844487,10821.619651844487,10784.263597189432,10784.263597189432,10617.457204372417,11634.16127932028,13032.923928131728
2022-11-19,10800.527813587722,10800.527813587722,10706.101585275408,10706.101585275408,11789.680587794686,11852.280220407933,11663.674846828451,11729.028180106658,12759.218935309005,12831.711139625375,12474.493794575215,12591.997492034214,10451.174727276382,10451.174727276382,10437.890794113806,10437.890794113806,10676.147000120332,10676.147000120332,10646.482787572118,10646.482787572118,10821.619651844487,10821.619651844487,10784.263597189432,10784.263597189432,10615.589197351415,11631.985596107761,13027.771669965485
2022-11-20,10783.11321457467,10783.11321457467,10688.76864678764,10688.76864678764,11768.69226283188,11807.872162968028,11642.68309321802,11684.920370611148,12718.964862129536,12749.87833522629,12434.789392062887,12512.044270775215,10451.174727276382,10451.174727276382,10437.890794113806,10437.890794113806,10676.147000120332,10676.147000120332,10646.482787572118,10646.482787572118,10821.619651844487,10821.619651844487,10784.263597189432,10784.263597189432,10598.335019279391,11611.12108521251,12986.481493589961
2022-11-21,10782.312588076658,10782.312588076658,10687.968859569508,10687.968859569508,11767.045928246635,11804.084771883478,11640.961903921378,11681.056317539405,12714.993892401097,12741.967194821427,12430.824875972072,12503.986242643858,10451.174727276382,10451.174727276382,10437.890794113806,10437.890794113806,10676.147000120332,10676.147000120332,10646.482787572118,10646.482787572118,10821.619651844487,10821.619651844487,10784.263597189432,10784.263597189432,10597.574422993157,11609.503057876693,12982.354404893214
2022-11-22,10793.02908323482,10793.02908323482,10698.524751944551,10698.524751944551,11781.199884420264,11833.597190925868,11654.985162608855,11710.185204330643,12739.870205734054,12792.275431930997,12455.134391036163,12553.027446320064,10451.174727276382,10451.174727276382,10437.890794113806,10437.890794113806,10676.147000120332,10676.147000120332,10646.482787572118,10646.482787572118,10821.619651844487,10821.619651844487,10784.263597189432,10784.263597189432,10608.136194408586,11623.522988051582,13007.812893639228
2022-11-23,10814.385874579837,10814.385874579837,10719.680956654938,10719.680956654938,11805.284785765794,11882.759310153242,11678.817652604574,11758.763196152973,12779.919501184035,12874.243673728708,12494.262194995094,12633.226495799121,10451.174727276382,10451.174727276382,10437.890794113806,10437.890794113806,10676.147000120332,10676.147000120332,10646.482787572118,10646.482787572118,10821.619651844487,10821.619651844487,10784.263597189432,10784.263597189432,10629.14767180589,11647.293671177582,13048.73722208889
2022-11-24,10811.62718618692,10811.62718618692,10716.931613007977,10716.931613007977,11801.263933645547,11874.570606262314,11674.812122862626,11750.611906210905,12775.108171189018,12864.46957568607,12489.500597170652,12623.508453229486,10451.174727276382,10451.174727276382,10437.890794113806,10437.890794113806,10676.147000120332,10676.147000120332,10646.482787572118,10646.482787572118,10821.619651844487,10821.619651844487,10784.263597189432,10784.263597189432,10626.437453036338,11643.32309363109,13043.807643010585
2022-11-25,10812.794171958396,10812.794171958396,10718.13556002151,10718.13556002151,11802.865053910296,11879.968671798508,11676.53691580127,11755.996337608878,12778.586678721947,12872.055868723075,12493.085632280436,12630.55280938625,10451.174727276382,10451.174727276382,10437.890794113806,10437.890794113806,10676.147000120332,10676.147000120332,10646.482787572118,10646.482787572118,10821.619651844487,10821.619651844487,10784.263597189432,10784.263597189432,10627.678361291933,11645.004917195965,13047.483512200644
2022-11-26,10811.746026427156,10811.746026427156,10717.075379595133,10717.075379595133,11800.860535328009,11875.677948132,11674.515252030771,11751.68834054507,12775.158631034925,12865.17837139094,12489.64771054512,12623.924032154304,10451.174727276382,10451.174727276382,10437.890794113806,10437.890794113806,10676.147000120332,10676.147000120332,10646.482787572118,10646.482787572118,10821.619651844487,10821.619651844487,10784.263597189432,10784.263597189432,10626.606145970412,11642.991611062776,13043.939688101449
2022-11-27,10817.017918443698,10817.017918443698,10722.318767547773,10722.318767547773,11806.5090150301,11889.439840348656,11680.271202634602,11765.368397542175,12788.228607010036,12891.77641021279,12502.52354920682,12649.835087465388,10451.174727276382,10451.174727276382,10437.890794113806,10437.890794113806,10676.147000120332,10676.147000120332,10646.482787572118,10646.482787572118,10821.619651844487,10821.619651844487,10784.263597189432,10784.263597189432,10631.821029859148,11648.608328345099,13057.364795844866
2022-11-28,10808.597992317305,10808.597992317305,10713.948181511232,10713.948181511232,11798.28498033046,11872.062033235115,11672.018275163251,11747.961985871169,12772.560230131761,12859.907522897664,12487.07837363513,12618.622726531177,10451.174727276382,10451.174727276382,10437.890794113806,10437.890794113806,10676.147000120332,10676.147000120332,10646.482787572118,10646.482787572118,10821.619651844487,10821.619651844487,10784.263597189432,10784.263597189432,10623.499783912464,11640.476516378305,13041.32546796034
2022-11-29,10823.439688473816,10823.439688473816,10728.68750852857,10728.68750852857,11816.542543509098,11907.409136203018,11690.13688435664,11783.057643208558,12801.755886721166,12918.732929938831,12515.788348812153,12675.958771630152,10451.174727276382,10451.174727276382,10437.890794113806,10437.890794113806,10676.147000120332,10676.147000120332,10646.482787572118,10646.482787572118,10821.619651844487,10821.619651844487,10784.263597189432,10784.263597189432,10638.184645202076,11658.587149325444,13071.254000697094
2022-11-30,10848.407345118736,10848.407345118736,10753.451407344573,10753.451407344573,11848.327907804527,11968.648194493333,11721.586694812071,11843.849931976474,12860.185910514152,13011.401617046791,12573.268164382034,12775.536295792672,10451.174727276382,10451.174727276382,10437.890794113806,10437.890794113806,10676.147000120332,10676.147000120332,10646.482787572118,10646.482787572118,10821.619651844487,10821.619651844487,10784.263597189432,10784.263597189432,10662.94054380594,11690.104637452996,13131.219977710032
2022-12-01,10848.518949814259,10848.518949814259,10753.550140104047,10753.550140104047,11846.586544727366,11964.982881478662,11719.912525413367,11840.142941128901,12846.962171900328,13000.662087464354,12564.702716785292,12764.76380616098,10451.174727276382,10451.174727276382,10437.890794113806,10437.890794113806,10676.147000120332,10676.147000120332,10646.482787572118,10646.482787572118,10821.619651844487,10821.619651844487,10784.263597189432,10784.263597189432,10663.043675345842,11688.417740099318,13117.672198006583
2022-12-02,10847.15081663522,10847.15081663522,10752.159427431354,10752.159427431354,11849.178644449206,11968.571711498142,11722.313095258773,11843.412586972798,12849.497888686652,13004.101470012562,12567.305823032808,12768.085369701048,10451.174727276382,10451.174727276382,10437.890794113806,10437.890794113806,10676.147000120332,10676.147000120332,10646.482787572118,10646.482787572118,10821.619651844487,10821.619651844487,10784.263597189432,10784.263597189432,10661.681446656201,11690.95597638745,13121.582041564629
2022-12-03,10841.231451256901,10841.231451256901,10746.276505585145,10746.276505585145,11835.462714506244,11945.021679996864,11708.700243263205,11820.028939002303,12810.712192811712,12963.71044644286,12539.85601183803,12728.401846008644,10451.174727276382,10451.174727276382,10437.890794113806,10437.890794113806,10676.147000120332,10676.147000120332,10646.482787572118,10646.482787572118,10817.780359893453,10817.780359893453,10780.33617987391,10780.33617987391,10655.835695439178,11677.404831300159,13080.165030820488
2022-12-04,10847.099611701493,10847.099611701493,10752.101996739879,10752.101996739879,11845.365437866729,11961.754159980766,11718.505734532953,11836.605394726937,12832.544910981978,12992.849256375432,12559.600043749708,12756.66994680287,10451.174727276382,10451.174727276382,10437.890794113806,10437.890794113806,10676.147000120332,10676.147000120332,10646.482787572118,10646.482787572118,10820.437744071383,10820.437744071383,10782.99356405184,10782.99356405184,10661.617346045847,11687.18485245338,13102.368714356457
2022-12-05,10843.318647111097,10843.318647111097,10748.33847846843,10748.33847846843,11838.318658059914,11950.585301396864,11711.50066802911,11825.486398840412,12809.04431124501,12970.947680612198,12545.502409706416,12735.666845437048,10451.174727276382,10451.174727276382,10437.890794113806,10437.890794113806,10676.147000120332,10676.147000120332,10646.482787572118,10646.482787572118,10819.059311616227,10819.059311616227,10781.615131596684,10781.615131596684,10657.860774204702,11680.195449590974,13086.687675522173
2022-12-06,10841.165095157836,10841.165095157836,10746.198799015887,10746.198799015887,11836.004085656154,11946.630139981247,11709.205395464664,11821.533974479358,12803.993327980455,12965.017922562123,12541.463444858024,12729.93473065796,10451.174727276382,10451.174727276382,10437.890794113806,10437.890794113806,10676.147000120332,10676.147000120332,10646.482787572118,10646.482787572118,10819.870889149337,10819.870889149337,10782.426709129793,10782.426709129793,10655.735601381655,11677.905237579498,13081.906170728622
2022-12-07,10826.658562168453,10826.658562168453,10731.79394409253,10731.79394409253,11814.482329189064,11909.82492930769,11687.87637982528,11785.045049303077,12757.941451059729,12904.204830550745,12501.289705484942,12670.573139544724,10451.174727276382,10451.174727276382,10437.890794113806,10437.890794113806,10676.147000120332,10676.147000120332,10646.482787572118,10646.482787572118,10817.151118573503,10817.151118573503,10779.70693855396,10779.70693855396,10641.423754658792,11656.629296688607,13035.384551882009
2022-12-08,10837.437853639847,10837.437853639847,10742.484201206367,10742.484201206367,11829.432310019904,11935.659591584052,11702.688499171274,11810.648573058148,12787.300917133834,12946.260053268585,12527.258830442299,12711.417761312643,10451.174727276382,10451.174727276382,10437.890794113806,10437.890794113806,10676.147000120332,10676.147000120332,10646.482787572118,10646.482787572118,10818.970079043287,10818.970079043287,10781.489003316292,10781.489003316292,10652.041013911035,11671.40314273816,13066.218542629003
2022-12-09,10828.845605441544,10828.845605441544,10733.944544094194,10733.944544094194,11817.43855925843,11914.86264728568,11690.790258902807,11790.013112027706,12764.61104186182,12911.801097108206,12506.538466732662,12677.680825500098,10451.174727276382,10451.174727276382,10437.890794113806,10437.890794113806,10676.147000120332,10676.147000120332,10646.482787572118,10646.482787572118,10818.016533170226,10818.016533170226,10780.349033259252,10780.349033259252,10643.549528380758,11659.530148351545,13042.055257963617
2022-12-10,10826.769290072554,10826.769290072554,10731.877873314452,10731.877873314452,11815.346002073065,11911.304794540016,11688.706124975863,11786.470566726788,12763.303206832961,12909.832796485969,12505.324901418853,12676.011887235705,10451.174727276382,10451.174727276382,10437.890794113806,10437.890794113806,10676.147000120332,10676.147000120332,10646.482787572118,10646.482787572118,10818.001416665427,10818.001416665427,10780.333916754453,10780.333916754453,10641.490525439727,11657.448255135114,13040.301085874042
2022-12-11,10816.934272435288,10816.934272435288,10722.100576510546,10722.100576510546,11801.600968880695,11887.833864596536,11675.061261552171,11763.143419325705,12742.110709349156,12880.750386052527,12486.240044954204,12648.236282063057,10451.174727276382,10451.174727276382,10437.890794113806,10437.890794113806,10673.761060371735,10673.761060371735,10643.979024621967,10643.979024621967,10815.238759032167,10815.238759032167,10777.453659859844,10777.453659859844,10631.762118617178,11643.831911080746,13019.16624175394
2022-12-12,10807.123900789773,10807.123900789773,10712.285795672406,10712.285795672406,11795.468267485283,11874.903375891863,11668.769694132683,11749.835764738313,12736.251223231477,12873.908519178302,12476.613267038952,12641.338106475601,10451.174727276382,10451.174727276382,10437.890794113806,10437.890794113806,10673.648501107678,10673.648501107678,10643.744729808626,10643.744729808626,10817.982950307714,10817.982950307714,10780.153339095365,10780.153339095365,10622.105175615794,11637.79233803676,13012.574930946947
2022-12-13,10809.830020046906,10809.830020046906,10714.925313086032,10714.925313086032,11794.48933881515,11871.852270331408,11667.717920186864,11746.93447549633,12740.544475686187,12886.342866052419,12481.629818881227,12653.06537484426,10451.174727276382,10451.174727276382,10437.890794113806,10437.890794113806,10673.648501107678,10673.648501107678,10643.744729808626,10643.744729808626,10823.895575505712,10823.895575505712,10786.06136509612,10786.06136509612,10624.787592864312,11636.799357635471,13017.478214903069
2022-12-14,10803.614466072906,10803.614466072906,10708.750665558033,10708.750665558033,11786.566260138137,11856.62009448362,11659.489188184469,11731.069879058377,12724.774210760906,12856.186451026579,12465.634093184824,12623.082809196514,10451.174727276382,10451.174727276382,10437.890794113806,10437.890794113806,10671.984539547117,10671.984539547117,10641.677023416376,10641.677023416376,10822.241894235356,10822.241894235356,10784.07175055539,10784.07175055539,10618.651326432311,11628.954408869797,13001.907212514794
2022-12-15,10791.041022171212,10791.041022171212,10696.028439753796,10696.028439753796,11768.461196798224,11819.699817073564,11641.381868521627,11694.198085832773,12695.06932715626,12797.065763427408,12435.689676301048,12564.921959338895,10447.393038490782,10447.393038490782,10433.966566504205,10433.966566504205,10660.690974510317,10660.690974510317,10630.383458379576,10630.383458379576,10808.966741355543,10808.966741355543,10770.751643820948,10770.751643820948,10606.187530825397,11611.441503665219,12971.724557025458
2022-12-16,10767.475910602792,10767.475910602792,10672.294290801006,10672.294290801006,11727.609942793759,11736.581593530951,11600.534085839923,11611.095700607453,12611.942303051237,12636.514487631028,12354.337526932632,12406.811050021843,10434.562586203854,10434.562586203854,10421.048676748322,10421.048676748322,10637.1392008991,10637.1392008991,10606.647526728748,10606.647526728748,10776.70312361816,10776.70312361816,10738.141053200765,10738.141053200765,10582.826559990392,11571.7810266527,12888.557346454681
2022-12-17,10769.20933767446,10769.20933767446,10673.684341289903,10673.684341289903,11730.057902205719,11741.574785319195,11602.797538940822,11615.71379295066,12615.944831044488,12644.504611432636,12358.030125284853,12414.176240216442,10434.338814289209,10434.338814289209,10420.61160501861,10420.61160501861,10637.50796037846,10637.50796037846,10606.972895554509,10606.972895554509,10777.959759745994,10777.959759745994,10739.30802715823,10739.30802715823,10584.548419142679,11574.211662833497,12892.605808296637
2022-12-18,10766.808468114985,10766.808468114985,10671.29326891708,10671.29326891708,11726.902018998084,11735.13555615162,11599.597428608708,11609.185892313892,12610.773827407525,12634.151776533965,12352.814925100305,12403.721716555048,10434.338814289209,10434.338814289209,10420.61160501861,10420.61160501861,10636.947831881807,10636.947831881807,10606.414152371533,10606.414152371533,10777.270107872806,10777.270107872806,10738.620659403405,10738.620659403405,10582.165084249176,11571.078233267985,12887.376051266447
2022-12-19,10758.318982184352,10758.318982184352,10662.85553675721,10662.85553675721,11715.551939479532,11712.159127873667,11588.330991071482,11586.376425048418,12592.295400938827,12597.144750610278,12333.573312961116,12365.127171337544,10434.338814289209,10434.338814289209,10420.61160501861,10420.61160501861,10635.639029025362,10635.639029025362,10605.108586455373,10605.108586455373,10774.192888185751,10774.192888185751,10734.60372929058,10734.60372929058,10573.770708425605,11559.840622815482,12868.608098172932
2022-12-20,10762.401411699739,10762.401411699739,10666.826111239901,10666.826111239901,11720.776821861546,11722.609979439218,11593.448805121332,11596.610909435953,12600.711951397176,12613.999966821657,12341.800907137667,12381.644225478458,10435.082851738496,10435.082851738496,10421.327711406306,10421.327711406306,10636.827671673016,10636.827671673016,10606.294289343798,10606.294289343798,10775.377576884783,10775.377576884783,10735.804130975142,10735.804130975142,10577.782770568936,11565.007573804294,12877.180652712648
2022-12-21,10758.68763154009,10758.68763154009,10663.15462284512,10663.15462284512,11716.070547600977,11713.21436473907,11588.774508639852,11587.279310338148,12593.843363754071,12600.24503995922,12335.013377100535,12368.014043656018,10434.792184475238,10434.792184475238,10421.03740838774,10421.03740838774,10636.385842863074,10636.385842863074,10605.853553267929,10605.853553267929,10774.92992015979,10774.92992015979,10735.357931228913,10735.357931228913,10574.134110305615,11560.363395238663,12870.179949073889
2022-12-22,10761.375403463282,10761.375403463282,10665.797736374978,10665.797736374978,11719.169549151973,11719.41566569383,11591.855145381169,11593.44388167354,12598.82804568654,12610.219531013954,12339.937750962023,12377.883339354246,10435.149108671181,10435.149108671181,10421.393885310254,10421.393885310254,10636.928385531844,10636.928385531844,10606.394754116413,10606.394754116413,10775.479619203417,10775.479619203417,10735.905841178826,10735.905841178826,10576.794313579594,11563.44153522918,12875.223824390141
2022-12-23,10761.118482284006,10761.118482284006,10665.540181824372,10665.540181824372,11718.804991867679,11718.686213251618,11591.489831140925,11592.712915319422,12598.245410617654,12609.053839030115,12339.352913549523,12376.713352803947,10435.566662620615,10435.566662620615,10421.810916009123,10421.810916009123,10637.563088465007,10637.563088465007,10607.027887297885,10607.027887297885,10776.122694145592,10776.122694145592,10736.546823118748,10736.546823118748,10576.535995341108,11563.07609740431,12874.642660857238
2022-12-24,10760.72648911777,10760.72648911777,10665.14916151215,10665.14916151215,11718.350301380347,11717.776387804579,11591.036570597464,11591.805949760128,12597.516313656499,12607.593979284215,12338.628015175931,12375.261158541567,10435.374215018071,10435.374215018071,10421.618709568991,10421.618709568991,10637.27055846265,10637.27055846265,10606.736080782754,10606.736080782754,10775.826305544686,10775.826305544686,10736.251399167479,10736.251399167479,10576.146267671886,11562.623293950703,12873.908842209576
2022-12-25,10762.739975835975,10762.739975835975,10667.142791649574,10667.142791649574,11720.537622168918,11722.159982035571,11593.198459138997,11596.138679497039,12601.051056604174,12614.685086785265,12342.081814181112,12382.210823892883,10434.904069753005,10434.904069753005,10421.149153458395,10421.149153458395,10636.555914093571,10636.555914093571,10606.023203877077,10606.023203877077,10775.102234704129,10775.102234704129,10735.529684944791,10735.529684944791,10578.121900596769,11564.779606825981,12877.53221153981
2022-12-26,10766.175360888812,10766.175360888812,10670.551554211392,10670.551554211392,11724.217937743295,11729.52954528373,11596.844849285608,11603.440391889668,12606.9841911326,12626.57517729017,12347.908175270344,12393.911967704693,10436.517869713734,10436.517869713734,10422.760931113411,10422.760931113411,10639.008970926108,10639.008970926108,10608.47019379247,10608.47019379247,10777.58764842811,10777.58764842811,10738.007009445912,10738.007009445912,10581.5053863551,11568.418694035841,12883.577683613608
2022-12-27,10762.329848300886,10762.329848300886,10666.556396711918,10666.556396711918,11719.369773468537,11719.827393456544,11591.888447453119,11593.505132865712,12597.954506581815,12608.497311849214,12338.723239887991,12375.49340704883,10436.363694629117,10436.363694629117,10422.544053625996,10422.544053625996,10637.80365453473,10637.80365453473,10607.089701147814,10607.089701147814,10775.32047617299,10775.32047617299,10735.52567216944,10735.52567216944,10577.70445641596,11563.630997554003,12874.388055838492
2022-12-28,10755.146118009405,10755.146118009405,10659.518443589797,10659.518443589797,11710.976634345794,11702.560566050222,11583.44281008969,11576.126623801507,12583.986141218193,12580.525165603087,12324.735741438353,12347.42753263816,10434.374484044052,10434.374484044052,10420.528116147441,10420.528116147441,10633.329307514276,10633.329307514276,10602.468989010567,10602.468989010567,10770.738402628001,10770.738402628001,10730.758854774262,10730.758854774262,10570.823863430685,11555.332017390218,12860.15323577565
2022-12-29,10753.291854372039,10753.291854372039,10657.703727582653,10657.703727582653,11708.961081035304,11698.61403709581,11581.421077195255,11572.166305030325,12580.80879187675,12574.159768913161,12321.578986507955,12341.089962073496,10432.108012387816,10432.108012387816,10418.265738058311,10418.265738058311,10629.541773309003,10629.541773309003,10598.652302551092,10598.652302551092,10766.901933209014,10766.901933209014,10726.895551512203,10726.895551512203,10569.023377507014,11553.3420560404,12856.907097713076
2022-12-30,10755.032608591426,10755.032608591426,10659.351328685598,10659.351328685598,11709.957305334216,11700.678250310199,11582.689130082976,11574.017847760286,12582.473716519546,12577.498938395198,12323.055085345108,12344.054228636332,10432.286447891303,10432.286447891303,10418.415335983067,10418.415335983067,10629.832367064353,10629.832367064353,10598.895250266409,10598.895250266409,10767.196200785627,10767.196200785627,10727.141373496048,10727.141373496048,10570.735318749586,11554.692935860025,12858.615015491361
2022-12-31,10757.27752572439,10757.27752572439,10661.576605082764,10661.576605082764,11712.777780330422,11706.36923017313,11585.466518535764,11579.622143711402,12587.060273998935,12586.695668684491,12327.536675691974,12353.049968388792,10431.803276048859,10431.803276048859,10417.932753374578,10417.932753374578,10629.04515050154,10629.04515050154,10598.110390639416,10598.110390639416,10766.398967245595,10766.398967245595,10726.347086125787,10726.347086125787,10572.945603169866,11557.482726026281,12863.291097524436
2023-01-01,10758.15224771402,10758.15224771402,10662.431684732685,10662.431684732685,11715.015921615986,11711.08912599743,11587.68147464903,11584.295083504325,12590.895313371939,12594.372623975974,12331.319507623364,12360.628094669168,10431.770339108858,10431.770339108858,10417.89985660158,10417.89985660158,10628.991487389541,10628.991487389541,10598.056888195415,10598.056888195415,10766.344621294595,10766.344621294595,10726.292941009786,10726.292941009786,10573.805923446598,11559.708106353302,12867.160491043165
2023-01-02,10763.115706557117,10763.115706557117,10667.328295649952,10667.328295649952,11721.377126049223,11723.921722802981,11593.956211936582,11596.9521196419,12601.244574739198,12615.103220095341,12341.44027267247,12380.941069492452,10430.511863040812,10430.511863040812,10416.61643966305,10416.61643966305,10626.941092234772,10626.941092234772,10595.969572734948,10595.969572734948,10764.268135782318,10764.268135782318,10724.180552690934,10724.180552690934,10578.688200463563,11566.000027993716,12877.703143135252
2023-01-03,10763.247473588885,10763.247473588885,10667.430777463906,10667.430777463906,11722.65028301829,11726.320080766374,11595.19073922737,11599.287253539474,12603.917489270614,12620.457378730762,12344.001663026858,12386.082272619928,10430.15052931644,10430.15052931644,10416.229340738302,10416.229340738302,10626.880114653062,10626.880114653062,10595.827804232584,10595.827804232584,10764.199500797176,10764.199500797176,10724.031083281578,10724.031083281578,10578.81829225318,11567.269313320001,12880.396088855352
2023-01-04,10766.25886752511,10766.25886752511,10670.423331283728,10670.423331283728,11726.148806344318,11733.313407831425,11598.60560677545,11606.129942163094,12610.984266694732,12634.580261132105,12350.89803967522,12399.905469207777,10430.067553392642,10430.067553392642,10416.017604024913,10416.017604024913,10626.756883161617,10626.756883161617,10595.455576887225,10595.455576887225,10765.464691031428,10765.464691031428,10725.039071126424,10725.039071126424,10581.77920680942,11570.729149113007,12887.760917379574
2023-01-05,10764.099118424125,10764.099118424125,10668.086178454,10668.086178454,11723.162957874294,11727.334542857772,11595.382450911577,11599.682293788566,12604.522381891655,12621.597689072338,12344.148267293778,12386.313259064247,10427.390257686107,10427.390257686107,10413.268054366772,10413.268054366772,10622.00421597913,10622.00421597913,10590.521405070243,10590.521405070243,10759.149718292305,10759.149718292305,10718.532389149364,10718.532389149364,10579.696864619807,11567.772197774764,12881.193927958664
2023-01-06,10770.85821187818,10770.85821187818,10674.668167313208,10674.668167313208,11739.197895482648,11759.459800837321,11611.03134601844,11631.028816119568,12631.957478817647,12676.62269208245,12370.65004380267,12439.57458367645,10430.731241010106,10430.731241010106,10416.60572222277,10416.60572222277,10631.05751336251,10631.05751336251,10599.37535007486,10599.37535007486,10769.296988978587,10769.296988978587,10728.441149507918,10728.441149507918,10586.307097412293,11583.601766158217,12909.222094562469
2023-01-07,10776.451651632797,10776.451651632797,10679.869178517298,10679.869178517298,11745.213698215985,11771.491110339639,11616.390440398676,11641.732550202483,12638.911837191745,12690.460458799329,12376.530652172743,12451.343278883469,10431.296774438004,10431.296774438004,10416.986315185444,10416.986315185444,10631.72962249048,10631.72962249048,10599.303617810272,10599.303617810272,10770.042343863171,10770.042343863171,10728.507835271186,10728.507835271186,10591.829644934882,11589.524855159121,12916.28940290278
2023-01-08,10788.364148421697,10788.364148421697,10691.684663075039,10691.684663075039,11765.608640387378,11812.49446365449,11636.497965105755,11682.326433729384,12680.352728499298,12774.0675600356,12417.256386779542,12533.358808747165,10436.732273726855,10436.732273726855,10422.417170617162,10422.417170617162,10651.811521121128,10651.811521121128,10619.203897800266,10619.203897800266,10790.233584071879,10790.233584071879,10748.675856194226,10748.675856194226,10603.379583495454,11609.607339773718,12958.755791878812
2023-01-09,10792.137869842583,10792.137869842583,10695.186353941555,10695.186353941555,11776.663130513127,11834.827629559424,11647.084494066889,11703.56511041585,12705.17595584083,12824.14805831535,12441.006987871195,12581.33576002249,10445.882457729329,10445.882457729329,10431.300034430235,10431.300034430235,10667.317826766994,10667.317826766994,10634.172526756565,10634.172526756565,10812.242926718478,10812.242926718478,10770.198403028675,10770.198403028675,10607.181932036,11620.4317408385,12984.123439453557
2023-01-10,10799.232561447163,10799.232561447163,10702.095618294048,10702.095618294048,11799.06910226607,11880.021940467786,11669.08639021594,11747.620336835864,12748.017373970803,12900.970337969493,12482.416014379362,12655.519427475943,10452.556429932316,10452.556429932316,10437.909687253834,10437.909687253834,10678.051463407772,10678.051463407772,10644.566977315668,10644.566977315668,10829.274507461443,10829.274507461443,10786.71780535514,10786.71780535514,10614.308261356176,11642.373988340674,13028.051474772978
2023-01-11,10816.185585922774,10816.185585922774,10718.446272884587,10718.446272884587,11819.896493897615,11921.051829307253,11689.184642708024,11787.149405724258,12776.489263619005,12943.291179119278,12509.330230823254,12695.227339147514,10470.9648148801,10470.9648148801,10456.096164686285,10456.096164686285,10708.16112288871,10708.16112288871,10674.237179141704,10674.237179141704,10859.886973050014,10859.886973050014,10816.62785840934,10816.62785840934,10630.996728174812,11662.90048182157,13057.169510122265
2023-01-12,10836.942686338987,10836.942686338987,10738.586364993327,10738.586364993327,11847.723612374062,11974.646748617084,11716.400405351846,11839.673324408668,12828.631779009953,13022.763078746304,12559.410264236732,12772.052570958285,10486.334414640307,10486.334414640307,10470.951960218355,10470.951960218355,10741.201430887846,10741.201430887846,10706.741157470944,10706.741157470944,10896.015295023793,10896.015295023793,10852.199585481218,10852.199585481218,10650.714906311421,11690.644750833877,13110.792601960266
2023-01-13,10870.535828504884,10870.535828504884,10771.794355445945,10771.794355445945,11893.920524222778,12054.674034531847,11762.151500554806,11918.69619345973,12966.83116436819,13164.906945475754,12661.01633831545,12909.846180161006,10503.974011292948,10503.974011292948,10488.455819910998,10488.455819910998,10785.653899966084,10785.653899966084,10751.157206977181,10751.157206977181,10958.010866370418,10958.010866370418,10913.702066384214,10913.702066384214,10682.965179420326,11736.413240504962,13218.475139462598
2023-01-14,10907.261581742783,10907.261581742783,10807.636374099693,10807.636374099693,12009.753094752812,12185.184332376812,11837.541971419778,12047.613153804905,13194.729054596497,13398.645631739962,12827.871772783581,13138.980777448678,10537.132576006607,10537.132576006607,10521.07550772272,10521.07550772272,10893.628708453196,10893.628708453196,10858.360026485969,10858.360026485969,11076.486364173737,11076.486364173737,11031.892527180862,11031.892527180862,10719.067920628751,11850.150341977589,13413.3103311363
2023-01-15,10895.46865127707,10895.46865127707,10795.966751797037,10795.966751797037,11988.949665376298,12163.485693910476,11822.80549807774,12025.781951027846,13154.405266491878,13357.44846521276,12796.630345196152,13097.653320668227,10524.474948220231,10524.474948220231,10508.43991910707,10508.43991910707,10870.97993349031,10870.97993349031,10835.777111291889,10835.777111291889,11054.447863902498,11054.447863902498,11009.678266012177,11009.678266012177,10707.479448954706,11829.68818882385,13376.476683665882
2023-01-16,10888.644865613058,10888.644865613058,10788.503746602939,10788.503746602939,11992.87754212605,12162.0323482163,11826.394533072184,12023.987638432716,13140.856990936061,13343.252827582268,12784.041770287693,13083.007639721056,10524.072119486707,10524.072119486707,10507.589769846767,10507.589769846767,10878.450121732676,10878.450121732676,10842.948488462172,10842.948488462172,11061.937574726342,11061.937574726342,11016.886679141187,11016.886679141187,10700.567979756888,11833.39516950337,13364.992665886344
2023-01-17,10908.917346816841,10908.917346816841,10808.648049320456,10808.648049320456,12016.985708002609,12189.517958177086,11843.177115528506,12051.167766767332,13164.521872875717,13368.771266068608,12801.600139390877,13107.509944614523,10525.953537520709,10525.953537520709,10509.467965226768,10509.467965226768,10878.833973216177,10878.833973216177,10843.142301255171,10843.142301255171,11055.44091095404,11055.44091095404,11010.075162836865,11010.075162836865,10720.527671366139,11856.989052617886,13382.790839254365
2023-01-18,10877.078661899372,10877.078661899372,10777.421513408963,10777.421513408963,11941.15223939782,12108.673882368423,11772.884114600874,11971.026878563096,13030.92912962432,13226.774394240656,12677.27663530967,12968.357723951796,10511.052405863398,10511.052405863398,10494.53534478752,10494.53534478752,10839.117459999174,10839.117459999174,10803.538107282171,10803.538107282171,11001.5678801793,11001.5678801793,10956.262772384896,10956.262772384896,10689.567908253557,11782.334333839603,13249.732736607913
2023-01-19,10885.507361129023,10885.507361129023,10785.403759970739,10785.403759970739,11965.627593890504,12136.73405766882,11786.42740362901,11998.825124686273,13075.819165924775,13270.650336192111,12705.470557254735,13010.730366846441,10519.082271137397,10519.082271137397,10502.56063443752,10502.56063443752,10859.609037284297,10859.609037284297,10823.85940329609,10823.85940329609,11025.504188398587,11025.504188398587,10980.009908432152,10980.009908432152,10697.557362450574,11806.218807494566,13293.40723726339
2023-01-20,10938.025817843212,10938.025817843212,10835.80743964868,10835.80743964868,12097.204531886147,12273.52066917489,11862.071286167713,12134.134014486004,13305.640472309864,13500.219617062172,12869.428108546028,13234.996085586052,10563.356728999426,10563.356728999426,10546.649222541639,10546.649222541639,10933.205138726298,10933.205138726298,10897.293397357093,10897.293397357093,11116.434864852783,11116.434864852783,11070.691572261718,11070.691572261718,10747.973344116052,11934.969328533267,13519.962075422658
2023-01-21,10943.487943078802,10943.487943078802,10841.123004837696,10841.123004837696,12099.212885428584,12278.440335722322,11863.280322825594,12138.233057369576,13295.036072155142,13491.357972804351,12859.35275267088,13225.650904919183,10556.676229109185,10556.676229109185,10539.975774040939,10539.975774040939,10922.757517483838,10922.757517483838,10886.89880798626,10886.89880798626,11096.430836904245,11096.430836904245,11050.782959915201,11050.782959915201,10753.288014982134,11936.877506273382,13509.665718018015
2023-01-22,10939.274151798916,10939.274151798916,10837.001755807074,10837.001755807074,12091.060827853338,12270.343668360823,11855.12042285647,12129.828785832136,13271.215368699603,13467.425907236999,12836.952045867623,13201.549437088517,10554.788871749186,10554.788871749186,10538.089605853938,10538.089605853938,10919.844385310837,10919.844385310837,10883.989221621256,10883.989221621256,11093.271192543403,11093.271192543403,11047.384547147982,11047.384547147982,10749.214049050232,11928.907286362717,13485.780446817436
2023-01-23,10957.842528389054,10957.842528389054,10854.921374433363,10854.921374433363,12131.466342189706,12312.535146055858,11898.690244251155,12171.14959637001,13346.953063758387,13542.47878006498,12908.261939478074,13274.77182041091,10561.982169311272,10561.982169311272,10545.100076094554,10545.100076094554,10930.308493901135,10930.308493901135,10894.433700966698,10894.433700966698,11103.623358638271,11103.623358638271,11057.712336557994,11057.712336557994,10767.28970622113,11972.902888809165,13564.089680372274
2023-01-24,10932.536214777347,10932.536214777347,10829.666054627223,10829.666054627223,12079.182000433691,12259.169723773126,11845.78304933291,12117.853333585244,13251.428952456723,13447.743213789901,12822.41604601525,13181.029734137377,10544.665623961697,10544.665623961697,10527.617862886254,10527.617862886254,10901.359790561133,10901.359790561133,10865.582018696696,10865.582018696696,11074.63915507827,11074.63915507827,11028.83084806799,11028.83084806799,10742.65245297143,11921.473967583073,13467.849808794434
2023-01-25,10951.648219723184,10951.648219723184,10848.232014814823,10848.232014814823,12130.442111598026,12311.039406587322,11896.782957410956,12168.833545780213,13338.737289338113,13536.992245484003,12902.854610808892,13268.658068046185,10560.554451879698,10560.554451879698,10543.500019266254,10543.500019266254,10928.155484247134,10928.155484247134,10892.302744568698,10892.302744568698,11101.26225045427,11101.26225045427,11055.374527937991,11055.374527937991,10761.10509673731,11971.93454687236,13555.868987752823
2023-01-26,10946.549357269132,10946.549357269132,10842.846522504262,10842.846522504262,12112.694346589413,12292.540474725023,11878.889467222583,12150.114647112996,13300.714308813662,13498.005270855783,12867.376239235191,13230.450585999504,10555.60577554972,10555.60577554972,10538.384888652336,10538.384888652336,10919.757830847015,10919.757830847015,10883.756500688783,10883.756500688783,11092.657702757551,11092.657702757551,11046.725307651108,11046.725307651108,10756.042932463086,11954.462176549985,13517.38829437431
2023-01-27,10959.11642983086,10959.11642983086,10855.453919447435,10855.453919447435,12132.876792393814,12313.56703337625,11898.77353153543,12170.439481120562,13328.666419190366,13526.747783570243,12893.318597891513,13258.513879064647,10559.215538615095,10559.215538615095,10541.990410485709,10541.990410485709,10923.975272987993,10923.975272987993,10887.96121913376,10887.96121913376,11097.097339063692,11097.097339063692,11051.153482980253,11051.153482980253,10768.579156633257,11974.466288057289,13545.9287407606
2023-01-28,10962.006091009653,10962.006091009653,10858.014320287835,10858.014320287835,12126.337672090152,12307.748187935198,11892.693540035412,12164.349847106776,13313.609642473115,13511.381663425214,12877.549135314413,13243.161508507637,10560.022029430169,10560.022029430169,10542.72554895001,10542.72554895001,10920.720004145993,10920.720004145993,10884.69935042976,10884.69935042976,11093.751229427793,11093.751229427793,11047.733142774654,11047.733142774654,10771.290794392315,11967.94145448132,13529.389377695423
2023-01-29,10989.551828689702,10989.551828689702,10886.813316773207,10886.813316773207,12185.52243131978,12365.55429157869,11949.783932116654,12221.459213860331,13394.403968094583,13594.109561107074,12955.540435069963,13325.246173535408,10577.64394789009,10577.64394789009,10560.33185939231,10560.33185939231,10959.423876590594,10959.423876590594,10923.356398821503,10923.356398821503,11132.166749205988,11132.166749205988,11086.017754610912,11086.017754610912,10799.920522747292,12026.516146069986,13618.042781120981
2023-01-30,10956.658604101409,10956.658604101409,10854.908555050552,10854.908555050552,12113.299221543806,12292.169560180615,11877.178258502296,12149.064808125344,13272.575487817869,13469.900269450678,12836.402946070742,13202.531070778336,10561.018682643691,10561.018682643691,10543.71757528831,10543.71757528831,10920.039402617793,10920.039402617793,10884.004868275902,10884.004868275902,11093.322650958185,11093.322650958185,11047.29416425291,11047.29416425291,10768.284962550635,11954.839949464214,13494.509206043262
2023-01-31,10966.180242653243,10966.180242653243,10863.93528613714,10863.93528613714,12127.16368006691,12307.399264697802,11890.170206953053,12163.56512535633,13297.259703449488,13495.434329419693,12856.32986729347,13226.234789662903,10569.512617799692,10569.512617799692,10552.20319262331,10552.20319262331,10930.90556847687,10930.90556847687,10894.481705858201,10894.481705858201,11106.760763189835,11106.760763189835,11060.5246519575,11060.5246519575,10777.4072369759,11968.253902533934,13519.43291807985
2023-02-01,10994.052918371242,10994.052918371242,10891.05199916514,10891.05199916514,12201.0344948698,12384.686551499597,11963.07956728094,12240.121153537924,13411.130005215571,13611.995661976103,12959.932911927532,13339.051745126188,10588.203201411692,10588.203201411692,10570.874870943311,10570.874870943311,10955.71124935087,10955.71124935087,10919.2306708562,10919.2306708562,11138.575053903834,11138.575053903834,11092.213318773498,11092.213318773498,10804.3869687439,12040.706511969924,13634.60999348896
2023-02-02,10985.85950279707,10985.85950279707,10882.993129008968,10882.993129008968,12188.809404243833,12371.44133609687,11951.06433496025,12227.001143411288,13389.24641757858,13589.401284704274,12940.353673238431,13316.836828318914,10582.246303668264,10582.246303668264,10564.92322724487,10564.92322724487,10947.826123609146,10947.826123609146,10911.361307249428,10911.361307249428,11130.801969068974,11130.801969068974,11084.457981313248,11084.457981313248,10796.530493044702,12028.857227968047,13612.344140235864
2023-02-03,11002.412791409752,11002.412791409752,10899.055164325191,10899.055164325191,12216.374006054566,12399.513208301867,11978.036898512797,12254.462615928012,13427.872456866926,13628.80220231168,12976.797905729794,13355.046295785245,10584.377224448765,10584.377224448765,10566.815823079867,10566.815823079867,10950.048616180147,10950.048616180147,10913.573086391429,10913.573086391429,11132.856341954575,11132.856341954575,11086.305589929829,11086.305589929829,10812.802347221228,12056.12172369348,13651.583409457367
2023-02-04,10993.943520418732,10993.943520418732,10890.442118798424,10890.442118798424,12197.212326477867,12379.610141573428,11959.044956892782,12234.695882077785,13401.699210306328,13602.03090940834,12952.761126625688,13328.96198224631,10581.445580592763,10581.445580592763,10563.888559169867,10563.888559169867,10944.701148288146,10944.701148288146,10908.238758337427,10908.238758337427,11127.567213974586,11127.567213974586,11080.775368179568,11080.775368179568,10805.823923834458,12039.596594686704,13628.309456533152
2023-02-05,10974.90019355389,10974.90019355389,10871.373607438503,10871.373607438503,12160.502535688927,12342.016746625734,11922.153279800159,12196.850886838338,13339.800494751806,13539.073870975317,12896.18699499499,13268.44936193745,10577.611198168763,10577.611198168763,10560.059905404867,10560.059905404867,10939.229103783597,10939.229103783597,10902.480933405226,10902.480933405226,11111.263277131588,11111.263277131588,11064.530396351565,11064.530396351565,10787.08837121833,12005.396099613125,13569.001617621856
2023-02-06,10962.956333012635,10962.956333012635,10859.390033514823,10859.390033514823,12136.645717906136,12317.755362955975,11898.13347515376,12172.382547146106,13300.399714906844,13499.071397805348,12859.78893875542,13230.13193819084,10576.227708256763,10576.227708256763,10558.678482459867,10558.678482459867,10934.587341892046,10934.587341892046,10897.524121457029,10897.524121457029,11104.64957633259,11104.64957633259,11057.939843125565,11057.939843125565,10775.309849445308,11981.142701789107,13528.69107432761
2023-02-07,10985.672373917125,10985.672373917125,10881.603159676866,10881.603159676866,12188.067108891988,12370.874794829479,11948.911422264231,12224.554418282503,13390.694268457872,13591.621988052619,12942.35701581955,13320.212277054912,10583.415484371473,10583.415484371473,10565.805942802746,10565.805942802746,10961.45930133262,10961.45930133262,10924.08893910722,10924.08893910722,11138.789793378788,11138.789793378788,11091.736162544363,11091.736162544363,10797.630559804513,12031.979005097306,13619.799230870945
2023-02-08,10974.642986430921,10974.642986430921,10870.434767160943,10870.434767160943,12154.511523834128,12336.464050483402,11915.253163091164,12190.044949075545,13326.119634199631,13524.760040531242,12880.14250441495,13255.056902881497,10580.841625041472,10580.841625041472,10563.235564012746,10563.235564012746,10953.720861441969,10953.720861441969,10916.061879354618,10916.061879354618,11126.880859537589,11126.880859537589,11079.627427529564,11079.627427529564,10786.780811646218,11998.836333902842,13556.105117531935
2023-02-09,10930.79478118349,10930.79478118349,10826.77067498995,10826.77067498995,12059.258341321045,12238.303780328759,11820.87047455517,12093.01210111758,13174.212317819245,13369.084953537844,12736.89667437756,13101.893325423205,10559.852560443233,10559.852560443233,10542.102375155788,10542.102375155788,10920.52963714197,10920.52963714197,10883.041617972618,10883.041617972618,11090.421173124265,11090.421173124265,11043.054920674267,11043.054920674267,10743.713733270002,11904.806170798629,13397.852461441673
2023-02-10,10938.716221936567,10938.716221936567,10834.406225887631,10834.406225887631,12066.559884587934,12245.97419978474,11827.810543398835,12100.193330081227,13180.190894227559,13375.461567777736,12740.977077125342,13107.010764747143,10561.572519778665,10561.572519778665,10543.671609720906,10543.671609720906,10923.735384879732,10923.735384879732,10886.038496978548,10886.038496978548,11091.62658133901,11091.62658133901,11043.792228253438,11043.792228253438,10751.498867026612,11912.000492453304,13403.967608407278
2023-02-11,10944.235767656519,10944.235767656519,10839.868946097304,10839.868946097304,12085.030128538716,12265.084207476251,11845.75821481678,12118.760699672323,13214.65454948093,13410.582122260153,12773.329050090919,13141.198347138103,10562.909753935603,10562.909753935603,10545.00703558284,10545.00703558284,10928.255829571623,10928.255829571623,10890.334456203414,10890.334456203414,11096.382820245279,11096.382820245279,11048.538521537175,11048.538521537175,10756.918140556552,11930.277530029462,13438.306377936318
2023-02-12,10935.567300307612,10935.567300307612,10831.292175781044,10831.292175781044,12059.217740381744,12238.49177911976,11819.879717268008,12092.082520767295,13172.551500847667,13367.504362356727,12733.53977743033,13098.678919423615,10560.20810309182,10560.20810309182,10542.309038087054,10542.309038087054,10923.109117373497,10923.109117373497,10884.985835955276,10884.985835955276,11090.553687036814,11090.553687036814,11042.729481742694,11042.729481742694,10748.41025630796,11904.772536097853,13396.993115134288
2023-02-13,10921.733281286732,10921.733281286732,10817.59701152154,10817.59701152154,12033.50497835761,12212.063334444043,11794.118657976072,12065.631766096625,13141.712968610489,13335.94696352353,12704.47089818228,13067.632340342996,10558.037587539757,10558.037587539757,10540.141457647302,10540.141457647302,10918.828492408666,10918.828492408666,10880.478758385083,10880.478758385083,11086.456739070994,11086.456739070994,11038.64867689457,11038.64867689457,10734.823143591448,11879.36665517133,13366.8700351108
2023-02-14,10938.37554941816,10938.37554941816,10833.832543194738,10833.832543194738,12081.649253345651,12261.214917342844,11841.014883900098,12113.48632668253,13223.928571552742,13419.176047409124,12784.512464600386,13148.298614569081,10557.904379552308,10557.904379552308,10539.874138356532,10539.874138356532,10923.150160816811,10923.150160816811,10884.557385235885,10884.557385235885,11098.40722624716,11098.40722624716,11050.46415373203,11050.46415373203,10751.171243849109,11927.015983376132,13448.202226387079
2023-02-15,10968.359076604862,10968.359076604862,10863.500762921794,10863.500762921794,12169.533320007702,12352.150990179429,11927.633647259932,12201.520564574399,13382.52308753177,13579.277848224474,12937.456901029513,13305.90138196764,10557.904379552308,10557.904379552308,10539.874138356532,10539.874138356532,10946.71300185292,10946.71300185292,10908.120226271994,10908.120226271994,11131.504000263416,11131.504000263416,11083.504623905306,11083.504623905306,10780.623275214206,12014.18407551014,13604.710104433256
2023-02-16,10951.178893426708,10951.178893426708,10845.470733264205,10845.470733264205,12113.203962139776,12295.193649013276,11870.918929404977,12143.820927836028,13303.459240972988,13499.315842350547,12859.240932235738,13226.934334931853,10545.179400539424,10545.179400539424,10526.754303121083,10526.754303121083,10924.66681966367,10924.66681966367,10886.489383373182,10886.489383373182,11102.269451752727,11102.269451752727,11053.827180632188,11053.827180632188,10763.576856730375,11958.412708571106,13524.771397846103
2023-02-17,10986.751123691292,10986.751123691292,10880.8207651139,10880.8207651139,12185.142410442615,12367.960109495116,11941.776025463292,12215.89742777553,13409.68262636715,13606.77049881111,12961.950357391885,13331.577941038751,10561.885447281426,10561.885447281426,10543.405721560082,10543.405721560082,10953.852725290668,10953.852725290668,10914.572818677183,10914.572818677183,11134.241159068726,11134.241159068726,11085.731616285186,11085.731616285186,10798.739257448182,12029.626997807092,13632.377531233844
2023-02-18,10982.089888456947,10982.089888456947,10876.208536259912,10876.208536259912,12178.692612213083,12361.401301685399,11935.470657432119,12209.429242417335,13395.889861307618,13592.762362848907,12948.46266433369,13317.822335109611,10562.027325161425,10562.027325161425,10543.550567670083,10543.550567670083,10954.156190800668,10954.156190800668,10914.831226807184,10914.831226807184,11133.672940348728,11133.672940348728,11085.170526275186,11085.170526275186,10794.166568363784,12023.273711764716,13618.32998831773
2023-02-19,10971.993202629737,10971.993202629737,10866.16606281003,10866.16606281003,12161.233980064533,12343.772717750979,11918.233554336968,12191.943517499978,13370.599513864372,13567.212636415015,12923.201679986505,13292.649019551363,10556.891660331425,10556.891660331425,10538.426760335082,10538.426760335082,10945.104085525669,10945.104085525669,10906.169370067184,10906.169370067184,11120.75311692173,11120.75311692173,11072.281039647185,11072.281039647185,10784.170246363266,12005.957518817668,13592.71314001955
2023-02-20,10978.075475374759,10978.075475374759,10872.253113711695,10872.253113711695,12175.045540826986,12357.650846303017,11931.959320671234,12205.758196426485,13390.70799184025,13587.443427059901,12942.047445139244,13312.112592738875,10565.267850899425,10565.267850899425,10546.780065041083,10546.780065041083,10959.81047758367,10959.81047758367,10920.276156033186,10920.276156033186,11133.024350677733,11133.024350677733,11084.541461397186,11084.541461397186,10790.256810623085,12019.703516819292,13612.951237757177
2023-02-21,10953.410721115866,10953.410721115866,10847.497156166162,10847.497156166162,12123.563394759523,12305.49635863224,11880.991662191636,12153.792418574889,13305.757664644005,13501.379595045459,12859.212002768418,13227.715995415538,10555.997034317423,10555.997034317423,10537.55425957208,10537.55425957208,10943.852187766672,10943.852187766672,10904.776832299187,10904.776832299187,11113.316413252734,11113.316413252734,11064.895965413187,11064.895965413187,10765.93007345343,11968.826432658765,13526.777957081631
2023-02-22,10945.41114075403,10945.41114075403,10839.541302644655,10839.541302644655,12115.96623317339,12297.85486632971,11873.460613890986,12146.204192854737,13295.862154053815,13491.425531238561,12850.098477498765,13218.139066416674,10551.186299777422,10551.186299777422,10532.76121279208,10532.76121279208,10935.479407306671,10935.479407306671,10896.701172589186,10896.701172589186,11107.183070275736,11107.183070275736,11058.769255340187,11058.769255340187,10758.011122848497,11961.277816587395,13516.80337001099
2023-02-23,10938.374317414482,10938.374317414482,10832.546437630554,10832.546437630554,12102.33394413727,12284.083643595692,11860.012216450576,12132.542820525632,13285.71560958349,13481.193367684944,12839.8430281727,13207.882251732348,10549.555572931078,10549.555572931078,10531.123155283365,10531.123155283365,10933.305581646839,10933.305581646839,10893.88641910864,10893.88641910864,11103.938675609023,11103.938675609023,11055.426185852999,11055.426185852999,10751.047491154988,11947.762264869662,13506.564693033408
2023-02-24,10912.546070896404,10912.546070896404,10806.878912588347,10806.878912588347,12060.215711799392,12241.52931040601,11818.192406574499,12090.072565485358,13213.555864496931,13408.207818607614,12769.259489394064,13136.491968403052,10537.098845644337,10537.098845644337,10518.709304804112,10518.709304804112,10914.605585305302,10914.605585305302,10875.08192564863,10875.08192564863,11079.953251402027,11079.953251402027,11031.50850546949,11031.50850546949,10725.514601759287,11906.056848879183,13433.525160540852
2023-02-25,10898.67230500119,10898.67230500119,10792.770465094065,10792.770465094065,12035.359172672062,12216.242929631291,11793.216013846095,12064.592711172714,13194.354325443152,13388.689583344503,12750.175103382267,13116.487756515102,10535.216133169064,10535.216133169064,10516.840492928402,10516.840492928402,10911.561110212679,10911.561110212679,10872.051351155573,10872.051351155573,11079.459339983705,11079.459339983705,11031.015994274734,11031.015994274734,10711.879216211979,11881.477098410509,13413.971428971385
2023-02-26,10916.78551929997,10916.78551929997,10810.650379974773,10810.650379974773,12077.316470991671,12258.173063670158,11817.459201458038,12105.858362979807,13254.671816493967,13449.63536088268,12808.615114606171,13175.751846293488,10541.7418869654,10541.7418869654,10523.250691436266,10523.250691436266,10922.160654289182,10922.160654289182,10882.451915978352,10882.451915978352,11093.638195156776,11093.638195156776,11044.977461205284,11044.977461205284,10729.580797305802,11922.843502487503,13475.024140176538
2023-02-27,10915.39685916822,10915.39685916822,10809.302818917879,10809.302818917879,12065.676683085863,12246.359074947804,11805.192167615043,12094.257381797577,13241.635436892275,13436.325192685483,12795.640838270567,13162.74190420242,10540.569697838844,10540.569697838844,10522.07850230971,10522.07850230971,10920.264135978889,10920.264135978889,10880.563692185015,10880.563692185015,11089.67030184157,11089.67030184157,11041.027770959034,11041.027770959034,10728.11643659113,11911.259860056418,13461.678182627807
2023-02-28,10899.531003846347,10899.531003846347,10793.521950005426,10793.521950005426,12028.051037410207,12208.721427751996,11767.609974901847,12056.946832251011,13190.25281105191,13384.474953284005,12746.147328265286,13112.185126428001,10535.762867748484,10535.762867748484,10517.27167221935,10517.27167221935,10912.525645086118,10912.525645086118,10872.853338363013,10872.853338363013,11081.398477749808,11081.398477749808,11032.786384403658,11032.786384403658,10712.66738485855,11874.208987504373,13409.754584770937
2023-03-01,10910.669155558158,10910.669155558158,10804.580927176157,10804.580927176157,12068.324557612608,12249.164480493166,11789.32025511791,12096.619628002347,13265.049216811387,13460.198509201531,12818.980055657827,13185.75700413713,10544.092912602215,10544.092912602215,10525.601717073081,10525.601717073081,10926.00614757453,10926.00614757453,10886.274427285602,10886.274427285602,11103.886044147544,11103.886044147544,11055.118795308133,11055.118795308133,10723.63877561996,11914.166390863107,13485.618860778548
2023-03-02,10897.921527584453,10897.921527584453,10791.38358915227,10791.38358915227,12041.653793628719,12222.264600214387,11772.825176392329,12069.555285691615,13221.75912288352,13416.093077742313,12778.553243616083,13142.004402112721,10539.460809467273,10539.460809467273,10520.507766044191,10520.507766044191,10914.602046730706,10914.602046730706,10874.640833501111,10874.640833501111,11094.038361898543,11094.038361898543,11045.313238072978,11045.313238072978,10711.114088037177,11887.785937565013,13441.01815321397
2023-03-03,10865.776400984716,10865.776400984716,10759.056465387148,10759.056465387148,11953.07228137063,12134.355797692728,11720.692750962147,11982.384903659527,13076.160901899128,13267.957631764204,12644.098377703172,12992.971609432492,10531.248738671884,10531.248738671884,10512.310170109196,10512.310170109196,10875.27702824369,10875.27702824369,10835.204244742492,10835.204244742492,11048.8419506818,11048.8419506818,10999.842139962988,10999.842139962988,10679.45624385957,11800.446107057754,13292.590084332529
2023-03-04,10850.77550220742,10850.77550220742,10743.265185406744,10743.265185406744,11917.3732596509,12098.564485592075,11700.65102010107,11946.345707935152,13020.350839447638,13212.118313251358,12605.764724245017,12937.505406211603,10530.960820385573,10530.960820385573,10511.779442984813,10511.779442984813,10874.383711974397,10874.383711974397,10833.900789327252,10833.900789327252,11048.217253062727,11048.217253062727,10999.006074110612,10999.006074110612,10664.614003905372,11765.567035266862,13236.693377829602
2023-03-05,10853.70739942924,10853.70739942924,10745.882717867238,10745.882717867238,11926.709874669592,12108.080690006356,11704.966952060982,11955.574879525477,13037.400516212654,13229.192154724778,12614.437630891423,12954.085097997087,10531.043057894281,10531.043057894281,10511.756676449508,10511.756676449508,10874.799751705219,10874.799751705219,10834.177150944603,10834.177150944603,11048.631087179785,11048.631087179785,10999.360356656043,10999.360356656043,10667.432006366365,11774.832132902016,13253.77741967502
2023-03-06,10854.700510533707,10854.700510533707,10746.896438747286,10746.896438747286,11926.686100637198,12108.04519518942,11704.639668196063,11955.552738538474,13035.29012270733,13227.151018521577,12612.423574986831,12952.071430725851,10530.998798271525,10530.998798271525,10511.712416826751,10511.712416826751,10874.690339066392,10874.690339066392,10834.1160195683,10834.1160195683,11048.522545099011,11048.522545099011,10999.275319642744,10999.275319642744,10668.437216188191,11774.794045890736,13251.73674737574
2023-03-07,10850.561647033048,10850.561647033048,10742.997079587056,10742.997079587056,11917.457004335673,12098.675861553218,11700.323366256885,11946.089857972838,13016.62058265192,13208.36245047392,12603.344628182153,12933.339836614488,10529.876965867996,10529.876965867996,10510.590584423222,10510.590584423222,10872.54500439723,10872.54500439723,10832.075992441896,10832.075992441896,11046.373113340771,11046.373113340771,10997.01526647937,10997.01526647937,10664.549140934107,11765.629650462628,13232.927268554693
2023-03-08,10841.776130254451,10841.776130254451,10734.773029786016,10734.773029786016,11881.793077973782,12062.410449717212,11683.161074488444,11910.337171641748,12941.26827859556,13132.11607514585,12566.387301843202,12858.820689793465,10525.896076604433,10525.896076604433,10506.60969515966,10506.60969515966,10865.299371181316,10865.299371181316,10824.549947706282,10824.549947706282,11039.09764073689,11039.09764073689,10988.934130400377,10988.934130400377,10656.341884000498,11730.237845488416,13156.57216651902
2023-03-09,10825.746894133164,10825.746894133164,10720.223883099881,10720.223883099881,11849.22639226955,12029.455621449508,11666.572372137773,11877.399006578904,12872.658213464923,13061.529649587583,12532.613834163607,12789.361619757989,10514.06898141249,10514.06898141249,10494.782599967717,10494.782599967717,10847.953074719042,10847.953074719042,10808.886823680647,10808.886823680647,11016.68139745911,11016.68139745911,10966.761865922552,10966.761865922552,10641.796046037814,11697.826583848448,13085.891393634203
2023-03-10,10824.573042827818,10824.573042827818,10718.82392422018,10718.82392422018,11844.95803117004,12020.393118416296,11661.865060619668,11868.014913354296,12859.46117489272,13048.09047839211,12525.032776919947,12775.521523547879,10513.907025747676,10513.907025747676,10494.443143788209,10494.443143788209,10847.523901049854,10847.523901049854,10808.242167362676,10808.242167362676,11015.747557773375,11015.747557773375,10965.727366329198,10965.727366329198,10640.65238314226,11693.592934140423,13078.526513400195
2023-03-11,10817.998164885863,10817.998164885863,10712.245034250749,10712.245034250749,11835.304471087748,12000.842106014152,11652.43703598195,11848.539915619844,12825.027249698966,13013.24014089077,12508.290895073198,12741.12688395524,10513.907025747676,10513.907025747676,10494.443143788209,10494.443143788209,10845.976376078152,10845.976376078152,10806.700197925376,10806.700197925376,11015.0217892679,11015.0217892679,10965.009005202923,10965.009005202923,10634.139214913215,11684.19433456231,13061.327471541901
2023-03-12,10831.936512985603,10831.936512985603,10725.748456535079,10725.748456535079,11852.10599857462,12039.558940745621,11668.759783548749,11886.286634632226,12900.932893721098,13089.927964168714,12545.058902542149,12816.130521305786,10513.907025747676,10513.907025747676,10494.443143788209,10494.443143788209,10849.10696374993,10849.10696374993,10809.69611458195,10809.69611458195,11023.818388546344,11023.818388546344,10973.704059984006,10973.704059984006,10647.589694181333,11700.81551419752,13099.607456212554
2023-03-13,10840.672584902406,10840.672584902406,10734.23599699434,10734.23599699434,11863.275245622728,12068.665977388157,11679.686553430178,11914.958937962278,12956.495011065079,13145.988087629403,12572.21812615823,12871.375568450363,10513.907025747676,10513.907025747676,10494.443143788209,10494.443143788209,10851.93195040993,10851.93195040993,10812.52110124195,10812.52110124195,11033.26445163407,11033.26445163407,10983.149533191627,10983.149533191627,10656.00151136713,11711.856680515493,13127.609027603057
2023-03-14,10844.049117696983,10844.049117696983,10737.440739061458,10737.440739061458,11869.699962049594,12083.417349385438,11685.889783298537,11929.277931706156,12990.675650215995,13180.4664107807,12587.808526332368,12904.873416504392,10515.1075702238,10515.1075702238,10495.559929992709,10495.559929992709,10856.111462278068,10856.111462278068,10816.491268094138,10816.491268094138,11036.956818114888,11036.956818114888,10986.706361659788,10986.706361659788,10659.317656312898,11727.84097734409,13162.177549600441
2023-03-15,10829.987008085032,10829.987008085032,10723.392621816274,10723.392621816274,11845.341130831675,12032.357972279648,11661.660013286457,11878.91483094998,12885.903295799784,13074.13475708484,12536.873140143054,12800.427817805827,10511.258677225042,10511.258677225042,10491.636933958323,10491.636933958323,10850.182032992694,10850.182032992694,10810.612980364698,10810.612980364698,11031.384631920306,11031.384631920306,10981.134175465206,10981.134175465206,10645.486207108128,11674.30155062675,13048.739569276411
2023-03-16,10835.915969504804,10835.915969504804,10729.284015730515,10729.284015730515,11854.410019423349,12052.273527983669,11670.629070624762,11898.578985216285,12923.670564824579,13112.333916164058,12554.984856836127,12838.01310321491,10514.456770815043,10514.456770815043,10494.835027548324,10494.835027548324,10854.831912048692,10854.831912048692,10815.240604366696,10815.240604366696,11035.361652400306,11035.361652400306,10985.111195945206,10985.111195945206,10651.345859139543,11684.742646445387,13068.333789551176
2023-03-17,10867.540136385262,10867.540136385262,10760.63402008573,10760.63402008573,11897.27949819932,12138.887898356248,11712.910158257531,11984.131712066073,13076.916511427216,13266.680664609397,12627.514419005018,12989.7420640851,10539.25180114763,10539.25180114763,10519.505011666535,10519.505011666535,10900.300911558235,10900.300911558235,10860.203588673072,10860.203588673072,11081.02023683927,11081.02023683927,11030.351746593795,11030.351746593795,10682.737639714256,11727.80002067965,13147.516862925098
2023-03-18,10852.626687508591,10852.626687508591,10745.388170260578,10745.388170260578,11860.331165374855,12100.976904871477,11693.66157682201,11946.247255256934,13016.896214010583,13205.965363559017,12591.233497494504,12929.133894757644,10527.476520450959,10527.476520450959,10507.427733871786,10507.427733871786,10881.291349685189,10881.291349685189,10840.861444681219,10840.861444681219,11061.770252565135,11061.770252565135,11010.80023969681,11010.80023969681,10668.01636403302,11691.283278859431,13088.178154553965
2023-03-19,10869.418828998652,10869.418828998652,10762.159369306637,10762.159369306637,11879.694546939565,12139.288757207147,11712.91617927842,11984.270939952235,13069.092426815436,13258.53716130481,12622.488822134435,12981.125678786175,10541.8746300041,10541.8746300041,10521.825843424927,10521.825843424927,10904.891748614267,10904.891748614267,10864.461843610297,10864.461843610297,11085.563385431135,11085.563385431135,11034.572430118807,11034.572430118807,10684.661643732621,11710.488943294577,13120.172824773386
2023-03-20,10857.566402034594,10857.566402034594,10750.35572419014,10750.35572419014,11843.041289166767,12100.510773018992,11693.638541353886,11945.948492797581,13002.136065254925,13190.644008669418,12583.457833275836,12914.537340590528,10533.323411297408,10533.323411297408,10513.274624718235,10513.274624718235,10890.798419686042,10890.798419686042,10850.368514682072,10850.368514682072,11071.281211895544,11071.281211895544,11020.339038430777,11020.339038430777,10672.98461842603,11674.32291824585,13055.822536979704
2023-03-21,10871.439923478396,10871.439923478396,10764.16117421913,10764.16117421913,11860.734345149625,12137.324913020488,11712.23768998428,11982.184781870013,13056.670763811562,13245.780847575683,12616.026860517104,12968.401304672941,10545.789469274452,10545.789469274452,10525.74068269528,10525.74068269528,10911.344404862744,10911.344404862744,10870.914499858774,10870.914499858774,11092.102863356888,11092.102863356888,11041.09261847731,11041.09261847731,10686.665692889526,11691.779684921521,13088.1252353252
2023-03-22,10832.490381168973,10832.490381168973,10725.25282744147,10725.25282744147,11816.194918054629,12057.722822699032,11666.6791874692,11902.988171670579,12933.007779004629,13120.698774258879,12537.047925480452,12848.160290028296,10524.555544712573,10524.555544712573,10504.5067581334,10504.5067581334,10876.370613611174,10876.370613611174,10835.940708607204,10835.940708607204,11056.684050541444,11056.684050541444,11005.740550831402,11005.740550831402,10648.265966323006,11647.812938736877,13008.563047709842
2023-03-23,10861.044333040967,10861.044333040967,10753.598190321012,10753.598190321012,11849.319824781025,12117.020399350002,11701.177337203635,11961.56768865598,13023.085004722348,13211.72221415152,12594.503937048392,12933.256568870858,10544.944521802112,10544.944521802112,10524.84761234219,10524.84761234219,10909.786587243065,10909.786587243065,10869.273269245796,10869.273269245796,11090.499790647882,11090.499790647882,11039.306686582959,11039.306686582959,10676.446801392856,11680.607355305781,13065.762713038044
2023-03-24,10836.57649077702,10836.57649077702,10729.030004794908,10729.030004794908,11818.118965942536,12066.049222137704,11668.749812304986,11910.73092198631,12946.547542590135,13134.122757223533,12538.566091180457,12854.972223640552,10531.062580503953,10531.062580503953,10510.82100202723,10510.82100202723,10882.101027212328,10882.101027212328,10841.587709215059,10841.587709215059,11062.478130118569,11062.478130118569,11011.420554313932,11011.420554313932,10652.218992128854,11649.673289623004,13009.702557764213
2023-03-25,10835.74936097639,10835.74936097639,10728.15110545907,10728.15110545907,11816.526637700168,12063.883584840429,11666.891921421453,11908.461048060884,12936.33424154234,13123.525198678873,12530.275014226521,12844.587120690536,10530.294665354488,10530.294665354488,10510.053086877766,10510.053086877766,10881.038744919118,10881.038744919118,10840.470590080347,10840.470590080347,11061.400264391525,11061.400264391525,11010.291745229892,11010.291745229892,10651.305342114962,11648.020484067996,13001.60914877456
2023-03-26,10854.337824661372,10854.337824661372,10746.690768331604,10746.690768331604,11840.914360895636,12103.042169022801,11690.935613389127,11947.335483860383,12994.142726777525,13182.438456374237,12572.199787924108,12902.972445207966,10537.72055842044,10537.72055842044,10517.478979943719,10517.478979943719,10896.656104731743,10896.656104731743,10856.087949892972,10856.087949892972,11077.236175392754,11077.236175392754,11026.034131586852,11026.034131586852,10669.80114672144,11672.287727400937,13045.444518632547
2023-03-27,10846.731403446156,10846.731403446156,10739.034655601883,10739.034655601883,11822.404730772922,12068.337394760736,11672.83419328184,11912.695985783883,12939.376937826173,13126.842469174202,12537.063262529668,12846.762339403205,10526.362984343403,10526.362984343403,10506.065539198133,10506.065539198133,10864.234004913696,10864.234004913696,10823.665850074925,10823.665850074925,11044.282991203594,11044.282991203594,10993.317340019912,10993.317340019912,10662.126196946125,11653.76338840536,13008.573390720612
2023-03-28,10872.696509416815,10872.696509416815,10764.73683647654,10764.73683647654,11851.614065594109,12117.5947500499,11701.835685243299,11961.351504185828,13014.443462432579,13203.506386448305,12588.328366352653,12920.872273128613,10530.790344901914,10530.790344901914,10510.358233766763,10510.358233766763,10873.047822883014,10873.047822883014,10832.149033245543,10832.149033245543,11053.148977416124,11053.148977416124,11001.947910435842,11001.947910435842,10687.871230345158,11682.734691427253,13061.645783393898
2023-03-29,10890.006739695713,10890.006739695713,10781.972804637244,10781.972804637244,11870.97395595037,12150.207184358582,11722.053574092393,11993.591014088113,13067.06640283649,13256.742299240534,12624.124854987842,12971.096716479498,10538.521173059396,10538.521173059396,10518.069750743065,10518.069750743065,10885.076443135125,10885.076443135125,10844.153553846378,10844.153553846378,11065.196908849412,11065.196908849412,11013.99584186913,11013.99584186913,10705.035628797066,11701.938921858566,13097.103592674133
2023-03-30,10878.795294417465,10878.795294417465,10770.789953923617,10770.789953923617,11858.951220876608,12130.274025662555,11709.734055776957,11973.71638101423,13034.133693544114,13223.16075341728,12600.814571743042,12938.672962880937,10536.600425373186,10536.600425373186,10516.148321365321,10516.148321365321,10883.542867145517,10883.542867145517,10842.594455233459,10842.594455233459,11063.664014551336,11063.664014551336,11012.462947571054,11012.462947571054,10693.872218492936,11689.952094823602,13073.673668094292
2023-03-31,10886.91020727388,10886.91020727388,10778.889441570776,10778.889441570776,11868.615682655352,12146.698695592766,11719.763731313184,11990.027155998578,13067.770824249086,13257.292626586684,12623.362223898006,12971.084931249143,10540.983698755403,10540.983698755403,10520.503988326542,10520.503988326542,10890.889964387665,10890.889964387665,10849.904247362392,10849.904247362392,11071.038718214477,11071.038718214477,11019.837651234195,11019.837651234195,10701.93324494222,11699.542836766495,13096.46952745497
2023-04-01,10873.576077492133,10873.576077492133,10765.585487570948,10765.585487570948,11853.969987786517,12122.450337412874,11705.159561103601,11965.972029449598,13030.432008008778,13219.180871722692,12597.588107005156,12933.94082328072,10540.773845703652,10540.773845703652,10520.29560425707,10520.29560425707,10889.647009361575,10889.647009361575,10848.679704922431,10848.679704922431,11069.79429420611,11069.79429420611,11018.593227225829,11018.593227225829,10688.73362758385,11685.026761588875,13069.705432102033
2023-04-02,10867.388904647105,10867.388904647105,10759.401854096304,10759.401854096304,11844.773060717516,12106.891405583852,11695.576706008265,11950.158404026395,12998.508466410261,13186.172588885329,12575.457313643328,12901.843012684185,10537.355844431175,10537.355844431175,10516.904090608929,10516.904090608929,10883.77167200674,10883.77167200674,10842.840298651694,10842.840298651694,11063.89246922694,11063.89246922694,11012.691402246657,11012.691402246657,10682.560332962243,11675.830801776045,13047.387293644028
2023-04-03,10861.49636086868,10861.49636086868,10753.541310481414,10753.541310481414,11833.202779347788,12087.006774462478,11683.703986613198,11930.208678363328,13003.033878341508,13190.62240860451,12577.980955317542,12906.581599012427,10536.650265225862,10536.650265225862,10516.130263589717,10516.130263589717,10876.002715980096,10876.002715980096,10834.916657461883,10834.916657461883,11056.168488701624,11056.168488701624,11004.681201249205,11004.681201249205,10676.736897188746,11664.383955404985,13050.663681649066
2023-04-04,10870.94966282263,10870.94966282263,10762.883899215472,10762.883899215472,11843.033922933506,12103.662024126532,11693.54954914568,11946.192865902096,13028.910934144282,13216.787350922688,12594.81217170714,12931.018294173358,10544.786806765793,10544.786806765793,10524.266805129648,10524.266805129648,10890.021719145401,10890.021719145401,10848.731495652602,10848.731495652602,11070.384463857536,11070.384463857536,11018.689924417004,11018.689924417004,10686.049767786699,11674.087581750098,13068.138385579152
2023-04-05,10872.699721430516,10872.699721430516,10764.59129156358,10764.59129156358,11842.723527473256,12103.241935719003,11693.042353867937,11945.630776259912,13032.934229150185,13220.961965871371,12596.908927517223,12934.850890531574,10548.53847105511,10548.53847105511,10528.018469418965,10528.018469418965,10896.066535007354,10896.066535007354,10854.592514555465,10854.592514555465,11078.191185873562,11078.191185873562,11026.458778345139,11026.458778345139,10687.715756551841,11673.966536250608,13070.420276037406
2023-04-06,10866.494374871132,10866.494374871132,10758.415851768641,10758.415851768641,11828.171084920927,12077.482150226777,11678.483516777114,11920.311643761715,12996.675916746586,13184.251238305274,12571.828257973977,12899.213624997667,10544.1108866968,10544.1108866968,10523.590885060656,10523.590885060656,10888.879624058234,10888.879624058234,10847.441972567121,10847.441972567121,11070.026368042109,11070.026368042109,11018.330329474464,11018.330329474464,10681.591389910063,11659.405919186482,13044.679929001644
2023-04-07,10866.161399665145,10866.161399665145,10758.073340470024,10758.073340470024,11824.619498211534,12071.235914713398,11674.822116794998,11914.176504512705,12992.06161449205,13179.61694547347,12567.938355558417,12894.91054608033,10542.447312704178,10542.447312704178,10521.927311068033,10521.927311068033,10886.25376476318,10886.25376476318,10844.82481315914,10844.82481315914,11066.60122493588,11066.60122493588,11014.913886255308,11014.913886255308,10681.244141460847,11655.816881316952,13040.410844243212
2023-04-08,10862.996104237745,10862.996104237745,10754.937978059103,10754.937978059103,11819.929129621298,12062.05043008125,11670.070337936078,11904.560997818375,12980.48443016696,13167.87330072268,12560.316477361079,12883.09631550712,10541.147938005604,10541.147938005604,10520.62793636946,10520.62793636946,10884.08000200053,10884.08000200053,10842.666030444143,10842.666030444143,11064.438745657726,11064.438745657726,11012.766387024807,11012.766387024807,10678.134777074609,11651.222593050157,13032.532207733986
2023-04-09,10869.142473430573,10869.142473430573,10761.073624834915,10761.073624834915,11825.968249410867,12073.578666370979,11676.341778959835,11916.42462171351,13001.299692415236,13188.798926520292,12573.278500595923,12905.721445325826,10544.434631069464,10544.434631069464,10523.914629433319,10523.914629433319,10889.156792737347,10889.156792737347,10847.733037771557,10847.733037771557,11070.922415007948,11070.922415007948,11019.190576521229,11019.190576521229,10684.259948540675,11656.943078025255,13045.360527027275
2023-04-10,10884.498344849046,10884.498344849046,10776.35499431189,10776.35499431189,11851.022706133908,12119.6445047026,11699.831757225227,11961.972242074486,13073.740699511089,13261.913440258342,12617.123405905724,12981.513106121272,10557.377545001595,10557.377545001595,10536.85754336545,10536.85754336545,10909.336937673992,10909.336937673992,10867.86213110564,10867.86213110564,11098.87413497814,11098.87413497814,11043.248824663,11043.248824663,10699.472987217978,11679.205822911721,13089.24241861957
2023-04-11,10884.83722265938,10884.83722265938,10776.477528352747,10776.477528352747,11850.262259150832,12118.764453243477,11698.320678817257,11960.635461755784,13074.303645054184,13262.370887524712,12617.193361079335,12982.4404348481,10559.713729883124,10559.713729883124,10539.134437612327,10539.134437612327,10913.062352377476,10913.062352377476,10871.489318372693,10871.489318372693,11105.664984986412,11105.664984986412,11050.305012812294,11050.305012812294,10699.876620327479,11679.102575537792,13092.080018708068
2023-04-12,10880.924992261696,10880.924992261696,10772.562269484079,10772.562269484079,11842.528644211681,12105.128829970734,11690.208793086522,11946.81910151726,13053.66515991731,13241.583959523301,12602.454932430206,12961.967928624432,10559.971534831784,10559.971534831784,10539.392242560987,10539.392242560987,10909.415404810385,10909.415404810385,10867.65719486034,10867.65719486034,11101.416129342771,11101.416129342771,11045.372553854431,11045.372553854431,10695.993038415178,11671.231603689614,13077.629565232091
2023-04-13,10899.988120291473,10899.988120291473,10791.399435255285,10791.399435255285,11866.672470766363,12147.992847549156,11714.56001110626,11989.385327082022,13125.976745862228,13314.767752225292,12650.313681374118,13032.325397138133,10573.259219320522,10573.259219320522,10552.679927049725,10552.679927049725,10935.092271149242,10935.092271149242,10893.225079183498,10893.225079183498,11131.097954240668,11131.097954240668,11075.239847182938,11075.239847182938,10714.808179833017,11695.44616186823,13127.335714893708
2023-04-14,10920.011124175951,10920.011124175951,10810.821397377602,10810.821397377602,11889.701900876536,12184.80772120891,11736.657619783717,12024.641425372352,13189.509619242184,13379.134539398976,12693.955308099434,13094.557653309037,10588.368879643609,10588.368879643609,10567.577929355011,10567.577929355011,10959.845356242493,10959.845356242493,10917.35276501218,10917.35276501218,11155.88787949966,11155.88787949966,11099.17847218327,11099.17847218327,10734.503892620094,11718.236591660152,13180.621373323635
2023-04-15,10923.652791111752,10923.652791111752,10814.417348809402,10814.417348809402,11889.151750758218,12184.682245682952,11736.89973226708,12024.34961096474,13195.792973069123,13385.605164608238,12698.081653728314,13099.602270808016,10592.881702128409,10592.881702128409,10572.07618320981,10572.07618320981,10967.363295930292,10967.363295930292,10924.836198740979,10924.836198740979,11168.707000483662,11168.707000483662,11111.373555018798,11111.373555018798,10738.047611843895,11717.642034730357,13187.906535424625
2023-04-16,10926.587534682543,10926.587534682543,10817.303031060195,10817.303031060195,11896.178710079352,12192.605176478766,11741.6628497511,12032.12592393655,13233.457985268837,13423.769950986141,12732.590539109877,13137.106486495866,10594.9110091342,10594.9110091342,10574.106725965603,10574.106725965603,10970.708966977205,10970.708966977205,10928.159314397892,10928.159314397892,11189.437047795967,11189.437047795967,11132.080263379325,11132.080263379325,10740.936357624687,11724.602336419497,13224.456236769793
2023-04-17,10902.746931789012,10902.746931789012,10793.086226041569,10793.086226041569,11845.842552935868,12137.901877163973,11706.563397437896,11976.878448581958,13167.042794242838,13356.74085485626,12675.946722208053,13072.275265333046,10575.00431553194,10575.00431553194,10553.637525621345,10553.637525621345,10925.858290132684,10925.858290132684,10882.461277177354,10882.461277177354,11141.479097918796,11141.479097918796,11086.510183375827,11086.510183375827,10717.396290425497,11674.749891237872,13161.622159184726
2023-04-18,10920.850709073518,10920.850709073518,10810.499129362792,10810.499129362792,11888.811393012496,12197.927098197088,11747.314120832552,12035.111524248716,13238.090076061331,13429.51594778963,12742.419942192791,13144.673585157549,10591.822450728983,10591.822450728983,10569.819705954238,10569.819705954238,10983.36626963831,10983.36626963831,10939.547558669352,10939.547558669352,11204.562886658088,11204.562886658088,11146.211369934614,11146.211369934614,10735.184564557032,11717.256658667682,13234.594997761018
2023-04-19,10838.904051784999,10838.904051784999,10729.14288806484,10729.14288806484,11730.846026974757,12008.508873266994,11619.462953263715,11848.944022303636,12961.162837294514,13147.40288819907,12498.789817456118,12865.305589096064,10515.941478979687,10515.941478979687,10493.687930870863,10493.687930870863,10805.607581971542,10805.607581971542,10761.822615442736,10761.822615442736,11012.566279616494,11012.566279616494,10959.018710089524,10959.018710089524,10654.660972138672,11561.340018458346,12959.185009160137
2023-04-20,10819.73716168833,10819.73716168833,10709.202028375474,10709.202028375474,11699.582246124615,11962.888493317925,11587.521773603046,11803.012667121346,12891.969052458551,13076.809670974522,12438.094122287559,12793.082653491578,10502.345110710907,10502.345110710907,10479.3151686386,10479.3151686386,10768.041637651,10768.041637651,10723.226158437668,10723.226158437668,10972.677120234313,10972.677120234313,10919.86726228433,10919.86726228433,10635.73747117616,11530.45543503929,12897.827636375447
2023-04-21,10785.819317942567,10785.819317942567,10675.043414590147,10675.043414590147,11666.827646042131,11908.897886982802,11553.690671546492,11748.934555966416,12803.08196437386,12986.231423061685,12367.861583972637,12701.620836442438,10483.268807702956,10483.268807702956,10459.8429399007,10459.8429399007,10743.5446666989,10743.5446666989,10697.935742578666,10697.935742578666,10948.365154554393,10948.365154554393,10894.246487779496,10894.246487779496,10602.431449739372,11498.07350556451,12828.09571190327
2023-04-22,10799.011434590195,10799.011434590195,10687.404033923904,10687.404033923904,11693.137268176013,11960.408555649783,11579.179883218818,11798.938864457114,12854.856695868355,13067.340528235123,12420.695748993367,12779.483201779762,10490.714569045169,10490.714569045169,10466.871536666424,10466.871536666424,10756.546886662098,10756.546886662098,10710.58895208732,10710.58895208732,10964.754556524007,10964.754556524007,10910.151209221027,10910.151209221027,10615.395079185999,11523.983607491586,12883.628788750297
2023-04-23,10785.44701216281,10785.44701216281,10673.98878117475,10673.98878117475,11672.0266809748,11921.92673825867,11558.269709367936,11760.951129686755,12796.596849794216,13013.843721123183,12384.022540098662,12727.289320234868,10489.461695401673,10489.461695401673,10465.618663022928,10465.618663022928,10754.471960093275,10754.471960093275,10708.534794274186,10708.534794274186,10961.250428967523,10961.250428967523,10906.655778966895,10906.655778966895,10602.079893237878,11503.202324860149,12845.69947223036
2023-04-24,10784.348140841792,10784.348140841792,10672.73221208585,10672.73221208585,11669.144702490084,11915.242502109533,11555.23123241914,11753.947016024682,12789.355617231793,13003.491164963405,12378.279539380012,12716.835890909453,10488.798271844451,10488.798271844451,10464.955239465706,10464.955239465706,10752.750544227727,10752.750544227727,10706.657830600994,10706.657830600994,10959.686501312533,10959.686501312533,10905.081486523128,10905.081486523128,10600.995188935685,11500.35359120336,12840.014629488143
2023-04-25,10805.37759283965,10805.37759283965,10693.384980024077,10693.384980024077,11698.158101655708,11966.562799012558,11583.974275802773,11804.702217440814,12840.366494918148,13082.396783383476,12430.892200496917,12793.51134856328,10495.010862389461,10495.010862389461,10471.167830010716,10471.167830010716,10767.802237506128,10767.802237506128,10721.604050271482,10721.604050271482,10974.925361485275,10974.925361485275,10920.238653409446,10920.238653409446,10621.658338748892,11528.955173055614,12894.28044282158
2023-04-26,10804.23582717742,10804.23582717742,10692.261211293064,10692.261211293064,11698.880490523168,11968.267570345904,11584.694270140772,11806.414275903726,12830.049133279877,13073.222019632209,12425.647814960594,12784.404920918132,10490.87719828096,10490.87719828096,10467.034165902214,10467.034165902214,10761.518107900703,10761.518107900703,10715.39114678554,10715.39114678554,10968.499416935501,10968.499416935501,10913.883297684537,10913.883297684537,10620.53996386616,11529.679560571236,12888.926804056213
2023-04-27,10813.035521369142,10813.035521369142,10700.94720293607,10700.94720293607,11714.85178604622,12001.10282554064,11600.526728338937,11838.950622071015,12884.90430775836,13124.961102178608,12456.176221548825,12834.261836349588,10493.995680844993,10493.995680844993,10470.152648466248,10470.152648466248,10773.020577846948,10773.020577846948,10726.842782095999,10726.842782095999,10980.06103773118,10980.06103773118,10925.436602266565,10925.436602266565,10629.222438840934,11545.501001236551,12920.26926575126
2023-04-28,10802.971846893717,10802.971846893717,10690.87637451026,10690.87637451026,11701.925937503414,11975.299515586566,11587.751911471496,11813.47136730379,12849.365170332225,13091.7621073049,12436.296692395685,12801.848577967208,10489.624714769225,10489.624714769225,10465.78168239048,10465.78168239048,10764.743699445322,10764.743699445322,10718.640022408576,10718.640022408576,10971.653942064215,10971.653942064215,10917.085605150744,10917.085605150744,10619.303895754545,11532.7382097546,12899.77425729028
2023-04-29,10799.61810324477,10799.61810324477,10687.561113093163,10687.561113093163,11697.374073975516,11966.347450614658,11583.245564101353,11804.618614676434,12839.793406973953,13083.36654733412,12430.84113582401,12793.68151401446,10489.508662379707,10489.508662379707,10465.665630000962,10465.665630000962,10763.972127621037,10763.972127621037,10717.871594050632,10717.871594050632,10970.85951614266,10970.85951614266,10916.310889860115,10916.310889860115,10615.992827198215,11528.236386045279,12894.176958272392
2023-04-30,10801.92118898851,10801.92118898851,10689.79585115206,10689.79585115206,11699.536258433971,11970.526670697707,11585.350649168015,11808.701139489307,12835.789952594178,13079.983535059764,12429.352078058615,12790.474369613301,10495.879540750953,10495.879540750953,10472.036508372208,10472.036508372208,10774.73207719821,10774.73207719821,10728.519019914705,10728.519019914705,10981.883387393136,10981.883387393136,10927.183363150385,10927.183363150385,10618.241542828411,11530.350553834882,12892.513966099192
2023-05-01,10793.657338779834,10793.657338779834,10681.654620614672,10681.654620614672,11685.15804929301,11940.376334178625,11571.109471859667,11778.847220581516,12786.825573429243,13032.798487158772,12401.882087854028,12745.118809253907,10489.104954363123,10489.104954363123,10465.261921984378,10465.261921984378,10756.461440483856,10756.461440483856,10710.3625346643,10710.3625346643,10963.422898120558,10963.422898120558,10908.79857497208,10908.79857497208,10610.118097071972,11516.120982389002,12864.389001538091
2023-05-02,10793.43379511156,10793.43379511156,10681.289804656597,10681.289804656597,11688.876051769863,11948.60439389287,11574.77202864702,11786.981438852656,12794.609739112997,13046.188673216366,12408.73417280557,12757.33665279278,10485.90422666349,10485.90422666349,10461.94782123835,10461.94782123835,10757.570972407095,10757.570972407095,10711.470426335673,10711.470426335673,10964.506075866608,10964.506075866608,10909.835409190688,10909.835409190688,10609.897885125154,11519.809810494024,12871.647818630818
2023-05-03,10797.452590517469,10797.452590517469,10685.249737570844,10685.249737570844,11696.446884758489,11964.050911413815,11582.246161356472,11802.265497470145,12805.720692784293,13066.851417345562,12420.679226336602,12777.333342121077,10488.584533084932,10488.584533084932,10464.628127659791,10464.628127659791,10766.644761263537,10766.644761263537,10720.498003012433,10720.498003012433,10973.742394401548,10973.742394401548,10918.990462886377,10918.990462886377,10613.853704790972,11527.281967942401,12883.903157661387
2023-05-04,10787.778266818403,10787.778266818403,10675.685199549893,10675.685199549893,11682.805328819248,11936.68463814323,11568.61758838836,11774.959880960165,12780.950848281547,13023.814294073649,12395.496546447468,12735.111658333319,10487.400133652183,10487.400133652183,10463.443728227043,10463.443728227043,10763.320604394788,10763.320604394788,10717.061035022409,10717.061035022409,10968.42310257738,10968.42310257738,10913.720771259343,10913.720771259343,10604.316779695573,11513.799149542152,12858.0117612712
2023-05-05,10794.988882897167,10794.988882897167,10682.721690953163,10682.721690953163,11694.905177120363,11961.358287663787,11580.593121063539,11799.357470987565,12810.233578197103,13076.023321988505,12425.221128581064,12785.754606824592,10488.93997318927,10488.93997318927,10464.98356776413,10464.98356776413,10769.8504777985,10769.8504777985,10723.564359468584,10723.564359468584,10983.363050858077,10983.363050858077,10928.51810145803,10928.51810145803,10611.42714668914,11525.777421479623,12888.63955356629
2023-05-06,10778.40740451088,10778.40740451088,10665.97770218536,10665.97770218536,11670.548897771894,11911.826333622517,11556.327584266597,11749.943319307347,12762.29453641713,12997.3204588717,12377.16104467189,12709.190685935302,10477.840484456572,10477.840484456572,10453.650369981007,10453.650369981007,10752.021543643788,10752.021543643788,10705.588377471273,10705.588377471273,10965.374856704397,10965.374856704397,10910.62012490892,10910.62012490892,10595.049313345824,11501.71416454087,12839.079966428766
2023-05-07,10775.443093511045,10775.443093511045,10663.038368632126,10663.038368632126,11664.415682152197,11898.873558751953,11550.07814828709,11736.747305164281,12750.851608505136,12976.4225216613,12365.613308533028,12687.185730805004,10474.23640043931,10474.23640043931,10450.046285963745,10450.046285963745,10746.311393332593,10746.311393332593,10699.885273598155,10699.885273598155,10959.59871131604,10959.59871131604,10904.876977059143,10904.876977059143,10592.109979792589,11495.64593676375,12827.434971698309
2023-05-08,10761.345090227473,10761.345090227473,10648.939114485844,10648.939114485844,11643.517815015422,11856.320887513517,11529.35730345604,11694.577347558909,12711.255012577669,12901.145464962101,12326.304687517486,12611.763395404174,10469.506633781637,10469.506633781637,10445.227041635442,10445.227041635442,10734.204896015084,10734.204896015084,10687.773699258409,10687.773699258409,10947.37113041608,10947.37113041608,10892.5984543405,10892.5984543405,10578.244292501868,11474.993005112867,12786.982386524529
2023-05-09,10758.764546023624,10758.764546023624,10646.155616663087,10646.155616663087,11641.520670543872,11852.255047650953,11527.276469824845,11690.301006587728,12708.384201062869,12895.999669720168,12323.204010956135,12606.084577787955,10468.710467934276,10468.710467934276,10444.286279121814,10444.286279121814,10732.972694599974,10732.972694599974,10686.435043839909,10686.435043839909,10946.122177278494,10946.122177278494,10891.24217604099,10891.24217604099,10575.705542158516,11473.039182254579,12784.094835442691
2023-05-10,10760.985658651412,10760.985658651412,10648.376729290876,10648.376729290876,11643.989261828641,11857.218942376625,11529.688874085003,11695.188579588437,12714.140436633332,12907.578869225752,12328.789434401931,12617.33917203156,10469.174139219756,10469.174139219756,10444.749950407295,10444.749950407295,10733.69624638861,10733.69624638861,10687.164783870187,10687.164783870187,10946.864258692733,10946.864258692733,10891.98425745523,10891.98425745523,10577.889656664673,11475.45081631637,12789.890675016473
2023-05-11,10751.286440579765,10751.286440579765,10638.545241346092,10638.545241346092,11629.723130421677,11827.71350535204,11515.512004211949,11665.820462995178,12688.532176537907,12855.830019635994,12303.571744710427,12564.799660310782,10462.330332682212,10462.330332682212,10437.805438445508,10437.805438445508,10721.796953745714,10721.796953745714,10675.147453518157,10675.147453518157,10934.827627593426,10934.827627593426,10879.779783982185,10879.779783982185,10568.248269935104,11461.418828675305,12764.133113824826
2023-05-12,10752.427089285158,10752.427089285158,10639.447682523014,10639.447682523014,11630.557703165678,11830.369912308375,11515.463551679804,11667.823789861424,12689.91782870226,12859.850616547512,12305.185598779328,12567.659826437932,10459.860576886973,10459.860576886973,10435.218335272868,10435.218335272868,10717.074177516102,10717.074177516102,10670.191666898554,10670.191666898554,10930.164586552315,10930.164586552315,10874.76964406792,10874.76964406792,10569.324281110034,11462.274538707803,12765.54032493391
2023-05-13,10749.747388880476,10749.747388880476,10636.738962597501,10636.738962597501,11627.27111533278,11823.542763258163,11512.143737230383,11660.908215030653,12685.109139605696,12849.403621806605,12300.429721257837,12557.166890865221,10458.59269147734,10458.59269147734,10433.852443166112,10433.852443166112,10714.337843139818,10714.337843139818,10667.252694712626,10667.252694712626,10927.86572202262,10927.86572202262,10872.264770134783,10872.264770134783,10566.696640315442,11459.016339432546,12760.709925244795
2023-05-14,10747.40154057904,10747.40154057904,10634.29731715035,10634.29731715035,11625.663220469913,11820.570486321154,11510.444485952354,11657.767024956365,12682.746905072643,12845.45301359785,12297.965480672998,12552.978276261258,10458.661335195411,10458.661335195411,10433.87221714868,10433.87221714868,10715.859874151307,10715.859874151307,10668.72854624695,10668.72854624695,10929.840034124241,10929.840034124241,10874.232307478906,10874.232307478906,10564.387538372019,11457.442654479693,12758.326333245228
2023-05-15,10749.684219407787,10749.684219407787,10636.562315811641,10636.562315811641,11627.493807578581,11824.853388271022,11512.280902386905,11662.01194306595,12686.894538184863,12853.968685917327,12301.533726966016,12561.328310092196,10459.182864318507,10459.182864318507,10434.393746271777,10434.393746271777,10715.798363145326,10715.798363145326,10668.671130944587,10668.671130944587,10930.264044167328,10930.264044167328,10874.659419207486,10874.659419207486,10566.617780119006,11459.27991909516,12762.473651919405
2023-05-16,10749.972860914746,10749.972860914746,10636.83150133282,10636.83150133282,11628.007466806299,11825.615153070583,11512.778479134231,11662.747632801129,12688.584928573076,12857.698596813405,12303.44059040786,12564.965998005919,10459.418857532235,10459.418857532235,10434.629739485505,10434.629739485505,10716.498688855043,10716.498688855043,10669.37004468064,10669.37004468064,10932.065735234197,10932.065735234197,10876.45195512189,10876.45195512189,10566.901676641568,11459.772742880928,12764.18939883285
2023-05-17,10769.68146068792,10769.68146068792,10656.389882178493,10656.389882178493,11652.71796630633,11875.977887366767,11537.195550651108,11712.270941075885,12730.186814605644,12947.042281951622,12343.977096098535,12651.887475907904,10459.356322846252,10459.356322846252,10434.567204799521,10434.567204799521,10721.694630306642,10721.694630306642,10674.455699360113,10674.455699360113,10938.537605719977,10938.537605719977,10882.68580375061,10882.68580375061,10586.265936629045,11484.184568399216,12806.02047310735
2023-05-18,10761.132584162127,10761.132584162127,10647.77981082095,10647.77981082095,11642.191596995279,11854.499092997527,11526.72436581847,11690.990922647687,12712.687513759052,12915.895445768603,12326.936292969154,12621.31101355059,10456.201209016175,10456.201209016175,10431.28218559433,10431.28218559433,10714.618808898867,10714.618808898867,10667.365599327013,10667.365599327013,10931.226335265674,10931.226335265674,10875.357220338326,10875.357220338326,10577.870259146863,11473.799959445276,12788.427216930337
2023-05-19,10765.102546787042,10765.102546787042,10651.728706417613,10651.728706417613,11643.090111274078,11856.226699487439,11527.484053507325,11692.36575546514,12714.786413308508,12920.253607207005,12328.84298387845,12625.149716597332,10457.316534537169,10457.316534537169,10432.394973400826,10432.394973400826,10716.938319591805,10716.938319591805,10669.594169577838,10669.594169577838,10934.4469919832,10934.4469919832,10878.450901779686,10878.450901779686,10581.767179195529,11474.666605170976,12790.55112236727
2023-05-20,10768.4140460051,10768.4140460051,10654.983673725117,10654.983673725117,11648.159989071824,11866.61885234248,11532.494995135878,11702.595042973333,12722.959070975267,12937.589681151147,12336.707144668011,12642.03545498318,10457.86411823731,10457.86411823731,10432.941311176734,10432.941311176734,10718.182959586851,10718.182959586851,10670.83444883807,10670.83444883807,10935.595915457829,10935.595915457829,10879.595244620368,10879.595244620368,10585.010257618042,11479.689775573857,12798.759078782286
2023-05-21,10760.853720946772,10760.853720946772,10647.512876674748,10647.512876674748,11638.130572302285,11846.076039564425,11522.555723394385,11682.32686381024,12701.910078553272,12894.599278489834,12316.346196091601,12599.944730881458,10457.653819608337,10457.653819608337,10432.731491042936,10432.731491042936,10717.111581425332,10717.111581425332,10669.764745409659,10669.764745409659,10930.614876673157,10930.614876673157,10874.634455256171,10874.634455256171,10577.614054288899,11469.7674889498,12777.591750061552
2023-05-22,10764.115210534637,10764.115210534637,10650.740695823488,10650.740695823488,11639.941502378802,11849.662221113234,11524.333310637605,11685.806616795973,12707.981354907693,12906.730141924369,12322.259567023571,12611.803912047499,10456.464334574559,10456.464334574559,10431.544712459747,10431.544712459747,10715.770115917972,10715.770115917972,10668.43275247936,10668.43275247936,10931.879901266735,10931.879901266735,10875.898268536772,10875.898268536772,10580.82398535559,11471.525728770694,12783.71809275417
2023-05-23,10778.170225076026,10778.170225076026,10664.544250924833,10664.544250924833,11656.74742169424,11883.860075458892,11540.855959649722,11719.258527267439,12736.995222323094,12965.804154168556,12350.282916729562,12669.29038990421,10457.207329843497,10457.207329843497,10432.286017181996,10432.286017181996,10719.411384822142,10719.411384822142,10671.965051721838,10671.965051721838,10936.934286583353,10936.934286583353,10880.885993347883,10880.885993347883,10594.61794122844,11488.097262389529,12812.899967239502
2023-05-24,10765.383597194821,10765.383597194821,10651.703058817542,10651.703058817542,11639.799482865088,11849.25073223144,11523.861740875194,11684.730225536687,12701.747595251098,12893.835814983315,12316.114124810982,12598.66097216314,10448.729217174536,10448.729217174536,10423.712163433438,10423.712163433438,10700.859111876538,10700.859111876538,10653.279113035403,10653.279113035403,10916.717108967232,10916.717108967232,10860.647168418387,10860.647168418387,10582.073711689805,11471.388152125905,12777.461214320667
2023-05-25,10763.692598468777,10763.692598468777,10649.960703220071,10649.960703220071,11636.85595342765,11843.275386938973,11520.6768181979,11678.470771024882,12697.513885201388,12885.415290952129,12311.802697008954,12589.964600153371,10449.303620990735,10449.303620990735,10424.224323275126,10424.224323275126,10700.018334948787,10700.018334948787,10652.231865054704,10652.231865054704,10916.655810355356,10916.655810355356,10860.43040577026,10860.43040577026,10580.313600243391,11468.494202984895,12773.191912176957
2023-05-26,10765.253693554609,10765.253693554609,10651.246174072818,10651.246174072818,11639.810820381172,11849.284618909714,11523.535671374173,11683.909120250479,12702.64842779532,12896.030335112833,12316.414916458172,12599.578585447865,10449.174588815053,10449.174588815053,10423.97689400076,10423.97689400076,10701.744296983465,10701.744296983465,10653.831124071081,10653.831124071081,10918.834265064374,10918.834265064374,10862.477084670816,10862.477084670816,10582.000357090392,11471.418557517809,12778.350854182307
2023-05-27,10777.222869552505,10777.222869552505,10663.089415190636,10663.089415190636,11653.727010627086,11877.60550968004,11537.291142064249,11711.83870595886,12727.279629045634,12946.20268344124,12340.35403919155,12648.695003489149,10449.174588815053,10449.174588815053,10423.97689400076,10423.97689400076,10703.176898121745,10703.176898121745,10655.256089053808,10655.256089053808,10920.587103801916,10920.587103801916,10864.22275101335,10864.22275101335,10593.745009761486,11485.134336917394,12803.116555417137
2023-05-28,10814.728936758835,10814.728936758835,10700.029533028086,10700.029533028086,11699.506788764,11970.679925223894,11583.607725314296,11803.318424844878,12812.619575223343,13120.721790832733,12423.203377159061,12819.263773570055,10451.205922253992,10451.205922253992,10425.909832307692,10425.909832307692,10714.247014247345,10714.247014247345,10666.06816878244,10666.06816878244,10934.27164029676,10934.27164029676,10877.719790435276,10877.719790435276,10631.61429728484,11530.299149867053,12888.895243137107
2023-05-29,10813.099588519772,10813.099588519772,10698.07840026913,10698.07840026913,11699.721763175685,11969.0110222452,11583.33474946319,11800.909142487511,12807.179973963715,13112.25903787334,12416.55639553278,12809.249378163131,10451.100807489143,10451.100807489143,10425.709714487293,10425.709714487293,10716.970039395957,10716.970039395957,10668.468091526578,10668.468091526578,10931.95402472032,10931.95402472032,10874.638200816978,10874.638200816978,10630.003300836372,11530.510335159224,12883.455214736494
2023-05-30,10841.565481705464,10841.565481705464,10726.244289063512,10726.244289063512,11733.145623597864,12023.766499098489,11616.190557718102,11854.549563004204,12875.263977603021,13208.922538477029,12482.116377935128,12903.093516351544,10451.100807489143,10451.100807489143,10425.709714487293,10425.709714487293,10717.863179846609,10717.863179846609,10669.12472911461,10669.12472911461,10944.84552328766,10944.84552328766,10887.167216906993,10887.167216906993,10657.988111607965,11563.467885701926,12951.944157933856
2023-05-31,10838.692132364611,10838.692132364611,10723.403067197458,10723.403067197458,11723.445998511866,12008.227364547567,11606.584629687359,11839.17894331827,12847.575062862665,13177.912690067844,12460.89320926109,12873.138830135604,10451.100807489143,10451.100807489143,10425.709714487293,10425.709714487293,10713.779610503923,10713.779610503923,10665.068383567545,10665.068383567545,10935.50494839132,10935.50494839132,10877.863255881271,10877.863255881271,10655.16371589657,11553.87573593624,12930.068400378434
2023-06-01,10831.17184703824,10831.17184703824,10715.936270835628,10715.936270835628,11714.224361399647,11992.977318959203,11597.42861621699,11824.096200368696,12822.285579200849,13143.216130310035,12437.54262001264,12839.445048493626,10451.100807489143,10451.100807489143,10425.709714487293,10425.709714487293,10711.869473889525,10711.869473889525,10663.170981197241,10663.170981197241,10925.661269504968,10925.661269504968,10868.05893121502,10868.05893121502,10647.770237741313,11544.78591225521,12906.012271569596
2023-06-02,10834.943552252867,10834.943552252867,10719.517861783137,10719.517861783137,11723.898015359953,12008.613992992183,11607.017050219061,11839.525341651775,12856.480554528365,13180.987795027379,12464.065691467158,12875.74387366978,10451.100807489143,10451.100807489143,10425.709714487293,10425.709714487293,10718.554001223554,10718.554001223554,10669.810945015712,10669.810945015712,10943.301080559722,10943.301080559722,10885.209531378767,10885.209531378767,10651.473351613196,11554.383021128218,12933.981419407834
2023-06-03,10815.633314545954,10815.633314545954,10700.178178283966,10700.178178283966,11702.491280984486,11965.555366060109,11585.4775324662,11796.49997372748,12796.374953028606,13125.006690325708,12424.272610573837,12820.400152195032,10451.100807489143,10451.100807489143,10425.709714487293,10425.709714487293,10718.241150333179,10718.241150333179,10669.21645983762,10669.21645983762,10938.098734484567,10938.098734484567,10879.835336695616,10879.835336695616,10632.488338419795,11533.29080832622,12893.18050675013
2023-06-04,10808.894871555078,10808.894871555078,10693.07658777997,10693.07658777997,11697.343623674562,11955.847253044692,11580.062669830377,11787.139121032124,12786.002568232714,13112.754826724391,12414.634098638438,12807.551287289856,10447.970052457315,10447.970052457315,10422.435732014104,10422.435732014104,10713.103297433769,10713.103297433769,10663.85487124834,10663.85487124834,10932.175341321385,10932.175341321385,10873.445271523504,10873.445271523504,10625.86198249333,11528.210480529604,12883.83524216752
2023-06-05,10770.405301854154,10770.405301854154,10654.597885516701,10654.597885516701,11633.103587183783,11842.308014651633,11516.079736639549,11674.16846874916,12660.54923896473,12954.592585921517,12296.670160157431,12651.924792386753,10439.629599907395,10439.629599907395,10413.810811691077,10413.810811691077,10673.751036987507,10673.751036987507,10624.31456939886,10624.31456939886,10891.727230895678,10891.727230895678,10832.550716533076,10832.550716533076,10588.008238948658,11464.860437329151,12762.266634004643
2023-06-06,10788.748954065426,10788.748954065426,10671.85993214642,10671.85993214642,11661.949067229923,11895.623387186766,11544.342857604048,11726.294770280881,12715.700705389461,13030.454789578456,12350.194525971607,12725.534683261045,10445.921910397512,10445.921910397512,10420.086195992923,10420.086195992923,10690.245264395102,10690.245264395102,10640.561511281268,10640.561511281268,10908.557898951265,10908.557898951265,10849.113943452763,10849.113943452763,10605.258047857518,11493.305280723813,12818.158463380822
2023-06-07,10767.24962406096,10767.24962406096,10651.823578965817,10651.823578965817,11630.197219558793,11836.75444773566,11512.899137291084,11668.09255065639,12646.583478063358,12935.6194138534,12282.214117151927,12632.72728421878,10442.3664025204,10442.3664025204,10416.540252360268,10416.540252360268,10680.246788415148,10680.246788415148,10630.608299715876,10630.608299715876,10898.355591060938,10898.355591060938,10838.967091572513,10838.967091572513,10585.316060832722,11461.98520219859,12747.853346743317
2023-06-08,10775.112116416562,10775.112116416562,10659.438900882564,10659.438900882564,11639.855530323413,11853.944334485499,11522.330307868604,11684.751286767529,12653.947625867035,12946.000511039074,12289.055545388304,12642.970534149512,10443.368832260927,10443.368832260927,10417.431804400749,10417.431804400749,10682.05146438918,10682.05146438918,10632.404872022302,10632.404872022302,10900.197461768217,10900.197461768217,10840.798998875523,10840.798998875523,10593.064514377125,11471.505469975686,12755.076074533676
2023-06-09,10781.299024653308,10781.299024653308,10665.5598818624,10665.5598818624,11649.391071150987,11872.02655216759,11531.768235993548,11702.575041676331,12666.884634688224,12963.657660351082,12301.791544079399,12659.901573648965,10448.546434165542,10448.546434165542,10422.595706118502,10422.595706118502,10690.526978165275,10690.526978165275,10640.842099025931,10640.842099025931,10908.84626540873,10908.84626540873,10849.400851250355,10849.400851250355,10599.147012582558,11480.902088659896,12768.482449126555
2023-06-10,10734.048683705922,10734.048683705922,10618.625273133955,10618.625273133955,11584.57831495633,11748.134604230328,11467.363778752015,11579.9971280702,12545.029325762229,12778.120787775166,12185.020985831914,12477.870499068364,10414.020094311616,10414.020094311616,10387.995101238585,10387.995101238585,10637.213741379132,10637.213741379132,10587.500917444526,10587.500917444526,10854.445982798348,10854.445982798348,10795.021748025225,10795.021748025225,10552.69267599737,11417.005912194532,12647.796804990234
2023-06-11,10749.841940895252,10749.841940895252,10634.060979103291,10634.060979103291,11603.330010015006,11785.840555807015,11485.700907174167,11616.710308340487,12575.035671560749,12837.974645558794,12213.698469296743,12535.391891911797,10414.020094311616,10414.020094311616,10387.995101238585,10387.995101238585,10637.213741379132,10637.213741379132,10587.500917444526,10587.500917444526,10854.421130610483,10854.421130610483,10794.939081058772,10794.939081058772,10568.219736474777,11435.487608928433,12678.049056226984
2023-06-12,10779.232463783002,10779.232463783002,10663.13618950887,10663.13618950887,11634.726919307306,11848.145462378541,11516.777541323869,11678.12057142503,12624.332645986799,12931.875588676967,12261.580524011362,12627.078953896933,10414.020094311616,10414.020094311616,10387.995101238585,10387.995101238585,10637.213741379132,10637.213741379132,10587.500917444526,10587.500917444526,10854.073265201032,10854.073265201032,10794.591215649321,10794.591215649321,10597.114645572501,11466.429667900707,12727.756546180593
2023-06-13,10768.564918568018,10768.564918568018,10652.557475709578,10652.557475709578,11623.855158268372,11826.527980110564,11505.975147283032,11656.730636868057,12607.332989336535,12899.388032891973,12244.964151354028,12595.16361801141,10414.020094311616,10414.020094311616,10387.995101238585,10387.995101238585,10637.213741379132,10637.213741379132,10587.500917444526,10587.500917444526,10854.011184700526,10854.011184700526,10794.471705453418,10794.471705453418,10586.627044054632,11455.713881544034,12710.60636134439
2023-06-14,10761.17694649918,10761.17694649918,10645.248088001219,10645.248088001219,11614.637074891169,11807.172594288917,11496.802361714805,11637.55571459142,12591.906742250227,12864.435324492199,12229.933216651298,12560.923895540987,10414.020094311616,10414.020094311616,10387.995101238585,10387.995101238585,10637.213741379132,10637.213741379132,10587.500917444526,10587.500917444526,10854.011184700526,10854.011184700526,10794.471705453418,10794.471705453418,10579.363041070144,11446.623977546209,12695.053945083948
2023-06-15,10760.543079246027,10760.543079246027,10644.563709794505,10644.563709794505,11614.656474319594,11806.92413771988,11496.759155797856,11637.18478460706,12591.938405474895,12863.57452285633,12229.86539144695,12559.88117035398,10414.020094311616,10414.020094311616,10387.995101238585,10387.995101238585,10637.213741379132,10637.213741379132,10587.500917444526,10587.500917444526,10854.011184700526,10854.011184700526,10794.471705453418,10794.471705453418,10578.739908620902,11446.642317749673,12695.08626056342
2023-06-16,10754.477586493706,10754.477586493706,10638.563521939202,10638.563521939202,11608.891326775298,11796.545854480277,11491.056099789523,11626.966333325978,12582.798999584442,12851.151393138869,12220.98893773361,12547.76242380336,10414.020094311616,10414.020094311616,10387.995101238585,10387.995101238585,10637.213741379132,10637.213741379132,10587.500917444526,10587.500917444526,10854.011184700526,10854.011184700526,10794.471705453418,10794.471705453418,10572.777089022225,11440.967486653366,12685.868531489426
2023-06-17,10751.506474777998,10751.506474777998,10635.624495607863,10635.624495607863,11607.844716886342,11795.363880985786,11490.02508811367,11625.815635281071,12581.288276522766,12848.95854706752,12219.522398575446,12545.580665124515,10414.020094311616,10414.020094311616,10387.995101238585,10387.995101238585,10637.213741379132,10637.213741379132,10587.500917444526,10587.500917444526,10854.011184700526,10854.011184700526,10794.471705453418,10794.471705453418,10569.856760459727,11439.944035775896,12684.340515118356
2023-06-18,10743.571362266683,10743.571362266683,10627.774697518951,10627.774697518951,11598.258474386148,11776.288097496432,11480.522383055726,11607.13140075596,12563.70380740624,12812.640837126912,12202.377806405797,12509.968811633633,10414.020094311616,10414.020094311616,10387.995101238585,10387.995101238585,10636.794590755642,10636.794590755642,10587.028709457838,10587.028709457838,10853.592034077037,10853.592034077037,10793.99949746673,10793.99949746673,10562.05611403528,11430.494963037661,12666.625526689862
2023-06-19,10741.69822190819,10741.69822190819,10625.847622514535,10625.847622514535,11598.004606158587,11776.597388158436,11480.223802283135,11607.309016742642,12565.160416512317,12816.218260911304,12203.740431823613,12513.351103966073,10414.020094311616,10414.020094311616,10387.995101238585,10387.995101238585,10636.738037512763,10636.738037512763,10586.919536509358,10586.919536509358,10854.580615135852,10854.580615135852,10794.988078525545,10794.988078525545,10560.212022006865,11430.250777158593,12668.086481244361
2023-06-20,10742.94071690007,10742.94071690007,10627.044039359556,10627.044039359556,11600.948118817349,11782.577005826126,11483.102774282435,11613.156988008875,12575.347661108692,12836.996784769643,12213.678563955244,12533.74857820899,10414.020094311616,10414.020094311616,10387.995101238585,10387.995101238585,10636.738037512763,10636.738037512763,10586.919536509358,10586.919536509358,10857.504114909394,10857.504114909394,10797.911578299087,10797.911578299087,10561.440556809956,11433.141390760604,12678.308689220636
2023-06-21,10751.903395833306,10751.903395833306,10635.862630350413,10635.862630350413,11613.67641163631,11808.268413031557,11495.647565470605,11638.407378623315,12604.019399367047,12896.130774218238,12240.060223099023,12590.068252329118,10419.017948696319,10419.017948696319,10392.908019869214,10392.908019869214,10646.73374628217,10646.73374628217,10596.745373770615,10596.745373770615,10867.55305742502,10867.55305742502,10807.847273142614,10807.847273142614,10570.325273323722,11445.802706973522,12707.15222249054
2023-06-22,10754.270717326435,10754.270717326435,10638.165917933778,10638.165917933778,11615.259462569074,11811.30847547961,11497.260934048414,11641.680621688296,12600.93014247406,12890.013994612253,12236.734470244892,12583.946960090789,10418.65114638274,10418.65114638274,10392.541217555634,10392.541217555634,10646.00014165501,10646.00014165501,10596.011769143453,10596.011769143453,10866.81945279786,10866.81945279786,10807.113668515452,10807.113668515452,10572.583728807173,11447.459714164197,12704.11504893966
2023-06-23,10759.580321499227,10759.580321499227,10643.455761073272,10643.455761073272,11624.404894779353,11831.395088910893,11506.35864689167,11660.019572999156,12618.1414626939,12924.978851765458,12254.397299290356,12617.542235499124,10421.01945888274,10421.01945888274,10394.909530055635,10394.909530055635,10650.736766655009,10650.736766655009,10600.748394143453,10600.748394143453,10871.556077797859,10871.556077797859,10811.850293515452,10811.850293515452,10577.832936036366,11456.536215949864,12721.443649236497
2023-06-24,10756.545874966814,10756.545874966814,10640.28065959043,10640.28065959043,11622.136030962682,11826.632515834328,11503.942509719502,11654.933943168056,12609.091575378077,12905.689404847104,12245.44457889158,12598.16548360126,10419.79978925924,10419.79978925924,10393.567074411636,10393.567074411636,10648.669659144758,10648.669659144758,10598.49710760245,10598.49710760245,10868.336713707644,10868.336713707644,10808.358680595695,10808.358680595695,10574.860594788328,11454.22800623958,12712.310349733367
2023-06-25,10760.571232233473,10760.571232233473,10644.269728382695,10644.269728382695,11629.297691422165,11841.159418453475,11511.04211436662,11669.241258527833,12622.458313149358,12931.249073088096,12258.356605450419,12622.902979952805,10419.272288439239,10419.272288439239,10393.039573591635,10393.039573591635,10647.765372024758,10647.765372024758,10597.59282048245,10597.59282048245,10868.779630809644,10868.779630809644,10808.778370038694,10808.778370038694,10578.796847111525,11461.297423196545,12725.801586871137
2023-06-26,10755.94061928734,10755.94061928734,10639.632533940177,10639.632533940177,11622.013990462989,11826.141222182852,11503.761753715684,11654.350324561387,12610.66263594662,12907.931052407615,12247.025013811015,12600.312940420106,10417.823026639238,10417.823026639238,10391.590311791635,10391.590311791635,10645.280923224758,10645.280923224758,10595.10837168245,10595.10837168245,10863.941007941201,10863.941007941201,10803.980336378327,10803.980336378327,10574.256621590714,11454.03436652012,12713.924340765934
2023-06-27,10758.847207841705,10758.847207841705,10642.522201435384,10642.522201435384,11626.787095136697,11836.584857653066,11508.503489225113,11664.743377890472,12620.670589146408,12927.20330420472,12256.315894848454,12618.680641123496,10420.721180429238,10420.721180429238,10394.488465581635,10394.488465581635,10650.249186864758,10650.249186864758,10600.07663532245,10600.07663532245,10868.796701446418,10868.796701446418,10808.732136203422,10808.732136203422,10577.166034953021,11458.781414766228,12723.974212134563
2023-06-28,10746.852401858245,10746.852401858245,10631.34137601816,10631.34137601816,11608.327384405244,11800.434483966026,11490.976254174375,11628.802596275566,12584.453411809116,12862.47868762939,12221.288298562009,12555.372324157752,10416.351547435637,10416.351547435637,10390.118832588034,10390.118832588034,10642.758387447158,10642.758387447158,10592.58583590485,10592.58583590485,10861.305902028818,10861.305902028818,10801.241336785823,10801.241336785823,10565.245663097508,11441.358470011364,12688.923020721862
2023-06-29,10739.60653269063,10739.60653269063,10624.156826131359,10624.156826131359,11604.532393888929,11793.111911496657,11487.108238778796,11621.343161695506,12580.188795779472,12850.664550640027,12216.625547339665,12542.956330555306,10418.912291954402,10418.912291954402,10392.6795771068,10392.6795771068,10647.148235193616,10647.148235193616,10596.975683651308,10596.975683651308,10866.352685255362,10866.352685255362,10806.213191880124,10806.213191880124,10558.189243635923,11437.69692680243,12684.65339200683
2023-06-30,10740.921627304802,10740.921627304802,10625.437218559735,10625.437218559735,11604.953320446486,11794.109752333528,11487.461499412831,11622.126988804663,12585.05714585186,12859.975199866865,12221.188728105055,12551.770621914282,10418.990468164402,10418.990468164402,10392.757753316799,10392.757753316799,10647.282251553615,10647.282251553615,10597.109700011308,10597.109700011308,10868.939992556752,10868.939992556752,10808.7187228168,10808.7187228168,10559.503427323321,11438.15468907506,12689.619775932817
2023-07-01,10749.882627250669,10749.882627250669,10634.042001994016,10634.042001994016,11613.258998449266,11809.59242145874,11495.277206497922,11636.677417649906,12598.775490768357,12883.709968334635,12233.84949872828,12574.011362612084,10419.7203017444,10419.7203017444,10393.487586896797,10393.487586896797,10647.180766700434,10647.180766700434,10596.797365688008,10596.797365688008,10868.867703369513,10868.867703369513,10808.486075089842,10808.486075089842,10568.301103790109,11446.383946657808,12703.452430974645
2023-07-02,10757.777385002593,10757.777385002593,10641.853273613833,10641.853273613833,11621.775634902453,11824.196899725122,11503.678222470004,11651.081602272765,12612.915213761164,12905.54473782649,12247.288226613273,12594.676639182197,10419.9297971844,10419.9297971844,10393.697082336797,10393.697082336797,10649.051703756433,10649.051703756433,10598.655269968007,10598.655269968007,10870.764705977512,10870.764705977512,10810.370044921841,10810.370044921841,10576.075451120418,11454.74472650329,12717.63363038818
2023-07-03,10749.953033738615,10749.953033738615,10634.151008694855,10634.151008694855,11619.08482805743,11822.16237786055,11501.169347321482,11649.188339898828,12615.062712342256,12908.097168539047,12249.030527827592,12597.358499191316,10423.6196105144,10423.6196105144,10397.386895666797,10397.386895666797,10657.317626424434,10657.317626424434,10606.904463943007,10606.904463943007,10879.06408603151,10879.06408603151,10818.652696282843,10818.652696282843,10568.442895944994,11452.281825471018,12719.991030267003
2023-07-04,10740.110904395025,10740.110904395025,10624.383648074892,10624.383648074892,11607.54408760461,11800.428536773228,11489.738712517335,11627.667935453075,12588.82676735847,12870.828085351568,12223.778863710546,12560.70504800986,10420.8038976144,10420.8038976144,10394.571182766796,10394.571182766796,10650.186176024436,10650.186176024436,10599.792880043009,10599.792880043009,10871.89290263151,10871.89290263151,10811.501379382844,10811.501379382844,10558.71837055102,11440.879830449863,12693.623029856868
2023-07-05,10734.947800466998,10734.947800466998,10619.115243681616,10619.115243681616,11598.031677125035,11783.216006582468,11480.36955528935,11610.626876283086,12566.410294170757,12838.516175812487,12202.134188765573,12529.008605740051,10418.865409804399,10418.865409804399,10392.632694956796,10392.632694956796,10643.798251008437,10643.798251008437,10593.431375743008,10593.431375743008,10865.45213618351,10865.45213618351,10805.087033650845,10805.087033650845,10553.616038119031,11431.529403218403,12671.178651278125
2023-07-06,10713.035524525272,10713.035524525272,10597.369128543125,10597.369128543125,11569.936758741644,11726.874497327588,11452.250388750466,11554.907862471837,12520.914531204786,12761.59989161451,12157.895022465755,12453.130443014572,10414.526407784542,10414.526407784542,10388.293692936939,10388.293692936939,10630.347404113849,10630.347404113849,10579.936826496789,10579.936826496789,10851.87029922399,10851.87029922399,10791.461494339694,10791.461494339694,10532.010841727824,11403.596707087929,12625.075895746086
2023-07-07,10718.58529688203,10718.58529688203,10602.548089054479,10602.548089054479,11578.107797810011,11743.90571331281,11460.154063615086,11571.110816642282,12542.175745667633,12799.359517583376,12178.13225860184,12488.865015749483,10416.727192356848,10416.727192356848,10390.434773720695,10390.434773720695,10636.113410248276,10636.113410248276,10585.583425054117,10585.583425054117,10858.168573507039,10858.168573507039,10797.670212939916,10797.670212939916,10537.50260627137,11411.787305973477,12646.675999200166
2023-07-08,10716.994173112027,10716.994173112027,10600.727359906192,10600.727359906192,11575.202345931633,11738.316492685171,11457.010572251786,11565.074828889168,12540.87289029228,12797.31068277992,12176.417186924338,12486.162229879137,10416.421948943247,10416.421948943247,10390.129530307095,10390.129530307095,10635.111942165915,10635.111942165915,10584.581956971757,10584.581956971757,10857.094780288757,10857.094780288757,10796.596419721634,10796.596419721634,10535.941392876852,11408.918432911609,12645.370861284804
2023-07-09,10710.635248663075,10710.635248663075,10594.303119076834,10594.303119076834,11569.473118972752,11727.171199738565,11451.328576698797,11554.07579708346,12530.262616133949,12779.39788757859,12166.084469513298,12468.778954847669,10415.786175996987,10415.786175996987,10389.493757360835,10389.493757360835,10633.838713757943,10633.838713757943,10583.308728563785,10583.308728563785,10855.688771100455,10855.688771100455,10795.190410533332,10795.190410533332,10529.68426167054,11403.26226765026,12634.69419130949
2023-07-10,10717.098207429855,10717.098207429855,10600.707143685704,10600.707143685704,11576.975396441,11742.14943714208,11458.780086022069,11568.868882117851,12541.415981692171,12798.913538594641,12176.853015880506,12487.451679684293,10417.023139647417,10417.023139647417,10390.730721011265,10390.730721011265,10637.388639307228,10637.388639307228,10586.85865411307,10586.85865411307,10859.520612098691,10859.520612098691,10799.022251531569,10799.022251531569,10536.051699244661,11410.675843275614,12645.91935032687
2023-07-11,10717.70623684351,10717.70623684351,10601.320027943588,10601.320027943588,11576.684337348388,11741.004517684787,11458.504982246002,11567.775154967596,12545.66495111542,12805.735254464542,12180.863272231052,12493.683228860853,10418.049894702914,10418.049894702914,10391.757476066761,10391.757476066761,10638.844826692524,10638.844826692524,10588.314841498366,10588.314841498366,10861.178048941163,10861.178048941163,10800.67968837404,10800.67968837404,10536.667338536141,11410.404114890613,12650.1771098536
2023-07-12,10717.33962217391,10717.33962217391,10600.778511341601,10600.778511341601,11575.38571012385,11738.606373671952,11456.981166339912,11564.903436482538,12540.190147755926,12795.892902535774,12175.424889472513,12484.140335402793,10416.824587062363,10416.824587062363,10390.53216842621,10390.53216842621,10636.699345245135,10636.699345245135,10585.998621141272,10585.998621141272,10858.290724396655,10858.290724396655,10797.792363829532,10797.792363829532,10536.280266798116,11409.101968395407,12644.674372745592
2023-07-13,10738.035693993359,10738.035693993359,10621.05951205981,10621.05951205981,11611.095587716594,11810.818720402054,11492.230887959566,11635.933897842657,12619.618289043048,12935.517145471022,12252.562814324632,12619.148628790927,10416.674503958562,10416.674503958562,10390.230354705785,10390.230354705785,10645.268348915966,10645.268348915966,10594.567624812104,10594.567624812104,10880.389682496432,10880.389682496432,10819.89132192931,10819.89132192931,10556.646479557063,11444.404951138638,12724.748522711108
2023-07-14,10693.374855076738,10693.374855076738,10575.97614926638,10575.97614926638,11558.37600059172,11732.91374232866,11439.412915379346,11558.04150475763,12533.553370006613,12835.248810460975,12168.58756803857,12519.571422890042,10404.81412615456,10404.81412615456,10378.055325089786,10378.055325089786,10626.517386832767,10626.517386832767,10575.564941279305,10575.564941279305,10849.02582663637,10849.02582663637,10789.34879588367,10789.34879588367,10512.544778562991,11392.254931690728,12638.208878446794
2023-07-15,10705.744472781456,10705.744472781456,10587.898577532646,10587.898577532646,11569.500672387056,11748.23193534219,11450.08304285756,11572.611557796597,12546.640996158323,12851.74790015208,12181.064600855123,12535.365595509256,10404.649130928821,10404.649130928821,10377.890329864047,10377.890329864047,10626.253394471585,10626.253394471585,10575.300948918122,10575.300948918122,10847.64564099282,10847.64564099282,10787.985109762696,10787.985109762696,10524.71311443319,11403.21679425575,12651.395974245785
2023-07-16,10707.159786101804,10707.159786101804,10588.891980960798,10588.891980960798,11569.439045680047,11747.821028548626,11449.742982592372,11571.740595265368,12534.774386267194,12837.000110193221,12168.906848918334,12520.227811269395,10404.34140751362,10404.34140751362,10377.280068522596,10377.280068522596,10623.443282171504,10623.443282171504,10572.191400209042,10572.191400209042,10844.95692197844,10844.95692197844,10785.360334820536,10785.360334820536,10526.132039559865,11403.147132357135,12639.423841494225
2023-07-17,10705.646078474707,10705.646078474707,10587.379406160173,10587.379406160173,11565.643414799604,11742.040133370725,11445.970033578653,11566.020771946674,12547.895447963538,12852.578591245478,12181.702826110903,12535.356355307902,10404.34140751362,10404.34140751362,10377.280068522596,10377.280068522596,10620.24794454811,10620.24794454811,10568.996062585647,10568.996062585647,10841.558508716045,10841.558508716045,10782.057251995897,10782.057251995897,10524.618465362226,11399.400175925915,12652.692264450963
2023-07-18,10699.151433085579,10699.151433085579,10580.968363532034,10580.968363532034,11554.442444362652,11725.653592236285,11435.045613397118,11549.950987758764,12519.52864692823,12818.281436747828,12154.20022408491,12501.638141098192,10404.34140751362,10404.34140751362,10377.280068522596,10377.280068522596,10614.467899936724,10614.467899936724,10563.095604352262,10563.095604352262,10835.349085234928,10835.349085234928,10775.788936685358,10775.788936685358,10518.241189949651,11388.58157373212,12624.127222174024
2023-07-19,10707.990842921265,10707.990842921265,10589.675809497216,10589.675809497216,11562.5390326702,11737.373255943578,11442.707473903525,11560.929783142017,12532.940548757433,12834.460926055086,12166.466636262405,12516.381761189854,10404.34140751362,10404.34140751362,10377.280068522596,10377.280068522596,10612.618633290906,10612.618633290906,10560.888457917741,10560.888457917741,10833.373122042278,10833.373122042278,10773.425270388285,10773.425270388285,10526.922449516056,11396.596876319012,12637.664865917772
2023-07-20,10709.322740589587,10709.322740589587,10590.981539358627,10590.981539358627,11590.194830458477,11779.798066707379,11470.048432730919,11602.725372478804,12581.007540395074,12893.46720182853,12213.148836570319,12573.962461284906,10404.34140751362,10404.34140751362,10377.280068522596,10377.280068522596,10613.029665160264,10613.029665160264,10561.2994897871,10561.2994897871,10833.810672096757,10833.810672096757,10773.862820442764,10773.862820442764,10528.215521856402,11423.85486706961,12686.143607848788
2023-07-21,10701.362315991682,10701.362315991682,10582.84094606778,10582.84094606778,11577.451150608147,11759.426447034195,11457.148960918563,11582.267598082848,12562.34701522414,12869.713562948853,12194.622672885527,12550.246575913361,10404.34140751362,10404.34140751362,10377.280068522596,10377.280068522596,10613.044795900169,10613.044795900169,10561.314620527004,10561.314620527004,10833.82677901343,10833.82677901343,10773.878927359438,10773.878927359438,10520.387941455725,11411.294367452296,12667.32800813353
2023-07-22,10686.69884655386,10686.69884655386,10568.120834977668,10568.120834977668,11554.414694913055,11722.3678769999,11434.090845910368,11545.31114318959,12519.101930451148,12814.10126801104,12152.245321746286,12495.46060873316,10404.34140751362,10404.34140751362,10377.280068522596,10377.280068522596,10609.11207149376,10609.11207149376,10557.381896120596,10557.381896120596,10829.640330451773,10829.640330451773,10769.69247879778,10769.69247879778,10505.99775210327,11388.591504340591,12623.736035476893
2023-07-23,10689.244723078476,10689.244723078476,10570.634093469369,10570.634093469369,11557.97416956399,11727.744092128698,11437.336579468494,11550.093430250196,12530.163377274623,12829.372326629475,12162.21886134665,12509.356093520511,10404.34140751362,10404.34140751362,10377.280068522596,10377.280068522596,10608.818412714721,10608.818412714721,10556.799286217558,10556.799286217558,10829.327725945053,10829.327725945053,10769.07228115906,10769.07228115906,10508.49406724563,11392.103350573429,12634.888648858034
2023-07-24,10665.67323507278,10665.67323507278,10547.324073579673,10547.324073579673,11523.021071158711,11669.69080470422,11402.68068119029,11492.86826652328,12471.253483097864,12747.461887408615,12104.9863766583,12429.429415021617,10404.34140751362,10404.34140751362,10377.280068522596,10377.280068522596,10608.818412714721,10608.818412714721,10556.799286217558,10556.799286217558,10829.327725945053,10829.327725945053,10769.07228115906,10769.07228115906,10485.353092480993,11357.637804717662,12575.490034831297
2023-07-25,10670.940848161654,10670.940848161654,10549.569397139187,10552.30585154026,11537.228277650358,11696.357340017474,11416.284885904588,11518.344242256753,12488.95885775439,12772.321282692417,12121.526380669304,12452.808012829712,10404.34140751362,10404.34140751362,10377.280068522596,10377.280068522596,10608.818412714721,10608.818412714721,10556.799286217558,10556.799286217558,10829.327725945053,10829.327725945053,10769.07228115906,10769.07228115906,10490.504436174366,11371.670727257513,12593.305223076703
2023-07-26,10691.499172457901,10691.499172457901,10558.374820204563,10572.63710454451,11553.339804376548,11720.86046231766,11432.028444593367,11542.107914042203,12525.626454929808,12820.51866898438,12157.070456459935,12499.718104972588,10404.34140751362,10404.34140751362,10377.280068522596,10377.280068522596,10608.818412714721,10608.818412714721,10556.799286217558,10556.799286217558,10829.327725945053,10829.327725945053,10769.07228115906,10769.07228115906,10510.694015463509,11387.574394913356,12630.265071121157
2023-07-27,10688.60855534311,10688.60855534311,10555.214047500196,10569.777660371752,11549.258007431605,11713.767851354469,11427.990372376737,11535.127536603293,12519.346580236966,12811.945588837389,12150.777655825525,12491.074336628695,10404.34140751362,10404.34140751362,10377.280068522596,10377.280068522596,10608.818412714721,10608.818412714721,10556.799286217558,10556.799286217558,10829.327725945053,10829.327725945053,10769.07228115906,10769.07228115906,10507.8604179125,11383.54349004347,12623.937901953494
2023-07-28,10688.978921787018,10688.978921787018,10555.135855208919,10570.005025120461,11551.517911206103,11717.159529974457,11430.065335711874,11538.145833430428,12519.881258124025,12811.736683242832,12151.06664113555,12490.500886197473,10404.34140751362,10404.34140751362,10377.280068522596,10377.280068522596,10608.818412714721,10608.818412714721,10556.799286217558,10556.799286217558,10829.327725945053,10829.327725945053,10769.07228115906,10769.07228115906,10508.219210390664,11385.778578015323,12624.4734864755
2023-07-29,10699.153822074946,10699.153822074946,10560.336473282505,10580.07045078865,11567.032985440343,11744.632480964057,11445.425677707235,11565.176815733108,12545.020853034031,12847.218557379916,12175.449715713097,12525.083656953488,10404.34140751362,10404.34140751362,10377.280068522596,10377.280068522596,10608.818412714721,10608.818412714721,10556.799286217558,10556.799286217558,10829.327725945053,10829.327725945053,10769.07228115906,10769.07228115906,10518.178670706313,11401.117290627828,12649.782527541653
2023-07-30,10691.65034506383,10691.65034506383,10553.080726211318,10572.652340150555,11553.758180325596,11722.328069919617,11432.281310057557,11543.213558255096,12521.171122357864,12815.039262493427,12151.961038151605,12493.223761401356,10404.34140751362,10404.34140751362,10377.280068522596,10377.280068522596,10608.818412714721,10608.818412714721,10556.799286217558,10556.799286217558,10828.523740778697,10828.523740778697,10768.09029135661,10768.09029135661,10510.817970100221,11388.018766110628,12625.741218221683
2023-07-31,10684.086285187157,10684.086285187157,10549.214426211087,10565.174138926268,11540.557818464198,11700.955633306647,11419.21166667512,11522.16817359003,12492.547347783431,12777.230736089292,12123.891199769358,12455.945329077762,10404.34140751362,10404.34140751362,10377.280068522596,10377.280068522596,10608.818412714721,10608.818412714721,10556.799286217558,10556.799286217558,10825.055901525715,10825.055901525715,10764.642054483784,10764.642054483784,10503.392589015286,11374.99723388923,12596.893704068774
2023-08-01,10697.561423249213,10697.561423249213,10555.74966200381,10578.346026875004,11555.895251254145,11727.962128073515,11434.378408065564,11548.711443760229,12519.127491521238,12814.643948277597,12149.644482732476,12492.3846495696,10404.34140751362,10404.34140751362,10377.280068522596,10377.280068522596,10608.818412714721,10608.818412714721,10556.799286217558,10556.799286217558,10828.31583393184,10828.31583393184,10767.883559728312,10767.883559728312,10516.593322062217,11390.16496776757,12623.652273631833
2023-08-02,10681.570949642555,10681.570949642555,10548.133892205922,10562.53419124427,11532.962983997624,11691.72474571336,11411.538577419313,11512.742159057098,12473.607829341934,12753.323120067613,12104.854989065243,12431.748686434357,10404.34140751362,10404.34140751362,10377.280068522596,10377.280068522596,10608.818412714721,10608.818412714721,10556.799286217558,10556.799286217558,10828.13429447192,10828.13429447192,10767.521447543513,10767.521447543513,10500.8893839774,11367.544102017,12577.774120661894
2023-08-03,10687.220332588406,10687.220332588406,10550.817790583653,10567.8055721503,11535.342777864813,11695.810612555435,11413.538832838443,11516.2242493726,12475.333759468798,12753.48042356959,12106.378234614867,12431.805660801803,10404.34140751362,10404.34140751362,10377.280068522596,10377.280068522596,10608.818412714721,10608.818412714721,10556.799286217558,10556.799286217558,10828.13429447192,10828.13429447192,10767.521447543513,10767.521447543513,10506.451087528734,11369.885923412186,12579.518868514984
2023-08-04,10685.817262566587,10685.817262566587,10550.070912887775,10566.287657289022,11533.633816008978,11692.967758264816,11411.850386176555,11513.42028417842,12471.191983453957,12745.838366996724,12102.229222621623,12424.063427943993,10404.34140751362,10404.34140751362,10377.280068522596,10377.280068522596,10608.818412714721,10608.818412714721,10556.799286217558,10556.799286217558,10828.13429447192,10828.13429447192,10767.521447543513,10767.521447543513,10505.063790995848,11368.207057217502,12575.338281401791
2023-08-05,10680.65239055078,10680.65239055078,10547.417594357228,10561.040508094948,11528.816231628394,11684.214736470794,11407.080007983252,11504.76045135224,12466.021811101957,12738.413666308443,12097.133395474046,12416.686881032512,10404.34140751362,10404.34140751362,10377.280068522596,10377.280068522596,10608.818412714721,10608.818412714721,10556.799286217558,10556.799286217558,10828.13429447192,10828.13429447192,10767.521447543513,10767.521447543513,10500.011454448262,11363.431487937589,12570.146306344062
2023-08-06,10678.188309302956,10678.188309302956,10546.122427021906,10558.476608872243,11528.232342359152,11683.110018582454,11406.354594022561,11503.45548728754,12462.45286904423,12732.764503362678,12093.48803821779,12410.946612336855,10404.34140751362,10404.34140751362,10377.280068522596,10377.280068522596,10608.818412714721,10608.818412714721,10556.799286217558,10556.799286217558,10828.13429447192,10828.13429447192,10767.521447543513,10767.521447543513,10497.600515433041,11362.844932285343,12566.557340686173
2023-08-07,10681.946003686073,10681.946003686073,10547.974773967788,10562.200613735327,11533.361450733257,11694.641086929232,11411.426243006987,11514.81258347297,12469.563239316587,12746.759352021396,12100.388120226475,12424.592349691928,10404.34140751362,10404.34140751362,10377.280068522596,10377.280068522596,10608.818412714721,10608.818412714721,10556.799286217558,10556.799286217558,10828.13429447192,10828.13429447192,10767.521447543513,10767.521447543513,10501.304124059901,11367.895574467493,12573.72404266773
2023-08-08,10667.863281546954,10667.863281546954,10541.01841792712,10548.264094950564,11522.397500925103,11670.155256444377,11400.578604469492,11490.708293449863,12456.00398257027,12723.523367845102,12087.234495539904,12401.94224122326,10404.34140751362,10404.34140751362,10377.280068522596,10377.280068522596,10608.818412714721,10608.818412714721,10556.799286217558,10556.799286217558,10828.13429447192,10828.13429447192,10767.521447543513,10767.521447543513,10487.452548163608,11357.089726093012,12560.060261311053
2023-08-09,10667.520082139663,10667.520082139663,10540.654891097533,10547.535890342084,11514.552158126366,11652.917900976163,11392.589669334682,11473.25213472905,12445.126707089164,12705.015598890255,12076.067301288536,12382.77152098781,10404.34140751362,10404.34140751362,10377.280068522596,10377.280068522596,10608.818412714721,10608.818412714721,10556.799286217558,10556.799286217558,10825.920862795108,10825.920862795108,10765.010203674952,10765.010203674952,10487.116048116866,11349.360799689397,12549.117495709523
2023-08-10,10673.50135357666,10673.50135357666,10543.625917692156,10553.438484033917,11517.754973425222,11658.948901056743,11395.56532772094,11478.85221071824,12446.869039480167,12705.953153249126,12077.514789287783,12383.254110794662,10404.34140751362,10404.34140751362,10377.280068522596,10377.280068522596,10608.818412714721,10608.818412714721,10556.799286217558,10556.799286217558,10824.546239505778,10824.546239505778,10763.635580385622,10763.635580385622,10493.001795907678,11352.518338612028,12550.888538370455
2023-08-11,10686.403538108678,10686.403538108678,10549.961031110517,10566.19868985915,11535.572844331367,11693.121968312851,11413.197290464748,11512.498086585827,12475.100192835056,12752.133146223669,12104.940976660258,12428.291130414551,10404.34140751362,10404.34140751362,10377.280068522596,10377.280068522596,10608.818412714721,10608.818412714721,10556.799286217558,10556.799286217558,10824.18437935827,10824.18437935827,10763.273720238114,10763.273720238114,10505.684935161926,11370.079569248514,12579.35881932473
2023-08-12,10685.244421590513,10685.244421590513,10549.353843379033,10565.021686002541,11535.385313384186,11693.019006608414,11412.99271949676,11512.388879719301,12474.021678402183,12752.381551247128,12103.875365585189,12428.44568853606,10404.34140751362,10404.34140751362,10377.280068522596,10377.280068522596,10608.818412714721,10608.818412714721,10556.799286217558,10556.799286217558,10824.15017723552,10824.15017723552,10763.239518115364,10763.239518115364,10504.541840129297,11369.892982706539,12578.270805134027
2023-08-13,10677.807797285566,10677.807797285566,10545.790950433842,10557.66491377279,11524.639585807117,11673.431151232473,11402.188619046197,11492.789997651193,12455.847226601192,12722.887847311507,12086.038851052406,12399.328689465568,10400.712893307342,10400.712893307342,10373.540013511712,10373.540013511712,10602.899712027162,10602.899712027162,10550.704107457248,10550.704107457248,10816.763326366185,10816.763326366185,10755.679358537673,10755.679358537673,10497.235147833218,11359.305416120986,12559.95786637649
2023-08-14,10674.613302871709,10674.613302871709,10543.983134400005,10554.329320006118,11520.073474993509,11664.169078481855,11397.458683657018,11483.291055065161,12449.943375148805,12719.888865498826,12079.839623801081,12395.652275454491,10405.550189786112,10405.550189786112,10378.358227953093,10378.358227953093,10610.790134488589,10610.790134488589,10558.556365843891,10558.556365843891,10825.882359604811,10825.882359604811,10764.194903317737,10764.194903317737,10494.091877152041,11354.800086328583,12554.008217900431
2023-08-15,10665.079063135052,10665.079063135052,10538.37854745056,10544.904656922257,11502.770985941015,11632.357913867143,11380.116371061216,11451.562039376988,12407.818054641966,12661.331982472026,12038.904198686647,12338.585697460081,10398.995419164492,10398.995419164492,10371.829314414792,10371.829314414792,10594.791243925327,10594.791243925327,10542.497988385749,10542.497988385749,10803.482234977288,10803.482234977288,10741.92289204412,10741.92289204412,10484.722354288433,11337.744884547023,12511.538633643988
2023-08-16,10644.911101728982,10644.911101728982,10527.700172472034,10524.964882380618,11470.277588791514,11566.192982213302,11347.827396857672,11386.087344609094,12347.545485694543,12562.320375850846,11979.924532827892,12241.197431603963,10393.498582637201,10393.498582637201,10366.354161660785,10366.354161660785,10585.721855967044,10585.721855967044,10533.341883281431,10533.341883281431,10787.677060823979,10787.677060823979,10725.82506112878,10725.82506112878,10464.898196866916,11305.715976118958,12450.79832458722
2023-08-17,10629.403252876751,10629.403252876751,10520.369376411876,10509.384037563668,11440.309298166288,11507.822264073311,11317.590372654451,11327.6308350808,12291.431598146513,12441.373950547666,11924.436024160757,12121.666600578128,10387.52086595772,10387.52086595772,10360.290741912087,10360.290741912087,10575.971221462254,10575.971221462254,10523.46031010682,10523.46031010682,10771.901003986099,10771.901003986099,10709.680990673069,10709.680990673069,10449.655643140766,11276.205903738002,12394.186933262263
2023-08-18,10631.927144797968,10631.927144797968,10521.577743240698,10511.775278006115,11442.286930422077,11512.011608984658,11319.334599814922,11331.361548168783,12294.696829227514,12448.726786672181,11927.0626012659,12127.722326525332,10387.52086595772,10387.52086595772,10360.290741912087,10360.290741912087,10575.971221462254,10575.971221462254,10523.46031010682,10523.46031010682,10770.709846447968,10770.709846447968,10708.436573820387,10708.436573820387,10452.140968366515,11278.14195675866,12397.507235005045
2023-08-19,10639.925146094061,10639.925146094061,10525.504665249482,10519.668478730298,11453.014662547494,11531.822643758745,11329.966162957931,11350.848747690985,12316.212508751185,12486.960727846214,11947.921680720337,12164.99221594886,10387.52086595772,10387.52086595772,10360.290741912087,10360.290741912087,10575.971221462254,10575.971221462254,10523.46031010682,10523.46031010682,10770.805310028847,10770.805310028847,10708.532037401266,10708.532037401266,10459.996835276595,11288.737469721087,12419.185222774986
2023-08-20,10638.217484852094,10638.217484852094,10524.654383888752,10517.976071959674,11452.228065797564,11530.567567534225,11329.193077829907,11349.609890704101,12318.541071049125,12492.593780219404,11950.1828485498,12170.4948415352,10387.52086595772,10387.52086595772,10360.290741912087,10360.290741912087,10575.971221462254,10575.971221462254,10523.46031010682,10523.46031010682,10770.984489031614,10770.984489031614,10708.711216404034,10708.711216404034,10458.316163670308,11287.968381504359,12421.528035060453
2023-08-21,10635.635782329586,10635.635782329586,10523.391984629232,10515.43225534516,11447.26426819455,11520.95432109787,11324.270956079825,11340.156952043862,12307.658607135665,12471.736827939509,11939.631284047604,12150.159137988489,10387.52086595772,10387.52086595772,10360.290741912087,10360.290741912087,10575.971221462254,10575.971221462254,10523.46031010682,10523.46031010682,10770.865373696415,10770.865373696415,10708.592101068834,10708.592101068834,10455.782016410138,11283.063796990617,12410.564404976501
2023-08-22,10629.92754158486,10629.92754158486,10520.574092944938,10509.744004673199,11440.03752453024,11506.989264611535,11317.081193871336,11326.409790241842,12293.431660088008,12444.83260979171,11925.834814093418,12123.88376438041,10387.52086595772,10387.52086595772,10360.290741912087,10360.290741912087,10575.971221462254,10575.971221462254,10523.46031010682,10523.46031010682,10770.72294958232,10770.72294958232,10708.449676954739,10708.449676954739,10450.18152858839,11275.90556104654,12396.251063031828
2023-08-23,10624.158253577485,10624.158253577485,10517.686377754924,10503.956135068505,11436.384290533668,11501.968239927171,11313.484906248063,11321.445528164577,12292.43358289667,12449.476905975602,11924.876634792192,12128.469908899899,10387.52086595772,10387.52086595772,10360.290741912087,10360.290741912087,10575.971221462254,10575.971221462254,10523.46031010682,10523.46031010682,10771.471004622581,10771.471004622581,10709.197731995,10709.197731995,10444.501925838707,11272.32534743677,12395.22051418141
2023-08-24,10619.55769128993,10615.147969255519,10513.160153488543,10494.91226384576,11423.414509124073,11475.833053493785,11300.469483987628,11295.437739892153,12270.831211140281,12405.801265848824,11903.70333965622,12085.488505006382,10387.52086595772,10387.52086595772,10360.290741912087,10360.290741912087,10575.971221462254,10575.971221462254,10523.46031010682,10523.46031010682,10770.959382510326,10770.959382510326,10708.686109882745,10708.686109882745,10439.981136472867,11259.513329355344,12373.467780968636
2023-08-25,10618.664797746222,10613.32370132344,10512.235978657614,10493.064053453418,11418.519029450936,11465.946283000743,11295.491185372199,11285.48265224776,12262.264280577077,12388.454769642256,11895.205558697053,12068.20555521254,10387.52086595772,10387.52086595772,10360.290741912087,10360.290741912087,10575.971221462254,10575.971221462254,10523.46031010682,10523.46031010682,10770.729730557914,10770.729730557914,10708.456457930333,10708.456457930333,10439.098920967028,11254.674883875483,12364.8439160615
2023-08-26,10619.946593304408,10615.93660418596,10513.522319144777,10495.636845651088,11422.159653572558,11473.3602208079,11299.142994771953,11292.785932681705,12266.265858472618,12396.614932215267,11898.997606923718,12075.923464249516,10387.52086595772,10387.52086595772,10360.290741912087,10360.290741912087,10575.971221462254,10575.971221462254,10523.46031010682,10523.46031010682,10770.629068925413,10770.629068925413,10708.355796297832,10708.355796297832,10440.386041734015,11258.284669986857,12368.8610818805
2023-08-27,10624.116467580781,10624.381679822565,10517.622156922103,10503.867401126488,11432.077396922778,11493.63547579433,11309.011187432063,11312.612127635897,12284.325294415272,12433.281457229785,11916.423013919628,12111.298731599063,10387.52086595772,10387.52086595772,10360.290741912087,10360.290741912087,10576.083291252216,10576.083291252216,10523.520332290334,10523.520332290334,10770.793108829012,10770.793108829012,10708.51983620143,10708.51983620143,10444.525066144204,11268.087117189849,12387.054921189898
2023-08-28,10622.13457247437,10620.346809122731,10515.595127293727,10499.810602828198,11423.933209598095,11477.018291793103,11300.75749533686,11295.93442389828,12270.818689983125,12405.87931976391,11903.181604453484,12084.350418403204,10387.52086595772,10387.52086595772,10360.290741912087,10360.290741912087,10576.031135188057,10576.031135188057,10523.416040157574,10523.416040157574,10770.826246284154,10770.826246284154,10708.552973656573,10708.552973656573,10442.539920410998,11260.015500142184,12373.471351277489
2023-08-29,10628.443012678987,10633.10011985416,10521.800544010333,10512.223971679607,11445.629185531408,11520.776052949856,11322.115318753746,11338.815820696558,12312.274902226063,12489.62047258191,11943.368053876711,12165.967447383124,10387.52086595772,10387.52086595772,10360.290741912087,10360.290741912087,10576.031135188057,10576.031135188057,10523.416040157574,10523.416040157574,10774.016757110483,10774.016757110483,10711.743484482902,10711.743484482902,10448.786516213519,11281.491169505834,12415.272837961444
2023-08-30,10627.97891936197,10632.665491324682,10521.579549552649,10511.81691475913,11443.195809698986,11515.211524456177,11318.669605785974,11333.36900779321,12304.710269450086,12471.568544066578,11935.842731225326,12148.433112612212,10387.52086595772,10387.52086595772,10360.290741912087,10360.290741912087,10573.830700139557,10573.830700139557,10521.0770007337,10521.0770007337,10771.869039230296,10771.869039230296,10709.51260397749,10709.51260397749,10448.306043471275,11279.01304511768,12407.768411817637
2023-08-31,10618.441803067275,10622.897966693057,10516.78644161091,10502.178062094512,11428.06309517841,11483.350654062571,11304.901635053431,11303.21085666989,12284.17843849471,12432.739999248419,11917.33026506964,12111.636897491375,10387.52086595772,10387.52086595772,10360.290741912087,10360.290741912087,10566.994312073597,10566.994312073597,10514.24061266774,10514.24061266774,10765.032651164336,10765.032651164336,10702.67621591153,10702.67621591153,10438.881886362078,11264.050236804445,12388.86008004207
2023-09-01,10623.573681684127,10633.936933938701,10522.160575804095,10512.937114040244,11438.552856654824,11504.528277006719,11314.488559677204,11323.761899628305,12297.796248057028,12458.071486767321,11930.473980059456,12135.896064461624,10387.52086595772,10387.52086595772,10360.290741912087,10360.290741912087,10566.861355882398,10566.861355882398,10513.97811370654,10513.97811370654,10764.899694973137,10764.899694973137,10702.41371695033,10702.41371695033,10443.932197143718,11274.408650525585,12402.676628807985
2023-09-02,10619.3712058572,10625.093734714465,10517.805079890335,10504.191460186647,11428.21721882701,11483.712305489229,11304.979337034052,11303.107333954757,12280.96950298501,12426.671968185692,11914.089061289062,12105.235751325676,10387.52086595772,10387.52086595772,10360.290741912087,10360.290741912087,10566.861355882398,10566.861355882398,10513.97811370654,10513.97811370654,10764.899694973137,10764.899694973137,10702.41371695033,10702.41371695033,10439.806800796736,11264.23788218189,12385.724507799796
2023-09-03,10631.164645625226,10648.630565995212,10529.33238084152,10527.423591765622,11453.443495506532,11532.800581414323,11329.585979567253,11351.115471082194,12321.96590733045,12502.893313016435,11953.897790261843,12179.123388657032,10387.52086595772,10387.52086595772,10360.290741912087,10360.290741912087,10566.861355882398,10566.861355882398,10513.97811370654,10513.97811370654,10764.899694973137,10764.899694973137,10702.41371695033,10702.41371695033,10451.362159466653,11288.996541724551,12427.266819694432
2023-09-04,10642.952671402989,10659.586644926625,10534.701544449428,10538.254361076768,11464.19454803855,11554.773758671006,11340.245465344815,11372.763818980862,12338.014736054363,12527.511786842724,11969.554631002731,12202.905865562081,10387.52086595772,10387.52086595772,10360.290741912087,10360.290741912087,10566.861355882398,10566.861355882398,10513.97811370654,10513.97811370654,10764.899694973137,10764.899694973137,10702.41371695033,10702.41371695033,10462.922893487568,11299.533656233098,12443.476233302335
2023-09-05,10646.740107829428,10663.522846305374,10536.658022694017,10542.11242354418,11467.828239523918,11562.309757798685,11343.737308539228,11379.919405929877,12345.034386040616,12542.09111098013,11976.171057879674,12216.742249059253,10387.52086595772,10387.52086595772,10360.290741912087,10360.290741912087,10566.861355882398,10566.861355882398,10513.97811370654,10513.97811370654,10764.899694973137,10764.899694973137,10702.41371695033,10702.41371695033,10466.642415644428,11303.166221772577,12450.543060495344
2023-09-06,10663.331151051689,10682.076628859728,10545.745709042769,10560.457487027741,11489.662982914357,11604.798494133904,11365.225656537248,11421.672016690629,12379.261201363435,12603.986649060273,12009.464333362645,12277.027925428652,10387.52086595772,10387.52086595772,10360.290741912087,10360.290741912087,10566.861355882398,10566.861355882398,10513.97811370654,10513.97811370654,10764.899694973137,10764.899694973137,10702.41371695033,10702.41371695033,10482.867963987472,11324.670651743194,12485.107792680445
2023-09-07,10669.00753231804,10687.065483999191,10548.25018080978,10565.339968552116,11495.841226598492,11615.846586717467,11371.228556790838,11432.302361573522,12389.769057497224,12620.718284483404,12019.479187257573,12292.955939840009,10387.52086595772,10387.52086595772,10360.290741912087,10360.290741912087,10566.861355882398,10566.861355882398,10513.97811370654,10513.97811370654,10764.98012371053,10764.98012371053,10702.449086257011,10702.449086257011,10488.407427463093,11330.738863511726,12495.772809311133
2023-09-08,10650.434444574357,10670.412202324953,10539.94323033465,10548.891620590117,11477.068782973662,11580.259617641843,11352.652434471425,11397.310026902163,12357.544782555224,12562.321386335227,11988.002423749034,12235.822687126752,10387.52086595772,10387.52086595772,10360.290741912087,10360.290741912087,10566.861355882398,10566.861355882398,10513.97811370654,10513.97811370654,10763.06769671864,10763.06769671864,10700.439831282967,10700.439831282967,10470.213736437989,11312.334962388266,12463.16209791172
2023-09-09,10640.586566988146,10660.589734249024,10535.094832541012,10539.129333083332,11463.787047204321,11553.740311172047,11339.32735373917,11370.910103222996,12335.701838832707,12520.241268870901,11966.561262371135,12194.503483949333,10387.52086595772,10387.52086595772,10360.290741912087,10360.290741912087,10564.90891130216,10564.90891130216,10511.934288242497,10511.934288242497,10761.02981649568,10761.02981649568,10698.412864717697,10698.412864717697,10460.545549846553,11299.29397693786,12441.117363697907
2023-09-10,10643.377207727297,10664.135456575354,10536.782156129813,10542.569557783308,11465.623033034179,11555.523759386804,11341.003758400637,11372.523607949188,12335.538121739217,12518.817821627437,11966.234257708758,12192.861099062351,10387.52086595772,10387.52086595772,10360.290741912087,10360.290741912087,10562.481096185857,10562.481096185857,10509.51848458008,10509.51848458008,10757.884752470136,10757.884752470136,10695.284765606677,10695.284765606677,10463.265946233014,11301.10142857647,12440.952545477758
2023-09-11,10640.663562167114,10661.51314519057,10535.490690383103,10539.888121783837,11461.838798142537,11547.784470472456,11337.082032481536,11364.620004083528,12326.001245883477,12498.845560275557,11956.716173233286,12172.996953669815,10387.52086595772,10387.52086595772,10360.290741912087,10360.290741912087,10562.365050514538,10562.365050514538,10509.306368584748,10509.306368584748,10755.7431348676,10755.7431348676,10693.054464557075,10693.054464557075,10460.640810137353,11297.385172533786,12431.321655349358
2023-09-12,10649.11178846135,10670.049947831845,10539.696337915357,10548.336250003353,11471.659366376593,11567.569462341824,11346.748599814067,11383.966678941179,12344.452148255232,12536.320946730144,11974.610812854673,12209.454467147858,10387.52086595772,10387.52086595772,10360.290741912087,10360.290741912087,10562.973673058841,10562.973673058841,10509.860742568904,10509.860742568904,10756.282838331343,10756.282838331343,10693.591139381851,10693.591139381851,10468.93669434561,11307.063342643534,12449.927918398422
2023-09-13,10663.878797451429,10684.836671257508,10546.92029190089,10562.99981774927,11488.477587828145,11601.575548023986,11363.35148993144,11417.191437084424,12372.61413840299,12592.918775210319,12001.938780623355,12264.506923549287,10387.52086595772,10387.52086595772,10360.290741912087,10360.290741912087,10562.938319039642,10562.938319039642,10509.773509784107,10509.773509784107,10756.552119345104,10756.552119345104,10693.858909278812,10693.858909278812,10483.448638272886,11323.62492366192,12478.35588346888
2023-09-14,10687.143409656948,10708.231225811309,10558.468683048315,10586.154597368224,11515.472475955845,11653.297773460816,11389.694556755469,11467.81034890372,12417.638263377068,12676.760373915802,12045.269606151294,12345.917138331166,10387.52086595772,10387.52086595772,10360.290741912087,10360.290741912087,10562.938319039642,10562.938319039642,10509.773509784107,10509.773509784107,10757.07128918566,10757.07128918566,10694.375165708365,10694.375165708365,10506.510009979238,11349.997026743327,12523.60907074517
2023-09-15,10734.537496934776,10755.858135503493,10601.725081570332,10633.54072685615,11571.346713725912,11755.245604237894,11444.170020838701,11568.003306490791,12508.611064503837,12834.192408171662,12132.684059221747,12499.045630521647,10387.52086595772,10387.52086595772,10360.290741912087,10360.290741912087,10562.938319039642,10562.938319039642,10509.773509784107,10509.773509784107,10757.141124124917,10757.141124124917,10694.348853344081,10694.348853344081,10553.701218550274,11404.511125550607,12614.841970728321
2023-09-16,10744.806035933394,10766.143307362028,10610.663543353456,10643.791331053468,11580.53811153346,11769.31882961414,11454.031289008633,11581.774305749612,12524.966782067278,12854.273517349164,12148.362057162407,12518.581698345264,10387.52086595772,10387.52086595772,10360.290741912087,10360.290741912087,10562.938319039642,10562.938319039642,10509.773509784107,10509.773509784107,10757.057437131481,10757.057437131481,10694.265166350646,10694.265166350646,10563.97170805212,11414.399005651823,12631.191350159022
2023-09-17,10714.653901231068,10735.977245515442,10578.027267853315,10613.65512891299,11542.649007848131,11706.663910442923,11419.03981740044,11520.247072980701,12466.812243096914,12755.949765565289,12091.652332661473,12421.975308260877,10387.52086595772,10387.52086595772,10360.290741912087,10360.290741912087,10562.938319039642,10562.938319039642,10509.773509784107,10509.773509784107,10756.990609964761,10756.990609964761,10694.198339183926,10694.198339183926,10535.020317027329,11379.488231256624,12572.884154464544
2023-09-18,10740.82590064918,10762.768412022471,10605.472371716127,10639.842443292924,11572.825007197904,11765.743296286826,11448.902877337589,11578.168596954894,12517.934840873706,12854.039997715154,12141.17474165796,12517.578717390206,10387.52086595772,10387.52086595772,10360.290741912087,10360.290741912087,10562.938319039642,10562.938319039642,10509.773509784107,10509.773509784107,10757.465564458415,10757.465564458415,10694.673293677579,10694.673293677579,10560.873649276256,11409.357085604326,12624.338812629887
2023-09-19,10781.093756117525,10804.19960306666,10647.122608474636,10680.165343378541,11622.079229637924,11863.515587343672,11497.605014168852,11673.748640097374,12599.82588189028,13009.808986433014,12220.486528078904,12669.596054140127,10387.52086595772,10387.52086595772,10360.290741912087,10360.290741912087,10569.25502950433,10569.25502950433,10515.907006802538,10515.907006802538,10764.790447516678,10764.790447516678,10701.806846917012,10701.806846917012,10600.76707606418,11458.197380045776,12706.651910221435
2023-09-20,10774.033525736524,10797.012057314034,10640.693208902607,10673.080993226868,11614.272136971336,11850.453881285459,11489.52415527557,11660.666761573068,12590.026194302522,12996.809952571222,12211.0039680852,12656.44282865989,10387.52086595772,10387.52086595772,10360.290741912087,10360.290741912087,10570.621938103332,10570.621938103332,10517.266786803895,10517.266786803895,10768.857301521171,10768.857301521171,10705.586946943686,10705.586946943686,10593.849127835176,11450.26746643158,12697.003387152965
2023-09-21,10757.176458725384,10780.014512407548,10625.016728166249,10656.192878204401,11587.833054289462,11799.338127689703,11463.296175437134,11609.330740180787,12538.08455044794,12911.872887070373,12160.122202306111,12573.424246562878,10387.52086595772,10387.52086595772,10360.290741912087,10360.290741912087,10559.32603442236,10559.32603442236,10505.549849473462,10505.549849473462,10752.070362719222,10752.070362719222,10688.778745789838,10688.778745789838,10577.158043990785,11424.519012956214,12644.28980549514
2023-09-22,10756.066077965255,10778.831053841106,10624.33572257833,10655.071861702008,11587.965189992108,11801.09124793065,11463.263868940983,11611.103606686374,12545.17563904991,12926.025067738296,12167.16821382809,12587.213252029476,10387.52086595772,10387.52086595772,10360.290741912087,10360.290741912087,10561.098799304407,10561.098799304407,10507.313544906541,10507.313544906541,10760.654104345398,10760.654104345398,10697.311401199835,10697.311401199835,10576.109391858101,11424.476646553487,12651.616272065578
2023-09-23,10755.143053910093,10777.890984151401,10623.396762364995,10654.149822177973,11585.971311839452,11797.337859809371,11461.24164179083,11607.430636367057,12547.87596550025,12931.406486030435,12169.842043661427,12592.479768923538,10387.52086595772,10387.52086595772,10360.290741912087,10360.290741912087,10559.584869703394,10559.584869703394,10505.807171910506,10505.807171910506,10764.481932230703,10764.481932230703,10701.116135498827,10701.116135498827,10575.20875919192,11422.462571879134,12654.388821388135
2023-09-24,10750.589523536297,10773.287481582105,10618.8337563888,10649.485568882472,11578.542191127131,11783.510137495947,11453.594715540165,11593.464901786327,12527.947095138046,12900.318311934683,12150.339754840801,12561.828987803945,10387.52086595772,10387.52086595772,10360.290741912087,10360.290741912087,10558.589156593263,10558.589156593263,10504.624090188194,10504.624090188194,10756.407938517652,10756.407938517652,10693.090324932871,10693.090324932871,10570.727484427505,11415.080752641587,12634.346201050614
2023-09-25,10756.526355266327,10779.271886982242,10625.182966156568,10655.382787646746,11591.899458482225,11808.727439698803,11466.690452272926,11617.922871738669,12552.639993071562,12936.718983268931,12174.092742293882,12597.049272349093,10387.52086595772,10387.52086595772,10360.290741912087,10360.290741912087,10568.707608486664,10568.707608486664,10514.430170420103,10514.430170420103,10769.395460479458,10769.395460479458,10705.898880465307,10705.898880465307,10576.555850840788,11428.317532864716,12659.180330389827
2023-09-26,10771.908841519178,10794.67232203923,10639.211934142106,10670.83742481537,11607.143396636371,11833.164154023852,11480.825117264038,11642.606710505626,12572.709106363123,12973.837065088846,12194.540349181594,12633.485711475,10387.52086595772,10387.52086595772,10360.290741912087,10360.290741912087,10566.006594447595,10566.006594447595,10511.742600950665,10511.742600950665,10763.667982147414,10763.667982147414,10700.202959541755,10700.202959541755,10592.027862912168,11442.48335338175,12680.3015802242
2023-09-27,10792.156121459015,10814.908216586451,10658.766297745919,10690.97585584862,11633.138882015168,11878.813839376737,11504.980777266146,11687.95451830034,12613.659422699655,13042.824283482301,12235.229609588081,12700.449969808586,10387.52086595772,10387.52086595772,10360.290741912087,10360.290741912087,10571.697359639613,10571.697359639613,10517.40503978533,10517.40503978533,10770.133773890042,10770.133773890042,10706.63055622506,10706.63055622506,10612.383301641636,11466.908098910475,12722.826774567582
2023-09-28,10790.026321500229,10812.782118626355,10656.740886354275,10688.620313092406,11632.673464678377,11878.653457926803,11503.943571194293,11686.96114153305,12611.253022758738,13038.926906452338,12232.607923435562,12695.756754914655,10387.52086595772,10387.52086595772,10360.290741912087,10360.290741912087,10575.033252648744,10575.033252648744,10520.72432805076,10520.72432805076,10773.818153989121,10773.818153989121,10710.076676726318,10710.076676726318,10610.228448322794,11466.213718419778,12720.618721505843
2023-09-29,10788.836094208691,10811.586811632058,10655.527743091785,10687.401759354794,11638.994036909091,11890.603288182127,11510.172579922173,11698.637034592732,12622.791273573685,13057.020333459428,12243.723922827683,12713.248420277774,10387.52086595772,10387.52086595772,10360.290741912087,10360.290741912087,10577.75778679575,10577.75778679575,10523.435300554424,10523.435300554424,10776.995647023685,10776.995647023685,10713.235183460203,10713.235183460203,10609.07189172967,11472.49247926423,12732.258479688673
2023-09-30,10786.976839546764,10809.729151873971,10653.616053153459,10685.459792714744,11635.46847966392,11883.205541239362,11506.517531512667,11691.138400849095,12620.495407509326,13051.52882088996,12240.917094713703,12707.151196523319,10387.52086595772,10387.52086595772,10360.290741912087,10360.290741912087,10577.590591249937,10577.590591249937,10523.110315706734,10523.110315706734,10780.20636345458,10780.20636345458,10716.246139835586,10716.246139835586,10607.265161035059,11469.023725792946,12729.903583401283
2023-10-01,10809.241779995838,10832.017484017068,10675.571437556411,10707.521248340823,11656.91762406587,11925.172442645133,11527.559927353721,11732.046534672869,12685.448140937082,13151.443719527038,12303.51847504116,12803.742219762724,10387.52086595772,10387.52086595772,10360.290741912087,10360.290741912087,10573.66849735513,10573.66849735513,10518.98562318346,10518.98562318346,10800.336551843218,10800.336551843218,10735.893827566884,10735.893827566884,10629.212029984164,11490.240552071356,12795.422573662767
2023-10-02,10801.786601829996,10824.54510375579,10667.966191183976,10699.897279061764,11643.833973523915,11904.346300333471,11514.23293966231,11710.97433748571,12643.383652910205,13094.5134908561,12262.04167229316,12748.034976955729,10384.205140768758,10384.205140768758,10356.837042619904,10356.837042619904,10568.022580844372,10568.022580844372,10512.912602692168,10512.912602692168,10775.472171157227,10775.472171157227,10710.800850570644,10710.800850570644,10621.84903574724,11477.309808480992,12753.072256477799
2023-10-03,10786.61657787799,10809.353537650388,10652.9033752418,10684.812920966186,11617.129044153586,11856.379662810456,11487.754054515028,11663.59677362957,12597.275700318767,13025.144828964681,12216.936163115,12679.878984152178,10377.206639028022,10377.206639028022,10349.721732563848,10349.721732563848,10556.612480069223,10556.612480069223,10501.361068083845,10501.361068083845,10761.396817179006,10761.396817179006,10696.12745720642,10696.12745720642,10606.831370221687,11450.8642673596,12706.658048957932
2023-10-04,10774.318309347496,10797.030778604052,10640.594208895156,10672.479034016393,11603.753698379733,11835.885893216735,11473.958391953938,11642.096799287856,12575.397496824819,12996.689982202231,12195.53041187503,12651.481365364456,10374.094394087715,10374.094394087715,10346.499436556227,10346.499436556227,10553.259162334329,10553.259162334329,10497.239243331725,10497.239243331725,10757.697343802221,10757.697343802221,10692.178895759504,10692.178895759504,10594.7322679519,11437.676720967562,12684.56611352039
2023-10-05,10771.474789656126,10794.178793000205,10637.44574116368,10669.321873782508,11595.833979801024,11820.767761989544,11465.51983211787,11626.398349975263,12553.97710260493,12963.33753228311,12174.285053251948,12618.752822363158,10368.812049321687,10368.812049321687,10341.030870603607,10341.030870603607,10539.882675761086,10539.882675761086,10483.40025940663,10483.40025940663,10739.003429222459,10739.003429222459,10673.506266191896,10673.506266191896,10591.841359570462,11429.830629818312,12663.03799737637
2023-10-06,10791.124642298124,10813.84287134442,10657.02902051954,10688.919378840583,11617.953922839013,11861.632587136228,11487.577069401634,11666.55866311365,12597.40403296234,13030.845605613442,12216.259992656427,12684.09305276846,10376.881174919303,10376.881174919303,10349.08577049901,10349.08577049901,10554.512071312998,10554.512071312998,10497.980738947845,10497.980738947845,10757.351496128118,10757.351496128118,10691.779434429815,10691.779434429815,10611.405577985463,11451.86399016441,12706.613126421687
2023-10-07,10780.490346573923,10803.206410172013,10645.97257261569,10677.860765488527,11610.082407556949,11847.654193278328,11479.235775591564,11651.692706745098,12582.332261638243,13008.436238181599,12201.091249398127,12661.074697327434,10376.006039237447,10376.006039237447,10348.017532725935,10348.017532725935,10553.483119594734,10553.483119594734,10496.734065780203,10496.734065780203,10754.22563279483,10754.22563279483,10688.456884724306,10688.456884724306,10600.820725541067,11444.037227018864,12691.468385865452
2023-10-08,10778.206774768878,10800.909742871192,10643.514428545092,10675.401188326432,11606.244987635228,11840.44456885982,11475.139172649144,11644.110095070973,12577.300802137193,13000.668100874786,12195.8096727682,12652.973459678633,10375.558914690007,10375.558914690007,10347.571841269993,10347.571841269993,10550.19556918799,10550.19556918799,10493.23638835435,10493.23638835435,10749.557619388688,10749.557619388688,10683.813431294779,10683.813431294779,10598.569289480749,11440.247773868225,12686.3890660361
2023-10-09,10771.019583137848,10793.745703832434,10636.371412508284,10668.235729560793,11591.827012920918,11815.088851342709,11460.520293276193,11618.913350540706,12538.806624914558,12944.835769115145,12157.592390133,12597.483652807732,10368.556783294423,10368.556783294423,10340.592152603242,10340.592152603242,10534.576011286448,10534.576011286448,10477.462584504758,10477.462584504758,10727.449101019765,10727.449101019765,10661.222231375254,10661.222231375254,10591.40312085167,11426.04565447226,12647.55419349838
2023-10-10,10756.758045806491,10779.424542970954,10621.683149476892,10653.546720930595,11576.649059056143,11785.521738004612,11445.273391453606,11589.528283750742,12508.051727223663,12895.005737289079,12127.028066729925,12548.153151384013,10366.875886596017,10366.875886596017,10338.581144522079,10338.581144522079,10532.396031466471,10532.396031466471,10475.211615811524,10475.211615811524,10725.064055779705,10725.064055779705,10658.579159517047,10658.579159517047,10577.317225179839,11411.046872784007,12616.566203454651
2023-10-11,10753.804088311514,10776.443779776393,10618.472103578415,10650.33417808422,11570.11220940515,11772.130422477825,11438.643417393945,11576.476568481121,12492.73333703282,12869.104457800358,12112.198520975655,12522.861464547208,10366.673622435956,10366.673622435956,10338.18735501384,10338.18735501384,10526.384280808536,10526.384280808536,10469.149324717257,10469.149324717257,10719.038716573676,10719.038716573676,10652.50432514762,10652.50432514762,10574.395744956335,11404.55968990931,12601.117694457751
2023-10-12,10742.462346418131,10765.086116897846,10607.217988354114,10639.072833031794,11556.54210414901,11745.661933447369,11424.88621679164,11549.688656732436,12471.61128081754,12833.93209844521,12091.449246504824,12488.07550510368,10366.673622435956,10366.673622435956,10338.18735501384,10338.18735501384,10520.20650549619,10520.20650549619,10462.644266153788,10462.644266153788,10712.030224723894,10712.030224723894,10645.29963244228,10645.29963244228,10563.231225359472,11391.135450460479,12579.874337352392
2023-10-13,10747.105522268545,10769.728899754526,10611.619735291939,10643.48725864943,11561.375549415974,11755.241791083816,11429.444690815826,11558.680647955196,12480.681650814086,12852.151244116834,12099.818682331128,12505.130769656473,10366.673622435956,10366.673622435956,10338.18735501384,10338.18735501384,10520.20650549619,10520.20650549619,10462.644266153788,10462.644266153788,10712.758358543173,10712.758358543173,10646.027766261559,10646.027766261559,10567.818858095054,11395.929287994468,12589.006288331828
2023-10-14,10751.111044382686,10773.718048012379,10615.479026412037,10647.340992735662,11564.012815831116,11759.477421923966,11431.997460576547,11562.800049979107,12485.041172598494,12862.01956382634,12103.653624576027,12514.382232510836,10366.673622435956,10366.673622435956,10338.18735501384,10338.18735501384,10520.20650549619,10520.20650549619,10462.644266153788,10462.644266153788,10712.654889669384,10712.654889669384,10645.92429738777,10645.92429738777,10571.829024213566,11398.601852001428,12593.303578666173
2023-10-15,10759.357425381646,10781.981515375,10623.725227125384,10655.588242171263,11573.8684583647,11778.088905593677,11441.832475294752,11581.32646457214,12501.866220882981,12896.109824409896,12119.823300531294,12547.700854566056,10366.673622435956,10366.673622435956,10338.18735501384,10338.18735501384,10520.20650549619,10520.20650549619,10462.644266153788,10462.644266153788,10714.769983779548,10714.769983779548,10648.039391497934,10648.039391497934,10580.075863979879,11408.436825244307,12610.163542564118
2023-10-16,10766.587303786277,10789.191976881983,10630.863168542732,10662.741737672066,11586.417736567459,11803.180670880523,11454.266592879467,11606.089719968213,12532.169455980451,12953.786914505165,12149.433977229679,12604.32329977159,10366.673622435956,10366.673622435956,10338.18735501384,10338.18735501384,10520.20650549619,10520.20650549619,10462.644266153788,10462.644266153788,10724.176138258708,10724.176138258708,10657.445545977094,10657.445545977094,10587.19352912377,11420.834937355097,12640.600889570002
2023-10-17,10760.37514595777,10782.973323577693,10624.246082469002,10656.118415872908,11574.729423437266,11779.985947526888,11442.371423534794,11582.51988938638,12506.738743128262,12909.916678220488,12124.577033281352,12561.415899880029,10366.01032041775,10366.01032041775,10337.38151467201,10337.38151467201,10519.012561863421,10519.012561863421,10461.193753538495,10461.193753538495,10723.181241792601,10723.181241792601,10656.393634181539,10656.393634181539,10581.011273172378,11409.251019032736,12614.94840635237
2023-10-18,10759.714539575802,10782.30798465317,10623.619645703304,10655.481993112906,11569.962719226596,11769.716682361797,11437.63031071435,11572.398361647043,12500.112411813565,12898.832410299125,12117.845235676812,12550.183475785729,10365.64045709425,10365.64045709425,10337.01165134851,10337.01165134851,10518.346807881118,10518.346807881118,10460.527999556192,10460.527999556192,10722.515487810299,10722.515487810299,10655.727880199236,10655.727880199236,10580.394822400978,11404.558972380144,12608.24731719187
2023-10-19,10769.57767457195,10792.183505207695,10633.226311385442,10665.113101551957,11582.545318552837,11795.646556145173,11449.977090113485,11597.76281635831,12521.924481743035,12933.29691011386,12138.86684331762,12583.147897960256,10367.607372721131,10367.607372721131,10338.978566975391,10338.978566975391,10521.887256009502,10521.887256009502,10464.068447684576,10464.068447684576,10726.055935938683,10726.055935938683,10659.26832832762,10659.26832832762,10590.145903234617,11417.023259185353,12630.199858161865
2023-10-20,10793.244080987848,10815.859832977443,10656.823268324377,10688.729901198594,11614.959626980972,11857.743554025443,11482.209478231844,11659.47215345727,12575.219847663613,13019.2837956796,12187.805547917713,12665.877346951736,10372.394540469082,10372.394540469082,10343.765734723342,10343.765734723342,10530.50415795581,10530.50415795581,10472.685349630883,10472.685349630883,10733.507569742298,10733.507569742298,10666.613797978247,10666.613797978247,10613.723017465843,11449.270596947339,12683.677048716741
2023-10-21,10806.547321400843,10829.187638093952,10669.954555812756,10701.910318094006,11630.746759132793,11888.695440025711,11497.829329761727,11689.91920097427,12625.665050440577,13094.39802943695,12235.841379629577,12738.387354417171,10373.59376595668,10373.59376595668,10344.96496021094,10344.96496021094,10532.29868363714,10532.29868363714,10474.312884763161,10474.312884763161,10757.377786670055,10757.377786670055,10689.947406184468,10689.947406184468,10626.80517554719,11464.860751041671,12734.525053041756
2023-10-22,10831.534367925427,10854.23601469397,10694.260931661394,10726.288394716414,11658.046866937799,11931.445521888778,11524.52769942407,11731.449255576583,12686.547162571622,13175.02687134271,12294.483789633192,12816.166310721052,10398.94258712276,10398.94258712276,10369.908910339454,10369.908910339454,10574.291602303987,10574.291602303987,10515.620887545116,10515.620887545116,10815.134816117577,10815.134816117577,10747.004913761768,10747.004913761768,10651.36631218311,11491.772716212103,12795.932136479369
2023-10-23,10892.389283552251,10915.16151621996,10754.65708316221,10786.810012607488,11755.420378273679,12099.006485427864,11621.079733097504,11897.341247248445,12879.800316563154,13440.111323749412,12469.547949699865,13072.243968838033,10406.885597257398,10406.885597257398,10377.828362361979,10377.828362361979,10625.444425375896,10625.444425375896,10566.413179249399,10566.413179249399,10894.825469379923,10894.825469379923,10826.26988374009,10826.26988374009,10711.625218237607,11588.540493066841,12990.024156130694
2023-10-24,10887.518669656547,10910.262752461145,10748.842887706494,10780.947525460911,11743.990862326169,12084.130147533464,11609.512455053153,11882.160585429356,12853.853043732162,13412.769208682947,12443.821207300332,13044.410978381671,10408.297369895898,10408.297369895898,10379.020933765978,10379.020933765978,10616.453609106546,10616.453609106546,10556.885532178561,10556.885532178561,10874.278317089882,10874.278317089882,10805.393272015597,10805.393272015597,10706.18383283837,11577.386510959046,12963.782220919855
2023-10-25,10954.30380086192,10977.090891746375,10814.718168298266,10846.902271858393,11807.829327235242,12170.343896708238,11672.782765943894,11967.512380200265,12998.381054044181,13573.028275204135,12582.865265256414,13202.311914706157,10422.898271606347,10422.898271606347,10393.54848443735,10393.54848443735,10629.158032701485,10629.158032701485,10569.185894418797,10569.185894418797,10889.294324861423,10889.294324861423,10820.28033503655,10820.28033503655,10772.01318293225,11641.015499444664,13108.915428689574
2023-10-26,10953.547320451553,10976.333660811086,10814.275485249316,10846.459390930604,11799.921277608486,12158.943299903196,11664.922784721799,11956.293163735088,12994.797790869197,13568.830635967153,12578.939270361985,13197.889818341233,10418.438756072346,10418.438756072346,10389.09418158735,10389.09418158735,10611.036906025702,10611.036906025702,10551.138666629675,10551.138666629675,10862.646250229975,10862.646250229975,10793.527906711877,10793.527906711877,10771.608806757165,11633.222289470501,13105.498020854175
2023-10-27,10942.785561165085,10965.569044841617,10803.804868943847,10835.980544049135,11784.480168222102,12136.039930792425,11649.167027592739,11932.932136219619,12934.535178832477,13507.525016844573,12525.432229010577,13140.780335940215,10420.502821212345,10420.502821212345,10391.14817788735,10391.14817788735,10604.818063102663,10604.818063102663,10544.657856469043,10544.657856469043,10850.234192744367,10850.234192744367,10780.852282846085,10780.852282846085,10761.141386607696,11617.845297044667,13050.039254862824
2023-10-28,10937.828395296192,10960.602543081724,10798.729722271954,10830.889389153243,11782.792370142914,12135.008643136549,11647.223793143134,11931.036155041238,12938.176548498943,13512.236942222584,12528.608222849674,13145.265005666908,10417.593705200345,10417.593705200345,10388.24971610735,10388.24971610735,10599.907112096667,10599.907112096667,10539.515083551536,10539.515083551536,10851.146064024879,10851.146064024879,10781.704904746304,10781.704904746304,10756.0875752758,11616.186886959977,13053.304220124794
2023-10-29,10947.28191281955,10970.071220113387,10807.604091633038,10839.794088507548,11787.617222683657,12144.04503359994,11651.97805443999,11939.116064976146,12956.132990518774,13530.575778711082,12544.844264049349,13163.163315551667,10422.611248469166,10422.611248469166,10393.227246187409,10393.227246187409,10608.335679919537,10608.335679919537,10547.866303334575,10547.866303334575,10867.298759180963,10867.298759180963,10797.729305835222,10797.729305835222,10764.966013954327,11620.96518087726,13069.943649489063
2023-10-30,10976.301470774646,10999.114635098951,10836.507858755864,10868.74556969131,11845.993162021736,12224.921217567182,11709.854616473265,12019.057414165847,13064.559793933995,13642.744886757238,12649.81015160414,13273.186622660414,10423.871054659165,10423.871054659165,10394.483102178408,10394.483102178408,10610.35332861454,10610.35332861454,10549.868151233577,10549.868151233577,10882.142627305397,10882.142627305397,10812.474855884322,10812.474855884322,10793.820750283217,11678.798972818066,13180.05882599188
2023-10-31,10993.346397042034,11016.196267634132,10853.400789555584,10885.711913026611,11867.057596152728,12251.370412049499,11730.23373012717,12044.088730109093,13099.937496851893,13678.705237835105,12682.999660344329,13307.41003450994,10426.629748679165,10426.629748679165,10397.237817214409,10397.237817214409,10625.576869992496,10625.576869992496,10564.7144467732,10564.7144467732,10898.711267793471,10898.711267793471,10828.633279723821,10828.633279723821,10810.650684506036,11699.574966836188,13214.322225625707
2023-11-01,11016.120535982844,11039.004670050173,10875.024810747424,10907.404461168917,11895.663151983075,12290.361925970325,11758.314742664987,12080.890954977502,13147.836030389897,13730.438878472254,12729.688266138464,13357.268651125192,10435.678888239163,10435.678888239163,10406.27826899641,10406.27826899641,10645.583767279497,10645.583767279497,10584.658932678203,10584.658932678203,10919.420339823599,10919.420339823599,10848.958697604003,10848.958697604003,10832.203282821401,11727.85515704234,13263.060223075696
2023-11-02,10994.31254690041,11017.17410549512,10852.965355777897,10885.308634012179,11856.731912372854,12238.74485499011,11724.217949064823,12031.72490839758,13073.39732165466,13650.837721365106,12659.160932869996,13279.180491074705,10424.047204725413,10424.047204725413,10394.665968278092,10394.665968278092,10624.444316348507,10624.444316348507,10563.607925722126,10563.607925722126,10888.986303180134,10888.986303180134,10818.672080180677,10818.672080180677,10810.245537070681,11689.294151079757,13189.601763766805
2023-11-03,11002.202355689586,11025.06534622042,10861.986691864966,10894.340494715498,11899.977672006773,12301.180580387936,11768.998097894391,12092.81667550804,13166.018241589767,13752.278141163317,12748.771653096775,13377.48664993667,10427.978855593912,10427.978855593912,10398.583980126401,10398.583980126401,10634.061888985865,10634.061888985865,10573.151560224425,10573.151560224425,10903.14419798505,10903.14419798505,10832.134673508255,10832.134673508255,10819.251802201436,11731.898125194866,13285.417323022706
2023-11-04,11017.762093427566,11040.6548057812,10877.01234462277,10909.395906922144,11919.525183624162,12327.791701287286,11788.610614125757,12119.06014565475,13206.752581773935,13794.944420750986,12787.802642465416,13418.377894422427,10430.738254490208,10430.738254490208,10401.310622533203,10401.310622533203,10640.336902864647,10640.336902864647,10579.364095261819,10579.364095261819,10912.24391600595,10912.24391600595,10840.560241809344,10840.560241809344,10834.290936666757,11751.235776715772,13327.261430260976
2023-11-05,11019.839784962584,11042.734241068598,10879.101729512335,10911.494246073276,11937.483776839204,12351.402512975505,11804.3349759268,12142.247484315185,13250.407604474138,13839.157631314034,12828.764143815504,13460.585750835175,10437.363823051723,10437.363823051723,10407.914559567153,10407.914559567153,10669.799426838732,10669.799426838732,10608.590285758895,10608.590285758895,10954.801738850018,10954.801738850018,10882.2771404308,10882.2771404308,10836.364156785567,11768.940932073641,13371.089712977688
2023-11-06,11041.621183330846,11064.540738470854,10900.72357865496,10933.148746397823,11976.12127347034,12399.660389266013,11838.244328214387,12189.331612123062,13362.013380539613,13952.832056555413,12932.582464028575,13571.17237176356,10444.85425729357,10444.85425729357,10415.382337365198,10415.382337365198,10683.008710109185,10683.008710109185,10621.104137467222,10621.104137467222,11010.510671457132,11010.510671457132,10937.285336416218,10937.285336416218,10857.945802598331,11807.158849079004,13481.137982862334
2023-11-07,11039.985850695273,11062.89423889085,10898.502120947667,10930.908795035732,11961.749187509045,12386.110821740587,11825.136910693207,12175.465037985716,13329.402279941887,13918.947038762743,12902.115352394518,13538.376579466012,10438.939901232452,10438.939901232452,10409.177360080857,10409.177360080857,10674.173779299823,10674.173779299823,10611.68963902382,10611.68963902382,10988.833444215019,10988.833444215019,10915.765291785072,10915.765291785072,10856.07848983523,11793.090101904165,13449.02761774784
2023-11-08,11053.43890486219,11076.350100652586,10911.703913177227,10944.1138306003,12002.932962213541,12437.043539989016,11860.1649887927,12225.480261053306,13385.451079284903,13981.65806123366,12958.054492213227,13598.609335579511,10440.97754936283,10440.97754936283,10411.213483120564,10411.213483120564,10707.120907984661,10707.120907984661,10644.463823387268,10644.463823387268,11022.588143465895,11022.588143465895,10948.664981281798,10948.664981281798,10869.306445757094,11833.892013877583,13509.310974424126
2023-11-09,11033.789621701884,11056.715023057091,10890.57183585984,10922.994959318872,11944.348578419618,12370.65767953091,11803.357522735869,12159.264261070444,13363.84686440961,13962.712951842626,12936.056884580481,13577.575418977298,10448.329281604978,10448.329281604978,10418.386278275222,10418.386278275222,10683.761241716598,10683.761241716598,10621.183685432105,10621.183685432105,11041.63933410259,11041.63933410259,10967.095647398079,10967.095647398079,10848.540372440519,11775.786268850263,13484.263483203347
2023-11-10,11070.380221879837,11093.437108328098,10925.925039985368,10958.479648537457,11981.61623784198,12415.445152623884,11842.982813556633,12202.25705946607,13459.220186365974,14064.134545160958,13027.839353169087,13675.997642528519,10447.10860207382,10447.10860207382,10416.970496050104,10416.970496050104,10692.38784530053,10692.38784530053,10629.335367475482,10629.335367475482,11050.813324822471,11050.813324822471,10976.181359122053,10976.181359122053,10884.055168504037,11812.541817419975,13580.33339330091
2023-11-11,11072.954088195835,11096.027227610746,10928.621079409153,10961.191940927889,11970.173969654335,12404.215061598063,11831.522100145037,12190.797248860354,13443.172590224938,14049.06801270623,13012.270760776846,13661.262899760606,10442.865871887805,10442.865871887805,10412.753477393473,10412.753477393473,10696.470429960724,10696.470429960724,10633.376323425466,10633.376323425466,11055.219667758789,11055.219667758789,10980.53645331393,10980.53645331393,10886.751046456327,11801.226482117328,13564.168411995099
2023-11-12,11066.843074505412,11089.906127903265,10922.636758868382,10955.196969433506,12015.296343959637,12451.2818364989,11875.87112575114,12235.019613606533,13495.742562441143,14101.5548627619,13061.428769827407,13712.538689633426,10441.067414194189,10441.067414194189,10410.964499785126,10410.964499785126,10688.137471458795,10688.137471458795,10625.085159838085,10625.085159838085,11046.687709323198,11046.687709323198,10972.05090619707,10972.05090619707,10880.825292104944,11846.05942426777,13616.91139454504
2023-11-13,11039.38020778807,11062.409881712741,10896.097451165533,10928.57722447893,11936.708665241507,12368.752636301426,11799.217734942975,12155.969036466571,13353.111185865171,13951.187343078303,12924.478231412691,13564.84061518892,10437.5680871159,10437.5680871159,10407.457681122463,10407.457681122463,10662.776795054097,10662.776795054097,10599.83382000515,10599.83382000515,11020.6911163602,11020.6911163602,10946.180339542425,10946.180339542425,10854.328562027496,11768.011113820388,13473.467235300568
2023-11-14,11038.926509884554,11061.96824527226,10896.16917499927,10928.716784028338,11947.450726818352,12376.32501649767,11807.070200625485,12164.053136653656,13339.963723191666,13939.355468710104,12912.388354630852,13552.003242731644,10422.221130051039,10422.221130051039,10392.186666502066,10392.186666502066,10636.990916617036,10636.990916617036,10573.959921380152,10573.959921380152,10994.747579276387,10994.747579276387,10920.143473431484,10920.143473431484,10851.807697287208,11772.447332223011,13453.753316478167
2023-11-15,11087.104135547292,11110.146338672457,10943.299327082692,10975.93388223775,12073.122842644882,12496.049000528346,11920.193259667303,12286.102644533194,13504.534911607143,14121.106237146367,13081.061631388882,13719.779072437748,10421.697660222628,10421.697660222628,10391.191084044307,10391.191084044307,10679.556265653038,10679.556265653038,10616.446684449153,10616.446684449153,11037.470100246388,11037.470100246388,10962.787408434484,10962.787408434484,10889.808351213207,11882.982017625018,13616.397309709866
2023-11-16,11052.031020494509,11075.046433255486,10908.221686439592,10940.74131620285,12011.937158818428,12429.80306186162,11857.068444405952,12220.16149863829,13391.93624607426,14001.014422142043,12969.142884097435,13603.344400355689,10409.393726955197,10409.393726955197,10380.417372044618,10380.417372044618,10658.447999226757,10658.447999226757,10594.955872454873,10594.955872454873,10998.207940173008,10998.207940173008,10923.623026151105,10923.623026151105,10859.25112451467,11822.256109242022,13503.730752716314
2023-11-17,11054.64900783324,11077.659034928638,10910.832883394374,10943.343703410372,12001.810985883356,12418.903661946331,11846.650429989653,12209.529770550087,13375.507301916274,13984.16904616774,12953.154610005635,13586.512224635413,10412.4390573552,10412.4390573552,10383.027655244618,10383.027655244618,10663.668565626756,10663.668565626756,10600.176438854873,10600.176438854873,11003.141864593006,11003.141864593006,10928.558459213104,10928.558459213104,10862.235833795019,11816.649908116739,13493.001607303417
2023-11-18,11043.781191439102,11066.765959000777,10899.793930984688,10932.272276161828,11987.236127176047,12403.90044594461,11831.414278080752,12193.776272492662,13358.034320025086,13965.897694031593,12935.82453100966,13568.290399619073,10412.0751513652,10412.0751513652,10382.715735824619,10382.715735824619,10662.990131210592,10662.990131210592,10599.213789649422,10599.213789649422,11002.647594630502,11002.647594630502,10927.988327528083,10927.988327528083,10851.578399858556,11802.429584239953,13475.563151653228
2023-11-19,11057.671118931103,11080.656510108778,10913.630420074687,10946.109544771827,12021.456513727051,12437.347648505107,11864.948775765752,12227.824334373661,13416.69491811345,14027.935025765984,12992.907061268352,13629.928256001136,10417.5633314752,10417.5633314752,10387.41989020462,10387.41989020462,10679.505872248594,10679.505872248594,10615.680849644423,10615.680849644423,11019.455421926503,11019.455421926503,10944.747473781084,10944.747473781084,10865.688688543556,11835.318058626775,13538.042224490888
2023-11-20,11036.338416756824,11059.31263979138,10892.449429281569,10924.91459379981,11977.572796860253,12393.627445620205,11822.128864466242,12182.07354347011,13358.28925212424,13965.816361471017,12935.463990378974,13570.601137037478,10418.0910422952,10418.0910422952,10387.872213764622,10387.872213764622,10680.085933353019,10680.085933353019,10615.971547544672,10615.971547544672,11021.780701326503,11021.780701326503,10947.063406916084,10947.063406916084,10844.033457769678,11794.39267534828,13477.513118766605
2023-11-21,10994.325487609762,11017.275689855964,10848.14348654912,10880.571704997536,11891.415192165996,12303.469347968563,11730.761826717297,12087.13042635527,13216.112376048733,13815.517371037826,12791.910153919502,13420.113078692732,10405.9338708352,10405.9338708352,10377.451781084621,10377.451781084621,10646.449432328667,10646.449432328667,10582.051696767272,10582.051696767272,10987.324174070502,10987.324174070502,10912.696456383084,10912.696456383084,10802.376828082148,11709.992149482976,13331.386062051197
2023-11-22,11027.11030931519,11050.060195889155,10880.700582014559,10913.186612898136,11977.11663270582,12393.932870838276,11783.715458638937,12174.439470159767,13362.47787537922,13966.336809448416,12934.015015131426,13568.825345565647,10417.5936231352,10417.5936231352,10387.44585448462,10387.44585448462,10661.02495504182,10661.02495504182,10596.249610299872,10596.249610299872,11019.289097809882,11019.289097809882,10942.789571488163,10942.789571488163,10835.0498932784,11796.485291323197,13476.012476381438
2023-11-23,11023.929163707362,11046.879050281326,10877.306746086078,10909.776401556735,11961.293667260723,12377.144365195278,11773.347959062223,12157.642133491527,13335.213715940217,13938.052565586411,12907.68037085743,13541.189178351651,10416.380259966822,10416.380259966822,10386.1955124631,10386.1955124631,10659.357648334479,10659.357648334479,10594.313379044432,10594.313379044432,11017.765805365883,11017.765805365883,10941.396603094163,10941.396603094163,10831.89736756053,11780.778958810053,13449.093015174438
2023-11-24,11027.988140139412,11050.936261736526,10881.123017148875,10913.611531534134,11973.73713673207,12390.250057326655,11781.102767766824,12170.043772557827,13361.928519058243,13966.354482722698,12933.597809455649,13568.13563499313,10420.63269884582,10420.63269884582,10390.0471396621,10390.0471396621,10665.340492921478,10665.340492921478,10600.278362432431,10600.278362432431,11023.899404846885,11023.899404846885,10947.129390895161,10947.129390895161,10835.92314571283,11793.19172042658,13476.20487100315
2023-11-25,11033.38741312441,11056.343518891525,10886.449303363876,10918.966326964133,11982.381801815967,12399.889274570205,11786.86569371012,12179.379209174924,13388.686354721242,13994.740166298698,12960.096601217645,13595.32107808513,10421.06355342782,10421.06355342782,10390.429006134102,10390.429006134102,10665.925777627479,10665.925777627479,10600.862561486432,10600.862561486432,11024.518478534885,11024.518478534885,10947.69947647316,10947.69947647316,10841.241447757831,11802.219819969097,13503.326992018152
2023-11-26,11025.342968698411,11048.292056205526,10878.501074679876,10910.977008669135,11971.224511443543,12388.001815759057,11779.407862852257,12167.394138516265,13367.235893000478,13971.987455977243,12938.559993831903,13573.01314161408,10416.93982961682,10416.93982961682,10386.6453123331,10386.6453123331,10660.00270102448,10660.00270102448,10594.961009744433,10594.961009744433,11018.556719975884,11018.556719975884,10942.07774792416,10942.07774792416,10833.300237333833,11790.844857345515,13481.714026615302
2023-11-27,11014.528219893411,11037.467591210525,10867.846833374877,10900.252229804135,11949.934383475544,12365.101885325059,11765.321048061258,12144.792106483263,13320.678521025693,13922.75730871015,12892.569027168513,13525.665759511989,10412.59950415582,10412.59950415582,10382.519818242097,10382.519818242097,10653.41174609148,10653.41174609148,10588.405073402433,10588.405073402433,11012.241193946884,11012.241193946884,10935.977053265162,10935.977053265162,10822.655712218833,11769.154576676518,13434.64696314937
2023-11-28,11019.978468907559,11042.9109280321,10872.853422029402,10905.27625348029,11962.69129043173,12379.358284030459,11773.720951268635,12158.544528924653,13351.627988517272,13955.497843735222,12922.587425308828,13556.815754268437,10416.385296487115,10416.385296487115,10385.574870898266,10385.574870898266,10658.214847137182,10658.214847137182,10592.942965757673,10592.942965757673,11017.642142154093,11017.642142154093,10940.570271922992,10940.570271922992,10828.100659664198,11782.587686999545,13465.295791478839
2023-11-29,11027.357375067168,11050.289660783128,10880.062973381759,10912.496598986885,11967.378124499002,12384.69115583273,11776.928731476135,12163.383087390255,13350.273864590774,13954.357776230852,12921.140672113328,13555.194430872436,10416.480891287114,10416.480891287114,10385.656809298267,10385.656809298267,10658.337754737182,10658.337754737182,10593.065873357673,10593.065873357673,11017.778706154093,11017.778706154093,10940.693179522992,10940.693179522992,10835.458453295016,11787.260214666943,13463.444972475092
2023-11-30,11028.335283735167,11051.267569451127,10881.041537993759,10913.474835626885,11966.418000460963,12383.697349383037,11776.376046483236,12162.359525145586,13349.637727702722,13953.821997955465,12920.210565495814,13554.063435324022,10415.559333167113,10415.559333167113,10384.866902338266,10384.866902338266,10657.152894297182,10657.152894297182,10591.881012917673,10591.881012917673,11016.462194554095,11016.462194554095,10939.508319082992,10939.508319082992,10836.437017907016,11786.251301279875,13462.793401312814
2023-12-01,11036.685112578163,11059.617398294124,10889.382902690753,10921.82043239688,11988.45507737323,12406.231270475086,11790.658890430035,12184.726140725068,13372.315570766965,13978.225624413779,12942.355840052513,13577.475785072267,10422.082527677112,10422.082527677112,10390.458211918267,10390.458211918267,10665.539858667182,10665.539858667182,10600.267977287673,10600.267977287673,11025.781043854095,11025.781043854095,10947.895283452992,10947.895283452992,10844.77838260401,11808.257593690538,13485.44332734908
2023-12-02,11056.127328023142,11079.059613739102,10908.286064484799,10940.836330941305,12041.505389038397,12462.621282758806,11826.742605745674,12239.09497182788,13452.666719266557,14062.636928505548,13019.5335961482,13658.48077890028,10435.32026656482,10435.32026656482,10402.639888882682,10402.639888882682,10685.309724797684,10685.309724797684,10619.609092491939,10619.609092491939,11046.770776169176,11046.770776169176,10967.678577867317,10967.678577867317,10863.990947437751,11861.194271695142,13565.286742074904
2023-12-03,11060.459171881603,11083.383884491535,10912.527613733804,10945.106401245152,12043.861417628776,12464.59610815413,11825.988778649269,12240.782373839878,13448.603576297624,14058.40762934918,13015.514225035253,13654.590581850987,10441.890636742823,10441.890636742823,10408.650079168678,10408.650079168678,10694.748321767684,10694.748321767684,10629.02037903994,10629.02037903994,11056.906105141175,11056.906105141175,10977.253726947316,10977.253726947316,10868.289743139874,11863.508829366805,13561.308233233676
2023-12-04,11080.62121029582,11103.532017484144,10932.617938941234,10965.24648847758,12076.144174574587,12497.464393055283,11852.650086539888,12273.695588721372,13489.796997777574,14102.79168696922,13056.425893829335,13698.015210635664,10461.075729762822,10461.075729762822,10425.784004103676,10425.784004103676,10721.220520557683,10721.220520557683,10655.442815804938,10655.442815804938,11085.678282141176,11085.678282141176,11003.974735862315,11003.974735862315,10888.39397376891,11896.564012148716,13602.907894533399
2023-12-05,11103.915297794509,11126.829018373857,10955.498791491473,10988.190223238942,12133.90937686428,12556.248312227217,11905.334676998616,12331.631708758894,13561.51483701886,14179.843128443965,13126.309655530173,13771.466507006186,10480.769981748823,10480.769981748823,10443.352617120674,10443.352617120674,10748.342812017683,10748.342812017683,10682.515470365937,10682.515470365937,11115.174397065177,11115.174397065177,11031.345211817314,11031.345211817314,10911.531755675436,11954.272671806044,13675.012139575245
2023-12-06,11097.294906675992,11120.21859037823,10948.970862203769,10981.604375195371,12129.126402788399,12550.778279937153,11900.844620439797,12325.891797336846,13555.86748677507,14174.989349959893,13121.13403065932,13765.389572789776,10472.146818314823,10472.146818314823,10435.110946387675,10435.110946387675,10735.029098957682,10735.029098957682,10669.263125496938,10669.263125496938,11101.17235034918,11101.17235034918,11017.724657802313,11017.724657802313,10904.992138547272,11949.224418385531,13669.162010174447
2023-12-07,11118.782312840376,11141.768491059418,10970.071070505785,11002.833013108304,12168.818391417157,12590.38683341968,11939.60283345964,12364.27418231946,13624.340944208001,14246.297946296032,13186.701384720225,13833.99126781057,10481.503611020822,10481.503611020822,10444.836591619676,10444.836591619676,10759.747274210904,10759.747274210904,10693.495823752339,10693.495823752339,11127.508581499538,11127.508581499538,11043.742370595804,11043.742370595804,10926.027177529024,11990.65807872721,13735.943089185497
2023-12-08,11148.02356269736,11171.103599008695,10999.016434357816,11031.815336010495,12296.002467619397,12718.79419590337,12062.480212781042,12491.013487191887,13810.31262049495,14443.872203450852,13367.322350551993,14022.382867143051,10488.017438911233,10488.017438911233,10450.457388528774,10450.457388528774,10829.992778517653,10829.992778517653,10763.289040340862,10763.289040340862,11228.952649174436,11228.952649174436,11143.002026344075,11143.002026344075,10954.861557428736,12119.415607184084,13936.56544711506
2023-12-09,11131.470005702507,11154.510083949708,10982.64327331987,11015.401854650503,12269.4679498977,12691.989887888361,12037.248907030398,12464.157838473702,13794.563941422584,14428.156837663937,13351.54063585217,14005.135848985881,10482.378863689715,10482.378863689715,10445.340514004845,10445.340514004845,10821.634767910213,10821.634767910213,10754.582008233905,10754.582008233905,11243.566672044411,11243.566672044411,11157.6441836745,11157.6441836745,10938.5382740472,12092.222411553927,13922.03738387278
2023-12-10,11143.429716061944,11166.507858969188,10994.446548884736,11027.235322464929,12320.781098389692,12743.266251117831,12087.82426998469,12515.093261330901,13881.501654117055,14522.622519884853,13436.888859570181,14092.886922898164,10483.777893754654,10483.777893754654,10446.682013145844,10446.682013145844,10823.806221371806,10823.806221371806,10756.743190421294,10756.743190421294,11253.254549002768,11253.254549002768,11167.09587109051,11167.09587109051,10946.664525471382,12138.986916536987,14008.884108733688
2023-12-11,11106.658321879419,11129.689353034524,10957.687017197442,10990.344908952487,12208.907978992254,12629.601204898569,11983.175043383473,12402.947780271606,13681.475317898794,14313.098679870065,13241.726551440095,13886.949666254613,10452.43575424539,10452.43575424539,10418.02353727638,10418.02353727638,10778.812057490539,10778.812057490539,10711.878474932097,10711.878474932097,11182.80830911136,11182.80830911136,11099.5092087189,11099.5092087189,10913.449131278356,12054.064119898447,13837.367821835227
2023-12-12,11116.898995884434,11139.930763831417,10966.907241826726,10999.61120724227,12237.981726328835,12660.297768998085,12010.122188854748,12431.063970759458,13721.759120151852,14354.964628619206,13279.694427214616,13926.39672178745,10451.863153944118,10451.863153944118,10417.022181809632,10417.022181809632,10777.98668319639,10777.98668319639,10710.30856100495,10710.30856100495,11195.211518822372,11195.211518822372,11111.591982358897,11111.591982358897,10918.994179923131,12081.713600353609,13875.664003380558
2023-12-13,11150.620689358433,11173.67285639003,11000.230563276866,11033.024031990064,12308.393962873995,12732.278655550914,12079.222708041438,12501.884543899465,13838.773446543526,14478.927332911217,13393.883746388496,14043.465791644976,10451.863153944118,10451.863153944118,10417.022181809632,10417.022181809632,10777.98668319639,10777.98668319639,10710.30856100495,10710.30856100495,11263.264442765298,11263.264442765298,11177.887465126503,11177.887465126503,10952.493573724325,12161.170981860501,14014.25846646601
2023-12-14,11152.419511012147,11175.520788803085,11002.037895864025,11034.804227901988,12311.241072441542,12733.725670448877,12080.949358953978,12502.82712735397,13851.727392709596,14492.0271025956,13405.509865850208,14055.839785321383,10451.863153944118,10451.863153944118,10417.022181809632,10417.022181809632,10777.98668319639,10777.98668319639,10710.30856100495,10710.30856100495,11265.100866083443,11265.100866083443,11179.484377081804,11179.484377081804,10955.139812824269,12168.775582298618,14036.829414539636
2023-12-15,11130.12670134089,11153.134358915819,10979.98319026393,11012.6796740875,12252.789504250573,12674.1007525666,12023.945082557373,12444.260156229902,13743.122469111811,14378.307361264862,13299.438018361303,13944.43037671488,10451.863153944118,10451.863153944118,10417.022181809632,10417.022181809632,10777.98668319639,10777.98668319639,10710.30856100495,10710.30856100495,11238.263228027101,11238.263228027101,11153.407547381801,11153.407547381801,10932.737879572434,12113.12852527798,13926.08837524366
2023-12-16,11154.571091719205,11177.620320272139,11003.91173528122,11036.648810634348,12296.409869014982,12718.415587500665,12066.01450812453,12487.143141220902,13804.590943478477,14444.544181997731,13358.905692067976,14006.13716231716,10451.863153944118,10451.863153944118,10417.022181809632,10417.022181809632,10779.869878552392,10779.869878552392,10711.897760028949,10711.897760028949,11244.594119839288,11244.594119839288,11159.123149370724,11159.123149370724,10957.076341084688,12156.484982202352,13988.973815973966
2023-12-17,11133.625552690894,11156.587603709426,10982.901770599232,11015.579045917579,12242.270774831688,12662.086004113546,12012.93080157848,12433.082327929278,13716.718361145136,14352.558634371488,13273.232874187908,13916.325264074165,10451.863153944118,10451.863153944118,10417.022181809632,10417.022181809632,10773.544775012391,10773.544775012391,10705.572656488948,10705.572656488948,11221.362693327232,11221.362693327232,11136.882539253911,11136.882539253911,10935.93587325482,12102.515251325574,13897.78516234949
2023-12-18,11130.328019347016,11153.280297021414,10979.323205170273,11011.954094253006,12245.256558144707,12663.744165940494,12015.174876137407,12434.443843227727,13736.83968100934,14374.062066644927,13292.121084021906,13936.583360482007,10451.863153944118,10451.863153944118,10417.022181809632,10417.022181809632,10782.358260818299,10782.358260818299,10714.386142294856,10714.386142294856,11220.019010922562,11220.019010922562,11133.875458884342,11133.875458884342,10933.325344055322,12104.427367332943,13912.032492258226
2023-12-19,11113.355693912607,11136.27929776488,10962.423910354182,10995.012816132816,12212.658341388948,12630.728689665097,11982.735220416731,12401.374127393106,13678.197611887887,14311.478693194502,13234.76029939323,13875.275354404459,10451.863153944118,10451.863153944118,10417.022181809632,10417.022181809632,10779.6548500383,10779.6548500383,10711.682731514857,10711.682731514857,11216.835741978462,11216.835741978462,11130.399645024343,11130.399645024343,10916.332920150748,12072.23350758003,13852.453784427886
2023-12-20,11161.51616719198,11184.531038410434,11009.315433182768,11041.902474104849,12299.053356777868,12716.31706722463,12066.217343005606,12485.142800284644,13803.967333394898,14446.815027954823,13357.251424063435,14002.990349666754,10457.279807463781,10457.279807463781,10422.269515634696,10422.269515634696,10789.398348177318,10789.398348177318,10721.426229653875,10721.426229653875,11227.971168423055,11227.971168423055,11142.926999774507,11142.926999774507,10965.179420913712,12156.694749558996,13981.200366080659
2023-12-21,11193.828967009247,11216.960431498701,11041.059286854188,11073.646327776269,12352.617314708828,12768.091114319115,12116.838114490549,12535.342833079414,13878.447804517613,14523.761279187764,13428.075058054235,14076.923844025752,10468.337453788095,10468.337453788095,10432.789166682202,10432.789166682202,10808.971913964391,10808.971913964391,10740.477804001166,10740.477804001166,11248.525997531398,11248.525997531398,11163.091739143323,11163.091739143323,10994.522488849969,12208.662605903213,14059.297756523269
2023-12-22,11196.358402035841,11219.488654862498,11043.160904886083,11075.747945808163,12400.32031024439,12818.818174002043,12164.785643986936,12584.401075809146,13932.533104517142,14579.645779393575,13479.25188924458,14130.366943994337,10468.001823615508,10468.001823615508,10432.239422253682,10432.239422253682,10808.588180088544,10808.588180088544,10740.099602480886,10740.099602480886,11248.172010536951,11248.172010536951,11162.811757874815,11162.811757874815,10997.42500503953,12232.132368061193,14080.724671773973
2023-12-23,11216.195312554328,11239.325565380985,11059.974368544083,11092.561409466163,12432.33031842311,12857.63999874932,12195.627592414623,12622.703291853702,13997.674431655047,14647.630248617232,13543.255744479684,14196.696981310479,10466.595936652313,10466.595936652313,10430.832955463298,10430.832955463298,10806.633274365371,10806.633274365371,10738.144116930527,10738.144116930527,11245.928969494898,11245.928969494898,11160.275942896378,11160.275942896378,11015.27972730646,12272.799983927258,14145.352868191232
2023-12-24,11210.909122367295,11234.039375193952,11054.735133083195,11087.322174005276,12436.176656106421,12860.695158279432,12199.004767807248,12625.455751726375,14000.033350160827,14651.79599869421,13546.370766913498,14199.252703486965,10456.712300417974,10456.712300417974,10421.014468582278,10421.014468582278,10791.297748510937,10791.297748510937,10722.873740429412,10722.873740429412,11229.398508633434,11229.398508633434,11143.071741854448,11143.071741854448,11010.55838829188,12273.998212554145,14144.801711491442
2023-12-25,11228.313255182835,11251.443508009492,11071.94676126681,11104.533802188891,12482.878517004474,12906.937534194689,12244.098504441561,12670.575622054157,14048.584748858015,14701.660565551148,13592.590706422414,14247.877878240424,10462.205761944615,10462.205761944615,10426.480556550518,10426.480556550518,10799.618186491434,10799.618186491434,10731.166804851508,10731.166804851508,11238.489156218457,11238.489156218457,11152.7136105768,11152.7136105768,11026.135304843245,12317.560807581995,14202.418323538095
2023-12-26,11237.499921134224,11260.63017396088,11080.959437641446,11113.464529531546,12486.197880196223,12909.483707634925,12243.983855457593,12672.50247625887,14041.910298270386,14697.61835674113,13587.527850471532,14242.457611138096,10486.03038314395,10486.03038314395,10449.995677749854,10449.995677749854,10837.810606323346,10837.810606323346,10771.330274530575,10771.330274530575,11280.013050137393,11280.013050137393,11192.812428735604,11192.812428735604,11034.152735073989,12315.770411603306,14196.315073563423
2023-12-27,11255.385321023512,11278.519963059345,11098.086449061677,11130.5414874965,12530.786754527368,12954.536445160611,12287.325570788002,12715.89272468006,14126.125186241183,14785.96240044674,13667.977781572965,14326.721537170404,10505.57011272742,10505.57011272742,10468.998457111824,10468.998457111824,10869.811805947342,10869.811805947342,10802.779219651336,10802.779219651336,11313.387085632196,11313.387085632196,11225.3807181414,11225.3807181414,11049.641252351967,12356.159081601018,14269.976408953582
2023-12-28,11240.645174453244,11263.769596666863,11083.283615831406,11115.670066112827,12480.420174369543,12901.464091430928,12238.168087982345,12663.428147103483,14075.821749780918,14734.970379481574,13619.313437173458,14274.504288270668,10501.745464963135,10501.745464963135,10464.9807054905,10464.9807054905,10863.451378973108,10863.451378973108,10796.13396081794,10796.13396081794,11306.795254811988,11306.795254811988,11218.492144935828,11218.492144935828,11042.228501465073,12324.238219691566,14247.649417541352
2023-12-29,11232.941182512526,11256.056939012202,11075.457039101377,11107.86078532421,12488.050689979433,12908.623783150713,12245.532959180566,12670.293660753296,14076.259432060726,14737.362618062278,13619.84001466322,14273.575522143186,10491.381644570418,10491.381644570418,10454.700557982322,10454.700557982322,10846.345690754326,10846.345690754326,10779.160616365276,10779.160616365276,11289.02784776264,11289.02784776264,11200.857081652595,11200.857081652595,11031.422009408217,12327.952480102182,14267.918911601308
2023-12-30,11224.57440629006,11247.683597758658,11067.23013167757,11099.59316064064,12487.34718401487,12907.310751647177,12244.88797822667,12668.995265525795,14082.50300543342,14745.58568711902,13626.374814519657,14279.164507858866,10493.587497124929,10493.587497124929,10456.866582751916,10456.866582751916,10849.942456108676,10849.942456108676,10782.726854307497,10782.726854307497,11292.777250177629,11292.777250177629,11204.575956655457,11204.575956655457,11032.55345526059,12353.145406074127,14310.178474299906
2023-12-31,11225.03540649216,11248.149933643239,11067.669980095545,11100.050653459084,12455.849222574698,12876.136812880319,12213.084781769168,12636.596340764421,14064.903295585447,14737.39147051339,13607.251738478148,14262.090375246424,10489.320295950996,10489.320295950996,10452.643653864328,10452.643653864328,10842.91899872481,10842.91899872481,10775.758940396861,10775.758940396861,11285.47607542763,11285.47607542763,11197.330325378685,11197.330325378685,11029.876962868164,12292.238046362603,14238.905221848523
2024-01-01,11246.110086839622,11269.237090048375,11088.452970305256,11120.878971886643,12502.602133844284,12924.653898192359,12258.739865757707,12681.684537210656,14157.676096017007,14833.936411858649,13696.792382292986,14356.209372333376,10497.141725637566,10497.141725637566,10460.437452058193,10460.437452058193,10855.899451883684,10855.899451883684,10788.643320780488,10788.643320780488,11298.93689246275,11298.93689246275,11210.695069638557,11210.695069638557,11041.170141268363,12323.220221084322,14313.217478854125
2024-01-02,11235.465680162182,11258.578863876535,11077.552922732013,11109.930754560479,12489.354131354512,12911.455505309292,12245.381819236634,12667.663980907975,14120.62044119952,14794.744750675465,13660.55998613408,14317.91019302434,10500.107299508627,10500.107299508627,10462.95286731399,10462.95286731399,10859.655659752656,10859.655659752656,10792.019116749949,10792.019116749949,11302.603303556665,11302.603303556665,11213.981068832962,11213.981068832962,11035.621612438832,12312.990693768781,14280.006575885118
2024-01-03,11160.300194477139,11183.371874673276,11002.650631551267,11034.945282890305,12395.115635345492,12810.533325422097,12151.78092224099,12571.849904975905,13933.788616075022,14601.421371826329,13476.876322808039,14127.819016805817,10452.705311736721,10452.705311736721,10415.261836834105,10415.261836834105,10782.451648681168,10782.451648681168,10714.557336542795,10714.557336542795,11224.149981419494,11224.149981419494,11135.26479496768,11135.26479496768,11003.689810871661,12242.582501070512,14143.086313097452
2024-01-04,11178.09358654783,11201.194202298915,11019.624232897917,11051.995750952285,12437.85232365934,12854.372682530282,12193.159001322254,12612.700396578728,13989.65908085429,14659.153889447047,13528.808485783791,14182.760637946994,10458.919661174847,10458.919661174847,10421.261778086604,10421.261778086604,10799.043143062367,10799.043143062367,10730.700561931271,10730.700561931271,11241.044868274415,11241.044868274415,11151.626747912598,11151.626747912598,11010.13806146731,12269.005841565224,14187.831719115284
2024-01-05,11167.530384379399,11190.590875064485,11009.190576545205,11041.505254785852,12409.719156128218,12825.281058463563,12165.51188023394,12583.793890958224,13931.736819082085,14598.691920721361,13472.718794813747,14124.184577672297,10458.861445474846,10458.861445474846,10421.203562386603,10421.203562386603,10794.425948062832,10794.425948062832,10726.083366931736,10726.083366931736,11236.222034643992,11236.222034643992,11146.855323939897,11146.855323939897,11003.410010595751,12244.10185076967,14131.805332370974
2024-01-06,11144.482159242407,11167.521924929268,10986.3222945058,11018.526694113538,12365.50643380312,12779.577700733698,12121.644131182686,12538.405555161342,13859.295343400396,14522.901210073645,13402.071047660063,14050.073461819446,10457.851727524847,10457.851727524847,10420.193844436604,10420.193844436604,10781.898240575814,10781.898240575814,10713.37350427709,10713.37350427709,11223.20827370841,11223.20827370841,11133.74055544084,11133.74055544084,10981.688632455642,12201.502954608344,14063.71914854033
2024-01-07,11137.817474704345,11160.82641101598,10979.308104161,11011.48184948118,12355.618134147442,12769.377487245143,12111.853926354048,12528.300366803824,13827.065103106092,14489.11062650088,13370.439091682141,14016.799619607367,10456.322590075717,10456.322590075717,10418.536910692083,10418.536910692083,10777.061380925094,10777.061380925094,10708.464715854367,10708.464715854367,11218.161603930968,11218.161603930968,11128.661927423238,11128.661927423238,10975.255598029442,12191.532745824548,14033.439842135971
2024-01-08,11164.251082612866,11187.259331587027,11005.353860354466,11037.647167780644,12424.309289760118,12845.754525579441,12179.735746127948,12597.854313134627,13926.050832536033,14600.66156842658,13472.61588926988,14116.586013406002,10477.781417848719,10477.781417848719,10439.995738465084,10439.995738465084,10813.159023028293,10813.159023028293,10744.452784218565,10744.452784218565,11254.76722051387,11254.76722051387,11165.134743759238,11165.134743759238,11001.51147331145,12263.017309174322,14135.030577995176
2024-01-09,11156.705691688607,11179.713940662768,10997.699153749028,11029.9350261346,12402.999219236941,12822.162840079183,12158.602518351312,12576.185053940904,13896.99601614305,14568.034461570442,13442.784930767524,14087.121877045478,10474.137406796719,10474.137406796719,10436.351727413085,10436.351727413085,10805.959150856972,10805.959150856972,10737.240281383245,10737.240281383245,11247.544554566932,11247.544554566932,11157.92388595884,11157.92388595884,10994.01457101451,12240.992253099685,14103.602288574111
2024-01-10,11190.073724636657,11213.081973610819,11030.47739706233,11062.990954228802,12469.343552671988,12891.839199327056,12223.46075296151,12643.273596367557,13999.691423840855,14677.202788128045,13543.228760639528,14191.00303032248,10490.531307903719,10490.531307903719,10452.745628520084,10452.745628520084,10835.783564091971,10835.783564091971,10766.824017917243,10766.824017917243,11278.470274605932,11278.470274605932,11188.56272929684,11188.56272929684,11026.911621312838,12307.12474875141,14200.01055269111
2024-01-11,11188.592720217655,11211.600969191817,11028.94703967833,11061.495484219802,12461.444177132613,12883.054069426005,12215.298427445203,12635.082362508152,13983.531566314436,14660.561012274064,13527.922945062863,14174.356953598597,10490.659486052718,10490.659486052718,10452.873806669084,10452.873806669084,10835.93279747552,10835.93279747552,10766.763915949441,10766.763915949441,11280.462114848931,11280.462114848931,11190.497375282837,11190.497375282837,11025.381263928839,12298.903585760787,14183.33524483178
2024-01-12,11150.52459328167,11173.532842255832,10990.800606532612,11023.247407727082,12386.930645498294,12806.63347014697,12141.132639658641,12559.718464938782,13864.570586583779,14538.699473508927,13416.175260729071,14054.040391787747,10461.161128778807,10461.161128778807,10423.167661003436,10423.167661003436,10788.37033863326,10788.37033863326,10718.965071260402,10718.965071260402,11225.36245958157,11225.36245958157,11135.278594727799,11135.278594727799,10987.442619174857,12229.443981929473,14069.913506663386
2024-01-13,11156.996642738572,11180.004891712733,10997.186196997514,11029.684615081984,12403.740441926417,12823.215150559501,12157.501993721842,12576.545787602361,13896.517784354512,14572.063277699843,13447.31752232161,14085.869037436205,10464.264380348806,10464.264380348806,10426.270912573435,10426.270912573435,10793.542424583262,10793.542424583262,10724.082714200402,10724.082714200402,11230.577402636622,11230.577402636622,11140.264003799797,11140.264003799797,10993.87718234176,12246.137094774136,14101.028501745304
2024-01-14,11139.784909277569,11162.79315825173,10980.166828805512,11012.545758050981,12366.739845248418,12784.357691057498,12121.131164281842,12539.050650844361,13838.796269532513,14511.87335433084,13390.871220387606,14027.363126738206,10458.284307827806,10458.284307827806,10420.290840052434,10420.290840052434,10783.575637048261,10783.575637048261,10714.220840218402,10714.220840218402,11220.190960889622,11220.190960889622,11129.982475605797,11129.982475605797,10976.857814149756,12209.480532287134,14043.334633781304
2024-01-15,11153.824189071656,11176.844317798521,10993.864681903511,11026.312056889621,12410.715494905256,12829.967640230037,12163.926791640202,12583.096699577345,13900.315578533964,14576.753530378395,13449.752230399265,14089.39912753251,10460.399447297807,10460.399447297807,10422.405979522435,10422.405979522435,10787.100869498261,10787.100869498261,10717.708964958401,10717.708964958401,11223.864624179623,11223.864624179623,11133.619031185795,11133.619031185795,10990.694214268795,12253.0629272894,14102.92427554938
2024-01-16,11149.938964066965,11172.917725839417,10989.880755305052,11022.386171005164,12407.298237048235,12826.441245243072,12160.30419915746,12579.404973767405,13896.786608150449,14573.012341835882,13445.975315236927,14085.405965664306,10464.642318677808,10464.642318677808,10426.648850902437,10426.648850902437,10794.172321798262,10794.172321798262,10724.705980918403,10724.705980918403,11231.233821839622,11231.233821839622,11140.913792505795,11140.913792505795,10986.843570154511,12249.697947858689,14100.15963902706
2024-01-17,11148.605081390966,11171.644823277416,10988.590769013053,11021.031897727167,12397.998069028545,12814.677296075615,12149.221759490341,12567.898634333116,13883.474500848484,14558.99127054458,13433.156576111125,14071.78492319817,10461.361614137808,10461.361614137808,10423.368146362436,10423.368146362436,10788.704480898263,10788.704480898263,10719.295696238401,10719.295696238401,11225.53575605962,11225.53575605962,11135.273282945795,11135.273282945795,10985.553583862513,12238.478909077983,14087.788294361122
2024-01-18,11121.253064299392,11144.184208274808,10961.617405298504,10993.956686043617,12346.367589262509,12764.806417736276,12101.771751502736,12518.711112802335,13801.13809149803,14472.378382106706,13353.391448943768,13987.98059725327,10457.936530706807,10457.936530706807,10419.943062931436,10419.943062931436,10782.996008513264,10782.996008513264,10713.647313036401,10713.647313036401,11219.586926942618,11219.586926942618,11129.384543011793,11129.384543011793,10958.580220147964,12190.868132822385,14001.768645001956
2024-01-19,11118.73676756553,11141.637655706945,10959.109867749305,10991.466362339297,12342.750303704148,12760.292131267843,12097.41841677452,12514.243382649875,13790.871449076203,14461.873453278607,13343.693184620897,13977.24676412118,10459.10096164781,10459.10096164781,10421.107493872438,10421.107493872438,10784.936726748265,10784.936726748265,10715.5676026584,10715.5676026584,11221.609359629618,11221.609359629618,11131.386547085793,11131.386547085793,10956.091209493165,12186.551343023648,13990.703934270483
2024-01-20,11109.75995047901,11132.624691055604,10950.259184953607,10982.5843011366,12327.042313085787,12743.324740157628,12081.723576383281,12497.59750518401,13767.166601406763,14437.03511231313,13320.782530838138,13953.206637860705,10457.907510581808,10457.907510581808,10419.914042806437,10419.914042806437,10782.947641638264,10782.947641638264,10713.599455286401,10713.599455286401,11219.53652356762,11219.53652356762,11129.334648761793,11129.334648761793,10947.240526697467,12170.35253889111,13968.147531629145
2024-01-21,11105.644627586113,11128.502244166026,10946.04534673537,10978.349966876018,12316.285997900006,12731.554450033367,12070.307608908042,12485.715404849783,13747.909345330832,14416.835659782972,13301.73943244679,13933.267532011594,10456.99598493581,10456.99598493581,10419.002517160437,10419.002517160437,10782.258821373125,10782.258821373125,10712.707820993428,10712.707820993428,11218.808899897898,11218.808899897898,11128.407274684772,11128.407274684772,10943.18737583574,12159.12061501035,13948.395863517406
2024-01-22,11082.872144842822,11105.713901139266,10923.4652074916,10955.626177780368,12269.628298430134,12683.147478378933,12025.018605116851,12438.081386019523,13667.127904682318,14332.163321878174,13223.326213627053,13851.2762086658,10443.797081815808,10443.797081815808,10405.676154517436,10405.676154517436,10760.59424243632,10760.59424243632,10691.308472251512,10691.308472251512,11196.32700635931,11196.32700635931,11106.068808252183,11106.068808252183,10920.814498652158,12112.98287300617,13866.025968544669
2024-01-23,11080.51479638135,11103.369244899946,10920.805120640367,10952.910835876046,12271.294182599273,12684.823614216608,12026.56382548394,12439.252464610212,13658.20590055758,14322.793737599253,13214.056317983372,13841.539313507175,10440.071947608478,10440.071947608478,10401.700449709106,10401.700449709106,10749.896044840834,10749.896044840834,10680.532609545151,10680.532609545151,11185.232900330931,11185.232900330931,11094.818010507763,11094.818010507763,10918.495666283798,12114.610910948566,13857.383598197152
2024-01-24,11085.627095499256,11108.490759053851,10925.71632301162,10957.836980717308,12281.189125210663,12695.032678872727,12036.257802101683,12448.976287011645,13672.917693433184,14338.7068469694,13227.726747098177,13855.811051280334,10440.071947608478,10440.071947608478,10401.700449709106,10401.700449709106,10746.284549450058,10746.284549450058,10676.975833781506,10676.975833781506,11181.511965685888,11181.511965685888,11091.097075862719,11091.097075862719,10923.532293273114,12124.378568343333,13872.37649837721
2024-01-25,11080.271793408256,11103.12650919685,10920.439488384616,10952.548095208305,12259.555408874196,12675.439048444861,12015.021780261899,12429.683987997752,13643.857545226618,14308.379422850381,13200.263477039578,13826.389843611782,10440.071947608478,10440.071947608478,10401.700449709106,10401.700449709106,10745.851651628358,10745.851651628358,10676.487224365505,10676.487224365505,11181.062467864187,11181.062467864187,11090.588655505118,11090.588655505118,10918.26440641211,12105.688371652364,13842.494606810706
2024-01-26,11099.298476472255,11122.187487155848,10939.191135749614,10971.336185279304,12322.233496956129,12733.337698931688,12077.461979996893,12486.479303148646,13732.105120900715,14400.604335936043,13285.667998663732,13915.658826230521,10440.071947608478,10440.071947608478,10401.700449709106,10401.700449709106,10750.347151628357,10750.347151628357,10680.982724365504,10680.982724365504,11185.757767864186,11185.757767864186,11095.184055505119,11095.184055505119,10936.98175888211,12160.92538408434,13932.502780350234
2024-01-27,11096.178259461301,11119.061984716898,10936.113745199687,10968.250216470376,12312.199746231028,12724.562887658503,12068.002980742836,12477.884626226501,13722.108896565967,14389.972608178188,13275.98368813221,13905.395645474762,10440.071947608478,10440.071947608478,10401.700449709106,10401.700449709106,10751.971651628357,10751.971651628357,10682.607224365503,10682.607224365503,11187.454467864187,11187.454467864187,11096.84465550512,11096.84465550512,10933.90965376018,12152.551456651261,13922.02819662726
2024-01-28,11091.17952609332,11114.051797474916,10931.184071635565,10963.314507197256,12302.27620303983,12715.824284784116,12058.231961029605,12469.316909766081,13706.636333412134,14373.756660910065,13260.833931915562,13889.526211306083,10440.071947608478,10440.071947608478,10401.700449709106,10401.700449709106,10751.773651628357,10751.773651628357,10682.409224365503,10682.409224365503,11187.247667864187,11187.247667864187,11096.64225550512,11096.64225550512,10928.991434070062,12144.215533005421,13906.456237051048
2024-01-29,11111.873632965644,11134.78097388124,10951.541999624535,10983.694967748055,12358.115942333083,12767.944785805948,12112.61034666397,12520.128668226922,13804.785765137498,14476.696106096018,13355.396695446841,13988.634934568525,10440.071947608478,10440.071947608478,10401.700449709106,10401.700449709106,10751.64082346898,10751.64082346898,10682.139136728003,10682.139136728003,11189.799767864186,11189.799767864186,11099.14005550512,11099.14005550512,10949.405321094553,12193.886582106812,14006.244621415664
2024-01-30,11112.101010173203,11135.012560062802,10951.731311477131,10983.88248273765,12360.8174428359,12771.19954703863,12115.244142170852,12523.300734311671,13804.774778258616,14476.670998101403,13355.426641882194,13988.637121111951,10441.071967677173,10441.071967677173,10402.59846601231,10402.59846601231,10753.299947673862,10753.299947673862,10683.608617951431,10683.608617951431,11190.079475255567,11190.079475255567,11099.253965112857,11099.253965112857,10949.590423973146,12197.001240726666,14006.354350781092
2024-01-31,11098.263441126253,11121.149812491738,10937.790874192428,10969.926684314492,12320.912121945124,12730.549756569708,12076.067517289053,12483.386822935736,13735.276160897212,14403.78124463517,13288.171567773321,13918.144834818102,10440.959082574733,10440.959082574733,10402.38261195455,10402.38261195455,10748.872308749862,10748.872308749862,10679.241631615432,10679.241631615432,11182.151678567567,11182.151678567567,11091.457421012858,11091.457421012858,10935.946637726467,12158.287761508354,13935.488221335787
2024-02-01,11097.219985338801,11120.107573198242,10936.627606545364,10968.763710062556,12323.149496868717,12732.712706936358,12078.195990382892,12485.439690180814,13742.205588458404,14410.921525351427,13294.431766819356,13924.584837836815,10440.959082574733,10440.959082574733,10402.38261195455,10402.38261195455,10750.390421128386,10750.390421128386,10680.738947933978,10680.738947933978,11183.590965338306,11183.590965338306,11092.740776155144,11092.740776155144,10934.903539954048,12160.35233114449,13942.412918784423
2024-02-02,11102.282366798405,11125.182725025916,10941.373254483531,10973.533694249638,12332.054043602242,12743.493407617125,12086.505036424154,12495.57899251116,13761.306523060388,14430.976731714367,13312.371721600757,13943.40788161086,10440.959082574733,10440.959082574733,10402.38261195455,10402.38261195455,10750.690788380387,10750.690788380387,10681.035200566088,10681.035200566088,11183.903676449976,11183.903676449976,11093.049372646925,11093.049372646925,10939.89161699711,12170.638175399403,13961.699570452422
2024-02-03,11097.271637409218,11120.163634379527,10936.31221275038,10968.460002436283,12315.734280189976,12727.180592076194,12070.291162068865,12479.381118335115,13731.537249022002,14399.967487416578,13282.861614826765,13912.675806666137,10440.959082574733,10440.959082574733,10402.38261195455,10402.38261195455,10749.735057190546,10749.735057190546,10680.09256158433,10680.09256158433,11182.908668635897,11182.908668635897,11092.067457040925,11092.067457040925,10934.93831605906,12155.094278134657,13931.551813248354
2024-02-04,11104.93955014822,11127.84505342953,10943.89306519238,10976.060383620283,12327.180671391649,12738.356833546126,12081.278087229666,12490.099704338247,13737.82074753722,14406.842899890975,13288.496577967055,13918.857510205224,10440.959082574733,10440.959082574733,10402.38261195455,10402.38261195455,10749.20425377804,10749.20425377804,10679.286275827557,10679.286275827557,11182.356051384519,11182.356051384519,11091.227576044284,11091.227576044284,10942.516531638063,12165.750269678929,13937.995602793846
2024-02-05,11122.404489121218,11145.333944591532,10961.211270448379,10993.405561648282,12364.885747030652,12774.647582433128,12118.258881431666,12525.721070147245,13781.43358520523,14452.676298232987,13330.080536516229,13962.5547965129,10440.959082574733,10440.959082574733,10402.38261195455,10402.38261195455,10750.287541055752,10750.287541055752,10680.388682419558,10680.388682419558,11180.729529002727,11180.729529002727,11089.405719879549,11089.405719879549,10959.82381083506,12200.321165447931,13982.220680859524
2024-02-06,11118.211499479734,11141.190078325837,10956.86095091526,10989.097512579332,12362.006998271923,12773.123479297858,12115.042388676102,12523.901806106513,13779.659808314467,14450.897204217878,13327.997134604397,13960.485132904118,10445.116136731076,10445.116136731076,10406.399210217922,10406.399210217922,10757.249111538456,10757.249111538456,10687.13929622097,10687.13929622097,11189.13677506049,11189.13677506049,11097.60200925602,11097.60200925602,10955.687120673781,12198.805549109944,13980.44519222849
2024-02-07,11122.864172775653,11145.907141039266,10961.256831962926,10993.468363275879,12381.394071481847,12792.559168981157,12133.63508920051,12542.700515095557,13816.739021550913,14492.034174454426,13363.478775874184,13997.39394104951,10448.293037354724,10448.293037354724,10409.57611084157,10409.57611084157,10762.405065009623,10762.405065009623,10692.13900867786,10692.13900867786,11194.286136925703,11194.286136925703,11102.38032463198,11102.38032463198,10960.29827212624,12217.375800163538,14017.947392663627
2024-02-08,11108.868827346463,11131.889824178405,10947.190203192396,10979.267099864073,12359.723530269954,12770.511052195248,12112.267221891532,12521.039398305684,13784.050387975003,14457.367384189545,13331.486658548703,13963.884659782756,10448.129799832928,10448.129799832928,10409.26510741738,10409.26510741738,10761.798945886756,10761.798945886756,10691.20818996618,10691.20818996618,11193.655528141306,11193.655528141306,11101.76808309373,11101.76808309373,10946.537771612853,12196.327850966154,13984.739798295266
2024-02-09,11132.50097176757,11155.58441685468,10970.15618342193,11002.36288589859,12423.26177233062,12830.37571893501,12173.86560440451,12578.93594273614,13885.033274626312,14566.68922638349,13427.830856837043,14064.804414266939,10448.129799832928,10448.129799832928,10409.26510741738,10409.26510741738,10769.0513338924,10769.0513338924,10697.573572164238,10697.573572164238,11210.368875518034,11210.368875518034,11117.805696945057,11117.805696945057,10969.808485348703,12253.517690848701,14087.190448749112
2024-02-10,11137.96801142643,11161.05678465633,10974.701306610987,11006.914742071884,12442.203244119959,12849.585364742985,12191.865476527526,12597.145965361178,13902.128224301674,14584.913805069904,13442.67663686176,14080.559260967477,10450.432242877563,10450.432242877563,10410.967099461264,10410.967099461264,10770.52857001794,10770.52857001794,10698.317174520704,10698.317174520704,11214.05947925545,11214.05947925545,11120.699873527541,11120.699873527541,10975.251213687348,12272.102216786572,14104.393700063556
2024-02-11,11146.936816790525,11170.039431668421,10983.597088303763,11015.835038175659,12448.820286714797,12855.905180827485,12199.569828580727,12603.397002979278,13920.687057431418,14604.368296003391,13460.316212779217,14099.286691164212,10452.20533916005,10452.20533916005,10412.74019574375,10412.74019574375,10773.582961293376,10773.582961293376,10701.389066926484,10701.389066926484,11218.440865235207,11218.440865235207,11125.093133267308,11125.093133267308,10984.146995380124,12278.38828033827,14123.118776833948
2024-02-12,11171.80887122945,11194.93116352535,11008.21330606992,11040.474062900817,12504.918608272466,12913.934436404581,12253.149016767626,12660.568266012719,14047.587223882138,14736.190368787076,13581.827264017364,14227.29349764845,10469.54332930078,10469.54332930078,10430.078185884482,10430.078185884482,10812.630659755047,10812.630659755047,10740.284953741268,10740.284953741268,11281.113261334376,11281.113261334376,11187.427638317966,11187.427638317966,11008.763213146281,12334.572015192054,14251.361185637774
2024-02-13,11167.961399382932,11191.090583120833,11003.749469868064,11035.98519005605,12488.381746549145,12897.70396684789,12236.28803959308,12643.943817477402,14019.2097715182,14706.671124829752,13554.566195765401,14198.621371103518,10465.42573314035,10465.42573314035,10425.338815412026,10425.338815412026,10793.750663111263,10793.750663111263,10721.034007227923,10721.034007227923,11261.64490843745,11261.64490843745,11167.948378110024,11167.948378110024,11004.953499403293,12318.948185730962,14222.661319692743
2024-02-14,11203.380768979541,11226.527442029446,11038.80626343252,11071.197659636588,12562.077620983895,12973.588829191604,12308.95925081288,12718.700315978169,14169.78584217368,14862.88869067905,13698.773068164344,14350.656861531084,10493.281579088334,10493.281579088334,10453.19466136001,10453.19466136001,10860.772192425933,10860.772192425933,10787.646578797352,10787.646578797352,11332.624027435066,11332.624027435066,11238.499198325932,11238.499198325932,11040.010292967749,12392.34573973977,14374.815702416465
2024-02-15,11203.904850392853,11227.036483160813,11039.31600167719,11071.73654251614,12602.969355388988,13015.53854629101,12348.805124268505,12759.344636982823,14215.92347105388,14911.090272997595,13742.726567468182,14396.79670244756,10498.991507998002,10498.991507998002,10458.904590269678,10458.904590269678,10899.035047378256,10899.035047378256,10825.315319960757,10825.315319960757,11371.328618188616,11371.328618188616,11276.916060938798,11276.916060938798,11040.52003121242,12432.513983236655,14421.614143612805
2024-02-16,11195.520220976221,11218.632417670802,11031.078301205891,11063.453652196327,12600.766745602918,13012.729444904939,12346.759384680607,12756.635871487239,14196.294888834876,14890.390284844561,13723.59776544294,14376.853740374441,10497.938201452156,10497.938201452156,10457.851283723832,10457.851283723832,10906.376334185836,10906.376334185836,10832.63614441124,10832.63614441124,11378.419131433677,11378.419131433677,11283.991571725666,11283.991571725666,11032.28233074112,12429.594115136411,14409.507899619217
2024-02-17,11179.996381136849,11203.100103663679,11015.192831783945,11047.541717076594,12569.989692267378,12980.724593908293,12316.044758802782,12724.790243713755,14145.709118935314,14837.713587161958,13674.494739602302,14325.169246935704,10485.730152280375,10485.730152280375,10445.318775390051,10445.318775390051,10887.184921325252,10887.184921325252,10813.557144521517,10813.557144521517,11349.40750488021,11349.40750488021,11255.168522100415,11255.168522100415,11016.913361680447,12399.317675591574,14352.938407260668
2024-02-18,11193.970482312741,11217.080319407414,11028.972589576857,11061.422871428538,12609.253655782146,13021.404599894111,12354.58390639305,12764.712205333986,14196.35171878295,14890.69943065445,13722.247874376784,14375.299345232434,10497.18584113873,10497.18584113873,10456.774464248405,10456.774464248405,10906.435864663012,10906.435864663012,10832.641260031605,10832.641260031605,11369.39252012753,11369.39252012753,11274.691587578127,11274.691587578127,11030.693119473359,12426.736607162864,14401.066243055908
2024-02-19,11199.143930450196,11222.24832487961,11034.028647312785,11066.535591431211,12603.461181876293,13015.314326315684,12348.807655729457,12758.657951646273,14177.80980757818,14870.833085213726,13704.37506949063,14356.590150818945,10503.44636219551,10503.44636219551,10463.034985305185,10463.034985305185,10916.707984530847,10916.707984530847,10842.771497504258,10842.771497504258,11379.858531429669,11379.858531429669,11285.01571648508,11285.01571648508,11035.749177209287,12426.24376831378,14385.928432161567
2024-02-20,11209.280461108536,11232.373227580732,11044.052273204934,11076.616424538266,12612.034843152238,13023.550253192412,12357.312703995329,12766.797894685405,14172.50956986745,14864.820839048512,13698.331913296233,14350.460380125096,10516.47733081567,10516.47733081567,10476.065953925345,10476.065953925345,10938.182838671679,10938.182838671679,10864.08112107143,10864.08112107143,11397.67505400228,11397.67505400228,11302.37908166437,11302.37908166437,11045.772803101436,12435.34242662641,14386.721163916896
2024-02-21,11212.729362771182,11235.745526439148,11047.137388687435,11079.662763206012,12591.803912511225,13002.822840394525,12336.68064791241,12745.443824204383,14135.584636850606,14826.361310770673,13662.282643294262,14312.533963792084,10530.94045440562,10530.94045440562,10490.45973350234,10490.45973350234,10948.66899085596,10948.66899085596,10874.044582238408,10874.044582238408,11408.181567868236,11408.181567868236,11312.68181634695,11312.68181634695,11055.147295505029,12427.942125452433,14364.376689755692
2024-02-22,11208.93513665549,11231.940846696118,11043.358644093176,11075.871305879415,12610.29261536472,13022.104468356043,12354.275490113523,12763.772520216817,14153.05412570339,14845.036202628182,13678.520300792014,14329.314388323513,10531.790275595364,10531.790275595364,10491.309554692085,10491.309554692085,10946.465739709532,10946.465739709532,10871.816117391194,10871.816117391194,11405.452726663654,11405.452726663654,11309.933478551447,11309.933478551447,11053.809395519569,12441.359262733531,14370.2024218101
2024-02-23,11192.082846285113,11213.854375041741,11026.1726838555,11058.663480911371,12569.533614632806,12980.173039483596,12314.667367199621,12722.134174417726,14078.148411541722,14766.913784829834,13605.959591252667,14253.031320102296,10521.150391322455,10521.150391322455,10481.402164056433,10481.402164056433,10923.804371250711,10923.804371250711,10849.888727916426,10849.888727916426,11382.595382653657,11382.595382653657,11286.783287016346,11286.783287016346,11040.475073574216,12401.119012832454,14288.578285693025
2024-02-24,11209.192835368136,11230.807632374956,11042.017626185505,11074.515180716475,12617.987795335428,13029.962262437555,12360.41745718999,12770.791112255434,14150.859596035109,14842.52798942698,13675.200783182434,14325.965691089597,10535.185803087554,10535.185803087554,10495.459703939472,10495.459703939472,10950.339775673203,10950.339775673203,10876.398016218598,10876.398016218598,11410.816535864047,11410.816535864047,11314.866651312366,11314.866651312366,11056.604020182824,12448.632408103414,14365.044234233996
2024-02-25,11227.772477393508,11249.273039275466,11060.252212053098,11092.752013214798,12640.032124557652,13052.755014745233,12381.814673447972,12793.133912059548,14171.130461248877,14863.51121349533,13694.070239723927,14345.795595069947,10551.84202308897,10551.84202308897,10512.349303281544,10512.349303281544,10978.207460716481,10978.207460716481,10903.96208839923,10903.96208839923,11442.11103164607,11442.11103164607,11345.964209765043,11345.964209765043,11074.816139743116,12467.482068261272,14379.150745366029
2024-02-26,11257.722665108784,11278.882290261827,11087.295845196633,11119.7972821824,12725.485366078465,13140.296316089605,12460.504132164284,12878.795658739255,14286.577794166647,14982.603407993869,13804.072646978644,14462.167534234133,10577.328882791991,10577.328882791991,10538.237409083558,10538.237409083558,11024.161930228256,11024.161930228256,10949.722499841266,10949.722499841266,11491.303012404971,11491.303012404971,11394.841855929302,11394.841855929302,11101.567603326537,12534.51607522388,14483.849221171555
2024-02-27,11265.648714051349,11287.069294869674,11094.901966601048,11127.38662098666,12734.562531821985,13148.90741747482,12463.802301869777,12886.590398870134,14283.618317226506,14977.994580709365,13798.564152557103,14457.4899801522,10588.135676312202,10588.135676312202,10548.836344081074,10548.836344081074,11048.724394432576,11048.724394432576,10973.968914931324,10973.968914931324,11518.72796364616,11518.72796364616,11421.932694815241,11421.932694815241,11112.110424650738,12548.346180350934,14492.01854470746
2024-02-28,11318.583994937859,11339.51290553331,11147.538427364649,11180.013961859275,12879.985322347067,13308.529025527396,12606.775208227422,13043.618761502532,14482.940591618832,15183.590982621105,13987.577010458324,14657.769011740353,10636.37976003424,10636.37976003424,10597.70470880145,10597.70470880145,11204.480094335906,11204.480094335906,11128.61866993104,11128.61866993104,11683.986175433954,11683.986175433954,11585.936973448537,11585.936973448537,11158.299658130645,12682.100896975786,14673.62799396424
2024-02-29,11296.97323448855,11315.902678522385,11125.999371480159,11158.42884701288,12841.195697553101,13269.998427973876,12568.44922564503,13005.316207970423,14441.34746898594,15134.584015289625,13946.19505756586,14614.763361251275,10616.559696389413,10616.559696389413,10579.536523478797,10579.536523478797,11165.063849016224,11165.063849016224,11089.270133260841,11089.270133260841,11642.39309828568,11642.39309828568,11544.458214133087,11544.458214133087,11141.859082013983,12653.047296188686,14631.928052602261
2024-03-01,11317.458534616539,11336.122267956576,11145.953730743633,11178.502727692867,12900.79298825933,13330.054827878865,12625.806240714192,13063.247751009094,14576.483397863316,15275.7705821681,14075.923465267479,14750.167890627034,10630.893107079286,10630.893107079286,10594.171305506274,10594.171305506274,11189.510197222799,11189.510197222799,11112.982212986975,11112.982212986975,11721.09098507034,11721.09098507034,11620.885770386998,11620.885770386998,11153.117585966402,12674.594743953528,14737.577952788255
2024-03-02,11318.823847251566,11337.498426709082,11146.960039975134,11179.496627999624,12913.704674848439,13343.740208850362,12638.438962621332,13076.312919204853,14618.538261246691,15320.362507956492,14116.259289368907,14793.741287180686,10627.530890632672,10627.530890632672,10590.55945585264,10590.55945585264,11186.330813710114,11186.330813710114,11109.80282947429,11109.80282947429,11723.857396373556,11723.857396373556,11623.679422683115,11623.679422683115,11150.660481211104,12673.992448775885,14754.091370899047
2024-03-03,11320.218201672247,11338.94550165248,11148.106424202148,11180.676231277006,12909.67823398252,13338.515863066788,12632.847975170662,13070.61355073209,14602.707130033048,15302.68756263943,14100.063429268219,14775.004509607561,10635.938110430192,10635.938110430192,10598.966675650161,10598.966675650161,11204.357423987269,11204.357423987269,11127.829439751446,11127.829439751446,11741.583221745655,11741.583221745655,11640.900551195466,11640.900551195466,11150.202550846914,12674.546331242107,14754.377654105643
2024-03-04,11357.208687793829,11376.097107773518,11184.922163392557,11217.650587400602,12973.393273062706,13397.8414962752,12690.99876639622,13129.52073517564,14683.34134128204,15389.882234238865,14178.948776495403,14855.761271480109,10664.817337522725,10664.817337522725,10627.845902742694,10627.845902742694,11262.410598517588,11262.410598517588,11185.882614281765,11185.882614281765,11800.408459645954,11800.408459645954,11699.557585441267,11699.557585441267,11164.386376377746,12706.271243387955,14814.870998416207
2024-03-05,11272.092429864142,11290.653993234602,11107.082477106842,11139.36294179657,12782.444494422032,13203.641788938434,12500.914708766131,12935.949113223498,14297.274450521678,14982.486260296988,13800.523497401891,14457.392389242841,10630.244558984894,10630.244558984894,10593.02841185688,10593.02841185688,11201.627605140515,11201.627605140515,11124.226428755343,11124.226428755343,11684.052136515822,11684.052136515822,11582.977770512278,11582.977770512278,11147.182368081385,12670.736988498176,14745.38918363865
2024-03-06,11314.301407662384,11332.873711348484,11148.303719857207,11180.71967943158,12862.485251212567,13285.991467781232,12578.55963822569,13015.94075839244,14421.68430690553,15112.180204140817,13919.321598246068,14581.34166315244,10650.672379007114,10650.672379007114,10613.215107259242,10613.215107259242,11235.758912351195,11235.758912351195,11157.95349309064,11157.95349309064,11719.232733550674,11719.232733550674,11617.487177890116,11617.487177890116,11155.610976663851,12689.96475182693,14779.10361796852
2024-03-07,11336.63064750021,11355.202677082742,11169.871017909074,11202.71118361503,12905.46542406931,13330.19641789114,12620.442914317193,13059.049803530905,14480.712445405628,15173.821558718551,13975.74194737855,14640.262062357235,10673.62426419751,10673.62426419751,10635.546738438437,10635.546738438437,11274.026980373947,11274.026980373947,11195.920587552391,11195.920587552391,11759.011822529254,11759.011822529254,11656.907616324515,11656.907616324515,11166.01741745984,12715.852583916965,14824.13992866192
2024-03-08,11356.329462898122,11374.901492480654,11188.92705185544,11221.908963165499,12936.982110470419,13362.523799885177,12651.130971675353,13090.526701777302,14516.276355070186,15210.749613046646,14009.847371868078,14675.704403164094,10677.517017174127,10677.517017174127,10639.249816152806,10639.249816152806,11288.371552031142,11288.371552031142,11210.265159209586,11210.265159209586,11773.71296291914,11773.71296291914,11671.60020414429,11671.60020414429,11167.303758041988,12720.541877742702,14833.252666146818
2024-03-09,11353.759067854688,11372.33109743722,11186.364018500597,11219.342597443025,12940.109369800983,13365.722318081738,12654.188991135457,13093.660199100432,14540.480456348698,15236.079042756088,14033.239909935142,14700.163698386334,10678.836664460749,10678.836664460749,10640.569463439428,10640.569463439428,11292.69828128687,11292.69828128687,11214.591888465315,11214.591888465315,11778.202688504674,11778.202688504674,11676.071908970855,11676.071908970855,11165.98059588462,12723.573679235778,14858.917201735982
2024-03-10,11340.33150088682,11358.903530469352,11172.816832631064,11205.795411573492,12942.835866943362,13368.99456859596,12656.409057433675,13096.419207520028,14548.276652295039,15243.021213117454,14039.663180146394,14707.91764539792,10678.824523527248,10678.824523527248,10640.557322505927,10640.557322505927,11321.292905677374,11321.292905677374,11243.186512855818,11243.186512855818,11807.898589695431,11807.898589695431,11705.799190813297,11705.799190813297,11165.604539595786,12759.283538608852,14919.735367498055
2024-03-11,11364.930742507044,11383.502772089576,11197.189840469107,11230.168419411535,12995.01895045457,13422.399844621397,12707.312696526014,13148.542254047132,14612.949627739174,15310.115448634862,14102.881964714843,14773.078445314006,10697.426125616872,10697.426125616872,10659.158924595551,10659.158924595551,11351.986323749143,11351.986323749143,11273.509845699837,11273.509845699837,11835.255067633212,11835.255067633212,11732.972613756147,11732.972613756147,11175.022004317909,12782.517985658753,14953.46099684087
2024-03-12,11360.959347177963,11379.531376760495,11193.29265694134,11226.271235883767,12974.164294181497,13400.878351111785,12686.59183126303,13127.131630325359,14583.839104855759,15280.043558113543,14074.13715707393,14743.047980100024,10690.360697158125,10690.360697158125,10652.093496136804,10652.093496136804,11340.179740741776,11340.179740741776,11261.70326269247,11261.70326269247,11833.444090328803,11833.444090328803,11729.105455917574,11729.105455917574,11172.729463516844,12776.7738314817,14962.308869654385
2024-03-13,11373.965917979736,11392.537947562269,11206.155138878916,11239.133717821343,12991.11739181962,13418.39456505184,12703.221462727804,13144.324410970592,14667.640640255804,15367.794901194595,14155.44587006342,14827.988007795888,10695.891654679304,10695.891654679304,10657.624453657983,10657.624453657983,11349.404186644722,11349.404186644722,11270.927708595416,11270.927708595416,11897.177588350278,11897.177588350278,11792.920538802511,11792.920538802511,11174.611462021217,12782.15764591094,15101.385322872095
2024-03-14,11380.092728318403,11398.664757900935,11212.285412740464,11245.263991682892,13014.724815382224,13442.74082066827,12725.840744834453,13167.683189444751,14672.626682917884,15373.818152239666,14159.89619906791,14832.626706990734,10683.952995001242,10683.952995001242,10645.685793979921,10645.685793979921,11329.463472458569,11329.463472458569,11250.986994409262,11250.986994409262,11860.111191717247,11860.111191717247,11755.982986337627,11755.982986337627,11169.644103506083,12769.574765392153,15060.576420139096
2024-03-15,11366.644477027912,11385.20490624246,11198.704986633085,11231.662274481836,12975.884615898056,13401.404076535762,12687.42419688576,13128.591852838676,14622.19404707921,15321.095247656933,14112.31890782019,14781.956804680489,10672.142977737427,10672.142977737427,10633.833073877275,10633.833073877275,11309.686087598937,11309.686087598937,11231.27415995911,11231.27415995911,11853.499663499932,11853.499663499932,11749.369060211266,11749.369060211266,11164.098147192986,12755.524547678966,15052.099079120708
2024-03-16,11332.284185868792,11350.828106476838,11164.256876273977,11197.184148474542,12897.515363205635,13320.871739807217,12608.899601194194,13048.514377027497,14484.869658547403,15178.125898285118,13976.6570329787,14642.421629235558,10659.244622490825,10659.244622490825,10620.781288379732,10620.781288379732,11292.348047344214,11292.348047344214,11213.616590316806,11213.616590316806,11809.584368200716,11809.584368200716,11705.12300892074,11705.12300892074,11159.015093035796,12719.6673132572,14964.706358265303
2024-03-17,11352.075422060549,11370.623754857206,11183.373731582293,11216.309025943965,12944.419020203593,13372.057426611316,12654.611125790918,13095.050418326968,14569.274085853905,15265.596328906238,14057.911807979792,14726.728743827964,10659.022957126905,10659.022957126905,10620.363717055561,10620.363717055561,11292.052493525653,11292.052493525653,11213.059828551244,11213.059828551244,11816.156289349468,11816.156289349468,11711.629628082745,11711.629628082745,11164.133162462776,12745.371789459594,15037.64167516023
2024-03-18,11339.17436458075,11357.711267344383,11170.64160647506,11203.556118958506,12902.835194430265,13326.638528751411,12613.72800694858,13052.916500781714,14495.668215661479,15187.82709246066,13987.168079092437,14652.041649325172,10659.022957126905,10659.022957126905,10620.363717055561,10620.363717055561,11292.052493525653,11292.052493525653,11213.059828551244,11213.059828551244,11807.527741501417,11807.527741501417,11703.097557238145,11703.097557238145,11153.078972360012,12706.347652474231,14968.08659105
2024-03-19,11299.22692336173,11317.763733724276,11131.356710687567,11164.270918929295,12813.003865190045,13230.496585742118,12523.916881385472,12961.23346988865,14341.305491360623,15027.7877451445,13836.201889702159,14495.384287530138,10659.022957126905,10659.022957126905,10620.363717055561,10620.363717055561,11292.052493525653,11292.052493525653,11213.059828551244,11213.059828551244,11784.447973988226,11784.447973988226,11679.830912901694,11679.830912901694,11116.428191579169,12617.845115142305,14815.641526778696
2024-03-20,11326.882404394011,11345.419214756557,11158.287749069326,11191.201957311054,12901.908808052209,13322.146829865336,12608.445552622488,13050.801185778411,14514.896713664873,15208.467934278407,14003.245351847365,14669.366319124214,10659.022957126905,10659.022957126905,10620.363717055561,10620.363717055561,11292.052493525653,11292.052493525653,11213.059828551244,11213.059828551244,11784.447973988226,11784.447973988226,11679.830912901694,11679.830912901694,11143.542865042,12693.788522710525,14967.781821211132
2024-03-21,11312.498792772038,11331.035603134584,11144.368388382312,11177.28259662404,12864.872434081635,13286.63763286576,12575.10419572853,13013.088596425401,14448.068881945013,15139.243655589018,13938.291978396523,14602.046420167124,10659.022957126905,10659.022957126905,10620.363717055561,10620.363717055561,11292.052493525653,11292.052493525653,11213.059828551244,11213.059828551244,11784.447973988226,11784.447973988226,11679.830912901694,11679.830912901694,11129.623504354986,12660.435636155244,14896.730655622745
2024-03-22,11310.347115785005,11328.883926147551,11142.179164682582,11175.09337292431,12854.853472528346,13276.35497488912,12565.45542794182,13002.963724018919,14434.974373146677,15125.823268896103,13925.420216995777,14588.850480916726,10659.022957126905,10659.022957126905,10620.363717055561,10620.363717055561,11292.052493525653,11292.052493525653,11213.059828551244,11213.059828551244,11784.447973988226,11784.447973988226,11679.830912901694,11679.830912901694,11127.434280655256,12652.352468218754,14886.006810777591
2024-03-23,11309.142790259211,11327.678400393977,11140.757833678963,11173.669711080995,12858.274213071078,13279.736344889368,12567.561686339164,13006.470376885223,14440.194316091896,15131.399486362296,13930.225237159335,14594.012632059023,10659.022957126905,10659.022957126905,10620.363717055561,10620.363717055561,11292.052493525653,11292.052493525653,11213.059828551244,11213.059828551244,11784.447973988226,11784.447973988226,11679.830912901694,11679.830912901694,11126.117131033801,12654.630021622253,14891.80612668298
2024-03-24,11324.409200636383,11342.950208940867,11155.590665943259,11188.512358199323,12888.752268408309,13311.381582386743,12597.738080517665,13037.506202686725,14499.85039449942,15193.552437965562,13987.598755858979,14653.793446246005,10659.022957126905,10659.022957126905,10620.363717055561,10620.363717055561,11292.052493525653,11292.052493525653,11213.059828551244,11213.059828551244,11784.447973988226,11784.447973988226,11679.830912901694,11679.830912901694,11140.945546613779,12688.043321449757,14953.858540665211
2024-03-25,11338.244001353969,11356.784894372931,11168.799300882009,11201.72062727132,12916.076212050124,13339.888095300412,12624.209936250534,13064.947865446748,14545.262326163638,15240.91365048383,14031.058105643024,14699.062785131642,10659.022957126905,10659.022957126905,10620.363717055561,10620.363717055561,11292.052493525653,11292.052493525653,11213.059828551244,11213.059828551244,11784.447973988226,11784.447973988226,11679.830912901694,11679.830912901694,11154.276145982076,12715.756588957478,15001.529420736326
2024-03-26,11335.410171440257,11353.95106445922,11165.825828254603,11198.747154643914,12907.982762507861,13331.628284045752,12616.21098945099,13056.740810228323,14534.86733039708,15229.99722473494,14020.570308459746,14688.123724329143,10659.022957126905,10659.022957126905,10620.363717055561,10620.363717055561,11292.052493525653,11292.052493525653,11213.059828551244,11213.059828551244,11784.447973988226,11784.447973988226,11679.830912901694,11679.830912901694,11151.30267335467,12707.554729132708,14991.44841585175
2024-03-27,11331.314114098253,11349.862906617602,11161.610441792156,11194.539485105022,12886.583122013097,13309.262321645996,12594.59825055012,13035.482290876285,14526.407373274504,15221.174174783277,14011.968973924377,14679.106515661011,10659.022957126905,10659.022957126905,10620.363717055561,10620.363717055561,11292.052493525653,11292.052493525653,11213.059828551244,11213.059828551244,11784.447973988226,11784.447973988226,11679.830912901694,11679.830912901694,11147.228534834208,12686.486696189233,14982.802018453433
2024-03-28,11352.85131635377,11371.42932411663,11182.716378275987,11215.674636832366,12924.191472051345,13348.113203178924,12631.078263864614,13073.372978747197,14585.61861758491,15283.042381116895,14068.936545937331,14738.56825858878,10659.022957126905,10659.022957126905,10620.363717055561,10620.363717055561,11292.052493525653,11292.052493525653,11213.059828551244,11213.059828551244,11784.447973988226,11784.447973988226,11679.830912901694,11679.830912901694,11158.538120862413,12713.634072293606,15034.589700885446
2024-03-29,11366.033760022576,11384.60441283321,11195.787229041507,11228.73813264566,12938.513585438497,13362.854653863564,12644.731594539277,13088.02877353686,14596.452469621934,15294.452922435958,14079.002605061138,14749.194518003145,10659.022957126905,10659.022957126905,10620.363717055561,10620.363717055561,11292.052493525653,11292.052493525653,11213.059828551244,11213.059828551244,11784.447973988226,11784.447973988226,11679.830912901694,11679.830912901694,11165.11103839247,12722.705578204248,15038.735896221438
2024-03-30,11353.600104096164,11372.156532866802,11183.51134852827,11216.448028092427,12906.927621640434,13330.246757168305,12613.631046963104,13055.849307166034,14552.457845803414,15248.402897928358,14036.220161709953,14704.403823823352,10659.022957126905,10659.022957126905,10620.363717055561,10620.363717055561,11292.052493525653,11292.052493525653,11213.059828551244,11213.059828551244,11784.447973988226,11784.447973988226,11679.830912901694,11679.830912901694,11161.245011811085,12705.68344573793,15007.788842136633
2024-03-31,11384.266243102371,11402.843431108635,11213.812104207276,11246.76954300706,12964.201842423454,13389.542261569712,12669.727838516377,13113.771631931708,14638.966857133155,15338.87040747235,14119.754364350696,14791.67933055119,10659.022957126905,10659.022957126905,10620.363717055561,10620.363717055561,11292.052493525653,11292.052493525653,11213.059828551244,11213.059828551244,11784.447973988226,11784.447973988226,11679.830912901694,11679.830912901694,11168.90322691733,12725.665184221301,15055.705330180755
2024-04-01,11360.53434033692,11379.09608612623,11190.270872256144,11223.212868838971,12902.858088172547,13326.049975786387,12609.469761528484,13051.621602785654,14542.882620794195,15238.102681781602,14026.957969414,14694.430519813928,10659.022957126905,10659.022957126905,10620.363717055561,10620.363717055561,11292.052493525653,11292.052493525653,11213.059828551244,11213.059828551244,11784.447973988226,11784.447973988226,11679.830912901694,11679.830912901694,11157.030066620413,12698.348900380222,14999.40424347319
2024-04-02,11339.217478804116,11357.756607316764,11169.116708765705,11202.03608807187,12872.375022872877,13294.452389511624,12579.499133296518,13020.816926010953,14481.549332894589,15173.739717357801,13968.054139293652,14632.663511233752,10659.022957126905,10659.022957126905,10620.363717055561,10620.363717055561,11292.052493525653,11292.052493525653,11213.059828551244,11213.059828551244,11784.447973988226,11784.447973988226,11679.830912901694,11679.830912901694,11144.467131619751,12669.725713496908,14943.2537708175
2024-04-03,11318.148018959242,11336.67120110971,11148.166839131898,11181.052694683991,12840.652992266252,13261.723255663199,12548.52652584145,12988.695956119269,14434.015627245059,15123.848902071759,13921.91933191966,14584.258317510854,10659.022957126905,10659.022957126905,10620.363717055561,10620.363717055561,11292.052493525653,11292.052493525653,11213.059828551244,11213.059828551244,11784.447973988226,11784.447973988226,11679.830912901694,11679.830912901694,11134.900315598828,12652.819084759376,14907.985689482255
2024-04-04,11329.362203846424,11347.885230567568,11159.07738220625,11192.041995438445,12870.375970883815,13292.406603342133,12577.47202172407,13018.640524063558,14484.44416521722,15176.34382632511,13970.686972814161,14635.0138586497,10659.022957126905,10659.022957126905,10620.363717055561,10620.363717055561,11292.052493525653,11292.052493525653,11213.059828551244,11213.059828551244,11784.447973988226,11784.447973988226,11679.830912901694,11679.830912901694,11141.721741462126,12680.28107166422,14953.755694085747
2024-04-05,11321.956565719722,11340.478992899867,11151.721264717777,11184.672835769066,12851.583263049937,13272.875813244724,12558.939735687558,12999.652719024005,14449.363447717773,15139.658832317537,13936.752232653029,14599.614785581569,10659.022957126905,10659.022957126905,10620.363717055561,10620.363717055561,11292.052493525653,11292.052493525653,11213.059828551244,11213.059828551244,11784.447973988226,11784.447973988226,11679.830912901694,11679.830912901694,11134.53145571477,12656.48500702982,14908.844718461547
2024-04-06,11335.965919340977,11354.49209261391,11165.515857738272,11198.523390265167,12881.866166323412,13304.107335387595,12588.38948767706,13029.936523648821,14498.083585528653,15190.525518692966,13982.371485316526,14648.162844092738,10659.022957126905,10659.022957126905,10620.363717055561,10620.363717055561,11292.052493525653,11292.052493525653,11213.059828551244,11213.059828551244,11784.447973988226,11784.447973988226,11679.830912901694,11679.830912901694,11147.51550122955,12688.878504083466,14959.038093286115
2024-04-07,11338.595390072356,11357.121148801543,11168.115084407513,11201.125064243535,12888.148793191363,13310.555151057568,12594.568490033389,13036.26919388304,14517.373806479896,15210.6513618644,14000.90605575808,14667.634734472083,10659.022957126905,10659.022957126905,10620.363717055561,10620.363717055561,11292.052493525653,11292.052493525653,11213.059828551244,11213.059828551244,11784.447973988226,11784.447973988226,11679.830912901694,11679.830912901694,11150.19934334583,12696.596250741066,14976.079717830939
2024-04-08,11341.980471635294,11360.5082402355,11171.458846459613,11204.474808032595,12902.059659036884,13324.69681732526,12608.265956190666,13050.172024473497,14548.407719495128,15242.735712180865,14031.061042336178,14698.804625574649,10659.022957126905,10659.022957126905,10620.363717055561,10620.363717055561,11296.482444823296,11296.482444823296,11217.350950404838,11217.350950404838,11788.87792528587,11788.87792528587,11684.122034755288,11684.122034755288,11153.213586587433,12711.104139089222,15007.448710670678
2024-04-09,11322.156492560227,11340.678479186005,11151.543841679884,11184.532160601593,12851.679536179307,13272.91204483572,12558.00842264221,12998.721328112912,14467.158036243887,15158.314194365079,13954.139910955264,14616.188438209474,10653.84470372593,10653.84470372593,10615.041999537138,10615.041999537138,11288.828274128095,11288.828274128095,11209.62504765091,11209.62504765091,11776.063931983403,11776.063931983403,11670.935581016847,11670.935581016847,11134.702383390411,12657.294340991246,14923.87075330116
2024-04-10,11323.892705118804,11342.414584408985,11153.146036647617,11186.101660877252,12866.79745787552,13288.435939582576,12572.52711225654,13013.648576498399,14484.493504144806,15176.105815896866,13969.436671087735,14633.383585767902,10656.781920929307,10656.781920929307,10617.979216740514,10617.979216740514,11306.008207482493,11306.008207482493,11226.503237667408,11226.503237667408,11793.190929530778,11793.190929530778,11688.062578564222,11688.062578564222,11136.654121316496,12673.579248979831,14941.270122066351
2024-04-11,11317.110928152897,11335.632807443078,11146.267150695538,11179.207812404435,12854.644675913107,13275.951395930331,12560.568145143174,13001.35580388336,14452.944388336284,15143.254416591515,13939.572525157042,14601.507944455474,10653.779315431966,10653.779315431966,10614.805671934775,10614.805671934775,11301.115220904616,11301.115220904616,11221.61025108953,11221.61025108953,11788.353858221733,11788.353858221733,11683.225507255178,11683.225507255178,11130.079707645225,12661.18019942248,14910.422447039795
2024-04-12,11281.511243053588,11300.03312234377,11111.32010139164,11144.168287953951,12739.627013773357,13154.620081975623,12447.07883205743,12884.508053457877,14208.565797412899,14888.088958964363,13705.101520023278,14353.482878258072,10645.17223654156,10645.17223654156,10606.19859304437,10606.19859304437,11285.443738260368,11285.443738260368,11205.938768445283,11205.938768445283,11771.463252702677,11771.463252702677,11666.256212263248,11666.256212263248,11093.853927478158,12540.466056903662,14659.704043708056
2024-04-13,11240.857036691177,11259.378915981359,11071.238001256073,11104.086187818384,12628.65377262831,13035.273319759,12336.539935650248,12770.956216002289,14002.019768942846,14672.81666130117,13496.496747316214,14143.428484066666,10615.932971402413,10615.932971402413,10576.823227093444,10576.823227093444,11237.259313949282,11237.259313949282,11157.295809753103,11157.295809753103,11715.351223910708,11715.351223910708,11609.622167417172,11609.622167417172,11054.02024874981,12430.952798122404,14434.29955194231
2024-04-14,11250.600167962615,11269.122047252797,11080.72289512611,11113.57108168842,12661.297951568095,13068.841077934403,12367.836003662525,12803.16500750233,14067.113292779606,14742.082496203073,13558.296876701714,14207.815100295855,10615.932971402413,10615.932971402413,10576.823227093444,10576.823227093444,11237.259313949282,11237.259313949282,11157.295809753103,11157.295809753103,11715.351223910708,11715.351223910708,11609.622167417172,11609.622167417172,11063.689491309971,12463.12316254083,14502.63652603561
2024-04-15,11244.201202774373,11262.723082064555,11074.343286232664,11107.191472794975,12638.162761981494,13045.150787022521,12345.088149674111,12779.861203301287,14022.01858668721,14693.274137040846,13514.489050570459,14162.434274374646,10615.932971402413,10615.932971402413,10576.823227093444,10576.823227093444,11237.259313949282,11237.259313949282,11157.295809753103,11157.295809753103,11715.351223910708,11715.351223910708,11609.622167417172,11609.622167417172,11057.309882416526,12440.225201345427,14454.347168377597
2024-04-16,11239.125965858122,11257.647845148304,11069.304721154203,11102.152907716514,12625.367482446214,13031.84726911706,12332.604258701285,12766.863859539271,14007.728785749236,14678.244287825863,13500.819310588728,14148.087433334023,10615.932971402413,10615.932971402413,10576.823227093444,10576.823227093444,11237.259313949282,11237.259313949282,11157.295809753103,11157.295809753103,11715.351223910708,11715.351223910708,11609.622167417172,11609.622167417172,11052.271317338065,12427.570703564652,14439.55533397055
2024-04-17,11232.620545781057,11251.142425071239,11062.83437420685,11095.68256076916,12603.773119377442,13009.804181221,12311.157563530509,12744.936903436497,13964.010504215204,14633.074439532606,13457.91688334202,14103.740855515836,10615.932971402413,10615.932971402413,10576.823227093444,10576.823227093444,11237.259313949282,11237.259313949282,11157.295809753103,11157.295809753103,11715.351223910708,11715.351223910708,11609.622167417172,11609.622167417172,11045.843938940112,12406.27633555328,14394.926731182075
2024-04-18,11238.597003710796,11257.118883000978,11068.487924608564,11101.336111170875,12625.156003985778,13031.716547093813,12331.875295495014,12766.201391063609,14003.490450239811,14674.078505007938,13495.756184810012,14143.140851470285,10615.932971402413,10615.932971402413,10576.823227093444,10576.823227093444,11237.259313949282,11237.259313949282,11157.295809753103,11157.295809753103,11715.351223910708,11715.351223910708,11609.622167417172,11609.622167417172,11051.588243603619,12427.238015707408,14435.349968245353
2024-04-19,11239.119624309671,11257.641503599853,11068.985747852137,11101.833934414448,12627.405411312537,13034.01997680817,12334.064744824243,12768.442115609148,14007.693137098327,14678.427612355792,13499.835084339189,14147.367490461142,10615.932971402413,10615.932971402413,10576.823227093444,10576.823227093444,11237.259313949282,11237.259313949282,11157.295809753103,11157.295809753103,11715.351223910708,11715.351223910708,11609.622167417172,11609.622167417172,11052.086066847192,12429.454779259895,14439.642651149328
2024-04-20,11247.041694172562,11265.563573462743,11076.664816982544,11109.513003544855,12648.735733460495,13055.923580850385,12354.846714951023,12789.86190342613,14065.636690931002,14738.947254374958,13555.719473856347,14205.804388731238,10615.932971402413,10615.932971402413,10576.823227093444,10576.823227093444,11237.259313949282,11237.259313949282,11157.295809753103,11157.295809753103,11715.351223910708,11715.351223910708,11609.622167417172,11609.622167417172,11059.7651359776,12450.313750119161,14499.214657524628
2024-04-21,11245.691160439277,11264.213039729459,11075.258718831863,11108.106905394174,12645.278782873851,13052.384831946516,12351.454004575071,12786.36142458495,14061.352786963238,14734.437677576045,13551.569914191901,14201.430810914877,10615.932971402413,10615.932971402413,10576.823227093444,10576.823227093444,11237.259313949282,11237.259313949282,11157.295809753103,11157.295809753103,11715.351223910708,11715.351223910708,11609.622167417172,11609.622167417172,11058.359037826918,12446.886290541941,14494.756691815535
2024-04-22,11252.8599708541,11271.381850144282,11082.123833517902,11114.972020080213,12666.886425855548,13074.542770924036,12372.523312253667,12808.028143641794,14111.085079932134,14786.21671028388,13599.596554357304,14251.508131527928,10615.932971402413,10615.932971402413,10576.823227093444,10576.823227093444,11237.259313949282,11237.259313949282,11157.295809753103,11157.295809753103,11715.351223910708,11715.351223910708,11609.622167417172,11609.622167417172,11065.224152512958,12468.008693949323,14545.756489275484
2024-04-23,11250.859258275294,11269.381137565475,11080.049893668489,11112.8980802308,12667.86907310145,13075.584705079313,12373.258394180788,12808.79848106835,14108.980549682574,14783.983572545143,13597.138532096777,14248.953508774972,10615.932971402413,10615.932971402413,10576.823227093444,10576.823227093444,11237.259313949282,11237.259313949282,11157.295809753103,11157.295809753103,11715.351223910708,11715.351223910708,11609.622167417172,11609.622167417172,11063.231742564756,12468.9926707296,14543.65792014918
2024-04-24,11246.04123649653,11264.563115786712,11075.183422536917,11108.031609099227,12649.098651705459,13056.217293427459,12354.745849823652,12789.631442001728,14071.88745237559,14745.264619856027,13560.944547174482,14211.265877827209,10615.932971402413,10615.932971402413,10576.823227093444,10576.823227093444,11237.259313949282,11237.259313949282,11157.295809753103,11157.295809753103,11715.351223910708,11715.351223910708,11609.622167417172,11609.622167417172,11058.431272169435,12450.524802638703,14505.546425010634
2024-04-25,11245.804011795728,11264.32589108591,11074.902702406705,11107.750888969016,12653.828784135663,13061.099794858039,12359.341243458433,12794.390063251649,14085.259795253696,14759.25727446563,13573.73678850334,14224.694391922572,10615.932971402413,10615.932971402413,10576.823227093444,10576.823227093444,11237.259313949282,11237.259313949282,11157.295809753103,11157.295809753103,11715.351223910708,11715.351223910708,11609.622167417172,11609.622167417172,11058.150552039224,12455.159487365358,14519.13942222392
2024-04-26,11239.800802926202,11258.318957075295,11068.934068609706,11101.775929840023,12636.861635572259,13043.625858570844,12342.552541900954,12776.860136255107,14054.6931057889,14727.309645991678,13543.827004011333,14193.427045318165,10615.932971402413,10615.932971402413,10576.823227093444,10576.823227093444,11237.259313949282,11237.259313949282,11157.295809753103,11157.295809753103,11715.351223910708,11715.351223910708,11609.622167417172,11609.622167417172,11052.328881951296,12438.433147791946,14487.895381003726
2024-04-27,11238.248117304996,11256.764732892627,11067.410676686217,11100.249973647427,12630.104850074558,13036.573304479767,12335.599503744616,12769.78863983377,14043.371317234949,14715.095317794243,13532.24567284872,14181.356091268613,10615.932971402413,10615.932971402413,10576.823227093444,10576.823227093444,11237.259313949282,11237.259313949282,11157.295809753103,11157.295809753103,11715.351223910708,11715.351223910708,11609.622167417172,11609.622167417172,11050.806857637997,12431.826797341524,14476.128837359705
2024-04-28,11238.941994612045,11257.458772768883,11068.060601837657,11100.900169747545,12630.719078260692,13037.262005293662,12336.286689560186,12770.446839569553,14043.751414979071,14715.16418001508,13532.348332919431,14181.473562401945,10615.932971402413,10615.932971402413,10576.823227093444,10576.823227093444,11237.259313949282,11237.259313949282,11157.295809753103,11157.295809753103,11715.351223910708,11715.351223910708,11609.622167417172,11609.622167417172,11051.456638283473,12432.410152583925,14476.555994232944
2024-04-29,11236.96626196762,11255.484248703246,11066.072309075696,11098.913891283566,12626.043485298598,13032.47159708463,12331.727813838737,12765.587709368257,14033.76019303732,14705.331173547924,13522.648477809458,14171.230218457431,10615.932971402413,10615.932971402413,10576.823227093444,10576.823227093444,11237.259313949282,11237.259313949282,11157.295809753103,11157.295809753103,11715.351223910708,11715.351223910708,11609.622167417172,11609.622167417172,11049.531061240468,12427.797674964548,14467.014421356465
2024-04-30,11224.44168962837,11242.953459818293,11053.774693090134,11086.605914388498,12590.157697838797,12995.776221093773,12297.077351293146,12729.392502006129,13952.139333951549,14620.148168554893,13447.030896427588,14088.930901450214,10615.932971402413,10615.932971402413,10576.823227093444,10576.823227093444,11237.259313949282,11237.259313949282,11157.295809753103,11157.295809753103,11715.351223910708,11715.351223910708,11609.622167417172,11609.622167417172,11037.238971073308,12392.342887051984,14383.61682415988
2024-05-01,11218.836437784921,11237.351097061426,11048.215805595975,11081.048414069011,12575.152668845107,12980.27252698723,12282.055235995243,12713.810567932422,13929.05625725184,14596.005890009304,13424.151917428633,14064.876908014707,10615.932971402413,10615.932971402413,10576.823227093444,10576.823227093444,11237.259313949282,11237.259313949282,11157.295809753103,11157.295809753103,11715.351223910708,11715.351223910708,11609.622167417172,11609.622167417172,11031.842624696606,12377.597569986645,14359.921463632316
2024-05-02,11222.00499950248,11240.524618711923,11051.226947748522,11084.069566591867,12581.199852280884,12986.525990992634,12287.688179266783,12719.657225393941,13939.622312037056,14607.029411545625,13433.936445141886,14075.138747224462,10615.932971402413,10615.932971402413,10576.823227093444,10576.823227093444,11237.259313949282,11237.259313949282,11157.295809753103,11157.295809753103,11715.351223910708,11715.351223910708,11609.622167417172,11609.622167417172,11034.959087938687,12383.536611859661,14370.763393123743
2024-05-03,11233.071427219838,11251.59419367176,11062.168320003018,11095.03132376363,12614.322191504503,13020.46631078204,12320.115626122672,12753.22555016446,14000.903210542156,14671.44184860357,13493.543614112228,14137.020423288137,10615.932971402413,10615.932971402413,10576.823227093444,10576.823227093444,11237.259313949282,11237.259313949282,11157.295809753103,11157.295809753103,11715.351223910708,11715.351223910708,11609.622167417172,11609.622167417172,11045.947822312693,12416.36438648768,14434.353775749925
2024-05-04,11241.024300382423,11259.55421757604,11069.905853290162,11102.795956314787,12633.564955369433,13040.32729022699,12338.701891119412,12772.466356625646,14034.953217416814,14707.154400530912,13526.08036797671,14171.113015921379,10615.55595956416,10615.55595956416,10576.34640825604,10576.34640825604,11236.593998940603,11236.593998940603,11156.454364745923,11156.454364745923,11714.66373173507,11714.66373173507,11608.752674243085,11608.752674243085,11053.764848322904,12435.284287633054,14469.467369087517
2024-05-05,11243.732574673264,11262.260753043001,11072.570199379139,11105.45794737374,12643.818691987348,13050.733174326637,12348.757908033393,12782.775169492657,14052.274947223546,14725.594935517176,13542.964843065289,14188.428374026793,10616.851464637983,10616.851464637983,10577.641913329862,10577.641913329862,11238.880184364994,11238.880184364994,11158.740550170314,11158.740550170314,11717.026123340274,11717.026123340274,11611.11506584829,11611.11506584829,11056.454829107442,12445.482343674417,14487.734205847679
2024-05-06,11238.099235014957,11256.625195072013,11066.858303672534,11099.741669354788,12631.713726688082,13038.330921720775,12336.8771752672,12770.510299371681,14030.29727902475,14702.449426036792,13521.308753512123,14165.64011211286,10616.258124569444,10616.258124569444,10577.048573261323,10577.048573261323,11237.833113655804,11237.833113655804,11157.693479461124,11157.693479461124,11715.944150274112,11715.944150274112,11610.033092782127,11610.033092782127,11050.87018284779,12433.556454030502,14465.145820586551
2024-05-07,11229.832274227121,11248.352846227415,11058.656903511608,11091.530391089802,12605.431402594539,13011.16662153148,12311.184134376072,12745.348191916537,13978.38584315971,14648.01797305886,13470.879473222489,14112.878787795056,10614.235225492903,10614.235225492903,10575.025674184782,10575.025674184782,11234.263291756026,11234.263291756026,11154.123657561346,11154.123657561346,11712.255334311007,11712.255334311007,11606.344276819022,11606.344276819022,11042.673272734164,12409.014219025788,14411.553959613666
2024-05-08,11228.83065908959,11247.351896239803,11057.071688465596,11089.94639548531,12590.065574914763,12994.887769757344,12296.152060523791,12729.371054494351,13944.954663246332,14613.113683973465,13438.952953853297,14079.39258268777,10616.336425492904,10616.336425492904,10577.126874184783,10577.126874184783,11237.971291756026,11237.971291756026,11157.831657561346,11157.831657561346,11716.086934311006,11716.086934311006,11610.175876819021,11610.175876819021,11041.087503396551,12393.680440357506,14377.100019484034
2024-05-09,11242.436180216979,11260.964315109752,11070.540821774011,11103.428174655086,12626.694510630425,13032.360594818954,12334.33197187309,12769.206961852358,14011.2837810903,14682.265330658922,13502.67083888351,14145.749119679096,10617.730425492904,10617.730425492904,10578.520874184784,10578.520874184784,11240.431291756026,11240.431291756026,11160.291657561345,11160.291657561345,11718.628934311006,11718.628934311006,11612.71787681902,11612.71787681902,11054.580321644416,12429.370874394019,14445.621691600967
2024-05-10,11233.938927615633,11252.465418972686,11062.473465712505,11094.930707690757,12601.41303384431,13006.33295790135,12308.76467669724,12742.499080246278,13954.381097422027,14622.64942934604,13447.50390464223,14088.078845541591,10614.718734196771,10614.718734196771,10575.570895374634,10575.570895374634,11235.422096234932,11235.422096234932,11155.192930441875,11155.192930441875,11713.39504988337,11713.39504988337,11607.388492019785,11607.388492019785,11046.571059393083,12404.62299914385,14386.819897225208
2024-05-11,11233.413751752867,11251.941469281197,11062.417968333415,11094.407966454344,12605.583067457177,13010.948999021082,12312.111207605347,12746.115517757169,13962.112982627197,14630.836222820977,13454.747781345133,14095.717513614994,10616.558950501596,10616.558950501596,10577.342955520024,10577.342955520024,11238.489123409641,11238.489123409641,11158.259957616585,11158.259957616585,11716.598389376955,11716.598389376955,11610.591831513371,11610.591831513371,11046.514540204596,12408.974591918166,14394.886982254831
2024-05-12,11235.479191173965,11254.009758007642,11064.653936308598,11096.375508459292,12608.912122172598,13014.553447500532,12314.775866227212,12748.937705058588,13968.722880861947,14637.809590676787,13460.823118647688,14102.111104682326,10617.162508150675,10617.162508150675,10577.924159182101,10577.924159182101,11239.495052824775,11239.495052824775,11159.26588703172,11159.26588703172,11717.649026766097,11717.649026766097,11611.642468902513,11611.642468902513,11048.82538691499,12412.385992386815,14401.744228843225
2024-05-13,11245.130860621102,11263.675436284742,11073.362864004694,11105.923279084202,12636.973827056,13043.10516326654,12343.486399252446,12778.584052546783,14013.232076076625,14684.308000624736,13503.47547709938,14146.684777825836,10616.459926447607,10616.459926447607,10577.247599023593,10577.247599023593,11238.324083319665,11238.324083319665,11158.094917526609,11158.094917526609,11715.297619919063,11715.297619919063,11609.200427767739,11609.200427767739,11057.522640586116,12439.649111466604,14447.575331253196
2024-05-14,11234.732933134794,11253.285311942278,11063.33992636051,11095.370273803735,12599.015924980955,13003.68451850966,12305.173158246562,12738.308600033082,13944.086342256156,14612.232713336727,13436.216344112861,14076.69674943974,10610.057736795316,10610.057736795316,10571.082527506573,10571.082527506573,11227.653767232512,11227.653767232512,11147.424601439456,11147.424601439456,11704.041661093783,11704.041661093783,11597.8452731896,11597.8452731896,11047.590404799363,12402.469630832888,14376.219361076392
2024-05-15,11255.097829709448,11273.649452955058,11081.64330661713,11115.729629393787,12654.78380012913,13060.71015329591,12362.685645199059,12798.293601550924,14051.49403751476,14728.812286983546,13539.648446646404,14184.508993643072,10614.333360278579,10614.333360278579,10575.199794564529,10575.199794564529,11234.779806371283,11234.779806371283,11154.550640578227,11154.550640578227,11711.484413083164,11711.484413083164,11605.288025178981,11605.288025178981,11065.905559426054,12456.303919402624,14491.405488998445
2024-05-16,11248.31990627399,11266.865896421166,11074.654310086666,11108.865642599962,12642.655334962941,13048.341538939969,12350.377246529108,12785.604054147863,14025.96898096909,14702.309903474681,13513.943817329993,14157.77323131424,10611.134006463868,10611.134006463868,10572.11893533555,10572.11893533555,11227.388263517707,11227.388263517707,11147.026647661549,11147.026647661549,11703.855881058127,11703.855881058127,11597.527043090842,11597.527043090842,11059.079734034834,12444.13282744054,14465.12867845969
2024-05-17,11258.0013773528,11276.548922935632,11084.249353787229,11118.535577530987,12672.16843447648,13078.672508536885,12379.134978110365,12815.308762875307,14068.063361605842,14746.134748674378,13554.477165249275,14199.916992739618,10614.493906871548,10614.493906871548,10575.35439498739,10575.35439498739,11236.50596184645,11236.50596184645,11156.144345990291,11156.144345990291,11713.222460898549,11713.222460898549,11606.893622931264,11606.893622931264,11068.673481539017,12473.201951194018,14508.352952376443
2024-05-18,11253.37935184273,11271.919300662079,11079.203408259675,11113.740437959714,12670.254614907577,13076.415168352367,12376.598706475434,12813.509926314753,14052.60488044193,14730.600967051067,13539.43438364555,14183.667675173441,10614.172970256323,10614.172970256323,10574.82130738919,10574.82130738919,11236.02581596465,11236.02581596465,11155.59716987349,11155.59716987349,11712.73731501675,11712.73731501675,11606.341446814464,11606.341446814464,11063.8633233714,12470.277957709526,14493.243035172221
2024-05-19,11247.192582919513,11265.727886019335,11072.793643543087,11107.588124789643,12648.870047964221,13054.463587846085,12356.510893195944,12792.552720274454,14024.385756516313,14701.115691711564,13511.672112081438,14154.875878265733,10613.51855583685,10613.51855583685,10574.166892969717,10574.166892969717,11231.380572706234,11231.380572706234,11150.951926615075,11150.951926615075,11707.972871758335,11707.972871758335,11601.577003556049,11601.577003556049,11057.457430087754,12449.330747227936,14464.081098207404
2024-05-20,11282.6785307735,11301.24111270828,11108.888269480642,11142.871754617696,12757.476550211504,13165.962146340244,12460.555647329913,12899.933222909389,14199.852732461497,14883.662499358563,13681.713972791642,14331.535231396876,10618.73860928948,10618.73860928948,10579.386946422346,10579.386946422346,11258.50933942884,11258.50933942884,11178.08069333768,11178.08069333768,11735.611354319373,11735.611354319373,11629.215486117087,11629.215486117087,11093.529323662844,12556.655121126507,14644.389487565591
2024-05-21,11295.638589402219,11314.230116257955,11122.835962036928,11155.276174904402,12800.709054783512,13210.499979702166,12504.129747763525,12945.0898773922,14244.09960753078,14930.441021628856,13722.942274816543,14375.555263472554,10625.329987652312,10625.329987652312,10585.690850760657,10585.690850760657,11269.849894836621,11269.849894836621,11189.110982878687,11189.110982878687,11743.797195817651,11743.797195817651,11637.120023403237,11637.120023403237,11107.75237287199,12599.027746784368,14690.827458652355
2024-05-22,11290.715318238823,11309.301376875857,11117.260895142846,11150.196307374203,12785.176201723441,13194.51712515769,12487.821918224192,12928.253985280902,14213.820810265137,14898.855343684192,13692.948120433895,14344.299056490147,10621.5317165115,10621.5317165115,10581.736977475695,10581.736977475695,11263.383942569306,11263.383942569306,11182.379368414047,11182.379368414047,11734.11402463234,11734.11402463234,11627.200590650338,11627.200590650338,11102.434063513218,12583.856766052322,14659.806680823027
2024-05-23,11293.376894362322,11311.981395172272,11120.60064244189,11152.677676123589,12787.71961604581,13197.086376066603,12491.674308709029,12932.016807008564,14223.235012161253,14909.18968779457,13701.757304674733,14353.949604869213,10617.648803022706,10617.648803022706,10577.854063986902,10577.854063986902,11256.827481673714,11256.827481673714,11175.822907518455,11175.822907518455,11723.495995363932,11723.495995363932,11616.739879671202,11616.739879671202,11105.75844233483,12586.201003649578,14669.741899351091
2024-05-24,11288.762815023687,11307.357883095354,11115.480065969381,11148.189881697559,12774.312274660379,13183.283477479272,12477.604275883243,12917.543262000945,14194.422510343948,14878.737417006092,13674.08222880837,14324.760514548945,10615.658890799119,10615.658890799119,10575.864151763315,10575.864151763315,11253.42595864755,11253.42595864755,11172.42138449229,11172.42138449229,11721.64351534122,11721.64351534122,11614.878526573673,11614.878526573673,11100.645726477558,12573.155370384246,14639.969115708342
2024-05-25,11301.164178309471,11319.769044556066,11126.80549672008,11160.49815406896,12813.144483486632,13223.393961632524,12513.803690404682,12955.091112683436,14250.946864348947,14937.657683426696,13728.634015390884,14381.610882337209,10617.19095659612,10617.19095659612,10577.396217560316,10577.396217560316,11256.03273683755,11256.03273683755,11175.02816268229,11175.02816268229,11726.498631282218,11726.498631282218,11619.714342514671,11619.714342514671,11111.962992082485,12611.497680981376,14698.160424759566
2024-05-26,11304.922354633114,11323.539650391906,11131.64928458277,11164.088890191808,12806.680742006087,13216.627028909474,12509.341998019117,12950.31100721592,14233.277899058912,14919.530200287847,13711.41699726985,14363.942476226726,10619.598613016446,10619.598613016446,10579.803873980642,10579.803873980642,11260.152094616098,11260.152094616098,11179.14752046084,11179.14752046084,11728.354587940794,11728.354587940794,11621.589126515239,11621.589126515239,11116.796422018342,12604.896782756412,14680.023355136273
2024-05-27,11314.322019958208,11332.94757097658,11140.867210518754,11173.359917270356,12847.232547375135,13258.450081584464,12548.749207927216,12991.073307382989,14302.716060086706,14992.100584904552,13778.43021899979,14433.976642524029,10623.532340425027,10623.532340425027,10583.737601389223,10583.737601389223,11266.853155586805,11266.853155586805,11185.848581431546,11185.848581431546,11738.105599344713,11738.105599344713,11631.307642192754,11631.307642192754,11126.007468571343,12644.744885662567,14751.486097533143
2024-05-28,11317.71629849322,11336.347324526687,11143.76986760742,11176.22920314052,12843.984940765751,13255.098131377676,12545.832227298224,12988.05876293387,14309.553184835811,14999.346865048792,13784.170467056294,14440.058106662638,10622.51874317621,10622.51874317621,10582.564384255173,10582.564384255173,11261.909250129469,11261.909250129469,11180.90467597421,11180.90467597421,11732.711363618995,11732.711363618995,11625.728453908876,11625.728453908876,11129.351454058986,12641.550506044476,14751.588930687298
2024-05-29,11286.239164601502,11304.824431801622,11112.739375667754,11145.112508107428,12787.643199297632,13196.965039938643,12491.30588456751,12931.635647859706,14227.196598694889,14913.089490064223,13704.771730865434,14356.91048092957,10620.260344705934,10620.260344705934,10580.305985784897,10580.305985784897,11252.570840385375,11252.570840385375,11171.566266230117,11171.566266230117,11722.948539187968,11722.948539187968,11616.02836276869,11616.02836276869,11098.359424751721,12586.14495186676,14663.431186368272
2024-05-30,11273.644841080646,11292.210378857504,11100.311741207104,11132.64847147767,12753.5575300527,13161.799084383214,12457.687264568238,12896.843813747611,14161.176679651033,14843.892490299088,13640.666397813508,14289.764125129048,10620.105544705933,10620.105544705933,10580.151185784896,10580.151185784896,11250.78207864252,11250.78207864252,11169.777504487261,11169.777504487261,11721.081457656135,11721.081457656135,11614.165581236857,11614.165581236857,11085.972506850558,12552.611415614681,14599.165541320626
2024-05-31,11286.720614704092,11305.3036001614,11112.814275763265,11145.191124900282,12772.641664868719,13181.487524624257,12475.81756775599,12915.616684541768,14186.216132440266,14870.151987389683,13664.277349431526,14314.500004397276,10619.890109963711,10619.890109963711,10579.721585787176,10579.721585787176,11249.65687097413,11249.65687097413,11168.38996711382,11168.38996711382,11720.779079959737,11720.779079959737,11613.798206170584,11613.798206170584,11098.824031493921,12571.40378512511,14624.069261734649
2024-06-01,11303.779622096536,11322.376818589404,11129.59922950662,11162.03331428197,12803.520103847199,13213.335763945577,12505.934872285281,12946.854801826068,14232.597976767076,14918.780558313973,13708.995650403398,14361.327266473118,10619.890109963711,10619.890109963711,10579.721585787176,10579.721585787176,11254.552742267118,11254.552742267118,11173.28583840681,11173.28583840681,11728.597391515106,11728.597391515106,11621.536257540823,11621.536257540823,11115.592905666435,12601.805803303383,14675.401965919778
2024-06-02,11300.19669984966,11318.792595367197,11125.839587614077,11158.272539669442,12793.236762531187,13202.724237436454,12495.639486842852,12936.19831703012,14213.247917729828,14898.49575017444,13689.949327070428,14341.419158871819,10619.890109963711,10619.890109963711,10579.721585787176,10579.721585787176,11254.908979075599,11254.908979075599,11173.64207521529,11173.64207521529,11727.157770207743,11727.157770207743,11620.090796285776,11620.090796285776,11112.074799087402,12591.686250735327,14653.539282517451
2024-06-03,11300.469392899475,11319.05421918995,11125.9558323325,11158.366846897072,12810.097786625967,13220.088084801988,12511.93462709039,12953.250652656916,14241.404477553393,14927.95131197348,13716.671861744,14369.451435308192,10619.890109963711,10619.890109963711,10579.721585787176,10579.721585787176,11268.9901953588,11268.9901953588,11187.72329149849,11187.72329149849,11741.079041216672,11741.079041216672,11633.781227683507,11633.781227683507,11112.330358476123,12608.286867383158,14681.682106541994
2024-06-04,11336.724185518575,11355.30616870076,11161.121227934893,11193.526482786581,12879.715809493737,13292.012965390699,12579.834703778328,13023.524253215843,14337.110949023598,15028.167424646099,13808.839751575815,14466.050826523708,10647.370367564703,10647.370367564703,10606.906998220018,10606.906998220018,11304.991906177229,11304.991906177229,11223.72500231692,11223.72500231692,11781.077401430752,11781.077401430752,11673.189395916957,11673.189395916957,11147.86775390322,12676.457708124995,14780.141697265097
2024-06-05,11352.857184984405,11371.439933655789,11176.812041430378,11209.23226719276,12918.941551721935,13332.51644632219,12617.856419787777,13062.875206269484,14395.184168893365,15089.026196121651,13864.371585812261,14524.219169627393,10653.388007950713,10653.388007950713,10612.924638606028,10612.924638606028,11312.802035188857,11312.802035188857,11231.535131328548,11231.535131328548,11792.08250570227,11792.08250570227,11684.066465286647,11684.066465286647,11163.694517284073,12714.99492982204,14843.06778142231
2024-06-06,11357.107571012126,11375.679819808884,11180.970821280926,11213.376372799155,12919.811807325916,13333.426924743877,12618.71498837345,13063.761378459112,14382.98742860076,15076.196551583642,13852.570145063837,14511.896646175894,10658.865194377217,10658.865194377217,10618.401825032532,10618.401825032532,11319.910723955172,11319.910723955172,11238.643820094863,11238.643820094863,11796.682406744014,11796.682406744014,11688.549830446975,11688.549830446975,11167.846315776424,12715.779123908362,14829.001747840226
2024-06-07,11319.704465385288,11338.260120930152,11144.058120683474,11176.430355771427,12817.416615918632,13227.721189335189,12518.255639650932,12959.769710583521,14240.861955229968,14927.240776159317,13715.269348257127,14368.097679420582,10646.024633070961,10646.024633070961,10605.561263726277,10605.561263726277,11303.245314600244,11303.245314600244,11221.978410739935,11221.978410739935,11772.036515593996,11772.036515593996,11664.177142729006,11664.177142729006,11131.135980862566,12615.158213966944,14675.121413928564
2024-06-08,11332.898828501991,11351.474102932281,11156.853129600513,11189.264183204565,12834.494180342039,13245.344994090816,12534.5286987459,12976.610607411807,14256.995300649854,14944.178249018514,13729.868886570477,14383.447159022697,10645.440951170713,10645.440951170713,10604.909234125278,10604.909234125278,11302.397414600244,11302.397414600244,11221.130510739935,11221.130510739935,11770.708938239155,11770.708938239155,11662.53340018165,11662.53340018165,11144.107469810522,12631.97352241609,14694.980631397968
2024-06-09,11326.80461624189,11345.383464021968,11150.778162106813,11183.179618582868,12825.624209705358,13236.11276900365,12525.806703414379,12967.621365405006,14252.596013343295,14939.593101741393,13725.686534225035,14379.068301907375,10641.944451170713,10641.944451170713,10601.412734125279,10601.412734125279,11296.632914600243,11296.632914600243,11215.366010739934,11215.366010739934,11765.260530279154,11765.260530279154,11657.17949222165,11657.17949222165,11138.053571675062,12623.23284505917,14692.43974243059
2024-06-10,11305.029606010285,11323.597704637361,11128.919704813383,11161.300146981437,12777.541893417558,13186.711158533923,12478.272385311497,12918.396626994363,14174.378495749212,14857.289528264877,13649.685634640564,14299.222843691841,10631.49476257529,10631.49476257529,10590.724366363589,10590.724366363589,11279.4050496186,11279.4050496186,11197.744647673364,11197.744647673364,11746.73477505246,11746.73477505246,11638.46004199924,11638.46004199924,11116.472158136454,12576.092979225925,14611.61228835638
2024-06-11,11286.013953163636,11304.585100738937,11109.772749408055,11142.10490955569,12742.04726715891,13150.114758757583,12442.877491717609,12881.81454667314,14101.002917234671,14780.81109786764,13578.074026103892,14222.0603558661,10624.46421870104,10624.46421870104,10583.506184866588,10583.506184866588,11267.218773569899,11267.218773569899,11185.473739128463,11185.473739128463,11727.30319315881,11727.30319315881,11618.931318434541,11618.931318434541,11097.654091396053,12541.150536410934,14539.65028523222
2024-06-12,11288.799617571944,11307.373121543997,11112.554346445193,11144.871104353544,12759.576004053844,13168.17835489737,12459.96443554559,12899.455983920558,14129.434995462749,14810.530844442,13604.718824449468,14249.803480082666,10629.595842780498,10629.595842780498,10588.637808946047,10588.637808946047,11276.113588640963,11276.113588640963,11194.197500063545,11194.197500063545,11736.31770901229,11736.31770901229,11627.572969823388,11627.572969823388,11100.487143825454,12558.411627609867,14566.91161751815
2024-06-13,11272.221167351367,11290.78115838144,11096.079122419378,11128.367317720515,12703.663536963319,13110.493641712856,12405.116022810085,12842.735584930859,14035.909937990136,14712.222704839387,13514.373549660415,14154.81887591341,10623.721842780498,10623.721842780498,10582.763808946047,10582.763808946047,11267.829075123213,11267.829075123213,11184.211700063544,11184.211700063544,11725.74450901229,11725.74450901229,11617.195569823389,11617.195569823389,11085.220576475334,12503.364398704807,14470.311268972118
2024-06-14,11274.335161311565,11292.889939888468,11097.803291039258,11130.09922799613,12700.663090797729,13107.395040341156,12402.205787594388,12839.710215113111,14023.803249456338,14699.509046663305,13502.426800618801,14142.301009167764,10624.7448427805,10624.7448427805,10583.786808946048,10583.786808946048,11269.261275123212,11269.261275123212,11185.490918034544,11185.490918034544,11727.145957404315,11727.145957404315,11618.542987794388,11618.542987794388,11087.111359963601,12500.414573764028,14460.856226206113
2024-06-15,11274.801901711953,11293.359269477547,11098.37704668095,11130.667963040712,12705.877093056966,13112.769004408654,12407.322666414526,12844.99516371114,14033.72319704409,14709.885815737432,13511.955403107097,14152.265825360704,10625.879265826998,10625.879265826998,10584.885073132049,10584.885073132049,11271.310875123212,11271.310875123212,11187.491718034544,11187.491718034544,11729.244357404314,11729.244357404314,11620.641387794387,11620.641387794387,11087.682526416598,12505.546637977191,14469.192654214841
2024-06-16,11279.299292422147,11297.860650948747,11102.840247038477,11135.139644226849,12720.361267134791,13127.7140575269,12421.477072058322,12859.643475055305,14056.279112776276,14733.518455815083,13533.664065845576,14174.991536837757,10626.517665826997,10626.517665826997,10585.523473132049,10585.523473132049,11272.428075123213,11272.428075123213,11188.582318034543,11188.582318034543,11730.388157404313,11730.388157404313,11621.785187794387,11621.785187794387,11092.14173601312,12519.79974307064,14491.66311615764
2024-06-17,11254.505480790176,11273.062279772394,11078.106967266609,11110.354714393377,12649.920947907152,13054.247017179772,12351.89407810149,12788.32828932444,13943.997734487904,14615.814328988366,13425.490565307491,14061.567862201126,10624.912065826997,10624.912065826997,10583.917873132048,10583.917873132048,11269.618275123212,11269.618275123212,11185.839418034544,11185.839418034544,11727.511457404315,11727.511457404315,11618.908487794388,11618.908487794388,11067.533198302019,12450.148989241932,14366.992553986302
2024-06-18,11235.234033572246,11253.782924196923,11058.806720743136,11091.023209000678,12600.215593229235,13002.49772351305,12302.873136954442,12738.044771318037,13871.67695422095,14540.053648684976,13355.951513772816,13988.688720647482,10621.201665826997,10621.201665826997,10580.207473132048,10580.207473132048,11263.125075123211,11263.125075123211,11179.500818034545,11179.500818034545,11720.863657404316,11720.863657404316,11612.260687794389,11612.260687794389,11048.282674287933,12401.030365871162,14289.214856538578
2024-06-19,11232.38603285136,11250.927648788478,11055.778261248142,11087.986292170563,12596.342214288281,12998.421170825583,12298.63414428812,12734.187536178602,13868.81118541309,14537.133030182118,13352.555489799546,13985.253048105558,10621.062858737596,10621.062858737596,10579.927529574448,10579.927529574448,11265.411786177436,11265.411786177436,11181.687460366344,11181.687460366344,11722.96848053716,11722.96848053716,11614.188579127484,11614.188579127484,11045.49064028759,12397.114258942638,14286.395632316719
2024-06-20,11230.211230545863,11248.74848450913,11053.643581899325,11085.844831733406,12587.911261463429,12989.696738839826,12290.262739671833,12725.724723435675,13859.646494737717,14527.487053422568,13343.712079647015,13975.935207977933,10621.062858737596,10621.062858737596,10579.927529574448,10579.927529574448,11262.743786177436,11262.743786177436,11179.019460366344,11179.019460366344,11720.093993769784,11720.093993769784,11611.314092360108,11611.314092360108,11043.359366920477,12388.699606093449,14276.940534882286
2024-06-21,11228.780025775544,11247.316366168265,11052.213590095314,11084.415550047115,12583.275420972961,12984.998381957217,12285.888634124622,12720.608514353518,13846.987740392431,14514.27298903817,13331.523841696593,13963.215989853263,10621.062858737596,10621.062858737596,10579.927529574448,10579.927529574448,11262.465486177436,11262.465486177436,11178.741160366344,11178.741160366344,11719.060187150904,11719.060187150904,11610.280285741228,11610.280285741228,11041.92780569069,12384.313000655904,14263.845390586439
2024-06-22,11231.736487544362,11250.277060684144,11055.128043595283,11087.336715691894,12592.587666135409,12994.615735389278,12294.91839460062,12729.993389245872,13856.8865381494,14524.599969965375,13340.90984308893,13973.05864402166,10621.062858737596,10621.062858737596,10579.927529574448,10579.927529574448,11263.149908299836,11263.149908299836,11179.378728055943,11179.378728055943,11719.893825868117,11719.893825868117,11611.06707002564,11611.06707002564,11044.837310651905,12393.468748232204,14274.050607020785
2024-06-23,11229.42351131659,11247.96199664841,11052.84402633142,11085.047025063126,12580.329525866777,12981.939296380335,12282.9247626652,12717.505321515207,13832.664045780783,14499.402348050948,13317.61093015059,13948.698308581315,10621.062858737596,10621.062858737596,10579.927529574448,10579.927529574448,11261.112908299836,11261.112908299836,11177.341728055942,11177.341728055942,11716.665015971932,11716.665015971932,11607.838260129454,11607.838260129454,11042.558416801054,12381.410539156748,14249.125326769616
2024-06-24,11226.819513940185,11245.358871404755,11050.15327891188,11082.36389033075,12575.624486781096,12977.333730876757,12278.592889351585,12710.933254563137,13818.67003364602,14485.272998374534,13303.875764858873,13934.495698446603,10621.062858737596,10621.062858737596,10579.927529574448,10579.927529574448,11257.091425627452,11257.091425627452,11173.27886855702,11173.27886855702,11708.519758932458,11708.519758932458,11599.619130316372,11599.619130316372,11039.910088335639,12377.402673585364,14234.633699893202
2024-06-25,11234.016303144843,11252.562909952236,11057.208469279138,11089.437539425717,12595.599217562478,12997.924289194372,12297.813918418075,12730.964313851322,13856.990800068828,14525.218916376103,13340.387718301165,13972.625678277278,10621.062858737596,10621.062858737596,10579.927529574448,10579.927529574448,11258.598930909453,11258.598930909453,11174.69543368502,11174.69543368502,11711.46301757385,11711.46301757385,11602.411130098639,11602.411130098639,11046.996893655876,12397.117872967228,14273.966628013928
2024-06-26,11229.11542857719,11247.658499165422,11052.368600593456,11084.585701331414,12580.61429970807,12982.479077686046,12283.222567804693,12715.767375657446,13832.496648938766,14499.7088380494,13316.762677127523,13947.967015285436,10621.062858737596,10621.062858737596,10579.927529574448,10579.927529574448,11257.822930909453,11257.822930909453,11173.91943368502,11173.91943368502,11709.75078420385,11709.75078420385,11600.69889672864,11600.69889672864,11042.170789486323,12382.336096736615,14248.838345420514
2024-06-27,11231.945387930538,11250.49233371077,11055.162167515544,11087.385060964796,12589.143883595483,12991.275112741552,12291.509791280027,12724.44343795046,13853.283623213823,14521.417429435205,13336.817108361936,13968.945283036464,10621.062858737596,10621.062858737596,10579.927529574448,10579.927529574448,11259.208530909453,11259.208530909453,11175.30503368502,11175.30503368502,11711.94002617385,11711.94002617385,11602.88813869864,11602.88813869864,11044.96053145516,12390.775621944958,14270.202097712569
2024-06-28,11224.601800875265,11243.141365079535,11047.901765336592,11080.110391093729,12562.071747866083,12963.446734322286,12265.203401321316,12696.83701294934,13797.420370437298,14463.219216556055,13282.872202110137,13912.474979176171,10621.062858737596,10621.062858737596,10579.927529574448,10579.927529574448,11256.960530909453,11256.960530909453,11173.05703368502,11173.05703368502,11709.624291284374,11709.624291284374,11600.510767970738,11600.510767970738,11037.706492174775,12364.009651290466,14212.917611710634
2024-06-29,11223.122276718832,11241.657315038614,11046.3680731136,11078.573388608464,12557.605215816357,12958.845098031321,12260.742061047851,12692.20981719391,13789.382442251472,14454.738751672481,13275.062942202474,13904.208067207686,10621.062858737596,10621.062858737596,10579.927529574448,10579.927529574448,11257.392530909454,11257.392530909454,11173.48903368502,11173.48903368502,11710.056291284374,11710.056291284374,11600.942767970739,11600.942767970739,11036.250841018238,12359.620162454168,14204.54032181363
2024-06-30,11228.436484414573,11246.975665330063,11051.562987742182,11083.777945141195,12572.67408830217,12974.42706458129,12275.522007579513,12707.52267047871,13825.926909554015,14492.89337603829,13310.20276598308,13940.706330899407,10621.062858737596,10621.062858737596,10579.927529574448,10579.927529574448,11259.349330909454,11259.349330909454,11175.44583368502,11175.44583368502,11713.72339703875,11713.72339703875,11604.54884548824,11604.54884548824,11041.442227875712,12374.492979281507,14242.058343508908
2024-07-01,11225.14167249909,11243.677199601721,11048.32046197289,11080.52649454062,12563.23785169296,12965.11330757996,12266.586219979421,12698.262021800077,13821.16111404318,14487.875329535931,13305.597599710216,13935.91255903373,10621.062858737596,10621.062858737596,10579.927529574448,10579.927529574448,11258.474285030028,11258.474285030028,11174.570787805595,11174.570787805595,11712.58341198494,11712.58341198494,11603.440324809495,11603.440324809495,11038.20285265149,12365.605605086195,14237.143355695864
2024-07-02,11225.603758943733,11244.138363658794,11048.735261422875,11080.936951752545,12564.87221106356,12966.809936358792,12268.064169944077,12699.778985723195,13820.479710901482,14487.24032429001,13304.80513056449,13935.097019949362,10621.062858737596,10621.062858737596,10579.927529574448,10579.927529574448,11259.12315938306,11259.12315938306,11175.185005385527,11175.185005385527,11712.488660685674,11712.488660685674,11603.31447742792,11603.31447742792,11038.618466191912,12367.214377755046,14236.47959477663
2024-07-03,11212.593736023435,11231.123990066715,11035.829273943247,11068.01473105371,12524.386373589747,12924.55659926677,12227.92843145871,12658.278071291494,13737.373926418873,14400.031103933521,13224.512997039905,13850.980126250612,10617.704395874161,10617.704395874161,10576.487762378463,10576.487762378463,11253.959535625658,11253.959535625658,11170.021381628125,11170.021381628125,11707.25661660915,11707.25661660915,11598.25506661481,11598.25506661481,11025.837149334406,12327.0365056626,14150.799880843108
2024-07-04,11194.244030089101,11212.766043687254,11017.690230077978,11049.83524258986,12474.07805372989,12872.653308796771,12178.2310088458,12606.870013450096,13644.793748995437,14303.141971108354,13134.341425853629,13756.75539169301,10617.62784656636,10617.62784656636,10576.333302747262,10576.333302747262,11253.839243856259,11253.839243856259,11169.778659350524,11169.778659350524,11700.22007983136,11700.22007983136,11591.050561804443,11591.050561804443,11007.863714551957,12277.529224087219,14055.593652627713
2024-07-05,11192.052969347698,11210.574145368084,11015.456395013707,11047.591807727298,12469.840266471781,12868.272406170545,12173.76944187798,12602.237262810826,13637.715793301206,14295.754633708466,13126.963260972449,13749.080534855266,10617.62784656636,10617.62784656636,10576.333302747262,10576.333302747262,11253.839243856259,11253.839243856259,11169.778659350524,11169.778659350524,11700.157343602836,11700.157343602836,11590.930822460345,11590.930822460345,11005.731088584853,12273.317189855445,14048.337950179959
2024-07-06,11206.145393299055,11224.670134770535,11029.43045364416,11061.584999669385,12505.385392992974,12904.870221256038,12208.407660565174,12637.978247118375,13696.025837939585,14356.899339124087,13183.183582077845,13808.036574965978,10617.62784656636,10617.62784656636,10576.333302747262,10576.333302747262,11253.839243856259,11253.839243856259,11169.778659350524,11169.778659350524,11700.157343602836,11700.157343602836,11590.930822460345,11590.930822460345,11019.701581764211,12308.13135732197,14108.463075184742
2024-07-07,11195.628145573513,11214.150198002837,11018.949927707401,11051.092938976624,12478.999667865943,12877.713304866089,12182.64886540895,12611.417547606956,13652.788124202989,14311.540235710874,13141.386517220197,13764.171594497666,10617.62784656636,10617.62784656636,10576.333302747262,10576.333302747262,11253.839243856259,11253.839243856259,11169.778659350524,11169.778659350524,11700.157343602836,11700.157343602836,11590.930822460345,11590.930822460345,11009.253113151712,12282.327288981985,14063.856878200304
2024-07-08,11205.224663633076,11223.748196759227,11028.509613018452,11060.658886470497,12504.324910808196,12903.755899745538,12207.32853500093,12636.835698598448,13694.302623445357,14355.068662397305,13181.4874420505,13806.244928195802,10617.62784656636,10617.62784656636,10576.333302747262,10576.333302747262,11253.839243856259,11253.839243856259,11169.778659350524,11169.778659350524,11700.157343602836,11700.157343602836,11590.930822460345,11590.930822460345,11018.81205811435,12307.071827657746,14106.681432560306
2024-07-09,11207.19647082202,11225.719887356745,11030.470671921286,11062.6217270384,12510.666056542303,12910.282811655763,12213.48141173012,12643.181833325416,13704.697635743134,14365.969538982898,13191.46964318411,13816.713484330192,10617.62784656636,10617.62784656636,10576.333302747262,10576.333302747262,11253.839243856259,11253.839243856259,11169.778659350524,11169.778659350524,11700.157343602836,11700.157343602836,11590.930822460345,11590.930822460345,11020.773175312897,12313.279627182092,14117.400813691913
2024-07-10,11209.258415198341,11227.783309140406,11032.440544726413,11064.599220692884,12516.50765567433,12916.323332793429,12219.138291237958,12649.053438855995,13714.286815905309,14376.030332053777,13200.597866326574,13826.27430471586,10617.62784656636,10617.62784656636,10576.333302747262,10576.333302747262,11253.839243856259,11253.839243856259,11169.778659350524,11169.778659350524,11700.157343602836,11700.157343602836,11590.930822460345,11590.930822460345,11022.788608848012,12319.044453124678,14127.275245475164
2024-07-11,11199.517172010372,11218.033199855972,11022.799148220034,11054.940197951075,12491.000690310113,12890.036591157472,12194.258523089986,12623.354560859007,13672.43249104822,14332.136638036287,13160.255587550224,13783.971020774992,10617.62784656636,10617.62784656636,10576.333302747262,10576.333302747262,11253.839243856259,11253.839243856259,11169.778659350524,11169.778659350524,11700.157343602836,11700.157343602836,11590.930822460345,11590.930822460345,11013.153123072609,12294.029038945653,14084.12549332428
2024-07-12,11199.014385629607,11217.52754966338,11022.309457171901,11054.448006146187,12490.860384217825,12889.893354538624,12194.114291205022,12623.204867890143,13672.179744712445,14331.890552940915,13160.008001026297,13783.734945344842,10617.62784656636,10617.62784656636,10576.333302747262,10576.333302747262,11253.839243856259,11253.839243856259,11169.778659350524,11169.778659350524,11700.157343602836,11700.157343602836,11590.930822460345,11590.930822460345,11012.665341232358,12293.87575837032,14083.880093760408
2024-07-13,11197.433415892416,11215.947120613555,11020.659948427787,11052.79706166412,12487.98505056643,12886.934780807438,12191.131809395196,12620.123149071216,13669.255967172461,14328.837765210448,13156.948041484095,13780.543998544712,10617.62784656636,10617.62784656636,10576.333302747262,10576.333302747262,11253.839243856259,11253.839243856259,11169.778659350524,11169.778659350524,11700.157343602836,11700.157343602836,11590.930822460345,11590.930822460345,11011.099527096609,12291.0497499636,14080.87656540161
2024-07-14,11203.647200028465,11222.163032104594,11026.651484569853,11058.800734921062,12506.29202661509,12905.801291434063,12208.593375901379,12638.160353335685,13700.708478606835,14361.83123051913,13186.655292113355,13811.699918649016,10616.707472599403,10616.707472599403,10575.33507393719,10575.33507393719,11252.27804322762,11252.27804322762,11168.091730043585,11168.091730043585,11698.533955543995,11698.533955543995,11589.180052938807,11589.180052938807,11017.237793411698,12309.0011383215,14113.304304612504
2024-07-15,11217.23419653908,11235.762947297102,11040.083216772091,11072.26032996356,12556.953417250746,12958.040434509245,12258.045183425987,12689.270006311475,13799.540383936248,14464.921151467079,13277.903923313357,13910.94879473923,10619.271789031822,10619.271789031822,10577.889489533964,10577.889489533964,11256.627810354938,11256.627810354938,11172.408494385414,11172.408494385414,11706.810145895419,11706.810145895419,11597.130077966978,11597.130077966978,11030.662563298614,12358.76687216885,14214.890918064562
2024-07-16,11224.995170149357,11243.54228713819,11047.573319725941,11079.779005784734,12585.809230791308,12987.846439800107,12286.11680596313,12718.374002119703,13859.140523088938,14527.727195318486,13334.649004321482,13970.598197326075,10625.825131411497,10625.825131411497,10584.417529433407,10584.417529433407,11267.74403333616,11267.74403333616,11183.440375765867,11183.440375765867,11718.569242889553,11718.569242889553,11608.666189406698,11608.666189406698,11038.25319319338,12387.21841846921,14276.488900701857
2024-07-17,11229.010620826468,11247.57051236385,11051.462514181438,11083.692833752344,12597.094913551127,12999.555383007524,12297.055617342561,12729.728733017359,13867.256285108888,14536.152775391947,13341.830614682976,13978.058359646273,10636.412391426606,10636.412391426606,10594.920911355563,10594.920911355563,11285.702990870117,11285.702990870117,11201.193625404325,11201.193625404325,11737.183584945464,11737.183584945464,11626.969990486516,11626.969990486516,11042.181136114741,12398.375041174628,14284.789369863187
2024-07-18,11217.308196436168,11235.84594789315,11039.93508975841,11072.126457942119,12565.797188055223,12967.233012999033,12266.49119316844,12698.09718927391,13810.791627785604,14476.946298939085,13287.460905316739,13921.095676130719,10623.482106546606,10623.482106546606,10582.041555387563,10582.041555387563,11263.769606102118,11263.769606102118,11179.424344908324,11179.424344908324,11714.373091137462,11714.373091137462,11604.368871094513,11604.368871094513,11030.664699233314,12367.567350919713,14226.63464752375
2024-07-19,11230.996461767847,11249.549557619173,11053.40897947546,11085.621389167274,12603.360259153764,13005.914888752426,12302.975386318567,12735.837564278847,13894.877834595369,14565.178539427377,13368.104964325765,14005.748907294128,10624.280461294986,10624.280461294986,10582.836765631464,10582.836765631464,11265.12383936458,11265.12383936458,11180.768445878575,11180.768445878575,11715.781479754847,11715.781479754847,11605.764332304594,11605.764332304594,11044.12859228039,12404.50482171796,14313.251773399046
2024-07-20,11237.155202476077,11255.714789386426,11059.457855627077,11091.682342736927,12614.553631224158,13017.39895879951,12313.475607887833,12746.675803489234,13918.147350328378,14589.879818606623,13389.745234308124,14028.36248136952,10628.97294553241,10628.97294553241,10587.510767436444,10587.510767436444,11273.880965921782,11273.880965921782,11189.332662189383,11189.332662189383,11724.856914870823,11724.856914870823,11614.630428345337,11614.630428345337,11050.1745101284,12415.540919294881,14337.579835489918
2024-07-21,11248.034506740956,11266.60050711945,11070.161230998125,11102.395045780482,12644.283747792404,13047.842061983765,12342.455744840876,12776.577560707747,13983.08192817052,14658.748349406134,13452.00330237701,14093.421057729018,10630.037364768163,10630.037364768163,10588.57099421131,10588.57099421131,11277.774637624545,11277.774637624545,11193.212824851518,11193.212824851518,11728.822790066604,11728.822790066604,11618.579067868592,11618.579067868592,11060.88981191637,12444.820030087198,14405.414425618412
2024-07-22,11238.158845593387,11256.718428448601,11060.37003526996,11092.59504541229,12614.085333828432,13016.882662004276,12312.696427728131,12745.8024545544,13931.739149568632,14604.425495161218,13401.874717118568,14041.082741338529,10632.098551303163,10632.098551303163,10590.624062287308,10590.624062287308,11275.863773459045,11275.863773459045,11191.234451901759,11191.234451901759,11726.95161508236,11726.95161508236,11616.525965066896,11616.525965066896,11051.122863270914,12415.11513065214,14351.977001294958
2024-07-23,11238.211728423239,11256.760050619996,11060.580746562395,11092.787809402975,12612.355869233163,13015.020115955142,12310.621030401746,12743.908958340517,13924.249373462395,14595.27377463461,13394.652820233718,14033.793166409816,10629.684873676064,10629.684873676064,10588.21989148675,10588.21989148675,11270.307803250058,11270.307803250058,11185.667106380535,11185.667106380535,11721.273924614048,11721.273924614048,11610.887358218804,11610.887358218804,11051.339204892576,12413.276240041841,14342.863233909691
2024-07-24,11238.570772880732,11257.124094098735,11060.838153991052,11093.0547274475,12602.663649217666,13005.177756504449,12301.233463703806,12734.196838207265,13900.208059352533,14569.677652134593,13371.44009670872,14009.746394245503,10634.282485616064,10634.282485616064,10592.799394670748,10592.799394670748,11270.885542227825,11270.885542227825,11186.334064405866,11186.334064405866,11722.015967128249,11722.015967128249,11611.554953625002,11611.554953625002,11051.59411281061,12403.756813401867,14317.84832308413
2024-07-25,11227.346089315233,11245.890682105459,11050.406830975438,11082.608642093197,12570.011687768836,12971.600692949232,12268.811629980895,12700.63177848315,13847.12861921784,14514.281549490863,13320.70791520107,13955.625710846673,10630.100485979476,10630.100485979476,10588.633866805158,10588.633866805158,11263.497749254964,11263.497749254964,11178.739133407104,11178.739133407104,11715.289963284926,11715.289963284926,11604.75673443069,11604.75673443069,11041.178703520467,12371.641015779824,14263.318431032896
2024-07-26,11238.024204119445,11256.574059632037,11060.847468499014,11093.058255037105,12604.098775634784,13006.54785303437,12301.660047493784,12734.475253908795,13910.569952590171,14580.32265255447,13381.39771661524,14018.772194231125,10631.002117370903,10631.002117370903,10589.531946913205,10589.531946913205,11267.062105069082,11267.062105069082,11182.226223867248,11182.226223867248,11721.068840815633,11721.068840815633,11610.521012240837,11610.521012240837,11051.724843737456,12405.242239874877,14328.394602569606
2024-07-27,11234.718978375417,11253.26392247231,11057.553746927675,11089.755957173553,12595.303064253512,12997.473311499896,12293.078681278177,12725.60570093494,13891.28174628431,14560.12233704705,13362.837194146523,13999.346439104569,10629.178474865905,10629.178474865905,10587.715487245205,10587.715487245205,11263.943923382732,11263.943923382732,11179.131186877898,11179.131186877898,11717.80218149593,11717.80218149593,11607.283882362135,11607.283882362135,11048.433577873968,12396.579884918234,14308.557124467954
2024-07-28,11234.738664548908,11253.284020680087,11057.50102947157,11089.703702370527,12594.833349792012,12996.966752650522,12292.547993652895,12725.041768518196,13887.204297562,14555.784546120538,13358.874467941818,13995.128953348525,10630.008941494625,10630.008941494625,10588.502427985006,10588.502427985006,11265.679367508745,11265.679367508745,11180.788302217601,11180.788302217601,11719.922330225112,11719.922330225112,11609.320022135402,11609.320022135402,11048.421818847628,12396.124538373322,14304.338343900234
2024-07-29,11232.555586602204,11251.075804171973,11055.201693717268,11087.404352582085,12581.640242978725,12983.535739845744,12279.245675296828,12711.451479215715,13868.113309371332,14534.644493664835,13339.674214588935,13975.472609897532,10626.99558754218,10626.99558754218,10585.352213381106,10585.352213381106,11261.236572024593,11261.236572024593,11176.207991425586,11176.207991425586,11715.547207525799,11715.547207525799,11604.875370222819,11604.875370222819,11046.355512102256,12383.061046232853,14283.32342151189
2024-07-30,11232.130682531404,11250.62260257863,11054.62728088951,11086.840711057366,12574.796429500024,12976.573675615822,12272.24940426018,12704.298712693559,13864.118824081039,14529.98178377991,13335.08761749517,13970.945426616996,10629.92901435938,10629.92901435938,10588.267698051483,10588.267698051483,11266.442827275652,11266.442827275652,11181.36042023617,11181.36042023617,11723.829544039261,11723.829544039261,11612.84046917996,11612.84046917996,11045.901746449188,12376.295329058628,14278.797624649698
2024-07-31,11219.947634758779,11238.359771137799,11042.556870526658,11074.761631816598,12542.502779066002,12943.480588716699,12240.058850560377,12671.194933994306,13803.993955789714,14465.824433363841,13276.72393938429,13906.733380754145,10626.055363719759,10626.055363719759,10584.397258981406,10584.397258981406,11258.060095465344,11258.060095465344,11172.996856729857,11172.996856729857,11715.394324563382,11715.394324563382,11604.53335074677,11604.53335074677,11033.842983535933,12344.374786733888,14215.494088211535
2024-08-01,11213.36929369101,11231.769777800559,11036.060670238743,11068.249014046196,12523.565736216686,12923.861354742328,12221.323948876954,12651.730551947985,13763.715830316056,14424.185089831362,13237.519319744262,13866.15552913549,10623.132486073078,10623.132486073078,10581.493218546919,10581.493218546919,11251.764584003095,11251.764584003095,11166.707608588993,11166.707608588993,11708.284967776668,11708.284967776668,11597.39789475906,11597.39789475906,11027.400989733984,12325.769415098135,14174.614786138964
2024-08-02,11194.014758815205,11212.393397321122,11016.763541743881,11048.914114835805,12460.421356172707,12858.993351972957,12158.8919460028,12587.49485233074,13649.306068324768,14301.248731348234,13126.250878087334,13750.009146772045,10617.22071889065,10617.22071889065,10575.475924174067,10575.475924174067,11227.812276255914,11227.812276255914,11143.152679670622,11143.152679670622,11683.565174348487,11683.565174348487,11573.048947977857,11573.048947977857,11008.37852431547,12263.317892885145,14056.938657774188
2024-08-03,11183.040787322198,11201.407519600461,11005.905424451492,11038.035218146262,12430.31022707336,12828.014433428123,12128.871350190264,12556.436090801499,13592.43269560928,14241.66450177093,13070.548092187273,13691.712310497127,10616.72116707382,10616.72116707382,10574.940229036752,10574.940229036752,11226.141999422949,11226.141999422949,11141.204664601419,11141.204664601419,11681.855239926019,11681.855239926019,11571.055095971567,11571.055095971567,10997.630886898058,12233.631354966112,13998.38957509315
2024-08-04,11177.875713631794,11196.238233472397,11000.718223524522,11032.838764945642,12413.30885664067,12810.573956924622,12111.909850212354,12538.956000300972,13561.627201034486,14209.517377227232,13040.411747015494,13660.266852111095,10614.789858035672,10614.789858035672,10572.965370957801,10572.965370957801,11222.873471050778,11222.873471050778,11137.877134913551,11137.877134913551,11678.45423161983,11678.45423161983,11567.598032581749,11567.598032581749,10992.569505066993,12216.844568195174,13966.738832953113
2024-08-05,11168.475457380737,11186.834529513466,10991.321739542343,11023.42715005841,12392.773566230167,12789.309338263018,12091.577068620398,12517.855388046693,13527.537157442974,14173.785408194417,13007.135044648057,13625.367762483766,10614.789858035672,10614.789858035672,10572.965370957801,10572.965370957801,11222.873471050778,11222.873471050778,11137.877134913551,11137.877134913551,11678.45423161983,11678.45423161983,11567.598032581749,11567.598032581749,10983.253665721697,12196.475772399954,13931.52806301824
2024-08-06,11174.539874988724,11192.900645948084,10997.289825221473,11029.404785244593,12406.030136881278,12803.07018296947,12104.436966419773,12531.233140573142,13551.3114536622,14198.612428080889,13029.760352016265,13649.004446082543,10614.789858035672,10614.789858035672,10572.965370957801,10572.965370957801,11222.873471050778,11222.873471050778,11137.877134913551,11137.877134913551,11678.45423161983,11678.45423161983,11567.598032581749,11567.598032581749,10989.263890940529,12209.628510202047,13955.978343315019
2024-08-07,11179.613531989815,11197.98374285006,11002.281373684953,11034.41316509797,12417.37331448968,12814.780438421494,12115.508752412376,12542.696227288277,13569.252921105519,14217.400572929406,13047.00377399312,13667.064979508537,10614.789858035672,10614.789858035672,10572.965370957801,10572.965370957801,11222.873471050778,11222.873471050778,11137.877134913551,11137.877134913551,11678.45423161983,11678.45423161983,11567.598032581749,11567.598032581749,10994.255439404009,12220.795982422474,13974.449501360254
2024-08-08,11187.427394131648,11205.79922764007,11010.024211730442,11042.168381375577,12434.403757240605,12832.4571779599,12132.14877781701,12560.005683296451,13600.244111516438,14249.767788215666,13076.786763880504,13698.1809719355,10614.789858035672,10614.789858035672,10572.965370957801,10572.965370957801,11222.873471050778,11222.873471050778,11137.877134913551,11137.877134913551,11678.45423161983,11678.45423161983,11567.598032581749,11567.598032581749,11001.998277449498,12237.691887268304,14006.323611405345
2024-08-09,11183.157401978806,11201.52559167656,11005.789000188517,11037.924271380689,12424.993458287247,12822.715285819866,12122.928750071924,12550.439909269442,13584.208345839972,14233.030296051924,13061.319701115026,13682.033201251914,10614.789858035672,10614.789858035672,10572.965370957801,10572.965370957801,11222.873471050778,11222.873471050778,11137.877134913551,11137.877134913551,11678.45423161983,11678.45423161983,11567.598032581749,11567.598032581749,10997.774388393074,12228.375827486821,13989.840650411792
2024-08-10,11183.346419086534,11201.71497163258,11005.97674473118,11038.112348966959,12425.294226595483,12822.977417808568,12123.247186224224,12550.720012341138,13584.673841516911,14233.437445270554,13061.844547573202,13682.49982047051,10614.789858035672,10614.789858035672,10572.965370957801,10572.965370957801,11222.873471050778,11222.873471050778,11137.877134913551,11137.877134913551,11678.45423161983,11678.45423161983,11567.598032581749,11567.598032581749,10997.962132935738,12228.673295163655,13990.266854066183
2024-08-11,11176.201607408699,11194.566172800187,10998.888635714555,11031.01001034942,12406.685641231496,12803.800009446035,12104.979327571384,12531.857492798114,13551.679429950758,14199.18923943397,13029.895065163926,13649.337123888343,10614.789858035672,10614.789858035672,10572.965370957801,10572.965370957801,11222.873471050778,11222.873471050778,11137.877134913551,11137.877134913551,11678.45423161983,11678.45423161983,11567.598032581749,11567.598032581749,10990.895985043253,12210.21975482937,13956.473258215343
2024-08-12,11182.904141179895,11201.274092038788,11005.49571003932,11037.634010720034,12424.247387561089,12821.8539360553,12122.196195463132,12549.597952920993,13583.078231477175,14231.812625279152,13060.284870352307,13680.899140283107,10614.789858035672,10614.789858035672,10572.965370957801,10572.965370957801,11222.873471050778,11222.873471050778,11137.877134913551,11137.877134913551,11678.45423161983,11678.45423161983,11567.598032581749,11567.598032581749,10997.501330589024,12227.588086438296,13988.643424143542
2024-08-13,11182.909512381857,11201.280679826386,11005.502743889889,11037.641097324637,12425.695784562653,12823.308352793272,12123.641086032529,12551.048038230458,13584.88825922553,14233.594626515278,13062.112367145803,13682.702662632531,10614.789858035672,10614.789858035672,10572.965370957801,10572.965370957801,11222.873471050778,11222.873471050778,11137.877134913551,11137.877134913551,11678.45423161983,11678.45423161983,11567.598032581749,11567.598032581749,10997.508196522342,12229.035894557164,13990.436323900125
2024-08-14,11177.789066376692,11196.156210065634,11000.332138389516,11032.463041713725,12411.45710787194,12808.747273310839,12110.026585101134,12536.560320517148,13560.680236466806,14208.071952959637,13038.355269002528,13658.177449436456,10614.789858035672,10614.789858035672,10572.965370957801,10572.965370957801,11222.873471050778,11222.873471050778,11137.877134913551,11137.877134913551,11678.45423161983,11678.45423161983,11567.598032581749,11567.598032581749,10992.428426092465,12215.446491486775,13965.207753715153
2024-08-15,11170.615566818777,11188.97321204585,10993.250463794859,11025.364597000122,12392.834910544667,12789.608706541607,12092.084695385653,12517.768143277652,13529.216405871759,14175.013002961463,13007.9419582343,13626.522779989657,10614.789858035672,10614.789858035672,10572.965370957801,10572.965370957801,11222.873471050778,11222.873471050778,11137.877134913551,11137.877134913551,11678.45423161983,11678.45423161983,11567.598032581749,11567.598032581749,10985.35054308435,12197.36316997611,13932.634398418822
2024-08-16,11167.765414615687,11186.121004506012,10990.420015011825,11022.530636554176,12385.85983519611,12782.45502140822,12085.449782587537,12510.723184268896,13517.647153031225,14162.837388868913,12996.701024496366,13614.911440638221,10614.789858035672,10614.789858035672,10572.965370957801,10572.965370957801,11222.873471050778,11222.873471050778,11137.877134913551,11137.877134913551,11678.45423161983,11678.45423161983,11567.598032581749,11567.598032581749,10982.521114238269,12190.664235003707,13920.598046894715
2024-08-17,11169.215429466192,11187.572604990452,10991.854654337676,11023.968108288022,12390.264417317852,12787.022086320676,12089.76691984052,12515.190824935878,13525.422757715023,14170.961528695185,13004.164193741171,13622.729845362608,10614.789858035672,10614.789858035672,10572.965370957801,10572.965370957801,11222.873471050778,11222.873471050778,11137.877134913551,11137.877134913551,11678.45423161983,11678.45423161983,11567.598032581749,11567.598032581749,10983.955176586493,12195.037546576581,13928.58746116029
2024-08-18,11171.495067369378,11189.856441696118,10994.059668728838,11026.179025438129,12393.519407220505,12790.435844407612,12092.844944663135,12518.429773089301,13531.323638146005,14177.154014892429,13009.736614905109,13628.578036300496,10614.789858035672,10614.789858035672,10572.965370957801,10572.965370957801,11222.873471050778,11222.873471050778,11137.877134913551,11137.877134913551,11678.45423161983,11678.45423161983,11567.598032581749,11567.598032581749,10986.199518882006,12198.224323137261,13934.628163678528
2024-08-19,11173.72954031461,11192.09438940227,10996.26338142697,11028.388879157124,12400.759788553898,12797.840150881033,12099.94823852618,12525.70604778588,13543.619463080364,14190.104062680874,13021.68284731465,13640.880575063993,10614.789858035672,10614.789858035672,10572.965370957801,10572.965370957801,11222.873471050778,11222.873471050778,11137.877134913551,11137.877134913551,11678.45423161983,11678.45423161983,11567.598032581749,11567.598032581749,10988.403728559882,12205.403152420833,13947.438240867934
2024-08-20,11174.921844266304,11193.290342349319,10997.414233917067,11029.544301597916,12403.997846543058,12801.139899364724,12103.0932478191,12528.919480647533,13549.632509481398,14196.447003374502,13027.469834484364,13646.873980229848,10614.789858035672,10614.789858035672,10572.965370957801,10572.965370957801,11222.873471050778,11222.873471050778,11137.877134913551,11137.877134913551,11678.45423161983,11678.45423161983,11567.598032581749,11567.598032581749,10989.571125572398,12208.591825498477,13953.694909900483
2024-08-21,11180.937687900896,11199.315798073456,11003.261046643835,11035.40771113284,12418.665163395943,12816.238227092965,12117.256825725475,12543.539712625969,13574.11969846934,14221.982158498182,13050.796689073184,13671.187897369573,10614.789858035672,10614.789858035672,10572.965370957801,10572.965370957801,11222.873471050778,11222.873471050778,11137.877134913551,11137.877134913551,11678.45423161983,11678.45423161983,11567.598032581749,11567.598032581749,10995.488893172924,12223.05171909936,13978.838770890003
2024-08-22,11174.538048175296,11192.911419096645,10996.764534016696,11028.903105500092,12404.080289425987,12801.014424522044,12102.47535183829,12528.09125426859,13550.09162459817,14196.652166505246,13027.070383635713,13646.482668900484,10614.789858035672,10614.789858035672,10572.965370957801,10572.965370957801,11222.873471050778,11222.873471050778,11137.877134913551,11137.877134913551,11678.45423161983,11678.45423161983,11567.598032581749,11567.598032581749,10989.134936538472,12208.56327017452,13954.136343573853
2024-08-23,11196.999196760822,11215.399457315498,11018.964919030175,11051.15039570986,12475.029721124567,12874.590598140907,12171.982404212005,12600.34171427104,13676.019586627905,14329.895382277291,13148.119138374681,13772.634866703145,10614.789858035672,10614.789858035672,10572.965370957801,10572.965370957801,11222.873471050778,11222.873471050778,11137.877134913551,11137.877134913551,11678.45423161983,11678.45423161983,11567.598032581749,11567.598032581749,11011.323291650657,12278.691389809017,14083.638731575356
2024-08-24,11196.664119611882,11215.072370898706,11018.4352580654,11050.634108596894,12479.67628957362,12879.106995699705,12176.11852533608,12604.370945415536,13678.315372694153,14331.9907416124,13149.80860102961,13774.658023624159,10614.789858035672,10614.789858035672,10572.965370957801,10572.965370957801,11222.873471050778,11222.873471050778,11137.877134913551,11137.877134913551,11678.45423161983,11678.45423161983,11567.598032581749,11567.598032581749,11010.911297273584,12283.024078803355,14086.023723098837
2024-08-25,11188.554911397992,11206.95142214565,11010.416372685639,11042.594126750253,12459.914549656083,12858.659164452183,12156.76501025797,12584.294661150554,13644.16424353604,14296.85342176714,13116.840956676413,13740.988894430819,10614.789858035672,10614.789858035672,10572.965370957801,10572.965370957801,11222.873471050778,11222.873471050778,11137.877134913551,11137.877134913551,11676.746609618971,11676.746609618971,11565.836864644758,11565.836864644758,11002.916309299797,12263.539010873836,14050.77215531331
2024-08-26,11168.055594234456,11186.42739769568,10990.158355270216,11022.291108566546,12409.182093320132,12806.047227386773,12106.910153511013,12532.468590000066,13554.750191925383,14200.807753341162,13030.457487158563,13648.947305766422,10614.789858035672,10614.789858035672,10572.965370957801,10572.965370957801,11222.873471050778,11222.873471050778,11137.877134913551,11137.877134913551,11669.44184508969,11669.44184508969,11558.72235808787,11558.72235808787,10982.671762854396,12213.419703392412,13958.528619802351
2024-08-27,11143.689248518542,11162.0325862582,10966.070136162629,10998.151164411329,12338.39637601305,12732.92952912761,12037.04621908613,12460.172135705363,13419.739198494608,14059.386593866193,12899.43177989074,13512.460136072537,10614.789858035672,10614.789858035672,10572.965370957801,10572.965370957801,11219.381478405045,11219.381478405045,11134.322287462044,11134.322287462044,11665.88500498239,11665.88500498239,11555.050520735447,11555.050520735447,10958.598963122331,12143.460900366254,13819.766858873338
2024-08-28,11139.160771141982,11157.490938385163,10961.506676603898,10993.567018750819,12330.70803965539,12725.239540022803,12029.187987186526,12452.224301811744,13405.101566941912,14044.350603708774,12884.564991375026,13496.66066820419,10614.789858035672,10614.789858035672,10572.965370957801,10572.965370957801,11219.894987212154,11219.894987212154,11134.685749528278,11134.685749528278,11666.081359757254,11666.081359757254,11555.156168631136,11555.156168631136,10954.225473916593,12136.094971262955,13804.744323989684
2024-08-29,11135.53170253229,11153.860531504533,10957.766139611611,10989.787903750937,12321.717718089229,12715.89039897657,12020.162333854174,12442.838515648347,13390.749413482488,14029.14690697169,12870.423387850153,13481.92243477731,10614.055957941118,10614.055957941118,10572.18254138839,10572.18254138839,11218.527639096392,11218.527639096392,11133.240768879159,11133.240768879159,11664.978960538403,11664.978960538403,11553.976134903774,11553.976134903774,10950.645526455299,12127.20602911595,13789.908917870178
2024-08-30,11141.46701825206,11159.796435354865,10963.718112593115,10995.720478849731,12337.147063684371,12732.132057361274,12035.5787408927,12459.084312552324,13419.05337198237,14059.165908633986,12897.593822913263,13510.02004085805,10614.507487695688,10614.507487695688,10572.63257435924,10572.63257435924,11219.070497719866,11219.070497719866,11133.778139295671,11133.778139295671,11665.492490028853,11665.492490028853,11554.422901668117,11554.422901668117,10956.597162909087,12142.64041537492,13819.085360369887
2024-08-31,11138.880955506129,11157.209443703883,10961.16734961214,10993.141564462385,12328.20933391929,12722.85407969774,12026.777180579189,12449.957920490504,13400.827158719801,14039.9728441015,12880.020209855124,13491.677999957881,10614.457631012381,10614.457631012381,10572.582882946706,10572.582882946706,11218.615554535174,11218.615554535174,11133.323802103816,11133.323802103816,11665.034186338436,11665.034186338436,11553.965424331567,11553.965424331567,10954.046779531003,12133.810544253865,13800.291715873862
2024-09-01,11123.430083258158,11141.747646728785,10945.882121455652,10977.769761439871,12285.84788749776,12678.826562791066,11984.662213184685,12406.11183015856,13325.805982285061,13960.907875421135,12807.445677232532,13416.069345150334,10612.69472573687,10612.69472573687,10570.825821556085,10570.825821556085,11215.544365124733,11215.544365124733,11130.183525408409,11130.183525408409,11659.6190135707,11659.6190135707,11548.547524566087,11548.547524566087,10938.766285298401,12091.90938611652,13722.872405596543
2024-09-02,11142.510135520979,11160.841797676949,10964.761069036498,10996.668929156349,12334.513116233515,12729.598499129628,12032.60855172638,12456.201421658234,13410.902587235392,14050.756013969634,12889.19900127518,13501.043918253346,10614.566968748471,10614.566968748471,10572.691858237262,10572.691858237262,11218.711662418395,11218.711662418395,11133.328066157175,11133.328066157175,11662.857293731322,11662.857293731322,11551.698488719532,11551.698488719532,10957.719808535461,12140.206361404586,13810.597701284525
2024-09-03,11125.043116669396,11143.366106632195,10947.367303519379,10979.26146176969,12288.262585182572,12681.247598652502,11986.750319618104,12408.215509000145,13329.140999881782,13964.30650483306,12810.251986950305,13419.095640494721,10613.607742779734,10613.607742779734,10571.735812023115,10571.735812023115,11217.088927658024,11217.088927658024,11131.716990496976,11131.716990496976,11661.169903960901,11661.169903960901,11550.026997722074,11550.026997722074,10940.328248149675,12094.236241324554,13726.288137668593
2024-09-04,11138.781991776894,11157.10967748433,10959.346380039657,10991.246530166105,12320.38575889805,12713.653919682172,12018.495189301715,12440.248467041874,13374.1162777095,14011.338617280857,12852.919160760292,13463.804156461123,10613.66297650715,10613.66297650715,10571.790862655302,10571.790862655302,11217.182367256559,11217.182367256559,11131.809758746336,11131.809758746336,11661.267066495757,11661.267066495757,11550.123244780785,11550.123244780785,10952.378014044063,12126.214430725937,13773.172194066341
2024-09-05,11132.232354137672,11150.555377734892,10953.456032415314,10985.34973092111,12305.14291230736,12698.20414028199,12003.410183161308,12424.941718887361,13347.678402062696,13983.657240131159,12827.48154444789,13437.199982053009,10612.440266532563,10612.440266532563,10570.572205862949,10570.572205862949,11215.113893255353,11215.113893255353,11129.756146413329,11129.756146413329,11659.116177789081,11659.116177789081,11547.99262198529,11547.99262198529,10946.48924979336,12111.074211408986,13745.735213342861
2024-09-06,11126.028395243811,11144.339755837284,10947.530611382903,10979.4108338666,12291.416553725974,12684.129132675742,11989.948368967302,12411.112703196324,13324.802829894743,13959.69673342446,12805.518239369218,13414.194661739135,10610.312266039762,10610.312266039762,10568.45125951543,10568.45125951543,11211.513927780794,11211.513927780794,11126.182046138128,11126.182046138128,11655.37277802716,11655.37277802716,11544.28449294977,11544.28449294977,10940.565894890455,12097.52120253101,13722.105564330614
2024-09-07,11128.178110216091,11146.494781621419,10949.642884063,10981.53239498728,12297.596351622407,12690.582746707629,11995.919486504326,12417.37856020863,13334.545861583922,13969.909089467903,12814.905848730532,13424.026485455855,10610.68174357294,10610.68174357294,10568.819512261207,10568.819512261207,11212.13897761869,11212.13897761869,11126.80260508888,11126.80260508888,11656.022731875579,11656.022731875579,11544.928322861175,11544.928322861175,10942.675868076707,12103.56562834404,13732.08006939705
2024-09-08,11129.772136374631,11148.088183836931,10951.167534130369,10983.060385843472,12304.822517278702,12697.999552044123,12002.962162315438,12424.630084789647,13346.046192933964,13981.953135221229,12825.849585481861,13435.494440699811,10611.09006337887,10611.09006337887,10569.226478520819,10569.226478520819,11212.829737422973,11212.829737422973,11127.488401890001,11127.488401890001,11656.74101378833,11656.74101378833,11545.639837042338,11545.639837042338,10944.249399110235,12110.693925698168,13743.95111825168
2024-09-09,11138.501059561517,11156.816938757915,10959.890746471066,10991.78478279619,12334.06717466267,12727.55059612006,12031.973792697165,12453.963656728136,13392.495303496675,14030.546273831093,12870.287009833502,13482.053711356555,10611.991059078584,10611.991059078584,10570.124487494457,10570.124487494457,11214.353963297297,11214.353963297297,11129.001676435379,11129.001676435379,11658.32596975954,11658.32596975954,11547.209859383163,11547.209859383163,10952.972458285354,12139.784320676155,13792.269242691467
2024-09-10,11144.00309913905,11162.319864382915,10965.409115992987,10997.300571333682,12347.05816508483,12740.486518123776,12044.954600808469,12466.875683798902,13412.879777285196,14052.291972059496,12889.545530164753,13502.183069242867,10612.104622009714,10612.104622009714,10570.23767397388,10570.23767397388,11214.546079150954,11214.546079150954,11129.192411966114,11129.192411966114,11658.525740131206,11658.525740131206,11547.407747496301,11547.407747496301,10958.490454572515,12152.806384952326,13814.087714549427
2024-09-11,11141.354116038357,11159.66664728622,10962.791059466503,10994.676689531312,12336.465030353069,12729.603417449915,12034.48252927985,12456.098296017926,13391.566277903157,14029.966132104377,12868.987212863018,13480.625967481701,10611.566800367676,10611.566800367676,10569.701635166013,10569.701635166013,11213.63623944492,11213.63623944492,11128.289109318714,11128.289109318714,11657.579649463665,11657.579649463665,11546.470570999623,11546.470570999623,10955.874180380308,12142.339815449226,13792.099630517316
2024-09-12,11146.82283098783,11165.143902189111,10968.12407315468,11000.034074908604,12347.836380149927,12741.522860994352,12045.447033393508,12467.665150567685,13413.820799123436,14053.278894623016,12890.19391235803,13502.870214640852,10614.079644208921,10614.079644208921,10572.206149138172,10572.206149138172,11217.887249302317,11217.887249302317,11132.509576322795,11132.509576322795,11663.235692593635,11663.235692593635,11552.037200187557,11552.037200187557,10961.203252301375,12153.45216970417,13814.753338005294
2024-09-13,11145.80710420154,11164.117750242523,10966.953206225817,10998.86275723631,12348.651161128957,12742.394242748936,12045.93754678454,12468.208706564077,13418.797299625623,14058.477457476896,12894.470958176193,13507.378316620354,10614.02758604379,10614.02758604379,10572.103573107903,10572.103573107903,11219.381167239144,11219.381167239144,11133.992760688556,11133.992760688556,11664.739234013758,11664.739234013758,11553.477130378333,11553.477130378333,10960.190206320623,12154.233539473851,13819.83169240861
2024-09-14,11149.672762515676,11167.152991358282,10970.608288105033,11002.531924131888,12354.945285350144,12749.081045783756,12051.846792108081,12474.526177096712,13427.790759925618,14067.403884768222,12902.932788843274,13515.623315338093,10617.58283186599,10617.58283186599,10575.554991209996,10575.554991209996,11225.489027578698,11225.489027578698,11139.987598795155,11139.987598795155,11671.088700871605,11671.088700871605,11559.699590947394,11559.699590947394,10963.97181437735,12160.349794639635,13828.445897578005
2024-09-15,11147.451292032856,11165.525932068751,10968.410183845761,11000.328105451656,12342.137510826991,12735.706964829136,12039.450042987852,12461.54094310272,13401.692145762132,14040.225586727465,12878.657309630016,13489.391700069633,10613.614908213443,10613.614908213443,10571.602097571287,10571.602097571287,11218.775621398885,11218.775621398885,11133.326797663767,11133.326797663767,11664.109764447368,11664.109764447368,11552.78578458311,11552.78578458311,10961.776215120384,12147.787545209172,13801.788167057963
2024-09-16,11145.089863413003,11162.54055521044,10965.965961482912,10997.884204864136,12330.107362478908,12723.377800203602,12027.531426783982,12449.390247220694,13383.85448013071,14021.680766158244,12862.202929040195,13471.304981043493,10616.108338108568,10616.108338108568,10574.086082656202,10574.086082656202,11222.99430329215,11222.99430329215,11137.5124227213,11137.5124227213,11668.495304654321,11668.495304654321,11557.130397279157,11557.130397279157,10959.419066325365,12135.869886256729,13783.40268459571
2024-09-17,11149.355647731736,11166.849484119033,10970.025284487627,11001.950106789696,12346.24533845056,12740.14671332949,12043.122756997234,12465.477441934332,13428.7280173747,14068.61552050989,12905.007400072385,13515.999418686648,10615.698063300784,10615.698063300784,10573.677361919661,10573.677361919661,11222.300151470901,11222.300151470901,11136.823710149398,11136.823710149398,11667.773697574472,11667.773697574472,11556.415524508022,11556.415524508022,10963.626763802593,12151.769202390245,13829.57320335834
2024-09-18,11188.009319260364,11205.62678734657,11007.937027448525,11039.928938512345,12431.095951112284,12828.16576355153,12125.662715324408,12550.899650673593,13572.335417321192,14219.035857748266,13042.8596757907,13660.319673073805,10615.592404249528,10615.592404249528,10573.48009584931,10573.48009584931,11222.69802934682,11222.69802934682,11137.218470325546,11137.218470325546,11668.187312411155,11668.187312411155,11556.825279335464,11556.825279335464,11001.721080555353,12235.327398926589,13977.450755745347
2024-09-19,11250.522851549962,11268.216237278062,11069.543372235936,11101.702220414401,12541.37737818718,12945.015198570056,12233.286196452747,12661.86422255117,13737.572455148582,14391.910498956275,13201.23310804886,13826.043424046355,10615.592404249528,10615.592404249528,10573.48009584931,10573.48009584931,11223.087242396821,11223.087242396821,11137.604633571797,11137.604633571797,11669.717434539416,11669.717434539416,11558.289843914752,11558.289843914752,11063.295997803876,12344.069139658193,14147.796567567813
2024-09-20,11265.037440400989,11282.76405465399,11083.824438964588,11116.009404479199,12583.379948735557,12989.464255604726,12274.341398875906,12704.201998810655,13799.601619129886,14456.807783601724,13260.358712082441,13887.937260372453,10615.592404249528,10615.592404249528,10573.48009584931,10573.48009584931,11222.504071716821,11222.504071716821,11137.026032512797,11137.026032512797,11669.043211930659,11669.043211930659,11557.558399227166,11557.558399227166,11077.624584611302,12385.539773606262,14211.71408630555
2024-09-21,11260.114061475182,11277.83209981397,11078.796314401592,11110.964804766325,12592.707488452756,12999.451025157497,12283.024791653712,12713.131061158443,13824.81796649237,14483.156736803676,13284.146973830493,13912.838056169441,10615.592404249528,10615.592404249528,10573.48009584931,10573.48009584931,11222.337675545574,11222.337675545574,11136.705585065942,11136.705585065942,11672.510871629955,11672.510871629955,11560.993697421729,11560.993697421729,11072.798487891841,12394.759309637464,14237.707017617115
2024-09-22,11263.88080428948,11281.617086449549,11082.42039290795,11114.547520663118,12598.884139018144,13008.525325261351,12288.89807140864,12718.855188440264,13821.417820162762,14479.79539304758,13280.922430625864,13909.199185949783,10615.592404249528,10615.592404249528,10573.48009584931,10573.48009584931,11218.300124628804,11218.300124628804,11132.485201162059,11132.485201162059,11668.489959735487,11668.489959735487,11556.954117045414,11556.954117045414,11076.62850953926,12400.98601867477,14234.594791202488
2024-09-23,11276.30798305738,11294.051959134673,11094.778578101223,11126.912419342758,12618.329300171872,13032.080215292233,12308.219125320931,12738.36467058788,13854.819943998078,14514.693312465115,13312.806376726605,13942.655698561879,10615.592404249528,10615.592404249528,10573.48009584931,10573.48009584931,11217.383672247388,11217.383672247388,11131.575856998561,11131.575856998561,11667.536950804782,11667.536950804782,11556.010247252032,11556.010247252032,11088.980883444394,12420.354245881055,14269.290879463062
2024-09-24,11288.471504981391,11306.250330537825,11106.641087965923,11138.829041319636,12642.56212237716,13055.02222719172,12331.064748811368,12762.277389663383,13907.80178376901,14569.710253436639,13362.16409405274,13994.96499524127,10615.592404249528,10615.592404249528,10573.48009584931,10573.48009584931,11217.370208449558,11217.370208449558,11131.059651184814,11131.059651184814,11667.523174767137,11667.523174767137,11555.474246056741,11555.474246056741,11100.871037084165,12444.112427919772,14323.326997145807
2024-09-25,11281.088626492276,11298.856880751899,11099.366261958225,11131.531271580443,12613.841302859319,13025.109146599732,12303.13643031759,12733.388598354755,13865.224428236934,14525.331359618624,13320.00874192304,13951.142375995558,10615.592404249528,10615.592404249528,10573.48009584931,10573.48009584931,11208.266008449558,11208.266008449558,11122.141251184814,11122.141251184814,11653.28477250768,11653.28477250768,11541.164478267687,11541.164478267687,11093.596749682065,12415.820860205626,14279.679028874625
2024-09-26,11288.255296273308,11306.02138934253,11106.4010745544,11138.608194321972,12631.57432103389,13043.336996997261,12320.345848025057,12751.231279048852,13899.545285816832,14561.369853636754,13352.602235292612,13985.261597979512,10615.592404249528,10615.592404249528,10573.48009584931,10573.48009584931,11212.666208449558,11212.666208449558,11126.451651184814,11126.451651184814,11657.60759661818,11657.60759661818,11545.145218533085,11545.145218533085,11100.628388723038,12433.256953909171,14315.091558983813
2024-09-27,11312.354219823259,11330.152512736286,11129.970034356993,11162.23263340248,12678.651569840255,13093.698424643151,12366.015840693988,12798.273751862134,13977.234584448293,14642.826964228405,13426.436927411754,14062.475531791519,10615.592404249528,10615.592404249528,10573.48009584931,10573.48009584931,11217.987608449559,11217.987608449559,11131.664451184814,11131.664451184814,11663.14619661818,11663.14619661818,11550.575218533086,11550.575218533086,11124.396158791802,12479.689102812948,14395.297659399917
2024-09-28,11305.361737301373,11323.163446680868,11122.706068269932,11154.969597512392,12658.413296055189,13070.552585130688,12346.11150642563,12777.971043070987,13941.510995546098,14605.355352306293,13391.666429991948,14026.096035715766,10613.195183312087,10613.195183312087,10570.870149987746,10570.870149987746,11214.929165235068,11214.929165235068,11128.668425178783,11128.668425178783,11659.96291898677,11659.96291898677,11547.454358110137,11547.454358110137,11117.46080362131,12459.635883234341,14358.255236610908
2024-09-29,11315.05603211639,11332.882797619004,11131.920831307132,11164.214901604406,12676.456981655834,13089.16758007324,12363.167392493602,12795.621645059064,13960.525348429846,14625.18355906944,13409.235047912089,14044.456447782537,10620.143078459865,10620.143078459865,10577.581562472666,10577.581562472666,11227.223364400628,11227.223364400628,11140.561388231943,11140.561388231943,11672.74138943764,11672.74138943764,11559.784025486339,11559.784025486339,11127.017795170646,12477.405752880897,14377.947131672967
2024-09-30,11292.396628939363,11310.204295885394,11109.737309680684,11141.996640640073,12628.647643591368,13039.986794261136,12316.67523303588,12747.435624740192,13882.038072024185,14542.66461327618,13333.745428535094,13965.314109142162,10600.383127367866,10600.383127367866,10557.860731448665,10557.860731448665,11196.672973700628,11196.672973700628,11110.421494679944,11110.421494679944,11640.96375758164,11640.96375758164,11528.45601084634,11528.45601084634,11104.838655670597,12430.401403308515,14297.37897433414
2024-10-01,11270.797357064854,11288.569515693149,11088.193413562109,11120.391987522733,12571.936682602063,12981.954238417346,12261.598774119708,12689.716133787126,13761.55948956415,14416.26918713535,13217.740114944807,13843.556709715893,10595.277445854243,10595.277445854243,10552.575869850165,10552.575869850165,11188.097404812752,11188.097404812752,11101.643331803942,11101.643331803942,11632.047915613015,11632.047915613015,11519.345578811339,11519.345578811339,11083.598699314465,12375.538430094122,14174.021919518358
2024-10-02,11266.345248551082,11284.112021579833,11083.44175411784,11115.634917278589,12547.495850632647,12956.955443938621,12237.64010392677,12664.596541601883,13720.587028388625,14373.168169759945,13177.482177549411,13801.191631417527,10584.925728024275,10584.925728024275,10542.079281208766,10542.079281208766,11170.59336268292,11170.59336268292,11083.961502216787,11083.961502216787,11613.849991274983,11613.849991274983,11500.99892265981,11500.99892265981,11079.219799729908,12351.93990478943,14132.110811529854
2024-10-03,11267.897569352712,11285.672259834357,11084.906412475551,11117.112823958947,12536.051538918462,12945.122731214833,12226.0297565476,12652.554101899497,13692.876639008788,14344.121568518043,13150.21352787214,13772.638567473785,10584.925728024275,10584.925728024275,10542.079281208766,10542.079281208766,11170.59336268292,11170.59336268292,11083.961502216787,11083.961502216787,11614.3521390924,11614.3521390924,11501.349090177426,11501.349090177426,11080.767821515012,12340.678757571048,14103.54491059957
2024-10-04,11287.108481355854,11304.92351008527,11103.521095211081,11135.789687990731,12586.448834251649,12997.135123109609,12274.632170281782,12702.836903395546,13775.770971889418,14431.015343487858,13229.450380556535,13855.72801602225,10584.925728024275,10584.925728024275,10542.079281208766,10542.079281208766,11173.417225358118,11173.417225358118,11086.537349563987,11086.537349563987,11617.3285390924,11617.3285390924,11504.325490177425,11504.325490177425,11099.660010792728,12390.262338190967,14188.93966700697
2024-10-05,11282.233635131528,11300.039340123836,11098.725954455002,11130.979344821742,12577.186110983484,12987.549392410809,12265.59540030891,12693.456364761518,13757.7381942526,14412.195326073053,13212.140331492717,13837.647081106696,10584.925728024275,10584.925728024275,10542.079281208766,10542.079281208766,11175.618025358119,11175.618025358119,11088.659549563987,11088.659549563987,11619.5293390924,11619.5293390924,11506.526290177426,11506.526290177426,11094.866067483319,12381.112070603494,14170.422896141332
2024-10-06,11301.954658693683,11319.807649027178,11118.123233954217,11150.444634150315,12625.264290490972,13037.172623826933,12312.481862153418,12741.970057740622,13848.515191826762,14507.30171264207,13299.2099990738,13928.935146756194,10584.925728024275,10584.925728024275,10542.079281208766,10542.079281208766,11177.614425358119,11177.614425358119,11090.584649563985,11090.584649563985,11621.5257390924,11621.5257390924,11508.522690177426,11508.522690177426,11114.260287040253,12428.424785934543,14263.862687551007
2024-10-07,11300.16605565463,11318.0044254669,11116.340138191506,11148.649448805925,12618.657637163044,13030.37678023622,12305.988212035265,12735.2806031683,13833.764872998574,14491.801115706216,13285.073273791586,13914.072992121832,10584.925728024275,10584.925728024275,10542.079281208766,10542.079281208766,11175.954025358118,11175.954025358118,11088.983549563985,11088.983549563985,11619.8653390924,11619.8653390924,11506.862290177425,11506.862290177425,11112.501318903183,12421.95403111525,14248.66126828211
2024-10-08,11294.951156628342,11312.777718518522,11110.953478802441,11143.245976333252,12602.492753605562,13013.681773556984,12289.55281757739,12718.269529505806,13820.427232305317,14477.93348443483,13271.521489412604,13899.998192049332,10584.925728024275,10584.925728024275,10542.079281208766,10542.079281208766,11175.798849661918,11175.798849661918,11088.681658335783,11088.681658335783,11624.2305390924,11624.2305390924,11511.227490177425,11511.227490177425,11107.365525627441,12406.04310111829,14234.999297211876
2024-10-09,11286.557230069742,11304.380549288375,11102.685726686443,11134.96915356171,12574.758818789724,12985.032579102326,12262.467118811268,12690.198890485992,13776.534750653673,14431.8998270005,13229.34304484375,13855.739545787434,10584.925728024275,10584.925728024275,10542.079281208766,10542.079281208766,11175.798849661918,11175.798849661918,11088.681658335783,11088.681658335783,11621.752701147636,11621.752701147636,11508.749652232662,11508.749652232662,11099.096269071442,12378.716754759049,14189.740976321737
2024-10-10,11285.637078829126,11303.450708867196,11101.769801667384,11134.047191594429,12577.202056494925,12987.549619853842,12264.829914921462,12692.646895309399,13779.379340693522,14434.850782368561,13232.085805878558,13858.561500660977,10584.925728024275,10584.925728024275,10542.079281208766,10542.079281208766,11175.798849661918,11175.798849661918,11088.681658335783,11088.681658335783,11619.919256482555,11619.919256482555,11506.916207567581,11506.916207567581,11098.178120064784,12381.10383475173,14192.640654355386
2024-10-11,11312.196861242159,11330.010434458442,11127.795762696991,11160.126936147803,12655.802979026994,13068.734129753791,12341.328174775703,12771.858192431158,13893.44220789578,14554.304927072313,13341.198253465553,13972.854869065022,10584.925728024275,10584.925728024275,10542.079281208766,10542.079281208766,11175.798849661918,11175.798849661918,11088.681658335783,11088.681658335783,11619.782580049405,11619.782580049405,11506.62183589463,11506.62183589463,11124.315125091267,12458.508476350871,14310.128087374214
2024-10-12,11323.63823220125,11341.44879453772,11138.926291685986,11171.26913853414,12680.010609614332,13093.72271551952,12364.88575957059,12796.234198985305,13927.009377037437,14589.41543019516,13372.972611375211,14006.135475706136,10584.925728024275,10584.925728024275,10542.079281208766,10542.079281208766,11175.798849661918,11175.798849661918,11088.681658335783,11088.681658335783,11619.782580049405,11619.782580049405,11506.62183589463,11506.62183589463,11135.573819737627,12482.361908130872,14344.680461179983
2024-10-13,11326.708333971234,11344.518214286403,11141.9383484821,11174.294502816612,12687.74407261453,13101.703131259403,12372.433092300807,12804.020268367854,13927.83048719579,14590.30637161171,13373.522944989261,14006.727303069822,10584.925728024275,10584.925728024275,10542.079281208766,10542.079281208766,11175.798849661918,11175.798849661918,11088.681658335783,11088.681658335783,11619.782580049405,11619.782580049405,11506.62183589463,11506.62183589463,11138.58603700934,12489.95731984054,14345.553934722084
2024-10-14,11369.047292835638,11386.914542653938,11183.56982345285,11216.070340177548,12765.457157825123,13181.965299620873,12448.243295705872,12882.460166672401,14060.588934668602,14729.32755504609,13500.961600024206,14140.183715209321,10584.925728024275,10584.925728024275,10542.079281208766,10542.079281208766,11175.798849661918,11175.798849661918,11088.681658335783,11088.681658335783,11619.782580049405,11619.782580049405,11506.62183589463,11506.62183589463,11180.204013273471,12566.448635094206,14482.260802593019
2024-10-15,11317.494401970775,11335.31412855447,11132.78914556794,11165.152028182003,12675.956905314217,13089.534457208792,12360.565815846003,12791.72401853083,13943.962062866236,14607.187643050307,13388.798143169446,14022.698335601468,10584.925728024275,10584.925728024275,10542.079281208766,10542.079281208766,11175.798849661918,11175.798849661918,11088.681658335783,11088.681658335783,11619.782580049405,11619.782580049405,11506.62183589463,11506.62183589463,11129.510551631434,12478.33525932134,14362.115161013491
2024-10-16,11312.703128772979,11330.52144477807,11128.006303771617,11160.356184480663,12666.488988765079,13079.7580026494,12351.190159930055,12782.002989799037,13929.760484534445,14592.216681828935,13374.881488781875,14008.01559108753,10584.925728024275,10584.925728024275,10542.079281208766,10542.079281208766,11175.798849661918,11175.798849661918,11088.681658335783,11088.681658335783,11622.125260544404,11622.125260544404,11508.62904497463,11508.62904497463,11124.798095644906,12468.998586536563,14347.419436134365
2024-10-17,11305.567527569106,11323.385587122535,11120.632103299462,11152.974775071987,12651.948376296054,13064.75308433313,12336.71379165295,12767.007769870444,13905.5594161467,14566.94961305629,13351.202255257664,13983.281120217862,10584.925728024275,10584.925728024275,10542.079281208766,10542.079281208766,11175.798849661918,11175.798849661918,11088.681658335783,11088.681658335783,11621.071372544406,11621.071372544406,11507.575156974632,11507.575156974632,11117.780021671491,12454.686293283336,14322.551112750225
2024-10-18,11313.749917698518,11331.567977251947,11128.676662415151,11161.034120055001,12667.673527003466,13080.982134506854,12352.007899126018,12782.847990062812,13937.33447946854,14599.941056341573,13381.891087306907,14015.136275375158,10584.925728024275,10584.925728024275,10542.079281208766,10542.079281208766,11175.798849661918,11175.798849661918,11088.681658335783,11088.681658335783,11626.001770294404,11626.001770294404,11512.50555472463,11512.50555472463,11125.82458078718,12470.163007413736,14355.084172386436
2024-10-19,11305.672432969628,11323.490492523057,11120.412212716861,11152.75614672853,12647.061411883184,13059.733880769809,12331.34423757438,12761.468236905866,13913.206496104574,14574.750474066874,13358.972411264362,13990.769402738,10584.527308638426,10584.527308638426,10541.475484505367,10541.475484505367,11175.002010890217,11175.002010890217,11087.474064928983,11087.474064928983,11625.645658594403,11625.645658594403,11512.14944302463,11512.14944302463,11117.882891817346,12449.846542000243,14330.279481850806
2024-10-20,11308.11406389251,11325.927957749933,11122.583798131001,11154.929295024642,12656.881037831294,13069.739237820693,12340.290542724817,12770.60948688229,13928.11986350429,14590.104138519377,13372.367621949157,14004.814412852418,10586.454787248425,10586.454787248425,10543.402963115366,10543.402963115366,11178.856968110216,11178.856968110216,11091.329022148982,11091.329022148982,11628.858122944403,11628.858122944403,11515.361907374629,11515.361907374629,11120.309649046381,12459.571572783387,14345.46534536675
2024-10-21,11293.923639176892,11311.734110045463,11110.070359610976,11142.394676192907,12622.059355543717,13034.12377616462,12305.734707179217,12735.186609323924,13881.802989453108,14542.209814461698,13326.556239042953,13957.465704294185,10581.438769068425,10581.438769068425,10538.386944935366,10538.386944935366,11168.824931750216,11168.824931750216,11081.296985788982,11081.296985788982,11618.336221154652,11618.336221154652,11504.63023434403,11504.63023434403,11107.986795358886,12425.120712301648,14298.14165927128
2024-10-22,11287.28422225516,11305.05720423788,11103.114424225087,11135.39413124831,12613.855000180562,13025.638652575884,12297.056404347119,12726.194007681997,13867.810438576018,14527.524554015581,13312.811716488506,13943.084197688087,10581.216202884949,10581.216202884949,10537.962424231466,10537.962424231466,11170.703346782317,11170.703346782317,11082.926927358583,11082.926927358583,11620.424405904652,11620.424405904652,11506.690815814027,11506.690815814027,11101.51283062291,12417.031215032834,14283.703745641375
2024-10-23,11282.549382528665,11300.322059161681,11097.852714178336,11130.160033468563,12604.03865592859,13015.661708784408,12286.74925545764,12715.657452551959,13839.064612195554,14497.775197928291,13284.202487336379,13913.44412030518,10581.317630984677,10581.317630984677,10537.717271490366,10537.717271490366,11170.602431842315,11170.602431842315,11082.794015098581,11082.794015098581,11614.826048689802,11614.826048689802,11500.730888502827,11500.730888502827,11096.810121621242,12407.282583677534,14254.315606936554
2024-10-24,11297.533281373499,11315.309674018516,11112.628924740637,11145.004205588866,12633.250764639564,13045.48915693257,12315.14189503886,12744.68951694933,13870.24097944072,14529.820082934682,13313.574171631031,13943.642855955566,10591.202776854676,10591.202776854676,10547.602417360366,10547.602417360366,11188.563484922315,11188.563484922315,11100.692680638582,11100.692680638582,11631.00675921725,11631.00675921725,11516.407001033227,11516.407001033227,11111.586332183542,12436.15668421227,14286.059753813845
2024-10-25,11257.208099512085,11274.963749532848,11072.976446648594,11105.197203396843,12530.761936916972,12940.05809540535,12214.965580272907,12641.401533064643,13706.799436887964,14359.297301474944,13155.840801346916,13779.075455373088,10575.995146365078,10575.995146365078,10532.394786870767,10532.394786870767,11161.727118687515,11161.727118687515,11073.97972456738,11073.97972456738,11605.455024795252,11605.455024795252,11491.102086938428,11491.102086938428,11071.9338540915,12335.158888411179,14118.109117430742
2024-10-26,11269.997098976903,11287.764381620387,11085.504132578939,11117.732970670026,12565.246054867708,12975.553214355366,12248.402047741109,12675.883264331447,13761.176064005094,14416.721840058231,13207.038028077714,13832.649150937077,10580.904061593335,10580.904061593335,10537.26582422875,10537.26582422875,11170.364706349337,11170.364706349337,11082.559669196764,11082.559669196764,11617.030716344223,11617.030716344223,11502.352547813418,11502.352547813418,11084.554186115121,12369.12226653006,14174.687867330342
2024-10-27,11281.178733051176,11298.959653260661,11096.550101757253,11128.79257741434,12592.601692524075,13003.613167197273,12275.224509621532,12703.400274546842,13802.781437684165,14461.795258701472,13247.226312416746,13874.473009727524,10587.227636995614,10587.227636995614,10543.58939963103,10543.58939963103,11181.86233818344,11181.86233818344,11094.057301030867,11094.057301030867,11630.112664372495,11630.112664372495,11515.377019893167,11515.377019893167,11095.600155293436,12396.112919752504,14219.181040024456
2024-10-28,11301.861788077455,11319.676921742943,11116.994335907639,11149.271025020727,12638.437650530446,13050.564033344142,12320.201271372933,12749.52920854413,13871.142040257406,14536.595460184968,13313.450704995117,13943.191773820616,10594.009218184312,10594.009218184312,10550.370980819727,10550.370980819727,11195.108912682914,11195.108912682914,11107.30387553034,11107.30387553034,11645.961376050367,11645.961376050367,11531.209902177143,11531.209902177143,11116.044389443821,12441.399764222822,14293.08275954781
2024-10-29,11329.533405366456,11347.377382185943,11144.38334355664,11176.688875823726,12726.373470040327,13140.624172402026,12400.901455390323,12837.754248975889,13997.293745076,14664.604245609302,13432.325962097644,14069.029227428482,10603.067092474314,10603.067092474314,10559.428855109729,10559.428855109729,11212.995353262915,11212.995353262915,11125.190316110342,11125.190316110342,11660.90417432709,11660.90417432709,11545.918895034041,11545.918895034041,11143.433397092822,12528.31271014737,14419.442432406813
2024-10-30,11312.959200363875,11330.787911667365,11127.63016731726,11159.920434068346,12679.890757874327,13092.708027780725,12355.345317659103,12789.87737225221,13932.338160831509,14597.158681137718,13369.03913533023,14002.439692072516,10593.26719580099,10593.26719580099,10549.28294462053,10549.28294462053,11196.885038755754,11196.885038755754,11108.739571310842,11108.739571310842,11643.674571570951,11643.674571570951,11528.231297425558,11528.231297425558,11127.120707116463,12482.474279755099,14353.028287926054
2024-10-31,11285.908260867556,11303.723531191044,11100.921784628777,11133.198610399864,12607.933987322791,13018.865527887065,12288.845196144744,12717.371479715131,13821.556258440833,14484.20986522101,13263.92914561032,13891.14621409253,10572.461167018191,10572.461167018191,10528.476915837731,10528.476915837731,11163.319003479915,11163.319003479915,11075.366102012844,11075.366102012844,11607.16891136159,11607.16891136159,11491.980827654039,11491.980827654039,11100.41232442798,12411.314212648102,14241.572639578895
2024-11-01,11277.046660192786,11294.856853538271,11091.97846976303,11124.232217252846,12584.096136572613,12994.4453168689,12265.08339438068,12693.282012842807,13788.969091868463,14451.366381279677,13233.066192724309,13858.355140297368,10567.253353635844,10567.253353635844,10523.162951528333,10523.162951528333,11152.541002899914,11152.541002899914,11064.625901432844,11064.625901432844,11595.29698491159,11595.29698491159,11480.173307064042,11480.173307064042,11091.657561211296,12387.728162720821,14209.112330823385
2024-11-02,11272.56430354973,11290.369024577998,11087.068146784974,11119.309863705,12570.908743161404,12980.8655148815,12251.373431321172,12679.131073401035,13763.838850409362,14425.244010677832,13208.455977492344,13832.513308356898,10566.396605110469,10566.396605110469,10522.048577866832,10522.048577866832,11151.251344028015,11151.251344028015,11062.912595201746,11062.912595201746,11592.36936324049,11592.36936324049,11477.059768755042,11477.059768755042,11087.24034389081,12374.72473949896,14183.453256269628
2024-11-03,11257.239980088245,11275.019398224867,11071.541285926776,11103.756624596846,12524.33702423355,12932.896340350784,12205.356696463734,12631.664296446399,13689.519257083113,14348.307392680295,13136.486119937757,13756.886760840922,10563.896965190468,10563.896965190468,10519.54893794683,10519.54893794683,11143.606062107823,11143.606062107823,11055.267313281554,11055.267313281554,11583.697611487247,11583.697611487247,11468.214452366592,11468.214452366592,11072.125083364106,12328.789882327732,14107.706455132935
2024-11-04,11254.55484686511,11272.331004488602,11068.576696698237,11100.794694763921,12510.117689917217,12918.447789517684,12190.885260686431,12616.951741151279,13654.082120262157,14309.631611052413,13101.990413538946,13720.259936195613,10560.101650190469,10560.101650190469,10515.753622946831,10515.753622946831,11132.576171129593,11132.576171129593,11044.143210904283,11044.143210904283,11568.924395012533,11568.924395012533,11453.166291867534,11453.166291867534,11069.425769512296,12314.682631401709,14072.469160950284
2024-11-05,11277.538334711962,11295.35006315553,11091.288069267057,11123.559299389128,12570.922362336141,12980.832420378627,12250.155125171466,12677.859857679565,13757.924257680812,14420.759939867712,13200.06316482297,13823.766060596063,10566.09544891047,10566.09544891047,10521.747421666832,10521.747421666832,11141.566869209591,11141.566869209591,11053.133908984282,11053.133908984282,11581.864230381563,11581.864230381563,11465.867285039656,11465.867285039656,11092.13813458047,12374.690309704769,14181.876047256257
2024-11-06,11332.341694766534,11350.209367420703,11145.464366007269,11177.817677565345,12707.910432563876,13120.651582165397,12384.853331869164,12815.508625135735,13993.4316374081,14676.96704383593,13422.874614799473,14060.473735527445,10590.91942519047,10590.91942519047,10546.571397946833,10546.571397946833,11178.802833629592,11178.802833629592,11090.369873404283,11090.369873404283,11632.618847588288,11632.618847588288,11516.621902246381,11516.621902246381,11146.434305870447,12510.258061646779,14435.095776405175
2024-11-07,11340.774417581395,11358.639125050537,11153.484304239848,11185.92841746833,12728.7421946475,13142.455177040607,12404.534479804286,12836.213962023694,14018.167419937596,14702.245549269404,13445.336310873941,14084.17306080126,10591.946729310472,10591.946729310472,10547.598702066834,10547.598702066834,11180.34378980959,11180.34378980959,11091.910829584282,11091.910829584282,11634.262306746663,11634.262306746663,11518.117320019132,11518.117320019132,11154.696973665077,12530.811051832396,14459.959084830167
2024-11-08,11350.436420609398,11368.309760076538,11163.01824265585,11195.507011348333,12739.84580983468,13154.393092790831,12415.484202069245,12847.241372700495,14035.983708288135,14721.397968017784,13461.26233959296,14101.246628387844,10594.346898030473,10594.346898030473,10549.998870786836,10549.998870786836,11183.94404288959,11183.94404288959,11095.511082664281,11095.511082664281,11644.059310408004,11644.059310408004,11527.59642131625,11527.59642131625,11164.227652505078,12541.821932508472,14478.889964778255
2024-11-09,11382.313934195401,11400.204183053542,11194.358170887848,11226.97268132833,12816.071773241616,13232.958240447617,12489.805969180927,12924.07645740087,14171.014072629321,14862.934692803772,13590.67718521479,14236.830604961653,10595.026719390473,10595.026719390473,10550.678692146836,10550.678692146836,11184.96377492959,11184.96377492959,11096.530814704282,11096.530814704282,11659.846899184002,11659.846899184002,11543.21998872825,11543.21998872825,11195.613742115076,12616.852665669996,14618.124582676277
2024-11-10,11456.970919165102,11474.919965901001,11267.995834081008,11300.886815744358,12936.243717899713,13356.206375022144,12607.009749253953,13044.423404034578,14425.241509606853,15131.446183739386,13831.535520284626,14491.396245210142,10609.81384021961,10609.81384021961,10565.465812975972,10565.465812975972,11208.362812243162,11208.362812243162,11119.485719468077,11119.485719468077,11692.040445942153,11692.040445942153,11574.893937341052,11574.893937341052,11269.279803324296,12735.577682949865,14875.227913948074
2024-11-11,11546.876646450315,11564.899450266686,11356.837387544192,11390.04268994659,13109.170298966497,13541.423870516755,12776.223874805988,13217.72328330196,14746.519277536916,15465.083007818901,14142.063342862957,14813.250190791663,10642.906498047922,10642.906498047922,10598.558470804284,10598.558470804284,11280.912371305696,11280.912371305696,11192.035278530611,11192.035278530611,11790.541590447012,11790.541590447012,11673.207324894971,11673.207324894971,11358.19082431868,12906.595788822633,15204.43862601684
2024-11-12,11544.029325536172,11562.0801462812,11354.034166207459,11387.17421501181,13126.60472224232,13559.44249824468,12792.58376894852,13234.185343570036,14724.326505840052,15441.15299198517,14119.387584287384,14789.213620477527,10640.153230033724,10640.153230033724,10595.716540336836,10595.716540336836,11275.006520643361,11275.006520643361,11185.6608033005,11185.6608033005,11758.544395024512,11758.544395024512,11640.828659126573,11640.828659126573,11355.38118795796,12924.369924507655,15181.700026645165
2024-11-13,11566.817423808983,11584.867767091246,11376.520891030304,11409.729796712754,13309.63780606371,13750.630773434794,12971.288684566474,13418.531886774135,14943.023401270248,15669.524559207493,14326.629451895415,15007.979067459419,10647.358481317602,10647.358481317602,10602.921791620714,10602.921791620714,11286.91852557616,11286.91852557616,11197.4849022123,11197.4849022123,11761.294206267985,11761.294206267985,11643.296867698253,11643.296867698253,11373.836776351742,13061.605011935573,15364.281223085389
2024-11-14,11538.574911858728,11556.623447385862,11348.27204110843,11381.38180282126,13247.083816493841,13686.402759955437,12909.696323596081,13355.302791345797,14916.298968045048,15639.46190100481,14299.950432547363,14980.715232416043,10638.185309347602,10638.185309347602,10593.748619650714,10593.748619650714,11271.62990562616,11271.62990562616,11182.196282262299,11182.196282262299,11790.30340233508,11790.30340233508,11671.391304174977,11671.391304174977,11349.49279052446,12999.272782319464,15309.114494080262
2024-11-15,11581.17978066713,11599.254930334388,11390.30491339758,11423.571562859626,13338.535193253683,13780.280143235716,12999.281924941824,13447.383745971032,15084.195668440447,15818.10206350903,14461.764532307452,15149.15427105052,10649.179803823596,10649.179803823596,10604.743114126708,10604.743114126708,11289.954063086148,11289.954063086148,11200.520439722288,11200.520439722288,11851.908411856002,11851.908411856002,11732.50535129721,11732.50535129721,11378.759788408013,13082.39594076551,15463.88930315118
2024-11-16,11562.200729172637,11580.241906657926,11371.562756642212,11404.753356921961,13305.172432978576,13745.88227897805,12966.927017045078,13413.698614787569,15133.922543835622,15870.265223688279,14508.616946912849,15198.39472616852,10647.795108822618,10647.795108822618,10603.35841912573,10603.35841912573,11287.646238084519,11287.646238084519,11198.212614720658,11198.212614720658,11937.000101853613,11937.000101853613,11816.33161752518,11816.33161752518,11360.483116313977,13054.224274029963,15496.485846373627
2024-11-17,11580.035154673613,11598.078401587352,11388.961599879018,11422.369499906534,13328.745880382245,13770.38357711519,12990.538709243805,13437.46295436674,15153.397872765485,15890.947989274178,14526.94021827928,15217.72893997526,10645.466084167387,10645.466084167387,10601.029394470499,10601.029394470499,11283.764530325798,11283.764530325798,11194.330906961937,11194.330906961937,11916.93011935058,11916.93011935058,11796.263446956991,11796.263446956991,11374.430384221012,13072.443567572636,15508.83824636463
2024-11-18,11580.489227214839,11598.530226497249,11389.391666991134,11422.787599317093,13319.416604620228,13760.658579125276,12980.92838404243,13427.981491331255,15158.3427309905,15895.985626398073,14531.495016215687,15222.333867512965,10647.105813871387,10647.105813871387,10602.6691241745,10602.6691241745,11286.497413165798,11286.497413165798,11197.063789801938,11197.063789801938,11933.733527927758,11933.733527927758,11812.924007557143,11812.924007557143,11375.084548174413,13066.173860962972,15518.368025463056
2024-11-19,11589.594259019526,11607.654155518178,11398.229924018167,11431.645574999064,13329.814028413875,13771.100796752906,12988.901510065356,13437.74236603255,15159.998594474488,15897.210318028341,14532.816376871344,15223.208881593486,10652.401842965006,10652.401842965006,10607.965153268118,10607.965153268118,11295.324128321827,11295.324128321827,11205.890504957966,11205.890504957966,11939.113933176546,11939.113933176546,11818.339400723771,11818.339400723771,11384.009554193995,13075.800286172005,15521.11712236385
2024-11-20,11584.16717517607,11602.214046758838,11392.979276321377,11426.361617697761,13315.66782350675,13758.2662081456,12975.413186187128,13423.344148913411,15131.568831106419,15866.83927156573,14506.02296294517,15194.615434695159,10658.175040655005,10658.175040655005,10613.738350958118,10613.738350958118,11304.946124471826,11304.946124471826,11213.394288823865,11213.394288823865,11949.404354848404,11949.404354848404,11828.623036349722,11828.623036349722,11378.664625985832,13061.930760725205,15491.474901863492
2024-11-21,11628.914210353769,11646.998433431312,11437.002969390953,11470.435758672524,13398.191574085906,13847.05572159958,13055.647452620715,13505.779115126323,15259.772866086683,16000.126505247374,14628.918797568966,15322.134561711031,10670.326581455005,10670.326581455005,10625.889891758117,10625.889891758117,11321.044485643826,11321.044485643826,11229.596343223866,11229.596343223866,11995.49208056289,11995.49208056289,11874.394177194972,11874.394177194972,11423.936424262305,13137.874534493245,15614.303814783198
2024-11-22,11662.303267794081,11680.458175746613,11469.881005330128,11503.407012088273,13498.315666629771,13950.30076955186,13152.827139076482,13606.36823393837,15459.867037523434,16207.709084560536,14821.432590253444,15522.399763469874,10671.901851335006,10671.901851335006,10627.465161638118,10627.465161638118,11323.144845483826,11323.144845483826,11231.696703063866,11231.696703063866,12038.96913704991,12038.96913704991,11917.465646853327,11917.465646853327,11456.784174924685,13236.404236950812,15818.636556873373
2024-11-23,11661.026306907537,11679.197005701044,11468.568090036912,11502.109362635394,13510.631702616922,13963.184167279562,13164.22982703745,13618.31974449545,15477.816099111209,16227.453780075513,14838.68509461843,15540.034421827575,10668.225121985006,10668.225121985006,10623.788432288118,10623.788432288118,11318.242539683828,11318.242539683828,11226.794397263868,11226.794397263868,12031.88942864684,12031.88942864684,11910.395388461706,11910.395388461706,11455.362514878478,13248.75182035313,15837.684325916496
2024-11-24,11656.778741130287,11674.945272806113,11464.333453710022,11497.862680541353,13494.533029889873,13946.514734768387,13147.956663691628,13601.457956511193,15471.152073713914,16220.450229312753,14831.229103814383,15532.392625296803,10668.785063008238,10668.785063008238,10624.34837331135,10624.34837331135,11318.989127714805,11318.989127714805,11227.540985294845,11227.540985294845,12027.723290118653,12027.723290118653,11906.214927241388,11906.214927241388,11451.062613364722,13231.9214495328,15827.257348666366
2024-11-25,11619.257137197319,11637.383921354025,11427.139424775527,11460.66300648782,13423.664674613412,13873.927725496615,13078.326529450349,13530.109204790935,15359.874810754927,16105.261191499674,14727.774193027628,15420.266196536679,10653.930501765817,10653.930501765817,10609.49381206893,10609.49381206893,11299.183046058246,11299.183046058246,11207.734903638286,11207.734903638286,12000.41973936317,12000.41973936317,11878.937720374732,11878.937720374732,11419.827772987388,13166.093474288096,15722.561213812902
2024-11-26,11616.234188811477,11634.366548781118,11423.55843104628,11457.07295928474,13423.305386135278,13873.716113900162,13077.306052218797,13528.777177383005,15360.012814085661,16106.370237663277,14727.255735317593,15419.197054059841,10653.590230931977,10653.590230931977,10608.87455862909,10608.87455862909,11298.729351613127,11298.729351613127,11206.909232385166,11206.909232385166,11997.657446456771,11997.657446456771,11875.733170758333,11875.733170758333,11417.47674070095,13164.778730277616,15725.598483085349
2024-11-27,11627.678577815352,11645.882997224398,11434.800928086192,11468.336350117439,13463.189717403064,13914.812033415483,13115.83895236741,13568.66726054374,15427.80303514979,16178.369734400207,14792.027377664741,15486.801145381567,10653.590230931977,10653.590230931977,10608.87455862909,10608.87455862909,11298.729351613127,11298.729351613127,11206.909232385166,11206.909232385166,12007.288132928772,12007.288132928772,11885.264204894333,11885.264204894333,11429.611444995424,13210.030527072904,15799.50975214472
2024-11-28,11630.30573133034,11648.537718136213,11437.12334496977,11470.672669565043,13468.539412371507,13920.462631439561,13120.669677976093,13573.622270772306,15434.193215863423,16184.246838084822,14797.394774705073,15492.589454756802,10653.590230931977,10653.590230931977,10608.87455862909,10608.87455862909,11298.729351613127,11298.729351613127,11206.909232385166,11206.909232385166,12014.772319641746,12014.772319641746,11892.627870817845,11892.627870817845,11432.281154402957,13212.95808067057,15805.074446843866
2024-11-29,11656.621816513023,11674.946611776186,11463.028534129484,11496.629382121135,13513.025282608642,13966.222806316558,13164.081163390734,13618.430360721632,15505.294239618794,16260.542411539454,14865.534130603686,15563.502436505005,10653.590230931977,10653.590230931977,10608.87455862909,10608.87455862909,11298.729351613127,11298.729351613127,11206.909232385166,11206.909232385166,12042.053958024955,12042.053958024955,11919.626130520965,11919.626130520965,11457.771400630296,13257.77744315193,15889.603590538829
2024-11-30,11670.718054281433,11689.055882321287,11476.862445448332,11510.493369392494,13545.649245646233,14000.116256499163,13195.769458554685,13651.046118599343,15557.944372748496,16315.51150159875,14915.685356277616,15615.871625478527,10653.590230931977,10653.590230931977,10608.87455862909,10608.87455862909,11298.729351613127,11298.729351613127,11206.909232385166,11206.909232385166,12057.979174879107,12057.979174879107,11935.385929636308,11935.385929636308,11471.69341986074,13288.173726684783,15945.840941268843
2024-12-01,11703.509361314244,11721.970780066267,11509.147788369244,11542.846835139404,13600.934440054194,14057.41030464786,13249.26540935614,13706.485927541053,15626.0206716473,16387.213988797637,14980.749099042348,15683.908220027984,10653.590230931977,10653.590230931977,10608.87455862909,10608.87455862909,11298.729351613127,11298.729351613127,11206.909232385166,11206.909232385166,12094.050211246107,12094.050211246107,11971.082290460306,11971.082290460306,11503.657835320968,13339.748716341945,16015.48160007985
2024-12-02,11722.711685541877,11741.207625561512,11528.041288664477,11561.782612410207,13624.526775009517,14081.787974839206,13272.035195556498,13729.959546260707,15672.719283949578,16441.983756884747,15026.424761562293,15730.321290062664,10653.590230931977,10653.590230931977,10608.87455862909,10608.87455862909,11298.729351613127,11298.729351613127,11206.909232385166,11206.909232385166,12128.787687480892,12128.787687480892,12005.379052995735,12005.379052995735,11522.81926804,13359.170245864118,16076.15644353352
2024-12-03,11705.540549005433,11724.005286187466,11511.141351712395,11544.861373374748,13586.544149336663,14042.494850158622,13234.990378335431,13691.60262186857,15616.219289398568,16381.623826404759,14972.02969998646,15673.639654633314,10653.590230931977,10653.590230931977,10608.87455862909,10608.87455862909,11298.729351613127,11298.729351613127,11206.909232385166,11206.909232385166,12111.469093696855,12111.469093696855,11988.252177962073,11988.252177962073,11506.258439472296,13319.11357492224,16014.01909012888
2024-12-04,11715.164711655334,11733.635179233019,11520.553164407307,11554.243002506204,13597.518935200493,14053.94896069998,13245.238837771874,13702.321096469133,15658.612496648102,16425.852754467414,15012.035909883833,15715.452865211786,10653.590230931977,10653.590230931977,10608.87455862909,10608.87455862909,11298.729351613127,11298.729351613127,11206.909232385166,11206.909232385166,12101.518378767289,12101.518378767289,11978.35299651727,11978.35299651727,11515.465895973386,13328.684991582666,16067.950963571328
2024-12-05,11702.478268707935,11720.928835128117,11507.718185525893,11541.384328451768,13562.068217749858,14017.593956281575,13209.98949027855,13666.204053133799,15622.10656809458,16386.397178743042,14975.714809370544,15678.188386003561,10646.983039983003,10646.983039983003,10601.889229909328,10601.889229909328,11286.360144152439,11286.360144152439,11193.901773293896,11193.901773293896,12081.14526039013,12081.14526039013,11957.389650305273,11957.389650305273,11503.573605234225,13294.85848115477,16020.657258221705
2024-12-06,11726.74255198354,11745.21848878984,11531.622837212315,11565.324773646913,13611.465894485578,14068.426137261746,13257.970731561916,13715.521198575272,15692.936265239628,16462.570113519294,15043.811716705395,15748.707994634045,10662.478719343011,10662.478719343011,10617.384909269336,10617.384909269336,11314.384435085303,11314.384435085303,11221.714130813392,11221.714130813392,12121.98455836669,12121.98455836669,11997.909634342295,11997.909634342295,11523.071513966199,13338.635558960392,16102.558451160516
2024-12-07,11737.464687857426,11755.976686328411,11542.16856733955,11575.90715459284,13628.123707702774,14085.6439362969,13274.200161493101,13732.311260070524,15729.532353579194,16500.867337606105,15078.922628590668,15785.391504607409,10662.316676580082,10662.316676580082,10617.222866506407,10617.222866506407,11314.131481946502,11314.131481946502,11221.466258559383,11221.466258559383,12133.521008947126,12133.521008947126,12009.341213351447,12009.341213351447,11528.264272196948,13349.765653673901,16133.445783724152
2024-12-08,11742.514198200302,11761.038023969337,11547.18173874425,11580.918267036173,13643.768434669417,14101.654304281887,13289.262643350869,13747.733915328165,15742.18350538356,16515.110931443534,15090.904349333958,15797.672756314912,10665.0499291099,10665.0499291099,10619.956119036226,10619.956119036226,11319.528337471527,11319.528337471527,11226.85813911765,11226.85813911765,12138.283699231646,12138.283699231646,12014.105105553313,12014.105105553313,11532.10601649888,13363.737810220397,16149.143670282596
2024-12-09,11687.621988177432,11706.037281903973,11493.055060145565,11526.68021222771,13535.376884174011,13989.954827069954,13183.135912780375,13638.350258810513,15545.389699295582,16306.225413029511,14901.111765421343,15600.227084380542,10643.285964588742,10643.285964588742,10598.192154515067,10598.192154515067,11280.151421224624,11280.151421224624,11187.777723784706,11187.777723784706,12061.341146574981,12061.341146574981,11937.660985711911,11937.660985711911,11483.805491243798,13248.496061488479,15929.682753776686
2024-12-10,11668.629202873979,11687.012934975273,11473.376697868864,11506.954816200607,13504.08208158699,13957.665401533986,13152.481937689849,13606.695095048744,15499.080131895533,16257.130193069597,14856.059910166026,15553.265575704569,10638.700928831393,10638.700928831393,10593.562601570668,10593.562601570668,11271.850318867373,11271.850318867373,11179.487689880705,11179.487689880705,12052.690823404006,12052.690823404006,11929.01431146301,11929.01431146301,11472.04652898475,13224.058423276654,15890.150933824689
2024-12-11,11691.76253836054,11710.155819528522,11495.774514798,11529.370031445773,13585.548020938377,14041.35335177225,13232.219573983117,13688.64528128214,15618.633608266628,16381.206313406276,14971.226725586828,15672.749756632611,10654.702069146393,10654.702069146393,10609.563741885668,10609.563741885668,11301.843084727372,11301.843084727372,11209.279504263704,11209.279504263704,12083.487395172006,12083.487395172006,11959.609931754008,11959.609931754008,11492.050131620419,13294.355930965343,16015.490207532506
2024-12-12,11691.647181362709,11710.031444303351,11495.390904188342,11528.993565098104,13581.78017888538,14037.63676590069,13228.379533509507,13684.85499395208,15606.258633442427,16368.485354882701,14959.16149671537,15660.343605939977,10654.088180346394,10654.088180346394,10608.949853085669,10608.949853085669,11300.125998447375,11300.125998447375,11207.513487115704,11207.513487115704,12081.966032364007,12081.966032364007,11958.03963807801,11958.03963807801,11492.119265043362,13287.868297754738,16002.523139738603
2024-12-13,11700.873875303283,11719.264831908305,11504.27946706878,11537.906331453793,13604.118858682175,14060.553690049754,13249.908430316611,13706.950946786053,15645.406591494888,16409.20078503295,14996.583110485848,15699.219606920326,10656.657824900945,10656.657824900945,10611.38378130387,10611.38378130387,11306.998970327375,11306.998970327375,11212.793074994002,11212.793074994002,12088.934667620006,12088.934667620006,11964.98435749001,11964.98435749001,11501.034994952013,13308.107706332356,16044.014916690492
2024-12-14,11688.94687816805,11707.329168816772,11492.551961175552,11526.13374244725,13579.584032685527,14035.183582085738,13226.013064432893,13682.218854608918,15603.214255046529,16364.966536729362,14956.148408340658,15656.903606037093,10656.621790934445,10656.621790934445,10611.34774733737,10611.34774733737,11304.636601774377,11304.636601774377,11210.486895101254,11210.486895101254,12086.419612359006,12086.419612359006,11962.507473906011,11962.507473906011,11489.571800725933,13287.414546515172,15998.670435745615
2024-12-15,11706.30018482221,11724.682322215689,11509.459191283035,11543.074284865506,13619.874876285492,14076.457951661303,13265.566914053663,13722.757069356507,15657.055690905829,16420.641084911993,15008.111407697594,15710.54936850128,10662.723424216163,10662.723424216163,10617.449380619088,10617.449380619088,11322.165616949176,11322.165616949176,11224.876331158339,11224.876331158339,12104.30367744123,12104.30367744123,11980.302776511378,11980.302776511378,11506.707985333021,13323.485304958074,16054.209050460962
2024-12-16,11698.731459416338,11717.113596809817,11501.822284166206,11535.416242466335,13611.749775371041,14067.870430680234,13257.523953786878,13714.241945424885,15641.169796517534,16403.56402275274,14992.828996204522,15694.20239290305,10665.788058979155,10665.788058979155,10620.51401538208,10620.51401538208,11329.802411358956,11329.802411358956,11230.955682771893,11230.955682771893,12112.040973509931,12112.040973509931,11988.014947165348,11988.014947165348,11499.307601243418,13317.146551929749,16037.47831727525
2024-12-17,11691.08807784009,11709.470215233569,11494.297315483906,11527.883618832037,13595.972401217223,14051.51259066261,13242.161970149913,13698.299495924115,15611.307746834962,16372.285525931884,14964.187292258455,15664.24325093474,10665.83177012933,10665.83177012933,10620.557726532255,10620.557726532255,11324.181107979306,11324.181107979306,11225.407669245158,11225.407669245158,12106.039088418282,12106.039088418282,11982.108207501697,11982.108207501697,11491.782632561117,13301.531547637835,16006.272608420963
2024-12-18,11664.56496387552,11682.947101269,11468.062715148944,11501.32769710234,13515.29228337032,13968.765028181731,13162.7927378841,13616.853570709847,15488.204862986342,16244.736798432152,14844.537491346744,15540.30771037793,10653.982909544104,10653.982909544104,10608.708865947028,10608.708865947028,11284.493313814493,11284.493313814493,11191.91080658953,11191.91080658953,12065.28528938718,12065.28528938718,11941.620909687166,11941.620909687166,11465.703800207155,13226.211375427498,15878.813274747397
2024-12-19,11643.466947429162,11661.841830268264,11447.049178565869,11480.305327751134,13461.30636024549,13913.363744717264,13109.221622525765,13561.840376174092,15388.436025077173,16136.529081342804,14747.82742594562,15439.680426160976,10648.429400824105,10648.429400824105,10603.15535722703,10603.15535722703,11275.82282853936,11275.82282853936,11183.140492622162,11183.140492622162,12040.094981219334,12040.094981219334,11916.43601456005,11916.43601456005,11444.835285000667,13173.646206643896,15775.800328221505
2024-12-20,11648.232833459546,11666.611649140648,11451.300286872756,11484.561729427436,13458.705203298876,13911.204670957737,13105.864523551376,13558.923651320009,15373.451418309103,16121.517586280203,14731.401443206938,15423.525555124892,10640.967624067378,10640.967624067378,10595.50606812012,10595.50606812012,11264.630163404268,11264.630163404268,11171.666558961799,11171.666558961799,12025.171427705876,12025.171427705876,11901.137436346227,11901.137436346227,11449.40368562657,13170.099732041926,15760.671497896565
2024-12-21,11638.860945615666,11657.23557293577,11441.977181223414,11475.226010901511,13421.545953465227,13872.719592645097,13069.03752349402,13520.936977577274,15316.30051253161,16061.58975055021,14675.793897458489,15365.372862703816,10640.356179636385,10640.356179636385,10594.79678586575,10594.79678586575,11263.407274542278,11263.407274542278,11170.247994453059,11170.247994453059,12023.948538843886,12023.948538843886,11899.718871837487,11899.718871837487,11440.178417800604,13133.954732440732,15702.159850034514
2024-12-22,11636.569177314821,11654.940247512926,11439.566472139393,11472.814847434729,13411.553187958458,13862.59077218942,13059.070388835815,13510.808224916269,15306.089980705905,16051.230179031852,14665.60187776411,15355.181240930307,10638.219061967293,10638.219061967293,10592.659668196658,10592.659668196658,11259.133039204093,11259.133039204093,11165.973759114873,11165.973759114873,12019.6743035057,12019.6743035057,11895.444636499302,11895.444636499302,11437.887529963344,13124.08257043259,15691.994227826273
2024-12-23,11654.518212154813,11672.889046090744,11457.183873990945,11490.43852449057,13474.29193275821,13926.92160198575,13120.522209295536,13573.80002699437,15405.581700381459,16160.99006419731,14761.574709173638,15454.369960438984,10638.114317015643,10638.114317015643,10592.45984121006,10592.45984121006,11258.923549300793,11258.923549300793,11165.574105141673,11165.574105141673,12019.4648136024,12019.4648136024,11895.044982526102,11895.044982526102,11455.649532550844,13185.497830707596,15799.71251395564
2024-12-24,11650.454420615471,11668.825254551402,11453.1192371539,11486.379949817523,13470.780627302196,13923.406821498496,13116.966452101502,13570.262456229502,15419.261856646863,16176.530965721486,14775.300276372764,15468.012782395537,10638.114317015643,10638.114317015643,10592.45984121006,10592.45984121006,11258.923549300793,11258.923549300793,11165.574105141673,11165.574105141673,12019.4648136024,12019.4648136024,11895.044982526102,11895.044982526102,11451.623267471048,13182.02261697312,15814.589040487504
2024-12-25,11643.730872852719,11661.736973271565,11446.388864061362,11479.284948503844,13456.759210776574,13908.981342257119,13103.083296926514,13555.993507567055,15398.613474579419,16155.5669714331,14755.904102712599,15447.26316745639,10638.114317015643,10638.114317015643,10592.45984121006,10592.45984121006,11258.923549300793,11258.923549300793,11165.574105141673,11165.574105141673,12019.4648136024,12019.4648136024,11895.044982526102,11895.044982526102,11445.004397905677,13168.463706628563,15794.106930098127
2024-12-26,11621.95579355535,11638.866314713392,11424.891301051055,11456.663052965896,13401.35082622754,13852.060060103302,13048.649144301227,13500.148883072663,15310.566986046893,16067.323656995057,14673.969826212951,15358.961629044248,10638.114317015643,10638.114317015643,10592.45984121006,10592.45984121006,11258.923549300793,11258.923549300793,11165.574105141673,11165.574105141673,12019.4648136024,12019.4648136024,11895.044982526102,11895.044982526102,11423.50683489537,13114.552557733456,15707.949740524315
2024-12-27,11616.461533820187,11632.952924804675,11419.310266737955,11450.655086174751,13383.633557208424,13833.94628649382,13031.066343961218,13482.132558207399,15278.630435480341,16034.202975441396,14644.172606069385,15326.6806878942,10638.114317015643,10638.114317015643,10592.45984121006,10592.45984121006,11258.923549300793,11258.923549300793,11165.574105141673,11165.574105141673,12019.4648136024,12019.4648136024,11895.044982526102,11895.044982526102,11418.070918870872,13097.256310060382,15675.386176528305
2024-12-28,11631.318257346202,11648.291293437958,11434.074833773528,11465.918999712407,13416.839608465114,13867.92007701671,13063.710143383507,13515.579024129858,15347.380375523375,16105.373934225252,14707.653403761295,15395.45829347202,10638.114317015643,10638.114317015643,10592.45984121006,10592.45984121006,11258.923549300793,11258.923549300793,11165.574105141673,11165.574105141673,12020.358654687408,12020.358654687408,11895.844494016934,11895.844494016934,11432.835485906444,13130.008975484761,15745.708868612059
2024-12-29,11618.981860753456,11635.501165685517,11421.822351090732,11453.19707757091,13386.621373306345,13837.032950712091,13034.001083217529,13485.197688868026,15293.53119139269,16049.666845683865,14657.371085896255,15341.24709866546,10638.114317015643,10638.114317015643,10592.45984121006,10592.45984121006,11258.923549300793,11258.923549300793,11165.574105141673,11165.574105141673,12018.772869755725,12018.772869755725,11894.25870908525,11894.25870908525,11420.583003223648,13100.473923245934,15690.617348433976
2024-12-30,11619.932966430355,11636.775613817776,11422.713370607795,11454.411145930333,13387.676707502904,13838.24622485721,13034.720733279613,13486.078230035284,15292.810746991056,16049.262952875057,14656.812933871977,15339.8197424782,10638.114317015643,10638.114317015643,10592.45984121006,10592.45984121006,11258.923549300793,11258.923549300793,11165.574105141673,11165.574105141673,12018.679132634657,12018.679132634657,11894.071342339108,11894.071342339108,11421.508772783709,13101.284140456779,15690.114596905383
2024-12-31,11614.425448576118,11631.061119554593,11417.25173467598,11448.732833572429,13367.803431170518,13817.896162548424,13015.227091285451,13466.062813627019,15264.949074959492,16020.401316475483,14631.091736363333,15311.879945369452,10638.114317015643,10638.114317015643,10592.45984121006,10592.45984121006,11258.923549300793,11258.923549300793,11165.574105141673,11165.574105141673,12018.679132634657,12018.679132634657,11894.071342339108,11894.071342339108,11416.047136851894,13081.79677047111,15661.689132303265
