family,label_id,holding_hours
RESIDUAL_MOMENTUM_PORTFOLIO_TOP1,69d80391d34f11f3d54ab3612dcfee323c01a95f98b0f94e624329fc0feb57bf,48.0
RESIDUAL_MOMENTUM_PORTFOLIO_TOP1,40bcad4d95c432cceddf4541d9efeddd6caeb54b2c035f7bce88347ab1fc4c10,48.0
RESIDUAL_MOMENTUM_PORTFOLIO_TOP1,a4f26da35f66f0b66aeb69bde848e54aac3626656e09dfeed649eaf195c0a450,22.5
RESIDUAL_MOMENTUM_PORTFOLIO_TOP1,3e49e8a2bbc01f60cc372b978036c10085cf5924973c8cd71d6e8a2f8d5b5611,48.0
RESIDUAL_MOMENTUM_PORTFOLIO_TOP1,b54da8aba756331f8e1b6d0d3195939261d09bbeff5474d31c5942d5067a6eb1,48.0
RESIDUAL_MOMENTUM_PORTFOLIO_TOP1,c337305aa671704ea5f0bc3d0338851543505b35062b2cf0bd0827a1244fb040,48.0
RESIDUAL_MOMENTUM_PORTFOLIO_TOP1,37133342251b89e776568fb27040d6a2f65078c00cd539e88aa536e06c58d090,15.0
RESIDUAL_MOMENTUM_PORTFOLIO_TOP1,97d18132f346080ece7476ab3cd65b4aaf43304447fa8031fda874e368e8990c,48.0
RESIDUAL_MOMENTUM_PORTFOLIO_TOP1,fba2e222b22bd024c4d22e314e5f1540e28dbf44858f036d3e7f79a9e0c52cdc,48.0
RESIDUAL_MOMENTUM_PORTFOLIO_TOP1,ebf4708e9bfde75b62f0979bc045948900287f06fb6d4a69cc9bf328578f078f,48.0
RESIDUAL_MOMENTUM_PORTFOLIO_TOP1,25d0b00a4e430413cc43f7564110bcccd500af68154c288280d7dfb7823b7c1c,48.0
RESIDUAL_MOMENTUM_PORTFOLIO_TOP1,03435b4592369e8e7357d92d30c9d5e4ba8852082a31f4613267dca8671618e9,48.0
RESIDUAL_MOMENTUM_PORTFOLIO_TOP1,9362b4fe944070bd99a16ad0adc2e1318fb3c18753b5ab741781a77f5fd457eb,7.5
RESIDUAL_MOMENTUM_PORTFOLIO_TOP1,fae49c6d69d2e38bdd5fc619cc7fbdad394f333aec50a50a0c086f9b1068c839,48.0
RESIDUAL_MOMENTUM_PORTFOLIO_TOP1,af6815f36539b97d04019c9b6c37786c6a82a411eb0e35cc96991b3e42bf2487,48.0
RESIDUAL_MOMENTUM_PORTFOLIO_TOP1,22b09bbeaba53cfb3cf18477dd94a5c4dba4fdef69b718128f00f84970920ab1,48.0
RESIDUAL_MOMENTUM_PORTFOLIO_TOP1,42437de631fa5fc2e2bc7585be19f9979c55ace97064c971af231ae279b882ff,48.0
RESIDUAL_MOMENTUM_PORTFOLIO_TOP1,963aca0cef5e0a6b3e5e8483191ad664164e40044e03759bafb6636af6278dce,48.0
RESIDUAL_MOMENTUM_PORTFOLIO_TOP1,2db307a350974d4883671fc4955bc6be2a2130e3feefa08895c7bcf750a6bda8,48.0
RESIDUAL_MOMENTUM_PORTFOLIO_TOP1,94a827e936f45487fdb67b2d165cc4a4a515ac03ac9320a825f969ff62affc6f,48.0
RESIDUAL_MOMENTUM_PORTFOLIO_TOP1,34fa6bcc99d0dc6786ae642cb13c7c759c7cf4c2fbfbeae00759d71586fb85e9,48.0
RESIDUAL_MOMENTUM_PORTFOLIO_TOP1,9f6b45821b5129de228c069c68c6dd6a1e54f2ebcfe29c2f3df22563218645e2,48.0
RESIDUAL_MOMENTUM_PORTFOLIO_TOP1,148701c879c416c3f15b86321b05b8edb0e390ee442a21d4518a5267edf55ac4,48.0
RESIDUAL_MOMENTUM_PORTFOLIO_TOP1,e97105c9aa07e167bda5b59538873c96c3f28af5453fbfeaeb51b4a0f2703f5c,48.0
RESIDUAL_MOMENTUM_PORTFOLIO_TOP1,71ce1b8fc505815f1ae5ceacb2ca0c2eef60df115c6d9b2cdcf0190dc78f6f6b,48.0
RESIDUAL_MOMENTUM_PORTFOLIO_TOP1,3d3888ba8f3b69b29c48ad8edbf25793a55fcab909ee473debed6c664ac3ad3a,48.0
RESIDUAL_MOMENTUM_PORTFOLIO_TOP1,f058a2a1378eaf17c6a26309b343c26202e7869de22043d5b37047da5f962aa2,45.25
RESIDUAL_MOMENTUM_PORTFOLIO_TOP1,9445b53ed5f39ae14ee55ded0c9f8c4aef31a26cb803bc4ae68163e4ac4303fb,48.0
RESIDUAL_MOMENTUM_PORTFOLIO_TOP1,8e53ab5b6f027581b498a3f0ab098a05f3115ab5444779d135408543e03abd0c,48.0
RESIDUAL_MOMENTUM_PORTFOLIO_TOP1,4d73da8190fb032cd739f902494405bafed8f22193fd261cd8d5a8c876ead942,48.0
RESIDUAL_MOMENTUM_PORTFOLIO_TOP1,2a2485c89d794f5cdb40471ab816b46f0824b38a43ee1ecff3cbd008c8c85734,48.0
RESIDUAL_MOMENTUM_PORTFOLIO_TOP1,c30fa9c5236a59ad241fd1d987e8063d5086e5820f9809483079c29aa20edbf2,22.75
RESIDUAL_MOMENTUM_PORTFOLIO_TOP1,b12bd632335862b35daa6cc8802a1289a6df04f47f9f5a9dce11f579b76cc677,48.0
RESIDUAL_MOMENTUM_PORTFOLIO_TOP1,a89cf655dcabecf57886842b6dee7dc2bffba32ff30501f449ada46da9cf81ac,48.0
RESIDUAL_MOMENTUM_PORTFOLIO_TOP1,b174b0b319f68c07e66a14d3205b8d42e583b72ca9263fcd14d14cc8ddbf475c,48.0
RESIDUAL_MOMENTUM_PORTFOLIO_TOP1,4f1e4ec236e2abbc37abc80cbec2bb75b037196886f6da3b57dec10252224beb,48.0
RESIDUAL_MOMENTUM_PORTFOLIO_TOP1,af96c66eb16285e0a693f2b610d34a92c2d1a9cd47bda5ea3a6dd417f9240ce1,48.0
RESIDUAL_MOMENTUM_PORTFOLIO_TOP1,8507b336c75dcba472a0d8e0fefcf35ed9ea03b4e5a70225745f83e28f4321cd,48.0
RESIDUAL_MOMENTUM_PORTFOLIO_TOP1,b63a846e49b20a3cc419efffade5af35facf3a7841da0ad0bbc021763bb7b5a3,48.0
RESIDUAL_MOMENTUM_PORTFOLIO_TOP1,722c6904e38d2790b10c6edadaec138240d4b1c58992d08d7be6adf2d61bac79,48.0
RESIDUAL_MOMENTUM_PORTFOLIO_TOP1,dbf118dd93f5451eeb08ef394254ec88cfc0be0f36e01be2f2e69f8d61e75017,48.0
RESIDUAL_MOMENTUM_PORTFOLIO_TOP1,5f2db6b774cde1bf7113d5ada7b6d18b83e582588075a70d98a74208ff9783a1,48.0
RESIDUAL_MOMENTUM_PORTFOLIO_TOP1,accc0fffc18ad34d4fc8a5c1f5526aa5828cfeecacdf4f4aa97a817bf2c4b14e,48.0
RESIDUAL_MOMENTUM_PORTFOLIO_TOP1,20dbfca539cb126dedc362d1ef918f07ac6b2a53a34fa3e1687bd9ce00240b92,21.75
RESIDUAL_MOMENTUM_PORTFOLIO_TOP1,0290656b23fecc9d6bde88afb35b8d5607f9438a33297348fe1a6c6e85b41a25,48.0
RESIDUAL_MOMENTUM_PORTFOLIO_TOP1,e10a127d3b98e1192ddc8f22f8537e95554e195410c85877b088cacadd8ed7e8,48.0
RESIDUAL_MOMENTUM_PORTFOLIO_TOP1,c00911fa566b45082b7d58113c5bd4b9397f2ab274e1a552bd1acc751401313f,48.0
RESIDUAL_MOMENTUM_PORTFOLIO_TOP1,52a9757f454168f74b3ac5d473ea5a12c38b66974b015147e8d5b423fb2b2131,15.0
RESIDUAL_MOMENTUM_PORTFOLIO_TOP1,4c259252b0cb76fa0cc257091dffeb2e0268671299ed7edbcc0ec8866d9f7bcf,48.0
RESIDUAL_MOMENTUM_PORTFOLIO_TOP1,db4399878e1c4feb09b07f20cacdd29544cfc0588e26c511728204fe97f51d51,48.0
RESIDUAL_MOMENTUM_PORTFOLIO_TOP1,8d01d95d35bccb578a2afccbc0c04cee327f7f60e722004193b84873e74773a4,48.0
RESIDUAL_MOMENTUM_PORTFOLIO_TOP1,bd88005dc6223d58ec64a32c54b4ec1c62d4dd76774255e9549c6379571ade90,48.0
RESIDUAL_MOMENTUM_PORTFOLIO_TOP1,7ac45b0b008a4aaabdc84f4d8974c5c2130127e368cbbf751230206213f22c4b,35.5
RESIDUAL_MOMENTUM_PORTFOLIO_TOP1,cab29dab5d299811ab757fe1ff1e3caafc148041503c93b47473bcbf7602ced9,48.0
RESIDUAL_MOMENTUM_PORTFOLIO_TOP1,a8be671c72dd94dd13565133f409d184c48a319e2853ca2f1b52c0e37ea67a52,25.25
RESIDUAL_MOMENTUM_PORTFOLIO_TOP1,689779774b1dc8ef711e3e67dbca82d187c765c03b623900cd24a2ac85bab025,48.0
RESIDUAL_MOMENTUM_PORTFOLIO_TOP1,acd538d58167a5b5b6e346b9437d57f345c5221b88b99aab3631b6c6647cb6b0,23.75
RESIDUAL_MOMENTUM_PORTFOLIO_TOP1,ee569c7f5b44b18bbad72788bd020297eb864e25b1f8b5255c98218ac0b8215c,48.0
RESIDUAL_MOMENTUM_PORTFOLIO_TOP1,2f1caad81729526f3ab56c6c5a0b496c6f7749f1dba095404e04eb4242d76e3a,15.5
RESIDUAL_MOMENTUM_PORTFOLIO_TOP1,ebda7722e33c4b4b39a9019aa1d2714144193d84cc6570dd0ae005325749736f,48.0
RESIDUAL_MOMENTUM_PORTFOLIO_TOP1,86c37c0fcf354651e21cfb4dd6cfce4611aafd5af0833c3c83e1cafb927cf0fa,48.0
RESIDUAL_MOMENTUM_PORTFOLIO_TOP1,79169633fffaaf08d1d222b40d27a9d39f4421007c3e84852decf6d0ef303ea2,48.0
RESIDUAL_MOMENTUM_PORTFOLIO_TOP1,31905ca21cbd726d1c703214b795fc058d46ddc1fba52d55450ba782ccd3a495,48.0
RESIDUAL_MOMENTUM_PORTFOLIO_TOP1,b5a5823c71b7cc741bbe7f3a1ae7ae411596cee87b443c12076df44ce3905f19,48.0
RESIDUAL_MOMENTUM_PORTFOLIO_TOP1,f3e2ac705c39390a4d35d075ed4d623ee865250083d61fc2076b48105b3d9a23,48.0
RESIDUAL_MOMENTUM_PORTFOLIO_TOP1,4bc286fa78aaa29c6851bd5c6c11fa457d99596da57f0daded1fdc8d11f73746,48.0
RESIDUAL_MOMENTUM_PORTFOLIO_TOP1,d6ff30d8dddd3f1bf42f2f2597a247fdd9b33676218217be001a2ecc3695d2f2,38.25
RESIDUAL_MOMENTUM_PORTFOLIO_TOP1,17ad1f57dbf26ceb61c2d42718904acead3456f0e1e27bee1dbc7e85855e1a22,48.0
RESIDUAL_MOMENTUM_PORTFOLIO_TOP1,55c517cf1b9bc9421288b1213cf26966abae6496c0264a412f861569419d060e,48.0
RESIDUAL_MOMENTUM_PORTFOLIO_TOP1,822dfd2523ab32cb88755bcb6aa84d1b06f7c8bf9ca686103f000556262ad0b8,48.0
RESIDUAL_MOMENTUM_PORTFOLIO_TOP1,2683e1e91bf7aa6cab4afe20fca2c19101f8d3cdfcf646eb2039c8c104a299e7,48.0
RESIDUAL_MOMENTUM_PORTFOLIO_TOP1,95be21e08894f0e1b709c35cb75fae94c6da54121506cc36844eb2457d6bc918,48.0
RESIDUAL_MOMENTUM_PORTFOLIO_TOP1,5bc425eb805714f79e5f1fb88072581ec4639fdaff334802dad6c78341c91dd0,48.0
RESIDUAL_MOMENTUM_PORTFOLIO_TOP1,b8151d83afdc6d1be6f1f119dc4aa9bc632fe79148e96983d355441d42ec7e4c,48.0
RESIDUAL_MOMENTUM_PORTFOLIO_TOP1,77b4efc1f68e0afa9b96a565e127d64ee6ec72979042009a1ffc558c33686136,48.0
RESIDUAL_MOMENTUM_PORTFOLIO_TOP1,7af94a97a04b77b3eaac02547cd40ebd55c80dceb30d131179e2af8b2de45094,48.0
RESIDUAL_MOMENTUM_PORTFOLIO_TOP1,bcbd11b1320cdc81113809b3e199be62929b4a65b12db405f7abf1302c22f12d,48.0
RESIDUAL_MOMENTUM_PORTFOLIO_TOP1,96c35738aca273e08c99b649506bc9adff62f7e9c6bc526b021b383a99c12be5,37.0
RESIDUAL_MOMENTUM_PORTFOLIO_TOP1,22c8cf5544eb71f75830f5dd5edfe98ac32354132fed45e507b0271a5b7c0303,48.0
RESIDUAL_MOMENTUM_PORTFOLIO_TOP1,133899c56dfe1c2d1253ac0c5e2535e5d483bf37a6460ab2c08289c8ec146318,48.0
RESIDUAL_MOMENTUM_PORTFOLIO_TOP1,8596aa35deea88d866fa83211c55268e923bebf44d216e82d32b6207826bc894,48.0
RESIDUAL_MOMENTUM_PORTFOLIO_TOP1,58c7ba5a65dbd79d4c5d958e978af16060b182b32012951b461f1790a9f3d467,48.0
RESIDUAL_MOMENTUM_PORTFOLIO_TOP1,14a2375d821e0d8d85df03b9c48f6f8cdbe7f1ed5cfc66fbcb8022f89818f2fb,43.0
RESIDUAL_MOMENTUM_PORTFOLIO_TOP1,188137b41e8bd1bd87ec9be06118db22d0289f9793e50834889446e837d783f9,48.0
RESIDUAL_MOMENTUM_PORTFOLIO_TOP1,f73af545623ea7703d492b282b415a97cf7fde460fad8e656ccad7534a179c9b,48.0
RESIDUAL_MOMENTUM_PORTFOLIO_TOP1,88b36c110231afd94aab00478211b24812e7e619f13f6ea52a97b598d097d94c,48.0
RESIDUAL_MOMENTUM_PORTFOLIO_TOP1,238243d14442fbe4762ee32360923d948f0010ff97a41f28297405c78b46e623,48.0
RESIDUAL_MOMENTUM_PORTFOLIO_TOP1,ad992dccfa509ec1446d7b5e406d497d4c62048d864dcd88160045ccef14f6aa,36.25
RESIDUAL_MOMENTUM_PORTFOLIO_TOP1,bb7d1c66cd0d7d07a7362d2b9ae92225f8e3c0aa2fd736d7e48ea97c82e0a047,9.25
RESIDUAL_MOMENTUM_PORTFOLIO_TOP1,8f970c9c18613679f7fbf6387b6dc514e7ba4f83756dbd74cb20b2484eca5f55,0.75
RESIDUAL_MOMENTUM_PORTFOLIO_TOP1,1476ed6a9bcbb92ba361dc303fa63272fe04b5330ef06f4648e08e066c5e36fe,48.0
RESIDUAL_MOMENTUM_PORTFOLIO_TOP1,76aa430da78f2c5deafd708a517ca8c0028c0bf062abd5f66ea4d04b592253d6,48.0
RESIDUAL_MOMENTUM_PORTFOLIO_TOP1,a9f69522ac0ab35054da27ff733472f9f894a640fcc60f43e53b07ad1f8baa4b,48.0
RESIDUAL_MOMENTUM_PORTFOLIO_TOP1,87c748c6ad5ab480966c350e2c33d337c53226ca18728f2e9b0332df498a1fec,48.0
RESIDUAL_MOMENTUM_PORTFOLIO_TOP1,4d508345466e256877cc9544ee25cf63f95ca46cc6b1e60fba7c1db0e4114f4a,48.0
RESIDUAL_MOMENTUM_PORTFOLIO_TOP1,8e96c8d791af86102e144a3c900731dfad0cb627298c2cd6728904f56bd7f425,48.0
RESIDUAL_MOMENTUM_PORTFOLIO_TOP1,792be17b77e44765bc42b4d030435eac9329e6b72718c8a9bca8918bc52372ef,48.0
RESIDUAL_MOMENTUM_PORTFOLIO_TOP1,af4f8689deebe1d2c844a8470621818b0d198fbaa1ea69056c3a371e815f4c0d,48.0
RESIDUAL_MOMENTUM_PORTFOLIO_TOP1,c4aee9dfdb2d270435a061ce1a196494f12cec1640059ab569d082ad10a26e25,48.0
RESIDUAL_MOMENTUM_PORTFOLIO_TOP1,b597aa9e22fe6debb081372cbd1420bc710b81eaedfe9d2d7c8168a591281887,48.0
RESIDUAL_MOMENTUM_PORTFOLIO_TOP1,0f1381a196c22257d11023abe1f1ca4373359caa889b3ffc0a456ee31dc3406d,48.0
RESIDUAL_MOMENTUM_PORTFOLIO_TOP1,1fc3456149529d631070830e1242722ea3ac52d619c5f6930dae6146cb38972c,48.0
RESIDUAL_MOMENTUM_PORTFOLIO_TOP1,7acd2338ad45ff3f5fc823d6d78ae5040570d01eb0996c54656bc64efd45ca69,48.0
RESIDUAL_MOMENTUM_PORTFOLIO_TOP1,10505207eeda1cac4027514a6fae06e3df9c250f63f7ea52c8c6a851002f63fd,48.0
RESIDUAL_MOMENTUM_PORTFOLIO_TOP1,fc4652c676c348ea4e4e22dc2daef31091f3832e9c97ce5219bd94f51ecc899a,48.0
RESIDUAL_MOMENTUM_PORTFOLIO_TOP1,a84c693679d6bbf383b73a730a93d96efd8214cedc514268a7b0cb3b7946651e,48.0
RESIDUAL_MOMENTUM_PORTFOLIO_TOP1,3f3f9a5914d477e71b02eabd374d5ebef4f0455adf8709d4647e632afe8f95c5,48.0
RESIDUAL_MOMENTUM_PORTFOLIO_TOP1,326323b12a2f6141e2bd12e5576e9cd1a4974f51f12a36c29605af1e47e1d195,48.0
RESIDUAL_MOMENTUM_PORTFOLIO_TOP1,2212812fdd3cade92973253dbb6e4f7b50e334cb53bfc46995af12c5b4b846e2,48.0
RESIDUAL_MOMENTUM_PORTFOLIO_TOP1,6ce0a2a4dfd73088b2cead04db2aef03e8c6774374359085deecd31239d86e90,48.0
RESIDUAL_MOMENTUM_PORTFOLIO_TOP1,f1ee0e49b2bfd24b1496642c5105e8440da40cfb7911a34950899f7cbce0fc79,48.0
RESIDUAL_MOMENTUM_PORTFOLIO_TOP1,38cbb092b40f93fa1b852b46cc3615278532016aac9aaadbb416d476234200d5,48.0
RESIDUAL_MOMENTUM_PORTFOLIO_TOP1,ed0dcbad7848ba30bf920f1608bee768498585dd640ddd690478a18e1ab13e7b,48.0
RESIDUAL_MOMENTUM_PORTFOLIO_TOP1,50b91fcfac3bc4ab1b202deb9dc91d07d2ef52bb159cbd3a84933daa1424b45f,48.0
RESIDUAL_MOMENTUM_PORTFOLIO_TOP1,5e198ce1ff3b51fd3b74aa3deb434cc361ccd7764730a5cc157e1f6987708c0f,48.0
RESIDUAL_MOMENTUM_PORTFOLIO_TOP1,3bed6d58c918c6dc99bffbe3a6654c28d1a8ea7a53354124f72e4f6699d8a976,48.0
RESIDUAL_MOMENTUM_PORTFOLIO_TOP1,8e7c0df9cf8ebfe16f50b1d7a1ddab35def79561975403de50c7682225e8c36d,48.0
RESIDUAL_MOMENTUM_PORTFOLIO_TOP1,4a590f77c05484a3c5865be3b8ec384388888212215e32c50469c1f35c42d962,48.0
RESIDUAL_MOMENTUM_PORTFOLIO_TOP1,9d20bf585ef7d04130eefef92d4ed0d248fd2e3a48eaed2dc1a5ce97849a78e5,48.0
RESIDUAL_MOMENTUM_PORTFOLIO_TOP1,68fb2f3296a70ed1a5708d323db04a10bc60edb74f1ff5f6a5967065864178b4,48.0
RESIDUAL_MOMENTUM_PORTFOLIO_TOP1,242e503a28d8172d23845953c33b2fb6641142cd7a218d0b0f038634482a071f,48.0
RESIDUAL_MOMENTUM_PORTFOLIO_TOP1,8ba046e377ad3fba0e2bcfa7a527f3aeb1bbc313458c27096bde34c7299e6be1,36.5
RESIDUAL_MOMENTUM_PORTFOLIO_TOP1,f86a3930575e8252bff5092b5d1e462bef1b4606374f5ccb79bb6e19bba771ba,48.0
RESIDUAL_MOMENTUM_PORTFOLIO_TOP1,70debe58ff0b173d741a28eb0a2125ae793575cbcaaf2104a1ad528f605c7c30,48.0
RESIDUAL_MOMENTUM_PORTFOLIO_TOP1,238a3ce0f4200b7f37c18e1a6c7c9c49086f6732090cbffa5ac89c654caeba0c,48.0
RESIDUAL_MOMENTUM_PORTFOLIO_TOP1,8417e44967db511673d414cc6183dc195b9034c676e604b4d375ea553a85acb2,48.0
RESIDUAL_MOMENTUM_PORTFOLIO_TOP1,7dd20e826b3e3ae45e7332f440d1dd63fcec9bccb58e2f92242ec14cdbf2ea84,48.0
RESIDUAL_MOMENTUM_PORTFOLIO_TOP1,ba42d1c817927ffe42c5a9d5df994452af74b49c334113a5bf889724387dcad3,48.0
RESIDUAL_MOMENTUM_PORTFOLIO_TOP1,6de778da5ae7bfe6916c13f24f7c1ae65f40c4c9e73f5928f5d3e708a2c47607,48.0
RESIDUAL_MOMENTUM_PORTFOLIO_TOP1,d0acf2088a7f420fb809f6b813642e0ccb032d6bd54421b423d0aef2be916ac5,48.0
RESIDUAL_MOMENTUM_PORTFOLIO_TOP1,e86f5f6d6d102a47b3fc25c811c539bea068d6957aefeeed3d8d9079100c8fe8,48.0
RESIDUAL_MOMENTUM_PORTFOLIO_TOP1,1984720c7a87c7cbbe819158629794f5e2729ff6e083512deacfcdf6b59cb294,48.0
RESIDUAL_MOMENTUM_PORTFOLIO_TOP1,22fffff1a0cec32194623ad72cb7f6494126b8af07150dbcf6ebad9cf7590e02,48.0
RESIDUAL_MOMENTUM_PORTFOLIO_TOP1,9de51edafd6cb576798fad87ebd46dc123ee3601eec7099f1b372abf83a50d7b,48.0
RESIDUAL_MOMENTUM_PORTFOLIO_TOP1,df7ac41f9bc8228c4cb6a43d3078bab8ff9040a9d27b626bf141d3ac36d25072,30.75
RESIDUAL_MOMENTUM_PORTFOLIO_TOP1,71a33a41ca1fbf99f82563cd31b6d1fd8657dd83e44a7a27f858176f70e1636d,32.75
RESIDUAL_MOMENTUM_PORTFOLIO_TOP1,589f0d24366c8d187085c3c76bfd05177cc3a495eab0b8d3a42bdd69f16b2399,48.0
RESIDUAL_MOMENTUM_PORTFOLIO_TOP1,042644f3bf5ba21fa5387d8eafab1633a1513c0d4010c77aae3213e2258b5c72,48.0
RESIDUAL_MOMENTUM_PORTFOLIO_TOP1,c6d1c0705233548a0c2e5fab7752aab3d95a73d5b5bd3340a0827624dac48ad6,48.0
RESIDUAL_MOMENTUM_PORTFOLIO_TOP1,9325d53898ac2f517a3e9effd308dcba47aa1ebf202e2c11b840775505358a0d,48.0
RESIDUAL_MOMENTUM_PORTFOLIO_TOP1,dbcec240d919a96dfb3cb2076105c54b56bd9d0459593f233a6c6b3e2e972c6c,48.0
RESIDUAL_MOMENTUM_PORTFOLIO_TOP1,46af84bb582a687e717415ed202af501bdd2435242f383a2802fb857273bae0c,48.0
RESIDUAL_MOMENTUM_PORTFOLIO_TOP1,5fa844ecf908cefddc42e8954bb066d2984da6c5849a71de56b595c8a3bc1edf,48.0
RESIDUAL_MOMENTUM_PORTFOLIO_TOP1,6b6fb6fd74cdf342466fe7762c4f81352a8b18796a5db309c21efee19f7a5046,48.0
RESIDUAL_MOMENTUM_PORTFOLIO_TOP1,b7600ae02b8dc23682d9d064ebfcb09e8e05a0c260844bac4b2fc7f85763bda5,48.0
RESIDUAL_MOMENTUM_PORTFOLIO_TOP1,93b9051cf816ad6d95f96b01163e8b0a7e7a4f693cbda77f5f6f5c966f098f27,48.0
RESIDUAL_MOMENTUM_PORTFOLIO_TOP1,000698e65c51d1af13300c88f62864f0fccded1e76c71e7340cb5a524cf9ac49,45.75
RESIDUAL_MOMENTUM_PORTFOLIO_TOP1,9af46375e58871bdb22665caf381578d02031c95e46ab1de3160d2f4b3860892,48.0
RESIDUAL_MOMENTUM_PORTFOLIO_TOP1,7f5e6813f2534e7ef0eeab093cf3b9dfdc231c70a6f31d67f066fb76ed50eb6c,48.0
RESIDUAL_MOMENTUM_PORTFOLIO_TOP1,4b045dfc1b5b23baca51286882bddb40af8cca0f99dcc5f5d5bbc1cdc9eae210,48.0
RESIDUAL_MOMENTUM_PORTFOLIO_TOP1,edbb910e29211278d109e41628c3907ce4e5c43acc963b48dd3e5b480674b79b,48.0
RESIDUAL_MOMENTUM_PORTFOLIO_TOP1,c8fc1874cca2d48efe35f5f6c2e1bd5533803f598968e97145ebae6d3eaed316,48.0
RESIDUAL_MOMENTUM_PORTFOLIO_TOP1,475aa5410bb0d91d5cdf96cdeb59db9ce9c43621a219fecb463e7ac2fb29e5cd,48.0
RESIDUAL_MOMENTUM_PORTFOLIO_TOP1,5e2f2f109aeef2412b690b0f3b38bd15cd962e1b8cd46622d4b29d35f57a5817,48.0
RESIDUAL_MOMENTUM_PORTFOLIO_TOP1,8c88859ef3d8bf2969952f345a9286b9ba8e01071f44e501d29a89dca43be804,48.0
RESIDUAL_MOMENTUM_PORTFOLIO_TOP1,5229f428e804d1d5f7bcb3a1bb922000ba15eb2dc60c2c647dc17146873c4512,48.0
RESIDUAL_MOMENTUM_PORTFOLIO_TOP1,dc2410ac88babd81ebf1b9d404f0c8c7a7d51920f1824109f83ce9e961704d7a,48.0
RESIDUAL_MOMENTUM_PORTFOLIO_TOP1,323076b492bbb1e07e33913b80dee96f135a362a248788e18a7382b39e436429,45.0
RESIDUAL_MOMENTUM_PORTFOLIO_TOP1,208c7765536152fec77a2e58933395d75ed7da7d4ebcf1db9d01bda1dba2dd54,48.0
RESIDUAL_MOMENTUM_PORTFOLIO_TOP1,5cefffa71d503364de151d36eda713b0b48b23bda2d56bf044a0cb615c52240d,48.0
RESIDUAL_MOMENTUM_PORTFOLIO_TOP1,57e2cec72d2723dd9e0575504acfe3e04e4078876aa0d7a93050330c740be3a9,48.0
RESIDUAL_MOMENTUM_PORTFOLIO_TOP1,29d9ef3cd1f5ddc150b7e72798ccfca9530080656ebaa653e8f1fc59084e37ed,48.0
RESIDUAL_MOMENTUM_PORTFOLIO_TOP1,9ed527e6ff02a2567c16194f205688bbff87fa1451e9403ef43b0afa8eea6e9e,48.0
RESIDUAL_MOMENTUM_PORTFOLIO_TOP1,24d10bc304f71c34bdae6991a3bb5a4731a23ee99134196a3403002c4c4c60f0,48.0
RESIDUAL_MOMENTUM_PORTFOLIO_TOP1,0d7244519f00993060137b8900714bed5ae47895ca76492c3cb43ec10c862c39,48.0
RESIDUAL_MOMENTUM_PORTFOLIO_TOP1,b8b5427995b304be546931268d8aefcd8de37863251f35b7a17946c2cb0cbecb,48.0
RESIDUAL_MOMENTUM_PORTFOLIO_TOP1,7d24651908d356e4f55eda0aa1e403a0f78035a6d6c88227c019083553483f2e,48.0
RESIDUAL_MOMENTUM_PORTFOLIO_TOP1,2224f54c4a3a7a15cedcf5f101e6e4e3b03a897b3ab2cd95fe260e17990d761e,12.75
RESIDUAL_MOMENTUM_PORTFOLIO_TOP1,3eb6099fe569288a5422b26cb6e052d680ff2e11f043d9f57bf8bf8648bb605e,48.0
RESIDUAL_MOMENTUM_PORTFOLIO_TOP1,42cf5301bde838db5969aa29f3b6eb3f1e0062b2880ed8cc5a14b6dc3ff6660b,48.0
RESIDUAL_MOMENTUM_PORTFOLIO_TOP1,590a3c6d39c1603b9b391d30ac81da70d6ddaf2d155ccb4be5e69c3a59d52af4,48.0
RESIDUAL_MOMENTUM_PORTFOLIO_TOP1,edff3edae3b5c546e0a1a04a8d638471e327fe3a7538e1e58164899ad0b5c503,48.0
RESIDUAL_MOMENTUM_PORTFOLIO_TOP1,3ca10c06826d0e1f806cc1f6072828772ec09d9e479f1b2c2f1be4a62c0095ac,48.0
RESIDUAL_MOMENTUM_PORTFOLIO_TOP1,1d4e6fed4a84a4774f6e16441fc697b8086198fe17e7848a2336685a75451bd6,14.0
RESIDUAL_MOMENTUM_PORTFOLIO_TOP1,13e71c75ef7c6777812763dc2e1427d2d501fb97c573a2e4189554cbb86264a0,48.0
RESIDUAL_MOMENTUM_PORTFOLIO_TOP1,422ec13e305ab29ea7f0547ad93afd8c870de0f705d3ea3d87e75d9d8df50f16,36.25
RESIDUAL_MOMENTUM_PORTFOLIO_TOP1,e03e222869aee1e78d1d04d1ac4944a3e163c7e329228c92b2f79260ced915e1,48.0
RESIDUAL_MOMENTUM_PORTFOLIO_TOP1,8dd6a911af14e11284defc709aad2ccdf0de1f18d5f9bcc0b4d179a83cdc8449,46.0
RESIDUAL_MOMENTUM_PORTFOLIO_TOP1,1bcc8c051c971ef9060108521adc45d2ea35f2d72e8fc3452918e2b932cc47d9,48.0
RESIDUAL_MOMENTUM_PORTFOLIO_TOP1,0b8112f9b4cae9cd57197d55bc1cad10a3b94419f2d7c1b1863daf99d41a2ac6,48.0
RESIDUAL_MOMENTUM_PORTFOLIO_TOP1,8b3f1e48ec4b755acc7ff9e21d4a0845920788ac4b24e2793490098ba70ebd62,48.0
RESIDUAL_MOMENTUM_PORTFOLIO_TOP1,f9e5ee000cc820264c6fcb1a9ceef018b37407a4df955d8bf701677e89609981,48.0
RESIDUAL_MOMENTUM_PORTFOLIO_TOP1,9394524beb39af7163b4bc253edf808a6abc5d8ec33fb9f3fc7c9e5a11902ac8,48.0
RESIDUAL_MOMENTUM_PORTFOLIO_TOP1,d24de7ed18ad233a42ca3a05f731b375445f8224ec84fc62ec4f6404611421c9,48.0
RESIDUAL_MOMENTUM_PORTFOLIO_TOP1,236d5d286adad8184b3a4f63e16c734685aeb4d82c9c0209df71b7ff5dcbe858,48.0
RESIDUAL_MOMENTUM_PORTFOLIO_TOP1,fa8d6b400bdd0e90e733548675cdbb11ea0a1930d5445804eeda1e2d1f51cb5e,5.25
RESIDUAL_MOMENTUM_PORTFOLIO_TOP1,3f2e0130759d3000ad857928f7a2fe53e317ab0e7c376afb75a4398e377396b4,48.0
RESIDUAL_MOMENTUM_PORTFOLIO_TOP1,e4c3a8f9ca907507547a8da043ac24bc8a9f9383796193567de77470ddaad25f,48.0
RESIDUAL_MOMENTUM_PORTFOLIO_TOP1,36ef7ed7b4b3206ffbb39a301f1d7ad53707c103636475b875e44a818dd1a37f,48.0
RESIDUAL_MOMENTUM_PORTFOLIO_TOP1,deb9a06302a3e816f12e670e7c5bcdb2c32de0c00d7195bc890e2cf929ed456d,48.0
RESIDUAL_MOMENTUM_PORTFOLIO_TOP1,9e28650d1c53230619375534ac42f246ab15d718ded9e83d7fbac26a4bdf0e0b,48.0
RESIDUAL_MOMENTUM_PORTFOLIO_TOP1,c7fbcf49f9c7e2c08e22bb303f0e1670ff8c80d8d4f350ea202275b1c63a0ffa,48.0
RESIDUAL_MOMENTUM_PORTFOLIO_TOP1,675664a7e239a573cab1896871431c4c5108eb96ad20274bcfdd48df9d13756c,48.0
RESIDUAL_MOMENTUM_PORTFOLIO_TOP1,43e9c8b4d3303a84dffb84e2f0e6e2d769858ccc6b329fc0f1de6cb41d780e44,48.0
RESIDUAL_MOMENTUM_PORTFOLIO_TOP1,d35e167de7d18ea7f568aebb24ee836a2553058008ac68076ba923c42d286340,10.0
RESIDUAL_MOMENTUM_PORTFOLIO_TOP1,a609ffd0724e8586772f9d1c972c998b941004a7e193e41580aaea447169a3bd,48.0
RESIDUAL_MOMENTUM_PORTFOLIO_TOP1,eca9d4ec3540fb7d83d9dbd0a4e7f20c20e24ad8471299a6bf2355bdf665bb77,48.0
RESIDUAL_MOMENTUM_PORTFOLIO_TOP1,9ef1ac8fad1c942841e1c6695a07b5aee99cfd2152ac32167a0a99015293f008,48.0
RESIDUAL_MOMENTUM_PORTFOLIO_TOP1,36d55f91c3b3e88e2160434e36615abb77f0e6a073cb9c10248288ce53e83c98,48.0
RESIDUAL_MOMENTUM_PORTFOLIO_TOP1,29601f43c1e3ed84450bf8a5eac1b31f7c8b67c113bf30d98f7ccf8901179765,48.0
RESIDUAL_MOMENTUM_PORTFOLIO_TOP1,d17041be7a1b2e15670aa0492eedf8d02e4cd452b745eb2e4dbaf46c9366be9b,48.0
RESIDUAL_MOMENTUM_PORTFOLIO_TOP1,296ba6f9b645d2b53e0834721cdfd4947006aeae80d88b45af1ea8ca99bddf6e,48.0
RESIDUAL_MOMENTUM_PORTFOLIO_TOP1,c756700dc057a761fac18cad490dc26c365fa2065f3ca4ba4afbff24db5aed29,48.0
RESIDUAL_MOMENTUM_PORTFOLIO_TOP1,325c25306ae2d68fe5df8dfc8871ac7b1930f9481fa3877356f0ad407c54affc,25.5
RESIDUAL_MOMENTUM_PORTFOLIO_TOP1,f93ae9df654d4eda35aee251aba1ca057b6d605079c505fd93be2b336fb9936b,48.0
RESIDUAL_MOMENTUM_PORTFOLIO_TOP1,aecabd09dec0be66958cd43c111724f408f85ea463f80d33be903927e86151b6,48.0
RESIDUAL_MOMENTUM_PORTFOLIO_TOP1,9d80d24eb85684f1f1f037303497f50fd68ab7c9fd48f0026d751d2b25d30d52,48.0
RESIDUAL_MOMENTUM_PORTFOLIO_TOP1,47bbffb9c38ea7ec7b14ba595c48ca9e0acf161e82b88e5673216ea062cee224,48.0
RESIDUAL_MOMENTUM_PORTFOLIO_TOP1,a7520c7440f631a5d3403ee3a53d75da812fd67b09180dc507e5b187574529c9,48.0
RESIDUAL_MOMENTUM_PORTFOLIO_TOP1,005ee3814c42cedc4fdac8e9820e51b17bb97ef12c07f06955fa8533f7004368,48.0
RESIDUAL_MOMENTUM_PORTFOLIO_TOP1,2d69e0957abab6b384c2dc8012ff9cbf177fbf96f656c75b2d909ad8a714e393,48.0
RESIDUAL_MOMENTUM_PORTFOLIO_TOP1,21e40be4d3ad671e3f3fa7d4dd4617a16b52745a2334aa1431743331411b1090,48.0
RESIDUAL_MOMENTUM_PORTFOLIO_TOP1,3d208687b4bebaff4cf16790bcdd6f18bafbf55b8f0b894384834826b5833b44,48.0
RESIDUAL_MOMENTUM_PORTFOLIO_TOP1,896091a0627a65ae7b3b97c9022993bee01f41333bbb6678d8669ce6427b2436,48.0
RESIDUAL_MOMENTUM_PORTFOLIO_TOP1,6dbbe4f9ea3124890027defb1998bbe90b673a56a8c685af6b0359a575ac2c07,48.0
RESIDUAL_MOMENTUM_PORTFOLIO_TOP1,6a772c7c55db4fe1895db096f3454eb1b925ad12da349067a01544fbc33a3af8,48.0
RESIDUAL_MOMENTUM_PORTFOLIO_TOP1,c234bbdfea5b4606f20b59c7d096e1bb486035cd14cfd4c6f73d12d624c76d13,48.0
RESIDUAL_MOMENTUM_PORTFOLIO_TOP1,e6b3395434fabcc81bc500810fcb0859e4488b8eb7e3b148a331d56f26ca38a8,41.5
RESIDUAL_MOMENTUM_PORTFOLIO_TOP1,2406b2889dd72cd799df2338918ddbd76de3d57b0d4d71f5a2e1a338fb85be87,48.0
RESIDUAL_MOMENTUM_PORTFOLIO_TOP1,c53df82cdb73d98b6831a6f4c915924a0c07d5299f8e21e429a2d2a0eaa58c1c,48.0
RESIDUAL_MOMENTUM_PORTFOLIO_TOP1,17c02f153bc2ac2a24310313dff763d69422fd7186bfa3dd3c73963d6829cece,48.0
RESIDUAL_MOMENTUM_PORTFOLIO_TOP1,f6ae574049082343b63eab3ed7c96a0ae70ab12bedabd13e1e053b6ef34fa552,48.0
RESIDUAL_MOMENTUM_PORTFOLIO_TOP1,682ef69ce8b171b6c8a58aef4f9c70648f077f2f44aeb6ead8b05ed51aef44b7,48.0
RESIDUAL_MOMENTUM_PORTFOLIO_TOP1,228a50ead459b8d49d418d2692f48f05ef4fbe012b319d3f558b137b9d60b51f,48.0
RESIDUAL_MOMENTUM_PORTFOLIO_TOP1,6a9f462dbe88aff6c5000cbabad9c52f5b62de5478eadc1c83a259238b4d8773,48.0
RESIDUAL_MOMENTUM_PORTFOLIO_TOP1,bbb83b2fff124f970ef22f469e79f3f9b0ba24a483632373548a67c9bd6c80a4,48.0
RESIDUAL_MOMENTUM_PORTFOLIO_TOP1,44dd098fa2d8f1ea330ede47ebf95a514bb8533d358560b7376abf190bea651f,48.0
RESIDUAL_MOMENTUM_PORTFOLIO_TOP1,aefd4e0d228e603b499bf1d275c0ab4c99400ce693d76836072e1a17130bffef,48.0
RESIDUAL_MOMENTUM_PORTFOLIO_TOP1,23cb5fd59e0341054b226625c10ea19172ee6ea281d92160318924900cffc55a,48.0
RESIDUAL_MOMENTUM_PORTFOLIO_TOP1,1eaa6adc85bd276e3432e42f455b4b15e091c361a8c152d7729b632e08cdb15f,48.0
RESIDUAL_MOMENTUM_PORTFOLIO_TOP1,bd20c95138a945c2ec483f3faf57b0f988a5264ba678e5f2312eb7068529c7d6,48.0
RESIDUAL_MOMENTUM_PORTFOLIO_TOP1,830c45e430234c9b443aa6f0bfba8aa2a7e1b3141c8ec622db48c17a6c3c369e,48.0
RESIDUAL_MOMENTUM_PORTFOLIO_TOP1,909c3d8cd4504c54d863b0929571e2948566d9446f8a318da7ffea82ca08ed0f,48.0
RESIDUAL_MOMENTUM_PORTFOLIO_TOP1,e82ea8a9ac63680c0a8f05efaa6b2ddf0ea4b57b506924ab4e25253159e851ae,48.0
RESIDUAL_MOMENTUM_PORTFOLIO_TOP1,b09bf5ddbe4096073b3406644a9fc9fdab83ef4a166474b256adc97a91c6a552,42.5
RESIDUAL_MOMENTUM_PORTFOLIO_TOP1,308105a1b5033ae1b959719ec0a6241b205a6dc61123b025ca4b678a60be7c59,18.0
RESIDUAL_MOMENTUM_PORTFOLIO_TOP1,331f1435bf40d84f608e484af4f19446a6300f3248869d1e33141872eee189fb,48.0
RESIDUAL_MOMENTUM_PORTFOLIO_TOP1,005ef0340d203748e8bc413bb8396081c342cec17506c4487fac4b26c17c9a6b,48.0
RESIDUAL_MOMENTUM_PORTFOLIO_TOP1,64d6e4726b881f2c59e7c4675295f1c9c945157dbfafd6874c12d713b5a9f0a4,48.0
RESIDUAL_MOMENTUM_PORTFOLIO_TOP1,8afb176a18782d77db31f7d5ad31f104a6e27ce8dc81caff39eaffcb116d741c,48.0
RESIDUAL_MOMENTUM_PORTFOLIO_TOP1,ec1e6e145934005c9d611567a559ab4ac95ee3e129e7c6418f329d91dbbe73fd,44.75
RESIDUAL_MOMENTUM_PORTFOLIO_TOP1,83411b84aa12a65eb145c30db6845d0ca554085d2e82e5578e9104e311cc5a6b,35.75
RESIDUAL_MOMENTUM_PORTFOLIO_TOP1,1aa2a5ee0f150d535723dde5d77f4fad639046bce5824c84e2da6e2d704f5c31,32.5
RESIDUAL_MOMENTUM_PORTFOLIO_TOP1,1d410a6e808f8157bd17bb597fac095be6dee02f96e84f9ed5afb010229ea79c,48.0
RESIDUAL_MOMENTUM_PORTFOLIO_TOP1,e62763d38bdc0bcd5dcc831afde39d728a03b2dd182ef206af24f1cd4b07b6ba,48.0
RESIDUAL_MOMENTUM_PORTFOLIO_TOP1,4a4941679498b7005f96e997bc4c859b2ec15fe137e3f40af7d65662b8a34318,48.0
RESIDUAL_MOMENTUM_PORTFOLIO_TOP1,caf5dc5245b22f5f6d1c2e573563d2c5adede8af9707c519da0b048446421774,48.0
RESIDUAL_MOMENTUM_PORTFOLIO_TOP1,e1d619f8666c534ef248a7b846f8857ea25738af6148cb4f0b70a8d8f7f65c43,48.0
RESIDUAL_MOMENTUM_PORTFOLIO_TOP1,4f72ef9b156ea0f75fe0f82cad73885d566844321b1a6db16604c4ef9eb2b697,32.25
RESIDUAL_MOMENTUM_PORTFOLIO_TOP1,d2479f3428812de7255cfb332e4e85c186717d52f43516998bcc92356d8de889,48.0
RESIDUAL_MOMENTUM_PORTFOLIO_TOP1,3394b81de43411655d7264cbef5b161cc2b0391ba478272c3ecf8401a51d6ee3,48.0
RESIDUAL_MOMENTUM_PORTFOLIO_TOP1,c4b073a0c76e2f4bd17fa3e0ed355b9438b456b76eb6f22b608b40b043bfd0ec,48.0
RESIDUAL_MOMENTUM_PORTFOLIO_TOP1,e38d95efedbeb035d82ea7202a6ea5a2fb280a8f341f2d1c4b6675c258ed4a18,44.25
RESIDUAL_MOMENTUM_PORTFOLIO_TOP1,a47baab656272304daffbb53989bdcf966310d13f9476eadff85a39e961fa818,48.0
RESIDUAL_MOMENTUM_PORTFOLIO_TOP1,1e1068742cd8e8b89f259bd2723687fc8a38646a7bd5549a58e0ab16939cef9e,48.0
RESIDUAL_MOMENTUM_PORTFOLIO_TOP1,18a164fcf67778ace7534e493aade321affa26a07899c307c76f78dbc65f3648,48.0
RESIDUAL_MOMENTUM_PORTFOLIO_TOP1,210742d5bb2e649815def570324cf61d56edc487a7afa807e1b09f4e7fdf88a6,48.0
RESIDUAL_MOMENTUM_PORTFOLIO_TOP1,b83f1f8311129c19504aad1cf71654de7f5128987cb534bbb6f414542e38c568,48.0
RESIDUAL_MOMENTUM_PORTFOLIO_TOP1,a179da19b42abad1232a763893b44661f3fca7bc4af55359a3f04483c3eae942,48.0
RESIDUAL_MOMENTUM_PORTFOLIO_TOP1,8d61934c34549a1585ceee7f981cec92e0e0cf01291ed6bb2327fd9d6d4f28e7,48.0
RESIDUAL_MOMENTUM_PORTFOLIO_TOP1,b7bcf913776ab0799523854877581818d33fcfd730fb1a870377ccbb1b7aba57,48.0
RESIDUAL_MOMENTUM_PORTFOLIO_TOP1,60670fdc178a5632cad317f541d69beca86d1ed2620ee3d7ee135915f58d022d,48.0
RESIDUAL_MOMENTUM_PORTFOLIO_TOP1,eca23545fda43c15dae6cfcbdcf07414018c00797ab8b1aba335adbcf041727e,48.0
RESIDUAL_MOMENTUM_PORTFOLIO_TOP1,be9ce4136bbc5fd99d7edc07d621b988589ed5e07fe9eb56091b2a4d661f7176,48.0
RESIDUAL_MOMENTUM_PORTFOLIO_TOP1,456d420e579fa6b7ca13c64948959aea2c965303c77c17f3c881729cb18ca099,48.0
RESIDUAL_MOMENTUM_PORTFOLIO_TOP1,c207916237b16480b45d5a85107df6cba2c0d7a73dc9e87c4be9d197c0f31fc1,48.0
RESIDUAL_MOMENTUM_PORTFOLIO_TOP1,819728efd053eefa78d4d2ee46fba30950245bc9250eb3ce4d36d4c2c23ba2f8,48.0
RESIDUAL_MOMENTUM_PORTFOLIO_TOP1,a57012884c93a4f8dad2eee8e1219d07e9f29066a14f7d1c9fdb684abc240345,48.0
RESIDUAL_MOMENTUM_PORTFOLIO_TOP1,3c1ae4594bb2ae2febfa703fc8daa8508c23dcd67b95c95759e45991a99e3d57,48.0
RESIDUAL_MOMENTUM_PORTFOLIO_TOP1,fa399cea30a55f152ea7d893bf83643855fcf563fd051d765d8c317cd3f856aa,48.0
RESIDUAL_MOMENTUM_PORTFOLIO_TOP1,812cd55fe38206cb83f94d7af8d95e8aeaf494fdba7ff2958fb34da37ec37a2b,48.0
RESIDUAL_MOMENTUM_PORTFOLIO_TOP1,f4162ce926725428364221fe1886f92d624612a59773671c16e3a00fea4dc6db,48.0
RESIDUAL_MOMENTUM_PORTFOLIO_TOP1,433fcdf09023948b7b7e52afafb12f9778bd3fb1addaf0459d58c5054ef4ab2d,48.0
RESIDUAL_MOMENTUM_PORTFOLIO_TOP1,94e7ec16433800cd548fa608b3e83ccf07e4f2a7a15fb7a9e5aaa0f7bbbd2f25,48.0
RESIDUAL_MOMENTUM_PORTFOLIO_TOP1,be8e070909e06b736199714610236706d108ef43972890a71454271c333cb75c,48.0
RESIDUAL_MOMENTUM_PORTFOLIO_TOP1,91e690895f8fef740eaf03e88617106f7afca8daeb15cb6a13879282c48e492d,48.0
RESIDUAL_MOMENTUM_PORTFOLIO_TOP1,852a84d03ca706cc002ef22e444f6d9124e5852d0ef899bc7770690c2f0fa2c1,48.0
RESIDUAL_MOMENTUM_PORTFOLIO_TOP1,5acde5f8fb41cb084697fc4d3eb0faa465d489886e2cfef7afdc6091714738c5,48.0
RESIDUAL_MOMENTUM_PORTFOLIO_TOP1,2be1d6e49a954f8e80a481107bf51d279469d1fb2147d231fd0007efe2520915,48.0
RESIDUAL_MOMENTUM_PORTFOLIO_TOP1,0d0479ecc92869134097e37552f9347fd8539644be2320a9e3eb846893530fc7,48.0
RESIDUAL_MOMENTUM_PORTFOLIO_TOP1,ab6659066d49cdf0cb02c58001e783172aba838ff8a1fc5e0b8e365b8f02e320,48.0
RESIDUAL_MOMENTUM_PORTFOLIO_TOP1,1c3130f6f609740582fdcc5e64cfcd90e3cb01870e1b2922c1d3fd7fd4481161,48.0
RESIDUAL_MOMENTUM_PORTFOLIO_TOP1,b99e11fafa07ebb7f779a155bfc35525c4754553c165915a47b31c82322b769c,48.0
RESIDUAL_MOMENTUM_PORTFOLIO_TOP1,680477a06177948796735185e94eeeec4ca84283072c6b2518356df27f1983a3,48.0
RESIDUAL_MOMENTUM_PORTFOLIO_TOP1,615b91d12551a7947aeefa6518c67c4c2fcda82efbfac6ef95a92dbe42f19b38,48.0
RESIDUAL_MOMENTUM_PORTFOLIO_TOP1,7c66e25d93d283c6966f1d3d64ccc8e045f2b7f97d05e055af8e3b740e5fb6c7,48.0
RESIDUAL_MOMENTUM_PORTFOLIO_TOP1,1999e20c5f1694778ebe65eb9287eb8eebf4e715fec07f0834ec14f1d3ee156c,48.0
RESIDUAL_MOMENTUM_PORTFOLIO_TOP1,3ab7f35b892dd49ee3cf19bb644686035fc4ed6a2cffbef1b32f13d94c73995a,48.0
RESIDUAL_MOMENTUM_PORTFOLIO_TOP1,72eeb9baadf949833d0239f7204d80fbad96d6d5aecbbb09af9b4c9a718ad386,48.0
RESIDUAL_MOMENTUM_PORTFOLIO_TOP1,a8c3186d7d5e1891224d45f459695dbc8e596ae99778faa1977ea037398c635a,48.0
RESIDUAL_MOMENTUM_PORTFOLIO_TOP1,69ab1ba3365dd602e81b9d0f4a9e3e226ccf6d2ba4f693d8716e6066aeffb9f1,48.0
RESIDUAL_MOMENTUM_PORTFOLIO_TOP1,84a592a5c84ed9051ff43031da79450d2af49dec3fce7d75c505923583122fc7,48.0
RESIDUAL_MOMENTUM_PORTFOLIO_TOP1,17bff822cad5d6326fdfb20703e4959203f5434238bf720cfca4e0f19740fccb,48.0
RESIDUAL_MOMENTUM_PORTFOLIO_TOP1,2c3c77d5048590bacc5d6e8fb8b77719db7cea8bbebb04796756a8001932f3a7,48.0
RESIDUAL_MOMENTUM_PORTFOLIO_TOP1,413760fe9fcc59dc923b8d0211c2620af7afdfe6ac4ee5b022167ba0ed50c276,48.0
RESIDUAL_MOMENTUM_PORTFOLIO_TOP1,a8e65d9f0cb78e5c03eb6c9216bd11607a3b0b8a69dd82550623443484f3d7c4,48.0
RESIDUAL_MOMENTUM_PORTFOLIO_TOP1,badd2cc0cc91c1adca4cc22b6e19ac0cf22dae2e30fd4a654523d29e66f2c923,48.0
RESIDUAL_MOMENTUM_PORTFOLIO_TOP1,22cad3af77223ee20dda50e4451fb99ceac77ccc253fe01b8a2cd8196a7d803f,48.0
RESIDUAL_MOMENTUM_PORTFOLIO_TOP1,1e8e2c7a54bc91660bc984a016988572c0d2766286efb3d5a47607d66249c13e,48.0
RESIDUAL_MOMENTUM_PORTFOLIO_TOP1,07dfcf613d5c32ff27e78a91c3f432de190a8c699191010ad57eaf08656c39fa,48.0
RESIDUAL_MOMENTUM_PORTFOLIO_TOP1,19f6bff5c3d049920bf6cd82db80bca31799af0c600332aacd7516058c064ce6,48.0
RESIDUAL_MOMENTUM_PORTFOLIO_TOP1,8e823b1e163a5383b6cb2fe179a0b321df72d11c37616e13a4af2e282f6b654c,34.0
RESIDUAL_MOMENTUM_PORTFOLIO_TOP1,b9bbfa171b5ced41ee81461a669538d37c6dceb1ee865425d041e019252e41d1,48.0
RESIDUAL_MOMENTUM_PORTFOLIO_TOP1,4e5f06c687232cf356d8bc79406d581a68fd29875ceda0b61ef7220d6df8462a,3.0
RESIDUAL_MOMENTUM_PORTFOLIO_TOP1,a8edd3318db7a2b715d422d2dbb03ef6265a78f7ebc7d69f5799002284e97f09,48.0
RESIDUAL_MOMENTUM_PORTFOLIO_TOP1,d80cf55e46823ab7d7cb5ac5b600ef03d538c1fe9c0b53fa8098269d78ae6fb6,48.0
RESIDUAL_MOMENTUM_PORTFOLIO_TOP1,ba42f66c6f6702e327e1d611cd5683816c12c360242c71fecba744160091f0e6,48.0
RESIDUAL_MOMENTUM_PORTFOLIO_TOP1,b6497faa7c4f31e8ac54862a74957cf44d0340b5df607f95902e1a1f74a64145,43.5
RESIDUAL_MOMENTUM_PORTFOLIO_TOP1,7dbb3a7b0e78cebb7ceca1e045455ac9906a8d6eafdfad1a011df605622581e4,48.0
RESIDUAL_MOMENTUM_PORTFOLIO_TOP1,51ba28c79490550f8f97f8a2f8c2749e00fb6d6c274a4ed0c18e39ed0b580474,48.0
RESIDUAL_MOMENTUM_PORTFOLIO_TOP1,6a80e27ef192fa6799caa3ae544b14b5606a5e69c69adf254dab6ea4df9a06c5,48.0
RESIDUAL_MOMENTUM_PORTFOLIO_TOP1,2b02a7b63c1664b52d46aab8b52b44e395b1280292ef8cc6a1c533fb3689fa25,48.0
RESIDUAL_MOMENTUM_PORTFOLIO_TOP1,4bda21d57c68fdb2093c8ebdee7e523a4086cda3d858b19c5482d995d646bdcd,48.0
RESIDUAL_MOMENTUM_PORTFOLIO_TOP1,6f43d1e9bff01d169dcb5a733141830f5d1fec087f68dbb0c11f597fd8e6f34b,48.0
RESIDUAL_MOMENTUM_PORTFOLIO_TOP1,e012c96dfed5ec43d60e797edd6227fe7f11981ff32ee16b956ab6208d1873f8,48.0
RESIDUAL_MOMENTUM_PORTFOLIO_TOP1,f63a8ccba335e188606970af0b6169ee0976733a5a9d74dc5b2cf9b788b78f86,1.25
RESIDUAL_MOMENTUM_PORTFOLIO_TOP1,f1c99251d889f8dab82901f5127037de0ed6bd060312d3f5932b86c8b4ba32a3,29.5
RESIDUAL_MOMENTUM_PORTFOLIO_TOP1,1342f9f9bcd08ff1c546d5498e12b85def5972577bfa74c0876f9bb1b1d36bb3,48.0
RESIDUAL_MOMENTUM_PORTFOLIO_TOP1,62de9c19ec9a632178175bb461f1d97104478ed683698ab89eeb8251e372901a,48.0
RESIDUAL_MOMENTUM_PORTFOLIO_TOP1,f7b029cfea2892b0eab3967f30fdd0410ed5ff48c3bf3444e56fb1b7002fdb91,48.0
RESIDUAL_MOMENTUM_PORTFOLIO_TOP1,b5d7311f83a76283ee3b032618bb129979c10458788ae5a294b61812c5e6b789,48.0
RESIDUAL_MOMENTUM_PORTFOLIO_TOP1,750e1ba4fccc93be1831fab93160c89a17bb0a792bf7663d58092e95bf6977fd,48.0
RESIDUAL_MOMENTUM_PORTFOLIO_TOP1,0015ef09aedacdcfa43a16288af6aba19238561ba0ce4b4261922ac3caf3ee6c,48.0
RESIDUAL_MOMENTUM_PORTFOLIO_TOP1,567150d7b2528689a8c23ce08f7521e7251453e3ff8ec6a6388d9e961661784b,38.75
RESIDUAL_MOMENTUM_PORTFOLIO_TOP1,b9e9f30512650aa1e540c6f27a5ba497ded9e85b5bd5fc8d34e17152421be52a,48.0
RESIDUAL_MOMENTUM_PORTFOLIO_TOP1,41b2b6f3d93e73b117aebac420b5ccafc052fbe76beadd31eb99ec00e78e285e,48.0
DISPERSION_BREAK_RESIDUAL_RELATIVE_VALUE,362adf8afaee250a3c84f114dc56d51e6db107599e15b3390bf830cddbdb8c9f,10.0
DISPERSION_BREAK_RESIDUAL_RELATIVE_VALUE,b5f280c5466c82c179c6ca040df84f1a930b27e0429234cb71b422ee06b0a402,5.0
DISPERSION_BREAK_RESIDUAL_RELATIVE_VALUE,d0fcd6c14a2665be84cdbc35b3af55f43db4c1d78669ed84909bb7a3a3fbd4ec,15.0
DISPERSION_BREAK_RESIDUAL_RELATIVE_VALUE,8accf42b0263bf3a6f4efb6f87731be301182d50158806241deb6eefac5d13dd,3.0
DISPERSION_BREAK_RESIDUAL_RELATIVE_VALUE,854ea20b02fbfb69f98626680a6913a4fa6e82065ff7599d214c9897a1bb5576,12.0
DISPERSION_BREAK_RESIDUAL_RELATIVE_VALUE,b7b31c915b43cb5de7800c762ca16443d0c9fd949c598d979177015d8563f2ff,14.0
DISPERSION_BREAK_RESIDUAL_RELATIVE_VALUE,8b3d4f221de52877fc69380178f155fca77e7963bcd209a34dcb34cd12c24095,7.0
DISPERSION_BREAK_RESIDUAL_RELATIVE_VALUE,cb3466ad469013bcd8326d19851f418a8244c6c081d05772673ca5ebce652a0e,17.0
DISPERSION_BREAK_RESIDUAL_RELATIVE_VALUE,de85bddf1759746bccdfd924caa672e0078d86dfb51c392da16fbf9a392e1fa8,24.0
DISPERSION_BREAK_RESIDUAL_RELATIVE_VALUE,5c307f6e0efe3d3ebf6701b43c7f83b1e33af68486bad9e18e505a27982ab8d6,17.0
DISPERSION_BREAK_RESIDUAL_RELATIVE_VALUE,6be1d1263456536882e0e2dce8ddbf1a062f29e6887dc82b6ac2b8f7fb35c6bc,13.0
DISPERSION_BREAK_RESIDUAL_RELATIVE_VALUE,c53a93e68bad76fe43623ebdeb54188ed543b9ee5137c645ae6d7e54244cbd0f,4.0
DISPERSION_BREAK_RESIDUAL_RELATIVE_VALUE,7a86ee326f0757059f2627ac6af17b9e10ffe0a928e883a7b54e734cd3d3b9c8,8.0
DISPERSION_BREAK_RESIDUAL_RELATIVE_VALUE,f33de2242f27473342fc3be4642cf84def0e9312414d42dcc7c29a75154be563,21.0
DISPERSION_BREAK_RESIDUAL_RELATIVE_VALUE,a8ce999e2abcc1803b2fad86a9d36b67e622a732cdb7423aa2850c12d01330d0,24.0
DISPERSION_BREAK_RESIDUAL_RELATIVE_VALUE,8d1f0d7755cb1ad5bb810a505bc5217187ca4bf676c2e66c1fa21e1f0085cb00,19.0
DISPERSION_BREAK_RESIDUAL_RELATIVE_VALUE,d343a492dceafe467609bfdba9dba9f23dd6e2dd0ac7172e6193ff37f3993bdf,22.0
DISPERSION_BREAK_RESIDUAL_RELATIVE_VALUE,206a3fb042a67f849b88afb13ce746098299e08d6b53597cb0ff6ddbf5c3abdf,24.0
DISPERSION_BREAK_RESIDUAL_RELATIVE_VALUE,b36f661bf99cf6f02f3c7d66727e5df845ef0cba38a894ec5c1c9651a3cd67c0,21.0
DISPERSION_BREAK_RESIDUAL_RELATIVE_VALUE,635562ea87ce0506db98868214ac5cb73be6e26d07e693ce66a92286b41e500a,12.0
DISPERSION_BREAK_RESIDUAL_RELATIVE_VALUE,a83a00d8f6e518adc9be7a956c92cd534b0b59fcadb04670cd30490f6b913d01,15.0
DISPERSION_BREAK_RESIDUAL_RELATIVE_VALUE,db0f8de1b6c0043397878d37779f161569b9f0a373622657a0a3906fca7d1f10,17.0
DISPERSION_BREAK_RESIDUAL_RELATIVE_VALUE,d1c05b1a9c01fcad5ad1ba9c97b9ad3274bdee3a0e2dccd3f2a9a67a728ec2e7,21.0
DISPERSION_BREAK_RESIDUAL_RELATIVE_VALUE,d3cbc4adf4c64f598458e71dc404f1b95f9a575a967473b675a4ddc283db151b,16.0
DISPERSION_BREAK_RESIDUAL_RELATIVE_VALUE,7e02ff5544f03fd8d86899321d4951a0a2c3c3349271216911f910f9e5a7297c,21.0
DISPERSION_BREAK_RESIDUAL_RELATIVE_VALUE,98aeb9a7a93f9d7df0d2094908441ea86a652d180f12482c7c3f62740217c3db,24.0
DISPERSION_BREAK_RESIDUAL_RELATIVE_VALUE,6a932a4c81337db1dc9292ab55da01514708a2ded7b19d41a93286d32f5cd5fc,19.0
DISPERSION_BREAK_RESIDUAL_RELATIVE_VALUE,1e28dbef0507f7f67ab6f17c2d3be4fba8b36b270ed36614a92ae3ffdeb0cb4d,20.0
DISPERSION_BREAK_RESIDUAL_RELATIVE_VALUE,84924278a1e9a176925c9099dd001f7294a490561b3144f52ab7bd8cc0d61cbb,23.0
DISPERSION_BREAK_RESIDUAL_RELATIVE_VALUE,e59c7b3da96f11e0810eebc2ffcc45dde28e35fc4c746cbaa81fa0393c57f5ae,16.0
DISPERSION_BREAK_RESIDUAL_RELATIVE_VALUE,507a44028e499ecb187ac69343d9f85a03233559c1eeb72736151a63e5c2a290,22.0
DISPERSION_BREAK_RESIDUAL_RELATIVE_VALUE,6927aac2bee149a4653e643a4bec797e3eb8ecffb38471e40898fd807db9e58a,9.0
DISPERSION_BREAK_RESIDUAL_RELATIVE_VALUE,f92beaa6fba83d8f64a3f0248901fe31193047fd763d4624f1e2b15e6945db61,20.0
DISPERSION_BREAK_RESIDUAL_RELATIVE_VALUE,798b7d83f4e1969ea086c1cf9af86cd20247facae4adbb6abe9a8b2d3f31deb3,5.0
DISPERSION_BREAK_RESIDUAL_RELATIVE_VALUE,9ecf6a678218974d718e2fe6ed769f4d8f4687a6a38de0f8088a71291c9f40df,23.0
DISPERSION_BREAK_RESIDUAL_RELATIVE_VALUE,93c7c39dce78cafab387ed6984a4b4804ddd99e5ea777a442a9b53d88ce9120c,18.0
DISPERSION_BREAK_RESIDUAL_RELATIVE_VALUE,1e6dc5559a1520e3f4a7f993837caaaa5b3e4cc52b24fe5a17ab5967b0bc6729,20.0
DISPERSION_BREAK_RESIDUAL_RELATIVE_VALUE,af1165be87cdda0f13a77295bafc24dff0367e710e4c0a4e3ee37944e13457ad,2.0
DISPERSION_BREAK_RESIDUAL_RELATIVE_VALUE,59078eefc51eb2280c7cc497dfe4a2e963dd36387a1d35bed8c01ef5b1435a8c,1.0
DISPERSION_BREAK_RESIDUAL_RELATIVE_VALUE,6d7e66b80af5d132a08299a15625064138fe4be0b0e14e463b4c9948a930017f,22.0
DISPERSION_BREAK_RESIDUAL_RELATIVE_VALUE,1eaa37bab9350cb7a7bf8a41465ef2f70e73167d3331fe0faa89fb83e41b15b8,24.0
DISPERSION_BREAK_RESIDUAL_RELATIVE_VALUE,9ce2190969f963f6eb59ada6b674a4dd076be8302509904ee839a66164d98e7c,23.0
DISPERSION_BREAK_RESIDUAL_RELATIVE_VALUE,0befea9500a40ae6d16d5a7b3838e56105811590aeb89b5661a5cf55208fcf26,22.0
DISPERSION_BREAK_RESIDUAL_RELATIVE_VALUE,22bfc1a5d60c81fcdc61704996f13de3ff4d4987395cfcf1a3a3f997d3e2acae,15.0
DISPERSION_BREAK_RESIDUAL_RELATIVE_VALUE,8fad0c1368bb8a5af17c9d05088d3fc11b60434b4127798ae25a799bca63d1fd,7.0
DISPERSION_BREAK_RESIDUAL_RELATIVE_VALUE,bedc973f3bfba708c850259ff2e1424b04f77d8cf4f9f4c48af8051b744a4076,17.0
DISPERSION_BREAK_RESIDUAL_RELATIVE_VALUE,35a4036801e652cffe674a69aa9a29c0387cb23ff5d4e030d67fa9053a0f0e00,10.0
DISPERSION_BREAK_RESIDUAL_RELATIVE_VALUE,f535878523760567a40af11d18448dc105effae82e3239ce532a7105f19d84b1,10.0
DISPERSION_BREAK_RESIDUAL_RELATIVE_VALUE,109cd675af54601112dc3f985f31bc0723c2ec2f3f291ee99955cb6d69846d47,17.0
DISPERSION_BREAK_RESIDUAL_RELATIVE_VALUE,16f954fc5493c29c4137e44d6e0d2189e994bee9ac3ae0e773927f072d472f2d,24.0
DISPERSION_BREAK_RESIDUAL_RELATIVE_VALUE,ca97568c3e72cbca6ceebad8c9fab58e3492106e8451e3e03fe260ecd0ffbc56,15.0
DISPERSION_BREAK_RESIDUAL_RELATIVE_VALUE,8d930fd4f08d96e8f05d1226f7d7643f69fd7db14ab2a232c95c3b79dea5e72f,24.0
DISPERSION_BREAK_RESIDUAL_RELATIVE_VALUE,6878e80b2b322b9eb60c680c6928a4e22e78f41376e67acada722969afa49ba3,14.0
DISPERSION_BREAK_RESIDUAL_RELATIVE_VALUE,d8b3be52551eeb13b940afef826b863a72c3655baee4cada09494a62660901d8,24.0
DISPERSION_BREAK_RESIDUAL_RELATIVE_VALUE,31c212c7115e6f60fe7f479059e0dc5b0261cf9f03121b2d8980fcfe807e663d,23.0
DISPERSION_BREAK_RESIDUAL_RELATIVE_VALUE,a9ca65a14920aec15f681c89523f8ac7fd641d47fcdda3a5e58f2468362f70b6,23.0
DISPERSION_BREAK_RESIDUAL_RELATIVE_VALUE,2958062e88ab76be8ecebbe3157a6eb7675ea0988324203f04444b427f7c24b5,22.0
DISPERSION_BREAK_RESIDUAL_RELATIVE_VALUE,3411f1bdb6472904af77ebaee4fb8c2aa699b525486b8c6da0220518a5bae020,19.0
DISPERSION_BREAK_RESIDUAL_RELATIVE_VALUE,ca77ac827a7081b271fcb01b9407828f21cb43d9dba935872adb7450c2d98d0b,13.0
DISPERSION_BREAK_RESIDUAL_RELATIVE_VALUE,edd7f65086894c3db3ee81bcb43d2d3232da8889efff9e1ef7758bb6944281b4,2.0
DISPERSION_BREAK_RESIDUAL_RELATIVE_VALUE,55b07dee7ccf95ab249a2ec831ce5a0df50d083e5b82a87ae2874f775cfe07c6,23.0
DISPERSION_BREAK_RESIDUAL_RELATIVE_VALUE,d2a5c865981317d2aab2c810926d0fc0b5c3c424c680de70795ae4d712ec1977,22.0
DISPERSION_BREAK_RESIDUAL_RELATIVE_VALUE,56360d1fff9724ae6eaeb8fd0591d761a36df7ee95c44c3e0ecb55966047f9ea,24.0
DISPERSION_BREAK_RESIDUAL_RELATIVE_VALUE,250fc5c9aa65bfc8fde337a690f69a78057573d06d7e9d36021603c554ed08ae,13.0
DISPERSION_BREAK_RESIDUAL_RELATIVE_VALUE,6fe687d380fcfa8e7888c82f16e2edbda08d9413b1defe84d73936a65939da31,4.0
DISPERSION_BREAK_RESIDUAL_RELATIVE_VALUE,4c53ec5d3195d2fc2d362ebeebc4954a2088b7b2c17b19fd410029ae2a756867,18.0
DISPERSION_BREAK_RESIDUAL_RELATIVE_VALUE,8dcf6044c82a4272f5b01407c400331215f7c92b3ba7444605da4878ccfc5354,11.0
DISPERSION_BREAK_RESIDUAL_RELATIVE_VALUE,de26703f9c148e26ee679e6209909654f479de2000d3b716ab2184a9398d7886,19.0
DISPERSION_BREAK_RESIDUAL_RELATIVE_VALUE,4df60e9d5a7adf290a409a1d84315176803e9d980abc0f724e0c0b236be73295,20.0
DISPERSION_BREAK_RESIDUAL_RELATIVE_VALUE,777a4b2434b3858a58c9e45c71a3719a3e3b547c366a278e21a8f25ee74264e3,15.0
DISPERSION_BREAK_RESIDUAL_RELATIVE_VALUE,82faafb58e6ab397d0e5de9dfb7ea5e0ac06363d34b74f9178115c613d8dd77d,22.0
DISPERSION_BREAK_RESIDUAL_RELATIVE_VALUE,a48309987cb5aaa2c7bfe48efd6e6e01d80685b08b627873fad2ec81c95943a2,21.0
DISPERSION_BREAK_RESIDUAL_RELATIVE_VALUE,c96d57bf9c37d6734999e20bed07b0fe58aefa447c81f0fa7777a9197808be96,24.0
DISPERSION_BREAK_RESIDUAL_RELATIVE_VALUE,9d8e9ae7bd155e3b97c4775288a9fe33094f88243c07aa5ce56557275afc2041,11.0
DISPERSION_BREAK_RESIDUAL_RELATIVE_VALUE,7bd812218f00c58e980e8518a4a9d053e54a50bee64fdb2b2bde52bc1a788003,23.0
DISPERSION_BREAK_RESIDUAL_RELATIVE_VALUE,58c23f9e40fc1eef2a3e1c8c2ba350c6a7023b2327d2443caf6a0acc26850eb7,18.0
DISPERSION_BREAK_RESIDUAL_RELATIVE_VALUE,91040d20b0e525347b315260416162610396f43d05d4c7e3cab0e1647118f396,20.0
DISPERSION_BREAK_RESIDUAL_RELATIVE_VALUE,8636094680fc4a0a632564b5fd96a043771944d73cf1afbedad3acc3a0c6a663,21.0
DISPERSION_BREAK_RESIDUAL_RELATIVE_VALUE,f3a0bd4baf32b52de13f48f82c78a42ada3879125c9cc00bff977917c7ced5fe,5.0
DISPERSION_BREAK_RESIDUAL_RELATIVE_VALUE,94cea5d6807f66308d4f830edc6cef7255a53bb7b7da5af2746ec6dfe9424291,23.0
DISPERSION_BREAK_RESIDUAL_RELATIVE_VALUE,fe8bf55908e2a78dbff5cde0ee1f4240412521d3356946a4aac902edbbd02036,8.0
DISPERSION_BREAK_RESIDUAL_RELATIVE_VALUE,1776bcdef443168f0591df54d101533351a34a2866ec102ff3dfaff7d0b7fa91,24.0
DISPERSION_BREAK_RESIDUAL_RELATIVE_VALUE,641da8e16c2b65eee7e1fc8e0f141e3f08db5f15972bfd13961954806dfb7893,7.0
DISPERSION_BREAK_RESIDUAL_RELATIVE_VALUE,4f4b24b1baa535cc0bf7701419f75cace54c3a3a63c951c4ee9930d81172d3bf,17.0
DISPERSION_BREAK_RESIDUAL_RELATIVE_VALUE,4648d87ed6da8b2471c6367cf0b78ad38d02691c7ed5ebbadeab1fda09468d5f,10.0
DISPERSION_BREAK_RESIDUAL_RELATIVE_VALUE,723fb892d06708f6fabbbb7fa97b30334501001fceac1eb2089dcb2cef456a3f,5.0
DISPERSION_BREAK_RESIDUAL_RELATIVE_VALUE,63bf7c3199dca0344520985d6761b3768e6b73de4e6d9ca6a5fc02f6b3c12202,5.0
DISPERSION_BREAK_RESIDUAL_RELATIVE_VALUE,d37c6a6eb4d576d0f72320675ce37bfa1f4d354c2beb973cebd3f1f5047b0e40,5.0
DISPERSION_BREAK_RESIDUAL_RELATIVE_VALUE,35ec934fe4e640964e67ec63c05fb854f30f8f0732f3aaf62cdcf2dad6772386,3.0
DISPERSION_BREAK_RESIDUAL_RELATIVE_VALUE,664a4252fffd4ff2d3748bf6ca978f40f44a006cb352d19bb0cd9377a32f1e3a,21.0
DISPERSION_BREAK_RESIDUAL_RELATIVE_VALUE,c7ad8d93b81c284cd7ce677027814dea9590ab4c9840230d59f507ac44437113,11.0
DISPERSION_BREAK_RESIDUAL_RELATIVE_VALUE,58d073715d3e2fdd1103b6157223b7c9201c44432a71882b66e3ce6fe17f83e1,23.0
DISPERSION_BREAK_RESIDUAL_RELATIVE_VALUE,b4f0a5ec0045323e7a4910698bc8fdf5ea656ae19eb35f6d35bac7b18d10c4af,20.0
DISPERSION_BREAK_RESIDUAL_RELATIVE_VALUE,719684ed4ae07648addc0de428134ea039b8df64fa54440a8501507c697d8bd3,21.0
DISPERSION_BREAK_RESIDUAL_RELATIVE_VALUE,42cb5c3c96a308050a80a063404a410c13ade43f8fb0c4af78f5dc351c1dcf9c,20.0
DISPERSION_BREAK_RESIDUAL_RELATIVE_VALUE,14840687abd525ae090e25fbc3179a0200c5df4e77e68ebf815e23c7813438e0,14.0
DISPERSION_BREAK_RESIDUAL_RELATIVE_VALUE,5238e4c89d889aa322ea6b359cc066aa071b19e062fce621e906ec7569186e66,19.0
DISPERSION_BREAK_RESIDUAL_RELATIVE_VALUE,bc9e3a09c0163a71c2f9f66584c786d3333662842ffe0ce314a00c05629e8f42,24.0
DISPERSION_BREAK_RESIDUAL_RELATIVE_VALUE,ca3e4ab8c3b7a965a78bffe818c1d7d60c6af69f0f7de5c79294faeb7ef5138f,21.0
DISPERSION_BREAK_RESIDUAL_RELATIVE_VALUE,a84971a5b4f64987645eb4da1b1b44dc8a57bcdbe802c2efa83e26f9a6994d50,19.0
DISPERSION_BREAK_RESIDUAL_RELATIVE_VALUE,d59937cb03158682d4b061237eb354a738848f2d36e035eee21d51bb12508f77,18.0
DISPERSION_BREAK_RESIDUAL_RELATIVE_VALUE,07a5e4520d2b7570df5ed37281ed82fa18507080319e299bae40f32cd50c25df,21.0
DISPERSION_BREAK_RESIDUAL_RELATIVE_VALUE,cbc50c68b0ac436fb61a607d75cc5c7d5f6722294713facd56bf036d32f3dc99,22.0
SETTLED_FUNDING_BASIS_RELATIVE_CARRY,37b4e823eb3a3ec979cd106f122d057394bddbf2b9f36b5dbdc019eebc876961,13.0
SETTLED_FUNDING_BASIS_RELATIVE_CARRY,d4f54a7693a135b77ff199b650a8c9a3fa3e59b48f3f3e7263587237e26b888d,15.0
SETTLED_FUNDING_BASIS_RELATIVE_CARRY,578ced208dcc196d84eb5056a183b7fdc8d3eb9d6bbcc14b4bd2bad2f1ca6f36,18.0
SETTLED_FUNDING_BASIS_RELATIVE_CARRY,96e0241075d68d7df6a9c5f48f1b45afd9c17a4cfa81376f468ccef9affd475d,15.0
SETTLED_FUNDING_BASIS_RELATIVE_CARRY,595c0dd05df8768aa3073205979d414a51c379cdcabe1545e161fe3cdab3b07c,5.0
SETTLED_FUNDING_BASIS_RELATIVE_CARRY,18b1e82fad2638ed378217f2e9692b215f2c8c38a5417e3d9f2da262cc8938fc,2.0
SETTLED_FUNDING_BASIS_RELATIVE_CARRY,69fe8d455ae621cd45edbd2968ec7a27cb9c111aac5e218334fdc87418d662ef,3.0
SETTLED_FUNDING_BASIS_RELATIVE_CARRY,15b276af513753e3df7105f2b4a7074836e7ad5ab089fdac21ce9a70e67896e8,29.0
SETTLED_FUNDING_BASIS_RELATIVE_CARRY,009797de1fd612f9b742c5c82688b2b2d4f634531ec61b0769a4531429c3319a,1.0
SETTLED_FUNDING_BASIS_RELATIVE_CARRY,a34ce4bceb2934ddd6b60283a160ca30039364843f82b317cf3fcfbc3bc4833b,61.0
SETTLED_FUNDING_BASIS_RELATIVE_CARRY,9c99dbaefb007a0ca52652ac04b0da624ab9de4eea1eb6a716538240bebb90c1,4.0
SETTLED_FUNDING_BASIS_RELATIVE_CARRY,6699a8c119925413be8f92466dbb60ed0a49ab096a4fc82fbb6e0a335abef954,5.0
SETTLED_FUNDING_BASIS_RELATIVE_CARRY,a83650bdb7c1205323e40abcfed7be6cbaf935a90466ac08a1b58fc7d6d77aba,3.0
SETTLED_FUNDING_BASIS_RELATIVE_CARRY,b557c4d12b94587eda10981ce46f8f815b11fd2e7a5dfa6a0a5473d6a80587b8,1.0
SETTLED_FUNDING_BASIS_RELATIVE_CARRY,7ffd9c4e5efaeb83d4db159ccc9c60eb381f3cdec47cc54b4af1251d996cfefc,12.0
SETTLED_FUNDING_BASIS_RELATIVE_CARRY,821c56667f723b98951baed3ded7687833630cc185cd281cf97c7411ab9a90ea,72.0
SETTLED_FUNDING_BASIS_RELATIVE_CARRY,4435775ed2817aba0a44bae837e8f2ad2df15144873f7a0f301a1a237d878f50,54.0
SETTLED_FUNDING_BASIS_RELATIVE_CARRY,3b9db0ab328123406432f0b00005311eb6760fa93a6807fe516e6737bf9f3b7a,4.0
SETTLED_FUNDING_BASIS_RELATIVE_CARRY,f47a8ae0d428ef43b4fca675d88c68a8b7a4a40d4512e5c822291c3e57d83746,45.0
SETTLED_FUNDING_BASIS_RELATIVE_CARRY,b4e844bf5244bedec94ed1499e4ff9e3c3a852408042070b1d61a23b4ec01970,30.0
SETTLED_FUNDING_BASIS_RELATIVE_CARRY,779f477317abe5db17dece9a0cd2aa2d70aa8d9e041fa084b75d6885551342ea,46.0
SETTLED_FUNDING_BASIS_RELATIVE_CARRY,878b12817ed94bc68f5ef53d7fe08eb114cd19beb09459929708d6550ca794b9,22.0
SETTLED_FUNDING_BASIS_RELATIVE_CARRY,04c5de0937864acede189c04bae9ed7ad08fba5677996715fc3f77b91c08b31d,21.0
SETTLED_FUNDING_BASIS_RELATIVE_CARRY,611635daf8c96f29f5f4c6dda4961cb8c222591225ef40ecb03c285d99feb112,10.0
SETTLED_FUNDING_BASIS_RELATIVE_CARRY,1fb2d8328107cc25de30473efc3b5c39848c5e1efb7c0577b42dc6d6b282f8af,2.0
SETTLED_FUNDING_BASIS_RELATIVE_CARRY,0b76eccd6c06fce1fa5e49a3f834e0ec2b97cab3cc454240ab6e7450913bbafd,36.0
SETTLED_FUNDING_BASIS_RELATIVE_CARRY,9fb22ddba8409d8477fed815872eaf19c5d562da74ca9d20cb017e2f4b7d5bd5,29.0
SETTLED_FUNDING_BASIS_RELATIVE_CARRY,91b41bbe83ecc17ebfeecdc7716b18a205be45651b2f7488b9003de5de4e9118,7.0
SETTLED_FUNDING_BASIS_RELATIVE_CARRY,c1820f241dde5c675281a438a8502fa52da92128ea3b6f95dd5a416af482f79a,19.0
SETTLED_FUNDING_BASIS_RELATIVE_CARRY,5f05a6d4b473bf4ae5309cd2719dd44f79340fa190983c2b04075f6384757634,40.0
SETTLED_FUNDING_BASIS_RELATIVE_CARRY,395e827345a061d9a4bdeac125f21351ea1bdecafa0907614a6d0d3cb6d16c0f,6.0
SETTLED_FUNDING_BASIS_RELATIVE_CARRY,ebff7e5f31a4f3e1af2f0ffe4569f33ad2e9eafa44f3fcd17ae50f04698bdc2d,3.0
SETTLED_FUNDING_BASIS_RELATIVE_CARRY,d0cac55241af9e9183108e7f97d8e2cc961bbe42651da7343987a2c6eca4abe7,1.0
SETTLED_FUNDING_BASIS_RELATIVE_CARRY,0825e6fe442a401683e7daab4e73040832d5be12e5408155d980c00cc92d5ae4,65.0
SETTLED_FUNDING_BASIS_RELATIVE_CARRY,bc2cc6004a27a32a5c8404a7aaecddd7044cd65d1a7a4d68f1f8cd85fe9ea2f4,11.0
SETTLED_FUNDING_BASIS_RELATIVE_CARRY,f8bf37c2b467002884b345a7eea3f4405432462ce47f7663258bb49b85620a91,16.0
SETTLED_FUNDING_BASIS_RELATIVE_CARRY,052dabf4ca7abf230ff761789d2991bc90a8e607f8dcbcfdd110706cc72ac5da,3.0
SETTLED_FUNDING_BASIS_RELATIVE_CARRY,fe748031efc8bb532a06149757fa9c0839da41bf5496da3386ba822c61a33fbc,72.0
SETTLED_FUNDING_BASIS_RELATIVE_CARRY,83b7c4f0b191343f1edba34c0ea34c7d0a4296a1bab1f1c906b61974afd2a83f,9.0
SETTLED_FUNDING_BASIS_RELATIVE_CARRY,b854532fcc8890b95ffc020d8596145cff78b1f37eaa88c9aecd56bc6ee6d45f,23.0
SETTLED_FUNDING_BASIS_RELATIVE_CARRY,3049484b880d50b807771f86d0eeae33fb2a5bbfdcc38fff3e0aa4f625d13e7e,1.0
SETTLED_FUNDING_BASIS_RELATIVE_CARRY,46189642857e0a09e7a1134a1d410a36230270ac9bb5df2047465fa9b9221e75,1.0
SETTLED_FUNDING_BASIS_RELATIVE_CARRY,c6d1dfff26fb645a9016461395b0464d0831fbeb5be7845bce990c4198d5593e,61.0
SETTLED_FUNDING_BASIS_RELATIVE_CARRY,079455d78f87aa2f1f3d13189a739d8c7a30e3e03359ac1b6da138bf433a2f92,5.0
SETTLED_FUNDING_BASIS_RELATIVE_CARRY,c55249f0ebb6cbe05e2556179b571f843040a8d382b12efe198e29a414965553,12.0
SETTLED_FUNDING_BASIS_RELATIVE_CARRY,fc7042c197655a3e87143da453713ccd1e68a6e31d76381819037d359acdd5e6,3.0
SETTLED_FUNDING_BASIS_RELATIVE_CARRY,85089e032bd18f61259c8b0c254b95698e9d2fcdce0a1bbbdb96e6d7fe28cdf3,6.0
SETTLED_FUNDING_BASIS_RELATIVE_CARRY,d562e7f97324b93c109b1525112a29c1a9f438e3781d99dfee24164baa62ac58,28.0
SETTLED_FUNDING_BASIS_RELATIVE_CARRY,05b71a94bab75d642083865e64df2029830c186e4d0734711308eb7dc7184923,2.0
SETTLED_FUNDING_BASIS_RELATIVE_CARRY,a94571eff7ab18d6d219d65bdf5eaa305aa7b1c66cc2c3424458ecd56ac6e9ff,2.0
SETTLED_FUNDING_BASIS_RELATIVE_CARRY,c5604028e24a0b2e1e83ed05d73f21658667feb6d10d971d3ca36e81b7ab220e,8.0
SETTLED_FUNDING_BASIS_RELATIVE_CARRY,1e3cfcfca562a3a0947f36ea019ed3882950af40d322ff4116489c238e27bf25,6.0
SETTLED_FUNDING_BASIS_RELATIVE_CARRY,6062b2c680df3b79aeaaf0a37aeb87f3159cbca223b5150678086124f9d96861,3.0
SETTLED_FUNDING_BASIS_RELATIVE_CARRY,fd687c3f68a15deabaa9085a8d4414004b4203dabd2cf338c01fc9a740a1fcdf,3.0
SETTLED_FUNDING_BASIS_RELATIVE_CARRY,6a6bad6afd526ae9068164696db744373f08865cae52c68b6386456147b2fa58,8.0
SETTLED_FUNDING_BASIS_RELATIVE_CARRY,ae646ea5cd3af5883a7383f18e8f28dd7827875b3a66712a1ce9920d35241bff,24.0
SETTLED_FUNDING_BASIS_RELATIVE_CARRY,9face7cee45dd14bf1f4aea51cefd8af51f4f8d15ff5fb7b26d3e876dac0d5e9,63.0
SETTLED_FUNDING_BASIS_RELATIVE_CARRY,200519d588572a0c84fdb99b475d5060cbb72f342fe8cc142ea8c4729ad5940c,13.0
SETTLED_FUNDING_BASIS_RELATIVE_CARRY,8cbebe57ec57eecb77454496df75fcad36d8432b50535234a45bc3022f9d5465,8.0
SETTLED_FUNDING_BASIS_RELATIVE_CARRY,30b871668371cb073164f388962d4873cd1a1fe98d05c19a55534ee7153ecd67,6.0
SETTLED_FUNDING_BASIS_RELATIVE_CARRY,d9a0ad37bb18a506266b391800f14ac3e65afb5d8508c8fb25520f3b8761c41d,36.0
SETTLED_FUNDING_BASIS_RELATIVE_CARRY,f332f2772b221da62599fb06fde2629e9df87c3c4010858dd12622f81c424d00,10.0
SETTLED_FUNDING_BASIS_RELATIVE_CARRY,3a83e01eba737d9c311c4ae5434fe9a1547f1416b2e0a1495f79544d5fab4c1a,54.0
SETTLED_FUNDING_BASIS_RELATIVE_CARRY,ac07d39727dfc0bcc2a956621bcf932047f6b30e4b41632c325c605ca6881410,66.0
SETTLED_FUNDING_BASIS_RELATIVE_CARRY,6f3df9afbb7787bf52f2adc1ed6bfadbcb8f70245de898257d8aaa52a07956cf,72.0
SETTLED_FUNDING_BASIS_RELATIVE_CARRY,536508a8b0b3b35d9c75f9088e9b3cba5e411183190c6e9a7d08531d62dd873a,31.0
SETTLED_FUNDING_BASIS_RELATIVE_CARRY,8898dec0766100d6ca7ea0d3a213c73ca2ee20ab546b7d0f13a34eb1ea8d319b,5.0
SETTLED_FUNDING_BASIS_RELATIVE_CARRY,f3db558314d0cb730bf1069d79855de949451be73713aa81f6f2f25212f5d6f9,2.0
SETTLED_FUNDING_BASIS_RELATIVE_CARRY,c81ed281ead226eb5e34f3777698d9b0830842985e8be4f030a9abd64539e3a4,4.0
SETTLED_FUNDING_BASIS_RELATIVE_CARRY,6609fceeb712c140f5a0cd6f6f8091e07b8ea6dc4ea8b99c0884c66a2f1b295e,63.0
SETTLED_FUNDING_BASIS_RELATIVE_CARRY,e311d572015f48672c96de664a21e134a2fe58f5cb245ce4bc9d0a534f1499b3,3.0
SETTLED_FUNDING_BASIS_RELATIVE_CARRY,6bcb2e0616ddc145a19bc15e136eb83ac8b86632e021d77c349385ebee3fbc51,4.0
SETTLED_FUNDING_BASIS_RELATIVE_CARRY,bf92fecf4d1f4def83eb50876546d6a004fcd85f674afb649e8f6086d9b02e67,1.0
SETTLED_FUNDING_BASIS_RELATIVE_CARRY,dac404f7a6e22e7f7db997fff3c17c9a713627366dc03802da32b8ba69a737c1,8.0
SETTLED_FUNDING_BASIS_RELATIVE_CARRY,22f90fa79cbe159754374b733e4172c54de3158b1728d103bcc23c186d4c1367,2.0
SETTLED_FUNDING_BASIS_RELATIVE_CARRY,8be46d10a8b0c2f5f957e75c9a97943cb4fc114c133b9fe1934c44248362b20b,6.0
SETTLED_FUNDING_BASIS_RELATIVE_CARRY,a478cae5ba6e05e623d26813bdc95238f0d5cb0f23b3b4823869ea41a86493ba,1.0
SETTLED_FUNDING_BASIS_RELATIVE_CARRY,3b5f4071f98f9ecf61c2cc86dd888489cc6d1b71e73a4efd067de121caeee11a,67.0
SETTLED_FUNDING_BASIS_RELATIVE_CARRY,9a4e51b0aba66826a46897ebafa7852461b968f656446825bcfeaa8ab721283c,15.0
SETTLED_FUNDING_BASIS_RELATIVE_CARRY,c273409c87ce14ecf943dd1998618017f5cc32d64ee745ea1b2d89d328bb9d18,7.0
SETTLED_FUNDING_BASIS_RELATIVE_CARRY,4f6d8bae6f1d0366e243ecbe6a8410a96ba674c61251a58b7bea6257df8912b8,2.0
SETTLED_FUNDING_BASIS_RELATIVE_CARRY,ce8e9abc9235cdc9f1346d7b552b10db3cc15783bd0797b6458ea46247038c1d,6.0
SETTLED_FUNDING_BASIS_RELATIVE_CARRY,47e1d8b906d3772843b306c6bbbe359cb370f6f4d043c168877f785ee160aab9,2.0
SETTLED_FUNDING_BASIS_RELATIVE_CARRY,14b796ec2794e2e44880961b6d362f1cb1c5dfac1f240f5d08ca3ff46c780f57,1.0
SETTLED_FUNDING_BASIS_RELATIVE_CARRY,22def7f5b46304a49746b700bf7245b22da7639aef0b4cdcaf009e301598b2f2,2.0
SETTLED_FUNDING_BASIS_RELATIVE_CARRY,cd0ca68091083f0f0f0fbc607e6c34f1c2c57206fec567cef5828b172a5026c6,1.0
SETTLED_FUNDING_BASIS_RELATIVE_CARRY,88ee1baf3a49cfa942d8f8285406232f768941ddd066f3fad092c074ec8466fe,1.0
SETTLED_FUNDING_BASIS_RELATIVE_CARRY,f6e6178596d0f3cae38aa1c2508209e86aba8c8ef03f2e8bb23fa6331cde9953,27.0
SETTLED_FUNDING_BASIS_RELATIVE_CARRY,f8e57674ad7f5f0fb2bf4e2c9592d8f043130bb5ccb461e3b8a3a71fa2c56b5f,15.0
SETTLED_FUNDING_BASIS_RELATIVE_CARRY,351b5cdf9e09897e54e2644e843a0d2c5e12273b3a54d66447a4893fc714e049,5.0
SETTLED_FUNDING_BASIS_RELATIVE_CARRY,1a89d34f2168aa2e3d4668cca2bc99eedc941ecdc151e686bb6025a15f21deb7,8.0
SETTLED_FUNDING_BASIS_RELATIVE_CARRY,61c7b98eb13b7dc0b6b6b4b64f7f355347aa069523174020dfd53f17d07b24f2,10.0
SETTLED_FUNDING_BASIS_RELATIVE_CARRY,4978ab44eac96dbb41a27759fc0b0fd2f83c28258bc7f462744c5784aa218f24,1.0
SETTLED_FUNDING_BASIS_RELATIVE_CARRY,098aa85514478214d11b386629bd23ffe7d7653322972772969d0b711abcb886,10.0
SETTLED_FUNDING_BASIS_RELATIVE_CARRY,37009df9935b02775dd67acbe24d79eb84047fbf9e5c13a627f0a6ed75b49297,4.0
SETTLED_FUNDING_BASIS_RELATIVE_CARRY,73fbd2d831cc38559a36e6576544a8e3f8d40fce711eb11b1a43f5127a7ccd1e,2.0
SETTLED_FUNDING_BASIS_RELATIVE_CARRY,a58e4da22a383c37e15c272948a1871892b0bf738dd690fadd2158d533c6d193,1.0
SETTLED_FUNDING_BASIS_RELATIVE_CARRY,8cfe18a22e0d7ae66d0130fa6bd668e95b9cb7e7190cf7f2cf474b5082dbe955,2.0
SETTLED_FUNDING_BASIS_RELATIVE_CARRY,f32a941f822b49ca942e5dfb0a288bab03d508e78b564b5bab7ba4aa17c6b2f5,2.0
SETTLED_FUNDING_BASIS_RELATIVE_CARRY,33460f5a2ed3b71b7c0b135e8fc633393af151a2193294ec5a9961489d473fef,27.0
SETTLED_FUNDING_BASIS_RELATIVE_CARRY,cdc7d66e0b653c870c7425fd4d62b0635a49bf4dc63e3d923745dac651ce3e22,9.0
SETTLED_FUNDING_BASIS_RELATIVE_CARRY,fe60e7c897f8c6449c68a5804df05c1621dbc400ed702203cc25eae32bd0fcb2,2.0
SETTLED_FUNDING_BASIS_RELATIVE_CARRY,a24e502acd891f8323a649215dad76b43af5372f53a15320b9e5c7fa3bf66c60,2.0
SETTLED_FUNDING_BASIS_RELATIVE_CARRY,7500f5a992e8a0029745005c0422ac94b624ddf9a768bdea7950ba60a6e1940f,1.0
SETTLED_FUNDING_BASIS_RELATIVE_CARRY,2fbe59b4c36a9fe6ff1c8d106d888d1cd34f77747ad2e0d6fa92dabe3e0b55c9,1.0
SETTLED_FUNDING_BASIS_RELATIVE_CARRY,f9e5a8ddf668169e2c2579171b8bb7407cbc11f830f758f175997a5ce44757bd,3.0
SETTLED_FUNDING_BASIS_RELATIVE_CARRY,35d8f2eb428eeabb21ddeb48369e7dd933e6024303502d092c3099c0aabca0bf,4.0
SETTLED_FUNDING_BASIS_RELATIVE_CARRY,f291d05ed32d6dcf471227222e678ae569a0150196a322455bcd868718fc6cd3,2.0
SETTLED_FUNDING_BASIS_RELATIVE_CARRY,c32c98c218a789040042ef6b549f39b90990e0a3f28b38d84e0db4cb0b2154cd,1.0
SETTLED_FUNDING_BASIS_RELATIVE_CARRY,a13d07a8377d560d9c3b6dd43258f5d65d03beaa552f2df7e064ea7e012c8d7a,2.0
SETTLED_FUNDING_BASIS_RELATIVE_CARRY,66ca96d26531c9bf4689dfe8e09c04b507f6022f039de0b91d0be0a8a23717f3,2.0
SETTLED_FUNDING_BASIS_RELATIVE_CARRY,1b3ebd2d50e68cb0257951cd917e2c40b571bec590a3257a9f852dd683c80f6b,6.0
SETTLED_FUNDING_BASIS_RELATIVE_CARRY,f83f6a432e798c1427c3185024e38b54431991f8092e14e7f4b6aeedaf9112a6,6.0
SETTLED_FUNDING_BASIS_RELATIVE_CARRY,4d0ae3085b4821e1600c80b63e28b986bccf787ba2c084269226bb36c28830bd,15.0
SETTLED_FUNDING_BASIS_RELATIVE_CARRY,833260971cd044c9f1e98a1716f9aab85eb18b6d400901b0a17d28b0cfd86ec7,1.0
SETTLED_FUNDING_BASIS_RELATIVE_CARRY,e9454b0c9331f4c5eadee56bdef52ef711f9494b739f9e3e621aa90c65de3767,13.0
SETTLED_FUNDING_BASIS_RELATIVE_CARRY,6e0b7b56c3d85ff91a72e4724eba2e6752896e4ed3e665839369e262c02314a3,27.0
SETTLED_FUNDING_BASIS_RELATIVE_CARRY,cb9b9047f152c6419460dbe40c9a15303e82f5f43a35ff246e817a4ded6d146d,2.0
SETTLED_FUNDING_BASIS_RELATIVE_CARRY,5d46649fa11cb0fac576eb047df0f34aefd111f01ed2270056b7652b044260c8,16.0
SETTLED_FUNDING_BASIS_RELATIVE_CARRY,aa64e1224ec6465fe7577e499ef2960c652c761c19fc493c804904a6fa937ff5,10.0
SETTLED_FUNDING_BASIS_RELATIVE_CARRY,7c762b764d3e479a809597a4e9f535e178ea8795960d725ab8157b60161f43b6,18.0
SETTLED_FUNDING_BASIS_RELATIVE_CARRY,90e02e7eafa56a9caeb2e6beb7caafe7e3ac2010a34bf115980e203198c3de53,72.0
SETTLED_FUNDING_BASIS_RELATIVE_CARRY,a3ba5baab2df474a806b155ee40b8141bac650c907015fb1db4cee7a42bffdf5,36.0
SETTLED_FUNDING_BASIS_RELATIVE_CARRY,536ac841914aedd186b616d164c31da368e84d9d37e7f699a4393bc77353cddb,5.0
SETTLED_FUNDING_BASIS_RELATIVE_CARRY,dbedf1d61700b8684cfcf0736ca6e096fdda90941214f1ed2bf7610010e2e64f,3.0
SETTLED_FUNDING_BASIS_RELATIVE_CARRY,3074bafdb21daed3ae49f01f043bf9d2b4424eb0a18123ede84d7e7707fe4969,2.0
SETTLED_FUNDING_BASIS_RELATIVE_CARRY,532a1cd1a6c0de6e11bef5e2b59d170796a7b5faa11c7acba19a86e474bdebcc,3.0
SETTLED_FUNDING_BASIS_RELATIVE_CARRY,9843d838b3edd1cfa29d4b55fb11c84ed5fe719e48576644ecf2cbfc1a81ba0a,61.0
SETTLED_FUNDING_BASIS_RELATIVE_CARRY,41780b956a252e82116f085c228d0285f5aaca556615d200f8e1b156e9147aa0,72.0
SETTLED_FUNDING_BASIS_RELATIVE_CARRY,f862a806cc97d7d50a55b90e34dd45a549d3c8e1aeab873c65cf808e3143de67,5.0
SETTLED_FUNDING_BASIS_RELATIVE_CARRY,f854e77a2f2c597a1699543f32981f4ddb51081e5098389e38a62d735df5de0b,15.0
SETTLED_FUNDING_BASIS_RELATIVE_CARRY,7a9af325f433f99710bac1127a8a4bd375e69102dad582e3a5246f03932d5a31,22.0
SETTLED_FUNDING_BASIS_RELATIVE_CARRY,7ab68722795a9c741d190a7e3d1ef586cca0d66ff19484e81f20d7aa6baf7608,1.0
SETTLED_FUNDING_BASIS_RELATIVE_CARRY,fc21ac97799310605bb2df7678c9110368079ca7235fd6874b50190216623106,1.0
SETTLED_FUNDING_BASIS_RELATIVE_CARRY,7bb5bc8eda33b2f713ac040b334200d5fac3e51f7772b1bcfdc09836c60b4d9c,1.0
SETTLED_FUNDING_BASIS_RELATIVE_CARRY,315cce13be265946123ef3e8ee7e59124669914b1fa9860ec9061a67d152ebcd,3.0
SETTLED_FUNDING_BASIS_RELATIVE_CARRY,6e2d60a3d67aeac51b6816b0307724c022ab4db715dd2181f0f5fd160a43b203,1.0
SETTLED_FUNDING_BASIS_RELATIVE_CARRY,7cbe0f507bf6f2997c3558d8723b3683b73b06b678e1d398c921d6b17714a042,3.0
SETTLED_FUNDING_BASIS_RELATIVE_CARRY,47d33b3a086c1f1ebd19666a14cdaf1eb51f78bdeaba785c4224eae3940d13c2,4.0
SETTLED_FUNDING_BASIS_RELATIVE_CARRY,ffbb84c0cc056478d23d5da9d1fd97b6e04333ea89022e948ac76ca4683b805a,2.0
SETTLED_FUNDING_BASIS_RELATIVE_CARRY,224de3e1183573bc849b7f0238b1efefdfac79c27e3a6f52a8f436c6bb51aa39,2.0
SETTLED_FUNDING_BASIS_RELATIVE_CARRY,b6f9c7ca6756b3f6317a625af2f67dca5123e0b400eac7d8ab707b4448983cab,1.0
SETTLED_FUNDING_BASIS_RELATIVE_CARRY,8d73a616eb0f1410a18bd94269c239c49621c98ee9dfa58c580d9d1146af28e3,3.0
SETTLED_FUNDING_BASIS_RELATIVE_CARRY,5c225007bf62bc27e8089dd90aeb4f2cc4302978bde304a567266b5d8b1938de,13.0
SETTLED_FUNDING_BASIS_RELATIVE_CARRY,6c426d2ad639c1d1686764e191f1acb82bf4b3cb4ffcd485578022a4338d7622,9.0
SETTLED_FUNDING_BASIS_RELATIVE_CARRY,4a63b790bd5d25b0d48ef889af49f667be1bd3c70e0f431a12dcefd281ed6744,3.0
SETTLED_FUNDING_BASIS_RELATIVE_CARRY,3870c73fe03ee86237044e9e6716236f008e993cd45001273d615c46985a0342,7.0
SETTLED_FUNDING_BASIS_RELATIVE_CARRY,ce4d0f4e4a41be1170b15ca458155ea1822f4297bce87b4bbc7f0845c75cb4f5,9.0
SETTLED_FUNDING_BASIS_RELATIVE_CARRY,ff2929b699b0b6eb833821ac2d5196bb9f0a6c70feea6237980f5394e15ac76e,5.0
SETTLED_FUNDING_BASIS_RELATIVE_CARRY,b0c9de2a311409eb21dd68a9a3bce720bd5d47798c5205475d0d02bccc54d15f,11.0
SETTLED_FUNDING_BASIS_RELATIVE_CARRY,c6d6098336f4c373fa887fee2854690475746fd6bfb82ca96377dd87cc6ca935,2.0
SETTLED_FUNDING_BASIS_RELATIVE_CARRY,335b19eccfc17d6893392ac52ca41d8333d621dcec08b847a658ef8a3f6036a4,72.0
SETTLED_FUNDING_BASIS_RELATIVE_CARRY,a8a48c73e11f4722f1201ee3f26a7bf45b5f6c4d2f047159b1fb1b0b692db0b5,2.0
SETTLED_FUNDING_BASIS_RELATIVE_CARRY,46aa2c627b39c6cba4f0987f597aa6b7dc7a37c12e7ede7800d1d0b73c266dd4,40.0
SETTLED_FUNDING_BASIS_RELATIVE_CARRY,a8ff803c528487a40d88e0e93c8a752d9e50566677844542f0d210cc1ddbe3fe,4.0
SETTLED_FUNDING_BASIS_RELATIVE_CARRY,e22872b571944b86e6c54ce0fa2255f3cadf7c824c61e57e71202d18e250d253,5.0
SETTLED_FUNDING_BASIS_RELATIVE_CARRY,b6db55439a60d2f9477ebdfc27159000514b0a078bef6899a0b84a778a6a916e,12.0
SETTLED_FUNDING_BASIS_RELATIVE_CARRY,1b44d282a891bf73b4e959c144a48129a05ad609986bfbeaadd2b81d21f12f40,2.0
SETTLED_FUNDING_BASIS_RELATIVE_CARRY,03e273d0876e7183ac43d123562e946eccd1ca6e2796bd37a0a9898b52a6f024,4.0
SETTLED_FUNDING_BASIS_RELATIVE_CARRY,716a48aca4500d4233cdbac3b454fd41223b0dc290f03dea81537d2cb6cc3d1e,7.0
SETTLED_FUNDING_BASIS_RELATIVE_CARRY,173759e0a2a5b00cfb2f900a1b3137d8bba74f3ca4239845fb920db22151ee19,18.0
SETTLED_FUNDING_BASIS_RELATIVE_CARRY,f9166432f323ac5f3c249935c70885e710d820a362124d23f1726e2c9182bc74,14.0
SETTLED_FUNDING_BASIS_RELATIVE_CARRY,c3b0020c039a982d13932914e1c7afda4812b343ba3ddd41c4f59380566641e2,34.0
SETTLED_FUNDING_BASIS_RELATIVE_CARRY,f45f3e651bfcc4ee00a9c9768397e93c8d8eaa06fb5e534bf59738a9a459aa58,8.0
SETTLED_FUNDING_BASIS_RELATIVE_CARRY,7c0d4ea494d4eb07844811ce39db2c36b5eafe7b723d75bb80e204211e814b37,72.0
SETTLED_FUNDING_BASIS_RELATIVE_CARRY,4ead3369c618d9dd4287a64b18a0c2ae78465dc1d059792376325e2f976de176,1.0
SETTLED_FUNDING_BASIS_RELATIVE_CARRY,0ec09b7c46f8100dbf947da47405c50b3ec86f2a1b10ea9964b163eaaff2393b,1.0
SETTLED_FUNDING_BASIS_RELATIVE_CARRY,7466325fe2a49d0f4fabfb3724a4bea96bf1f3c16bd59f53ca18f7ae8f4b99fb,1.0
SETTLED_FUNDING_BASIS_RELATIVE_CARRY,4ec86baad1479ac8d1d23c3ec045300614b25f1bfa55b774b8c7c5753e4d6395,46.0
SETTLED_FUNDING_BASIS_RELATIVE_CARRY,4e8c2f6dd5d8cebf1e97d4944b39502004ed30b48d992738bb22c0e2a2076eb3,72.0
SETTLED_FUNDING_BASIS_RELATIVE_CARRY,c3c01d23a428397271f624a34a9c6360b43b297e127f142146e0aac68440039a,72.0
SETTLED_FUNDING_BASIS_RELATIVE_CARRY,6b9c32187e2e41e1c9332a4809984c65c758215810107a39628e81306492a7ad,72.0
SETTLED_FUNDING_BASIS_RELATIVE_CARRY,1e1df399d9d604cfacb60ced0e5d8e3743d74731e3b8289a55099966541145db,48.0
SETTLED_FUNDING_BASIS_RELATIVE_CARRY,4f26664395754e9fdbae30810381a2f124b19bbbcc9cb1ff9a4af2ff90ae55d9,25.0
SETTLED_FUNDING_BASIS_RELATIVE_CARRY,35b578d8ce6ff84ac37a47fe8bdf5eaa5e133f55eb15f274e8f54069aba002b6,6.0
SETTLED_FUNDING_BASIS_RELATIVE_CARRY,4c82cd2fd05c5b40b5289a39b4c98ba6ea2094f689137f41b09d35e6d8986e78,5.0
SETTLED_FUNDING_BASIS_RELATIVE_CARRY,7108fbb2d88d9274ade7470dd43509ac439be475dfd2d0c89369d65acd98ddbd,72.0
SETTLED_FUNDING_BASIS_RELATIVE_CARRY,6568e9216812e582ab11aaef0cad5fda1b9245d746a0cf9905849db6a020c689,72.0
SETTLED_FUNDING_BASIS_RELATIVE_CARRY,59a59561c9ffaccf543864a4c436861f128222af6b36a525a01ec7a9dcf51ed4,72.0
SETTLED_FUNDING_BASIS_RELATIVE_CARRY,154b5b9a0cfba93c9eb63574952fbe07cc3014c3fd834ec0f3b00683e68114b3,21.0
SETTLED_FUNDING_BASIS_RELATIVE_CARRY,65db7642881ec59209469d453f662b2bf2a567362bf20cca8d1363b50214b196,17.0
SETTLED_FUNDING_BASIS_RELATIVE_CARRY,004c45fc1e4d227d45147146002f53a62e68b974302032e8e7eab12bc7be3689,21.0
SETTLED_FUNDING_BASIS_RELATIVE_CARRY,5e7b1417e718f78bf7dc0d8878163354c0ee0b26778af61e1988cff8156a142f,72.0
SETTLED_FUNDING_BASIS_RELATIVE_CARRY,58f61d4d3797a0bc73d590b530e62f470f4b1b952c5fcc9a8bca709a84b4c261,15.0
SETTLED_FUNDING_BASIS_RELATIVE_CARRY,041ca098345ee79f29d2722ee3afdd38d123ab9f977a140083d4f68451986a62,18.0
SETTLED_FUNDING_BASIS_RELATIVE_CARRY,ba354fed9825119fda0bd802a9c7da617f6aba301799610378564542e3d9c423,2.0
SETTLED_FUNDING_BASIS_RELATIVE_CARRY,dc2e560496b8d862f29f173d944901101ebaeb158352d499437358043ce1a820,46.0
SETTLED_FUNDING_BASIS_RELATIVE_CARRY,155433b5c1f0b97477e26e6992c8d701eeb930baae8b38f38c75ecc17c6f0635,27.0
SETTLED_FUNDING_BASIS_RELATIVE_CARRY,d9a82ae53b712bad2c79800c62f299d5ad491ec9cc2d3efe667e68a7236fbafa,72.0
SETTLED_FUNDING_BASIS_RELATIVE_CARRY,f4e1272e9678f1dda13ecbd46efdfe4a97f4555469b902d6179752aaf564bd0c,7.0
SETTLED_FUNDING_BASIS_RELATIVE_CARRY,136f95b92f8ec123e17da4f27cd3853b8f7f696c7c64b963cbad70590b705165,3.0
SETTLED_FUNDING_BASIS_RELATIVE_CARRY,59c530e8b76311f1768ff6fbcca10ecdee51319a63c4a5d0811940d42482d3a4,4.0
SETTLED_FUNDING_BASIS_RELATIVE_CARRY,cc5a87ca0375e1c7eb8ac2e17c72e40db5625282d7b6b3ee751ac30c074c8bfe,4.0
SETTLED_FUNDING_BASIS_RELATIVE_CARRY,3364bd6ee1a35f441931e8db7b399986230ab96331afb0c4d26c98c1d591c161,20.0
SETTLED_FUNDING_BASIS_RELATIVE_CARRY,ad2b37a80cbc40838b67b503ea89f1cd420d1f2b4112bf4bc0b45f96a744a457,15.0
SETTLED_FUNDING_BASIS_RELATIVE_CARRY,2e431c261fb8a65dfc46c8c5e88467e79f6a44a988b1b1b2480cdb88f762e7e4,6.0
SETTLED_FUNDING_BASIS_RELATIVE_CARRY,395a0b1e60eb7bf6a3698c3d1d552af5f7e4938b58afb7d0a641c2110d4b4f9d,19.0
SETTLED_FUNDING_BASIS_RELATIVE_CARRY,2f7710f72afb6e6a39187928b6f8ad4eaf2a6c5a89fbb1ee3ca3fd360b1b5b72,13.0
SETTLED_FUNDING_BASIS_RELATIVE_CARRY,2e920bdb8f4577296a9502ba0bdffb9ffb648b31d87221637453f39d149dfcac,1.0
SETTLED_FUNDING_BASIS_RELATIVE_CARRY,fb10e0a1514678a0e42f46ac9b466d1097f65d0a80d59f909168cb0eac3101d0,22.0
SETTLED_FUNDING_BASIS_RELATIVE_CARRY,2b2ded16a9b5212502ef711dc001c5e2d7e6b31eb92f47d3a00c12b0e8b388fe,13.0
SETTLED_FUNDING_BASIS_RELATIVE_CARRY,7ccbb3f2bc914c48267210fe0137c3e8c4f90b8e3c836b55e8468d67072a4a81,32.0
SETTLED_FUNDING_BASIS_RELATIVE_CARRY,98bf0a3f7c1667a9f7d5a6730d8a046971eae6b6c4ca51360a1e7f571c560c84,3.0
SETTLED_FUNDING_BASIS_RELATIVE_CARRY,9d26594b4923e1f2bd4e70418c25cf41a9c77c40aa36adf8e712696d67da2fd3,33.0
SETTLED_FUNDING_BASIS_RELATIVE_CARRY,1a75f3d66d0e0698b34effb1a8d25bb821a94c096806f68daaa823689c54a9e8,6.0
SETTLED_FUNDING_BASIS_RELATIVE_CARRY,44790bc29a564051150d5b44509ab353f47f2bc4f20026a79c14e4ae9aabe7dd,8.0
SETTLED_FUNDING_BASIS_RELATIVE_CARRY,31bb9b398b5ffd789855565c2a4663fb1a8bd792645b0d8a68cd974e5028253b,10.0
SETTLED_FUNDING_BASIS_RELATIVE_CARRY,d9a1292eea7dd650489d0f148d26cf5b4aefaf102c9370b2e5153992982d9f6d,3.0
SETTLED_FUNDING_BASIS_RELATIVE_CARRY,6dfeb5f8565119f3e94868a795ed6b1454103212a53d7c1c6254c10fcc4f143e,20.0
SETTLED_FUNDING_BASIS_RELATIVE_CARRY,73ad37e75722b919bfa9fd4ad0733a2809c6b58a259d4d4c5ddd29d5dfa8fe0c,63.0
SETTLED_FUNDING_BASIS_RELATIVE_CARRY,dcd12491e162b8deafb03610f9be37d561f54d61f3e70f713cfa3f3ab8372afb,1.0
SETTLED_FUNDING_BASIS_RELATIVE_CARRY,61d9840c13e98c7f56139f9c0c6a66ab4df6c653323d20dc953ac4a958be1178,3.0
SETTLED_FUNDING_BASIS_RELATIVE_CARRY,13ac9c2a404b838594391c57b02c0e3a2f7034de2445414cfae38dd715736ee1,4.0
SETTLED_FUNDING_BASIS_RELATIVE_CARRY,ce0b0c5c6aae17080dbd88e110a0d3032c1b1772b5d39fe8fe801d2b8782f03e,8.0
SETTLED_FUNDING_BASIS_RELATIVE_CARRY,7af4837bd5e0c11616d61b9307c1aa33d0323bc04ef4696995f9455328bb30a2,9.0
SETTLED_FUNDING_BASIS_RELATIVE_CARRY,e1f5daea36efd1a5d1a7f463cd69c43a0e42816e35444b313e3d0a4f64614219,28.0
SETTLED_FUNDING_BASIS_RELATIVE_CARRY,f4044125c345963ec293b9d484f06e2e06eadd1a485bc44ded07259dabdb93f2,1.0
SETTLED_FUNDING_BASIS_RELATIVE_CARRY,badc02e8e55bc564978f5336045c84d66085f09644985c9e907e09d8e26901e4,19.0
SETTLED_FUNDING_BASIS_RELATIVE_CARRY,09ec5e9c28dd4f630372fb39d592b36bd00596470f256d3ee9f958c95ad66201,4.0
SETTLED_FUNDING_BASIS_RELATIVE_CARRY,261954cc9492e177ea347c2ec2d77eb5302811c8c15c581915ca672408314134,11.0
SETTLED_FUNDING_BASIS_RELATIVE_CARRY,17e6d6a067ea23fa7fbbb8ccdbe305a1df82e5eb449595bbb5ebdb8f6a9d9ed2,1.0
SETTLED_FUNDING_BASIS_RELATIVE_CARRY,5655a859fc0a7709ad4d4f77b037035ca4630d681e56e8b2de3ac3162cb7e82c,6.0
SETTLED_FUNDING_BASIS_RELATIVE_CARRY,77add8a48864f56c0f52f5ee31e24669954a1edb5a5054acb95cdf3cf8a3fae4,1.0
SETTLED_FUNDING_BASIS_RELATIVE_CARRY,1c70bf3bf9785a9403a8ff08c50b4f888f4b2b68a2e9c8584bd811d3875b91b1,1.0
SETTLED_FUNDING_BASIS_RELATIVE_CARRY,7778c9e3ecf184f9586afead170862457edb3e0c07cc88bd19d837823a79e0ee,23.0
SETTLED_FUNDING_BASIS_RELATIVE_CARRY,953fe452f0bcebfd01a05e0ad2d21ff41450f0429787a2c23d26e1eaca563e32,3.0
SETTLED_FUNDING_BASIS_RELATIVE_CARRY,9079df195a17fb70b7c08ba6a2d823743c78747e7733f382e70b6f9589492696,2.0
SETTLED_FUNDING_BASIS_RELATIVE_CARRY,c6507a31c4ecaa24ba1fd890b9358442c172f62103d56967c90c0b8073da9100,1.0
SETTLED_FUNDING_BASIS_RELATIVE_CARRY,756ef7d4be11a7e0dc03c0db18719693a9121799b30274a63e308361c33d8eeb,1.0
SETTLED_FUNDING_BASIS_RELATIVE_CARRY,decb04ea2493218b815201ba151b91ab964656117784a15a5e8a55f7f9c97753,2.0
SETTLED_FUNDING_BASIS_RELATIVE_CARRY,d968da915c32f9d82020be35bcbb849aae23c6c0d6215365386eb4236373d879,33.0
SETTLED_FUNDING_BASIS_RELATIVE_CARRY,9279476de3a28c05f2cc497537492ed4cbd63eda4088efdd44985ce90c7afc15,18.0
SETTLED_FUNDING_BASIS_RELATIVE_CARRY,594b08bd5c9fc27ea50f58e2112a56ac05632bd084d626b6ccdac3c27605f5c3,71.0
SETTLED_FUNDING_BASIS_RELATIVE_CARRY,480dbea405ffce5c8758f817a38ea8dd993a21b1e41775e79970532a6108cdef,17.0
SETTLED_FUNDING_BASIS_RELATIVE_CARRY,6e9a8b9536ec2d7959f92c554855aafa2a37ee5da9e71e3e3e4e464cf65ff490,72.0
SETTLED_FUNDING_BASIS_RELATIVE_CARRY,52c74a04d2807aa8fc22760080ee056bf33ce59c8e1848b90e068188c4be25ad,72.0
SETTLED_FUNDING_BASIS_RELATIVE_CARRY,b24572c0f61c58161011d27e7c8075bbf5774dd758a9d12a547fe523f19c40a5,50.0
SETTLED_FUNDING_BASIS_RELATIVE_CARRY,37eae47d06b0468f7ffa8f8ac7a5a0b84709173f1fce9b0ac698973c991d7334,72.0
SETTLED_FUNDING_BASIS_RELATIVE_CARRY,3e4a0ea5042104d70cdd76a88e3f1a09eb408cfa13de1c5badc5f9c1834dab53,6.0
SETTLED_FUNDING_BASIS_RELATIVE_CARRY,7217c894dbff93eeeb1125896fcc9b189a2441d792ef5b260dbc1398c2a0abc8,17.0
SETTLED_FUNDING_BASIS_RELATIVE_CARRY,18e37a7519187ef774e77e7f963fcab2249c7a934d1ef0a0b79d879dad39572f,40.0
SETTLED_FUNDING_BASIS_RELATIVE_CARRY,12035ee4593731f93f9201625e4d6f05543c8ea5816564eda44f2862c52a6751,2.0
SETTLED_FUNDING_BASIS_RELATIVE_CARRY,191c822694c5cd3d24857d083be5c71c14c297d59a515a9c492b09ede021e369,72.0
SETTLED_FUNDING_BASIS_RELATIVE_CARRY,d4fae692ba5233d88774f058e56ddb3360d1033e94e85a7780b4710448f2bfc7,5.0
SETTLED_FUNDING_BASIS_RELATIVE_CARRY,d758ba1a2f3b6ff9017387b61d0650b5e610135f3f7760116fa771868494593d,59.0
SETTLED_FUNDING_BASIS_RELATIVE_CARRY,a897acb00290269150f819fd21a52c72c959ff498f44ee6a1290cc883475b6ff,13.0
SETTLED_FUNDING_BASIS_RELATIVE_CARRY,2339249f4ae3b0f6281678a0660762d5d8c9780533d0e0b403e0c40d820c0af5,6.0
SETTLED_FUNDING_BASIS_RELATIVE_CARRY,292b28e0ed3ffb1aba99bda94ee17d99a317638caf507f97395d972e593b56a1,1.0
SETTLED_FUNDING_BASIS_RELATIVE_CARRY,b0da1d58b23a335dcdc5a0990fe1e68917b6b2c31f9467549dda0004dd5b8091,2.0
SETTLED_FUNDING_BASIS_RELATIVE_CARRY,afe6912210468d54c6277a6f4f9b19daa48fc9b33e23750e9f3d20090667933c,1.0
SETTLED_FUNDING_BASIS_RELATIVE_CARRY,f28a934d8da4dc9a71f26a13fffb06e8868a63e02dfd639782ce8a28ff9598c5,1.0
SETTLED_FUNDING_BASIS_RELATIVE_CARRY,7af5c4748a3d59198c871d627d89a5708ea5efa6c2b9c4dac6ac42a50935d2c9,3.0
SETTLED_FUNDING_BASIS_RELATIVE_CARRY,d28c0ec83f97a121895559e449b8e0ccf8af8ccc929d30e350196abb98c306b1,45.0
SETTLED_FUNDING_BASIS_RELATIVE_CARRY,14b06c220b49f91e1a4ebc691528cf189f49f69430662800f3fe0aa02bbfff01,66.0
SETTLED_FUNDING_BASIS_RELATIVE_CARRY,b77728f2d9ab8a36534b5cc83a4059abaa74079d826b1fd1e7a7f81bee808539,4.0
SETTLED_FUNDING_BASIS_RELATIVE_CARRY,b75e3c16b8906262ed9bb2b5860e14ea7f06f749a2fa856aec5c616a0ef8e604,1.0
SETTLED_FUNDING_BASIS_RELATIVE_CARRY,32d2fc3d9a70f7430d3180f19aaddbe849a17d82e0dcf06f6ec06435a045ec44,2.0
SETTLED_FUNDING_BASIS_RELATIVE_CARRY,c278bbe354ecfd45840424197eddb5de39218325296fafad328c5b8e452a7aaa,8.0
SETTLED_FUNDING_BASIS_RELATIVE_CARRY,a46df8e4d5579c46b718ab4cf95bc5561561901991411e14b22f544780e00f47,4.0
SETTLED_FUNDING_BASIS_RELATIVE_CARRY,6b9d087bab459f936c75016b9e4b6ee95aa6177ef396fcbd953748d29b5f72e6,70.0
SETTLED_FUNDING_BASIS_RELATIVE_CARRY,9ab0b252d9b91d66d364450bf4a6dc13afaacb62b25ec192bfb2c89d9806d5fb,1.0
SETTLED_FUNDING_BASIS_RELATIVE_CARRY,a6f465c111c29453da1d859eb9f7be64e6e88d638ae5020c4dd58ddd5b4dccab,3.0
SETTLED_FUNDING_BASIS_RELATIVE_CARRY,f34ea97cc3508d304f61497009efe7080f7720f1cb3e224b47d820d585bc51f6,72.0
SETTLED_FUNDING_BASIS_RELATIVE_CARRY,a1070a76592d89fb199b447d3fa755a9973cd9341129c7340a846f8b43342ab5,14.0
SETTLED_FUNDING_BASIS_RELATIVE_CARRY,70575adaf2a6d4d3f103b86c34762592451aafc588fdebb5053258d509fa8f36,72.0
SETTLED_FUNDING_BASIS_RELATIVE_CARRY,f0a1b65a68ce969857ec31896a7ae6c41c602d0ece7e6500800839b19cc03dab,6.0
SETTLED_FUNDING_BASIS_RELATIVE_CARRY,25939311ac720ddbb4784a8232db6eaffbfc43b702e8be6449519c8919ba8984,72.0
SETTLED_FUNDING_BASIS_RELATIVE_CARRY,9c7d9eb65077b340cb993565150c2e64b56e1f74823b140a892b3eada72fa562,1.0
SETTLED_FUNDING_BASIS_RELATIVE_CARRY,f4c47eefdb7ec6991a6d3ffe5c89d1da6a34207f78e4756e1c6fb9e2a33ebaac,2.0
SETTLED_FUNDING_BASIS_RELATIVE_CARRY,fe4cc13d52ac0c45f6a4564fa07b4291baca8d387a834475f309eaab279523a4,3.0
SETTLED_FUNDING_BASIS_RELATIVE_CARRY,545642bdc79a0832713772ed9e9f8f60cad3e87bceebaef024cc89e2d3817e13,2.0
SETTLED_FUNDING_BASIS_RELATIVE_CARRY,c21e22616ba9759ca2296584c57f9a2f1db9db3b055015a787e4a71aa44bc54b,72.0
SETTLED_FUNDING_BASIS_RELATIVE_CARRY,e67c2e666ce188f0e87057464d78c40980509fec119f326fbea5910fdf12d6fd,5.0
SETTLED_FUNDING_BASIS_RELATIVE_CARRY,9a4125d29819ae6ee270265850d6e0caca651bdf214d3449e5d8ef42439ee49e,6.0
SETTLED_FUNDING_BASIS_RELATIVE_CARRY,eb7e6ee04f08974fdd47280a8b90109314717ddc3e9a98ff12d5c1c007fc9a94,14.0
SETTLED_FUNDING_BASIS_RELATIVE_CARRY,fc9b3da4e8dd62c12b40bcee91ce079b021fc293b064d9e93eb87be48f5e8c57,6.0
SETTLED_FUNDING_BASIS_RELATIVE_CARRY,4a340c9ea90dadccf9ee20433e18b7017a5284e8a99c4459853d53165b4d9885,72.0
SETTLED_FUNDING_BASIS_RELATIVE_CARRY,fb362c48815f04ce688ceb6d9a62ca7e8fb271ee2d9bc274e92abfc39f78b3ea,72.0
SETTLED_FUNDING_BASIS_RELATIVE_CARRY,611549416250ed87c3e5786a3518607de51d69ceb9c49dab81482aed4c494bca,16.0
SETTLED_FUNDING_BASIS_RELATIVE_CARRY,6c5cd676ef45b0a1711e5ee050cbf70840c4991f34cf22bc66d0bcffda6c269d,1.0
SETTLED_FUNDING_BASIS_RELATIVE_CARRY,e8a3425254c960db7411ac2df36dc4d084dcc2e02fd5b884b47b7eb5ef8bded9,3.0
SETTLED_FUNDING_BASIS_RELATIVE_CARRY,96b00bf5b96dc440214a0b2b614354c7af8a52e43c095cb997688d13c55df59b,5.0
SETTLED_FUNDING_BASIS_RELATIVE_CARRY,9d8c31723eb86c66ae722916ae509264230e62cabf721024d1db6a1855bfc567,2.0
SETTLED_FUNDING_BASIS_RELATIVE_CARRY,349ec6b11edf6e5a316ed982e6057d6958a3ca6712dafb339bf6797fd079fd0c,12.0
SETTLED_FUNDING_BASIS_RELATIVE_CARRY,e7fb60a3c3cc989ed0799d85cfb0799f1e60b3972cfeb7277e0b80f3f5b0022a,2.0
SETTLED_FUNDING_BASIS_RELATIVE_CARRY,2ce1772149716300b88ceaff1dd842272f6e25e6e5d24a18af7fe6840a5725bc,2.0
SETTLED_FUNDING_BASIS_RELATIVE_CARRY,1e690d2015c7bd47ac7cc1a72015acb692d833b62099d94a0c20720aeb9baeca,17.0
SETTLED_FUNDING_BASIS_RELATIVE_CARRY,1eaa3142affd50ae1c7a9721001cf8e1d8a880e6807459482272368b84750bcc,53.0
SETTLED_FUNDING_BASIS_RELATIVE_CARRY,e06b544019295d4a8d96d52faa301b1cd042dcf45ce20c76d4f6d1a2dd0feec3,4.0
SETTLED_FUNDING_BASIS_RELATIVE_CARRY,88de5d7976ae5de4af20b580e19259e2ab230f830738aaef0bf739be920f9480,72.0
SETTLED_FUNDING_BASIS_RELATIVE_CARRY,dabab2add5e1422a32974d128b04a3bc0332ccc7bd4113a77b3bb28f04b2726f,40.0
SETTLED_FUNDING_BASIS_RELATIVE_CARRY,59678cef4cc3510b85e0f015fc7dc5c6abbfba5e3bbf5471eddac85f861110ec,8.0
SETTLED_FUNDING_BASIS_RELATIVE_CARRY,83212c8718236b0f307304582c5dafac1d7c8b97a48ac648d6216b71ab273da1,4.0
SETTLED_FUNDING_BASIS_RELATIVE_CARRY,3ccef305002c6513501b39d5adf355fad1cf0fda1c6e2d6349a4e583e374608c,2.0
SETTLED_FUNDING_BASIS_RELATIVE_CARRY,c9654eb8a2103cf88d6ec2a93409c98616179d7368c926c356def9db97a8cd6e,1.0
SETTLED_FUNDING_BASIS_RELATIVE_CARRY,1335be9898c8d1b7ad72983fe058d1c65c410fde8ff147b91ab905ac56c2b154,9.0
SETTLED_FUNDING_BASIS_RELATIVE_CARRY,573b4c900915f558c74ab15645a7dc709019fbb03a289f22b1649b6729f7ac93,1.0
SETTLED_FUNDING_BASIS_RELATIVE_CARRY,0440e2eec37180ecc30e0950d40fa52c688d4fa052aa8f21763bb2e31652a62a,1.0
SETTLED_FUNDING_BASIS_RELATIVE_CARRY,cce3b91f5fccb30b3636503f86bdd85192c4fd4cf06bac26b44f1ec144df5e98,29.0
SETTLED_FUNDING_BASIS_RELATIVE_CARRY,761aacd35d01f6dd7768b2f17060b4020a80caf20d1e465256c9c12068036c42,4.0
SETTLED_FUNDING_BASIS_RELATIVE_CARRY,7c6cc7f40909286664409606490ac42da9e27e8d7ef3bc6e8856a442978f181c,7.0
SETTLED_FUNDING_BASIS_RELATIVE_CARRY,8e2f75fea00e25ef7a662a99718f1295efec9de0322157afd9e7404d34cb3919,15.0
SETTLED_FUNDING_BASIS_RELATIVE_CARRY,1fdd6c69e37d1a7fb222cfc129155f5b19c6875a71f7f8a7a18fbbd91abce500,7.0
SETTLED_FUNDING_BASIS_RELATIVE_CARRY,2d3b5b04d471f05bf357e8f4b66d4ace37a656eec67e7a7ced6f2f51dc2c7069,3.0
SETTLED_FUNDING_BASIS_RELATIVE_CARRY,31c2946eab9a3b624f4e631e492f982eee5ce22a546568dd08590f5e45345aad,1.0
SETTLED_FUNDING_BASIS_RELATIVE_CARRY,4909a4b07a05f081e5a98afadc7b741ee3e30a4468f22d7717bf505e751c0fec,2.0
SETTLED_FUNDING_BASIS_RELATIVE_CARRY,fc86b3aaee83f445de3d6ea5b8c2e4e91fcb22f15a3ad4418a14ebf1859c4bcf,2.0
SETTLED_FUNDING_BASIS_RELATIVE_CARRY,da76aaf4ef82ab2445c15f243ade940928113780f1806d7a3920fbf63652b08c,4.0
SETTLED_FUNDING_BASIS_RELATIVE_CARRY,e93c9570ff73331b7993de13dbbac90392c7533cb4df996f4b3b36c9193b333d,3.0
SETTLED_FUNDING_BASIS_RELATIVE_CARRY,60a931f8e5449bc440b43fb368f6e041f962a33cc22bc0d7c3cee173e0f5b9b0,9.0
SETTLED_FUNDING_BASIS_RELATIVE_CARRY,18a8116e9388a72c09aa70446dfbea6b26c3e2a3ccd45b4efe8203fa78a80868,1.0
SETTLED_FUNDING_BASIS_RELATIVE_CARRY,29b6a3709699bc02e9253a167f56f7cc1e77d635feda3c831d7e3e9768262dc7,1.0
SETTLED_FUNDING_BASIS_RELATIVE_CARRY,d5ef521f4dac1ffe531ea5e76524c711c0fbdaa846dadf5c7c4a9697f2d5afaa,1.0
SETTLED_FUNDING_BASIS_RELATIVE_CARRY,1e0a7c1c0eb558bb220f1d7aca6417e0ff85826b4c7ca50f6f95ebaded3671ff,2.0
SETTLED_FUNDING_BASIS_RELATIVE_CARRY,92b3337ab7a5be654cdb7eff786609b2f158ac28681ab14d3d943ea078de458d,8.0
SETTLED_FUNDING_BASIS_RELATIVE_CARRY,62277b9921b4bb767829198d4e6b7e0d6af0fbf86af621925c80a91365f7e225,6.0
SETTLED_FUNDING_BASIS_RELATIVE_CARRY,33ac15678e263254d023ca60de78d10aee5298b28761745db0a76a4e8f43a4d1,6.0
SETTLED_FUNDING_BASIS_RELATIVE_CARRY,68d3ab7a74da7aa91071c656d1a29a7cb6e2beef928fa55e279d55d25679720c,4.0
SETTLED_FUNDING_BASIS_RELATIVE_CARRY,947cf414d230d470ace7dd1e0f5c9779b67c59a3083cd28232573b84c6dfef26,1.0
SETTLED_FUNDING_BASIS_RELATIVE_CARRY,ffd681048fff888d313e4fecde2eb3e38785924001051124d59c42b3fc5b127a,1.0
SETTLED_FUNDING_BASIS_RELATIVE_CARRY,26ba78739c7d104c25933397ff41ac7c286cd7d3dce6dc4c917c9afea3460432,1.0
SETTLED_FUNDING_BASIS_RELATIVE_CARRY,9a47e51f36d024e947c375e07f470ae6e8ec89594824b5a42e15dd6a3a9d9f31,1.0
SETTLED_FUNDING_BASIS_RELATIVE_CARRY,9f82799742f875c718be488887220ba5d5c7b89862d226d216196b0c095c2a2f,5.0
SETTLED_FUNDING_BASIS_RELATIVE_CARRY,698648fe409dd6f86f1b1c5f7399419a07f5ae780ee3d3a763c7ae6c7e235766,1.0
SETTLED_FUNDING_BASIS_RELATIVE_CARRY,74c85fc75049b75fe77631ea097a6bc7189b23fe111862004c7857123ab37fad,1.0
SETTLED_FUNDING_BASIS_RELATIVE_CARRY,10f514f17eb1a3334f7289141344c0def05cef2746bbec999489f377a9cd542e,2.0
SETTLED_FUNDING_BASIS_RELATIVE_CARRY,0a08734c529bf9432c695d1b08babec36c28fa3a13f81ebbbc7db2ee6d8acd6f,1.0
SETTLED_FUNDING_BASIS_RELATIVE_CARRY,d533823afcbc1348af8a55109f425e33f5997f8d0aebc5a7966a6101551bbf28,4.0
SETTLED_FUNDING_BASIS_RELATIVE_CARRY,9dc64a6e49662d05474c965c37d3d79e4afbb9d79513f8af95c7d343ad544795,1.0
SETTLED_FUNDING_BASIS_RELATIVE_CARRY,64e76cb5c0411647981c870f17104c74eb80d68d108a81f53dd3165fc67d7663,1.0
SETTLED_FUNDING_BASIS_RELATIVE_CARRY,6daf2db378994af2f67d34ca43ae5df9e5320f328257ce694f74c38598c53206,1.0
SETTLED_FUNDING_BASIS_RELATIVE_CARRY,4e3034ca7ebd122c4606638b9416109061ff454700f4759bbb34b2df09bf7761,3.0
SETTLED_FUNDING_BASIS_RELATIVE_CARRY,dd3b17916629ab313559448e84072e4b62bc39e99daea75d6fc09e9d3dde673f,1.0
SETTLED_FUNDING_BASIS_RELATIVE_CARRY,dbff5d471f649b6a3b4a02c94eb4ccfa10a49e0b537862d6e396bc6f51422b6c,11.0
SETTLED_FUNDING_BASIS_RELATIVE_CARRY,5d9936a052fd7eb0bf72fde860db25c6e44f283bfcd6879dff55334172521454,2.0
SETTLED_FUNDING_BASIS_RELATIVE_CARRY,6bfdc551c729395b5034b5ca1fa3394c6166c546d56e1ccbf07ac1850023626d,1.0
SETTLED_FUNDING_BASIS_RELATIVE_CARRY,e3a3275e4044c12f9bb16fd16597c5779e2b85ce4d98c284ddda4791ed73a01f,1.0
SETTLED_FUNDING_BASIS_RELATIVE_CARRY,d8c5733fe780ddefe46fbb2e87592d2a5f2b22d81968f428d9c38ebcc0e2ebeb,1.0
SETTLED_FUNDING_BASIS_RELATIVE_CARRY,765ec1d10e399269394bbcdca75315a5c9b03bbced5b4cc1ff50efc1eeab80bf,1.0
SETTLED_FUNDING_BASIS_RELATIVE_CARRY,44937ea757d54ff38f3fe771933e369c67d8b247ad28e0950ae44cdf397ea826,4.0
SETTLED_FUNDING_BASIS_RELATIVE_CARRY,20dfc83f7f3354c8d8d940afda7e9bc1ae8616b2bdb93622e157d23a9e0742c1,1.0
SETTLED_FUNDING_BASIS_RELATIVE_CARRY,759fc043c32dc3dbd6c54ff3d532b285b53ba4d8811867ea5ef444fcd903ec64,1.0
SETTLED_FUNDING_BASIS_RELATIVE_CARRY,a43d0c65af3df765a928c1a7f5242c34da9189015760b8c85cda24b8a51a63ff,2.0
SETTLED_FUNDING_BASIS_RELATIVE_CARRY,cb0c4f325ae3e2229d9d6b43182f652c355b53816018486ba35586bc143251a3,1.0
SETTLED_FUNDING_BASIS_RELATIVE_CARRY,101c96bed31c60488fc86fd67b532f32a631bd05e680f57ed8e9c18b721a8fd0,3.0
SETTLED_FUNDING_BASIS_RELATIVE_CARRY,8039df59b35dd390c8d2f33256a3fbdef9bb0592173cf7bf971beaa3c69f24c2,2.0
SETTLED_FUNDING_BASIS_RELATIVE_CARRY,9102876ad2afa0817e07b3f7a36015820cf64cac812ee16716da44c2b4992fc4,3.0
SETTLED_FUNDING_BASIS_RELATIVE_CARRY,5b292ab02c081113d9f0db0225c3e57cc7a322f930dafaedf4465516c33a37c5,3.0
SETTLED_FUNDING_BASIS_RELATIVE_CARRY,0f2fcc889e0250884783b7dd2f9a3925dfb3760249d2f36aaa616de1559fa320,1.0
SETTLED_FUNDING_BASIS_RELATIVE_CARRY,4be2a244349c54c8771601409ccf3b65ce0bcf48328b5e0554bd8cb731058923,5.0
SETTLED_FUNDING_BASIS_RELATIVE_CARRY,921d0fac832c2bdc7a5711085ccd0ea84c27bb3c091662ea94acd2d336e3200a,8.0
SETTLED_FUNDING_BASIS_RELATIVE_CARRY,81bf9ddb2f2e485f9f1c6cee6baa64e80bc7b23abd450fbfd156953c7211a725,3.0
SETTLED_FUNDING_BASIS_RELATIVE_CARRY,93e18996d56ec5642a2d7bb40dfcb7b9a446045c79c242393afcd46701ef2921,1.0
SETTLED_FUNDING_BASIS_RELATIVE_CARRY,14923b6a0022075d69e82a88d429da86e614f1cd85cb3795607d23a7cc994abf,2.0
SETTLED_FUNDING_BASIS_RELATIVE_CARRY,02a8e0ba62ab51bd0e96ea343e152b4c5d01dafa04d89fc7c1dab29ee61fbbac,5.0
SETTLED_FUNDING_BASIS_RELATIVE_CARRY,559266603d911693b42ea30d3dffd9bc1e7d0e8cef7cd3de4f67d474056cabd8,1.0
SETTLED_FUNDING_BASIS_RELATIVE_CARRY,02844435c6de8ff76f39ad9e0ab654656a4dfb6b382f7813c77ab3823e84fabc,4.0
SETTLED_FUNDING_BASIS_RELATIVE_CARRY,24481b7a1533f37a1b339f02391c659b75629e2792f4ca0e16989fcc07c9016e,8.0
SETTLED_FUNDING_BASIS_RELATIVE_CARRY,c9bf1e2ec621e4557ab31b2f213d0344df50e8f24673cc2081e4e45ba9188e7a,1.0
SETTLED_FUNDING_BASIS_RELATIVE_CARRY,3a07cb5d673751a49ddd5a8e889f4f82e635c334e13d32c47d8e4013c1508b20,1.0
SETTLED_FUNDING_BASIS_RELATIVE_CARRY,cb6acf1b7025006df0a422024de4c126c85412cfd71d79f41ecea59e6c711556,1.0
SETTLED_FUNDING_BASIS_RELATIVE_CARRY,8ccff3d86393005a1bf9ae01ee6631efb52fd775e715835c9adf892bed0f0388,3.0
SETTLED_FUNDING_BASIS_RELATIVE_CARRY,33dea7c61445d36c619564946cc0073c15c633dee0b329d1279327b46a1b01fe,5.0
SETTLED_FUNDING_BASIS_RELATIVE_CARRY,38d59d85e43666f93fb63bd2fe8d8faee37d1a05e635a74ed64fefa5f18dfa05,3.0
SETTLED_FUNDING_BASIS_RELATIVE_CARRY,50eda3bb5a490cdc007452cc590ac6676b9668219ecc8086ea6bdbbb82f6ed01,3.0
SETTLED_FUNDING_BASIS_RELATIVE_CARRY,ec5e0556890c72a5209f14135809862324ff9c5a2e2b9f4156f3e0474839e779,2.0
SETTLED_FUNDING_BASIS_RELATIVE_CARRY,9a941732a6f374ef3424e0208a5dd065222c40cb2155da80d8192d90f94ecc57,3.0
SETTLED_FUNDING_BASIS_RELATIVE_CARRY,361f78d1deed7397ddce009ab9384aff855c3cd1a45ba453cc84334bfb257347,1.0
SETTLED_FUNDING_BASIS_RELATIVE_CARRY,816e417f3c3ec831c333d9f4bf1826a2719cc014ee028ac8511e8309a34e5567,2.0
SETTLED_FUNDING_BASIS_RELATIVE_CARRY,6f1bace5f2794ebac58c5a3bf561b1532866e47458748b69972467de2aecb972,3.0
SETTLED_FUNDING_BASIS_RELATIVE_CARRY,f33f203029cd15fa5dbbaf5e305d120c89ca0c4a35e65e54e6230fed76dc29e6,2.0
SETTLED_FUNDING_BASIS_RELATIVE_CARRY,2710b4adb3d5b5e4b97315183002109bd41d48993a631103f80feef4e875218f,3.0
SETTLED_FUNDING_BASIS_RELATIVE_CARRY,1f002232a85bd8e9951df89dd4be5b81c851cce79834981a493b774eeb2668b4,2.0
SETTLED_FUNDING_BASIS_RELATIVE_CARRY,787e60b9e91d0626178ffec0ba06c8fe6b0042fac9d9840a98c1c2fd39fdfe5c,2.0
SETTLED_FUNDING_BASIS_RELATIVE_CARRY,264da6c993258f2a1389b8742ee4016059e5a4f9987778c9cdc9a04e7257fb26,1.0
SETTLED_FUNDING_BASIS_RELATIVE_CARRY,b55af38116c94a11ff6bd76e7e6ef4e50ba81acfb194cf6da41e971919195ffd,1.0
SETTLED_FUNDING_BASIS_RELATIVE_CARRY,d3d9397c747b399dc98b90fa9d42dc8676252f957303db620539b84bd997428a,1.0
SETTLED_FUNDING_BASIS_RELATIVE_CARRY,86a64555cff5e2a7c322e495173414f95e76b866dc3b85c0a6f1dd5fdabd7be3,3.0
SETTLED_FUNDING_BASIS_RELATIVE_CARRY,af036986d0838e39eb58d50503c083e38a98460de2260f0fd20705d1cbf69a83,3.0
SETTLED_FUNDING_BASIS_RELATIVE_CARRY,23f0d2ac48bad70b77a5ed4bcb9ab6986c0b965d9282b66e15d620b18688361d,2.0
SETTLED_FUNDING_BASIS_RELATIVE_CARRY,a85f1ff731c7d98a9338657ef079c6865fbb6e3ae4e50627ea1c513eabca4ff2,2.0
SETTLED_FUNDING_BASIS_RELATIVE_CARRY,f2d2a33ba72afddf0d7dcb6b32af569335874a1dd06889acc909da8dfaa28451,2.0
SETTLED_FUNDING_BASIS_RELATIVE_CARRY,4abad6d6356e08c621d9d51edb4b512bff3fdc3b6219ac3559fb8c74e9e3d73d,6.0
SETTLED_FUNDING_BASIS_RELATIVE_CARRY,8b8d461aae4f0b71d65f4513450ab5e7126b70a3a19d464ccd48241edcde2d42,6.0
SETTLED_FUNDING_BASIS_RELATIVE_CARRY,d27000f555cdf7389f8b22ee42c9f5c89f2d9d074cc8856fa372ba1e93d8a336,7.0
SETTLED_FUNDING_BASIS_RELATIVE_CARRY,e69473c4968707a8aaa89da01097cddd4b712026e6931d065bebcdf0b2df8a7d,4.0
SETTLED_FUNDING_BASIS_RELATIVE_CARRY,940f17dfc39bf6d0410fe8425a6160ff80693eb8d13d05535b308f25fb5998cc,1.0
SETTLED_FUNDING_BASIS_RELATIVE_CARRY,d1e31f041a08f84ee9aae15019462ba47860bea2856fae45b601d3406ba80b1a,1.0
SETTLED_FUNDING_BASIS_RELATIVE_CARRY,b1c748151ba35481d2ea80320b356bc880a317444a489449a66b4011dfe6bca8,1.0
SETTLED_FUNDING_BASIS_RELATIVE_CARRY,7848c2d4a6c88527b47a5ff2962357156cba205c6647684a793c3031376a77d4,1.0
SETTLED_FUNDING_BASIS_RELATIVE_CARRY,2bacb616413b217ad77d9d4f7dccdc6860c706c18f3cf1274fac03ae650dab51,5.0
SETTLED_FUNDING_BASIS_RELATIVE_CARRY,8b682bb077d00a796f700f858a87b365b13e9b9b2a95d360996ed444e083c638,2.0
SETTLED_FUNDING_BASIS_RELATIVE_CARRY,4cc0169aa22e59d227acd32e1d5550edd9b145de5cf05665b41ddf5e113d9674,3.0
SETTLED_FUNDING_BASIS_RELATIVE_CARRY,9b34e0287f328f01a472bea29f896fb03256379c98008b6be0ad36e7d1ed56d2,5.0
SETTLED_FUNDING_BASIS_RELATIVE_CARRY,58ee8ac2560737f3b611504edfd157da4c3f331cfed9a7c33ffc249758e613a2,7.0
SETTLED_FUNDING_BASIS_RELATIVE_CARRY,7b8a0248d7933137cd4879165bc71d1501afc80bd3fc94a42104b9aa802996f8,1.0
SETTLED_FUNDING_BASIS_RELATIVE_CARRY,7e869a5244dda13b1e960779bb3b8e82b98c0bbeae962d627cefc70bd8b67b78,6.0
SETTLED_FUNDING_BASIS_RELATIVE_CARRY,691e24fad2a25af86ba56ef34125007254cd4410a5725d1eaf47c53274045989,3.0
SETTLED_FUNDING_BASIS_RELATIVE_CARRY,cae2a39bf0e9c6274e6c274897763fffaa232099cf9c3bd5f90548dfbe72f125,3.0
SETTLED_FUNDING_BASIS_RELATIVE_CARRY,bdfeb30a256513ab73424253c6df9a53cd488f63487ee41a5f663693989d4a25,1.0
SETTLED_FUNDING_BASIS_RELATIVE_CARRY,49d68ad129ef94c45e11c515a05fe34767f18b5aeba76c492f25bf71c691640e,1.0
SETTLED_FUNDING_BASIS_RELATIVE_CARRY,939b4bfa174b9b83374f2a1742b4994ddd611a9d667c59838e7756daceb593ac,2.0
SETTLED_FUNDING_BASIS_RELATIVE_CARRY,4423514ea369e3f93378fee589e1f466325c84528198a831e67763fa35b3f267,4.0
SETTLED_FUNDING_BASIS_RELATIVE_CARRY,8fc6f932c543fca7517ec96b4168a4baa71b4dedb42a049cf9f286e4f7a595fa,9.0
SETTLED_FUNDING_BASIS_RELATIVE_CARRY,09c1a54f61cf7820d0e4630336ff2cec4513a45863caf7917d73ca7cf959f606,1.0
SETTLED_FUNDING_BASIS_RELATIVE_CARRY,82d944d50637dfc21befe41faa0ff4bd7b13d9caed4f579cef79a88b87f19a1a,4.0
SETTLED_FUNDING_BASIS_RELATIVE_CARRY,1b4bdaf37dff7706daddb37718f5dff0cf6089649cf6958cfb1e915a21761ac2,4.0
SETTLED_FUNDING_BASIS_RELATIVE_CARRY,c5f56975faa9b4601ca22b4ffa23a5d080f77d1ffca4b7399a925eb23762ab48,1.0
SETTLED_FUNDING_BASIS_RELATIVE_CARRY,65411a0ab2c397b904747ba1a871a11cb3f0ba2f8a739220ce7201c7d86590b0,1.0
SETTLED_FUNDING_BASIS_RELATIVE_CARRY,64a8f68c61d5164170d23ee7127fd4038e61e2c1831b42254490f64d302c7904,8.0
SETTLED_FUNDING_BASIS_RELATIVE_CARRY,b3acf07480255482db33b06b9b7635be7800c782bc5278719d53a4e063c447cf,2.0
SETTLED_FUNDING_BASIS_RELATIVE_CARRY,344d91623cfdc16f2f37e25c94096c8a08fc1b6fb9c963f1d4d4e1929063d286,2.0
SETTLED_FUNDING_BASIS_RELATIVE_CARRY,04bdc392220d89ab9c4f6b300663adc961a9ec044a4b051459126047441754ff,4.0
SETTLED_FUNDING_BASIS_RELATIVE_CARRY,6390b68747501432fa7f0e33ff1fcdf1cbd1abf273172fd761acb1254eb06087,2.0
SETTLED_FUNDING_BASIS_RELATIVE_CARRY,f7182fad2905528639b474e9fb8d9a3f5132564258f2918d3fb7d18cd2e62c2e,1.0
SETTLED_FUNDING_BASIS_RELATIVE_CARRY,d5f88678a30f8e793a8b62fad9ea3ec878487b709960ed39fd2545a243dda3dd,5.0
SETTLED_FUNDING_BASIS_RELATIVE_CARRY,455b3c497bba4e7752c67b299befbe50ca0e108244f7139c374d681fa4755052,3.0
SETTLED_FUNDING_BASIS_RELATIVE_CARRY,2d70fa0775e2067af09c4c48190d45fd632638a458679d2c406519797bc237b1,6.0
SETTLED_FUNDING_BASIS_RELATIVE_CARRY,7ce4abcf626c38b861f09144620c92a33b6772b5cfdc841ea10fe0b2f0f4f4ab,3.0
SETTLED_FUNDING_BASIS_RELATIVE_CARRY,c3292a9018af6b744ad224cb66ad318e540f03680e229002f2a65471d02fbee7,12.0
SETTLED_FUNDING_BASIS_RELATIVE_CARRY,43cab31780715798cad54294fc956993f1b8f5b30509197ebd2ac4119bf956ff,1.0
SETTLED_FUNDING_BASIS_RELATIVE_CARRY,73031e0ee0221cde30b841334aa81a2c0d95a0669b39be68c213b9db866e2079,1.0
SETTLED_FUNDING_BASIS_RELATIVE_CARRY,112b8483abe08bbf87a0d0f102ce863e2282e0913022609c957a6a2c85af8ee0,1.0
SETTLED_FUNDING_BASIS_RELATIVE_CARRY,3646cfe809f4755750d6a99e23724bb1d7444d1b0aa46065bafb6a01cc2efe7a,1.0
SETTLED_FUNDING_BASIS_RELATIVE_CARRY,49c193f102e96139f3d1b459a06b2e0391be3baa650cbe8c94389fc794262bac,2.0
SETTLED_FUNDING_BASIS_RELATIVE_CARRY,6d380517548a5a2972124f6e03a9a6db8752d1218af18617c3631f8957e85df0,1.0
SETTLED_FUNDING_BASIS_RELATIVE_CARRY,0ed7054f307353c0393e8daca65ed5b309e37f4190a4b5f13e3944d7e0a62fd2,2.0
SETTLED_FUNDING_BASIS_RELATIVE_CARRY,f8d20a9a9d258f8dec63337baa63e968ce94e165be743129cc2ccd860333bc31,1.0
SETTLED_FUNDING_BASIS_RELATIVE_CARRY,e097100ee14cefeb709e83aecde133e130eac2d582d239d15a9c3c17663c2dbf,2.0
SETTLED_FUNDING_BASIS_RELATIVE_CARRY,59c33f00a06007ea2466f3d966ab3f0763c53c9da4b5bef8699a1488ecde82f4,1.0
SETTLED_FUNDING_BASIS_RELATIVE_CARRY,9ac0e22b26483d193b47144d84be2df3c82758bfbb4c7e7a7a413366a706d97d,2.0
SETTLED_FUNDING_BASIS_RELATIVE_CARRY,3fbece325b9329d102c346439e91094bc52ee1b568f0dde89744908b94974764,6.0
SETTLED_FUNDING_BASIS_RELATIVE_CARRY,9f20680645340455e4a5aaefedff6fee07eee74e58c6c0c9a94cf26b9269ee26,2.0
SETTLED_FUNDING_BASIS_RELATIVE_CARRY,6e520837e2cfd55d640d58aa82e3e4e9cb47d7cc2e15566f7e0e8600a6106453,3.0
SETTLED_FUNDING_BASIS_RELATIVE_CARRY,f2ca1ae0a07376ae62843b82093e9e75aa2c204cda11eff922ee98725d88a801,1.0
SETTLED_FUNDING_BASIS_RELATIVE_CARRY,35f17da13f5c19613eeb364852ed6a2ad572e59a7d8bbf9b05aae104e206b3e5,6.0
SETTLED_FUNDING_BASIS_RELATIVE_CARRY,43fd4bf6cd53b4072476c960b4f5e1f5aad12073b78fc1a0c344472eb76be97b,3.0
SETTLED_FUNDING_BASIS_RELATIVE_CARRY,f5da16d22d54b6c282f3e71e1c20b02e6c10435391ca77a0a7913aac99e9c77d,17.0
SETTLED_FUNDING_BASIS_RELATIVE_CARRY,734920f6fd235bed2bf895abb8943817419ef8455ed77b997a43d8f0da377c82,1.0
SETTLED_FUNDING_BASIS_RELATIVE_CARRY,915aea6ce6df8cbd045398b825e54e3d89f5b1bbde20e992565848214d9649a4,5.0
SETTLED_FUNDING_BASIS_RELATIVE_CARRY,a515743d291e439792e545009f27a370dac199b4942d5e967622edfba5777438,1.0
SETTLED_FUNDING_BASIS_RELATIVE_CARRY,59e654046d8a5e405b14149d92e382819f1e838a9caef05471e59cc9e2f81a98,2.0
SETTLED_FUNDING_BASIS_RELATIVE_CARRY,6999e304b21a2a0bcf861b67b5ef148250e5fd7608fed4e5f1e7d2443687faee,9.0
SETTLED_FUNDING_BASIS_RELATIVE_CARRY,5661172234a57d56275b57db1adc68bb348d1350d98661ddbfaca13b1b78a9c9,9.0
SETTLED_FUNDING_BASIS_RELATIVE_CARRY,f0f40ff800dca156328f949e94b674ccc72a05db097b014bc103f3fc9ecbb65f,9.0
SETTLED_FUNDING_BASIS_RELATIVE_CARRY,8155c8c45173fd734af54e7775e6d1544cee7819197faa64eb2adff9f3d90d48,7.0
SETTLED_FUNDING_BASIS_RELATIVE_CARRY,77633f6159fc0dd0ec841a9226daccffb664da3c734573255d2e9f2a23511861,1.0
SETTLED_FUNDING_BASIS_RELATIVE_CARRY,9a2a34cdaf11b9cb9662ead701f9552d16df69d6066ae1c0cf618badfe0ac0a4,6.0
SETTLED_FUNDING_BASIS_RELATIVE_CARRY,54e7ccd33bd8b82de86547c598d779b8768778aa905f27a38edf58df01693801,3.0
SETTLED_FUNDING_BASIS_RELATIVE_CARRY,aad256bb7f01e49199ce4b84269852734b785a7ff2d7c41f1837ed3f7d0c6311,1.0
SETTLED_FUNDING_BASIS_RELATIVE_CARRY,0a0d48dd3532c049a6ccf0e13a9f9fac6b1e3b2b27d0d58613253dae839f6931,2.0
SETTLED_FUNDING_BASIS_RELATIVE_CARRY,29ffe6b6fb701d8e9b090a089206881a1cd207aee9665b386ca04b6db0f89eac,1.0
SETTLED_FUNDING_BASIS_RELATIVE_CARRY,19bb43904e64f257a6cb467a096c3775ad533ef4e40b81240c04167ce2676f4b,5.0
SETTLED_FUNDING_BASIS_RELATIVE_CARRY,598509438d287d5ef461938276253b84841cb85f01b0c74d31d11fff85f343c2,2.0
SETTLED_FUNDING_BASIS_RELATIVE_CARRY,6b4733806b1ca7a3a55aefda207473fde746ffd319f43fe583b7db3e7181f261,4.0
SETTLED_FUNDING_BASIS_RELATIVE_CARRY,e5f62309a9347be37f8341bca0ae304930aeecaf3305f8648eabaceae853e3e2,13.0
SETTLED_FUNDING_BASIS_RELATIVE_CARRY,74f01b5dfd6502a9a76074c58fd9c292788f9735523f97655bacfdfe95d464ee,1.0
SETTLED_FUNDING_BASIS_RELATIVE_CARRY,18231829a6dac9249e575764845a21c313f153b6428bcd3a57e14b782ca0576d,1.0
SETTLED_FUNDING_BASIS_RELATIVE_CARRY,903893d27e59d7544126c9d86b75cf40f5e1f663bc8b6e128e041b68b3e61dba,1.0
SETTLED_FUNDING_BASIS_RELATIVE_CARRY,dd90d130764fe1ebbc626ef86c9805aa3aed061327d7ce62fc6a878600636b89,4.0
SETTLED_FUNDING_BASIS_RELATIVE_CARRY,ab6651db68166026498edb562bc5cd196f5a1fdaff39ebbcdc142a8fdbab9eff,18.0
SETTLED_FUNDING_BASIS_RELATIVE_CARRY,bb53733099510486aeb6278a5cefac9a92ef5b58a7463485b417a5fce49ec49e,5.0
SETTLED_FUNDING_BASIS_RELATIVE_CARRY,4c2615db56fc557372f98d6747365d9c30051bc5e5f0e2c485a7549d6ad66493,2.0
SETTLED_FUNDING_BASIS_RELATIVE_CARRY,29aa327cdf98b242250b64ebb4240f6096cecd99e7efa4d92cfdf11556a0366e,72.0
SETTLED_FUNDING_BASIS_RELATIVE_CARRY,aabdaf60e015c1e36574f143ae69ba0e30a64e5e6b0560c5a22ce443e4ae388c,72.0
SETTLED_FUNDING_BASIS_RELATIVE_CARRY,3ddb5d0d6f51807c11bef7e78724e8433c3ed05c1a76ecc57809797e95330cfa,8.0
SETTLED_FUNDING_BASIS_RELATIVE_CARRY,9543829e8419cebe8f6228c00145bc25e002f4e593e8596c0b2941fca96b0566,1.0
SETTLED_FUNDING_BASIS_RELATIVE_CARRY,4d2a62ea9ef5037386d2c14e550d77012694c6fe38544f4bd1a0f2adcb859251,40.0
SETTLED_FUNDING_BASIS_RELATIVE_CARRY,3b4653240ffd65e2aad38dfa65d39d00dd3a01afe9bf6c7f602798f1f83b750a,49.0
SETTLED_FUNDING_BASIS_RELATIVE_CARRY,8b24135a6cf0a70e33f4a0dd2bc95111fd1d87e4982a3ad749534b703f401a63,1.0
SETTLED_FUNDING_BASIS_RELATIVE_CARRY,c294c12f47741e31e4e3e363bc537cd02e82b74ea9fb9e5bed0fbeed72a989a5,2.0
SETTLED_FUNDING_BASIS_RELATIVE_CARRY,3d2515efca0e9c44669bd18b03ec3030a1f0849960a68c7ed2d3cfa2ae12682e,1.0
SETTLED_FUNDING_BASIS_RELATIVE_CARRY,c1402d6733ac1525b51cbfefcefa47acd4dc68b69703673eeee3ebb868528703,3.0
SETTLED_FUNDING_BASIS_RELATIVE_CARRY,3f1d0e23405b24d12940cedc8791045147e0a45b4b5d978913850568f617f1f3,6.0
SETTLED_FUNDING_BASIS_RELATIVE_CARRY,04440b93cc8c9df519cfbc763e2e30627c5ab993cc54af7231832b5af9b24854,2.0
SETTLED_FUNDING_BASIS_RELATIVE_CARRY,3b2593866b80751cffe64aaa83e11cbbe852ed1a7a432bc1320b16c26198d1da,3.0
SETTLED_FUNDING_BASIS_RELATIVE_CARRY,6bfc5e11e374f5f3dc126b9c0e6cefc4b037b661dc329340af325ee5d754d67c,29.0
SETTLED_FUNDING_BASIS_RELATIVE_CARRY,86001fbe1dac06c039b22fe2aaf069c03610b049e46dbc42aa998471df211e63,72.0
SETTLED_FUNDING_BASIS_RELATIVE_CARRY,e36de0416eef4b81d431f8ce19d822a57272617d43de1d3e569d5409bc71e361,72.0
SETTLED_FUNDING_BASIS_RELATIVE_CARRY,c207556a6f8fdcbb5f9f26a1a0fb6b0407df85bd3fdc3de2c73cc84590b36d8e,72.0
SETTLED_FUNDING_BASIS_RELATIVE_CARRY,1adb22eeaba3325711c7766f7cc614538298ab198b19963f3d9754c97a8de08f,53.0
SETTLED_FUNDING_BASIS_RELATIVE_CARRY,167077442dd1705565dda13ffac8b0bdd7cf1870f2e51126c95d6e2bc8599ea9,4.0
SETTLED_FUNDING_BASIS_RELATIVE_CARRY,ba1c829999efd0b7c813f5e4d14a733d6fe503e37bf99f0da5eafb963a370bb5,1.0
SETTLED_FUNDING_BASIS_RELATIVE_CARRY,2c1fcb4aba641a0525ae64efbfab47dea3b45dffa31dd92534b8daf23b4963d1,72.0
SETTLED_FUNDING_BASIS_RELATIVE_CARRY,106b7d2ad212ab15d7b868b711243f1d3273809dc077cfa2bb907b43de045a1a,26.0
SETTLED_FUNDING_BASIS_RELATIVE_CARRY,3910203a50876343382b448d6e6bfb2715dfdfc4d8941b779ae16f5221a8992f,1.0
SETTLED_FUNDING_BASIS_RELATIVE_CARRY,34c4db2033c8be3a1b3aeb1fa8acd74a8ccc20840e2d77fdf55bed1d3f75a3be,35.0
SETTLED_FUNDING_BASIS_RELATIVE_CARRY,93ff56ea002c5f911c70a4ad1a6aeee6711755146b72bf19e094237457ce0000,36.0
SETTLED_FUNDING_BASIS_RELATIVE_CARRY,343965cb7096ca84940d0b8a1bd79eace3bd8b3786c91a589ea4e3072fbce475,12.0
SETTLED_FUNDING_BASIS_RELATIVE_CARRY,5e34e4017bb8823362aad4f5c74887ea4955cd172287a2698d9a2eb3c661df99,11.0
SETTLED_FUNDING_BASIS_RELATIVE_CARRY,50afd430b67edb14db11033e6d59405d888f0ea236157b67ad42d4f675020dbd,72.0
SETTLED_FUNDING_BASIS_RELATIVE_CARRY,a0cad0d5bfd81c498c5525e86450be6711f7b0dbdfcb13d1e8b2ea9bdcb5cf0e,70.0
SETTLED_FUNDING_BASIS_RELATIVE_CARRY,9a4eb1a167b89869922552cb17e15e05559eabb2bcf2f947c53ec662114183b6,53.0
SETTLED_FUNDING_BASIS_RELATIVE_CARRY,56b0b58f045b259e37886a7bb61ce9d781ae0ef1b0f4628f8ad9f7eaf75b2877,72.0
SETTLED_FUNDING_BASIS_RELATIVE_CARRY,0998d1d1b026067e9d382866e07d714e6c9d6b42beaacacc803ae49ff2f98b42,15.0
SETTLED_FUNDING_BASIS_RELATIVE_CARRY,68fde326a83fa8af83f6b80816893697eb002c495fa818bf791e4e61e485286e,35.0
SETTLED_FUNDING_BASIS_RELATIVE_CARRY,10de0f32d918fe365b6a4510c0875fba0d2ae709ca314304b6eaa29188de0b95,1.0
SETTLED_FUNDING_BASIS_RELATIVE_CARRY,d773450573f9dd47b81e858eff6b92fe0b351a0997f693225e275d8f0cdf1cd9,12.0
SETTLED_FUNDING_BASIS_RELATIVE_CARRY,59a106f7de6a1eb65656856ecc71cf3bad4ab3cb037e832c1e2ce38d11f713f0,72.0
SETTLED_FUNDING_BASIS_RELATIVE_CARRY,fa3ed7f9e36858fb4fde51c2cb87bea0b0bfa12e18d86646bd798f66cb6c1a14,72.0
SETTLED_FUNDING_BASIS_RELATIVE_CARRY,6b067ad3bd12bc7468e8cc3b2a4a28cd420d2173435dcad3f74bc19547d8c973,72.0
SETTLED_FUNDING_BASIS_RELATIVE_CARRY,40ceb2948ceaf3693b7957fa930fc30fe47d879aecc67dc6aa1f392df9cd2f1f,3.0
SETTLED_FUNDING_BASIS_RELATIVE_CARRY,9b83e4ece955c03f7755813720e65b63b5ce6b5449cd17f385eccda4f8f3362a,72.0
SETTLED_FUNDING_BASIS_RELATIVE_CARRY,1fe8a811203ad0ef88563bea4969a06e232dc5ebc308b4432b31448783b4f281,72.0
SETTLED_FUNDING_BASIS_RELATIVE_CARRY,4a86d9a776aad9683c0432cdd4c0c6cdec395d642d2c7c5637e41d8fb6b7199e,17.0
SETTLED_FUNDING_BASIS_RELATIVE_CARRY,0fe4b66e1463ca4a58d650a0e88e55e3fcd961cf7be5f9b6ef3e2b1104c480c7,72.0
SETTLED_FUNDING_BASIS_RELATIVE_CARRY,3367c2308819b1029743886e6b96de24202fd2182c2090f719602231a38fbb4c,72.0
SETTLED_FUNDING_BASIS_RELATIVE_CARRY,6c088026a51d95698c44ed363dd9ba6f0a331a7fee0f41dc7c38a3b649c7e5a4,4.0
SETTLED_FUNDING_BASIS_RELATIVE_CARRY,137456c6cf1202e08624112f443c8634fa8541c9c3e6347357ac60b4da7dbe52,1.0
SETTLED_FUNDING_BASIS_RELATIVE_CARRY,ad3403dfbc6b12f860190130c82a412cd0d042719ea688a1d61c27af8955743e,18.0
SETTLED_FUNDING_BASIS_RELATIVE_CARRY,e78a5aa15e6e0137d2903e3b3441687dbf2cc0f535ddbcfa0e1c3553363d9f9b,12.0
SETTLED_FUNDING_BASIS_RELATIVE_CARRY,46772b69bf49e8be68af4905bea0d2e111f747ea971f5187759bb242153423e1,72.0
SETTLED_FUNDING_BASIS_RELATIVE_CARRY,eb43956737a8f3b2e800d5edf013975b3a997df5f0020ccc090e3a8decb51403,1.0
SETTLED_FUNDING_BASIS_RELATIVE_CARRY,e1cf1c60b8d400d20fb6b44185f8d8230593cf81c9190e2fb0ba6d4f21b6a620,72.0
SETTLED_FUNDING_BASIS_RELATIVE_CARRY,520712a41557620c98239311b099d8b7346a5bb31e291fbeefd25419b30bbb91,3.0
SETTLED_FUNDING_BASIS_RELATIVE_CARRY,0fb34a9b232f7d72f5058a84b14c617caa7b6840774428e05ae56a9d4d5e106f,3.0
SETTLED_FUNDING_BASIS_RELATIVE_CARRY,8f6d610c7c4420ccbf2b4cc9f45d00be20dd213856ea8fd52f1abfe1a731ab39,19.0
SETTLED_FUNDING_BASIS_RELATIVE_CARRY,66e765d78e145b44e61f7be8858ada3ac4b5d2c8a89ad920b4f9f4812f68ffb1,72.0
