dimension,group,population,evidence_sufficient,samples,mean_gross_R,mean_cost_R,mean_net_R,profitable_rate,predicted_mean_R,mean_probability,TARGET_frequency,STOP_frequency,TIMEOUT_frequency,median_gross_R,median_net_R,std_net_R,p05,p25,p50,p75,p95,TARGET_mean_net_R,STOP_mean_net_R,TIMEOUT_mean_net_R
family,BREAKOUT_VOL_EXPANSION_V2,POOLED,True,27428,0.0012778630450507801,0.08706427353416107,-0.0857864104891103,0.38460697097856206,-0.08326909267173518,0.38293380507349795,0.14233629867288902,0.46478051626075545,0.39288318506635556,-0.5034992414231876,-0.5634466226708061,1.26604162112905,-1.173166792929295,-1.0818381578947371,-0.5634466226708061,0.6627107487922665,2.319973697048706,2.0998854618991385,-1.1033954772202967,0.3262048100830352
family,BREAKOUT_VOL_EXPANSION_V2,FOLD_1,True,5569,0.04019140779377249,0.07183878215632179,-0.03164737436254931,0.406895313341713,-0.12159080636884868,0.36722434718130326,0.14778236667265218,0.44532231998563476,0.406895313341713,-0.39142091152815167,-0.4391436781609195,1.2613207139754448,-1.139427489481067,-1.0672705882352946,-0.4391436781609195,0.7737664473684237,2.3075810714285776,2.0948645328689106,-1.0858979289225006,0.3498275045682485
family,BREAKOUT_VOL_EXPANSION_V2,FOLD_2,True,5790,0.06110396727832806,0.08382195164635538,-0.022717984368027317,0.40932642487046633,-0.08257561177587569,0.38327651804575297,0.15060449050086355,0.455440414507772,0.39395509499136444,-0.4154882793964123,-0.47024737947550366,1.304552346050324,-1.1584718222953518,-1.0769008614602456,-0.47024737947550366,0.8216125867104735,2.3783902516676827,2.11831938301087,-1.0982705907310673,0.4022042596586878
family,BREAKOUT_VOL_EXPANSION_V2,FOLD_3,True,5471,-0.04045273123242624,0.08751365988709803,-0.12796639111952426,0.37141290440504476,-0.04121682878041304,0.3998517908101424,0.13397916285870956,0.4721257539755072,0.3938950831657832,-0.5698924731182793,-0.6316457142857158,1.234306621838255,-1.1788474489795906,-1.0851041666666663,-0.6316457142857158,0.5802325410389942,2.260376763956777,2.0530478162775925,-1.1048520535990938,0.3010880182366899
family,BREAKOUT_VOL_EXPANSION_V2,FOLD_4,True,5205,-0.01131399967027982,0.09486835495685338,-0.10618235462713319,0.37079731027857826,-0.08183895371614133,0.3843052981157219,0.14562920268972143,0.4728146013448607,0.38155619596541784,-0.5759036144578301,-0.6370209424083848,1.2826924695263255,-1.1928498652291097,-1.089833333333334,-0.6370209424083848,0.5794833333333371,2.386952142857146,2.1429952264628214,-1.1124846894734393,0.28235412049400177
family,BREAKOUT_VOL_EXPANSION_V2,FOLD_5,True,5393,-0.04864869869997682,0.09827973221607299,-0.14692843091604982,0.36176525125162245,-0.08848204275908746,0.3803016414618381,0.1331355460782496,0.4796959020953087,0.38716855182644166,-0.6190476190476152,-0.67516363636363,1.2390296563999004,-1.1907704615384627,-1.0933749999999995,-0.67516363636363,0.5339861286254828,2.287905282514149,2.0855576597873986,-1.1152924069880648,0.28517530135082136
family,MOMENTUM_CONTINUATION_V1,POOLED,True,2063,-0.0022423547267174534,0.05442307752941475,-0.056665432256132194,0.4255937954435288,-0.10333091321085994,0.4079206437274273,0.2578768783325254,0.42704798836645663,0.31507513330101794,-0.2901234567901291,-0.32966071428571386,1.0469120269034877,-1.0995598547717844,-1.049077442397969,-0.32966071428571386,1.3561692961165084,1.4674249229857819,1.4369372022845535,-1.0613620541260058,0.08262860203881212
family,MOMENTUM_CONTINUATION_V1,FOLD_1,True,624,-0.013562041801862795,0.05053908801098962,-0.06410112981285242,0.4230769230769231,-0.11423700342962083,0.4014722791164557,0.2387820512820513,0.40865384615384615,0.3525641025641026,-0.28447161218109507,-0.31281329192428,1.024455410158911,-1.0916021814868766,-1.0438456156716418,-0.31281329192428,1.1346729996205573,1.4637562516808447,1.441439526999363,-1.0583660821127185,0.06868071096644661
family,MOMENTUM_CONTINUATION_V1,FOLD_2,True,495,0.035396189997369834,0.06066557028614709,-0.025269380288777253,0.44242424242424244,-0.09405802407898543,0.41326707537164264,0.27070707070707073,0.4121212121212121,0.31717171717171716,-0.25,-0.2858850806451614,1.0533941645300058,-1.1055819999999998,-1.0538677511654422,-0.2858850806451614,1.3736142857142881,1.4561105113636357,1.4281872189187825,-1.068336763417356,0.08952400738266886
family,MOMENTUM_CONTINUATION_V1,FOLD_3,True,360,-0.0617873855266039,0.053121475431244736,-0.11490886095784865,0.4111111111111111,-0.10148544118146788,0.4081591034959102,0.23333333333333334,0.46111111111111114,0.3055555555555556,-0.4408645727794667,-0.46369669030732896,1.0355841718601662,-1.1082530121894045,-1.04984375,-0.46369669030732896,0.9914677068214809,1.467779476795296,1.4407049965125822,-1.0626910475226181,0.12745731124429238
family,MOMENTUM_CONTINUATION_V1,FOLD_4,True,285,0.1374790909593751,0.05618120961125632,0.08129788134811877,0.47017543859649125,-0.10744877502579372,0.40827895933657427,0.3263157894736842,0.38596491228070173,0.28771929824561404,-0.0945945945945952,-0.12861682242990485,1.0875162292977054,-1.0897017134697764,-1.0397971014492753,-0.12861682242990485,1.417650000000003,1.4713777970160247,1.4361955893023988,-1.0578624348151582,0.07278749035070906
family,MOMENTUM_CONTINUATION_V1,FOLD_5,True,299,-0.10241625384414142,0.05208556802082318,-0.1545018218649646,0.3779264214046823,-0.09421873641185025,0.4118983373331092,0.2408026755852843,0.4882943143812709,0.2709030100334448,-0.6749999999999992,-0.6862120535714291,1.040581743341419,-1.0962677033492825,-1.0517642741935482,-0.6862120535714291,0.8607835935346002,1.4712049058726138,1.440466739516395,-1.0579749129500355,0.05623070750494208
family,RANGE_MEAN_REVERSION_V2,POOLED,True,20590,-0.018775757234237835,0.2023759068003235,-0.22115166403456132,0.3254006799417193,-0.2556865740956413,0.3140671331384401,0.28960660514813014,0.6584749878581836,0.05191840699368626,-1.0,-1.1172850639473055,1.5010014854689684,-1.413076654411773,-1.2085150838393575,-1.1172850639473055,1.213182586477998,2.5445409526373326,1.906130427923623,-1.2119336219941022,0.47860387541239807
family,RANGE_MEAN_REVERSION_V2,FOLD_1,True,4165,-0.03269712317437732,0.16586959711887436,-0.1985667202932517,0.32653061224489793,-0.22728871957361252,0.3135958377586895,0.2943577430972389,0.6614645858343338,0.04417767106842737,-1.0,-1.1002565298507463,1.4703033126264697,-1.3413473764490553,-1.1763891366393124,-1.1002565298507463,1.2493407365026394,2.4932246727253373,1.8912519895947493,-1.1761210668767546,0.5136315759831684
family,RANGE_MEAN_REVERSION_V2,FOLD_2,True,4224,-0.061113567429660814,0.19676270568762716,-0.25787627311728795,0.3103693181818182,-0.23714390676329075,0.31425287989175593,0.2784090909090909,0.6794507575757576,0.04214015151515151,-1.0,-1.119587182184012,1.4952851630579105,-1.3897148774687087,-1.202661554026131,-1.119587182184012,1.1792297465371178,2.575867970508946,1.934082741919065,-1.2035097456257438,0.5074285831552782
family,RANGE_MEAN_REVERSION_V2,FOLD_3,True,4103,0.02827097945115606,0.2053898350146942,-0.1771188555635381,0.3419449183524251,-0.27466858136119043,0.3105524216802189,0.2975871313672922,0.6402632220326591,0.06214964660004874,-1.0,-1.1105519480519488,1.5145465362196908,-1.4243903729784786,-1.21318629411199,-1.1105519480519488,1.2522072950392618,2.6128448510804416,1.9018510906463864,-1.2167135657176693,0.5781478081720878
family,RANGE_MEAN_REVERSION_V2,FOLD_4,True,4024,-0.021318437967317055,0.21842224862143952,-0.23974068658875658,0.3205765407554672,-0.26635681114987125,0.3148091129201506,0.27957256461232605,0.6560636182902585,0.06436381709741551,-1.0,-1.1284410112359546,1.5123297028361873,-1.43784963968956,-1.2231114863204897,-1.1284410112359546,1.2015641201373484,2.52613154149929,1.934718776427882,-1.22867127377963,0.3954324959988407
family,RANGE_MEAN_REVERSION_V2,FOLD_5,True,4074,-0.005516948678546269,0.22663273408837722,-0.23214968276692352,0.32793323514973,-0.274287723133277,0.3171632267668479,0.29823269513991163,0.6543937162493864,0.04737358861070201,-1.0,-1.1318619597913566,1.5115643737417306,-1.459442708333337,-1.2341355713149518,-1.1318619597913566,1.2001542973959243,2.5224543187221995,1.8719182656855775,-1.236725745643718,0.39871677453745563
family,TREND_PULLBACK_V2,POOLED,True,1806,-0.04171931764300388,0.4432207542491673,-0.48494007189217125,0.3372093023255814,-0.44389946423598403,0.3517317529543445,0.26578073089701,0.5957918050941307,0.13842746400885936,-1.0,-1.0712400000000002,1.991110595411045,-2.2202499999999734,-1.2800961538461548,-1.0712400000000002,1.2745625000000174,1.9193725649350648,1.6463425223643744,-1.578438512567856,0.1294146358034089
family,TREND_PULLBACK_V2,FOLD_1,True,482,0.010202776625848797,0.4752568123379586,-0.46505403571210985,0.36929460580912865,-0.4770624594449024,0.35728364911192145,0.27385892116182575,0.5601659751037344,0.16597510373443983,-1.0,-1.052688312237715,2.556976602898758,-1.9873276358695438,-1.2170024492372247,-1.052688312237715,1.4955677083333334,1.9246122009569377,1.7481971500708158,-1.7174377038401698,0.10987638767826624
family,TREND_PULLBACK_V2,FOLD_2,True,386,0.05751901502968431,0.40459321071969223,-0.34707419569000786,0.37305699481865284,-0.3816575745758368,0.3617274737670335,0.2979274611398964,0.5569948186528497,0.14507772020725387,-1.0,-1.0503955050973122,1.7770077526073962,-2.1864464285714615,-1.2573049689440983,-1.0503955050973122,1.577866168478267,1.9191622111344537,1.7579156911563718,-1.5874973959339245,0.09251778761549775
family,TREND_PULLBACK_V2,FOLD_3,True,377,-0.09441531985907921,0.4623977483606537,-0.5568130682197331,0.29973474801061006,-0.4577326465548789,0.34877685890530286,0.26790450928381965,0.6392572944297082,0.09283819628647215,-1.0,-1.1021615384615384,1.837317929086485,-2.339342372881254,-1.3223750000000039,-1.1021615384615384,1.052807692307669,1.9402444273734074,1.395768265128475,-1.4650836483364895,0.06268679292224784
family,TREND_PULLBACK_V2,FOLD_4,True,300,-0.16350937687464792,0.4712101070605174,-0.6347194839351653,0.29333333333333333,-0.490269867263803,0.340145158127285,0.23,0.6466666666666666,0.12333333333333334,-1.0,-1.1238828369905953,1.6254195214199494,-2.489562499999961,-1.3539062499999968,-1.1238828369905953,0.509325639204544,1.9021921178343955,1.6218473093966999,-1.5863079703689986,0.14649828980172522
family,TREND_PULLBACK_V2,FOLD_5,True,261,-0.06826734539890811,0.38131393118458745,-0.4495812765834955,0.32950191570881227,-0.40142657180513824,0.3442819879082006,0.2413793103448276,0.5977011494252874,0.16091954022988506,-1.0,-1.060909836065574,1.64686223547612,-2.171739999999967,-1.2633684210526328,-1.060909836065574,1.0584999999999836,1.9089500000000001,1.6578098939082697,-1.490710345254448,0.2563827941709652
side,LONG,POOLED,True,26036,-0.044544177195733406,0.14171254315671608,-0.18625672035244945,0.34598248578890767,-0.17226198087169717,0.35325640757378873,0.20882624058995236,0.5600706713780919,0.23110308803195576,-1.0,-1.0509604102167183,1.3865047205934502,-1.3125443741997478,-1.1316203840322716,-1.0509604102167183,0.8828329551876832,2.329998509633688,1.9307034174714621,-1.1667137559352339,0.27694956575683327
side,LONG,FOLD_1,True,5069,-0.026610320650954998,0.13148920524926755,-0.15809952590022253,0.3695008877490629,-0.16206975140406354,0.35390062686745366,0.20714144801736042,0.5466561451962911,0.2462024067863484,-1.0,-1.0435918367346941,1.4554925762164375,-1.271167658730159,-1.1101968503937014,-1.0435918367346941,0.9873018867924452,2.2098211720836987,1.8808062239427663,-1.1666972598062724,0.36591752804090416
side,LONG,FOLD_2,True,5279,0.025175763130988318,0.1293769200102974,-0.1042011568793091,0.3779124834248911,-0.15979592535266324,0.35771199465643744,0.2150028414472438,0.5440424322788406,0.2409547262739155,-1.0,-1.0436528803545053,1.3999902309027368,-1.2807153831700981,-1.115737938237221,-1.0436528803545053,1.0311076860401982,2.415976511614202,1.981290656165477,-1.151763861423395,0.40017532082885304
side,LONG,FOLD_3,True,5054,-0.10134892733695283,0.1446716587619641,-0.24602058609891694,0.32667194301543334,-0.15676848337681112,0.3620422805169193,0.19825880490700434,0.5741986545310646,0.22754254056193116,-1.0,-1.0551991068073914,1.34481880324379,-1.3250731242090732,-1.132277538145648,-1.0551991068073914,0.6206287735849084,2.2610731159420023,1.8835400545336352,-1.1640984928418827,0.21523360820914367
side,LONG,FOLD_4,True,5225,-0.06714940799053243,0.1523472855821725,-0.2194966935727049,0.3249760765550239,-0.18729243378179708,0.3484136376014246,0.20708133971291867,0.5701435406698565,0.22277511961722488,-1.0,-1.061477564102564,1.370126497703805,-1.3341767753733567,-1.1546460176991136,-1.061477564102564,0.75803432137287,2.348647013566294,1.9696710236837063,-1.1788289573267265,0.20075360166079517
side,LONG,FOLD_5,True,5409,-0.0544821963663191,0.15029452781208072,-0.20477672417839984,0.33111480865224624,-0.19393747322523708,0.34477296875739605,0.21593640229247552,0.5653540395636901,0.21870955814383436,-1.0,-1.05775,1.3564358209195146,-1.3368670745272602,-1.1493303571428584,-1.05775,0.8287692307692308,2.381648351648358,1.9307635861610835,-1.1714489149813427,0.18556349306494974
side,SHORT,POOLED,True,25851,0.028170574374311547,0.14614608846862984,-0.11797551409431829,0.37631039418204326,-0.1577630423124169,0.3577863403013596,0.2105141000348149,0.5292251750415845,0.26026072492360064,-1.0,-1.0394633507853404,1.3921226338505743,-1.3384728248250402,-1.1313411862872957,-1.0394633507853404,1.0206731041312898,2.381426996097833,1.951795131664966,-1.1781245092289179,0.363624745747303
side,SHORT,FOLD_1,True,5771,0.037945793036081275,0.11869839592546946,-0.08075260288938818,0.3803500259920291,-0.1912135060505186,0.3430958581124781,0.22179864841448624,0.5179345000866401,0.2602668514988737,-1.0,-1.028776923076923,1.38335710919746,-1.2678309207775953,-1.108891241119005,-1.028776923076923,1.1010803986710955,2.3892191532086073,1.96362377186455,-1.1488503937857706,0.302564665622094
side,SHORT,FOLD_2,True,5616,0.0004396121795407741,0.14595378289743924,-0.1455141707178985,0.36485042735042733,-0.14781419339727958,0.3565540583225412,0.20690883190883191,0.5438034188034188,0.2492877492877493,-1.0,-1.0490769892029432,1.3914954047543309,-1.3354068793649345,-1.1365190138630263,-1.0490769892029432,0.9883539712091861,2.3567261572539553,1.950454650217369,-1.1793056147867234,0.36997390089596593
side,SHORT,FOLD_3,True,5257,0.06639877886627327,0.14909241872015436,-0.08269363985388109,0.38900513600913067,-0.14632956271118858,0.36341072874444436,0.21628305116986873,0.5164542514742249,0.2672626973559064,-1.0,-1.0345192307692308,1.3972504215152404,-1.342070948217877,-1.135599999999999,-1.0345192307692308,1.082434290953453,2.430691333820213,1.9364370368100647,-1.1791592775313007,0.40211250030788953
side,SHORT,FOLD_4,True,4589,0.04277830070762018,0.15996535752748012,-0.11718705681985993,0.3800392242318588,-0.1518615072371323,0.3628334585889484,0.2098496404445413,0.5286554804968403,0.26149487905861846,-1.0,-1.0422261904761905,1.4148489654877072,-1.373905835857627,-1.137755102040817,-1.0422261904761905,0.9996924212598225,2.4348272626441942,1.9888251419189105,-1.192866501969205,0.367403431969203
side,SHORT,FOLD_5,True,4618,-0.008355244241763947,0.1635941477824143,-0.17194939202417828,0.36704200952793414,-0.14693975430872805,0.3662251953117618,0.194889562581204,0.5407102641836293,0.26440017323516674,-1.0,-1.0487441228070176,1.3725424675419868,-1.3909062314650091,-1.1481996447902585,-1.0487441228070176,0.895389902745993,2.3142964673913182,1.9164831694006497,-1.1962741945942046,0.38345578957697724
regime,EXHAUSTION_REVERSAL,POOLED,False,129,0.11375449861829647,0.12776547664501312,-0.014010978026716648,0.3643410852713178,-0.14202148593859426,0.32539634628055714,0.15503875968992248,0.5503875968992248,0.29457364341085274,-1.0,-1.0552222222222223,1.613232928918665,-1.2704065789473669,-1.1231111111111114,-1.0552222222222223,0.793888888888893,3.152286716503736,2.958768824002622,-1.1441937760256302,0.5330254066400223
regime,EXHAUSTION_REVERSAL,FOLD_1,False,20,-0.014350215918399769,0.09868900993414384,-0.11303922585254367,0.25,-0.23991378174777464,0.28845734782609295,0.25,0.7,0.05,-1.0,-1.0619082727596743,1.6137821442593279,-1.1528085730088489,-1.0917447028905825,-1.0619082727596743,0.3580878378378314,2.92210964848774,2.631447163209839,-1.0905622631751009,-0.15014864864865704
regime,EXHAUSTION_REVERSAL,FOLD_2,False,25,0.3181704977454928,0.12306503073884816,0.19510546700664452,0.48,-0.14030338462047454,0.3354086746883606,0.16,0.48,0.36,0.0063291139240471105,-0.0577911392405097,1.8673962006514766,-1.266228375286038,-1.1427027027027046,-0.0577911392405097,0.9274374999999999,3.393479629629616,3.57363149962869,-1.1521657790017363,0.48990000274135426
regime,EXHAUSTION_REVERSAL,FOLD_3,False,19,0.2333832288355627,0.11417281947318006,0.11921040936238257,0.3684210526315789,-0.14029107103910646,0.33412332515879106,0.21052631578947367,0.42105263157894735,0.3684210526315789,-0.5207667731629422,-0.5981964856230055,1.6174922308103623,-1.2114212499999977,-1.1186495323753893,-0.5981964856230055,0.9382404255319177,3.4897307044323833,2.6804373645965214,-1.145560156082353,0.1011042240225722
regime,EXHAUSTION_REVERSAL,FOLD_4,False,30,0.02268149370064128,0.12054069005099138,-0.09785919635035006,0.3333333333333333,-0.10308148273441099,0.32243725479478297,0.06666666666666667,0.6,0.3333333333333333,-1.0,-1.0768668918918918,1.5481210182212546,-1.189465846267554,-1.119591530054645,-1.0768668918918918,0.7341788736979193,2.4078039027149343,3.784376050420172,-1.1280018974694797,0.9799506163099784
regime,EXHAUSTION_REVERSAL,FOLD_5,False,35,0.05406702964559985,0.16130960710092712,-0.10724257745532732,0.37142857142857144,-0.12162676010959861,0.3371515435600136,0.14285714285714285,0.5428571428571428,0.3142857142857143,-1.0,-1.0600289296046284,1.4413153203301021,-1.377133343074229,-1.1241778031290743,-1.0600289296046284,0.6435489635854399,2.8747560283688385,2.686622621252411,-1.1934411401177913,0.4989798495490477
regime,RANGE_EQUILIBRIUM,POOLED,True,28472,-0.013292933737504226,0.18595303280210165,-0.19924596653960586,0.3411070525428491,-0.21968889966930505,0.33441004277202024,0.24954341107052544,0.6133042989603821,0.13715228996909243,-1.0,-1.085394428710318,1.4888370025710937,-1.3830189244383984,-1.1735714285714278,-1.085394428710318,1.1570388663094655,2.4520007640067525,1.9143475701467279,-1.2056576688939524,0.45552460154111024
regime,RANGE_EQUILIBRIUM,FOLD_1,True,5758,-0.014286273769510839,0.16617105592705986,-0.1804573296965707,0.3478638416116707,-0.21576969194774237,0.332757359579017,0.25338659256686347,0.6139284473775617,0.13268496005557484,-1.0,-1.0747023924627193,1.5507354757905008,-1.3215935483870993,-1.1460800336441272,-1.0747023924627193,1.1943754704830547,2.4446442955054963,1.908061662646419,-1.1922553718813802,0.5126799337784025
regime,RANGE_EQUILIBRIUM,FOLD_2,True,5999,-0.012116904210667466,0.1764093475370703,-0.18852625174773777,0.34122353725620935,-0.20477156832099366,0.33532623520154026,0.24554092348724788,0.6177696282713786,0.13668944824137355,-1.0,-1.0831530155725717,1.477834057623841,-1.368705269745362,-1.1671354296867487,-1.0831530155725717,1.1641637770990523,2.4558884050308807,1.9513794269443336,-1.1959312591538946,0.5204516662203061
regime,RANGE_EQUILIBRIUM,FOLD_3,True,5723,-0.008816306815371995,0.19079420085404208,-0.19961050766941407,0.343001922068845,-0.22156149229322564,0.3360117264127555,0.2512668181023939,0.6089463568058711,0.1397868250917351,-1.0,-1.0845658496053172,1.4742840958410268,-1.3847248165125319,-1.1759920112781965,-1.0845658496053172,1.1626347397121302,2.4457574608150683,1.8843559492863198,-1.2042326904293659,0.43084516960069436
regime,RANGE_EQUILIBRIUM,FOLD_4,True,5425,-0.018567352914723705,0.199503141552769,-0.21807049446749274,0.3352995391705069,-0.23072615240982972,0.3326391616097511,0.24258064516129033,0.6117972350230415,0.1456221198156682,-1.0,-1.0957317073170736,1.4750129781774937,-1.4109856287425193,-1.1876299076212489,-1.0957317073170736,1.1222425127830238,2.454407276995401,1.9466080948300888,-1.2213983448188985,0.3912055964194684
regime,RANGE_EQUILIBRIUM,FOLD_5,True,5567,-0.01299499248838381,0.19851668396391015,-0.21151167645229396,0.3377043290820909,-0.2271367037137155,0.33521128334504074,0.2548949164720675,0.613795581102928,0.1313095024250045,-1.0,-1.094338461538462,1.4630391404473906,-1.4202445550788203,-1.1903867439191091,-1.094338461538462,1.137969405840519,2.4551110049335594,1.882843915667547,-1.216235936669862,0.41947630158515636
regime,SHOCK,POOLED,True,3380,-0.0013162414116167974,0.05996449070494956,-0.061280732116566344,0.4153846153846154,-0.05601595472167265,0.4138148212942447,0.1482248520710059,0.36124260355029586,0.4905325443786982,-0.21968709256844748,-0.26151522864390714,1.0864284812336045,-1.1175151612903234,-1.0464693503591715,-0.26151522864390714,0.5577314474313766,1.8816834240475107,1.7797283465460119,-1.0769108937813459,0.13035912251717555
regime,SHOCK,FOLD_1,True,680,0.12565218308126824,0.04617342006047327,0.07947876302079497,0.475,-0.1481542444580694,0.36960398876053335,0.17058823529411765,0.3,0.5294117647058824,-0.04994667168580168,-0.08497811600235781,1.1639951701624025,-1.0831931351351352,-1.0290487448533197,-0.08497811600235781,0.6540570399945382,1.9912975304182463,1.8921356826788953,-1.0606953956328224,0.14149911214579033
regime,SHOCK,FOLD_2,True,563,0.0734232505534045,0.05839390334442462,0.015029347208979867,0.4635879218472469,-0.04601455975021261,0.4176973981101039,0.16341030195381884,0.3285968028419183,0.5079928952042628,-0.05755395683453022,-0.10500000000000095,1.0570187128397388,-1.1190687499999994,-1.0422810900989254,-0.10500000000000095,0.7756275283977085,1.8587831511839392,1.7063594541440208,-1.076092126823335,0.17676047608294654
regime,SHOCK,FOLD_3,True,738,-0.02168530890433884,0.06041365297126104,-0.08209896187559987,0.4159891598915989,0.008539616976508655,0.445470480554064,0.14769647696476965,0.35772357723577236,0.494579945799458,-0.2087114337568051,-0.24691534321932668,1.0232856175415401,-1.1236951136363644,-1.0453703953831042,-0.24691534321932668,0.581016582019935,1.8402806649900412,1.6708849131295684,-1.0792740368430138,0.11565166118147939
regime,SHOCK,FOLD_4,True,732,-0.09052297009713037,0.06758408930436093,-0.15810705940149128,0.35382513661202186,-0.03359735730883586,0.425777417353305,0.13934426229508196,0.4344262295081967,0.4262295081967213,-0.4670575814643611,-0.5133825388418082,1.1421044130408988,-1.1235286633853683,-1.059094150818222,-0.5133825388418082,0.39388199711087346,1.8523955510204047,1.8882341345999414,-1.0811543473017435,0.11369497830406672
regime,SHOCK,FOLD_5,True,667,-0.0734079436965403,0.06649093867333403,-0.13989888236987433,0.3808095952023988,-0.06655444582757454,0.4074564682606859,0.12293853073463268,0.3748125937031484,0.5022488755622189,-0.30303030303030604,-0.3634314223512349,1.0122937083099914,-1.117442487266554,-1.0556271561771562,-0.3634314223512349,0.44824698646986494,1.8223636828644578,1.7127409193565022,-1.0828554758684017,0.11031808668406279
regime,TREND_CONTINUATION,POOLED,True,7133,0.000690032631277518,0.11571537099003729,-0.11502533835875976,0.36324127295668024,-0.1329224474435962,0.3579287290968129,0.17846628347119023,0.5145100238328894,0.3070236926959204,-1.0,-1.0236594911937378,1.3754950818764522,-1.2953716357775955,-1.1038828387662636,-1.0236594911937378,0.7900257352941176,2.4815392855179463,2.099541321375928,-1.1482228004896697,0.3291259530468032
regime,TREND_CONTINUATION,FOLD_1,True,1877,0.004943851953719191,0.09628316585570998,-0.09133931390199078,0.3873201917954182,-0.14583767405705272,0.35519354357391325,0.17794352690463505,0.48268513585508793,0.339371337240277,-0.6267217630854003,-0.6659289473684218,1.3004440181173063,-1.2342626117179707,-1.0843095930232558,-0.6659289473684218,0.8366071428571431,2.0855502402654746,1.9793292366221413,-1.129736507585391,0.2998452412033472
regime,TREND_CONTINUATION,FOLD_2,True,1554,0.04535487453562523,0.11094315495123236,-0.06558828041560712,0.38481338481338484,-0.12276836824972565,0.364636706899485,0.18146718146718147,0.49935649935649934,0.31917631917631917,-0.945496383957921,-0.9877232142857153,1.4145805521045807,-1.2593621148710483,-1.0971073950829944,-0.9877232142857153,0.9004173480293961,2.595765492424241,2.1015707530282977,-1.1471244939658238,0.3943577967694473
regime,TREND_CONTINUATION,FOLD_3,True,1327,-0.02424290890641371,0.11609653270492969,-0.1403394416113434,0.3458929917106255,-0.11048226524860318,0.36537802426311317,0.17181612660135645,0.5244913338357197,0.3036925395629239,-1.0,-1.0270989010989011,1.3794004007892369,-1.3139256656804776,-1.1050361501949484,-1.0270989010989011,0.6891157394844014,2.6783629865090663,2.133684420785654,-1.1484393330564895,0.3141520815134859
regime,TREND_CONTINUATION,FOLD_4,True,1193,-0.005334084483498076,0.13944925784829745,-0.14478334233179554,0.34534786253143335,-0.1431747795702788,0.3507257130883078,0.18776194467728416,0.5331098072087175,0.27912824811399833,-1.0,-1.0386333333333335,1.4025012191628348,-1.3573104488815426,-1.1398571428571431,-1.0386333333333335,0.7376748466257684,2.593231636363638,2.151802308557993,-1.1760786336800837,0.2800473468519844
regime,TREND_CONTINUATION,FOLD_5,True,1182,-0.030715041860377084,0.1284649007225827,-0.15917994258295978,0.33417935702199664,-0.14060827507425633,0.35235997201863706,0.17343485617597293,0.5549915397631133,0.2715736040609137,-1.0,-1.0326214534594325,1.4043028678969862,-1.3225375299242053,-1.1180333317050706,-1.0326214534594325,0.6890544084821466,2.462691237745075,2.1975288764373717,-1.1478170850295657,0.35614920865007893
regime,VOL_EXPANSION,POOLED,True,12773,-0.0053382687742084736,0.08836108121408437,-0.09369934998829285,0.3900414937759336,-0.09023506405298992,0.38608157234982726,0.15501448367650514,0.4571361465591482,0.3878493697643467,-0.44444444444444275,-0.5026300075585791,1.2238505252711986,-1.1853011390436639,-1.0779555084745758,-0.5026300075585791,0.6835292682926897,2.189287892249593,1.966630667277486,-1.1076594533961766,0.2779315764574865
regime,VOL_EXPANSION,FOLD_1,True,2505,0.028711269581777367,0.07210342359897745,-0.043392154017200105,0.4031936127744511,-0.12109475088946486,0.37289958391230893,0.1660678642714571,0.43952095808383235,0.39441117764471056,-0.38686131386861267,-0.41264492753623094,1.2218509879293549,-1.1431382079746593,-1.0640891719745222,-0.41264492753623094,0.7936803713527865,2.1608353405923544,1.948754945400978,-1.0872099782763478,0.28101091394976313
regime,VOL_EXPANSION,FOLD_2,True,2754,0.03205809600400028,0.08570060764919996,-0.05364251164519968,0.40885984023238925,-0.08172357867946081,0.38814554532741014,0.16194625998547568,0.45279593318809,0.3852578068264343,-0.3969696969696952,-0.45477617036457085,1.24086406181931,-1.170188345180097,-1.0738348393105108,-0.45477617036457085,0.7862557692307645,2.2506977743271186,1.9661182831337474,-1.1020627674534824,0.32954951900656126
regime,VOL_EXPANSION,FOLD_3,True,2504,-0.02754135687470031,0.08874582218247307,-0.11628717905717338,0.38338658146964855,-0.06014087330631595,0.39826460880902015,0.14376996805111822,0.46485623003194887,0.3913738019169329,-0.49499502217395325,-0.5489510184755716,1.2099450326414518,-1.18739471153846,-1.081082290718835,-0.5489510184755716,0.6326327073382566,2.166218719806762,1.9444553819260546,-1.1077953056664551,0.3043741856563385
regime,VOL_EXPANSION,FOLD_4,True,2434,0.0074477349416626,0.09381278194385574,-0.08636504700219315,0.38701725554642563,-0.09256895001574392,0.3866797795145499,0.1647493837304848,0.45768282662284304,0.37756778964667215,-0.4543651460651481,-0.5264937500000026,1.251711212940095,-1.1923208661417337,-1.0845338541666665,-0.5264937500000026,0.6525089882943109,2.27301900078678,2.001281934040547,-1.1128432348139563,0.24698670688699648
regime,VOL_EXPANSION,FOLD_5,True,2576,-0.06892844059941425,0.10148978678956015,-0.17041822738897439,0.36645962732919257,-0.09637337553965843,0.3842858968540847,0.13858695652173914,0.4708850931677019,0.390527950310559,-0.5469208211143668,-0.6118159411186321,1.1894762583852587,-1.2226131628787877,-1.091584464043419,-0.6118159411186321,0.5046457139934543,2.109072942260467,1.9715403826367648,-1.1270832579596228,0.22297686038737521
volatility,HIGH,POOLED,True,19391,-0.006058089906473729,0.11277670586540751,-0.11883479577188127,0.3803826517456552,-0.12375819024081453,0.3777943117898387,0.18936620081481098,0.4807900572430509,0.3298437419421381,-0.6111111111111122,-0.6523953168044085,1.2702979926477436,-1.2660431067588283,-1.0946347202674178,-0.6523953168044085,0.7851499368686881,2.164059701909104,1.8749222362293063,-1.1447335521585562,0.2319122780687396
volatility,HIGH,FOLD_1,True,4152,0.03309703567294014,0.09111944110676672,-0.058022405433826585,0.40775529865125243,-0.15374146847067824,0.359754201200267,0.2056840077071291,0.46315028901734107,0.33116570327552985,-0.4853248616519751,-0.5173716705836285,1.254600649152714,-1.209380183289153,-1.076706642515958,-0.5173716705836285,0.9737781433328057,2.1428331628911392,1.8382694711214351,-1.1207737853999813,0.25051406081833505
volatility,HIGH,FOLD_2,True,4126,0.006908358418070566,0.1169560156310017,-0.11004765721293114,0.38996606883179835,-0.12872359811932682,0.37437965995322864,0.18904507998061076,0.48715462918080465,0.3238002908385846,-0.642956563474923,-0.6847180944055928,1.2962107205836655,-1.2682993630573198,-1.0985027522131197,-0.6847180944055928,0.8370269395629137,2.1847301839851827,1.8990577658919998,-1.151788143015284,0.28426083563204146
volatility,HIGH,FOLD_3,True,3850,0.007750978068582462,0.11135887096846557,-0.1036078928998831,0.38181818181818183,-0.09628709357721098,0.39133360571376713,0.18857142857142858,0.474025974025974,0.3374025974025974,-0.5457197992336734,-0.59641800087602,1.27175650078993,-1.2592508659259063,-1.0942432877406274,-0.59641800087602,0.7927549959280699,2.252425204666388,1.8911640631847617,-1.1396858890663581,0.23714491917584052
volatility,HIGH,FOLD_4,True,3539,-0.04153699429578573,0.12258464163648986,-0.1641216359322756,0.35546764622774796,-0.1187948896966002,0.3851057710337851,0.1805594800791184,0.48686069511161345,0.3325798248092682,-0.6842105263157887,-0.7311065088757381,1.2794034811978259,-1.2752408863107598,-1.1018753434065938,-0.7311065088757381,0.5996624978671689,2.111481676226892,1.8920968780980203,-1.1578762274557202,0.17429427802654876
volatility,HIGH,FOLD_5,True,3724,-0.04463937783960675,0.12443769159161623,-0.169077069431223,0.36143931256713213,-0.11794481716447514,0.3807454011492113,0.18071965628356607,0.49462943071965626,0.3246509129967777,-0.7486263736263706,-0.8081298983929195,1.2447265776016612,-1.3075682052161954,-1.1060499999999998,-0.8081298983929195,0.6876510394665407,2.142811581709113,1.8596318732894133,-1.1547563857421417,0.20337965694902865
volatility,LOW,POOLED,True,15801,-0.020792185082895032,0.1765282650080976,-0.1973204500909926,0.33795329409531044,-0.21427569086360918,0.3307378539768704,0.22523890892981457,0.6098981077147017,0.16486298335548383,-1.0,-1.0819017595307918,1.4968824333502515,-1.3715972222222206,-1.1693564690026959,-1.0819017595307918,1.0955763199163857,2.5406955736223624,2.001737933126503,-1.1961620931462245,0.49342355307683905
volatility,LOW,FOLD_1,True,3227,-0.012399437899446345,0.15565559651042768,-0.16805503440987402,0.35419894638983573,-0.22496096508318644,0.3258076325879164,0.22838549736597458,0.5968391695072823,0.1747753331267431,-1.0,-1.0692475728155342,1.541844435374408,-1.3109559784209834,-1.1422049761609037,-1.0692475728155342,1.128752955798813,2.4759904789922658,1.9894334176776423,-1.1822466583519584,0.4760302111999747
volatility,LOW,FOLD_2,True,3260,0.014760545473431532,0.16145391505753157,-0.14669336958410004,0.3432515337423313,-0.19396763585939641,0.3334146902541959,0.22760736196319017,0.6061349693251534,0.16625766871165645,-1.0,-1.0770633650731325,1.5013975285092624,-1.3483918658660894,-1.154599224625471,-1.0770633650731325,1.1683421039984578,2.6425139779683504,2.0587816896249533,-1.1781679412946002,0.5945082167015653
volatility,LOW,FOLD_3,True,3118,-0.039851224924721,0.18683778637535745,-0.22668901130007846,0.33066067992302756,-0.2018605720802696,0.33798296997285265,0.22033354714560616,0.6144964720974984,0.16516998075689546,-1.0,-1.0831189006549424,1.4975432292201085,-1.3799120879120816,-1.1707469364040468,-1.0831189006549424,1.0532118433958055,2.502687682180847,1.9667874320771996,-1.1987351352427704,0.4636450797174123
volatility,LOW,FOLD_4,True,3077,-0.02509421498953416,0.18860541687971447,-0.21369963186924865,0.3327916802079948,-0.2196529253779576,0.32737287339778753,0.2252193695157621,0.6155346116347091,0.15924601884952877,-1.0,-1.0982268543584184,1.473205223524737,-1.3989304819593813,-1.1946347031963467,-1.0982268543584184,1.0863418777023224,2.509053241791837,2.016539172583938,-1.211778420793337,0.4899855410617016
volatility,LOW,FOLD_5,True,3119,-0.04333847059910906,0.19165875495639653,-0.2349972255555056,0.3279897403013787,-0.2315528531505475,0.3291178192620382,0.22443090734209684,0.6171849951907663,0.15838409746713691,-1.0,-1.089169381107492,1.4650720698588413,-1.3988859947906283,-1.1842073953319878,-1.089169381107492,1.0005985860374058,2.5259977306831765,1.9738746414705457,-1.210629780549836,0.43682941704743056
volatility,MEDIUM,POOLED,True,16695,0.0008682275264132686,0.1492347461995653,-0.14836651867315206,0.36058700209643607,-0.16638395223110355,0.35308296975839,0.21850853548966756,0.5572327044025157,0.2242587601078167,-1.0,-1.0523686131386862,1.415743767118072,-1.3300129457563608,-1.134306419683258,-1.0523686131386862,1.0495180720443522,2.402821183628322,1.949014208300945,-1.175016274468883,0.35902605241824154
volatility,MEDIUM,FOLD_1,True,3461,-0.0038452614218433775,0.13605856540883443,-0.1399038268306778,0.35596648367523837,-0.1620170765302057,0.3550557067360644,0.21352210343831263,0.5521525570644322,0.23432533949725512,-1.0,-1.0440802469135801,1.4786287196536787,-1.2797468354430286,-1.1137890625000015,-1.0440802469135801,1.0822717983650976,2.4147126865671726,1.965074974235995,-1.169323328434753,0.36766871765405323
volatility,MEDIUM,FOLD_2,True,3509,0.01674222014603659,0.14071157649054228,-0.12396935634450572,0.3750356226845255,-0.145408703708708,0.35883352639926613,0.2208606440581362,0.5528640638358506,0.2262752921060131,-1.0,-1.0515276381909546,1.4065242941727245,-1.3113427835051665,-1.1259111909650923,-1.0515276381909546,1.0913447646103935,2.356045756821466,1.9436285512295797,-1.1682016175813363,0.40930798424684833
volatility,MEDIUM,FOLD_3,True,3343,-0.020563638800395852,0.1506603462302905,-0.17122398503068637,0.3574633562668262,-0.16794970150780106,0.3529005696585989,0.21717020640143583,0.5611725994615615,0.2216571941370027,-1.0,-1.052940119760479,1.3647552105434406,-1.3471754179728308,-1.1395806233794294,-1.052940119760479,1.0418732309803465,2.3201172374428958,1.8799834294580893,-1.1742686556787703,0.35851315291392144
volatility,MEDIUM,FOLD_4,True,3198,0.021784955451006727,0.1613288550250277,-0.139543899574021,0.3627267041901188,-0.1811157777350989,0.3487455731077455,0.2229518449030644,0.5590994371482176,0.21794871794871795,-1.0,-1.059879340456133,1.4300981024602184,-1.341945398351646,-1.1466339642736112,-1.059879340456133,1.0251267926031526,2.5820096637394077,2.0195106698294203,-1.1831636066917357,0.32901582545011127
volatility,MEDIUM,FOLD_5,True,3184,-0.010009103385857141,0.15930629874326457,-0.16931540212912172,0.35081658291457285,-0.17780644785676836,0.34914905395744705,0.21827889447236182,0.5615577889447236,0.22016331658291458,-1.0,-1.06131375,1.3932635267927347,-1.3666006979199286,-1.154078571428572,-1.06131375,1.00103105047127,2.402510199877938,1.9377298148828392,-1.1811319104134312,0.3224556263859035
family_side,BREAKOUT_VOL_EXPANSION_V2 | LONG,POOLED,True,13371,-0.03165233822828346,0.0881694822638597,-0.11982182049214317,0.3678857228329968,-0.0821016946164311,0.3843704503329312,0.14501533168798145,0.47932091840550445,0.3756637499065141,-0.6255813953488372,-0.6786875000000038,1.2625244578509123,-1.1767755839822007,-1.0826621753246752,-0.6786875000000038,0.5838823157514448,2.315733173076915,2.0970573662047944,-1.1036436462668187,0.27969745850139327
family_side,BREAKOUT_VOL_EXPANSION_V2 | LONG,FOLD_1,True,2505,-0.026750439990717485,0.07560911088303474,-0.10235955087375222,0.3904191616766467,-0.07209088203074801,0.3800717229025468,0.12335329341317365,0.4726546906187625,0.4039920159680639,-0.5230769230769239,-0.585405633802815,1.2287531383833967,-1.1469717653837292,-1.0712670454545457,-0.585405633802815,0.6351041666666679,2.1756369498941903,2.0702264105972037,-1.0889298841753843,0.38852010578099777
family_side,BREAKOUT_VOL_EXPANSION_V2 | LONG,FOLD_2,True,2918,0.06848801582317643,0.08494287180423493,-0.016454855981058506,0.4139821795750514,-0.09365577535299692,0.3830045378294906,0.15935572309801233,0.46675805346127486,0.3738862234407128,-0.4467120181405885,-0.49633830179358396,1.3276540771649223,-1.1615476382306476,-1.0768887346791636,-0.49633830179358396,0.8252332797933972,2.427991396882495,2.145269362032567,-1.097993062823857,0.4123749115199089
family_side,BREAKOUT_VOL_EXPANSION_V2 | LONG,FOLD_3,True,2654,-0.11742557142520632,0.08868695075441795,-0.20611252217962422,0.34099472494348154,-0.03972046764775201,0.4036533481993236,0.1314996232102487,0.4947249434815373,0.373775433308214,-0.7983050847457656,-0.8713781207200153,1.1830706391837653,-1.1809723904109606,-1.087360825596817,-0.8713781207200153,0.40531753812636173,2.0972449175824175,2.0091579221059144,-1.104201080378066,0.2032230542910421
family_side,BREAKOUT_VOL_EXPANSION_V2 | LONG,FOLD_4,True,2558,-0.03860970173219934,0.09476060780690596,-0.13337030953910534,0.34714620797498047,-0.09343930345127281,0.382012068431822,0.15168100078186084,0.48358092259577795,0.36473807662236124,-0.6882010801827994,-0.746573078755159,1.2999729891721583,-1.202636430205951,-1.0928527439024387,-0.746573078755159,0.4746762079831905,2.411803590909098,2.1798692015030197,-1.1136473714899007,0.20432078944137672
family_side,BREAKOUT_VOL_EXPANSION_V2 | LONG,FOLD_5,True,2736,-0.0532348351067969,0.09644635328619074,-0.14968118839298764,0.3435672514619883,-0.10945566059347298,0.37326298500536714,0.1564327485380117,0.47989766081871343,0.36366959064327486,-0.6443609022556387,-0.721567532467533,1.2529516909797966,-1.1906848076923058,-1.0911292613636365,-0.721567532467533,0.5119630497251363,2.3142589962121205,2.060651060404862,-1.1127911480768355,0.17046069560642205
family_side,BREAKOUT_VOL_EXPANSION_V2 | SHORT,POOLED,True,14057,0.032601027392048884,0.08601300043714179,-0.053411973045092924,0.4005122003272391,-0.08437952017386725,0.38156726998323104,0.13978800597567048,0.4509497047734225,0.409262289250907,-0.4054199569274863,-0.4643870967741923,1.2685309519933923,-1.1704352257181945,-1.0806578947368422,-0.4643870967741923,0.7300756362596521,2.3264504809558604,2.1026761374977823,-1.103144567704733,0.36681082902873086
family_side,BREAKOUT_VOL_EXPANSION_V2 | SHORT,FOLD_1,True,3064,0.09492030097267175,0.06875631692772653,0.026163984044945254,0.42036553524804177,-0.16205990247424756,0.3567208627877931,0.16775456919060053,0.42297650130548303,0.40926892950391647,-0.3033367037411524,-0.3463473161290344,1.2844455209929542,-1.1341846444362564,-1.0635829339754004,-0.3463473161290344,0.896299956530709,2.4181727321697184,2.1096761666859476,-1.08312799449394,0.31860189657199467
family_side,BREAKOUT_VOL_EXPANSION_V2 | SHORT,FOLD_2,True,2872,0.05360165054648003,0.08268307803190811,-0.029081427485428083,0.40459610027855153,-0.07131798039772816,0.383552854491106,0.14171309192200557,0.443941504178273,0.41434540389972147,-0.3882271892222918,-0.45411086309523485,1.2806225038588568,-1.1572813870967755,-1.0769316091517176,-0.45411086309523485,0.8130233790971754,2.32008665960582,2.08752886643817,-1.0985670558366516,0.3928797376581902
family_side,BREAKOUT_VOL_EXPANSION_V2 | SHORT,FOLD_3,True,2817,0.032066231448311514,0.08640825911966209,-0.05434202767135057,0.40007099751508696,-0.04262660600656937,0.39627020284035647,0.13631522896698617,0.4508342208022719,0.4128505502307419,-0.4173913043478253,-0.47349557522123853,1.2763341306272054,-1.1757474999999993,-1.08315625,-0.47349557522123853,0.7258863636363629,2.318227441860464,2.092937329470081,-1.1055250676457158,0.3845635506821608
family_side,BREAKOUT_VOL_EXPANSION_V2 | SHORT,FOLD_4,True,2647,0.015063939836478822,0.0949724793276752,-0.07990853949119639,0.3936531922931621,-0.07062864218517559,0.3865214226081344,0.1397808840196449,0.4624102757839063,0.3978088401964488,-0.4432989690721641,-0.5194813084112128,1.2652138601670384,-1.1854699999999996,-1.0876172161172164,-0.5194813084112128,0.6314691932624104,2.3507826666666625,2.1043273823666127,-1.1113096587100706,0.3514947642471823
family_side,BREAKOUT_VOL_EXPANSION_V2 | SHORT,FOLD_5,True,2657,-0.04392620370221257,0.10016762260077669,-0.14409382630298928,0.3805043281896876,-0.06688482093188429,0.3875495767516027,0.10914565299209635,0.47948814452389915,0.4113662024840045,-0.5555555555555572,-0.6087560975609758,1.2245218120590262,-1.1911724675324695,-1.0963000000000005,-0.6087560975609758,0.5623604651162779,2.2252189843379115,2.1223163650830044,-1.1178702350496381,0.38960442551887003
family_side,MOMENTUM_CONTINUATION_V1 | LONG,POOLED,True,979,-0.020893036199011998,0.05490267616203707,-0.07579571236104905,0.4065372829417773,-0.0856135681261063,0.4149513110921735,0.2665985699693565,0.4473953013278856,0.28600612870275793,-0.43601895734597174,-0.45725000000000016,1.0618238317417614,-1.100512160385627,-1.049514303482587,-0.45725000000000016,1.3721124999999978,1.4678726007689453,1.4378400377345955,-1.0610082601095525,0.05443344884924133
family_side,MOMENTUM_CONTINUATION_V1 | LONG,FOLD_1,True,302,0.0044376611916207825,0.05179784122680985,-0.047360180035189076,0.44039735099337746,-0.04651232525406579,0.4296100285717901,0.22847682119205298,0.40728476821192056,0.36423841059602646,-0.21263563036828156,-0.24187704160246465,1.0217671436081952,-1.0896172475961539,-1.0489580061130694,-0.24187704160246465,1.1278212865256476,1.4617299471418053,1.439486811650336,-1.0599638747247713,0.15225629287860518
family_side,MOMENTUM_CONTINUATION_V1 | LONG,FOLD_2,True,244,-0.015573036906205288,0.06253603802671091,-0.07810907493291619,0.4057377049180328,-0.10172821061393358,0.41058517850417797,0.27459016393442626,0.45901639344262296,0.26639344262295084,-0.47514538577218934,-0.5004206686808212,1.075218147715224,-1.1075153162055336,-1.0550246396895788,-0.5004206686808212,1.3689808906030905,1.4604017869907078,1.4260678235048705,-1.067715830861836,0.07660022458565784
family_side,MOMENTUM_CONTINUATION_V1 | LONG,FOLD_3,True,154,0.004213129450354539,0.053349812667791575,-0.04913668321743701,0.4025974025974026,-0.10736342979463695,0.4080544159249309,0.3181818181818182,0.474025974025974,0.2077922077922078,-0.5435382190701336,-0.5663954885736796,1.115368831697378,-1.1155899514563117,-1.0436436630805561,-0.5663954885736796,1.4360126463210665,1.4791941988873447,1.4485860309535108,-1.0633761010319749,-0.028790917402286884
family_side,MOMENTUM_CONTINUATION_V1 | LONG,FOLD_4,True,140,0.0491850327711733,0.05693374440388483,-0.0077487116327115135,0.40714285714285714,-0.10541344983352077,0.41133645582247125,0.30714285714285716,0.39285714285714285,0.3,-0.25757575757575757,-0.3023389780154516,1.0636151690501408,-1.0851598648648648,-1.0395963341858483,-0.3023389780154516,1.3987064393939441,1.45827857142857,1.4268631046701132,-1.0532394901023303,-0.10742288508967428
family_side,MOMENTUM_CONTINUATION_V1 | LONG,FOLD_5,True,139,-0.18366447220796392,0.047923620620406275,-0.23158809282837017,0.3381294964028777,-0.09824047779757848,0.4020491907046935,0.23741007194244604,0.539568345323741,0.22302158273381295,-1.0,-1.0212231707317072,1.0459807714184037,-1.093426900527653,-1.0539812082405344,-1.0212231707317072,0.6197976125396858,1.479369093480573,1.4566450500755466,-1.0560968126579897,-0.033960342138298585
family_side,MOMENTUM_CONTINUATION_V1 | SHORT,POOLED,True,1084,0.014601757045769954,0.05398993448390067,-0.03938817743813071,0.44280442804428044,-0.11933209479570661,0.4015709911904472,0.25,0.4086715867158672,0.3413284132841328,-0.2437963613648775,-0.2840858457619116,1.0329552698863582,-1.0993673986486485,-1.0483354473480422,-0.2840858457619116,1.3216274038461515,1.4652420968268736,1.4360676817957676,-1.0617118549820022,0.10396547472281165
family_side,MOMENTUM_CONTINUATION_V1 | SHORT,FOLD_1,True,322,-0.030443750820595833,0.04935851822472344,-0.07980226904531927,0.40683229813664595,-0.17775517985514142,0.3750822159626949,0.2484472049689441,0.40993788819875776,0.3416149068322981,-0.3601405952553879,-0.3889896378850314,1.0267222785235088,-1.092576514505119,-1.0410991687309452,-0.3889896378850314,1.1488678710858897,1.465249947741898,1.4431237439878992,-1.0568772299060334,-0.014894870945711946
family_side,MOMENTUM_CONTINUATION_V1 | SHORT,FOLD_2,True,251,0.08494396435781736,0.05884726698456314,0.02609669737325423,0.47808764940239046,-0.08660174712867728,0.4158741783025645,0.26693227091633465,0.3665338645418327,0.3665338645418327,-0.047448522829006454,-0.10721505376343976,1.0291391436217308,-1.10068125,-1.0506577499437244,-0.10721505376343976,1.385814159292028,1.4520314225157713,1.430306614332695,-1.0690926813110324,0.09865494088055705
family_side,MOMENTUM_CONTINUATION_V1 | SHORT,FOLD_3,True,206,-0.11112757633462138,0.05295077672042817,-0.16407835305504959,0.4174757281553398,-0.09709121668424442,0.40823736507809877,0.16990291262135923,0.45145631067961167,0.3786407766990291,-0.37989018531228325,-0.41153328757721114,0.9687567804834857,-1.0997644424391206,-1.0526328902312958,-0.41153328757721114,0.5814865273128678,1.4519152036516838,1.4296715482952826,-1.0621533173486069,0.19155914863776077
family_side,MOMENTUM_CONTINUATION_V1 | SHORT,FOLD_4,True,145,0.22272852645143204,0.05545462429423568,0.1672739021571963,0.5310344827586206,-0.1094139165907469,0.405326893763984,0.3448275862068966,0.3793103448275862,0.27586206896551724,0.2226027397260268,0.2055736301369857,1.1033064916998525,-1.0929504122722915,-1.0443303909205548,0.2055736301369857,1.433986486486486,1.4734530074565038,1.4442215260861642,-1.0624853795279856,0.26200838456311154
family_side,MOMENTUM_CONTINUATION_V1 | SHORT,FOLD_5,True,160,-0.03183186414057063,0.055701259824935366,-0.08753312396550599,0.4125,-0.09072484858299881,0.4204547834665454,0.24375,0.44375,0.3125,-0.30016380016380206,-0.34069789107289294,1.0312014188767427,-1.0979616924157307,-1.0472391311640392,-0.34069789107289294,1.0212600532945728,1.4663166563860668,1.4267773998124977,-1.0599588217092388,0.11214915828375131
family_side,RANGE_MEAN_REVERSION_V2 | LONG,POOLED,True,10890,-0.061610929666236276,0.19132441250236143,-0.2529353421685977,0.3143250688705234,-0.26808529737614795,0.30987149758608,0.2783287419651056,0.6664830119375574,0.05518824609733701,-1.0,-1.1126611916506024,1.4638834394850586,-1.3888120296826438,-1.198838299604186,-1.1126611916506024,1.1911680968802407,2.490974390978374,1.889438287476177,-1.200292582595088,0.38331154562200803
family_side,RANGE_MEAN_REVERSION_V2 | LONG,FOLD_1,True,2053,-0.02197886613835916,0.159207532504743,-0.18118639864310215,0.3365806137359961,-0.24025832000945363,0.3102404518749964,0.30394544568923526,0.6512420847540185,0.044812469556746226,-1.0,-1.093334331935291,1.4557271972660621,-1.3323878983730868,-1.1651674937965277,-1.093334331935291,1.2510214100967525,2.418264100382799,1.8458880770264778,-1.1703296169321795,0.44479197129905285
family_side,RANGE_MEAN_REVERSION_V2 | LONG,FOLD_2,True,1955,-0.04022644171468291,0.17940864171074125,-0.21963508342542418,0.3202046035805627,-0.242396552043108,0.31445773325898435,0.2823529411764706,0.6690537084398976,0.04859335038363171,-1.0,-1.1052371541501975,1.4917572639964616,-1.3521527635356878,-1.1822325533520897,-1.1052371541501975,1.1927010135997027,2.5968678889632315,1.9330580078149218,-1.1833031712349469,0.5402730480502052
family_side,RANGE_MEAN_REVERSION_V2 | LONG,FOLD_3,True,2077,-0.09249232753540167,0.19086276831355226,-0.2833550958489539,0.3042850264805007,-0.2777977930520243,0.30672797161756965,0.268175252768416,0.6783822821376986,0.053442465093885415,-1.0,-1.109304511278196,1.4508120880089845,-1.4070151543211813,-1.2016278497621775,-1.109304511278196,1.187965467027253,2.503521928512432,1.9043303660051603,-1.2015012406714103,0.3934657672330243
family_side,RANGE_MEAN_REVERSION_V2 | LONG,FOLD_4,True,2404,-0.10475413082993121,0.20827403408292514,-0.31302816491285634,0.29658901830282863,-0.2811815232307135,0.30940790663507506,0.2579034941763727,0.6722129783693843,0.06988352745424292,-1.0,-1.1290249831215489,1.4388572802501018,-1.4130424842677358,-1.2206822127675816,-1.1290249831215489,1.1339154547015236,2.372520391815866,1.8899093651283876,-1.2195478528208936,0.27693937695510157
family_side,RANGE_MEAN_REVERSION_V2 | LONG,FOLD_5,True,2401,-0.0429996766034455,0.21191717853035377,-0.25491685513379925,0.31695127030403997,-0.291281507782956,0.30900520112091484,0.2823823406913786,0.6613910870470637,0.05622657226155769,-1.0,-1.1262623152709357,1.480609013002406,-1.4202814569536437,-1.2167249240121607,-1.1262623152709357,1.1795411631419965,2.5032487091221034,1.8813413697897614,-1.2188461841290505,0.354984611134976
family_side,RANGE_MEAN_REVERSION_V2 | SHORT,POOLED,True,9700,0.029314451815706813,0.21478320297607678,-0.18546875116036998,0.33783505154639176,-0.24176677033020638,0.3187774909905227,0.3022680412371134,0.6494845360824743,0.04824742268041237,-1.0,-1.1221168667590655,1.54082765402945,-1.4375168918918981,-1.2191520002827252,-1.1221168667590655,1.2454913257374174,2.609684274610988,1.9233861843002293,-1.225344838495379,0.6009771450791169
family_side,RANGE_MEAN_REVERSION_V2 | SHORT,FOLD_1,True,2112,-0.04311595920418097,0.17234555292039508,-0.21546151212457607,0.31676136363636365,-0.21468143278631052,0.3168574889041542,0.2850378787878788,0.6714015151515151,0.043560606060606064,-1.0,-1.1084033039534043,1.4841399733360026,-1.347434106700013,-1.1858434388119758,-1.1084033039534043,1.2427819855510451,2.5330838565023455,1.9382737195658473,-1.1815816935170202,0.5824711806672839
family_side,RANGE_MEAN_REVERSION_V2 | SHORT,FOLD_2,True,2269,-0.0791101874264796,0.2117151936007219,-0.2908253810272015,0.3018951079770824,-0.23261815906737068,0.3140763755581589,0.2750110180696342,0.6884089907448215,0.036579991185544294,-1.0,-1.1314890710382512,1.4975352171820757,-1.4293957762421123,-1.219131679389312,-1.1314890710382512,1.1659959349593498,2.537030409500103,1.9349892374727307,-1.220430487817269,0.46983552092614506
family_side,RANGE_MEAN_REVERSION_V2 | SHORT,FOLD_3,True,2026,0.15207423148031718,0.22028258799508504,-0.06820835651476786,0.3805528134254689,-0.27146059879363765,0.3144731436842281,0.32773938795656465,0.6011846001974334,0.07107601184600197,-1.0,-1.1136155992877472,1.569768296419534,-1.442621476970856,-1.2212085321185135,-1.1136155992877472,1.3204788056321544,2.6744553381119247,1.8997713370698248,-1.2343114031480296,0.7205068813959492
family_side,RANGE_MEAN_REVERSION_V2 | SHORT,FOLD_4,True,1620,0.10249600995967328,0.23348169785019784,-0.13098568789052456,0.35617283950617284,-0.2443576705064487,0.3228242363209667,0.3117283950617284,0.6320987654320988,0.05617283950617284,-1.0,-1.1255366645166482,1.6090709695491154,-1.464353535036594,-1.2275269767971242,-1.1255366645166482,1.2835747079313808,2.703591113924218,1.9897323110926068,-1.2430691724801357,0.6141890234642053
family_side,RANGE_MEAN_REVERSION_V2 | SHORT,FOLD_5,True,1673,0.04827625499609989,0.24775171131181684,-0.19947545631571695,0.3436939629408249,-0.24989915353143652,0.32887118825871,0.32098027495517034,0.6443514644351465,0.034668260609683206,-1.0,-1.1392817781043332,1.5543307491474836,-1.510735000000003,-1.2592567567567698,-1.1392817781043332,1.2397487547611998,2.5288306714472255,1.8600209387160491,-1.2630640978564192,0.5005071548708133
family_side,TREND_PULLBACK_V2 | LONG,POOLED,True,796,-0.05669783481606909,0.46914705297090653,-0.5258448877869755,0.33668341708542715,-0.48237010507223355,0.34827712803755334,0.25879396984924624,0.5992462311557789,0.14195979899497488,-1.0,-1.0680016223231665,2.265870094710757,-2.2007499999999904,-1.26395493421053,-1.0680016223231665,1.2300687499999792,1.9382934877622378,1.5964880996709756,-1.6002571859966592,0.14047432309515806
family_side,TREND_PULLBACK_V2 | LONG,FOLD_1,True,209,-0.11528911340077383,0.6441241452813455,-0.7594132586821193,0.3397129186602871,-0.6394586467657327,0.35969729852724547,0.22966507177033493,0.6076555023923444,0.16267942583732056,-1.0,-1.0755051020408162,3.2461189188424764,-2.0414333333333756,-1.2879999999999998,-1.0755051020408162,0.571086956521737,1.9255166701510482,1.7497463374369382,-1.956841493150041,0.17099042260350603
family_side,TREND_PULLBACK_V2 | LONG,FOLD_2,True,162,0.09566257996159105,0.4266344011517652,-0.3309718211901741,0.38271604938271603,-0.4417789803863472,0.34448596499102313,0.3148148148148148,0.5555555555555556,0.12962962962962962,-1.0,-1.039238880918221,1.78054954247374,-2.499540624999957,-1.2438541666666698,-1.039238880918221,1.577866168478267,1.9319095756718532,1.7376485669413628,-1.6117170823340101,0.13414406967824824
family_side,TREND_PULLBACK_V2 | LONG,FOLD_3,True,169,-0.05391875646619706,0.5393938174121511,-0.5933125738783481,0.3076923076923077,-0.5524840798333795,0.346457529641266,0.2781065088757396,0.6331360946745562,0.08875739644970414,-1.0,-1.0993835877862594,2.21455402329675,-2.3351271186441838,-1.3021428571428664,-1.0993835877862594,1.2359000000000007,1.9586958011049724,1.157835966939195,-1.4752906935457193,0.21119925185393085
family_side,TREND_PULLBACK_V2 | LONG,FOLD_4,True,123,-0.05812206335264763,0.365491302803983,-0.4236133661566307,0.3252032520325203,-0.39729238583907045,0.34041198417054125,0.25203252032520324,0.5772357723577236,0.17073170731707318,-1.0,-1.0664799999999999,1.5590323082250088,-2.373565000000011,-1.2293189655172427,-1.0664799999999999,1.3013748201438853,1.918719209039548,1.686963792328484,-1.4849600454805485,0.04913531569858952
family_side,TREND_PULLBACK_V2 | LONG,FOLD_5,True,133,-0.15242185061236133,0.252566537044443,-0.4049883876568043,0.3233082706766917,-0.27454720820168943,0.34453485439700654,0.21804511278195488,0.6165413533834586,0.16541353383458646,-1.0,-1.055195652173913,1.2907280242390085,-1.6433531914893629,-1.224282608695658,-1.055195652173913,0.5799431137724577,1.944506136939983,1.7087751521694226,-1.2983049175826749,0.1383212850232319
family_side,TREND_PULLBACK_V2 | SHORT,POOLED,True,1010,-0.029914466484825743,0.4227877505041136,-0.45270221698893937,0.33762376237623765,-0.4135800284878113,0.354454407839261,0.2712871287128713,0.593069306930693,0.13564356435643565,-1.0,-1.0754211211855682,1.743658084820605,-2.208461363636349,-1.3023541666666665,-1.0754211211855682,1.3583618644067805,1.906818073770492,1.6838243146083163,-1.5610637091863218,0.12029241197882741
family_side,TREND_PULLBACK_V2 | SHORT,FOLD_1,True,273,0.10627532247040604,0.3459774255791019,-0.23970210310869586,0.39194139194139194,-0.35273717318097003,0.3554358369221679,0.3076923076923077,0.5238095238095238,0.1684981684981685,-1.0,-1.029105421686747,1.832862366336027,-1.837040909090934,-1.1755937499999995,-1.029105421686747,1.6272352941176385,1.9193045454545452,1.7473119001473172,-1.50482035249504,0.06470514447265421
family_side,TREND_PULLBACK_V2 | SHORT,FOLD_2,True,224,0.029933043962858896,0.3886527069250679,-0.3587196629622091,0.36607142857142855,-0.33817691501644986,0.37419677922111244,0.2857142857142857,0.5580357142857143,0.15625,-1.0,-1.0640575396825396,1.7743508190843889,-1.9966250000000083,-1.2587547560975614,-1.0640575396825396,1.544975105189337,1.91261327661589,1.7740660557652075,-1.570059221725862,0.06754201837784746
family_side,TREND_PULLBACK_V2 | SHORT,FOLD_3,True,208,-0.12731877761579594,0.39983844225631227,-0.5271572198721082,0.2932692307692308,-0.38074710701609693,0.35066131393233285,0.25961538461538464,0.6442307692307693,0.09615384615384616,-1.0,-1.1195963177115038,1.4600886943544402,-2.3187249999998913,-1.3368214285714237,-1.1195963177115038,0.6186308784609373,1.881181874669487,1.6028574876265511,-1.4569332465649405,-0.04869755127651443
family_side,TREND_PULLBACK_V2 | SHORT,FOLD_4,True,177,-0.2367446286441736,0.5446757167981091,-0.7814203454422824,0.2711864406779661,-0.5548813374064138,0.3399597366395984,0.21468926553672316,0.6949152542372882,0.0903954802259887,-1.0,-1.1865000000000023,1.6542091451854064,-2.49649999999997,-1.4624999999999921,-1.1865000000000023,0.3515147058823526,1.8464585630867028,1.5687259680576127,-1.6448096180688356,0.27428719331209084
family_side,TREND_PULLBACK_V2 | SHORT,FOLD_5,True,128,0.019174445174445595,0.5150905204083311,-0.49591607523388564,0.3359375,-0.5332621605493466,0.34401924382217564,0.265625,0.578125,0.15625,-1.0,-1.061192521338572,1.9480720627997312,-2.7225249999999503,-1.3248541666666669,-1.061192521338572,1.3789300305142609,1.8756850000000003,1.6143395265678744,-1.7039163597015476,0.3862504542334719
family_regime,BREAKOUT_VOL_EXPANSION_V2 | EXHAUSTION_REVERSAL,POOLED,False,126,0.08415995939018799,0.12726988954737725,-0.04310993015718929,0.35714285714285715,-0.13750524882811346,0.3265267665328002,0.14285714285714285,0.5555555555555556,0.30158730158730157,-1.0,-1.0557047905693504,1.60108687324941,-1.2706759868421043,-1.1261358286252354,-1.0557047905693504,0.7743878151260526,3.1790339275445665,3.027272917560467,-1.1453961309745018,0.5330254066400223
family_regime,BREAKOUT_VOL_EXPANSION_V2 | EXHAUSTION_REVERSAL,FOLD_1,False,19,-0.12036864833515766,0.09771460505158808,-0.21808325338674572,0.21052631578947367,-0.240098967280162,0.28765022755346725,0.21052631578947367,0.7368421052631579,0.05263157894736842,-1.0,-1.0676291866028704,1.5876636600060832,-1.154588384955752,-1.092118716125992,-1.0676291866028704,-0.5870967123840299,2.937978225546943,2.818609629687975,-1.0905622631751009,-0.15014864864865704
family_regime,BREAKOUT_VOL_EXPANSION_V2 | EXHAUSTION_REVERSAL,FOLD_2,False,25,0.3181704977454928,0.12306503073884816,0.19510546700664452,0.48,-0.14030338462047454,0.3354086746883606,0.16,0.48,0.36,0.0063291139240471105,-0.0577911392405097,1.8673962006514766,-1.266228375286038,-1.1427027027027046,-0.0577911392405097,0.9274374999999999,3.393479629629616,3.57363149962869,-1.1521657790017363,0.48990000274135426
family_regime,BREAKOUT_VOL_EXPANSION_V2 | EXHAUSTION_REVERSAL,FOLD_3,False,19,0.2333832288355627,0.11417281947318006,0.11921040936238257,0.3684210526315789,-0.14029107103910646,0.33412332515879106,0.21052631578947367,0.42105263157894735,0.3684210526315789,-0.5207667731629422,-0.5981964856230055,1.6174922308103623,-1.2114212499999977,-1.1186495323753893,-0.5981964856230055,0.9382404255319177,3.4897307044323833,2.6804373645965214,-1.145560156082353,0.1011042240225722
family_regime,BREAKOUT_VOL_EXPANSION_V2 | EXHAUSTION_REVERSAL,FOLD_4,False,30,0.02268149370064128,0.12054069005099138,-0.09785919635035006,0.3333333333333333,-0.10308148273441099,0.32243725479478297,0.06666666666666667,0.6,0.3333333333333333,-1.0,-1.0768668918918918,1.5481210182212546,-1.189465846267554,-1.119591530054645,-1.0768668918918918,0.7341788736979193,2.4078039027149343,3.784376050420172,-1.1280018974694797,0.9799506163099784
family_regime,BREAKOUT_VOL_EXPANSION_V2 | EXHAUSTION_REVERSAL,FOLD_5,False,33,-0.005388769727289969,0.16113025899993916,-0.16651902872722912,0.36363636363636365,-0.10600671293127298,0.34152547183477,0.12121212121212122,0.5454545454545454,0.3333333333333333,-1.0,-1.0699843749999998,1.3841432969581806,-1.4012171996326321,-1.12714406779661,-1.0699843749999998,0.5709466666666712,2.763692566657682,2.6578616098988306,-1.2008529295907449,0.4989798495490477
family_regime,BREAKOUT_VOL_EXPANSION_V2 | RANGE_EQUILIBRIUM,POOLED,True,9454,-0.012949017043612903,0.10793620190471763,-0.12088521894833053,0.3556166701925111,-0.1059472389441192,0.3599790078853196,0.14893166913475778,0.5412523799449969,0.3098159509202454,-1.0,-1.0482342436974792,1.3834966497384618,-1.2096906250000004,-1.1051268339768339,-1.0482342436974792,0.7160624999999916,2.577958440170931,2.2831768790113545,-1.120625733740067,0.47001706178300406
family_regime,BREAKOUT_VOL_EXPANSION_V2 | RANGE_EQUILIBRIUM,FOLD_1,True,1891,0.013881974304738854,0.09134711142365742,-0.07746513711891855,0.3744050766790058,-0.1278263465787744,0.3536818201221009,0.15388683236382866,0.5356953992596509,0.31041776837652035,-1.0,-1.0448216644649935,1.373837280531358,-1.168704987435814,-1.0905575083692018,-1.0448216644649935,0.8069822894496694,2.613778018634213,2.2786720845269803,-1.1017470569164183,0.5221288207276074
family_regime,BREAKOUT_VOL_EXPANSION_V2 | RANGE_EQUILIBRIUM,FOLD_2,True,2071,0.05306623882675314,0.10241150952471055,-0.04934527069795743,0.374215354901014,-0.11314334756283617,0.35798716718330925,0.1564461612747465,0.5301786576533076,0.3133751810719459,-1.0,-1.0424782823297136,1.442000986521775,-1.1924365785460092,-1.0974698536245353,-1.0424782823297136,0.8990357039222344,2.592461036311695,2.3468760593088387,-1.1133944075603617,0.5545842229117773
family_regime,BREAKOUT_VOL_EXPANSION_V2 | RANGE_EQUILIBRIUM,FOLD_3,True,1861,-0.09550718452328688,0.10895769660571074,-0.20446488112899758,0.3320795271359484,-0.06650810139564689,0.37399498935329123,0.13272434175174638,0.5583019881783987,0.30897367006985493,-1.0,-1.0529767441860465,1.3145338555408843,-1.2128767123287647,-1.1098,-1.0529767441860465,0.5324113924050641,2.4333770491803297,2.217742657485656,-1.1224441729557877,0.4137876791670292
family_regime,BREAKOUT_VOL_EXPANSION_V2 | RANGE_EQUILIBRIUM,FOLD_4,True,1755,-0.007149839304340665,0.11799221460043731,-0.12514205390477798,0.3561253561253561,-0.11021131867136456,0.35812569708939546,0.15042735042735042,0.5299145299145299,0.31965811965811963,-1.0,-1.0496551724137928,1.386088302007773,-1.231384615384614,-1.1149703196347036,-1.0496551724137928,0.6315275219298195,2.67035766423359,2.3002210908173244,-1.1353026354317428,0.4081083393455648
family_regime,BREAKOUT_VOL_EXPANSION_V2 | RANGE_EQUILIBRIUM,FOLD_5,True,1876,-0.036398807448735936,0.12033615078485795,-0.15673495823359393,0.3390191897654584,-0.11108382826709122,0.3563552888496379,0.15031982942430705,0.552771855010661,0.296908315565032,-1.0,-1.054443070652174,1.3858220377175465,-1.2267272877984108,-1.120082278481012,-1.054443070652174,0.6840630034932689,2.556849330357114,2.2559958207795807,-1.1317397345590454,0.4369631986205854
family_regime,BREAKOUT_VOL_EXPANSION_V2 | SHOCK,POOLED,True,3207,0.001047155482075072,0.06072134057658147,-0.05967418509450639,0.41627689429373244,-0.05489710310848452,0.41465443534511504,0.14717804801995635,0.3623323978796383,0.49048955410040534,-0.2183098591549322,-0.2626746880570432,1.0919238122694994,-1.11806733220051,-1.0471872208301558,-0.2626746880570432,0.5681857798165125,1.868517857142856,1.7865074324386596,-1.0774762832148619,0.13822048403467263
family_regime,BREAKOUT_VOL_EXPANSION_V2 | SHOCK,FOLD_1,True,622,0.1522825807087376,0.047350073388775615,0.104932507319962,0.4871382636655949,-0.15118761899555352,0.3686299078264711,0.17684887459807075,0.30064308681672025,0.522508038585209,0.0,-0.04289856487287956,1.1859748252656563,-1.0841495675675674,-1.0298273116685945,-0.04289856487287956,0.7058501998032293,2.177270761455542,1.9062174195992279,-1.0618051590273418,0.16658974810835137
family_regime,BREAKOUT_VOL_EXPANSION_V2 | SHOCK,FOLD_2,True,535,0.07931803217663201,0.05900055511796527,0.02031747705866672,0.4672897196261682,-0.0455033620923429,0.4180586106240812,0.16074766355140188,0.3233644859813084,0.5158878504672897,-0.05281690140844665,-0.10490160642570281,1.057324552819063,-1.1212594827586202,-1.0428798373607,-0.10490160642570281,0.786859578608457,1.8391869763205695,1.7123414341273713,-1.0772240095240555,0.18104434977932746
family_regime,BREAKOUT_VOL_EXPANSION_V2 | SHOCK,FOLD_3,True,711,-0.03137766145858319,0.06018048576605649,-0.09155814722463967,0.41350210970464135,0.010387468153874714,0.446537191116771,0.1420534458509142,0.360056258790436,0.4978902953586498,-0.21081081081081188,-0.251405982905985,1.0186964716354339,-1.1238861631016053,-1.04611200265252,-0.251405982905985,0.5634548511047086,1.8216198420960663,1.672375469410406,-1.0789656153147926,0.11923003512264721
family_regime,BREAKOUT_VOL_EXPANSION_V2 | SHOCK,FOLD_4,True,697,-0.09287849100703612,0.06885196465344111,-0.1617304556604772,0.3500717360114778,-0.03242868500255322,0.426596435533302,0.13916786226685796,0.4375896700143472,0.4232424677187948,-0.47938144329896987,-0.5311935483871004,1.1499943425053745,-1.1252635961680173,-1.0602616279069768,-0.5311935483871004,0.4177117647058817,1.8280818245614006,1.895123962454467,-1.0822635349547363,0.11368551256867344
family_regime,BREAKOUT_VOL_EXPANSION_V2 | SHOCK,FOLD_5,True,642,-0.07282065304573418,0.0668818564642559,-0.1397025095099901,0.38006230529595014,-0.06612882919765958,0.4081338883942363,0.12149532710280374,0.37538940809968846,0.5031152647975078,-0.3121816168327804,-0.36718686763687086,1.0129677012630165,-1.1165845633723124,-1.0556802447552447,-0.36718686763687086,0.44850682656826624,1.8006539915966495,1.712170280149282,-1.0821765436851176,0.1163041921704513
family_regime,BREAKOUT_VOL_EXPANSION_V2 | TREND_CONTINUATION,POOLED,True,3050,0.03392408098151925,0.07186427450899838,-0.03794019352747914,0.39344262295081966,-0.05635514078730685,0.3902087262426617,0.0921311475409836,0.4140983606557377,0.4937704918032787,-0.34538791384124434,-0.3781530623064846,1.2740552414999309,-1.1517355694980689,-1.0649506543075242,-0.3781530623064846,0.5841264153847422,2.4943674253731283,2.5228990461364367,-1.089686002302945,0.36628233644453506
family_regime,BREAKOUT_VOL_EXPANSION_V2 | TREND_CONTINUATION,FOLD_1,True,805,0.022241375972882338,0.06039238373455068,-0.038151007761668354,0.41739130434782606,-0.10469377008478395,0.3726994576465949,0.07950310559006211,0.39006211180124223,0.5304347826086957,-0.2393162393162393,-0.2831440677966119,1.1702388811398057,-1.1241065809544568,-1.0502057522123893,-0.2831440677966119,0.6361357868020289,2.0285088539208003,2.320593950418887,-1.0787862708859315,0.373558114714826
family_regime,BREAKOUT_VOL_EXPANSION_V2 | TREND_CONTINUATION,FOLD_2,True,668,0.14453851928177025,0.06827899066647863,0.07625952861529162,0.4341317365269461,-0.05190137221376425,0.3962531968121544,0.10329341317365269,0.3937125748502994,0.5029940119760479,-0.19902223304122002,-0.22555569641832157,1.3472719074645254,-1.12997525,-1.062644078473722,-0.22555569641832157,0.7623402458084684,2.7077594338117983,2.531569454410808,-1.083899479428442,0.48014474955461106
family_regime,BREAKOUT_VOL_EXPANSION_V2 | TREND_CONTINUATION,FOLD_3,True,580,0.03001479288815416,0.07097800623554851,-0.04096321334739434,0.3724137931034483,-0.0022610090504328814,0.4088976218096284,0.1,0.4017241379310345,0.4982758620689655,-0.3607663101018572,-0.3966125722103998,1.3193293016243433,-1.1503604770229765,-1.066479134366925,-0.3966125722103998,0.49855247166626737,2.731027311827945,2.631320543190265,-1.088932085943734,0.2676329438697783
family_regime,BREAKOUT_VOL_EXPANSION_V2 | TREND_CONTINUATION,FOLD_4,True,493,-0.0015059613641768535,0.08584765955859261,-0.08735362092276946,0.3630831643002028,-0.04811415238364523,0.3906120634268263,0.10344827586206896,0.4421906693711968,0.4543610547667343,-0.5249999999999972,-0.5870249999999972,1.3056167121956905,-1.179352631578945,-1.0802857142857145,-0.5870249999999972,0.4483529411764706,2.609651336898397,2.6225698042093915,-1.1086188020627379,0.2895647487503235
family_regime,BREAKOUT_VOL_EXPANSION_V2 | TREND_CONTINUATION,FOLD_5,True,504,-0.05486851680029623,0.08228107698793602,-0.13714959378823222,0.3551587301587302,-0.05536292751954791,0.38826200048627024,0.07738095238095238,0.4662698412698413,0.45634920634920634,-0.5388994307400365,-0.5734683938557371,1.2368756860712422,-1.1651954502814263,-1.074965407754011,-0.5734683938557371,0.4608597670657242,2.2740241452990655,2.5479660323966593,-1.0939101867497454,0.3851079276237017
family_regime,BREAKOUT_VOL_EXPANSION_V2 | VOL_EXPANSION,POOLED,True,11591,0.003454266691584607,0.08089161065682499,-0.07743734396524041,0.39746354930549566,-0.07911445314469084,0.3915789063267238,0.14882236217755154,0.4431024070399448,0.4080752307825037,-0.38562091503268686,-0.44075487804878033,1.2020590904980435,-1.1537613636363644,-1.0735784661910672,-0.44075487804878033,0.6869212693798465,2.178076556776559,1.9574392724723344,-1.0948919534431298,0.2852444131010651
family_regime,BREAKOUT_VOL_EXPANSION_V2 | VOL_EXPANSION,FOLD_1,True,2232,0.03908515593755411,0.0660432787080233,-0.02695812277046919,0.4099462365591398,-0.11314539201426858,0.37700889211679883,0.1586021505376344,0.4265232974910394,0.41487455197132617,-0.3333333333333321,-0.37302906976743877,1.206551678273944,-1.1209139847919516,-1.0605281888492044,-0.37302906976743877,0.791531106824212,2.1477057648809583,1.9533999052324469,-1.0760428252003391,0.2945126059554528
family_regime,BREAKOUT_VOL_EXPANSION_V2 | VOL_EXPANSION,FOLD_2,True,2491,0.038920373100343526,0.07747192905858356,-0.03855155595824005,0.41870734644720997,-0.07277034098995452,0.3938321586618485,0.15616218386190284,0.4379767161782417,0.4058610999598555,-0.317525773195875,-0.36754729729729496,1.208623363943458,-1.1441635638297873,-1.0680978971962616,-0.36754729729729496,0.7869455128205103,2.2114746716836455,1.9294408151197961,-1.0892586454364659,0.33807792205500264
family_regime,BREAKOUT_VOL_EXPANSION_V2 | VOL_EXPANSION,FOLD_3,True,2300,-0.01874407221770419,0.082561785779483,-0.1013058579971872,0.39,-0.045710551225544224,0.404603289401821,0.14043478260869566,0.45521739130434785,0.4043478260869565,-0.45144947577502226,-0.4992068937163261,1.1984053732497952,-1.1623797204412059,-1.0776371473354236,-0.4992068937163261,0.6431148741418733,2.161450584279919,1.9345304939896155,-1.096955591166438,0.3125329903215957
family_regime,BREAKOUT_VOL_EXPANSION_V2 | VOL_EXPANSION,FOLD_4,True,2230,0.008276637698984537,0.08645045502210309,-0.07817381732311855,0.39103139013452914,-0.0821234864440905,0.391128205300656,0.15426008968609867,0.4439461883408072,0.40179372197309415,-0.3903637123745791,-0.44386574278834534,1.2262528440562115,-1.1627722222222217,-1.080310882092198,-0.44386574278834534,0.6245861518902307,2.2734201022816625,2.0115848174693087,-1.1009293521992842,0.24956168397019493
family_regime,BREAKOUT_VOL_EXPANSION_V2 | VOL_EXPANSION,FOLD_5,True,2338,-0.051110285796165625,0.09176512565009326,-0.14287541144625887,0.3763900769888794,-0.08337662507665265,0.3907048269277351,0.1347305389221557,0.4516680923866553,0.4136013686911891,-0.42294197031039277,-0.48464866666666934,1.1668166017183381,-1.1738863193768254,-1.08317946708464,-0.48464866666666934,0.5219838709677471,2.1229364383421805,1.9609148403580996,-1.1099986349369857,0.22795002256391125
family_regime,MOMENTUM_CONTINUATION_V1 | RANGE_EQUILIBRIUM,POOLED,False,108,0.02351670871473457,0.07119903588904686,-0.0476823271743123,0.4444444444444444,-0.1214875054157379,0.40254555728510727,0.2777777777777778,0.46296296296296297,0.25925925925925924,-0.2814451003304765,-0.3301327852143306,1.084468694303651,-1.1175527669902918,-1.0628291678947805,-0.3301327852143306,1.3460109760522472,1.4499438698236184,1.4087887632302118,-1.073397162000434,0.22344656672462945
family_regime,MOMENTUM_CONTINUATION_V1 | RANGE_EQUILIBRIUM,FOLD_1,False,26,-0.010663304811859124,0.057546213646273166,-0.06820951845813229,0.4230769230769231,-0.10349638852431119,0.40559729946570056,0.23076923076923078,0.4230769230769231,0.34615384615384615,-0.24361795606494796,-0.2855608299904494,1.0450770633077502,-1.0779127503852077,-1.0612304569831126,-0.2855608299904494,1.1824926322523202,1.455440953880537,1.4307948360643075,-1.0592833892311233,0.14376675391611893
family_regime,MOMENTUM_CONTINUATION_V1 | RANGE_EQUILIBRIUM,FOLD_2,False,32,0.13491578975716081,0.07965353369145572,0.05526225606570509,0.5,-0.13531072493948032,0.3967753104293824,0.34375,0.4375,0.21875,0.025808457711443536,-0.06714385105721367,1.1216276234332605,-1.1524331243973007,-1.0658868334430545,-0.06714385105721368,1.3909522058823527,1.4488492954371166,1.419312132884849,-1.0880249521464855,0.19832972320286033
family_regime,MOMENTUM_CONTINUATION_V1 | RANGE_EQUILIBRIUM,FOLD_3,False,14,-0.24077512553105299,0.05936095976726071,-0.3001360852983136,0.42857142857142855,-0.12059406779309804,0.40751809490236296,0.14285714285714285,0.5,0.35714285714285715,-0.7474747474747481,-0.7861677398989906,0.9085291519784829,-1.1155899514563117,-1.0561061633808313,-0.7861677398989906,0.342956076827876,1.4180130681818208,1.4212573051948072,-1.0752061231459695,0.09640461149115645
family_regime,MOMENTUM_CONTINUATION_V1 | RANGE_EQUILIBRIUM,FOLD_4,False,13,0.05636187711659408,0.08701459705653909,-0.03065271993994503,0.46153846153846156,-0.13480357965911824,0.40318594414748665,0.3076923076923077,0.5384615384615384,0.15384615384615385,-1.0,-1.0549801136363637,1.1658822265117397,-1.1036399999999997,-1.0845869565217388,-1.0549801136363637,1.3354615384615485,1.4299045667447328,1.3775892209736993,-1.0802306528797287,0.8263861635220093
family_regime,MOMENTUM_CONTINUATION_V1 | RANGE_EQUILIBRIUM,FOLD_5,False,23,0.04947358908650188,0.07313643672220517,-0.023662847635703227,0.391304347826087,-0.11561033915357932,0.4037352114953359,0.30434782608695654,0.4782608695652174,0.21739130434782608,-0.16365428853105612,-0.20579629629629792,1.1008975338619926,-1.0820723275514323,-1.058378868788143,-0.20579629629629792,1.3595493311036844,1.4100082897684845,1.38765556064325,-1.063394005113514,0.28789992722494634
family_regime,MOMENTUM_CONTINUATION_V1 | SHOCK,POOLED,False,67,0.11095416718134368,0.04465973072100842,0.06629443646033528,0.4925373134328358,-0.09677712844880611,0.4006682688622222,0.23880597014925373,0.31343283582089554,0.44776119402985076,0.014625228519200157,-0.03056250000000004,0.9784331138342747,-1.0791981481481483,-1.030583712153701,-0.03056250000000004,1.1229996476510054,1.4761498930481294,1.4497725110739466,-1.0540265689473978,0.11266416711848892
family_regime,MOMENTUM_CONTINUATION_V1 | SHOCK,FOLD_1,False,25,0.03711339974635561,0.0343920094570451,0.002721390289310506,0.44,-0.12058710517389391,0.38707651074936067,0.16,0.24,0.6,-0.10931174089068706,-0.12705668016194213,0.8882423925773525,-1.0500837200870194,-0.8523864097363075,-0.12705668016194213,0.3587749999999976,1.4686645092612303,1.4629384174946058,-1.0438825856733702,0.031971773419637334
family_regime,MOMENTUM_CONTINUATION_V1 | SHOCK,FOLD_2,False,9,0.30718058094657796,0.053614423359517875,0.25356615758706014,0.4444444444444444,-0.07371838990460386,0.41022773220177716,0.4444444444444444,0.3333333333333333,0.2222222222222222,0.014625228519200157,-0.05955484460694278,1.1139757022206291,-1.0620965909090911,-1.030240458015267,-0.05955484460694278,1.4678331717720046,1.4702022274645024,1.4444418197059101,-1.0500773117626647,-0.17271996262605208
family_regime,MOMENTUM_CONTINUATION_V1 | SHOCK,FOLD_3,False,11,0.40045346257752173,0.058768045108100984,0.3416854174694207,0.7272727272727273,-0.06686795470149756,0.4235194776733202,0.36363636363636365,0.2727272727272727,0.36363636363636365,0.5298245614035081,0.4916245614035082,0.9913555588175635,-1.0668597215059306,-0.49274016731855724,0.4916245614035082,1.365957131305178,1.478422780748664,1.422189956026921,-1.0652567634898293,0.3163875146313581
family_regime,MOMENTUM_CONTINUATION_V1 | SHOCK,FOLD_4,False,11,-0.007310307486304346,0.036246673566140704,-0.04355698105244501,0.45454545454545453,-0.0891046968590822,0.4033742902471705,0.18181818181818182,0.45454545454545453,0.36363636363636365,-0.08966861598440684,-0.12208674463937755,1.0088751422724564,-1.049376082920792,-1.0321718164794007,-0.12208674463937755,0.7509556690140853,1.468344782168186,1.468344782168186,-1.0352974206296424,0.4401676868087361
family_regime,MOMENTUM_CONTINUATION_V1 | SHOCK,FOLD_5,False,11,-0.053009611548314337,0.05497363692991974,-0.10798324847823411,0.45454545454545453,-0.09911139094680448,0.3981800189175887,0.18181818181818182,0.36363636363636365,0.45454545454545453,-0.24444444444444197,-0.2963444444444419,0.9304856725302857,-1.1115667857142855,-1.0628197667604313,-0.2963444444444419,0.38056653320437506,1.470694919968512,1.470694919968512,-1.0871932762373584,0.04391350635036698
family_regime,MOMENTUM_CONTINUATION_V1 | TREND_CONTINUATION,POOLED,True,1527,0.0053125384768306135,0.05624411961092364,-0.05093158113409301,0.42763588736083824,-0.0990613540564991,0.41093360372695636,0.26981008513425014,0.4361493123772102,0.29404060248853964,-0.31571815718156987,-0.3514166666666673,1.0608532632966583,-1.1027852777777778,-1.0524964285714287,-0.3514166666666673,1.381911961722487,1.4643677018633532,1.4357983573867519,-1.0627291174188165,0.0856484288771273
family_regime,MOMENTUM_CONTINUATION_V1 | TREND_CONTINUATION,FOLD_1,True,459,-0.020454397221699304,0.0534411326648327,-0.07389552988653199,0.41830065359477125,-0.10713597157946432,0.40577340434917925,0.24618736383442266,0.42701525054466233,0.32679738562091504,-0.3252032520325197,-0.3649227642276418,1.0366477999328936,-1.0989047297297294,-1.0493908333333333,-0.3649227642276418,1.1916530230819546,1.4616296145902627,1.4387388076239984,-1.0603160824392015,0.07550945785769003
family_regime,MOMENTUM_CONTINUATION_V1 | TREND_CONTINUATION,FOLD_2,True,382,0.0606172136026025,0.06167174971935131,-0.0010545361167488168,0.45287958115183247,-0.09424323583836153,0.414595199822088,0.2879581151832461,0.4109947643979058,0.3010471204188482,-0.2540380514086876,-0.28065846985012255,1.0682762970874276,-1.1050375343511447,-1.0568121497145821,-0.28065846985012255,1.3927244680851012,1.4535469128460208,1.4268293544679367,-1.069099499754546,0.09125704063819734
family_regime,MOMENTUM_CONTINUATION_V1 | TREND_CONTINUATION,FOLD_3,True,270,-0.060413735160590336,0.05495356759099904,-0.11536730275158938,0.4074074074074074,-0.09248004523627816,0.41279225915383894,0.25555555555555554,0.4925925925925926,0.2518518518518518,-0.7548370171181216,-0.7831231635731619,1.0721576906695727,-1.1083147796530706,-1.05375,-0.7831231635731619,1.3569682692307736,1.467014907978382,1.4399086996235084,-1.0629967497169015,0.15993670140289273
family_regime,MOMENTUM_CONTINUATION_V1 | TREND_CONTINUATION,FOLD_4,True,201,0.18434965292760455,0.05872094102681289,0.12562871190079167,0.48756218905472637,-0.10665408822491132,0.4104390896552579,0.3333333333333333,0.3383084577114428,0.3283582089552239,-0.026011560693642598,-0.06273134328358197,1.0619124745558692,-1.0897272727272729,-1.0353885869565218,-0.06273134328358197,1.417650000000003,1.4686985294117647,1.4334786195856464,-1.0614873682473567,0.021052191221834063
family_regime,MOMENTUM_CONTINUATION_V1 | TREND_CONTINUATION,FOLD_5,True,215,-0.1227792221507114,0.05188981378591092,-0.17466903593662234,0.37209302325581395,-0.09155012396299361,0.4135724975372475,0.24651162790697675,0.5209302325581395,0.23255813953488372,-1.0,-1.0146328781512606,1.0574127410609442,-1.102091666666667,-1.0563262817163466,-1.0146328781512606,0.9828467343893479,1.4738367713807918,1.44572530573767,-1.058458123466219,0.0874005179549241
family_regime,MOMENTUM_CONTINUATION_V1 | VOL_EXPANSION,POOLED,True,361,-0.06291401051988865,0.04351340848470252,-0.10642741900459118,0.3988919667590028,-0.11717525794670423,0.3981301410472567,0.20498614958448755,0.3988919667590028,0.3961218836565097,-0.29729729729729815,-0.34548647783645403,0.9839090071043968,-1.0808478260869565,-1.0362068965517242,-0.34548647783645403,0.7107407407407437,1.4700229007633587,1.4519141256479904,-1.0519302877511256,0.03927285229058341
family_regime,MOMENTUM_CONTINUATION_V1 | VOL_EXPANSION,FOLD_1,True,114,0.0024146067705881104,0.04079744942517618,-0.03838284265458812,0.43859649122807015,-0.14388504784324424,0.3863707633118674,0.22807017543859648,0.3684210526315789,0.40350877192982454,-0.13560606060605962,-0.1716916666666657,0.9968445553114649,-1.0720342909090912,-1.033088738972496,-0.1716916666666657,0.9117102507975922,1.4666618793309303,1.4523262144241942,-1.0510949044066,0.043692616248372146
family_regime,MOMENTUM_CONTINUATION_V1 | VOL_EXPANSION,FOLD_2,True,72,-0.17661933400339488,0.04776952792344954,-0.22438886192684443,0.3611111111111111,-0.0772832933560956,0.41393022851901823,0.125,0.4166666666666667,0.4583333333333333,-0.46551340031103555,-0.48673858099340667,0.8968742357926791,-1.0950633540372663,-1.0454724813432836,-0.48673858099340667,0.2922426359247359,1.4610325949367082,1.448406400342988,-1.0569832336779363,0.07629822268237575
family_regime,MOMENTUM_CONTINUATION_V1 | VOL_EXPANSION,FOLD_3,True,65,-0.10716748657132323,0.04321178419611698,-0.15037927076744023,0.36923076923076925,-0.14063511016482286,0.386452303137717,0.13846153846153847,0.35384615384615387,0.5076923076923077,-0.2285714285714279,-0.2661827125790586,0.8812879887745564,-1.0824441414885781,-1.0307,-0.2661827125790586,0.4899859813084096,1.463636214605067,1.4593605553930629,-1.0567796966919747,0.0423344068331588
family_regime,MOMENTUM_CONTINUATION_V1 | VOL_EXPANSION,FOLD_4,True,60,0.02458282774678365,0.044647207030935075,-0.02006437928415144,0.4166666666666667,-0.1075471824687599,0.4030451987263437,0.3333333333333333,0.5,0.16666666666666666,-0.8641975308641974,-0.885025064441731,1.1561081466580052,-1.07906875,-1.037104447776112,-0.885025064441731,1.4403566805616503,1.4735306470588234,1.4538037922326805,-1.048187503851361,0.11656865138381307
family_regime,MOMENTUM_CONTINUATION_V1 | VOL_EXPANSION,FOLD_5,True,50,-0.0955942791790685,0.042608536468308936,-0.13820281564737744,0.38,-0.09477724868304843,0.4114725163921051,0.2,0.38,0.42,-0.44092614533965313,-0.46384791666666736,0.9533792037152887,-1.060820679567957,-1.0357774043862054,-0.46384791666666736,0.5965259452659143,1.469546413672173,1.443518527664416,-1.0458379105942406,-0.07020979798678388
family_regime,RANGE_MEAN_REVERSION_V2 | EXHAUSTION_REVERSAL,POOLED,False,2,1.0350877192982815,0.16426885076722908,0.8708188685310525,0.5,-0.37935753855197163,0.26498172702653444,0.5,0.5,0.0,1.0350877192982815,0.8708188685310525,1.9308477981356809,-0.8669441497910603,-0.09460503053678793,0.8708188685310525,1.8362427675988928,2.608581886853165,2.8016666666667334,-1.0600289296046284,
family_regime,RANGE_MEAN_REVERSION_V2 | EXHAUSTION_REVERSAL,FOLD_1,False,0,,,,,,,,,,,,,,,,,,,,
family_regime,RANGE_MEAN_REVERSION_V2 | EXHAUSTION_REVERSAL,FOLD_2,False,0,,,,,,,,,,,,,,,,,,,,
family_regime,RANGE_MEAN_REVERSION_V2 | EXHAUSTION_REVERSAL,FOLD_3,False,0,,,,,,,,,,,,,,,,,,,,
family_regime,RANGE_MEAN_REVERSION_V2 | EXHAUSTION_REVERSAL,FOLD_4,False,0,,,,,,,,,,,,,,,,,,,,
family_regime,RANGE_MEAN_REVERSION_V2 | EXHAUSTION_REVERSAL,FOLD_5,False,2,1.0350877192982815,0.16426885076722908,0.8708188685310525,0.5,-0.37935753855197163,0.26498172702653444,0.5,0.5,0.0,1.0350877192982815,0.8708188685310525,1.9308477981356809,-0.8669441497910603,-0.09460503053678793,0.8708188685310525,1.8362427675988928,2.608581886853165,2.8016666666667334,-1.0600289296046284,
family_regime,RANGE_MEAN_REVERSION_V2 | RANGE_EQUILIBRIUM,POOLED,True,17646,-0.01015823286341601,0.20164031347555564,-0.21179854633897163,0.334806755071971,-0.2568825676887369,0.3201417113888421,0.29972798367902076,0.6488155956024028,0.05145642071857645,-1.0,-1.1142420242846771,1.4765052706961819,-1.4086743951612872,-1.2062608619742168,-1.1142420242846771,1.2212616483342993,2.4546875000001127,1.8415829422021615,-1.2110109773122735,0.4265807811051703
family_regime,RANGE_MEAN_REVERSION_V2 | RANGE_EQUILIBRIUM,FOLD_1,True,3529,-0.031901082327912805,0.1650216263461805,-0.19692270867409326,0.33323887786908474,-0.227487398959781,0.3199345981164817,0.3006517427033154,0.654576367242845,0.044771890053839615,-1.0,-1.0977561222197258,1.4417211084602055,-1.3364026176229118,-1.1723520941287302,-1.0977561222197258,1.2510214100967525,2.4058409879165428,1.826536280637753,-1.1747699309686546,0.5115399232282348
family_regime,RANGE_MEAN_REVERSION_V2 | RANGE_EQUILIBRIUM,FOLD_2,True,3619,-0.05961513557803676,0.19644686975836434,-0.2560620053364011,0.318319977894446,-0.23926128825977327,0.3206545459318341,0.2876485216910749,0.6709035645205857,0.04144791378833932,-1.0,-1.1172515243902428,1.461116569875264,-1.3919344236265598,-1.201907993002391,-1.1172515243902428,1.1878572265560408,2.445802617081321,1.8548101619423683,-1.2038118163871356,0.4353954286234974
family_regime,RANGE_MEAN_REVERSION_V2 | RANGE_EQUILIBRIUM,FOLD_3,True,3565,0.04645004035577674,0.20500184983122366,-0.15855180947544695,0.3534361851332398,-0.27641625198482817,0.3159543863791917,0.3107994389901823,0.6288920056100982,0.06030855539971949,-1.0,-1.1076988005330974,1.501863751506759,-1.4151753644541003,-1.2114274570982868,-1.1076988005330974,1.2606543849549008,2.521400904681775,1.8534164106430464,-1.2156624106515892,0.49624437631813684
family_regime,RANGE_MEAN_REVERSION_V2 | RANGE_EQUILIBRIUM,FOLD_4,True,3442,-0.008521441166891908,0.21648482660923904,-0.22500626777613095,0.33033120278907613,-0.26716537230509746,0.3204161588459052,0.2902382335851249,0.6452643811737362,0.06449738524113888,-1.0,-1.12571765116482,1.4941817065264866,-1.4286110620081247,-1.21767327716111,-1.12571765116482,1.2082152297304223,2.4083010704281373,1.8753792329655847,-1.2262128582810998,0.33983482353270805
family_regime,RANGE_MEAN_REVERSION_V2 | RANGE_EQUILIBRIUM,FOLD_5,True,3491,0.0036695287059232986,0.22597251868265536,-0.22230298997673203,0.33887138355771984,-0.27477886178579425,0.3238249311079095,0.3093669435691779,0.6439415640217703,0.04669149240905185,-1.0,-1.1290588914549666,1.4816241320449655,-1.4528337264904443,-1.231760496599234,-1.1290588914549666,1.208366936930462,2.456648974159216,1.8002134928180147,-1.23636884590724,0.36237334568863977
family_regime,RANGE_MEAN_REVERSION_V2 | TREND_CONTINUATION,POOLED,True,2253,-0.04987986579996203,0.19532249310695018,-0.2452023589069122,0.2756324900133156,-0.24180489116188042,0.2757972434943105,0.2272525521526853,0.7075011096316023,0.06524633821571238,-1.0,-1.1220458653411656,1.6405109104479807,-1.4249715909090943,-1.2074896388395462,-1.1220458653411656,1.0427568218298306,3.1709051040022502,2.4436750352294894,-1.2046775835158066,0.7935614657783925
family_regime,RANGE_MEAN_REVERSION_V2 | TREND_CONTINUATION,FOLD_1,True,507,-0.02070282115569196,0.16166266627995649,-0.18236548743564848,0.2978303747534517,-0.22189913451917792,0.27698753258986986,0.2603550295857988,0.6903353057199211,0.04930966469428008,-1.0,-1.1069018404907969,1.6185458291901318,-1.3361405216405178,-1.1810785328768354,-1.1069018404907969,1.2057831510763029,3.140734298413546,2.3088197061651163,-1.1744588700816716,0.553484047396638
family_regime,RANGE_MEAN_REVERSION_V2 | TREND_CONTINUATION,FOLD_2,True,445,-0.11202117741305,0.1841778126999345,-0.29619899011298456,0.251685393258427,-0.2216879537046525,0.2723258859611884,0.20449438202247192,0.7393258426966293,0.056179775280898875,-1.0,-1.1269858541893374,1.6499037364467908,-1.358727300450543,-1.1895513675783838,-1.1269858541893374,0.031854658938924946,3.45316241109693,2.6160146809590485,-1.1874204865623372,0.8318181404582977
family_regime,RANGE_MEAN_REVERSION_V2 | TREND_CONTINUATION,FOLD_3,True,423,-0.05527125464496233,0.19693905959196956,-0.25221031423693185,0.2765957446808511,-0.2529067530492461,0.27380789140733275,0.2127659574468085,0.7021276595744681,0.0851063829787234,-1.0,-1.1158811475409838,1.606360546204568,-1.4868906917794142,-1.2093867919021148,-1.1158811475409838,1.1011763988122127,3.159484689002415,2.401529029706279,-1.2131494576787738,1.0411892593002374
family_regime,RANGE_MEAN_REVERSION_V2 | TREND_CONTINUATION,FOLD_4,True,462,-0.09988347643899222,0.22224172185595148,-0.32212519829494374,0.2619047619047619,-0.25471583139092274,0.2795782564374998,0.2077922077922078,0.7186147186147186,0.0735930735930736,-1.0,-1.143194194924769,1.596581511932397,-1.4689874881892202,-1.250832303624038,-1.143194194924769,0.33959830583035155,2.853962537504835,2.443686163644775,-1.233010826489861,0.7630553256609256
family_regime,RANGE_MEAN_REVERSION_V2 | TREND_CONTINUATION,FOLD_5,True,416,0.04204885446409164,0.21672735771561846,-0.1746785032515268,0.28846153846153844,-0.2619570878497248,0.2758836509073607,0.24759615384615385,0.6875,0.06490384615384616,-1.0,-1.1297379425703922,1.7311691023950966,-1.4536938568311364,-1.2125643195666893,-1.1297379425703922,1.1736026005273361,3.3309230350828622,2.501054334688994,-1.2198221685013002,0.688677272806307
family_regime,RANGE_MEAN_REVERSION_V2 | VOL_EXPANSION,POOLED,True,689,-0.14082946609056624,0.24439018107041055,-0.3852196471609768,0.2467343976777939,-0.27008945766180037,0.28377428027030244,0.23367198838896952,0.7460087082728593,0.020319303338171262,-1.0,-1.1700437693099894,1.627603892200953,-1.4859080596369887,-1.2737314356435634,-1.1700437693099894,-0.4577981651376297,3.042621215707757,2.3115545074358224,-1.2552826278093692,0.5456184359239484
family_regime,RANGE_MEAN_REVERSION_V2 | VOL_EXPANSION,FOLD_1,True,129,-0.10161448186156201,0.20560140170932506,-0.307215883570887,0.2558139534883721,-0.24303585188996626,0.28406812782025853,0.2558139534883721,0.7364341085271318,0.007751937984496124,-1.0,-1.1497470489038788,1.6205488921563203,-1.3943645287958122,-1.2305498851747891,-1.1497470489038788,1.2081760778051787,2.9615523347889283,2.3016892203851804,-1.2150988860976981,-0.15219907407407002
family_regime,RANGE_MEAN_REVERSION_V2 | VOL_EXPANSION,FOLD_2,True,160,0.04658056739271851,0.2389082532346613,-0.1923276858419428,0.29375,-0.23223825348406466,0.2860646480171274,0.275,0.70625,0.01875,-1.0,-1.162682208188572,1.7775671401780295,-1.4674974355140669,-1.2523701418978188,-1.162682208188572,1.314524361289421,3.2422773864070207,2.3992406806259576,-1.2438631829992077,1.4058399988858266
family_regime,RANGE_MEAN_REVERSION_V2 | VOL_EXPANSION,FOLD_3,True,115,-0.22798977796027536,0.24850153225717134,-0.47649131021744656,0.22608695652173913,-0.30053647355843993,0.2782474838853724,0.2,0.7652173913043478,0.034782608695652174,-1.0,-1.1586205976520823,1.5181471969235703,-1.5205214363949389,-1.288309399691944,-1.1586205976520823,-1.068745191549682,2.865912090140414,2.279877652746836,-1.2555229946461137,0.8130842101686033
family_regime,RANGE_MEAN_REVERSION_V2 | VOL_EXPANSION,FOLD_4,True,120,-0.08590356474356237,0.2592889980518513,-0.3451925627954137,0.26666666666666666,-0.28798235408608713,0.2896191430746317,0.25,0.725,0.025,-1.0,-1.1805650917393458,1.6733952725339,-1.4762299585518217,-1.2744227188081962,-1.1805650917393458,0.9838948862683934,2.8324725618227045,2.282029934628317,-1.2748713809340948,0.3432681889890286
family_regime,RANGE_MEAN_REVERSION_V2 | VOL_EXPANSION,FOLD_5,True,165,-0.3324174092389967,0.26633077238586234,-0.598748181624859,0.19393939393939394,-0.2937109935040814,0.2809247825388548,0.18787878787878787,0.793939393939394,0.01818181818181818,-1.0,-1.2005952380952385,1.486096213098766,-1.5373856285779184,-1.3099602724177049,-1.2005952380952385,-1.0957015306122448,2.558250148793621,2.2496728201576617,-1.2811030776007606,-0.23626807576320993
family_regime,TREND_PULLBACK_V2 | EXHAUSTION_REVERSAL,POOLED,False,1,2.0,0.1172027027027031,1.8827972972972968,1.0,-0.23639525663241537,0.3037926330059812,1.0,0.0,0.0,2.0,1.8827972972972968,0.0,1.8827972972972968,1.8827972972972968,1.8827972972972968,1.8827972972972968,1.8827972972972968,1.8827972972972968,,
family_regime,TREND_PULLBACK_V2 | EXHAUSTION_REVERSAL,FOLD_1,False,1,2.0,0.1172027027027031,1.8827972972972968,1.0,-0.23639525663241537,0.3037926330059812,1.0,0.0,0.0,2.0,1.8827972972972968,0.0,1.8827972972972968,1.8827972972972968,1.8827972972972968,1.8827972972972968,1.8827972972972968,1.8827972972972968,,
family_regime,TREND_PULLBACK_V2 | EXHAUSTION_REVERSAL,FOLD_2,False,0,,,,,,,,,,,,,,,,,,,,
family_regime,TREND_PULLBACK_V2 | EXHAUSTION_REVERSAL,FOLD_3,False,0,,,,,,,,,,,,,,,,,,,,
family_regime,TREND_PULLBACK_V2 | EXHAUSTION_REVERSAL,FOLD_4,False,0,,,,,,,,,,,,,,,,,,,,
family_regime,TREND_PULLBACK_V2 | EXHAUSTION_REVERSAL,FOLD_5,False,0,,,,,,,,,,,,,,,,,,,,
family_regime,TREND_PULLBACK_V2 | RANGE_EQUILIBRIUM,POOLED,True,1264,-0.06277217537757622,0.5602780298010807,-0.623050205178657,0.31170886075949367,-0.5595622740398717,0.3365392704927616,0.2990506329113924,0.6693037974683544,0.03164556962025317,-1.0,-1.1472075991189423,2.202139648622719,-2.4819624999999554,-1.3583218750000026,-1.1472075991189423,1.4802083333333322,1.9010710526315795,1.5987581905830075,-1.6553401859693047,0.21379354859581481
family_regime,TREND_PULLBACK_V2 | RANGE_EQUILIBRIUM,FOLD_1,True,312,0.013926242580794815,0.6417244596006424,-0.6277982170198476,0.34615384615384615,-0.6256036148203171,0.34490329508306045,0.32371794871794873,0.6442307692307693,0.03205128205128205,-1.0,-1.1307741027819076,3.0118279453875294,-2.087111111111108,-1.321602150537637,-1.1307741027819076,1.6257292780748616,1.8986990366972476,1.7250359052547737,-1.8566284235085195,0.30806429842878347
family_regime,TREND_PULLBACK_V2 | RANGE_EQUILIBRIUM,FOLD_2,True,277,0.10411690041402903,0.4790444220778414,-0.3749275216638125,0.37545126353790614,-0.44724989221958245,0.3504875454020165,0.35018050541516244,0.5992779783393501,0.05054151624548736,-1.0,-1.1202368421052638,1.8625470248302243,-2.430774999999959,-1.3112499999999971,-1.1202368421052638,1.6931459854014608,1.9081323632344815,1.727054027105167,-1.6357032976207246,0.010541662497358665
family_regime,TREND_PULLBACK_V2 | RANGE_EQUILIBRIUM,FOLD_3,True,283,-0.1234642954680087,0.5564745230367528,-0.6799388185047616,0.2791519434628975,-0.555168156967547,0.3353632307536164,0.2862190812720848,0.696113074204947,0.0176678445229682,-1.0,-1.169895121951221,1.9706080894839164,-2.4507785714285286,-1.3600375000000007,-1.169895121951221,1.2576500000000008,1.8856008064516132,1.302389149035629,-1.5101008269156955,-0.0852687612682916
family_regime,TREND_PULLBACK_V2 | RANGE_EQUILIBRIUM,FOLD_4,True,215,-0.27712476971782346,0.5997964806942726,-0.876921250412096,0.2372093023255814,-0.6368969978854312,0.31601403404412787,0.22790697674418606,0.7488372093023256,0.023255813953488372,-1.0,-1.1981470588235301,1.6979910071381423,-3.053725000000127,-1.4658250000000013,-1.1981470588235301,-1.021878074639525,1.865325,1.5400749837573275,-1.6584427496268488,0.601507929442592
family_regime,TREND_PULLBACK_V2 | RANGE_EQUILIBRIUM,FOLD_5,True,177,-0.1017354670642477,0.5019184180165753,-0.6036538850808231,0.2937853107344633,-0.5320040872906843,0.32677936801026125,0.2824858757062147,0.6836158192090396,0.03389830508474576,-1.0,-1.1341044776119396,1.8223186043919009,-2.422600000000037,-1.3723409090909184,-1.1341044776119396,1.340617647058794,1.9060698529411768,1.632410674088969,-1.5802445554335898,0.45705330728503907
family_regime,TREND_PULLBACK_V2 | SHOCK,POOLED,False,106,-0.14378351701348596,0.04673997542759628,-0.1905234924410823,0.33962264150943394,-0.06410235551201596,0.39672214914145704,0.12264150943396226,0.3584905660377358,0.5188679245283019,-0.30055907966885276,-0.33389923894512097,0.96541989891658,-1.1051994318181817,-1.035580586223534,-0.33389923894512097,0.2265573973123733,1.9656290780396666,1.9396948716401157,-1.072268480617329,-0.0848240230294131
family_regime,TREND_PULLBACK_V2 | SHOCK,FOLD_1,False,33,-0.30921562724943213,0.032920598693250466,-0.34213622594268256,0.2727272727272727,-0.11186392687592601,0.37472717940495925,0.06060606060606061,0.3333333333333333,0.6060606060606061,-0.45512143611404654,-0.5143817317845849,0.7846127218397194,-1.0680457572159299,-1.0260338983050847,-0.5143817317845849,0.03979000000000088,1.1290761175750121,1.976034682429176,-1.051000041540241,-0.18407821820121137
family_regime,TREND_PULLBACK_V2 | SHOCK,FOLD_2,False,19,-0.20328854639213648,0.043575830766525186,-0.24686437715866158,0.3684210526315789,-0.04728594267498989,0.4110646769625803,0.10526315789473684,0.47368421052631576,0.42105263157894735,-0.44776119402985187,-0.4694194029850758,0.9716889099267081,-1.1075155190615835,-1.0390402902902902,-0.4694194029850758,0.19449702075182465,1.9660633045023388,1.9729695837361834,-1.0630064310408196,0.11633694323505467
family_regime,TREND_PULLBACK_V2 | SHOCK,FOLD_3,False,16,0.11879820233111528,0.07190637605846142,0.046891826272653855,0.3125,-0.021731564189066327,0.4131598444042844,0.25,0.3125,0.4375,-0.24716393478245136,-0.2737869362093568,1.1677651296756852,-1.1327793194980686,-1.0213753411693047,-0.2737869362093568,0.9904911963036974,1.9199027035594605,1.8819433241410648,-1.1034755830998464,-0.18001802295750927
family_regime,TREND_PULLBACK_V2 | SHOCK,FOLD_4,False,24,-0.06025385403524686,0.04512585825484117,-0.10537971229008807,0.4166666666666667,-0.04209668490993137,0.4122598642995376,0.125,0.3333333333333333,0.5416666666666666,-0.10690344584264283,-0.1316213876385865,0.9494046122145319,-1.0937528947368416,-1.0419335508241758,-0.1316213876385865,0.2777546551724148,1.94011171875,1.9453892689247831,-1.0675271472014587,0.01345663660578523
family_regime,TREND_PULLBACK_V2 | SHOCK,FOLD_5,False,14,-0.11636667594282728,0.05761387420231361,-0.17398055014514086,0.35714285714285715,-0.060491551548565226,0.38368055519173655,0.14285714285714285,0.35714285714285715,0.5,-0.4530760031889444,-0.4809541290193988,1.0416606044613888,-1.1899329545454542,-1.035580586223534,-0.4809541290193988,0.26646102340463246,1.9765315450310559,1.977041847826087,-1.1121097668075144,-0.11846608052093913
family_regime,TREND_PULLBACK_V2 | TREND_CONTINUATION,POOLED,False,303,0.0188800236252903,0.2649021663486857,-0.24602214272339537,0.38613861386138615,-0.26468492007226085,0.3765749410023246,0.22442244224422442,0.48514851485148514,0.29042904290429045,-0.5996635828427261,-0.6207430613961323,1.5145164546439567,-1.8295999999999597,-1.1324341269841278,-0.6207430613961323,0.8835695682323793,1.9472575741177167,1.7804548362702493,-1.426330588866266,0.1597154369519929
family_regime,TREND_PULLBACK_V2 | TREND_CONTINUATION,FOLD_1,False,106,0.10622831235524957,0.2416526576203601,-0.1354243452651105,0.4528301886792453,-0.26208072764754314,0.377288172296123,0.2358490566037736,0.4339622641509434,0.330188679245283,-0.29780854265749424,-0.31114069328041516,1.5160044290374468,-1.5936218750000193,-1.0823770833333337,-0.31114069328041516,0.9234618099778826,1.947128420071809,1.809450629187174,-1.4330397853807197,0.18081667999234421
family_regime,TREND_PULLBACK_V2 | TREND_CONTINUATION,FOLD_2,False,59,0.010565974589019657,0.36063664380922533,-0.3500706692202057,0.3898305084745763,-0.3637266463127913,0.379456296042613,0.2033898305084746,0.4576271186440678,0.3389830508474576,-0.383720930232558,-0.4118372093023254,1.8699749122035558,-2.045454494382039,-1.120667763157894,-0.4118372093023254,0.8600974356264017,1.9497951466680559,1.91300792007398,-1.7256697291602334,0.14914090812232028
family_regime,TREND_PULLBACK_V2 | TREND_CONTINUATION,FOLD_3,False,54,-0.18310131084744355,0.27315129307130914,-0.45625260391875266,0.2962962962962963,-0.24721133300035375,0.3781735094579343,0.2037037037037037,0.6111111111111112,0.18518518518518517,-1.0,-1.0423741431019709,1.339712788838018,-1.5583960526315894,-1.2327601284584992,-1.0423741431019709,0.24917217231638472,1.952470842745839,1.6701948624096914,-1.330564943620693,0.08988590413636204
family_regime,TREND_PULLBACK_V2 | TREND_CONTINUATION,FOLD_4,False,37,0.09380437946194316,0.25841848126469524,-0.16461410180275207,0.3783783783783784,-0.21543375855113522,0.3832599175701109,0.2702702702702703,0.4864864864864865,0.24324324324324326,-0.5996635828427261,-0.6207430613961323,1.3858213120507272,-1.6380538461538634,-1.266818181818179,-0.6207430613961323,1.5569000000000004,1.907591853546911,1.7615717880174722,-1.3759098186334653,0.11777078761398044
family_regime,TREND_PULLBACK_V2 | TREND_CONTINUATION,FOLD_5,False,47,0.005399197738817037,0.19278636337244429,-0.18738716563362728,0.3404255319148936,-0.2050774568168014,0.3642500624037999,0.2127659574468085,0.48936170212765956,0.2978723404255319,-0.41578947368421026,-0.45561052631578924,1.240907979831842,-1.3698249999999992,-1.078862597592713,-0.45561052631578924,0.7080591397849181,1.9010771951219514,1.6890706729128493,-1.2383766901572368,0.19891145426481976
family_regime,TREND_PULLBACK_V2 | VOL_EXPANSION,POOLED,False,132,0.08726778529513557,0.05248678790720123,0.03478099738793434,0.4621212121212121,-0.05427986591657771,0.4044193967196264,0.15151515151515152,0.3409090909090909,0.5075757575757576,-0.08845262242828228,-0.12303553317878939,1.0466403291514117,-1.083637602543633,-1.0299805471362877,-0.12303553317878939,0.6591273634453769,1.9694100848810825,1.8872027599763554,-1.057005408137372,0.21510865405764135
family_regime,TREND_PULLBACK_V2 | VOL_EXPANSION,FOLD_1,False,30,-0.08277782539913524,0.06789959947191583,-0.1506774248710511,0.4,-0.10157718847755007,0.39795183297575387,0.1,0.4,0.5,-0.3128518476624696,-0.33827516336172747,0.9747452092281779,-1.1409886292623284,-1.0689150876009443,-0.33827516336172747,0.4951767200958611,1.7751991366686979,1.8207549955935178,-1.0870863605981442,0.20416323961770969
family_regime,TREND_PULLBACK_V2 | VOL_EXPANSION,FOLD_2,False,31,-0.10964360427514397,0.044263601707446094,-0.1539072059825901,0.3225806451612903,-0.03462253542481165,0.398180789319779,0.12903225806451613,0.41935483870967744,0.45161290322580644,-0.27568922305764454,-0.31270557029177776,1.0182933197925708,-1.0748907433748727,-1.0367825032092428,-0.31270557029177776,0.3001308046976904,1.9403185464841908,1.9335074113553534,-1.0480809349276705,0.07999279451271497
family_regime,TREND_PULLBACK_V2 | VOL_EXPANSION,FOLD_3,False,24,0.30552164912657115,0.03920788624080595,0.2663137628857652,0.5416666666666666,-0.07314593001372365,0.39788143678453053,0.20833333333333334,0.25,0.5416666666666666,0.340653308767081,0.3006172769844924,1.0803517095220263,-1.043496794690458,-0.7121001139483608,0.3006172769844924,0.9799669624194847,1.969810641595793,1.9158313846038193,-1.028212548619968,0.22935759061223665
family_regime,TREND_PULLBACK_V2 | VOL_EXPANSION,FOLD_4,False,24,0.3543476201538207,0.07342851516569639,0.28091910498812434,0.5416666666666666,-0.04861400539761865,0.4177365177256245,0.2916666666666667,0.2916666666666667,0.4166666666666667,0.33755328218243985,0.30332981670929404,1.1616691676370983,-1.0824359756097564,-1.0286467580849714,0.30332981670929404,1.6374921874999981,1.9718457407407408,1.8559863510448813,-1.0611242355212893,0.11780237110498412
family_regime,TREND_PULLBACK_V2 | VOL_EXPANSION,FOLD_5,False,23,0.06803355177095692,0.03547055360461751,0.03256299816633942,0.5652173913043478,-0.005308243418277414,0.4141900000244,0.043478260869565216,0.30434782608695654,0.6521739130434783,0.06900878293601122,0.04631681304893466,0.9011174046082993,-1.0687552175324675,-1.017708757424431,0.04631681304893466,0.6573738737900223,1.3943470849123434,1.97669918699187,-1.0425728492250665,0.40468398102729347
family_volatility,BREAKOUT_VOL_EXPANSION_V2 | HIGH,POOLED,True,11822,0.004735954296336263,0.06941656787667674,-0.06468061358034048,0.4061072576552191,-0.0620308713009157,0.4052847180007667,0.13398748096768737,0.39739468787007276,0.4686178311622399,-0.2640109890109885,-0.3110444528875368,1.1464591525380652,-1.1316150894349197,-1.0595632592710997,-0.3110444528875368,0.6057508699633714,2.085485394736819,1.9239709374779164,-1.084468329099329,0.2315176951979861
family_volatility,BREAKOUT_VOL_EXPANSION_V2 | HIGH,FOLD_1,True,2389,0.06620014989335679,0.056317719897387104,0.00988242999596966,0.4470489744663039,-0.1239474828350501,0.376898677114848,0.15110925073252407,0.37128505650899957,0.47760569275847636,-0.17045454545454583,-0.200812499999999,1.1293921911811913,-1.1067307749627422,-1.047475,-0.200812499999999,0.7727446428571432,2.0729964247020574,1.8450893825023327,-1.0704957493884648,0.2691162032292706
family_volatility,BREAKOUT_VOL_EXPANSION_V2 | HIGH,FOLD_2,True,2458,0.04764926367177056,0.06914745270970618,-0.02149818903793561,0.4312449145646867,-0.0662828620620254,0.4030082523859756,0.13425549227013833,0.3889340927583401,0.47681041497152155,-0.19864166601425032,-0.2421368311044811,1.1606201258785456,-1.1290939501466275,-1.0578228646353647,-0.2421368311044811,0.7002779720279702,2.1375458618864847,1.954461102302674,-1.0837623186514524,0.2886195087164338
family_volatility,BREAKOUT_VOL_EXPANSION_V2 | HIGH,FOLD_3,True,2431,0.0015935111633139975,0.06904268005679245,-0.06744916889347848,0.40312628547922663,-0.015996767161061763,0.4270751583984716,0.1369806663924311,0.39613327848621965,0.46688605512134923,-0.24999999999999917,-0.2920154247745621,1.145780876028568,-1.1349466604823748,-1.0605582589889155,-0.2920154247745621,0.611615671641793,2.058428472222224,1.8859118153945573,-1.084524914748287,0.22239641303627017
family_volatility,BREAKOUT_VOL_EXPANSION_V2 | HIGH,FOLD_4,True,2199,-0.054784423628841485,0.07328573944687641,-0.1280701630757179,0.36653024101864484,-0.04696687360049631,0.41425587594122504,0.11959981809913597,0.41109595270577537,0.4693042291950887,-0.3571428571428579,-0.4048947368421038,1.15176080110035,-1.134210798122066,-1.0636192307692307,-0.4048947368421038,0.42406593750000166,2.0140517540687237,1.9951460888220094,-1.0860605455121621,0.17000874339079705
family_volatility,BREAKOUT_VOL_EXPANSION_V2 | HIGH,FOLD_5,True,2345,-0.04379039428031896,0.07980260024776685,-0.1235929945280858,0.37825159914712153,-0.056344073800426324,0.40558734795374213,0.12665245202558637,0.4213219616204691,0.4520255863539446,-0.3422459893048123,-0.3898499999999988,1.1379873796244175,-1.1511230854605994,-1.0707647058823528,-0.3898499999999988,0.5159126213592251,2.0908594285714335,1.9656177718357546,-1.096183681907587,0.1975617238878449
family_volatility,BREAKOUT_VOL_EXPANSION_V2 | LOW,POOLED,True,6966,-0.007314620863926685,0.1128730670162351,-0.12018768788016178,0.35386161355153606,-0.11787750865711595,0.35070351609811207,0.14527706000574217,0.5511053689348263,0.30361757105943155,-1.0,-1.05235421613529,1.413168480197062,-1.2179163253909175,-1.1129260338345865,-1.05235421613529,0.7647734005118362,2.627989673485458,2.367336201490976,-1.1266992221867418,0.5165137798074828
family_volatility,BREAKOUT_VOL_EXPANSION_V2 | LOW,FOLD_1,True,1429,0.017407087285612306,0.09553472321278762,-0.07812763592717531,0.3799860041987404,-0.15067679615289062,0.339221642656974,0.14275717284814557,0.5290412876137159,0.3282015395381386,-1.0,-1.0437947976878612,1.3870366259496631,-1.174408226912218,-1.0962670157068068,-1.0437947976878612,0.7743857142857143,2.633485414879293,2.4165371447096464,-1.1082222249844738,0.4972239505918138
family_volatility,BREAKOUT_VOL_EXPANSION_V2 | LOW,FOLD_2,True,1465,0.07842542869405103,0.10477065635435476,-0.026345227660303727,0.3720136518771331,-0.11510856836611696,0.35287494145436354,0.15494880546075085,0.5351535836177475,0.3098976109215017,-1.0,-1.045110294117647,1.495073063146274,-1.1929750464396283,-1.102619453924915,-1.045110294117647,0.9781338709677554,2.7315059020906762,2.403892219210887,-1.115744669011654,0.6397897097399123
family_volatility,BREAKOUT_VOL_EXPANSION_V2 | LOW,FOLD_3,True,1353,-0.10987853970059376,0.11489569156247365,-0.2247742312630674,0.31855136733185513,-0.06505708707170343,0.367927511840607,0.12195121951219512,0.5831485587583148,0.29490022172949004,-1.0,-1.0629674657534247,1.3543581420292687,-1.2208956321839055,-1.1183474576271195,-1.0629674657534247,0.43502717391304296,2.52489996568289,2.406643457274059,-1.127659196288864,0.47244962537033536
family_volatility,BREAKOUT_VOL_EXPANSION_V2 | LOW,FOLD_4,True,1344,0.030460158043887593,0.12495388159419839,-0.09449372355031078,0.35714285714285715,-0.12641848986218074,0.3462644849807135,0.16889880952380953,0.5505952380952381,0.2805059523809524,-1.0,-1.0621569229602668,1.451512378181486,-1.243945079787233,-1.1266829476998907,-1.0621569229602668,0.8568920660772466,2.6760995833333383,2.336023125625923,-1.142542532748669,0.49921660547828345
family_volatility,BREAKOUT_VOL_EXPANSION_V2 | LOW,FOLD_5,True,1375,-0.060359576656086926,0.12572637546055343,-0.18608595211664034,0.3389090909090909,-0.13036715764643056,0.34771329834005105,0.13745454545454547,0.56,0.30254545454545456,-1.0,-1.0581860465116277,1.3583519050957837,-1.2444977022780797,-1.128209821428571,-1.0581860465116277,0.6172082912032313,2.5775429738561884,2.2736174849731436,-1.1397843003578874,0.4616635155174725
family_volatility,BREAKOUT_VOL_EXPANSION_V2 | MEDIUM,POOLED,True,8640,0.0034738917646387505,0.09040306067381994,-0.08692916890918119,0.37997685185185187,-0.0844260402749372,0.3783370111355774,0.15138888888888888,0.48738425925925927,0.3612268518518518,-0.6699434389140263,-0.7331687997508668,1.295463897401285,-1.1715738788167938,-1.0862382890365447,-0.7331687997508668,0.7162989414376605,2.3701608380771804,2.1059928458565373,-1.1032664496606017,0.36531507778440175
family_volatility,BREAKOUT_VOL_EXPANSION_V2 | MEDIUM,FOLD_1,True,1751,0.023300436423272244,0.07367677071537679,-0.050376334292104544,0.37407195888063965,-0.09463821957321696,0.37687819672672185,0.1473443746430611,0.47801256424900057,0.3746430611079383,-0.6071428571428571,-0.6542508865248184,1.321012068716865,-1.1349966301644687,-1.0694164130434787,-0.6542508865248184,0.7746954807692297,2.4500643502943635,2.190010333127919,-1.0820563105519365,0.38483156195044604
family_volatility,BREAKOUT_VOL_EXPANSION_V2 | MEDIUM,FOLD_2,True,1867,0.06522593861784823,0.08670361527199258,-0.021477676654144358,0.40974825923942154,-0.0784978385524909,0.3811542398979855,0.1687198714515265,0.48044991965720407,0.3508302088912694,-0.5846153846153795,-0.6343678160919529,1.323041949262869,-1.156845259467043,-1.0807784653465347,-0.6343678160919529,0.9305428705440906,2.373475661090123,2.084186680840397,-1.0984603685862864,0.44076537991433024
family_volatility,BREAKOUT_VOL_EXPANSION_V2 | MEDIUM,FOLD_3,True,1687,-0.045361620625795476,0.09216989172508833,-0.13753151235088382,0.36810906935388266,-0.05843917633733482,0.38622614933921934,0.13930053349140487,0.49259039715471253,0.36810906935388266,-0.7620481927710817,-0.8300047438330189,1.2510012462949518,-1.1811461134453793,-1.0911389952153105,-0.8300047438330189,0.5987564775519328,2.2797615891959784,2.041613805765396,-1.106753616933749,0.3348105474736494
family_volatility,BREAKOUT_VOL_EXPANSION_V2 | MEDIUM,FOLD_4,True,1662,0.012420653950078834,0.09909532469563052,-0.08667467074555166,0.38748495788206977,-0.09192848897127154,0.3754397940333933,0.16125150421179302,0.4915764139590854,0.3471720818291215,-0.644960777133164,-0.7133137760100298,1.3010153225799912,-1.188703737113402,-1.094097956730769,-0.7133137760100298,0.6867024894067798,2.4842538914027186,2.1245884730654683,-1.1144976908410336,0.34159722678764654
family_volatility,BREAKOUT_VOL_EXPANSION_V2 | MEDIUM,FOLD_5,True,1673,-0.04583355624596985,0.101620879857745,-0.14745443610371486,0.3574417214584579,-0.09910457966163592,0.3716429385741764,0.13867304243873282,0.4955170352659892,0.3658099222952779,-0.7857142857142854,-0.8596206896551671,1.2708670648552909,-1.1887356756756733,-1.097988372093023,-0.8596206896551671,0.5401578947368391,2.32006500000003,2.0858974863457282,-1.1153173315776292,0.3169584631440046
family_volatility,MOMENTUM_CONTINUATION_V1 | HIGH,POOLED,True,802,-0.021164000835059187,0.04754510652363509,-0.06870910735869426,0.40399002493765584,-0.10142102659898643,0.40833789413453603,0.23566084788029926,0.39526184538653364,0.3690773067331671,-0.27326388888888786,-0.3100752868737755,1.0122121966036088,-1.0926119985525227,-1.04123681640625,-0.3100752868737755,1.0052059499781514,1.4702035129558986,1.4475098850021277,-1.0573528878794707,0.02194862530647707
family_volatility,MOMENTUM_CONTINUATION_V1 | HIGH,FOLD_1,True,277,0.04748064591310741,0.044776348428437786,0.0027042974846696387,0.44404332129963897,-0.12291280176447322,0.3974024930633097,0.23826714801444043,0.34657039711191334,0.4151624548736462,-0.13850646641635356,-0.16795833333333088,1.0032241085898495,-1.085618045112782,-1.0338307692307693,-0.16795833333333088,1.1386537686416784,1.4680167360732717,1.4458919336399383,-1.0536976661249597,0.05630607592185817
family_volatility,MOMENTUM_CONTINUATION_V1 | HIGH,FOLD_2,True,167,-0.04842867813391721,0.05133262285019511,-0.09976130098411233,0.40119760479041916,-0.0872615936370521,0.4177137308868625,0.20958083832335328,0.40119760479041916,0.38922155688622756,-0.2453642384105958,-0.26947483443708586,0.9748417227775111,-1.0952214673913034,-1.044225113122172,-0.26947483443708586,0.7158246809919331,1.4499230769230775,1.433284137643113,-1.0569484938477416,0.061391800091430505
family_volatility,MOMENTUM_CONTINUATION_V1 | HIGH,FOLD_3,True,128,-0.05139273968877318,0.04747121357415815,-0.09886395326293132,0.390625,-0.09933277174952973,0.4119887177405705,0.21875,0.4140625,0.3671875,-0.3257080610021783,-0.3457772720199187,1.0098706883647894,-1.1100605343691148,-1.0440819102172056,-0.3457772720199187,0.8810202499359707,1.4744695347950894,1.4597798312751746,-1.0664037171614535,0.06363778119567957
family_volatility,MOMENTUM_CONTINUATION_V1 | HIGH,FOLD_4,True,110,0.011008113246149585,0.04866755313121069,-0.0376594398850611,0.39090909090909093,-0.0990513577209978,0.40676362983430536,0.3090909090909091,0.43636363636363634,0.2545454545454545,-0.32825630252100824,-0.35825794480057993,1.0963197013593449,-1.088660821309656,-1.0397301790281328,-0.35825794480057993,1.4350113275039744,1.4743940294117641,1.4551679210912416,-1.0553290749183446,-0.10580186101351406
family_volatility,MOMENTUM_CONTINUATION_V1 | HIGH,FOLD_5,True,120,-0.13892250096831274,0.04771527266141725,-0.18663777362972997,0.3416666666666667,-0.07591572477492312,0.418081269222404,0.21666666666666667,0.44166666666666665,0.3416666666666667,-0.4739440602027062,-0.5224239395958253,0.9916353509790905,-1.096652777777778,-1.0453107906394452,-0.5224239395958253,0.5827354577405663,1.4696562180673454,1.4475388936480846,-1.0572669399313168,-0.09749746961117083
family_volatility,MOMENTUM_CONTINUATION_V1 | LOW,POOLED,True,606,0.00028849733757642057,0.06442067647590648,-0.06413217913833007,0.4240924092409241,-0.11214929923508,0.4054195782669664,0.29372937293729373,0.4801980198019802,0.22607260726072606,-0.49747474747474807,-0.5227120740111402,1.0974627791968057,-1.1092163530445236,-1.062606434729064,-0.5227120740111402,1.3856419611307467,1.4626867779204107,1.4261408969401137,-1.06927640861243,0.13461499775948094
family_volatility,MOMENTUM_CONTINUATION_V1 | LOW,FOLD_1,True,160,-0.1133190145636634,0.061018930442928956,-0.17433794500659236,0.38125,-0.12388563233293699,0.39820067548242344,0.2375,0.5,0.2625,-0.8354430379746834,-0.8624143444605716,1.039349479910675,-1.1093343023255815,-1.0602399058716696,-0.8624143444605716,0.948022461180513,1.4594179304153365,1.4291638021274993,-1.0657991214273008,0.07289604838772185
family_volatility,MOMENTUM_CONTINUATION_V1 | LOW,FOLD_2,True,161,-0.015092358418627405,0.07385614046395554,-0.08894849888258292,0.40993788819875776,-0.11490202023516902,0.4043811044305148,0.3105590062111801,0.5093167701863354,0.18012422360248448,-1.0,-1.0236281380753138,1.1292495075583342,-1.11775,-1.0769178900648686,-1.0236281380753138,1.3939659574468042,1.4518593749999968,1.4208221074728877,-1.0799073720401893,0.11002037288121619
family_volatility,MOMENTUM_CONTINUATION_V1 | LOW,FOLD_3,True,105,-0.03624213474889653,0.0573566736050011,-0.09359880835389765,0.4380952380952381,-0.09155656325507452,0.41350625746446085,0.22857142857142856,0.45714285714285713,0.3142857142857143,-0.3265306122448959,-0.3611224489795897,1.0361427682057347,-1.1101793670886075,-1.0558900709219858,-0.3611224489795897,0.870180555555557,1.4640778032036597,1.4355246589395128,-1.068395598217687,0.2121976370527702
family_volatility,MOMENTUM_CONTINUATION_V1 | LOW,FOLD_4,True,88,0.36383619033953746,0.06716745592846186,0.2966687344110755,0.5568181818181818,-0.11017917931294198,0.41193586643820157,0.4431818181818182,0.3409090909090909,0.2159090909090909,0.6501576458223853,0.6204420698521128,1.1277271525517898,-1.0897826704545455,-1.0486505681818181,0.6204420698521128,1.4362687342341065,1.4630125000000014,1.4229044654281098,-1.0658981001197632,0.13634302526690853
family_volatility,MOMENTUM_CONTINUATION_V1 | LOW,FOLD_5,True,92,-0.08126542585965972,0.05925951748482706,-0.14052494334448679,0.3804347826086957,-0.11230806504352853,0.4043291875972918,0.29347826086956524,0.5543478260869565,0.15217391304347827,-1.0,-1.0225572263495093,1.1080973785091368,-1.0948425450916617,-1.0611776164462334,-1.0225572263495093,1.376974205770916,1.4694331378540353,1.428069771652085,-1.0604542934646217,0.18549931031404437
family_volatility,MOMENTUM_CONTINUATION_V1 | MEDIUM,POOLED,True,655,0.018584307605997025,0.05359496727759994,-0.03501065967160292,0.4534351145038168,-0.09751074089337172,0.4097237137160351,0.25190839694656486,0.416793893129771,0.33129770992366414,-0.23809523809524477,-0.275011029411767,1.040443703929435,-1.0914074498966646,-1.0458988392857145,-0.275011029411767,1.3415909502262442,1.4642132273227142,1.4364735981493333,-1.0575812063040355,0.13257854166572247
family_volatility,MOMENTUM_CONTINUATION_V1 | MEDIUM,FOLD_1,True,187,-0.018630003594155054,0.050108628520382996,-0.06873863211453807,0.42780748663101603,-0.09313017581847276,0.410300018785796,0.24064171122994651,0.42245989304812837,0.33689839572192515,-0.3607770582793714,-0.3940226641998154,1.0343830413900785,-1.091183131773511,-1.0434953580901856,-0.3940226641998154,1.1037066120861863,1.46155733260677,1.4452754982627602,-1.0565119655261148,0.08845910554476587
family_volatility,MOMENTUM_CONTINUATION_V1 | MEDIUM,FOLD_2,True,167,0.16789564672132493,0.057281860245289765,0.11061378647603512,0.5149700598802395,-0.08075934445417891,0.41738713435655217,0.2934131736526946,0.32934131736526945,0.3772455089820359,0.08178438661710175,0.06140334572490842,1.0399147998042626,-1.0951632142857144,-1.045968394160584,0.06140334572490842,1.3966220721394897,1.4624054927302117,1.4320619825298677,-1.0649590207644803,0.10911446570763111
family_volatility,MOMENTUM_CONTINUATION_V1 | MEDIUM,FOLD_3,True,127,-0.09338396819512046,0.05531468574197439,-0.14869865393709486,0.4094488188976378,-0.11186397558744728,0.3998784594800495,0.25196850393700787,0.5118110236220472,0.23622047244094488,-1.0,-1.0159178700361011,1.0595805912122793,-1.1018838960350394,-1.048852608729662,-1.0159178700361011,1.2892670250896012,1.4635859750566893,1.4278997692751165,-1.0554512025345935,0.13422688326446014
family_volatility,MOMENTUM_CONTINUATION_V1 | MEDIUM,FOLD_4,True,87,0.06842601972949604,0.05456871003529001,0.013857309694206007,0.4827586206896552,-0.11530441095979951,0.40649595267342925,0.22988505747126436,0.367816091954023,0.40229885057471265,-0.026011560693642598,-0.08105319148935969,0.9994623210190713,-1.0860083783783783,-1.0329358527782442,-0.08105319148935969,1.047653441422593,1.4652735811729805,1.4298603168162294,-1.0541290384373105,0.1811573953447221
family_volatility,MOMENTUM_CONTINUATION_V1 | MEDIUM,FOLD_5,True,87,-0.07442920234611568,0.05052731620979277,-0.12495651855590846,0.42528735632183906,-0.10033532448445774,0.41137431375816486,0.21839080459770116,0.4827586206896552,0.2988505747126437,-0.46020761245674807,-0.4907941176470595,1.0315518595099695,-1.0867729974160205,-1.0470093624532744,-0.4907941176470595,0.7603072660098517,1.472569423076923,1.4484057987223136,-1.055857631134516,0.2290420468292958
family_volatility,RANGE_MEAN_REVERSION_V2 | HIGH,POOLED,True,5923,-0.013560476310191784,0.1806623996932333,-0.19422287600342505,0.332601722100287,-0.2249254569693812,0.3206958545133875,0.2883673813945636,0.6468006078001013,0.06483201080533513,-1.0,-1.0994565217391303,1.478389126015724,-1.372121609357658,-1.1827276177217412,-1.0994565217391303,1.2307499717264667,2.4693111543801254,1.8930779191854632,-1.1914381409519688,0.4704175454425397
family_volatility,RANGE_MEAN_REVERSION_V2 | HIGH,FOLD_1,True,1266,-0.017921720133929564,0.14066764269873078,-0.15858936283266037,0.3333333333333333,-0.2008759097417298,0.3171393974409009,0.29936808846761453,0.6532385466034755,0.04739336492890995,-1.0,-1.0813949007165888,1.4698077172186235,-1.2912018603330382,-1.1469375869591414,-1.0813949007165888,1.2810676122615159,2.4216028037928035,1.9083428631713002,-1.1494550450824723,0.4427207299188989
family_volatility,RANGE_MEAN_REVERSION_V2 | HIGH,FOLD_2,True,1311,-0.061749079778510414,0.18231293125809783,-0.24406201103660824,0.3165522501906941,-0.22270374030498488,0.31614658019962527,0.2776506483600305,0.6735316552250191,0.04881769641495042,-1.0,-1.1073306787200448,1.4784565431466155,-1.3637909346750798,-1.1867932174699616,-1.1073306787200448,1.1737945678551365,2.4705227580684124,1.9100034587843748,-1.1908312260805887,0.5671471431664684
family_volatility,RANGE_MEAN_REVERSION_V2 | HIGH,FOLD_3,True,1129,0.041123868841130985,0.1855514187041924,-0.1444275498630614,0.3436669619131975,-0.2459600299442555,0.315877319524585,0.2869796279893711,0.6306465899025686,0.08237378210806023,-1.0,-1.0988541666666665,1.514811464319451,-1.38024049110923,-1.1814316575019643,-1.0988541666666665,1.2848518850987438,2.708929502787689,1.9598250607036325,-1.1940154601520174,0.5601826254286346
family_volatility,RANGE_MEAN_REVERSION_V2 | HIGH,FOLD_4,True,1089,0.0042519200154942675,0.19055734506972521,-0.18630542505423092,0.33884297520661155,-0.22529356406002898,0.32815114110682836,0.29017447199265384,0.628099173553719,0.08172635445362718,-1.0,-1.1067295258620695,1.4692144395084132,-1.3742922132280846,-1.184960159362549,-1.1067295258620695,1.241928807947006,2.379290441808887,1.8644014373914126,-1.2034230385010207,0.349481980168025
family_volatility,RANGE_MEAN_REVERSION_V2 | HIGH,FOLD_5,True,1128,-0.024588607025349363,0.2091856421534551,-0.23377424917880446,0.3333333333333333,-0.23309079014924108,0.3276000142485039,0.28812056737588654,0.6427304964539007,0.06914893617021277,-1.0,-1.119058233187987,1.4568360541411718,-1.4472571163366248,-1.2169940583238068,-1.119058233187987,1.2037281559495676,2.354735283005899,1.8176606398328392,-1.226228768429923,0.4433178986196168
family_volatility,RANGE_MEAN_REVERSION_V2 | LOW,POOLED,True,7820,-0.03411828926752762,0.2179350992072978,-0.25205338847482545,0.3173913043478261,-0.28474427646968814,0.3071024923893747,0.28759590792838874,0.670460358056266,0.04194373401534527,-1.0,-1.131808197409451,1.5079642276581247,-1.4299015644303148,-1.2264143633756492,-1.131808197409451,1.195133369421746,2.5503768662843,1.9100247195656783,-1.2262267698633822,0.49513372627246355
family_volatility,RANGE_MEAN_REVERSION_V2 | LOW,FOLD_1,True,1516,-0.03613191550250229,0.18168810146273515,-0.21782001696523742,0.3258575197889182,-0.2688855974477107,0.3047682499956577,0.2994722955145119,0.6688654353562006,0.0316622691292876,-1.0,-1.118912163274831,1.4726741358634505,-1.3603283522668672,-1.1962493536190464,-1.118912163274831,1.248441122150175,2.523940650866055,1.8667673168812415,-1.1913761841311996,0.631832148451101
family_volatility,RANGE_MEAN_REVERSION_V2 | LOW,FOLD_2,True,1556,-0.042841956062003285,0.21096593576338737,-0.2538078918253907,0.307840616966581,-0.26520382364386497,0.30722753669310643,0.28406169665809766,0.6825192802056556,0.033419023136246784,-1.0,-1.129656293292542,1.5248470972030483,-1.412860576923073,-1.2155108359987454,-1.129656293292542,1.1892262169783512,2.6684057159258265,1.9692909888604515,-1.2146479442926823,0.47316192465771323
family_volatility,RANGE_MEAN_REVERSION_V2 | LOW,FOLD_3,True,1575,0.02296021254015031,0.22244871762935148,-0.19948850508920116,0.33650793650793653,-0.29211418658250704,0.30759566015187556,0.3003174603174603,0.6482539682539683,0.05142857142857143,-1.0,-1.1249314128943757,1.5314490803838574,-1.4533887959866238,-1.22877779491846,-1.1249314128943757,1.2356210129563308,2.6179505602522637,1.9078281249988445,-1.2339540559410864,0.5341974379741267
family_volatility,RANGE_MEAN_REVERSION_V2 | LOW,FOLD_4,True,1580,-0.08496656167345619,0.2366617707655637,-0.3216283324390199,0.3031645569620253,-0.2919159573345207,0.3064775304084438,0.26139240506329114,0.6822784810126582,0.056329113924050635,-1.0,-1.1550196920343492,1.487323304523154,-1.446673678134976,-1.2485557033096906,-1.1550196920343492,1.1257908906048044,2.435029158644574,1.9152659246546457,-1.2491690871137444,0.5328840873325454
family_volatility,RANGE_MEAN_REVERSION_V2 | LOW,FOLD_5,True,1593,-0.02968118132107432,0.23620087247954324,-0.2658820538006176,0.31387319522912743,-0.30452320791989135,0.3093340323995445,0.29315756434400503,0.6704331450094162,0.03640929064657878,-1.0,-1.140131578947369,1.5185355641791558,-1.4557741659538008,-1.242920761670759,-1.140131578947369,1.1777752293577968,2.563708251264363,1.8935740585781262,-1.240284662754103,0.28922108208643593
family_volatility,RANGE_MEAN_REVERSION_V2 | MEDIUM,POOLED,True,6847,-0.005764439637158612,0.20338893702856306,-0.20915337666572167,0.3283189718124726,-0.24910951321843824,0.31628731335661997,0.2929750255586388,0.654885351248722,0.05213962319263911,-1.0,-1.1162109374999993,1.511785392314854,-1.4247242647058889,-1.2086820801733071,-1.1162109374999993,1.221524648736803,2.586997541583552,1.9128778970272098,-1.2127318409044001,0.4722222497158271
family_volatility,RANGE_MEAN_REVERSION_V2 | MEDIUM,FOLD_1,True,1383,-0.04245743776567843,0.1715997646608909,-0.21405720242656937,0.3210412147505423,-0.20586988399156672,0.3200285756408848,0.2841648590021692,0.660882140274765,0.0549530007230658,-1.0,-1.1053290213723288,1.467435900338333,-1.3525691390728523,-1.1813813379237694,-1.1053290213723288,1.2217219381733129,2.506068693437954,1.9030550438604479,-1.1833246895549425,0.4949608297383712
family_volatility,RANGE_MEAN_REVERSION_V2 | MEDIUM,FOLD_2,True,1357,-0.081450686514947,0.1944365658786589,-0.2758872523936059,0.3072955047899779,-0.21891975610792266,0.320478961626083,0.2726602800294768,0.681650700073692,0.045689019896831246,-1.0,-1.11822400990099,1.4769305355297955,-1.40310438654355,-1.2009743726641773,-1.11822400990099,1.1748071132856475,2.5287184567825323,1.9157119687107804,-1.2028247356517798,0.47452339607716854
family_volatility,RANGE_MEAN_REVERSION_V2 | MEDIUM,FOLD_3,True,1399,0.023877516808949045,0.20219457546964154,-0.17831705866069247,0.34667619728377413,-0.2781961913155476,0.3095839368631006,0.3030736240171551,0.6390278770550393,0.057898498927805575,-1.0,-1.107457496136012,1.4945949867359651,-1.4232527032787976,-1.2154607756206046,-1.107457496136012,1.2520117294963269,2.5112197564281886,1.8508824502047347,-1.2151011615170375,0.6427248696680877
family_volatility,RANGE_MEAN_REVERSION_V2 | MEDIUM,FOLD_4,True,1355,0.03234792041823148,0.21954876890195665,-0.18720084848372517,0.32619926199261995,-0.26955564886875866,0.31380131341698086,0.2922509225092251,0.647970479704797,0.05977859778597786,-1.0,-1.1223245614035076,1.5700469353646367,-1.449274245689646,-1.2184175392539491,-1.1223245614035076,1.2245164021426214,2.8237771499359603,2.011118541372,-1.2231737227049073,0.2948942772364071
family_volatility,RANGE_MEAN_REVERSION_V2 | MEDIUM,FOLD_5,True,1353,0.03883371888593345,0.2299130557775604,-0.19107933689162698,0.3399852180339985,-0.27303496122708026,0.3176800119463057,0.31263858093126384,0.6452328159645233,0.04212860310421286,-1.0,-1.1296368124118474,1.5467279965511418,-1.4749515738498735,-1.2318816489361726,-1.1296368124118474,1.2281864530225923,2.5807449549312147,1.8896971619534724,-1.2410893023517475,0.4491003268839569
family_volatility,TREND_PULLBACK_V2 | HIGH,POOLED,True,844,-0.09024720759802857,0.3057060061410767,-0.3959532137391053,0.33293838862559244,-0.2996362102822,0.3644135383092486,0.22630331753554503,0.5651658767772512,0.20853080568720378,-1.0,-1.045648230459577,1.4803508761961681,-1.9975913043478224,-1.2095032467532443,-1.045648230459577,0.6349837513130328,1.9247564651760982,1.7287331530618804,-1.4212543254104548,0.07707823062592625
family_volatility,TREND_PULLBACK_V2 | HIGH,FOLD_1,True,220,-0.05089321458889919,0.24225728395075974,-0.2931504985396589,0.36363636363636365,-0.24485587625241972,0.3714069818973613,0.21818181818181817,0.5136363636363637,0.2681818181818182,-1.0,-1.0236827218748772,1.409920104677368,-1.8474370629370986,-1.146036835273756,-1.0236827218748772,0.6093763888888761,1.9318235883797004,1.7732093435875953,-1.3625129326141132,0.07384412227907267
family_volatility,TREND_PULLBACK_V2 | HIGH,FOLD_2,True,190,0.0022243661354653605,0.3421646359879284,-0.33994026985246295,0.3526315789473684,-0.3244894800771644,0.36773596264462327,0.26842105263157895,0.5473684210526316,0.18421052631578946,-1.0,-1.036534398034398,1.6922712744978339,-2.0406775000000037,-1.1964529295246054,-1.036534398034398,1.4013051470588356,1.9230130639097744,1.782091957271686,-1.506710279932442,0.03492937200428579
family_volatility,TREND_PULLBACK_V2 | HIGH,FOLD_3,True,162,-0.08569837849041806,0.279784141703732,-0.36548252019415006,0.32098765432098764,-0.25564012785627677,0.3645347056621563,0.25308641975308643,0.5987654320987654,0.14814814814814814,-1.0,-1.0579366597595166,1.3563468986426988,-1.6554874999999836,-1.2136468167701844,-1.0579366597595166,0.9179106598984839,1.9414710693937647,1.6858370829772613,-1.3285654639763946,0.022640055507927803
family_volatility,TREND_PULLBACK_V2 | HIGH,FOLD_4,True,141,-0.22957240146746805,0.42412288001767684,-0.6536952814851449,0.28368794326241137,-0.43187673034110186,0.3534756067141988,0.18439716312056736,0.6170212765957447,0.19858156028368795,-1.0,-1.1120277777777772,1.5843643256114406,-2.4872499999999578,-1.3383048780487856,-1.1120277777777772,0.2637528735632191,1.9018289473684216,1.7576892389099181,-1.6025845153153195,0.055496354691767544
family_volatility,TREND_PULLBACK_V2 | HIGH,FOLD_5,True,131,-0.1461215240195113,0.26398189952441375,-0.41010342354392515,0.32061068702290074,-0.2676591434898551,0.35947308816134793,0.19083969465648856,0.5801526717557252,0.22900763358778625,-1.0,-1.0531617647058824,1.2469546556585256,-1.6681276595744754,-1.1781358800773694,-1.0531617647058824,0.47701678861491437,1.8780679442508719,1.5747221323213207,-1.3023786826878314,0.196305936399599
family_volatility,TREND_PULLBACK_V2 | LOW,POOLED,True,409,-0.026781112154563604,0.6351049506415356,-0.6618860627960992,0.33251833740831294,-0.6600800701735922,0.3319373658542489,0.293398533007335,0.6454767726161369,0.061124694376528114,-1.0,-1.13920930232558,2.62445517945534,-2.733999999999998,-1.3654999999999895,-1.13920930232558,1.5173870967741903,1.9128249999999998,1.4911866177483906,-1.7490507135429325,0.48382378247691427
family_volatility,TREND_PULLBACK_V2 | LOW,FOLD_1,True,122,0.06573206884693672,0.6604860637680452,-0.5947539949211085,0.36885245901639346,-0.681800210794777,0.3351862945392238,0.3360655737704918,0.6229508196721312,0.040983606557377046,-1.0,-1.14149294903513,3.4165243244155516,-2.0582138888889197,-1.3033138020833372,-1.14149294903513,1.6356034663865548,1.9162377777777777,1.741908901529901,-1.9193642299261724,0.3786858262575795
family_volatility,TREND_PULLBACK_V2 | LOW,FOLD_2,True,78,0.029718955698437972,0.41919124187045614,-0.3894722861720182,0.3717948717948718,-0.4172316076609602,0.34382943705448143,0.2948717948717949,0.6153846153846154,0.08974358974358974,-1.0,-1.097825,1.6274174787465343,-2.4436843749999753,-1.3482406850961564,-1.097825,1.6049783518101464,1.8808884637659642,1.7593372822121744,-1.5584897947264427,0.566273476367401
family_volatility,TREND_PULLBACK_V2 | LOW,FOLD_3,True,85,-0.09349842002916871,0.832084308700989,-0.9255827287301578,0.2823529411764706,-0.8433616697533455,0.3311018244945972,0.29411764705882354,0.6823529411764706,0.023529411764705882,-1.0,-1.1759736842105277,2.7856119662113623,-3.1528000000000875,-1.3866250000000022,-1.1759736842105277,1.3067500000000116,1.8850301956636704,0.6892600179125944,-1.6535057486713123,-0.0013494834710748027
family_volatility,TREND_PULLBACK_V2 | LOW,FOLD_4,True,65,-0.24498106522461632,0.5009925683843628,-0.7459736336089791,0.24615384615384617,-0.5391172406942023,0.33018475906169925,0.2153846153846154,0.7076923076923077,0.07692307692307693,-1.0,-1.1472499999999992,1.5715566637551548,-2.3236000000001025,-1.433874999999999,-1.1472499999999992,-0.10356097560975494,1.8887137254901953,1.4775925749656824,-1.5444703442686145,0.37421072045061593
family_volatility,TREND_PULLBACK_V2 | LOW,FOLD_5,True,59,0.04373337503488899,0.7320343217325984,-0.6883009466977095,0.3728813559322034,-0.8054355086834585,0.31263210490341914,0.288135593220339,0.6101694915254238,0.1016949152542373,-1.0,-1.0329750948766603,2.4480958600102585,-3.7620624999994052,-1.3617598214285715,-1.0329750948766603,1.4376196672354853,1.9450486546958192,1.7142103046392079,-2.0589229859662113,0.728316076792037
family_volatility,TREND_PULLBACK_V2 | MEDIUM,POOLED,True,553,0.021296619205583393,0.5111806296176121,-0.4898840104120287,0.3471971066907776,-0.5041893711229859,0.34701652236555597,0.30560578661844484,0.6057866184448463,0.08860759493670886,-1.0,-1.0895727848101266,2.1150254200945597,-2.3199999999999,-1.3102500000000035,-1.0895727848101266,1.5360222222222104,1.917965,1.6633963572205537,-1.667797426647438,0.13657746528094578
family_volatility,TREND_PULLBACK_V2 | MEDIUM,FOLD_1,True,140,0.05782095102779042,0.6799848664144814,-0.6221639153866911,0.37857142857142856,-0.6635441925710561,0.3543461065767239,0.30714285714285716,0.5785714285714286,0.11428571428571428,-1.0,-1.0708637531459733,3.0213228557468392,-2.1517000000000075,-1.2192925824175833,-1.0708637531459733,1.6197927830596375,1.9151949175824177,1.7262723338236556,-2.0231177429266918,0.15874241678175716
family_volatility,TREND_PULLBACK_V2 | MEDIUM,FOLD_2,True,118,0.1649290821291658,0.4954642511372816,-0.33053516900811586,0.4067796610169492,-0.4501928574072618,0.3638836939097199,0.3474576271186441,0.5338983050847458,0.11864406779661017,-1.0,-1.0469988136218342,1.9915313078081365,-2.5666022727274203,-1.2691799342105299,-1.0469988136218342,1.6551759615384554,1.9159567226435537,1.727045296859677,-1.7429612835865156,-0.00038901773242401176
family_volatility,TREND_PULLBACK_V2 | MEDIUM,FOLD_3,True,130,-0.10587748129958305,0.44824426104906046,-0.5541217423486435,0.2846153846153846,-0.45742896238029346,0.3406969108306853,0.2692307692307692,0.6615384615384615,0.06923076923076923,-1.0,-1.1195963177115038,1.5129334349390418,-2.4106953389832246,-1.3494749999999969,-1.1195963177115038,0.9171370192307802,1.9064164062500002,1.560622112231239,-1.4919880909354368,0.18370837633672843
family_volatility,TREND_PULLBACK_V2 | MEDIUM,FOLD_4,True,94,-0.008078034211503481,0.5212466924540341,-0.5293247266655378,0.3404255319148936,-0.5440821335736423,0.3270369952390746,0.30851063829787234,0.648936170212766,0.0425531914893617,-1.0,-1.1404862637362645,1.714211852483386,-2.371203124999986,-1.3139732142857223,-1.1404862637362645,1.3126682692307772,1.8833318220338982,1.5696982099032708,-1.5946435669310928,0.49887129726031565
family_volatility,TREND_PULLBACK_V2 | MEDIUM,FOLD_5,True,71,-0.017691924360809578,0.3063560875951521,-0.32404801195596183,0.30985915492957744,-0.31251116100909865,0.3425539451493245,0.29577464788732394,0.6197183098591549,0.08450704225352113,-1.0,-1.075157894736842,1.4334959699001153,-1.7508749999999726,-1.307179320679324,-1.075157894736842,1.536355297157617,1.945225528317836,1.7110664204438781,-1.3511092381962513,0.08483380040672439
